date,open,high,low,close,volume,hold,settle,contract,expiry,expiry_source
2022-07-22,7050.0,7085.2,6857.0,6956.6,22153,17517,0.0,IM2208,2022-08-19,contract_code_cffex_rule
2022-07-25,6974.2,7015.8,6850.0,6878.6,22883,18747,0.0,IM2208,2022-08-19,contract_code_cffex_rule
2022-07-26,6898.0,6994.0,6844.8,6991.0,19269,20386,0.0,IM2208,2022-08-19,contract_code_cffex_rule
2022-07-27,6982.0,7074.4,6965.2,7066.2,19290,21390,0.0,IM2208,2022-08-19,contract_code_cffex_rule
2022-07-28,7110.0,7171.4,7072.4,7119.0,22464,24584,0.0,IM2208,2022-08-19,contract_code_cffex_rule
2022-07-29,7130.0,7152.0,7068.0,7087.0,25025,25557,0.0,IM2208,2022-08-19,contract_code_cffex_rule
2022-08-01,7070.2,7141.0,7004.4,7136.6,22084,24149,0.0,IM2208,2022-08-19,contract_code_cffex_rule
2022-08-02,7070.0,7075.0,6820.4,6948.2,37753,31769,0.0,IM2208,2022-08-19,contract_code_cffex_rule
2022-08-03,6990.0,7062.0,6860.8,6882.8,32325,29243,0.0,IM2208,2022-08-19,contract_code_cffex_rule
2022-08-04,6933.0,6942.8,6778.2,6890.8,35394,30899,0.0,IM2208,2022-08-19,contract_code_cffex_rule
2022-08-05,6903.4,7080.8,6903.4,7080.0,31492,28786,0.0,IM2208,2022-08-19,contract_code_cffex_rule
2022-08-08,7060.0,7145.0,7039.6,7132.2,20853,26514,0.0,IM2208,2022-08-19,contract_code_cffex_rule
2022-08-09,7120.0,7164.8,7084.4,7160.6,18871,25359,0.0,IM2208,2022-08-19,contract_code_cffex_rule
2022-08-10,7138.0,7202.0,7130.0,7168.4,21848,26391,0.0,IM2208,2022-08-19,contract_code_cffex_rule
2022-08-11,7201.4,7287.6,7179.6,7284.8,22671,24871,0.0,IM2208,2022-08-19,contract_code_cffex_rule
2022-08-12,7275.0,7306.0,7205.4,7222.4,19678,23573,0.0,IM2208,2022-08-19,contract_code_cffex_rule
2022-08-15,7210.0,7297.6,7206.0,7266.0,20698,23063,0.0,IM2208,2022-08-19,contract_code_cffex_rule
2022-08-16,7275.0,7361.4,7257.2,7311.0,21099,20891,0.0,IM2208,2022-08-19,contract_code_cffex_rule
2022-08-17,7317.0,7346.4,7263.8,7327.6,18274,17086,0.0,IM2208,2022-08-19,contract_code_cffex_rule
2022-08-18,7320.0,7370.4,7303.0,7358.8,14405,10606,0.0,IM2208,2022-08-19,contract_code_cffex_rule
2022-08-19,7350.2,7377.8,7272.4,7277.8,8968,4642,0.0,IM2208,2022-08-19,contract_code_cffex_rule
2022-07-22,6987.0,7043.2,6807.0,6901.2,6710,5858,0.0,IM2209,2022-09-16,contract_code_cffex_rule
2022-07-25,6914.0,6959.2,6790.2,6823.0,6248,6213,0.0,IM2209,2022-09-16,contract_code_cffex_rule
2022-07-26,6833.2,6937.8,6793.0,6937.0,6357,7765,0.0,IM2209,2022-09-16,contract_code_cffex_rule
2022-07-27,6910.0,7021.4,6910.0,7015.0,5374,7206,0.0,IM2209,2022-09-16,contract_code_cffex_rule
2022-07-28,7068.8,7126.4,7023.4,7074.0,7766,9682,0.0,IM2209,2022-09-16,contract_code_cffex_rule
2022-07-29,7081.6,7105.8,7027.8,7044.8,9450,11829,0.0,IM2209,2022-09-16,contract_code_cffex_rule
2022-08-01,7032.0,7089.6,6960.2,7087.4,6742,10961,0.0,IM2209,2022-09-16,contract_code_cffex_rule
2022-08-02,7015.2,7015.4,6774.0,6905.0,14493,14621,0.0,IM2209,2022-09-16,contract_code_cffex_rule
2022-08-03,6935.0,7009.6,6816.0,6841.8,12043,15381,0.0,IM2209,2022-09-16,contract_code_cffex_rule
2022-08-04,6891.0,6895.0,6729.0,6843.0,12415,17634,0.0,IM2209,2022-09-16,contract_code_cffex_rule
2022-08-05,6863.8,7028.4,6855.2,7026.6,10251,17740,0.0,IM2209,2022-09-16,contract_code_cffex_rule
2022-08-08,7017.2,7093.0,6987.0,7081.2,8044,17873,0.0,IM2209,2022-09-16,contract_code_cffex_rule
2022-08-09,7068.2,7110.0,7030.6,7106.6,8627,19162,0.0,IM2209,2022-09-16,contract_code_cffex_rule
2022-08-10,7082.6,7144.0,7075.0,7115.0,8796,19935,0.0,IM2209,2022-09-16,contract_code_cffex_rule
2022-08-11,7165.0,7235.0,7126.6,7228.8,9386,21086,0.0,IM2209,2022-09-16,contract_code_cffex_rule
2022-08-12,7233.4,7255.2,7153.6,7170.2,10474,22632,0.0,IM2209,2022-09-16,contract_code_cffex_rule
2022-08-15,7166.6,7248.0,7155.4,7215.8,11935,24576,0.0,IM2209,2022-09-16,contract_code_cffex_rule
2022-08-16,7225.2,7314.0,7208.8,7263.0,13890,27042,0.0,IM2209,2022-09-16,contract_code_cffex_rule
2022-08-17,7267.6,7296.6,7211.2,7278.2,15826,31204,0.0,IM2209,2022-09-16,contract_code_cffex_rule
2022-08-18,7263.4,7333.0,7253.0,7316.6,19946,35348,0.0,IM2209,2022-09-16,contract_code_cffex_rule
2022-08-19,7319.0,7337.0,7183.2,7186.4,31515,41807,0.0,IM2209,2022-09-16,contract_code_cffex_rule
2022-08-22,7179.8,7252.8,7119.4,7232.4,27615,41665,0.0,IM2209,2022-09-16,contract_code_cffex_rule
2022-08-23,7224.0,7259.8,7208.6,7253.6,25221,40321,0.0,IM2209,2022-09-16,contract_code_cffex_rule
2022-08-24,7263.0,7277.0,6951.4,6969.8,43723,45038,0.0,IM2209,2022-09-16,contract_code_cffex_rule
2022-08-25,6995.0,6999.0,6865.0,6940.4,40047,44392,0.0,IM2209,2022-09-16,contract_code_cffex_rule
2022-08-26,6968.6,7032.0,6886.4,6911.6,34552,44639,0.0,IM2209,2022-09-16,contract_code_cffex_rule
2022-08-29,6810.0,6979.0,6805.0,6950.0,35892,45432,0.0,IM2209,2022-09-16,contract_code_cffex_rule
2022-08-30,6954.2,6965.4,6887.2,6941.0,30897,43960,0.0,IM2209,2022-09-16,contract_code_cffex_rule
2022-08-31,6918.4,6931.8,6699.0,6710.2,47768,48827,0.0,IM2209,2022-09-16,contract_code_cffex_rule
2022-09-01,6720.0,6787.2,6649.8,6682.6,38108,43659,0.0,IM2209,2022-09-16,contract_code_cffex_rule
2022-09-02,6706.4,6773.4,6669.8,6730.2,34760,42659,0.0,IM2209,2022-09-16,contract_code_cffex_rule
2022-09-05,6726.4,6810.8,6691.8,6747.2,30586,38945,0.0,IM2209,2022-09-16,contract_code_cffex_rule
2022-09-06,6770.0,6885.0,6738.0,6879.8,33895,40847,0.0,IM2209,2022-09-16,contract_code_cffex_rule
2022-09-07,6851.0,6954.0,6851.0,6920.2,27172,37445,0.0,IM2209,2022-09-16,contract_code_cffex_rule
2022-09-08,6921.4,6944.8,6864.0,6874.4,24336,36622,0.0,IM2209,2022-09-16,contract_code_cffex_rule
2022-09-09,6893.0,6918.8,6836.2,6913.0,31079,35762,0.0,IM2209,2022-09-16,contract_code_cffex_rule
2022-09-13,6935.2,6957.6,6872.0,6891.4,26519,30839,0.0,IM2209,2022-09-16,contract_code_cffex_rule
2022-09-14,6810.0,6851.0,6784.8,6826.0,27940,26703,0.0,IM2209,2022-09-16,contract_code_cffex_rule
2022-09-15,6855.4,6860.0,6524.4,6596.4,29581,17024,0.0,IM2209,2022-09-16,contract_code_cffex_rule
2022-09-16,6588.0,6629.6,6521.2,6529.4,15795,5210,0.0,IM2209,2022-09-16,contract_code_cffex_rule
2022-08-22,7128.6,7202.8,7070.4,7180.2,896,857,0.0,IM2210,2022-10-21,contract_code_cffex_rule
2022-08-23,7175.0,7205.6,7152.2,7199.6,1486,1497,0.0,IM2210,2022-10-21,contract_code_cffex_rule
2022-08-24,7214.4,7217.8,6900.0,6915.0,2494,2561,0.0,IM2210,2022-10-21,contract_code_cffex_rule
2022-08-25,6943.8,6945.8,6812.0,6888.4,1986,2641,0.0,IM2210,2022-10-21,contract_code_cffex_rule
2022-08-26,6910.2,6974.6,6830.0,6856.2,3253,3850,0.0,IM2210,2022-10-21,contract_code_cffex_rule
2022-08-29,6775.4,6919.2,6748.8,6893.8,2264,3739,0.0,IM2210,2022-10-21,contract_code_cffex_rule
2022-08-30,6893.8,6908.2,6827.4,6884.6,1867,3838,0.0,IM2210,2022-10-21,contract_code_cffex_rule
2022-08-31,6854.6,6876.2,6644.6,6657.0,3466,4992,0.0,IM2210,2022-10-21,contract_code_cffex_rule
2022-09-01,6657.0,6729.0,6596.0,6628.6,4112,6153,0.0,IM2210,2022-10-21,contract_code_cffex_rule
2022-09-02,6643.6,6718.2,6614.2,6676.2,3393,6372,0.0,IM2210,2022-10-21,contract_code_cffex_rule
2022-09-05,6670.6,6758.0,6640.0,6695.2,2760,6537,0.0,IM2210,2022-10-21,contract_code_cffex_rule
2022-09-06,6720.2,6827.8,6683.6,6826.0,3322,6884,0.0,IM2210,2022-10-21,contract_code_cffex_rule
2022-09-07,6790.2,6896.2,6790.2,6863.0,3229,7354,0.0,IM2210,2022-10-21,contract_code_cffex_rule
2022-09-08,6861.8,6889.8,6803.2,6816.2,3498,7743,0.0,IM2210,2022-10-21,contract_code_cffex_rule
2022-09-09,6825.2,6863.8,6778.6,6857.8,6641,9483,0.0,IM2210,2022-10-21,contract_code_cffex_rule
2022-09-13,6863.2,6899.0,6816.4,6836.4,8949,12316,0.0,IM2210,2022-10-21,contract_code_cffex_rule
2022-09-14,6771.4,6793.6,6724.8,6767.0,12267,17725,0.0,IM2210,2022-10-21,contract_code_cffex_rule
2022-09-15,6805.8,6805.8,6445.0,6518.6,34741,35231,0.0,IM2210,2022-10-21,contract_code_cffex_rule
2022-09-16,6500.0,6557.8,6369.2,6383.2,42595,42941,0.0,IM2210,2022-10-21,contract_code_cffex_rule
2022-09-19,6373.0,6428.2,6257.0,6298.2,41542,44209,0.0,IM2210,2022-10-21,contract_code_cffex_rule
2022-09-20,6361.0,6464.8,6343.0,6388.8,37253,42171,0.0,IM2210,2022-10-21,contract_code_cffex_rule
2022-09-21,6368.0,6447.6,6303.0,6412.6,39329,43368,0.0,IM2210,2022-10-21,contract_code_cffex_rule
2022-09-22,6373.4,6506.8,6368.0,6435.8,40306,41743,0.0,IM2210,2022-10-21,contract_code_cffex_rule
2022-09-23,6437.0,6458.8,6246.0,6323.4,55619,47752,0.0,IM2210,2022-10-21,contract_code_cffex_rule
2022-09-26,6288.0,6391.0,6251.2,6255.0,41247,43783,0.0,IM2210,2022-10-21,contract_code_cffex_rule
2022-09-27,6289.0,6405.0,6270.8,6398.8,41677,42452,0.0,IM2210,2022-10-21,contract_code_cffex_rule
2022-09-28,6380.2,6393.2,6201.2,6202.6,48495,46383,0.0,IM2210,2022-10-21,contract_code_cffex_rule
2022-09-29,6275.0,6308.0,6180.2,6232.4,44555,44324,0.0,IM2210,2022-10-21,contract_code_cffex_rule
2022-09-30,6242.0,6247.4,6098.2,6103.0,42514,42279,0.0,IM2210,2022-10-21,contract_code_cffex_rule
2022-10-10,6121.6,6142.8,5941.4,5976.0,35148,40822,0.0,IM2210,2022-10-21,contract_code_cffex_rule
2022-10-11,5990.0,6030.0,5935.0,5994.2,35293,41560,0.0,IM2210,2022-10-21,contract_code_cffex_rule
2022-10-12,5985.6,6182.4,5895.2,6169.2,51182,42940,0.0,IM2210,2022-10-21,contract_code_cffex_rule
2022-10-13,6147.6,6305.0,6142.2,6242.4,39115,39171,0.0,IM2210,2022-10-21,contract_code_cffex_rule
2022-10-14,6300.0,6437.4,6273.2,6418.0,39202,36866,0.0,IM2210,2022-10-21,contract_code_cffex_rule
2022-10-17,6400.0,6487.4,6396.8,6448.0,31880,33532,0.0,IM2210,2022-10-21,contract_code_cffex_rule
2022-10-18,6466.0,6547.8,6432.4,6497.2,30270,29775,0.0,IM2210,2022-10-21,contract_code_cffex_rule
2022-10-19,6477.0,6545.0,6452.4,6462.4,29061,23707,0.0,IM2210,2022-10-21,contract_code_cffex_rule
2022-10-20,6435.2,6543.8,6328.6,6445.8,28712,16423,0.0,IM2210,2022-10-21,contract_code_cffex_rule
2022-10-21,6431.2,6490.4,6389.8,6440.0,13513,5629,0.0,IM2210,2022-10-21,contract_code_cffex_rule
2022-09-19,6326.4,6374.8,6200.0,6236.8,1069,1026,0.0,IM2211,2022-11-18,contract_code_cffex_rule
2022-09-20,6267.2,6398.0,6267.2,6323.8,1211,1337,0.0,IM2211,2022-11-18,contract_code_cffex_rule
2022-09-21,6308.2,6381.2,6240.2,6345.2,1061,1365,0.0,IM2211,2022-11-18,contract_code_cffex_rule
2022-09-22,6306.0,6443.2,6305.4,6377.0,1326,1641,0.0,IM2211,2022-11-18,contract_code_cffex_rule
2022-09-23,6374.4,6398.4,6190.0,6271.8,2677,2781,0.0,IM2211,2022-11-18,contract_code_cffex_rule
2022-09-26,6236.8,6337.6,6180.8,6205.0,2231,2771,0.0,IM2211,2022-11-18,contract_code_cffex_rule
2022-09-27,6229.0,6355.0,6225.0,6350.2,2616,3524,0.0,IM2211,2022-11-18,contract_code_cffex_rule
2022-09-28,6331.6,6342.6,6162.2,6162.4,3514,4010,0.0,IM2211,2022-11-18,contract_code_cffex_rule
2022-09-29,6217.8,6262.6,6134.0,6190.6,2862,4354,0.0,IM2211,2022-11-18,contract_code_cffex_rule
2022-09-30,6198.2,6205.0,6051.8,6065.2,2932,4202,0.0,IM2211,2022-11-18,contract_code_cffex_rule
2022-10-10,6079.0,6098.0,5898.8,5929.2,2717,4786,0.0,IM2211,2022-11-18,contract_code_cffex_rule
2022-10-11,5936.8,5985.6,5891.8,5946.6,3870,5697,0.0,IM2211,2022-11-18,contract_code_cffex_rule
2022-10-12,5959.6,6132.0,5843.4,6129.0,6379,7488,0.0,IM2211,2022-11-18,contract_code_cffex_rule
2022-10-13,6090.0,6253.8,6090.0,6191.0,6203,8010,0.0,IM2211,2022-11-18,contract_code_cffex_rule
2022-10-14,6243.6,6390.8,6229.6,6373.2,6601,8843,0.0,IM2211,2022-11-18,contract_code_cffex_rule
2022-10-17,6333.2,6438.6,6333.2,6400.0,7742,10734,0.0,IM2211,2022-11-18,contract_code_cffex_rule
2022-10-18,6426.0,6499.0,6385.0,6447.4,10139,13697,0.0,IM2211,2022-11-18,contract_code_cffex_rule
2022-10-19,6442.8,6496.0,6401.0,6409.4,15380,18793,0.0,IM2211,2022-11-18,contract_code_cffex_rule
2022-10-20,6386.6,6477.0,6249.6,6366.0,37125,34694,0.0,IM2211,2022-11-18,contract_code_cffex_rule
2022-10-21,6376.0,6424.8,6315.0,6377.4,36648,37244,0.0,IM2211,2022-11-18,contract_code_cffex_rule
2022-10-24,6370.0,6554.4,6267.0,6360.0,52094,42297,0.0,IM2211,2022-11-18,contract_code_cffex_rule
2022-10-25,6340.0,6389.0,6212.4,6340.8,51852,43255,0.0,IM2211,2022-11-18,contract_code_cffex_rule
2022-10-26,6348.2,6578.0,6336.2,6500.6,59542,46450,0.0,IM2211,2022-11-18,contract_code_cffex_rule
2022-10-27,6534.2,6560.0,6453.0,6473.0,42741,44611,0.0,IM2211,2022-11-18,contract_code_cffex_rule
2022-10-28,6426.2,6462.6,6202.0,6224.2,51221,49201,0.0,IM2211,2022-11-18,contract_code_cffex_rule
2022-10-31,6203.0,6360.0,6185.4,6286.6,48429,45610,0.0,IM2211,2022-11-18,contract_code_cffex_rule
2022-11-01,6317.0,6471.0,6271.4,6471.0,50479,47333,0.0,IM2211,2022-11-18,contract_code_cffex_rule
2022-11-02,6459.0,6561.8,6447.0,6532.0,35874,42370,0.0,IM2211,2022-11-18,contract_code_cffex_rule
2022-11-03,6493.0,6589.0,6493.0,6563.4,33815,44664,0.0,IM2211,2022-11-18,contract_code_cffex_rule
2022-11-04,6588.0,6750.8,6564.2,6746.6,43107,45654,0.0,IM2211,2022-11-18,contract_code_cffex_rule
2022-11-07,6731.4,6777.0,6661.0,6711.8,37120,44441,0.0,IM2211,2022-11-18,contract_code_cffex_rule
2022-11-08,6045.4,6717.8,6045.4,6707.6,28811,41036,0.0,IM2211,2022-11-18,contract_code_cffex_rule
2022-11-09,6700.4,6748.0,6660.0,6674.8,29093,41426,0.0,IM2211,2022-11-18,contract_code_cffex_rule
2022-11-10,6638.0,6667.0,6584.0,6616.0,33758,39501,0.0,IM2211,2022-11-18,contract_code_cffex_rule
2022-11-11,6800.0,6811.6,6641.8,6645.0,45127,41806,0.0,IM2211,2022-11-18,contract_code_cffex_rule
2022-11-14,6668.0,6714.0,6565.6,6592.2,36933,35029,0.0,IM2211,2022-11-18,contract_code_cffex_rule
2022-11-15,6595.0,6753.2,6582.6,6753.0,33028,29552,0.0,IM2211,2022-11-18,contract_code_cffex_rule
2022-11-16,6747.8,6774.6,6691.6,6698.2,23921,20940,0.0,IM2211,2022-11-18,contract_code_cffex_rule
2022-11-17,6682.4,6722.0,6634.0,6715.2,20540,13082,0.0,IM2211,2022-11-18,contract_code_cffex_rule
2022-11-18,6740.2,6760.6,6698.0,6699.4,11336,4205,0.0,IM2211,2022-11-18,contract_code_cffex_rule
2022-07-22,6895.8,6946.8,6667.6,6737.0,3921,3613,0.0,IM2212,2022-12-16,contract_code_cffex_rule
2022-07-25,6737.4,6799.4,6640.6,6670.0,2763,3461,0.0,IM2212,2022-12-16,contract_code_cffex_rule
2022-07-26,6670.0,6780.0,6638.6,6777.2,2658,4210,0.0,IM2212,2022-12-16,contract_code_cffex_rule
2022-07-27,6767.8,6864.6,6753.0,6856.6,2693,4272,0.0,IM2212,2022-12-16,contract_code_cffex_rule
2022-07-28,6905.2,6970.0,6871.6,6923.0,3256,5135,0.0,IM2212,2022-12-16,contract_code_cffex_rule
2022-07-29,6938.4,6959.2,6879.4,6891.8,3417,5281,0.0,IM2212,2022-12-16,contract_code_cffex_rule
2022-08-01,6882.0,6935.8,6807.4,6930.0,2555,5512,0.0,IM2212,2022-12-16,contract_code_cffex_rule
2022-08-02,6873.8,6873.8,6617.8,6767.0,4260,6575,0.0,IM2212,2022-12-16,contract_code_cffex_rule
2022-08-03,6781.4,6859.2,6665.0,6688.8,3379,6786,0.0,IM2212,2022-12-16,contract_code_cffex_rule
2022-08-04,6732.2,6750.0,6570.6,6687.6,4490,7457,0.0,IM2212,2022-12-16,contract_code_cffex_rule
2022-08-05,6701.2,6874.0,6696.0,6872.8,4142,8083,0.0,IM2212,2022-12-16,contract_code_cffex_rule
2022-08-08,6868.4,6938.4,6832.0,6922.0,3166,8091,0.0,IM2212,2022-12-16,contract_code_cffex_rule
2022-08-09,6912.4,6945.6,6867.0,6940.4,3152,8524,0.0,IM2212,2022-12-16,contract_code_cffex_rule
2022-08-10,6925.2,6979.6,6913.4,6950.8,2645,8717,0.0,IM2212,2022-12-16,contract_code_cffex_rule
2022-08-11,6993.2,7074.8,6967.2,7069.2,3823,9406,0.0,IM2212,2022-12-16,contract_code_cffex_rule
2022-08-12,7069.0,7093.0,6999.2,7014.2,4096,10216,0.0,IM2212,2022-12-16,contract_code_cffex_rule
2022-08-15,6998.8,7091.0,6993.0,7058.2,2966,10492,0.0,IM2212,2022-12-16,contract_code_cffex_rule
2022-08-16,7069.2,7155.8,7055.4,7103.2,3436,11015,0.0,IM2212,2022-12-16,contract_code_cffex_rule
2022-08-17,7107.2,7139.8,7060.6,7127.2,3578,11506,0.0,IM2212,2022-12-16,contract_code_cffex_rule
2022-08-18,7115.0,7170.6,7103.0,7161.6,4102,12669,0.0,IM2212,2022-12-16,contract_code_cffex_rule
2022-08-19,7170.6,7186.4,7036.0,7036.2,6978,15606,0.0,IM2212,2022-12-16,contract_code_cffex_rule
2022-08-22,7023.2,7102.6,6971.8,7079.0,5427,15775,0.0,IM2212,2022-12-16,contract_code_cffex_rule
2022-08-23,7078.4,7106.2,7053.0,7093.0,5966,16264,0.0,IM2212,2022-12-16,contract_code_cffex_rule
2022-08-24,7098.0,7102.6,6791.6,6805.0,10713,17715,0.0,IM2212,2022-12-16,contract_code_cffex_rule
2022-08-25,6828.2,6834.6,6703.6,6775.2,8936,17250,0.0,IM2212,2022-12-16,contract_code_cffex_rule
2022-08-26,6787.2,6867.8,6723.4,6747.8,6103,17399,0.0,IM2212,2022-12-16,contract_code_cffex_rule
2022-08-29,6664.4,6813.8,6645.0,6787.0,5974,17822,0.0,IM2212,2022-12-16,contract_code_cffex_rule
2022-08-30,6787.0,6799.0,6716.0,6774.0,6151,18051,0.0,IM2212,2022-12-16,contract_code_cffex_rule
2022-08-31,6754.2,6768.4,6536.0,6549.8,9087,18944,0.0,IM2212,2022-12-16,contract_code_cffex_rule
2022-09-01,6553.0,6622.6,6486.0,6520.2,6539,18221,0.0,IM2212,2022-12-16,contract_code_cffex_rule
2022-09-02,6538.0,6610.0,6510.4,6566.0,7329,18569,0.0,IM2212,2022-12-16,contract_code_cffex_rule
2022-09-05,6566.0,6653.0,6531.2,6589.4,5168,17802,0.0,IM2212,2022-12-16,contract_code_cffex_rule
2022-09-06,6607.8,6726.0,6578.4,6722.4,6813,18634,0.0,IM2212,2022-12-16,contract_code_cffex_rule
2022-09-07,6699.8,6794.0,6690.2,6760.0,5457,17966,0.0,IM2212,2022-12-16,contract_code_cffex_rule
2022-09-08,6777.0,6786.8,6701.4,6712.4,5240,18533,0.0,IM2212,2022-12-16,contract_code_cffex_rule
2022-09-09,6720.0,6764.8,6680.0,6761.0,7212,19114,0.0,IM2212,2022-12-16,contract_code_cffex_rule
2022-09-13,6767.0,6800.0,6715.8,6732.0,8079,20044,0.0,IM2212,2022-12-16,contract_code_cffex_rule
2022-09-14,6634.4,6699.8,6624.6,6663.0,8185,20778,0.0,IM2212,2022-12-16,contract_code_cffex_rule
2022-09-15,6683.0,6699.0,6331.2,6410.0,19295,25046,0.0,IM2212,2022-12-16,contract_code_cffex_rule
2022-09-16,6395.2,6446.0,6260.4,6273.0,15318,23140,0.0,IM2212,2022-12-16,contract_code_cffex_rule
2022-09-19,6275.2,6319.8,6138.2,6177.8,14669,26354,0.0,IM2212,2022-12-16,contract_code_cffex_rule
2022-09-20,6225.0,6333.0,6223.0,6259.2,13900,26469,0.0,IM2212,2022-12-16,contract_code_cffex_rule
2022-09-21,6242.4,6319.6,6176.8,6283.2,11484,27033,0.0,IM2212,2022-12-16,contract_code_cffex_rule
2022-09-22,6238.0,6382.4,6238.0,6321.4,12578,26736,0.0,IM2212,2022-12-16,contract_code_cffex_rule
2022-09-23,6322.8,6343.6,6134.2,6222.6,15485,27600,0.0,IM2212,2022-12-16,contract_code_cffex_rule
2022-09-26,6191.6,6294.0,6157.0,6159.0,11294,26459,0.0,IM2212,2022-12-16,contract_code_cffex_rule
2022-09-27,6185.2,6305.0,6177.8,6300.0,12226,28420,0.0,IM2212,2022-12-16,contract_code_cffex_rule
2022-09-28,6285.4,6298.0,6120.0,6122.0,16172,31133,0.0,IM2212,2022-12-16,contract_code_cffex_rule
2022-09-29,6192.0,6219.6,6090.0,6149.2,15568,29412,0.0,IM2212,2022-12-16,contract_code_cffex_rule
2022-09-30,6150.2,6163.4,6003.8,6021.0,13626,28697,0.0,IM2212,2022-12-16,contract_code_cffex_rule
2022-10-10,6038.0,6053.0,5852.0,5885.0,11057,28827,0.0,IM2212,2022-12-16,contract_code_cffex_rule
2022-10-11,5882.0,5937.2,5845.2,5900.6,11556,29930,0.0,IM2212,2022-12-16,contract_code_cffex_rule
2022-10-12,5908.0,6080.0,5795.0,6074.0,19327,32354,0.0,IM2212,2022-12-16,contract_code_cffex_rule
2022-10-13,6052.2,6210.0,6036.4,6147.8,17573,32708,0.0,IM2212,2022-12-16,contract_code_cffex_rule
2022-10-14,6208.0,6345.0,6182.0,6326.6,15478,31059,0.0,IM2212,2022-12-16,contract_code_cffex_rule
2022-10-17,6304.8,6390.2,6295.2,6360.4,13367,32539,0.0,IM2212,2022-12-16,contract_code_cffex_rule
2022-10-18,6385.0,6445.8,6338.8,6395.4,13761,32335,0.0,IM2212,2022-12-16,contract_code_cffex_rule
2022-10-19,6383.0,6445.0,6350.0,6363.0,12854,32522,0.0,IM2212,2022-12-16,contract_code_cffex_rule
2022-10-20,6338.0,6413.8,6197.2,6310.4,27868,37069,0.0,IM2212,2022-12-16,contract_code_cffex_rule
2022-10-21,6314.8,6369.0,6261.4,6322.6,15557,34041,0.0,IM2212,2022-12-16,contract_code_cffex_rule
2022-10-24,6323.0,6500.0,6215.2,6308.8,23834,36485,0.0,IM2212,2022-12-16,contract_code_cffex_rule
2022-10-25,6283.0,6342.6,6170.0,6300.2,21318,34255,0.0,IM2212,2022-12-16,contract_code_cffex_rule
2022-10-26,6311.2,6538.8,6295.0,6465.2,26962,39492,0.0,IM2212,2022-12-16,contract_code_cffex_rule
2022-10-27,6475.6,6521.2,6425.2,6442.2,20289,37699,0.0,IM2212,2022-12-16,contract_code_cffex_rule
2022-10-28,6408.0,6434.8,6175.0,6198.4,25677,42536,0.0,IM2212,2022-12-16,contract_code_cffex_rule
2022-10-31,6170.0,6320.0,6150.0,6250.0,21725,37316,0.0,IM2212,2022-12-16,contract_code_cffex_rule
2022-11-01,6274.0,6436.0,6235.2,6434.2,22492,38794,0.0,IM2212,2022-12-16,contract_code_cffex_rule
2022-11-02,6420.0,6527.0,6411.2,6502.6,18162,37311,0.0,IM2212,2022-12-16,contract_code_cffex_rule
2022-11-03,6470.8,6555.0,6462.2,6532.4,14313,37384,0.0,IM2212,2022-12-16,contract_code_cffex_rule
2022-11-04,6530.0,6721.0,6530.0,6717.0,19316,39515,0.0,IM2212,2022-12-16,contract_code_cffex_rule
2022-11-07,6710.0,6748.8,6636.0,6686.6,14637,38590,0.0,IM2212,2022-12-16,contract_code_cffex_rule
2022-11-08,6690.0,6693.0,6633.2,6681.0,13534,38809,0.0,IM2212,2022-12-16,contract_code_cffex_rule
2022-11-09,6682.2,6726.2,6639.2,6658.2,12586,38659,0.0,IM2212,2022-12-16,contract_code_cffex_rule
2022-11-10,6628.8,6648.4,6566.0,6596.2,18134,40530,0.0,IM2212,2022-12-16,contract_code_cffex_rule
2022-11-11,6758.0,6793.2,6625.0,6630.2,23263,40214,0.0,IM2212,2022-12-16,contract_code_cffex_rule
2022-11-14,6630.2,6693.4,6542.8,6578.0,23270,44826,0.0,IM2212,2022-12-16,contract_code_cffex_rule
2022-11-15,6582.0,6742.8,6565.4,6742.8,25263,44857,0.0,IM2212,2022-12-16,contract_code_cffex_rule
2022-11-16,6737.8,6765.4,6674.0,6684.2,21858,49117,0.0,IM2212,2022-12-16,contract_code_cffex_rule
2022-11-17,6673.8,6709.8,6615.6,6707.0,31632,57387,0.0,IM2212,2022-12-16,contract_code_cffex_rule
2022-11-18,6700.6,6760.0,6631.4,6646.4,41232,65843,0.0,IM2212,2022-12-16,contract_code_cffex_rule
2022-11-21,6606.2,6695.8,6581.2,6685.0,39569,63153,0.0,IM2212,2022-12-16,contract_code_cffex_rule
2022-11-22,6674.0,6686.8,6514.4,6557.2,51946,65524,0.0,IM2212,2022-12-16,contract_code_cffex_rule
2022-11-23,6563.0,6584.0,6422.2,6553.4,49857,62214,0.0,IM2212,2022-12-16,contract_code_cffex_rule
2022-11-24,6570.0,6595.6,6520.4,6559.2,38327,59758,0.0,IM2212,2022-12-16,contract_code_cffex_rule
2022-11-25,6545.2,6553.8,6485.8,6497.0,35966,59535,0.0,IM2212,2022-12-16,contract_code_cffex_rule
2022-11-28,6424.2,6500.6,6371.4,6492.0,42689,59330,0.0,IM2212,2022-12-16,contract_code_cffex_rule
2022-11-29,6502.0,6632.8,6501.0,6597.0,41900,58558,0.0,IM2212,2022-12-16,contract_code_cffex_rule
2022-11-30,6600.2,6623.0,6555.4,6582.8,31915,56213,0.0,IM2212,2022-12-16,contract_code_cffex_rule
2022-12-01,6656.0,6713.8,6637.8,6662.0,34834,55105,0.0,IM2212,2022-12-16,contract_code_cffex_rule
2022-12-02,6662.2,6747.0,6651.2,6681.8,30017,53280,0.0,IM2212,2022-12-16,contract_code_cffex_rule
2022-12-05,6729.0,6736.0,6673.0,6703.0,34433,53712,0.0,IM2212,2022-12-16,contract_code_cffex_rule
2022-12-06,6690.2,6747.0,6657.0,6697.8,35502,53057,0.0,IM2212,2022-12-16,contract_code_cffex_rule
2022-12-07,6689.8,6739.0,6671.6,6695.2,31060,50646,0.0,IM2212,2022-12-16,contract_code_cffex_rule
2022-12-08,6701.4,6701.4,6633.8,6663.8,29056,46919,0.0,IM2212,2022-12-16,contract_code_cffex_rule
2022-12-09,6666.0,6699.6,6613.2,6684.8,34377,48640,0.0,IM2212,2022-12-16,contract_code_cffex_rule
2022-12-12,6678.0,6691.6,6614.0,6654.6,36779,40334,0.0,IM2212,2022-12-16,contract_code_cffex_rule
2022-12-13,6659.8,6659.8,6590.6,6604.8,27158,36462,0.0,IM2212,2022-12-16,contract_code_cffex_rule
2022-12-14,6615.0,6638.4,6551.4,6573.6,30053,27501,0.0,IM2212,2022-12-16,contract_code_cffex_rule
2022-12-15,6564.8,6618.4,6547.6,6600.6,23979,15696,0.0,IM2212,2022-12-16,contract_code_cffex_rule
2022-12-16,6581.0,6597.8,6509.8,6515.0,14369,6155,0.0,IM2212,2022-12-16,contract_code_cffex_rule
2022-11-21,6600.2,6677.8,6575.6,6671.6,1077,970,0.0,IM2301,2023-01-20,contract_code_cffex_rule
2022-11-22,6671.4,6672.6,6488.4,6535.6,1714,1553,0.0,IM2301,2023-01-20,contract_code_cffex_rule
2022-11-23,6530.2,6554.0,6396.2,6528.2,2500,2323,0.0,IM2301,2023-01-20,contract_code_cffex_rule
2022-11-24,6542.4,6570.0,6498.6,6536.2,2338,2758,0.0,IM2301,2023-01-20,contract_code_cffex_rule
2022-11-25,6522.8,6529.0,6460.4,6472.8,2376,3075,0.0,IM2301,2023-01-20,contract_code_cffex_rule
2022-11-28,6352.6,6473.0,6345.0,6466.8,2814,3679,0.0,IM2301,2023-01-20,contract_code_cffex_rule
2022-11-29,6478.8,6606.8,6475.0,6575.2,2773,4125,0.0,IM2301,2023-01-20,contract_code_cffex_rule
2022-11-30,6573.2,6597.2,6529.8,6556.4,2140,4244,0.0,IM2301,2023-01-20,contract_code_cffex_rule
2022-12-01,6625.2,6686.8,6613.2,6640.2,2654,4870,0.0,IM2301,2023-01-20,contract_code_cffex_rule
2022-12-02,6625.0,6726.0,6625.0,6661.0,2899,5311,0.0,IM2301,2023-01-20,contract_code_cffex_rule
2022-12-05,6716.0,6720.6,6653.4,6683.2,3761,5977,0.0,IM2301,2023-01-20,contract_code_cffex_rule
2022-12-06,6662.6,6723.6,6640.0,6673.4,4296,6790,0.0,IM2301,2023-01-20,contract_code_cffex_rule
2022-12-07,6667.4,6715.0,6648.8,6668.8,5236,7912,0.0,IM2301,2023-01-20,contract_code_cffex_rule
2022-12-08,6663.4,6671.8,6608.0,6634.0,3856,8580,0.0,IM2301,2023-01-20,contract_code_cffex_rule
2022-12-09,6645.0,6673.0,6586.2,6649.8,4914,9927,0.0,IM2301,2023-01-20,contract_code_cffex_rule
2022-12-12,6645.0,6663.4,6584.8,6632.0,9541,14998,0.0,IM2301,2023-01-20,contract_code_cffex_rule
2022-12-13,6640.6,6640.6,6566.0,6580.0,7516,17605,0.0,IM2301,2023-01-20,contract_code_cffex_rule
2022-12-14,6585.2,6613.4,6520.6,6539.0,16470,26196,0.0,IM2301,2023-01-20,contract_code_cffex_rule
2022-12-15,6534.6,6586.0,6511.2,6567.0,21988,34046,0.0,IM2301,2023-01-20,contract_code_cffex_rule
2022-12-16,6549.4,6565.6,6478.2,6531.8,30237,44714,0.0,IM2301,2023-01-20,contract_code_cffex_rule
2022-12-19,6524.0,6553.6,6377.2,6417.0,31461,44445,0.0,IM2301,2023-01-20,contract_code_cffex_rule
2022-12-20,6403.0,6418.6,6337.6,6350.4,31960,47112,0.0,IM2301,2023-01-20,contract_code_cffex_rule
2022-12-21,6356.0,6369.8,6248.8,6302.2,30254,46197,0.0,IM2301,2023-01-20,contract_code_cffex_rule
2022-12-22,6327.8,6333.6,6171.2,6206.0,32221,50546,0.0,IM2301,2023-01-20,contract_code_cffex_rule
2022-12-23,6182.0,6232.2,6130.4,6165.2,34624,49302,0.0,IM2301,2023-01-20,contract_code_cffex_rule
2022-12-26,6172.2,6305.4,6170.2,6285.2,33311,49953,0.0,IM2301,2023-01-20,contract_code_cffex_rule
2022-12-27,6305.0,6339.0,6265.4,6336.2,26878,46652,0.0,IM2301,2023-01-20,contract_code_cffex_rule
2022-12-28,6310.0,6318.4,6263.8,6293.4,22558,45214,0.0,IM2301,2023-01-20,contract_code_cffex_rule
2022-12-29,6279.8,6334.8,6260.8,6269.2,27458,46782,0.0,IM2301,2023-01-20,contract_code_cffex_rule
2022-12-30,6290.2,6304.0,6261.0,6285.8,21902,44071,0.0,IM2301,2023-01-20,contract_code_cffex_rule
2023-01-03,6280.0,6442.8,6276.0,6420.0,29613,46448,0.0,IM2301,2023-01-20,contract_code_cffex_rule
2023-01-04,6420.0,6439.0,6375.0,6414.4,22569,42870,0.0,IM2301,2023-01-20,contract_code_cffex_rule
2023-01-05,6433.8,6494.0,6408.2,6490.4,24379,42369,0.0,IM2301,2023-01-20,contract_code_cffex_rule
2023-01-06,6487.2,6543.6,6478.2,6505.2,23789,42744,0.0,IM2301,2023-01-20,contract_code_cffex_rule
2023-01-09,6518.2,6571.0,6513.0,6518.2,21905,41037,0.0,IM2301,2023-01-20,contract_code_cffex_rule
2023-01-10,6527.0,6546.6,6490.2,6532.2,17855,38530,0.0,IM2301,2023-01-20,contract_code_cffex_rule
2023-01-11,6539.0,6562.4,6481.0,6494.4,22001,38986,0.0,IM2301,2023-01-20,contract_code_cffex_rule
2023-01-12,6500.0,6541.6,6473.8,6492.0,24588,36807,0.0,IM2301,2023-01-20,contract_code_cffex_rule
2023-01-13,6509.8,6551.8,6481.2,6542.4,24189,33813,0.0,IM2301,2023-01-20,contract_code_cffex_rule
2023-01-16,6540.0,6658.8,6539.8,6597.4,31794,31869,0.0,IM2301,2023-01-20,contract_code_cffex_rule
2023-01-17,6606.0,6646.6,6592.6,6608.2,19735,26573,0.0,IM2301,2023-01-20,contract_code_cffex_rule
2023-01-18,6620.8,6653.8,6611.4,6621.2,18132,20699,0.0,IM2301,2023-01-20,contract_code_cffex_rule
2023-01-19,6607.8,6692.8,6587.4,6687.4,16681,13167,0.0,IM2301,2023-01-20,contract_code_cffex_rule
2023-01-20,6690.0,6745.8,6688.0,6728.2,9527,5503,0.0,IM2301,2023-01-20,contract_code_cffex_rule
2022-12-19,6506.8,6526.0,6356.2,6392.4,1121,1074,0.0,IM2302,2023-02-17,contract_code_cffex_rule
2022-12-20,6378.6,6393.0,6315.0,6330.6,1111,909,0.0,IM2302,2023-02-17,contract_code_cffex_rule
2022-12-21,6330.4,6347.8,6230.2,6288.8,1346,1583,0.0,IM2302,2023-02-17,contract_code_cffex_rule
2022-12-22,6311.8,6315.8,6155.0,6195.0,2237,2321,0.0,IM2302,2023-02-17,contract_code_cffex_rule
2022-12-23,6163.8,6212.4,6115.4,6146.6,1486,2534,0.0,IM2302,2023-02-17,contract_code_cffex_rule
2022-12-26,6150.0,6288.0,6150.0,6268.8,1695,2719,0.0,IM2302,2023-02-17,contract_code_cffex_rule
2022-12-27,6285.6,6319.6,6248.4,6319.2,1705,3066,0.0,IM2302,2023-02-17,contract_code_cffex_rule
2022-12-28,6302.8,6302.8,6248.0,6278.2,1800,3641,0.0,IM2302,2023-02-17,contract_code_cffex_rule
2022-12-29,6259.4,6316.8,6245.0,6257.6,1873,4065,0.0,IM2302,2023-02-17,contract_code_cffex_rule
2022-12-30,6287.0,6287.0,6248.2,6274.0,1601,4304,0.0,IM2302,2023-02-17,contract_code_cffex_rule
2023-01-03,6269.2,6420.0,6260.8,6397.0,2656,5364,0.0,IM2302,2023-02-17,contract_code_cffex_rule
2023-01-04,6396.0,6419.0,6351.6,6389.8,2549,6053,0.0,IM2302,2023-02-17,contract_code_cffex_rule
2023-01-05,6408.2,6469.0,6386.2,6464.6,2913,6966,0.0,IM2302,2023-02-17,contract_code_cffex_rule
2023-01-06,6458.6,6515.8,6452.4,6483.4,2033,7082,0.0,IM2302,2023-02-17,contract_code_cffex_rule
2023-01-09,6517.8,6544.6,6490.2,6493.0,2020,7423,0.0,IM2302,2023-02-17,contract_code_cffex_rule
2023-01-10,6495.4,6521.4,6467.0,6512.6,1957,7952,0.0,IM2302,2023-02-17,contract_code_cffex_rule
2023-01-11,6512.6,6534.8,6457.8,6472.4,2840,8847,0.0,IM2302,2023-02-17,contract_code_cffex_rule
2023-01-12,6492.2,6518.0,6454.8,6475.6,4538,10385,0.0,IM2302,2023-02-17,contract_code_cffex_rule
2023-01-13,6499.8,6534.8,6467.4,6534.0,4207,11435,0.0,IM2302,2023-02-17,contract_code_cffex_rule
2023-01-16,6533.0,6655.2,6532.6,6593.4,7710,14685,0.0,IM2302,2023-02-17,contract_code_cffex_rule
2023-01-17,6598.6,6646.2,6594.6,6608.6,7193,16921,0.0,IM2302,2023-02-17,contract_code_cffex_rule
2023-01-18,6637.0,6663.6,6615.6,6637.8,10035,21492,0.0,IM2302,2023-02-17,contract_code_cffex_rule
2023-01-19,6627.8,6718.2,6604.0,6717.0,19184,30558,0.0,IM2302,2023-02-17,contract_code_cffex_rule
2023-01-20,6736.2,6777.6,6717.4,6777.6,23193,37954,0.0,IM2302,2023-02-17,contract_code_cffex_rule
2023-01-30,6881.2,6888.0,6791.0,6792.8,27391,40518,0.0,IM2302,2023-02-17,contract_code_cffex_rule
2023-01-31,6796.2,6848.0,6775.6,6818.0,23191,39733,0.0,IM2302,2023-02-17,contract_code_cffex_rule
2023-02-01,6831.0,6923.0,6822.2,6922.6,26743,41219,0.0,IM2302,2023-02-17,contract_code_cffex_rule
2023-02-02,6932.6,6983.4,6911.8,6928.0,28541,39990,0.0,IM2302,2023-02-17,contract_code_cffex_rule
2023-02-03,6910.0,6933.0,6825.0,6920.0,34786,41115,0.0,IM2302,2023-02-17,contract_code_cffex_rule
2023-02-06,6892.2,6924.6,6840.2,6893.6,30107,39194,0.0,IM2302,2023-02-17,contract_code_cffex_rule
2023-02-07,6907.4,6916.0,6840.8,6912.8,31160,40065,0.0,IM2302,2023-02-17,contract_code_cffex_rule
2023-02-08,6905.8,6926.0,6853.0,6865.8,26376,37234,0.0,IM2302,2023-02-17,contract_code_cffex_rule
2023-02-09,6841.0,7023.0,6838.4,7020.8,35972,41161,0.0,IM2302,2023-02-17,contract_code_cffex_rule
2023-02-10,7009.8,7023.8,6911.0,6977.6,34437,37468,0.0,IM2302,2023-02-17,contract_code_cffex_rule
2023-02-13,6968.4,7045.0,6960.2,7039.6,26143,33371,0.0,IM2302,2023-02-17,contract_code_cffex_rule
2023-02-14,7050.6,7065.0,7016.0,7055.6,19802,28634,0.0,IM2302,2023-02-17,contract_code_cffex_rule
2023-02-15,7051.4,7071.8,7025.6,7049.8,20524,23486,0.0,IM2302,2023-02-17,contract_code_cffex_rule
2023-02-16,7042.0,7099.2,6892.6,6929.4,24242,14963,0.0,IM2302,2023-02-17,contract_code_cffex_rule
2023-02-17,6937.0,6959.0,6868.2,6884.8,11924,5498,0.0,IM2302,2023-02-17,contract_code_cffex_rule
2022-07-22,6800.0,6838.6,6530.0,6588.0,3703,3338,0.0,IM2303,2023-03-17,contract_code_cffex_rule
2022-07-25,6587.0,6660.0,6497.4,6515.0,2829,3644,0.0,IM2303,2023-03-17,contract_code_cffex_rule
2022-07-26,6520.2,6629.2,6487.6,6624.0,1899,3684,0.0,IM2303,2023-03-17,contract_code_cffex_rule
2022-07-27,6609.6,6717.0,6601.2,6715.0,1124,3785,0.0,IM2303,2023-03-17,contract_code_cffex_rule
2022-07-28,6750.2,6824.8,6724.4,6787.6,1449,3892,0.0,IM2303,2023-03-17,contract_code_cffex_rule
2022-07-29,6798.0,6819.8,6731.0,6749.0,1392,4053,0.0,IM2303,2023-03-17,contract_code_cffex_rule
2022-08-01,6730.0,6788.2,6657.4,6778.6,1435,4309,0.0,IM2303,2023-03-17,contract_code_cffex_rule
2022-08-02,6702.6,6706.6,6470.0,6612.0,1853,4517,0.0,IM2303,2023-03-17,contract_code_cffex_rule
2022-08-03,6635.0,6715.8,6519.2,6536.8,1829,4919,0.0,IM2303,2023-03-17,contract_code_cffex_rule
2022-08-04,6576.8,6605.0,6427.6,6537.6,1893,5227,0.0,IM2303,2023-03-17,contract_code_cffex_rule
2022-08-05,6560.2,6733.0,6541.4,6730.8,1680,5388,0.0,IM2303,2023-03-17,contract_code_cffex_rule
2022-08-08,6717.8,6789.8,6683.6,6770.0,1241,5574,0.0,IM2303,2023-03-17,contract_code_cffex_rule
2022-08-09,6762.8,6796.2,6718.0,6789.0,1184,5949,0.0,IM2303,2023-03-17,contract_code_cffex_rule
2022-08-10,6765.2,6828.6,6758.8,6796.0,1334,5877,0.0,IM2303,2023-03-17,contract_code_cffex_rule
2022-08-11,6832.0,6922.8,6813.0,6918.2,1836,6525,0.0,IM2303,2023-03-17,contract_code_cffex_rule
2022-08-12,6912.8,6945.0,6850.0,6866.8,1731,6831,0.0,IM2303,2023-03-17,contract_code_cffex_rule
2022-08-15,6843.0,6940.6,6843.0,6909.8,1670,7197,0.0,IM2303,2023-03-17,contract_code_cffex_rule
2022-08-16,6922.6,7005.0,6903.6,6945.0,2684,8067,0.0,IM2303,2023-03-17,contract_code_cffex_rule
2022-08-17,6954.6,6987.0,6905.0,6969.0,1620,7909,0.0,IM2303,2023-03-17,contract_code_cffex_rule
2022-08-18,6946.0,7016.8,6946.0,7010.8,2448,8545,0.0,IM2303,2023-03-17,contract_code_cffex_rule
2022-08-19,7012.2,7033.8,6884.4,6890.0,2291,8473,0.0,IM2303,2023-03-17,contract_code_cffex_rule
2022-08-22,6875.4,6952.2,6823.8,6925.0,1897,8802,0.0,IM2303,2023-03-17,contract_code_cffex_rule
2022-08-23,6925.0,6950.0,6895.2,6930.4,2447,9565,0.0,IM2303,2023-03-17,contract_code_cffex_rule
2022-08-24,6935.4,6944.4,6635.0,6648.8,3650,10663,0.0,IM2303,2023-03-17,contract_code_cffex_rule
2022-08-25,6680.6,6681.6,6545.2,6611.6,3344,11156,0.0,IM2303,2023-03-17,contract_code_cffex_rule
2022-08-26,6621.0,6706.4,6560.0,6584.6,2533,11588,0.0,IM2303,2023-03-17,contract_code_cffex_rule
2022-08-29,6500.0,6648.2,6478.0,6618.0,2222,11678,0.0,IM2303,2023-03-17,contract_code_cffex_rule
2022-08-30,6618.0,6632.6,6551.2,6607.2,2530,12041,0.0,IM2303,2023-03-17,contract_code_cffex_rule
2022-08-31,6580.8,6603.6,6372.2,6385.6,4079,12705,0.0,IM2303,2023-03-17,contract_code_cffex_rule
2022-09-01,6388.0,6458.0,6327.0,6361.0,4150,13250,0.0,IM2303,2023-03-17,contract_code_cffex_rule
2022-09-02,6375.6,6451.0,6354.2,6413.8,3191,12914,0.0,IM2303,2023-03-17,contract_code_cffex_rule
2022-09-05,6360.8,6491.6,6360.8,6432.2,1956,12660,0.0,IM2303,2023-03-17,contract_code_cffex_rule
2022-09-06,6452.0,6572.0,6417.6,6566.8,2194,12635,0.0,IM2303,2023-03-17,contract_code_cffex_rule
2022-09-07,6545.0,6640.0,6536.2,6603.0,2052,12838,0.0,IM2303,2023-03-17,contract_code_cffex_rule
2022-09-08,6597.2,6629.0,6550.0,6557.4,1800,12799,0.0,IM2303,2023-03-17,contract_code_cffex_rule
2022-09-09,6583.6,6612.8,6530.8,6610.6,3141,13485,0.0,IM2303,2023-03-17,contract_code_cffex_rule
2022-09-13,6625.8,6651.6,6568.2,6583.4,2099,12957,0.0,IM2303,2023-03-17,contract_code_cffex_rule
2022-09-14,6505.2,6547.4,6477.2,6509.8,2456,13624,0.0,IM2303,2023-03-17,contract_code_cffex_rule
2022-09-15,6529.8,6542.4,6178.6,6258.6,6730,15002,0.0,IM2303,2023-03-17,contract_code_cffex_rule
2022-09-16,6240.6,6292.6,6122.0,6131.4,6888,16691,0.0,IM2303,2023-03-17,contract_code_cffex_rule
2022-09-19,6125.8,6176.6,5993.0,6024.4,5919,17855,0.0,IM2303,2023-03-17,contract_code_cffex_rule
2022-09-20,6059.0,6180.0,6059.0,6103.8,3575,17543,0.0,IM2303,2023-03-17,contract_code_cffex_rule
2022-09-21,6087.6,6164.2,6024.6,6128.4,3594,17120,0.0,IM2303,2023-03-17,contract_code_cffex_rule
2022-09-22,6090.0,6237.0,6090.0,6185.8,6257,19734,0.0,IM2303,2023-03-17,contract_code_cffex_rule
2022-09-23,6185.8,6208.6,6005.4,6094.4,6837,20671,0.0,IM2303,2023-03-17,contract_code_cffex_rule
2022-09-26,6066.8,6172.4,6030.4,6035.2,4317,20632,0.0,IM2303,2023-03-17,contract_code_cffex_rule
2022-09-27,6055.0,6184.6,6055.0,6178.6,5487,21901,0.0,IM2303,2023-03-17,contract_code_cffex_rule
2022-09-28,6172.0,6183.6,6008.6,6014.2,9102,25457,0.0,IM2303,2023-03-17,contract_code_cffex_rule
2022-09-29,6096.0,6104.4,5976.8,6037.6,5154,24882,0.0,IM2303,2023-03-17,contract_code_cffex_rule
2022-09-30,6020.0,6049.2,5886.6,5893.0,5156,25454,0.0,IM2303,2023-03-17,contract_code_cffex_rule
2022-10-10,5900.0,5923.6,5735.4,5763.8,4111,24949,0.0,IM2303,2023-03-17,contract_code_cffex_rule
2022-10-11,5780.2,5805.6,5721.0,5777.8,5942,24703,0.0,IM2303,2023-03-17,contract_code_cffex_rule
2022-10-12,5779.4,5942.0,5667.0,5935.8,8650,24192,0.0,IM2303,2023-03-17,contract_code_cffex_rule
2022-10-13,5900.6,6078.4,5900.6,6023.2,6210,23543,0.0,IM2303,2023-03-17,contract_code_cffex_rule
2022-10-14,6076.6,6208.2,6052.2,6189.0,5777,23185,0.0,IM2303,2023-03-17,contract_code_cffex_rule
2022-10-17,6170.0,6254.6,6162.8,6220.0,3564,23111,0.0,IM2303,2023-03-17,contract_code_cffex_rule
2022-10-18,6248.2,6305.2,6200.6,6254.0,3643,23098,0.0,IM2303,2023-03-17,contract_code_cffex_rule
2022-10-19,6240.2,6302.6,6205.0,6216.4,5456,23055,0.0,IM2303,2023-03-17,contract_code_cffex_rule
2022-10-20,6188.0,6270.2,6061.6,6175.2,8449,24456,0.0,IM2303,2023-03-17,contract_code_cffex_rule
2022-10-21,6185.4,6227.2,6123.2,6181.0,5051,23612,0.0,IM2303,2023-03-17,contract_code_cffex_rule
2022-10-24,6181.0,6339.6,6071.6,6179.8,10046,24802,0.0,IM2303,2023-03-17,contract_code_cffex_rule
2022-10-25,6146.0,6206.0,6041.8,6168.2,7110,22948,0.0,IM2303,2023-03-17,contract_code_cffex_rule
2022-10-26,6174.0,6390.0,6165.4,6332.0,11810,25588,0.0,IM2303,2023-03-17,contract_code_cffex_rule
2022-10-27,6332.2,6382.0,6308.2,6324.4,8383,24701,0.0,IM2303,2023-03-17,contract_code_cffex_rule
2022-10-28,6290.0,6317.8,6065.4,6095.0,10288,27247,0.0,IM2303,2023-03-17,contract_code_cffex_rule
2022-10-31,6065.8,6199.0,6044.0,6128.0,8541,24956,0.0,IM2303,2023-03-17,contract_code_cffex_rule
2022-11-01,6140.2,6315.8,6127.8,6315.4,8523,25907,0.0,IM2303,2023-03-17,contract_code_cffex_rule
2022-11-02,6310.4,6405.0,6295.0,6390.8,6943,24800,0.0,IM2303,2023-03-17,contract_code_cffex_rule
2022-11-03,6360.0,6436.0,6355.0,6407.4,6367,26631,0.0,IM2303,2023-03-17,contract_code_cffex_rule
2022-11-04,6424.0,6609.0,6408.6,6606.6,8670,27435,0.0,IM2303,2023-03-17,contract_code_cffex_rule
2022-11-07,6602.8,6641.8,6529.0,6583.2,5530,26996,0.0,IM2303,2023-03-17,contract_code_cffex_rule
2022-11-08,6580.0,6584.0,6536.0,6578.8,5278,27316,0.0,IM2303,2023-03-17,contract_code_cffex_rule
2022-11-09,6578.8,6623.2,6539.0,6565.0,4789,27444,0.0,IM2303,2023-03-17,contract_code_cffex_rule
2022-11-10,6540.8,6560.0,6486.0,6511.0,7043,29572,0.0,IM2303,2023-03-17,contract_code_cffex_rule
2022-11-11,6623.8,6702.0,6545.0,6555.6,10281,30690,0.0,IM2303,2023-03-17,contract_code_cffex_rule
2022-11-14,6560.0,6617.2,6470.0,6502.4,7807,30576,0.0,IM2303,2023-03-17,contract_code_cffex_rule
2022-11-15,6502.4,6664.8,6490.0,6661.2,8820,30971,0.0,IM2303,2023-03-17,contract_code_cffex_rule
2022-11-16,6661.0,6692.8,6597.2,6607.4,6681,31146,0.0,IM2303,2023-03-17,contract_code_cffex_rule
2022-11-17,6593.8,6638.0,6548.6,6635.8,9546,33109,0.0,IM2303,2023-03-17,contract_code_cffex_rule
2022-11-18,6639.6,6687.8,6572.2,6583.4,9628,33018,0.0,IM2303,2023-03-17,contract_code_cffex_rule
2022-11-21,6553.6,6635.0,6519.0,6624.4,9951,34241,0.0,IM2303,2023-03-17,contract_code_cffex_rule
2022-11-22,6623.6,6626.0,6427.8,6479.2,13678,34323,0.0,IM2303,2023-03-17,contract_code_cffex_rule
2022-11-23,6460.0,6498.0,6341.0,6476.0,11629,34790,0.0,IM2303,2023-03-17,contract_code_cffex_rule
2022-11-24,6500.0,6512.0,6440.0,6475.2,8796,34026,0.0,IM2303,2023-03-17,contract_code_cffex_rule
2022-11-25,6469.8,6469.8,6402.0,6414.8,8017,34401,0.0,IM2303,2023-03-17,contract_code_cffex_rule
2022-11-28,6330.0,6415.2,6289.8,6407.0,9526,34888,0.0,IM2303,2023-03-17,contract_code_cffex_rule
2022-11-29,6426.2,6549.8,6417.0,6520.2,9553,34885,0.0,IM2303,2023-03-17,contract_code_cffex_rule
2022-11-30,6515.6,6544.0,6470.2,6496.4,7247,33836,0.0,IM2303,2023-03-17,contract_code_cffex_rule
2022-12-01,6599.2,6629.6,6555.4,6585.0,10096,35878,0.0,IM2303,2023-03-17,contract_code_cffex_rule
2022-12-02,6570.2,6669.4,6570.2,6606.2,9369,35474,0.0,IM2303,2023-03-17,contract_code_cffex_rule
2022-12-05,6640.2,6656.6,6596.4,6621.6,8363,35917,0.0,IM2303,2023-03-17,contract_code_cffex_rule
2022-12-06,6600.0,6663.0,6581.6,6611.4,9270,36786,0.0,IM2303,2023-03-17,contract_code_cffex_rule
2022-12-07,6607.2,6655.4,6589.8,6609.6,9256,37180,0.0,IM2303,2023-03-17,contract_code_cffex_rule
2022-12-08,6619.6,6619.6,6549.6,6572.2,8801,36819,0.0,IM2303,2023-03-17,contract_code_cffex_rule
2022-12-09,6573.0,6609.2,6525.8,6586.8,9508,38382,0.0,IM2303,2023-03-17,contract_code_cffex_rule
2022-12-12,6550.0,6601.0,6518.2,6565.8,12297,40850,0.0,IM2303,2023-03-17,contract_code_cffex_rule
2022-12-13,6560.0,6571.2,6503.8,6521.0,8800,41569,0.0,IM2303,2023-03-17,contract_code_cffex_rule
2022-12-14,6535.0,6549.0,6458.2,6474.8,11232,42568,0.0,IM2303,2023-03-17,contract_code_cffex_rule
2022-12-15,6468.0,6519.6,6447.8,6506.2,10157,43438,0.0,IM2303,2023-03-17,contract_code_cffex_rule
2022-12-16,6479.0,6503.6,6424.0,6476.0,12269,44335,0.0,IM2303,2023-03-17,contract_code_cffex_rule
2022-12-19,6480.0,6496.0,6326.2,6365.0,12500,44796,0.0,IM2303,2023-03-17,contract_code_cffex_rule
2022-12-20,6353.4,6369.0,6291.4,6306.4,10741,43704,0.0,IM2303,2023-03-17,contract_code_cffex_rule
2022-12-21,6315.6,6322.8,6202.0,6260.2,11553,44210,0.0,IM2303,2023-03-17,contract_code_cffex_rule
2022-12-22,6285.0,6288.8,6138.0,6173.6,12248,43284,0.0,IM2303,2023-03-17,contract_code_cffex_rule
2022-12-23,6147.6,6194.2,6095.6,6127.0,11416,43972,0.0,IM2303,2023-03-17,contract_code_cffex_rule
2022-12-26,6128.8,6274.0,6128.8,6254.0,11465,45066,0.0,IM2303,2023-03-17,contract_code_cffex_rule
2022-12-27,6276.8,6300.0,6234.4,6297.8,8313,43841,0.0,IM2303,2023-03-17,contract_code_cffex_rule
2022-12-28,6296.8,6297.4,6228.8,6261.2,7101,44281,0.0,IM2303,2023-03-17,contract_code_cffex_rule
2022-12-29,6245.8,6294.2,6230.2,6235.0,8690,44336,0.0,IM2303,2023-03-17,contract_code_cffex_rule
2022-12-30,6261.6,6267.6,6225.0,6246.2,7606,43617,0.0,IM2303,2023-03-17,contract_code_cffex_rule
2023-01-03,6239.8,6390.0,6237.2,6366.0,10199,43880,0.0,IM2303,2023-03-17,contract_code_cffex_rule
2023-01-04,6366.2,6389.2,6324.8,6359.0,8286,42797,0.0,IM2303,2023-03-17,contract_code_cffex_rule
2023-01-05,6375.2,6435.4,6353.2,6432.0,8135,42599,0.0,IM2303,2023-03-17,contract_code_cffex_rule
2023-01-06,6428.8,6482.8,6421.6,6451.0,7468,41882,0.0,IM2303,2023-03-17,contract_code_cffex_rule
2023-01-09,6473.0,6514.4,6458.2,6462.8,6842,41834,0.0,IM2303,2023-03-17,contract_code_cffex_rule
2023-01-10,6460.0,6488.0,6434.8,6477.2,6470,42058,0.0,IM2303,2023-03-17,contract_code_cffex_rule
2023-01-11,6477.0,6502.0,6424.0,6438.2,8219,42487,0.0,IM2303,2023-03-17,contract_code_cffex_rule
2023-01-12,6453.6,6485.4,6425.0,6450.4,10015,43416,0.0,IM2303,2023-03-17,contract_code_cffex_rule
2023-01-13,6460.8,6512.0,6444.0,6511.0,9974,44231,0.0,IM2303,2023-03-17,contract_code_cffex_rule
2023-01-16,6509.0,6643.4,6506.8,6573.0,13840,45810,0.0,IM2303,2023-03-17,contract_code_cffex_rule
2023-01-17,6584.0,6630.0,6581.8,6596.6,8521,45186,0.0,IM2303,2023-03-17,contract_code_cffex_rule
2023-01-18,6615.2,6652.8,6605.6,6633.2,9522,47175,0.0,IM2303,2023-03-17,contract_code_cffex_rule
2023-01-19,6613.6,6715.0,6601.2,6715.0,13185,49642,0.0,IM2303,2023-03-17,contract_code_cffex_rule
2023-01-20,6727.2,6775.0,6718.0,6767.8,11575,50870,0.0,IM2303,2023-03-17,contract_code_cffex_rule
2023-01-30,6855.6,6892.4,6790.4,6792.2,13594,52644,0.0,IM2303,2023-03-17,contract_code_cffex_rule
2023-01-31,6792.2,6850.8,6780.0,6828.8,10320,52783,0.0,IM2303,2023-03-17,contract_code_cffex_rule
2023-02-01,6838.8,6924.0,6826.0,6924.0,15943,53143,0.0,IM2303,2023-03-17,contract_code_cffex_rule
2023-02-02,6940.0,6982.6,6911.2,6930.0,14914,53141,0.0,IM2303,2023-03-17,contract_code_cffex_rule
2023-02-03,6922.2,6932.4,6824.0,6911.6,18621,55472,0.0,IM2303,2023-03-17,contract_code_cffex_rule
2023-02-06,6873.8,6917.6,6835.0,6889.2,16581,53424,0.0,IM2303,2023-03-17,contract_code_cffex_rule
2023-02-07,6900.2,6905.6,6831.8,6899.2,14832,53200,0.0,IM2303,2023-03-17,contract_code_cffex_rule
2023-02-08,6907.2,6909.2,6835.4,6850.0,14151,51321,0.0,IM2303,2023-03-17,contract_code_cffex_rule
2023-02-09,6848.8,7019.8,6828.0,7018.6,23375,56697,0.0,IM2303,2023-03-17,contract_code_cffex_rule
2023-02-10,7003.4,7018.8,6902.0,6969.2,25482,57715,0.0,IM2303,2023-03-17,contract_code_cffex_rule
2023-02-13,6939.0,7037.4,6939.0,7022.4,17048,56286,0.0,IM2303,2023-03-17,contract_code_cffex_rule
2023-02-14,7035.0,7049.4,7003.2,7037.8,14480,56603,0.0,IM2303,2023-03-17,contract_code_cffex_rule
2023-02-15,7040.0,7054.6,7011.0,7030.4,20953,61573,0.0,IM2303,2023-03-17,contract_code_cffex_rule
2023-02-16,7039.8,7077.8,6864.2,6909.2,49836,75848,0.0,IM2303,2023-03-17,contract_code_cffex_rule
2023-02-17,6928.0,6940.6,6842.0,6849.8,47096,79401,0.0,IM2303,2023-03-17,contract_code_cffex_rule
2023-02-20,6871.0,6928.8,6796.0,6922.0,45771,74754,0.0,IM2303,2023-03-17,contract_code_cffex_rule
2023-02-21,6925.4,6988.4,6890.0,6935.2,37792,73671,0.0,IM2303,2023-03-17,contract_code_cffex_rule
2023-02-22,6916.0,6989.8,6910.8,6968.0,32043,71937,0.0,IM2303,2023-03-17,contract_code_cffex_rule
2023-02-23,6968.0,6987.2,6883.8,6944.8,34847,72185,0.0,IM2303,2023-03-17,contract_code_cffex_rule
2023-02-24,6947.0,6966.4,6872.6,6928.6,31201,69442,0.0,IM2303,2023-03-17,contract_code_cffex_rule
2023-02-27,6903.2,6922.6,6830.8,6879.2,34001,70262,0.0,IM2303,2023-03-17,contract_code_cffex_rule
2023-02-28,6899.0,6954.0,6847.6,6937.4,35963,69823,0.0,IM2303,2023-03-17,contract_code_cffex_rule
2023-03-01,6927.4,6984.2,6912.4,6980.6,35047,66106,0.0,IM2303,2023-03-17,contract_code_cffex_rule
2023-03-02,6978.0,7013.6,6941.6,6961.6,30230,64064,0.0,IM2303,2023-03-17,contract_code_cffex_rule
2023-03-03,6955.2,6992.8,6899.4,6942.0,33740,64259,0.0,IM2303,2023-03-17,contract_code_cffex_rule
2023-03-06,6949.0,6990.8,6902.2,6956.4,31889,62252,0.0,IM2303,2023-03-17,contract_code_cffex_rule
2023-03-07,6950.8,6963.4,6844.8,6846.8,43995,67075,0.0,IM2303,2023-03-17,contract_code_cffex_rule
2023-03-08,6828.0,6889.6,6821.8,6871.0,31970,61834,0.0,IM2303,2023-03-17,contract_code_cffex_rule
2023-03-09,6876.0,6888.2,6833.0,6878.6,32424,61128,0.0,IM2303,2023-03-17,contract_code_cffex_rule
2023-03-10,6840.8,6863.8,6787.6,6798.4,38784,59243,0.0,IM2303,2023-03-17,contract_code_cffex_rule
2023-03-13,6792.0,6838.0,6744.4,6832.6,37275,53070,0.0,IM2303,2023-03-17,contract_code_cffex_rule
2023-03-14,6820.6,6830.6,6696.4,6775.8,43522,47626,0.0,IM2303,2023-03-17,contract_code_cffex_rule
2023-03-15,6800.0,6854.8,6786.8,6807.2,37688,32853,0.0,IM2303,2023-03-17,contract_code_cffex_rule
2023-03-16,6777.0,6791.8,6685.4,6706.0,31718,21210,0.0,IM2303,2023-03-17,contract_code_cffex_rule
2023-03-17,6742.4,6791.2,6726.2,6748.4,17456,7773,0.0,IM2303,2023-03-17,contract_code_cffex_rule
2023-02-20,6844.6,6907.6,6777.0,6898.2,1164,1138,0.0,IM2304,2023-04-21,contract_code_cffex_rule
2023-02-21,6905.6,6966.2,6865.6,6907.0,978,1270,0.0,IM2304,2023-04-21,contract_code_cffex_rule
2023-02-22,6881.0,6964.4,6881.0,6941.8,773,1332,0.0,IM2304,2023-04-21,contract_code_cffex_rule
2023-02-23,6941.8,6959.0,6857.0,6918.6,1104,1698,0.0,IM2304,2023-04-21,contract_code_cffex_rule
2023-02-24,6913.4,6937.6,6845.8,6902.0,1271,2042,0.0,IM2304,2023-04-21,contract_code_cffex_rule
2023-02-27,6886.2,6897.6,6804.2,6856.6,2170,3094,0.0,IM2304,2023-04-21,contract_code_cffex_rule
2023-02-28,6868.4,6928.0,6821.8,6913.2,1779,3150,0.0,IM2304,2023-04-21,contract_code_cffex_rule
2023-03-01,6908.0,6957.2,6882.6,6955.6,2478,4234,0.0,IM2304,2023-04-21,contract_code_cffex_rule
2023-03-02,6946.2,6988.4,6916.0,6937.0,2688,5043,0.0,IM2304,2023-04-21,contract_code_cffex_rule
2023-03-03,6940.8,6970.0,6874.8,6919.4,2912,6317,0.0,IM2304,2023-04-21,contract_code_cffex_rule
2023-03-06,6919.4,6966.0,6875.6,6930.0,3088,7131,0.0,IM2304,2023-04-21,contract_code_cffex_rule
2023-03-07,6926.8,6936.2,6824.0,6826.0,5137,9773,0.0,IM2304,2023-04-21,contract_code_cffex_rule
2023-03-08,6811.0,6866.8,6802.0,6847.8,3818,10315,0.0,IM2304,2023-04-21,contract_code_cffex_rule
2023-03-09,6848.8,6861.2,6802.6,6853.2,3552,10680,0.0,IM2304,2023-04-21,contract_code_cffex_rule
2023-03-10,6814.2,6837.6,6759.4,6769.8,6256,13463,0.0,IM2304,2023-04-21,contract_code_cffex_rule
2023-03-13,6766.4,6810.0,6717.8,6802.0,7958,16339,0.0,IM2304,2023-04-21,contract_code_cffex_rule
2023-03-14,6801.0,6801.0,6664.0,6745.8,11515,20849,0.0,IM2304,2023-04-21,contract_code_cffex_rule
2023-03-15,6778.0,6827.2,6757.8,6775.4,15015,26182,0.0,IM2304,2023-04-21,contract_code_cffex_rule
2023-03-16,6754.8,6762.8,6656.6,6679.0,28719,41985,0.0,IM2304,2023-04-21,contract_code_cffex_rule
2023-03-17,6715.0,6785.6,6695.6,6726.0,39453,49839,0.0,IM2304,2023-04-21,contract_code_cffex_rule
2023-03-20,6755.0,6762.4,6687.0,6719.8,31841,49582,0.0,IM2304,2023-04-21,contract_code_cffex_rule
2023-03-21,6740.0,6807.8,6731.0,6791.4,30156,47082,0.0,IM2304,2023-04-21,contract_code_cffex_rule
2023-03-22,6811.0,6841.8,6800.6,6825.6,22846,44365,0.0,IM2304,2023-04-21,contract_code_cffex_rule
2023-03-23,6816.0,6852.6,6808.8,6850.4,23663,45485,0.0,IM2304,2023-04-21,contract_code_cffex_rule
2023-03-24,6854.8,6870.0,6830.0,6857.0,21217,43286,0.0,IM2304,2023-04-21,contract_code_cffex_rule
2023-03-27,6857.0,6884.8,6815.8,6860.0,27156,44995,0.0,IM2304,2023-04-21,contract_code_cffex_rule
2023-03-28,6849.0,6861.8,6809.0,6827.4,26878,44055,0.0,IM2304,2023-04-21,contract_code_cffex_rule
2023-03-29,6849.0,6850.0,6786.8,6806.0,25258,44161,0.0,IM2304,2023-04-21,contract_code_cffex_rule
2023-03-30,6805.0,6821.6,6757.6,6821.6,30540,47259,0.0,IM2304,2023-04-21,contract_code_cffex_rule
2023-03-31,6824.2,6875.0,6813.2,6873.8,25374,43321,0.0,IM2304,2023-04-21,contract_code_cffex_rule
2023-04-03,6885.0,6959.8,6880.0,6940.0,27944,44490,0.0,IM2304,2023-04-21,contract_code_cffex_rule
2023-04-04,6946.4,6954.8,6907.6,6950.2,24433,41324,0.0,IM2304,2023-04-21,contract_code_cffex_rule
2023-04-06,6920.0,6967.0,6918.0,6959.4,23912,40626,0.0,IM2304,2023-04-21,contract_code_cffex_rule
2023-04-07,6973.0,7033.8,6961.4,7026.2,24909,38856,0.0,IM2304,2023-04-21,contract_code_cffex_rule
2023-04-10,7038.0,7047.6,6953.2,6971.0,28753,41153,0.0,IM2304,2023-04-21,contract_code_cffex_rule
2023-04-11,6981.4,6990.8,6946.0,6972.4,24815,38736,0.0,IM2304,2023-04-21,contract_code_cffex_rule
2023-04-12,6979.0,7012.0,6970.2,7002.2,23347,36965,0.0,IM2304,2023-04-21,contract_code_cffex_rule
2023-04-13,6995.0,7011.2,6959.0,6967.0,28815,38799,0.0,IM2304,2023-04-21,contract_code_cffex_rule
2023-04-14,6978.2,7015.8,6951.0,7004.2,31369,37197,0.0,IM2304,2023-04-21,contract_code_cffex_rule
2023-04-17,6999.6,7021.8,6985.0,7009.6,27294,32914,0.0,IM2304,2023-04-21,contract_code_cffex_rule
2023-04-18,6995.0,7006.2,6955.4,6980.2,28580,29928,0.0,IM2304,2023-04-21,contract_code_cffex_rule
2023-04-19,6973.6,7002.2,6945.8,6955.2,23503,22714,0.0,IM2304,2023-04-21,contract_code_cffex_rule
2023-04-20,6949.8,6963.0,6915.6,6955.8,20732,14165,0.0,IM2304,2023-04-21,contract_code_cffex_rule
2023-04-21,6950.0,6958.4,6808.2,6813.4,13464,4950,0.0,IM2304,2023-04-21,contract_code_cffex_rule
2023-03-20,6710.4,6740.6,6667.8,6701.4,867,848,0.0,IM2305,2023-05-19,contract_code_cffex_rule
2023-03-21,6712.0,6783.0,6708.6,6769.0,1064,1108,0.0,IM2305,2023-05-19,contract_code_cffex_rule
2023-03-22,6784.6,6815.2,6774.6,6803.4,1002,1456,0.0,IM2305,2023-05-19,contract_code_cffex_rule
2023-03-23,6793.2,6825.6,6783.0,6822.0,1926,2461,0.0,IM2305,2023-05-19,contract_code_cffex_rule
2023-03-24,6825.0,6842.6,6805.4,6829.8,1191,2455,0.0,IM2305,2023-05-19,contract_code_cffex_rule
2023-03-27,6827.2,6860.6,6796.0,6834.6,1054,2637,0.0,IM2305,2023-05-19,contract_code_cffex_rule
2023-03-28,6833.0,6839.8,6789.0,6806.8,1334,2873,0.0,IM2305,2023-05-19,contract_code_cffex_rule
2023-03-29,6814.4,6834.2,6768.8,6789.2,1830,3328,0.0,IM2305,2023-05-19,contract_code_cffex_rule
2023-03-30,6788.4,6804.0,6741.8,6804.0,1894,3567,0.0,IM2305,2023-05-19,contract_code_cffex_rule
2023-03-31,6811.8,6855.8,6797.0,6852.4,1440,3446,0.0,IM2305,2023-05-19,contract_code_cffex_rule
2023-04-03,6852.6,6938.0,6852.6,6918.8,1826,3934,0.0,IM2305,2023-05-19,contract_code_cffex_rule
2023-04-04,6918.8,6933.2,6886.0,6929.4,1841,4179,0.0,IM2305,2023-05-19,contract_code_cffex_rule
2023-04-06,6901.8,6941.6,6895.0,6933.6,2081,4825,0.0,IM2305,2023-05-19,contract_code_cffex_rule
2023-04-07,6938.4,7009.4,6935.0,7003.2,2107,5181,0.0,IM2305,2023-05-19,contract_code_cffex_rule
2023-04-10,7005.0,7024.2,6939.0,6953.4,2701,6318,0.0,IM2305,2023-05-19,contract_code_cffex_rule
2023-04-11,6953.4,6969.6,6930.4,6950.8,2341,6240,0.0,IM2305,2023-05-19,contract_code_cffex_rule
2023-04-12,6955.0,6989.0,6950.0,6980.6,2815,7316,0.0,IM2305,2023-05-19,contract_code_cffex_rule
2023-04-13,6977.8,6991.6,6939.4,6944.6,4276,8825,0.0,IM2305,2023-05-19,contract_code_cffex_rule
2023-04-14,6960.8,6994.8,6932.4,6986.0,4848,10351,0.0,IM2305,2023-05-19,contract_code_cffex_rule
2023-04-17,6970.8,7000.2,6966.0,6989.6,5593,12351,0.0,IM2305,2023-05-19,contract_code_cffex_rule
2023-04-18,6984.8,6986.2,6937.0,6959.0,8628,15864,0.0,IM2305,2023-05-19,contract_code_cffex_rule
2023-04-19,6951.0,6978.6,6918.8,6930.2,13429,22427,0.0,IM2305,2023-05-19,contract_code_cffex_rule
2023-04-20,6911.0,6933.0,6890.2,6929.0,20204,32128,0.0,IM2305,2023-05-19,contract_code_cffex_rule
2023-04-21,6919.0,6926.8,6762.0,6770.2,36357,47742,0.0,IM2305,2023-05-19,contract_code_cffex_rule
2023-04-24,6772.8,6775.4,6690.2,6722.2,33322,45278,0.0,IM2305,2023-05-19,contract_code_cffex_rule
2023-04-25,6705.0,6716.2,6523.4,6612.0,43556,55371,0.0,IM2305,2023-05-19,contract_code_cffex_rule
2023-04-26,6596.6,6665.0,6589.8,6629.0,38586,51289,0.0,IM2305,2023-05-19,contract_code_cffex_rule
2023-04-27,6601.2,6689.2,6601.2,6647.6,35246,53182,0.0,IM2305,2023-05-19,contract_code_cffex_rule
2023-04-28,6650.0,6743.0,6647.6,6738.4,30060,48065,0.0,IM2305,2023-05-19,contract_code_cffex_rule
2023-05-04,6723.0,6747.2,6689.0,6725.2,20870,45667,0.0,IM2305,2023-05-19,contract_code_cffex_rule
2023-05-05,6722.6,6724.6,6607.8,6650.0,30332,47530,0.0,IM2305,2023-05-19,contract_code_cffex_rule
2023-05-08,6660.0,6720.6,6657.0,6687.8,27149,44055,0.0,IM2305,2023-05-19,contract_code_cffex_rule
2023-05-09,6687.8,6703.2,6611.6,6613.6,31285,46862,0.0,IM2305,2023-05-19,contract_code_cffex_rule
2023-05-10,6613.8,6658.0,6580.8,6624.4,32100,45489,0.0,IM2305,2023-05-19,contract_code_cffex_rule
2023-05-11,6631.4,6655.0,6612.0,6615.6,21391,41262,0.0,IM2305,2023-05-19,contract_code_cffex_rule
2023-05-12,6604.6,6639.8,6528.8,6538.6,29289,42155,0.0,IM2305,2023-05-19,contract_code_cffex_rule
2023-05-15,6542.2,6586.0,6469.2,6577.2,33402,36453,0.0,IM2305,2023-05-19,contract_code_cffex_rule
2023-05-16,6587.0,6587.0,6497.0,6519.2,27729,31028,0.0,IM2305,2023-05-19,contract_code_cffex_rule
2023-05-17,6505.0,6566.0,6505.0,6544.8,25640,24501,0.0,IM2305,2023-05-19,contract_code_cffex_rule
2023-05-18,6565.0,6592.6,6548.2,6578.6,20494,15111,0.0,IM2305,2023-05-19,contract_code_cffex_rule
2023-05-19,6569.0,6624.2,6538.8,6601.2,12141,5697,0.0,IM2305,2023-05-19,contract_code_cffex_rule
2022-10-24,6085.8,6197.4,5923.0,6034.8,1980,1874,0.0,IM2306,2023-06-16,contract_code_cffex_rule
2022-10-25,6011.6,6080.4,5908.0,6033.8,2688,2778,0.0,IM2306,2023-06-16,contract_code_cffex_rule
2022-10-26,6046.8,6249.2,6034.4,6196.0,2264,3291,0.0,IM2306,2023-06-16,contract_code_cffex_rule
2022-10-27,6215.8,6255.4,6171.6,6192.8,2544,4424,0.0,IM2306,2023-06-16,contract_code_cffex_rule
2022-10-28,6154.0,6187.2,5927.6,5966.0,4219,6405,0.0,IM2306,2023-06-16,contract_code_cffex_rule
2022-10-31,5929.8,6068.6,5901.8,5996.0,2746,6301,0.0,IM2306,2023-06-16,contract_code_cffex_rule
2022-11-01,6010.2,6184.4,5992.2,6184.4,3102,6551,0.0,IM2306,2023-06-16,contract_code_cffex_rule
2022-11-02,6184.0,6272.2,6158.4,6260.8,2482,6757,0.0,IM2306,2023-06-16,contract_code_cffex_rule
2022-11-03,6231.6,6299.8,6219.0,6272.6,2133,7140,0.0,IM2306,2023-06-16,contract_code_cffex_rule
2022-11-04,6272.6,6485.6,6272.6,6477.8,3050,7866,0.0,IM2306,2023-06-16,contract_code_cffex_rule
2022-11-07,6467.8,6514.0,6412.6,6466.0,2733,8017,0.0,IM2306,2023-06-16,contract_code_cffex_rule
2022-11-08,6466.0,6469.0,6424.0,6463.2,2446,8689,0.0,IM2306,2023-06-16,contract_code_cffex_rule
2022-11-09,6455.8,6511.4,6427.8,6456.0,2141,8916,0.0,IM2306,2023-06-16,contract_code_cffex_rule
2022-11-10,6428.6,6448.2,6380.2,6406.0,3309,10321,0.0,IM2306,2023-06-16,contract_code_cffex_rule
2022-11-11,6550.6,6595.6,6450.0,6450.0,3637,10857,0.0,IM2306,2023-06-16,contract_code_cffex_rule
2022-11-14,6481.6,6519.2,6375.0,6408.0,2921,11278,0.0,IM2306,2023-06-16,contract_code_cffex_rule
2022-11-15,6397.6,6565.8,6394.8,6565.4,3331,12092,0.0,IM2306,2023-06-16,contract_code_cffex_rule
2022-11-16,6550.0,6589.0,6496.0,6504.8,3158,12893,0.0,IM2306,2023-06-16,contract_code_cffex_rule
2022-11-17,6492.6,6538.6,6443.6,6537.0,3078,13701,0.0,IM2306,2023-06-16,contract_code_cffex_rule
2022-11-18,6539.8,6587.8,6474.6,6485.8,4013,15066,0.0,IM2306,2023-06-16,contract_code_cffex_rule
2022-11-21,6450.0,6536.6,6422.0,6528.2,3209,15196,0.0,IM2306,2023-06-16,contract_code_cffex_rule
2022-11-22,6523.6,6531.2,6325.6,6369.0,5632,17193,0.0,IM2306,2023-06-16,contract_code_cffex_rule
2022-11-23,6360.0,6394.8,6236.0,6371.2,4177,16619,0.0,IM2306,2023-06-16,contract_code_cffex_rule
2022-11-24,6380.0,6408.0,6332.2,6371.4,3682,17448,0.0,IM2306,2023-06-16,contract_code_cffex_rule
2022-11-25,6352.2,6356.4,6299.0,6306.2,3821,17762,0.0,IM2306,2023-06-16,contract_code_cffex_rule
2022-11-28,6200.0,6311.8,6182.6,6302.8,4418,18817,0.0,IM2306,2023-06-16,contract_code_cffex_rule
2022-11-29,6320.2,6446.0,6316.0,6418.6,3436,18520,0.0,IM2306,2023-06-16,contract_code_cffex_rule
2022-11-30,6418.6,6444.4,6367.4,6394.0,3097,19345,0.0,IM2306,2023-06-16,contract_code_cffex_rule
2022-12-01,6462.2,6523.8,6452.8,6483.6,3956,19567,0.0,IM2306,2023-06-16,contract_code_cffex_rule
2022-12-02,6481.2,6563.0,6474.2,6508.4,3496,20021,0.0,IM2306,2023-06-16,contract_code_cffex_rule
2022-12-05,6562.6,6562.6,6488.0,6508.2,4813,21603,0.0,IM2306,2023-06-16,contract_code_cffex_rule
2022-12-06,6489.8,6543.0,6469.4,6496.2,5249,22676,0.0,IM2306,2023-06-16,contract_code_cffex_rule
2022-12-07,6488.0,6542.2,6473.8,6491.8,4318,23334,0.0,IM2306,2023-06-16,contract_code_cffex_rule
2022-12-08,6483.8,6495.0,6433.6,6455.4,4641,24782,0.0,IM2306,2023-06-16,contract_code_cffex_rule
2022-12-09,6456.2,6494.8,6413.6,6472.4,4381,25603,0.0,IM2306,2023-06-16,contract_code_cffex_rule
2022-12-12,6435.0,6486.4,6401.2,6454.2,4891,26357,0.0,IM2306,2023-06-16,contract_code_cffex_rule
2022-12-13,6454.0,6462.4,6388.2,6410.0,3979,27183,0.0,IM2306,2023-06-16,contract_code_cffex_rule
2022-12-14,6411.0,6434.4,6342.2,6358.4,5291,28884,0.0,IM2306,2023-06-16,contract_code_cffex_rule
2022-12-15,6357.2,6404.2,6335.0,6394.2,5104,29719,0.0,IM2306,2023-06-16,contract_code_cffex_rule
2022-12-16,6375.0,6389.4,6315.4,6368.0,5360,31449,0.0,IM2306,2023-06-16,contract_code_cffex_rule
2022-12-19,6368.2,6388.6,6224.2,6261.0,6719,32863,0.0,IM2306,2023-06-16,contract_code_cffex_rule
2022-12-20,6248.8,6266.6,6189.6,6203.4,5940,34152,0.0,IM2306,2023-06-16,contract_code_cffex_rule
2022-12-21,6218.4,6224.2,6103.6,6166.4,5585,35471,0.0,IM2306,2023-06-16,contract_code_cffex_rule
2022-12-22,6191.2,6199.0,6051.2,6088.8,6245,36833,0.0,IM2306,2023-06-16,contract_code_cffex_rule
2022-12-23,6070.0,6111.4,6013.2,6053.2,5693,37601,0.0,IM2306,2023-06-16,contract_code_cffex_rule
2022-12-26,6053.2,6190.0,6053.2,6170.0,5048,37376,0.0,IM2306,2023-06-16,contract_code_cffex_rule
2022-12-27,6190.0,6213.4,6153.8,6211.0,3594,37765,0.0,IM2306,2023-06-16,contract_code_cffex_rule
2022-12-28,6199.8,6199.8,6143.2,6179.6,3414,38070,0.0,IM2306,2023-06-16,contract_code_cffex_rule
2022-12-29,6162.8,6203.8,6146.0,6149.0,4027,39038,0.0,IM2306,2023-06-16,contract_code_cffex_rule
2022-12-30,6169.2,6177.6,6130.0,6152.0,3665,39672,0.0,IM2306,2023-06-16,contract_code_cffex_rule
2023-01-03,6152.6,6284.8,6143.2,6264.2,4564,40427,0.0,IM2306,2023-06-16,contract_code_cffex_rule
2023-01-04,6270.2,6284.6,6222.4,6253.0,3130,40463,0.0,IM2306,2023-06-16,contract_code_cffex_rule
2023-01-05,6261.2,6325.0,6246.0,6323.8,4741,41195,0.0,IM2306,2023-06-16,contract_code_cffex_rule
2023-01-06,6319.8,6373.6,6311.0,6344.0,4193,40963,0.0,IM2306,2023-06-16,contract_code_cffex_rule
2023-01-09,6378.4,6403.2,6350.8,6351.2,3394,40965,0.0,IM2306,2023-06-16,contract_code_cffex_rule
2023-01-10,6365.0,6374.8,6323.8,6363.8,3104,41262,0.0,IM2306,2023-06-16,contract_code_cffex_rule
2023-01-11,6363.8,6388.0,6313.0,6328.0,4469,42184,0.0,IM2306,2023-06-16,contract_code_cffex_rule
2023-01-12,6336.6,6371.2,6315.0,6338.8,4539,42519,0.0,IM2306,2023-06-16,contract_code_cffex_rule
2023-01-13,6354.2,6403.8,6333.8,6401.4,3923,42798,0.0,IM2306,2023-06-16,contract_code_cffex_rule
2023-01-16,6395.2,6547.0,6395.2,6467.6,7170,43991,0.0,IM2306,2023-06-16,contract_code_cffex_rule
2023-01-17,6478.8,6520.6,6476.2,6490.8,4160,43327,0.0,IM2306,2023-06-16,contract_code_cffex_rule
2023-01-18,6505.6,6549.8,6498.0,6528.8,4940,43815,0.0,IM2306,2023-06-16,contract_code_cffex_rule
2023-01-19,6526.4,6614.2,6500.0,6613.2,6342,43614,0.0,IM2306,2023-06-16,contract_code_cffex_rule
2023-01-20,6629.8,6676.0,6617.2,6665.0,6641,44348,0.0,IM2306,2023-06-16,contract_code_cffex_rule
2023-01-30,6800.0,6800.0,6698.6,6698.6,9324,44907,0.0,IM2306,2023-06-16,contract_code_cffex_rule
2023-01-31,6687.8,6760.4,6683.0,6737.4,5191,43774,0.0,IM2306,2023-06-16,contract_code_cffex_rule
2023-02-01,6750.4,6826.2,6734.2,6825.4,7269,44270,0.0,IM2306,2023-06-16,contract_code_cffex_rule
2023-02-02,6842.0,6888.8,6817.4,6833.8,7480,44589,0.0,IM2306,2023-06-16,contract_code_cffex_rule
2023-02-03,6824.8,6835.6,6712.8,6806.6,10508,44945,0.0,IM2306,2023-06-16,contract_code_cffex_rule
2023-02-06,6770.0,6806.4,6723.8,6782.8,7937,43809,0.0,IM2306,2023-06-16,contract_code_cffex_rule
2023-02-07,6804.0,6804.0,6724.6,6798.0,6758,43272,0.0,IM2306,2023-06-16,contract_code_cffex_rule
2023-02-08,6795.2,6808.8,6732.6,6751.4,5523,42584,0.0,IM2306,2023-06-16,contract_code_cffex_rule
2023-02-09,6740.2,6928.0,6710.6,6928.0,9089,43229,0.0,IM2306,2023-06-16,contract_code_cffex_rule
2023-02-10,6919.2,6927.6,6802.4,6877.4,10025,43752,0.0,IM2306,2023-06-16,contract_code_cffex_rule
2023-02-13,6873.0,6945.0,6857.0,6928.2,6191,42356,0.0,IM2306,2023-06-16,contract_code_cffex_rule
2023-02-14,6940.0,6956.2,6906.8,6945.4,5202,42403,0.0,IM2306,2023-06-16,contract_code_cffex_rule
2023-02-15,6947.4,6958.4,6911.4,6931.8,6573,42664,0.0,IM2306,2023-06-16,contract_code_cffex_rule
2023-02-16,6939.2,6973.4,6766.8,6815.0,14469,45294,0.0,IM2306,2023-06-16,contract_code_cffex_rule
2023-02-17,6824.0,6845.2,6750.0,6759.4,11646,44880,0.0,IM2306,2023-06-16,contract_code_cffex_rule
2023-02-20,6767.6,6827.8,6705.0,6813.0,11106,42971,0.0,IM2306,2023-06-16,contract_code_cffex_rule
2023-02-21,6818.8,6886.4,6783.6,6834.8,9755,42844,0.0,IM2306,2023-06-16,contract_code_cffex_rule
2023-02-22,6811.0,6878.8,6807.8,6855.8,7622,41912,0.0,IM2306,2023-06-16,contract_code_cffex_rule
2023-02-23,6859.0,6874.6,6772.2,6837.2,7558,42013,0.0,IM2306,2023-06-16,contract_code_cffex_rule
2023-02-24,6837.2,6853.6,6763.0,6822.4,7218,41951,0.0,IM2306,2023-06-16,contract_code_cffex_rule
2023-02-27,6791.8,6809.0,6720.0,6767.2,9090,42099,0.0,IM2306,2023-06-16,contract_code_cffex_rule
2023-02-28,6781.0,6847.4,6738.0,6830.0,10036,42044,0.0,IM2306,2023-06-16,contract_code_cffex_rule
2023-03-01,6823.4,6882.0,6803.6,6877.6,9518,41913,0.0,IM2306,2023-06-16,contract_code_cffex_rule
2023-03-02,6869.8,6910.0,6835.4,6859.6,8172,43158,0.0,IM2306,2023-06-16,contract_code_cffex_rule
2023-03-03,6865.0,6897.0,6796.4,6841.6,9053,43679,0.0,IM2306,2023-06-16,contract_code_cffex_rule
2023-03-06,6848.4,6883.0,6799.2,6848.8,7964,43575,0.0,IM2306,2023-06-16,contract_code_cffex_rule
2023-03-07,6845.2,6851.8,6744.2,6746.2,12067,45951,0.0,IM2306,2023-06-16,contract_code_cffex_rule
2023-03-08,6714.2,6785.6,6714.2,6766.0,9675,45203,0.0,IM2306,2023-06-16,contract_code_cffex_rule
2023-03-09,6769.6,6780.0,6727.4,6771.2,8148,45566,0.0,IM2306,2023-06-16,contract_code_cffex_rule
2023-03-10,6735.0,6768.8,6685.0,6696.8,11085,47130,0.0,IM2306,2023-06-16,contract_code_cffex_rule
2023-03-13,6687.8,6733.4,6641.0,6726.8,11902,48859,0.0,IM2306,2023-06-16,contract_code_cffex_rule
2023-03-14,6720.0,6726.4,6592.8,6673.8,16799,54286,0.0,IM2306,2023-06-16,contract_code_cffex_rule
2023-03-15,6699.0,6758.2,6693.4,6712.0,17343,56232,0.0,IM2306,2023-06-16,contract_code_cffex_rule
2023-03-16,6680.2,6696.0,6600.0,6618.2,15396,59960,0.0,IM2306,2023-06-16,contract_code_cffex_rule
2023-03-17,6655.2,6718.0,6631.6,6663.6,16923,60418,0.0,IM2306,2023-06-16,contract_code_cffex_rule
2023-03-20,6679.8,6697.6,6628.6,6655.0,10817,59967,0.0,IM2306,2023-06-16,contract_code_cffex_rule
2023-03-21,6660.0,6745.0,6660.0,6727.0,9927,59916,0.0,IM2306,2023-06-16,contract_code_cffex_rule
2023-03-22,6744.4,6772.8,6734.4,6761.4,8515,58860,0.0,IM2306,2023-06-16,contract_code_cffex_rule
2023-03-23,6750.8,6787.0,6745.0,6782.6,8228,59033,0.0,IM2306,2023-06-16,contract_code_cffex_rule
2023-03-24,6782.4,6804.2,6765.4,6790.8,6466,57937,0.0,IM2306,2023-06-16,contract_code_cffex_rule
2023-03-27,6800.0,6821.4,6755.4,6797.4,8829,59088,0.0,IM2306,2023-06-16,contract_code_cffex_rule
2023-03-28,6799.2,6800.0,6753.6,6770.0,8622,59165,0.0,IM2306,2023-06-16,contract_code_cffex_rule
2023-03-29,6790.0,6794.0,6734.8,6750.8,8308,60075,0.0,IM2306,2023-06-16,contract_code_cffex_rule
2023-03-30,6751.0,6770.2,6708.4,6767.2,10890,61541,0.0,IM2306,2023-06-16,contract_code_cffex_rule
2023-03-31,6774.6,6819.8,6761.8,6818.8,8693,60216,0.0,IM2306,2023-06-16,contract_code_cffex_rule
2023-04-03,6825.0,6903.2,6825.0,6878.2,10440,60317,0.0,IM2306,2023-06-16,contract_code_cffex_rule
2023-04-04,6885.0,6894.8,6850.6,6891.8,6675,58971,0.0,IM2306,2023-06-16,contract_code_cffex_rule
2023-04-06,6866.4,6904.8,6860.6,6895.2,7616,58479,0.0,IM2306,2023-06-16,contract_code_cffex_rule
2023-04-07,6899.0,6968.0,6899.0,6959.8,8049,57971,0.0,IM2306,2023-06-16,contract_code_cffex_rule
2023-04-10,6980.0,6980.0,6900.2,6919.0,10926,59939,0.0,IM2306,2023-06-16,contract_code_cffex_rule
2023-04-11,6926.4,6934.4,6894.0,6912.4,8077,58339,0.0,IM2306,2023-06-16,contract_code_cffex_rule
2023-04-12,6918.2,6951.2,6912.2,6942.0,7197,58536,0.0,IM2306,2023-06-16,contract_code_cffex_rule
2023-04-13,6928.6,6950.0,6901.2,6913.0,9932,59116,0.0,IM2306,2023-06-16,contract_code_cffex_rule
2023-04-14,6939.0,6959.6,6899.4,6946.8,9724,59000,0.0,IM2306,2023-06-16,contract_code_cffex_rule
2023-04-17,6939.0,6965.6,6932.0,6955.2,9915,60673,0.0,IM2306,2023-06-16,contract_code_cffex_rule
2023-04-18,6949.8,6954.0,6905.4,6925.0,11480,62419,0.0,IM2306,2023-06-16,contract_code_cffex_rule
2023-04-19,6930.0,6945.8,6883.8,6897.0,10786,62816,0.0,IM2306,2023-06-16,contract_code_cffex_rule
2023-04-20,6897.0,6902.0,6858.4,6899.0,10532,63741,0.0,IM2306,2023-06-16,contract_code_cffex_rule
2023-04-21,6896.6,6896.6,6729.6,6732.2,19077,67878,0.0,IM2306,2023-06-16,contract_code_cffex_rule
2023-04-24,6725.0,6742.6,6654.0,6687.4,14424,66405,0.0,IM2306,2023-06-16,contract_code_cffex_rule
2023-04-25,6682.2,6685.4,6500.0,6592.8,21773,70027,0.0,IM2306,2023-06-16,contract_code_cffex_rule
2023-04-26,6576.8,6640.8,6566.8,6607.8,16337,68155,0.0,IM2306,2023-06-16,contract_code_cffex_rule
2023-04-27,6586.2,6669.8,6585.4,6628.2,17968,69106,0.0,IM2306,2023-06-16,contract_code_cffex_rule
2023-04-28,6627.2,6721.0,6626.0,6718.8,14105,66726,0.0,IM2306,2023-06-16,contract_code_cffex_rule
2023-05-04,6708.8,6725.6,6667.0,6702.0,10929,66648,0.0,IM2306,2023-06-16,contract_code_cffex_rule
2023-05-05,6699.2,6702.0,6588.0,6628.6,14996,67616,0.0,IM2306,2023-06-16,contract_code_cffex_rule
2023-05-08,6639.4,6697.6,6634.6,6662.0,14080,66298,0.0,IM2306,2023-06-16,contract_code_cffex_rule
2023-05-09,6661.8,6678.8,6592.8,6592.8,16249,68591,0.0,IM2306,2023-06-16,contract_code_cffex_rule
2023-05-10,6591.0,6637.6,6562.0,6603.6,16052,69425,0.0,IM2306,2023-06-16,contract_code_cffex_rule
2023-05-11,6610.4,6635.4,6592.0,6595.8,9692,67959,0.0,IM2306,2023-06-16,contract_code_cffex_rule
2023-05-12,6593.6,6620.6,6512.2,6520.0,17414,72156,0.0,IM2306,2023-06-16,contract_code_cffex_rule
2023-05-15,6521.0,6564.0,6449.0,6557.2,24920,72198,0.0,IM2306,2023-06-16,contract_code_cffex_rule
2023-05-16,6560.0,6561.8,6475.4,6499.6,21034,74567,0.0,IM2306,2023-06-16,contract_code_cffex_rule
2023-05-17,6490.0,6543.0,6486.2,6521.0,22439,79032,0.0,IM2306,2023-06-16,contract_code_cffex_rule
2023-05-18,6528.6,6566.6,6522.4,6551.8,27768,84966,0.0,IM2306,2023-06-16,contract_code_cffex_rule
2023-05-19,6546.0,6608.2,6516.0,6590.6,40367,94122,0.0,IM2306,2023-06-16,contract_code_cffex_rule
2023-05-22,6585.2,6599.6,6531.8,6578.2,34161,89487,0.0,IM2306,2023-06-16,contract_code_cffex_rule
2023-05-23,6580.0,6593.4,6511.2,6513.0,35048,91477,0.0,IM2306,2023-06-16,contract_code_cffex_rule
2023-05-24,6503.0,6556.8,6467.0,6497.0,39161,90114,0.0,IM2306,2023-06-16,contract_code_cffex_rule
2023-05-25,6495.0,6539.8,6403.4,6476.8,43785,93782,0.0,IM2306,2023-06-16,contract_code_cffex_rule
2023-05-26,6470.0,6552.8,6431.0,6535.8,39756,87621,0.0,IM2306,2023-06-16,contract_code_cffex_rule
2023-05-29,6553.0,6578.0,6494.6,6525.4,31583,86931,0.0,IM2306,2023-06-16,contract_code_cffex_rule
2023-05-30,6520.0,6567.6,6454.2,6558.0,40319,88984,0.0,IM2306,2023-06-16,contract_code_cffex_rule
2023-05-31,6550.0,6573.6,6505.0,6547.0,34785,85351,0.0,IM2306,2023-06-16,contract_code_cffex_rule
2023-06-01,6530.0,6609.2,6510.4,6567.6,35493,86226,0.0,IM2306,2023-06-16,contract_code_cffex_rule
2023-06-02,6588.8,6635.0,6580.8,6612.4,31483,81837,0.0,IM2306,2023-06-16,contract_code_cffex_rule
2023-06-05,6620.4,6631.8,6595.6,6611.8,24732,79250,0.0,IM2306,2023-06-16,contract_code_cffex_rule
2023-06-06,6606.0,6606.0,6451.0,6467.8,43241,79589,0.0,IM2306,2023-06-16,contract_code_cffex_rule
2023-06-07,6479.8,6512.0,6456.6,6470.8,31666,72035,0.0,IM2306,2023-06-16,contract_code_cffex_rule
2023-06-08,6470.6,6471.0,6389.6,6438.4,39186,74478,0.0,IM2306,2023-06-16,contract_code_cffex_rule
2023-06-09,6449.8,6494.0,6418.0,6484.0,36363,67406,0.0,IM2306,2023-06-16,contract_code_cffex_rule
2023-06-12,6480.0,6540.8,6472.2,6513.2,37962,61749,0.0,IM2306,2023-06-16,contract_code_cffex_rule
2023-06-13,6503.0,6552.8,6503.0,6540.0,30729,49924,0.0,IM2306,2023-06-16,contract_code_cffex_rule
2023-06-14,6545.4,6581.6,6535.2,6566.6,35752,39532,0.0,IM2306,2023-06-16,contract_code_cffex_rule
2023-06-15,6579.6,6624.4,6560.2,6607.2,30058,22764,0.0,IM2306,2023-06-16,contract_code_cffex_rule
2023-06-16,6607.6,6671.8,6602.2,6665.4,16039,9968,0.0,IM2306,2023-06-16,contract_code_cffex_rule
2023-05-22,6572.8,6580.8,6518.6,6564.4,1228,1218,0.0,IM2307,2023-07-21,contract_code_cffex_rule
2023-05-23,6560.2,6575.2,6492.6,6492.6,1583,1684,0.0,IM2307,2023-07-21,contract_code_cffex_rule
2023-05-24,6481.8,6536.6,6451.0,6482.0,2431,2465,0.0,IM2307,2023-07-21,contract_code_cffex_rule
2023-05-25,6475.4,6525.8,6385.0,6460.2,3365,3563,0.0,IM2307,2023-07-21,contract_code_cffex_rule
2023-05-26,6448.6,6534.2,6413.4,6517.4,2485,3503,0.0,IM2307,2023-07-21,contract_code_cffex_rule
2023-05-29,6539.0,6561.4,6476.6,6510.8,2611,4706,0.0,IM2307,2023-07-21,contract_code_cffex_rule
2023-05-30,6498.0,6549.6,6437.8,6538.8,3415,5716,0.0,IM2307,2023-07-21,contract_code_cffex_rule
2023-05-31,6528.6,6553.4,6488.2,6531.4,2900,6364,0.0,IM2307,2023-07-21,contract_code_cffex_rule
2023-06-01,6511.6,6591.0,6491.0,6548.0,2979,7111,0.0,IM2307,2023-07-21,contract_code_cffex_rule
2023-06-02,6569.2,6614.8,6560.2,6594.6,2530,7337,0.0,IM2307,2023-07-21,contract_code_cffex_rule
2023-06-05,6600.0,6611.4,6576.6,6594.0,2549,8513,0.0,IM2307,2023-07-21,contract_code_cffex_rule
2023-06-06,6583.0,6585.0,6440.0,6458.0,6198,11785,0.0,IM2307,2023-07-21,contract_code_cffex_rule
2023-06-07,6458.2,6496.6,6441.4,6454.8,4490,12703,0.0,IM2307,2023-07-21,contract_code_cffex_rule
2023-06-08,6440.8,6453.0,6372.4,6421.2,5669,15228,0.0,IM2307,2023-07-21,contract_code_cffex_rule
2023-06-09,6427.2,6475.0,6401.2,6465.8,5596,15879,0.0,IM2307,2023-07-21,contract_code_cffex_rule
2023-06-12,6450.4,6520.0,6450.4,6494.2,9526,21697,0.0,IM2307,2023-07-21,contract_code_cffex_rule
2023-06-13,6493.0,6532.8,6482.4,6520.2,9699,25636,0.0,IM2307,2023-07-21,contract_code_cffex_rule
2023-06-14,6524.8,6563.4,6516.2,6542.0,15555,35097,0.0,IM2307,2023-07-21,contract_code_cffex_rule
2023-06-15,6555.0,6603.0,6540.8,6585.0,22783,45075,0.0,IM2307,2023-07-21,contract_code_cffex_rule
2023-06-16,6584.8,6656.6,6581.2,6632.6,31612,56536,0.0,IM2307,2023-07-21,contract_code_cffex_rule
2023-06-19,6639.0,6665.6,6635.0,6647.8,24948,53244,0.0,IM2307,2023-07-21,contract_code_cffex_rule
2023-06-20,6638.8,6679.0,6633.4,6652.2,23929,53015,0.0,IM2307,2023-07-21,contract_code_cffex_rule
2023-06-21,6637.6,6645.0,6524.8,6525.2,39072,59666,0.0,IM2307,2023-07-21,contract_code_cffex_rule
2023-06-26,6499.0,6519.2,6402.0,6427.2,44330,65924,0.0,IM2307,2023-07-21,contract_code_cffex_rule
2023-06-27,6434.0,6504.8,6422.8,6478.4,34201,61890,0.0,IM2307,2023-07-21,contract_code_cffex_rule
2023-06-28,6478.4,6478.4,6360.0,6463.0,44033,66545,0.0,IM2307,2023-07-21,contract_code_cffex_rule
2023-06-29,6453.0,6510.2,6447.0,6491.8,30886,59435,0.0,IM2307,2023-07-21,contract_code_cffex_rule
2023-06-30,6481.8,6596.0,6481.8,6575.0,30629,58677,0.0,IM2307,2023-07-21,contract_code_cffex_rule
2023-07-03,6599.0,6626.0,6556.8,6583.6,28321,55416,0.0,IM2307,2023-07-21,contract_code_cffex_rule
2023-07-04,6581.6,6614.0,6580.0,6613.4,19966,53072,0.0,IM2307,2023-07-21,contract_code_cffex_rule
2023-07-05,6609.6,6616.0,6552.8,6566.2,25538,54070,0.0,IM2307,2023-07-21,contract_code_cffex_rule
2023-07-06,6557.0,6606.8,6532.0,6535.6,28834,53982,0.0,IM2307,2023-07-21,contract_code_cffex_rule
2023-07-07,6531.6,6538.8,6468.2,6513.0,34158,57063,0.0,IM2307,2023-07-21,contract_code_cffex_rule
2023-07-10,6538.0,6551.8,6489.2,6520.4,25605,52112,0.0,IM2307,2023-07-21,contract_code_cffex_rule
2023-07-11,6528.2,6580.0,6508.4,6571.0,26892,52706,0.0,IM2307,2023-07-21,contract_code_cffex_rule
2023-07-12,6574.4,6578.0,6477.8,6483.8,30497,53020,0.0,IM2307,2023-07-21,contract_code_cffex_rule
2023-07-13,6501.2,6561.2,6501.2,6549.6,33558,53198,0.0,IM2307,2023-07-21,contract_code_cffex_rule
2023-07-14,6562.0,6571.6,6539.0,6541.0,23532,46673,0.0,IM2307,2023-07-21,contract_code_cffex_rule
2023-07-17,6521.2,6529.8,6474.0,6514.8,27095,44688,0.0,IM2307,2023-07-21,contract_code_cffex_rule
2023-07-18,6519.0,6538.2,6482.2,6515.0,28836,38688,0.0,IM2307,2023-07-21,contract_code_cffex_rule
2023-07-19,6510.2,6532.6,6464.0,6501.0,27906,29637,0.0,IM2307,2023-07-21,contract_code_cffex_rule
2023-07-20,6539.4,6539.4,6409.0,6416.2,28236,21117,0.0,IM2307,2023-07-21,contract_code_cffex_rule
2023-07-21,6413.8,6452.6,6381.8,6396.6,17288,8180,0.0,IM2307,2023-07-21,contract_code_cffex_rule
2023-06-19,6626.2,6647.8,6624.0,6629.0,974,968,0.0,IM2308,2023-08-18,contract_code_cffex_rule
2023-06-20,6627.0,6660.6,6617.4,6633.8,1081,1184,0.0,IM2308,2023-08-18,contract_code_cffex_rule
2023-06-21,6619.8,6623.2,6510.6,6510.6,1395,1644,0.0,IM2308,2023-08-18,contract_code_cffex_rule
2023-06-26,6474.6,6502.8,6391.0,6423.4,1919,2348,0.0,IM2308,2023-08-18,contract_code_cffex_rule
2023-06-27,6423.4,6489.6,6413.6,6462.4,1326,2225,0.0,IM2308,2023-08-18,contract_code_cffex_rule
2023-06-28,6459.0,6459.0,6350.0,6448.8,2415,3261,0.0,IM2308,2023-08-18,contract_code_cffex_rule
2023-06-29,6443.6,6494.6,6434.8,6473.0,1697,2653,0.0,IM2308,2023-08-18,contract_code_cffex_rule
2023-06-30,6469.6,6580.4,6463.4,6561.0,1419,2907,0.0,IM2308,2023-08-18,contract_code_cffex_rule
2023-07-03,6584.4,6610.8,6543.2,6570.2,2062,3326,0.0,IM2308,2023-08-18,contract_code_cffex_rule
2023-07-04,6568.8,6597.4,6568.8,6597.4,1339,3561,0.0,IM2308,2023-08-18,contract_code_cffex_rule
2023-07-05,6586.6,6600.0,6533.2,6553.4,2083,4405,0.0,IM2308,2023-08-18,contract_code_cffex_rule
2023-07-06,6542.4,6592.4,6517.4,6519.4,2009,4804,0.0,IM2308,2023-08-18,contract_code_cffex_rule
2023-07-07,6511.2,6523.6,6453.4,6498.4,2433,5596,0.0,IM2308,2023-08-18,contract_code_cffex_rule
2023-07-10,6526.0,6537.2,6474.0,6503.8,3129,6408,0.0,IM2308,2023-08-18,contract_code_cffex_rule
2023-07-11,6512.6,6562.8,6494.8,6555.6,2107,6959,0.0,IM2308,2023-08-18,contract_code_cffex_rule
2023-07-12,6558.0,6562.8,6464.0,6469.0,3942,9116,0.0,IM2308,2023-08-18,contract_code_cffex_rule
2023-07-13,6487.4,6544.2,6487.4,6534.6,4415,9917,0.0,IM2308,2023-08-18,contract_code_cffex_rule
2023-07-14,6544.2,6556.0,6525.8,6527.0,4160,11394,0.0,IM2308,2023-08-18,contract_code_cffex_rule
2023-07-17,6505.2,6509.8,6450.8,6497.8,6762,14874,0.0,IM2308,2023-08-18,contract_code_cffex_rule
2023-07-18,6502.2,6522.8,6467.2,6500.4,10654,20750,0.0,IM2308,2023-08-18,contract_code_cffex_rule
2023-07-19,6492.0,6516.8,6450.0,6483.4,15240,29025,0.0,IM2308,2023-08-18,contract_code_cffex_rule
2023-07-20,6492.8,6508.4,6396.8,6408.2,31374,47700,0.0,IM2308,2023-08-18,contract_code_cffex_rule
2023-07-21,6402.4,6454.2,6383.0,6407.0,37502,56714,0.0,IM2308,2023-08-18,contract_code_cffex_rule
2023-07-24,6394.0,6445.4,6377.8,6393.6,24661,54618,0.0,IM2308,2023-08-18,contract_code_cffex_rule
2023-07-25,6477.0,6513.0,6455.0,6497.6,33597,56956,0.0,IM2308,2023-08-18,contract_code_cffex_rule
2023-07-26,6494.8,6495.8,6446.8,6468.4,23883,54432,0.0,IM2308,2023-08-18,contract_code_cffex_rule
2023-07-27,6470.2,6489.0,6403.6,6421.0,25942,56731,0.0,IM2308,2023-08-18,contract_code_cffex_rule
2023-07-28,6397.6,6491.2,6380.0,6473.6,36381,59569,0.0,IM2308,2023-08-18,contract_code_cffex_rule
2023-07-31,6495.0,6576.0,6486.6,6524.6,36386,59432,0.0,IM2308,2023-08-18,contract_code_cffex_rule
2023-08-01,6518.6,6539.6,6497.2,6509.0,25933,56027,0.0,IM2308,2023-08-18,contract_code_cffex_rule
2023-08-02,6501.6,6522.8,6470.0,6495.8,27477,55525,0.0,IM2308,2023-08-18,contract_code_cffex_rule
2023-08-03,6476.4,6500.0,6457.4,6495.6,26270,53865,0.0,IM2308,2023-08-18,contract_code_cffex_rule
2023-08-04,6520.6,6576.0,6503.8,6534.6,36472,57118,0.0,IM2308,2023-08-18,contract_code_cffex_rule
2023-08-07,6525.2,6549.0,6501.0,6515.6,25260,52722,0.0,IM2308,2023-08-18,contract_code_cffex_rule
2023-08-08,6502.4,6514.2,6456.2,6484.8,28508,53525,0.0,IM2308,2023-08-18,contract_code_cffex_rule
2023-08-09,6457.0,6480.0,6423.4,6433.2,24391,50170,0.0,IM2308,2023-08-18,contract_code_cffex_rule
2023-08-10,6423.0,6453.8,6397.4,6424.6,25321,50230,0.0,IM2308,2023-08-18,contract_code_cffex_rule
2023-08-11,6431.8,6435.8,6301.6,6304.0,32185,50054,0.0,IM2308,2023-08-18,contract_code_cffex_rule
2023-08-14,6246.0,6329.8,6212.8,6323.2,36541,47593,0.0,IM2308,2023-08-18,contract_code_cffex_rule
2023-08-15,6336.0,6336.4,6204.8,6268.2,35306,40790,0.0,IM2308,2023-08-18,contract_code_cffex_rule
2023-08-16,6245.0,6263.4,6188.6,6188.6,28738,31415,0.0,IM2308,2023-08-18,contract_code_cffex_rule
2023-08-17,6181.0,6273.0,6130.8,6243.8,28075,20815,0.0,IM2308,2023-08-18,contract_code_cffex_rule
2023-08-18,6251.4,6263.0,6158.8,6162.2,15168,9739,0.0,IM2308,2023-08-18,contract_code_cffex_rule
2023-01-30,6715.2,6736.6,6615.2,6621.4,2600,2153,0.0,IM2309,2023-09-15,contract_code_cffex_rule
2023-01-31,6614.8,6681.6,6603.8,6666.0,2642,3944,0.0,IM2309,2023-09-15,contract_code_cffex_rule
2023-02-01,6673.2,6752.4,6665.4,6752.2,3109,5039,0.0,IM2309,2023-09-15,contract_code_cffex_rule
2023-02-02,6776.0,6810.0,6742.0,6754.6,3111,6275,0.0,IM2309,2023-09-15,contract_code_cffex_rule
2023-02-03,6741.0,6755.6,6628.6,6716.8,3286,7422,0.0,IM2309,2023-09-15,contract_code_cffex_rule
2023-02-06,6689.0,6713.8,6635.4,6691.2,3375,8138,0.0,IM2309,2023-09-15,contract_code_cffex_rule
2023-02-07,6700.2,6711.2,6633.8,6698.8,3073,8628,0.0,IM2309,2023-09-15,contract_code_cffex_rule
2023-02-08,6705.8,6717.6,6641.2,6662.0,2220,8688,0.0,IM2309,2023-09-15,contract_code_cffex_rule
2023-02-09,6648.4,6841.0,6637.0,6839.4,3886,10195,0.0,IM2309,2023-09-15,contract_code_cffex_rule
2023-02-10,6830.0,6840.0,6714.0,6794.2,5209,11938,0.0,IM2309,2023-09-15,contract_code_cffex_rule
2023-02-13,6784.4,6856.8,6774.0,6842.2,2943,12069,0.0,IM2309,2023-09-15,contract_code_cffex_rule
2023-02-14,6850.2,6867.0,6812.4,6853.2,2886,12710,0.0,IM2309,2023-09-15,contract_code_cffex_rule
2023-02-15,6855.0,6865.4,6817.2,6836.0,2405,13164,0.0,IM2309,2023-09-15,contract_code_cffex_rule
2023-02-16,6836.4,6875.4,6675.4,6726.0,4964,15307,0.0,IM2309,2023-09-15,contract_code_cffex_rule
2023-02-17,6727.8,6761.2,6660.0,6673.0,4644,15936,0.0,IM2309,2023-09-15,contract_code_cffex_rule
2023-02-20,6680.2,6734.0,6619.4,6727.8,5457,17079,0.0,IM2309,2023-09-15,contract_code_cffex_rule
2023-02-21,6734.2,6789.2,6686.6,6738.8,4106,17387,0.0,IM2309,2023-09-15,contract_code_cffex_rule
2023-02-22,6710.0,6780.0,6710.0,6758.2,3797,18080,0.0,IM2309,2023-09-15,contract_code_cffex_rule
2023-02-23,6772.2,6776.6,6674.0,6739.0,4146,19322,0.0,IM2309,2023-09-15,contract_code_cffex_rule
2023-02-24,6739.8,6753.4,6663.0,6725.8,3332,19361,0.0,IM2309,2023-09-15,contract_code_cffex_rule
2023-02-27,6709.0,6711.6,6620.2,6668.6,4496,21300,0.0,IM2309,2023-09-15,contract_code_cffex_rule
2023-02-28,6687.4,6746.8,6638.8,6730.0,4816,22068,0.0,IM2309,2023-09-15,contract_code_cffex_rule
2023-03-01,6726.0,6778.8,6700.0,6768.6,4655,22160,0.0,IM2309,2023-09-15,contract_code_cffex_rule
2023-03-02,6768.6,6806.0,6731.6,6755.4,3929,22837,0.0,IM2309,2023-09-15,contract_code_cffex_rule
2023-03-03,6763.0,6794.8,6690.6,6738.0,4527,24199,0.0,IM2309,2023-09-15,contract_code_cffex_rule
2023-03-06,6739.4,6777.0,6692.0,6740.0,3417,24257,0.0,IM2309,2023-09-15,contract_code_cffex_rule
2023-03-07,6736.0,6746.0,6640.0,6640.6,4644,25872,0.0,IM2309,2023-09-15,contract_code_cffex_rule
2023-03-08,6628.2,6680.2,6618.0,6660.0,3728,26009,0.0,IM2309,2023-09-15,contract_code_cffex_rule
2023-03-09,6663.6,6678.0,6621.2,6662.0,4046,27273,0.0,IM2309,2023-09-15,contract_code_cffex_rule
2023-03-10,6630.0,6649.0,6582.2,6586.8,4947,28549,0.0,IM2309,2023-09-15,contract_code_cffex_rule
2023-03-13,6583.6,6625.0,6536.2,6618.8,4607,30173,0.0,IM2309,2023-09-15,contract_code_cffex_rule
2023-03-14,6604.8,6618.0,6485.6,6562.0,6943,33223,0.0,IM2309,2023-09-15,contract_code_cffex_rule
2023-03-15,6589.0,6648.4,6574.4,6592.8,6690,34448,0.0,IM2309,2023-09-15,contract_code_cffex_rule
2023-03-16,6568.8,6581.2,6486.2,6490.0,6508,36883,0.0,IM2309,2023-09-15,contract_code_cffex_rule
2023-03-17,6552.0,6603.0,6524.2,6553.8,7298,38378,0.0,IM2309,2023-09-15,contract_code_cffex_rule
2023-03-20,6570.0,6589.0,6523.0,6549.0,3648,37522,0.0,IM2309,2023-09-15,contract_code_cffex_rule
2023-03-21,6565.0,6636.8,6562.0,6624.8,4182,37951,0.0,IM2309,2023-09-15,contract_code_cffex_rule
2023-03-22,6640.2,6674.8,6634.4,6651.0,3182,37589,0.0,IM2309,2023-09-15,contract_code_cffex_rule
2023-03-23,6646.2,6685.8,6643.2,6674.0,2623,37843,0.0,IM2309,2023-09-15,contract_code_cffex_rule
2023-03-24,6680.2,6703.8,6666.0,6688.6,2592,38024,0.0,IM2309,2023-09-15,contract_code_cffex_rule
2023-03-27,6688.6,6720.4,6657.4,6695.0,2953,38266,0.0,IM2309,2023-09-15,contract_code_cffex_rule
2023-03-28,6695.0,6702.8,6658.2,6670.6,3816,38845,0.0,IM2309,2023-09-15,contract_code_cffex_rule
2023-03-29,6684.6,6695.2,6641.0,6659.2,3003,38522,0.0,IM2309,2023-09-15,contract_code_cffex_rule
2023-03-30,6660.0,6678.0,6617.0,6673.8,4764,39808,0.0,IM2309,2023-09-15,contract_code_cffex_rule
2023-03-31,6677.8,6727.4,6672.4,6725.0,3862,38968,0.0,IM2309,2023-09-15,contract_code_cffex_rule
2023-04-03,6725.0,6813.0,6725.0,6793.2,3849,39236,0.0,IM2309,2023-09-15,contract_code_cffex_rule
2023-04-04,6793.2,6806.0,6761.4,6802.0,2979,39384,0.0,IM2309,2023-09-15,contract_code_cffex_rule
2023-04-06,6779.2,6817.2,6772.8,6802.0,3681,39704,0.0,IM2309,2023-09-15,contract_code_cffex_rule
2023-04-07,6806.2,6874.8,6806.2,6860.6,4000,39425,0.0,IM2309,2023-09-15,contract_code_cffex_rule
2023-04-10,6867.0,6884.6,6820.0,6835.0,7223,42049,0.0,IM2309,2023-09-15,contract_code_cffex_rule
2023-04-11,6836.8,6853.0,6816.0,6830.2,4452,41702,0.0,IM2309,2023-09-15,contract_code_cffex_rule
2023-04-12,6845.2,6868.8,6830.0,6855.0,3483,41723,0.0,IM2309,2023-09-15,contract_code_cffex_rule
2023-04-13,6852.2,6864.8,6818.6,6823.2,5460,43555,0.0,IM2309,2023-09-15,contract_code_cffex_rule
2023-04-14,6845.8,6872.4,6815.6,6856.2,4087,43254,0.0,IM2309,2023-09-15,contract_code_cffex_rule
2023-04-17,6846.6,6878.6,6846.6,6865.0,3103,43338,0.0,IM2309,2023-09-15,contract_code_cffex_rule
2023-04-18,6861.2,6870.0,6829.2,6838.0,5122,44737,0.0,IM2309,2023-09-15,contract_code_cffex_rule
2023-04-19,6838.0,6861.6,6802.6,6815.0,4569,44622,0.0,IM2309,2023-09-15,contract_code_cffex_rule
2023-04-20,6812.6,6821.6,6780.8,6814.8,4879,45665,0.0,IM2309,2023-09-15,contract_code_cffex_rule
2023-04-21,6813.4,6814.6,6650.0,6650.0,8442,47974,0.0,IM2309,2023-09-15,contract_code_cffex_rule
2023-04-24,6649.8,6663.0,6583.0,6610.4,8302,46841,0.0,IM2309,2023-09-15,contract_code_cffex_rule
2023-04-25,6600.0,6610.8,6430.0,6524.8,10751,48146,0.0,IM2309,2023-09-15,contract_code_cffex_rule
2023-04-26,6500.0,6566.6,6500.0,6540.0,6602,47168,0.0,IM2309,2023-09-15,contract_code_cffex_rule
2023-04-27,6519.6,6602.0,6515.2,6565.2,5780,47724,0.0,IM2309,2023-09-15,contract_code_cffex_rule
2023-04-28,6563.2,6660.2,6563.0,6653.0,5430,46997,0.0,IM2309,2023-09-15,contract_code_cffex_rule
2023-05-04,6635.0,6657.8,6599.6,6637.4,3962,47217,0.0,IM2309,2023-09-15,contract_code_cffex_rule
2023-05-05,6636.4,6636.4,6522.4,6562.2,6331,48983,0.0,IM2309,2023-09-15,contract_code_cffex_rule
2023-05-08,6581.0,6630.8,6562.0,6594.2,5795,48433,0.0,IM2309,2023-09-15,contract_code_cffex_rule
2023-05-09,6594.0,6608.8,6530.6,6532.6,6694,49442,0.0,IM2309,2023-09-15,contract_code_cffex_rule
2023-05-10,6524.0,6571.8,6500.0,6538.0,6248,49211,0.0,IM2309,2023-09-15,contract_code_cffex_rule
2023-05-11,6547.6,6570.0,6530.8,6534.0,3694,49039,0.0,IM2309,2023-09-15,contract_code_cffex_rule
2023-05-12,6514.4,6558.8,6453.0,6465.8,6936,51006,0.0,IM2309,2023-09-15,contract_code_cffex_rule
2023-05-15,6468.2,6502.0,6394.4,6498.8,12889,50933,0.0,IM2309,2023-09-15,contract_code_cffex_rule
2023-05-16,6498.0,6500.0,6417.4,6445.4,6380,49546,0.0,IM2309,2023-09-15,contract_code_cffex_rule
2023-05-17,6439.6,6485.0,6430.2,6463.0,5494,50279,0.0,IM2309,2023-09-15,contract_code_cffex_rule
2023-05-18,6472.8,6508.8,6468.4,6496.8,6467,50293,0.0,IM2309,2023-09-15,contract_code_cffex_rule
2023-05-19,6489.8,6555.0,6460.6,6538.4,8629,52684,0.0,IM2309,2023-09-15,contract_code_cffex_rule
2023-05-22,6534.6,6546.2,6482.0,6527.0,6713,52351,0.0,IM2309,2023-09-15,contract_code_cffex_rule
2023-05-23,6518.0,6540.6,6463.0,6469.4,7893,54330,0.0,IM2309,2023-09-15,contract_code_cffex_rule
2023-05-24,6450.4,6507.6,6418.8,6450.4,9783,55125,0.0,IM2309,2023-09-15,contract_code_cffex_rule
2023-05-25,6443.4,6495.0,6354.0,6431.0,11794,57232,0.0,IM2309,2023-09-15,contract_code_cffex_rule
2023-05-26,6420.8,6501.2,6381.2,6481.8,10445,56119,0.0,IM2309,2023-09-15,contract_code_cffex_rule
2023-05-29,6510.0,6526.0,6441.0,6475.0,6964,55856,0.0,IM2309,2023-09-15,contract_code_cffex_rule
2023-05-30,6458.0,6518.0,6404.4,6507.8,8693,56629,0.0,IM2309,2023-09-15,contract_code_cffex_rule
2023-05-31,6494.8,6523.6,6456.0,6494.8,8710,56987,0.0,IM2309,2023-09-15,contract_code_cffex_rule
2023-06-01,6485.0,6556.0,6458.4,6519.4,8652,57241,0.0,IM2309,2023-09-15,contract_code_cffex_rule
2023-06-02,6540.0,6583.2,6531.8,6558.4,8826,57850,0.0,IM2309,2023-09-15,contract_code_cffex_rule
2023-06-05,6559.0,6575.8,6541.4,6557.6,5485,57442,0.0,IM2309,2023-09-15,contract_code_cffex_rule
2023-06-06,6547.2,6549.4,6406.0,6416.4,11027,60477,0.0,IM2309,2023-09-15,contract_code_cffex_rule
2023-06-07,6430.2,6460.8,6404.0,6418.0,8156,59456,0.0,IM2309,2023-09-15,contract_code_cffex_rule
2023-06-08,6415.0,6416.8,6335.2,6387.4,10853,62473,0.0,IM2309,2023-09-15,contract_code_cffex_rule
2023-06-09,6390.0,6437.0,6365.2,6425.0,9936,61669,0.0,IM2309,2023-09-15,contract_code_cffex_rule
2023-06-12,6416.8,6487.8,6416.8,6456.2,10812,63263,0.0,IM2309,2023-09-15,contract_code_cffex_rule
2023-06-13,6451.0,6497.4,6450.6,6484.6,10124,64552,0.0,IM2309,2023-09-15,contract_code_cffex_rule
2023-06-14,6494.0,6528.6,6483.2,6507.0,14761,68807,0.0,IM2309,2023-09-15,contract_code_cffex_rule
2023-06-15,6514.0,6570.6,6508.4,6553.0,14876,69965,0.0,IM2309,2023-09-15,contract_code_cffex_rule
2023-06-16,6555.0,6624.6,6549.2,6597.6,13759,71153,0.0,IM2309,2023-09-15,contract_code_cffex_rule
2023-06-19,6600.2,6630.4,6598.0,6602.8,10152,69127,0.0,IM2309,2023-09-15,contract_code_cffex_rule
2023-06-20,6602.0,6634.8,6592.6,6608.0,8876,69015,0.0,IM2309,2023-09-15,contract_code_cffex_rule
2023-06-21,6598.6,6601.0,6489.0,6489.0,14258,70129,0.0,IM2309,2023-09-15,contract_code_cffex_rule
2023-06-26,6452.6,6483.0,6373.8,6399.6,16155,71384,0.0,IM2309,2023-09-15,contract_code_cffex_rule
2023-06-27,6410.0,6468.2,6396.6,6440.0,12918,69561,0.0,IM2309,2023-09-15,contract_code_cffex_rule
2023-06-28,6432.6,6436.8,6331.0,6430.6,14777,70705,0.0,IM2309,2023-09-15,contract_code_cffex_rule
2023-06-29,6422.6,6475.0,6415.0,6455.4,10533,67740,0.0,IM2309,2023-09-15,contract_code_cffex_rule
2023-06-30,6451.6,6558.8,6446.4,6537.8,10691,66515,0.0,IM2309,2023-09-15,contract_code_cffex_rule
2023-07-03,6559.0,6589.0,6524.0,6546.2,10143,66134,0.0,IM2309,2023-09-15,contract_code_cffex_rule
2023-07-04,6545.2,6575.0,6545.0,6572.8,6113,64618,0.0,IM2309,2023-09-15,contract_code_cffex_rule
2023-07-05,6562.0,6576.4,6514.2,6528.6,7744,64863,0.0,IM2309,2023-09-15,contract_code_cffex_rule
2023-07-06,6523.0,6566.0,6494.6,6498.8,9585,65466,0.0,IM2309,2023-09-15,contract_code_cffex_rule
2023-07-07,6489.0,6500.8,6435.0,6477.8,11066,66142,0.0,IM2309,2023-09-15,contract_code_cffex_rule
2023-07-10,6509.0,6516.2,6455.8,6481.6,8017,64805,0.0,IM2309,2023-09-15,contract_code_cffex_rule
2023-07-11,6498.8,6544.0,6475.8,6535.2,7998,65251,0.0,IM2309,2023-09-15,contract_code_cffex_rule
2023-07-12,6539.0,6542.6,6446.0,6454.0,11514,66838,0.0,IM2309,2023-09-15,contract_code_cffex_rule
2023-07-13,6478.0,6527.6,6470.2,6520.8,11114,65998,0.0,IM2309,2023-09-15,contract_code_cffex_rule
2023-07-14,6539.0,6541.4,6510.8,6511.0,7755,65513,0.0,IM2309,2023-09-15,contract_code_cffex_rule
2023-07-17,6498.2,6499.8,6441.6,6479.2,11744,66244,0.0,IM2309,2023-09-15,contract_code_cffex_rule
2023-07-18,6486.2,6504.2,6451.8,6483.8,9113,65285,0.0,IM2309,2023-09-15,contract_code_cffex_rule
2023-07-19,6481.0,6501.2,6438.0,6469.0,10301,67120,0.0,IM2309,2023-09-15,contract_code_cffex_rule
2023-07-20,6478.0,6496.0,6388.2,6396.4,16300,72274,0.0,IM2309,2023-09-15,contract_code_cffex_rule
2023-07-21,6393.6,6439.8,6375.2,6398.0,14694,72009,0.0,IM2309,2023-09-15,contract_code_cffex_rule
2023-07-24,6382.0,6432.6,6371.2,6385.0,9236,71766,0.0,IM2309,2023-09-15,contract_code_cffex_rule
2023-07-25,6467.4,6503.8,6446.0,6488.8,13781,70598,0.0,IM2309,2023-09-15,contract_code_cffex_rule
2023-07-26,6495.0,6495.0,6443.0,6462.8,9534,70539,0.0,IM2309,2023-09-15,contract_code_cffex_rule
2023-07-27,6472.2,6485.0,6401.4,6416.0,11458,72175,0.0,IM2309,2023-09-15,contract_code_cffex_rule
2023-07-28,6400.0,6485.0,6379.2,6466.0,16751,72930,0.0,IM2309,2023-09-15,contract_code_cffex_rule
2023-07-31,6479.8,6567.0,6479.8,6514.4,17519,72453,0.0,IM2309,2023-09-15,contract_code_cffex_rule
2023-08-01,6509.0,6534.8,6495.0,6502.8,11350,71267,0.0,IM2309,2023-09-15,contract_code_cffex_rule
2023-08-02,6493.2,6517.4,6468.8,6490.8,12310,70783,0.0,IM2309,2023-09-15,contract_code_cffex_rule
2023-08-03,6479.8,6495.2,6454.2,6490.4,9754,69473,0.0,IM2309,2023-09-15,contract_code_cffex_rule
2023-08-04,6528.0,6574.6,6502.2,6531.0,16649,72112,0.0,IM2309,2023-09-15,contract_code_cffex_rule
2023-08-07,6525.0,6547.8,6502.6,6515.0,11368,71366,0.0,IM2309,2023-09-15,contract_code_cffex_rule
2023-08-08,6503.8,6514.4,6462.2,6487.4,12627,73332,0.0,IM2309,2023-09-15,contract_code_cffex_rule
2023-08-09,6478.4,6485.8,6432.2,6442.0,13586,73821,0.0,IM2309,2023-09-15,contract_code_cffex_rule
2023-08-10,6441.2,6459.4,6405.0,6429.2,12195,73466,0.0,IM2309,2023-09-15,contract_code_cffex_rule
2023-08-11,6439.2,6441.0,6303.8,6310.0,18357,75869,0.0,IM2309,2023-09-15,contract_code_cffex_rule
2023-08-14,6259.8,6330.6,6215.4,6326.2,23084,78412,0.0,IM2309,2023-09-15,contract_code_cffex_rule
2023-08-15,6318.2,6338.6,6206.6,6270.2,26862,84683,0.0,IM2309,2023-09-15,contract_code_cffex_rule
2023-08-16,6247.8,6268.4,6197.0,6200.0,27683,90161,0.0,IM2309,2023-09-15,contract_code_cffex_rule
2023-08-17,6173.0,6273.4,6131.8,6257.6,44343,106222,0.0,IM2309,2023-09-15,contract_code_cffex_rule
2023-08-18,6259.0,6280.6,6123.2,6127.4,51556,114590,0.0,IM2309,2023-09-15,contract_code_cffex_rule
2023-08-21,6119.4,6169.6,5910.4,6053.8,49495,115780,0.0,IM2309,2023-09-15,contract_code_cffex_rule
2023-08-22,6093.8,6108.8,5973.0,6084.0,56411,117360,0.0,IM2309,2023-09-15,contract_code_cffex_rule
2023-08-23,6071.2,6075.0,5955.6,5974.8,46053,114016,0.0,IM2309,2023-09-15,contract_code_cffex_rule
2023-08-24,6003.2,6051.6,5948.0,5977.6,48013,114480,0.0,IM2309,2023-09-15,contract_code_cffex_rule
2023-08-25,5950.0,5986.2,5851.0,5881.8,60560,118272,0.0,IM2309,2023-09-15,contract_code_cffex_rule
2023-08-28,6230.0,6230.0,5888.2,5907.6,74218,114864,0.0,IM2309,2023-09-15,contract_code_cffex_rule
2023-08-29,5908.0,6143.8,5904.8,6099.2,76913,116174,0.0,IM2309,2023-09-15,contract_code_cffex_rule
2023-08-30,6121.0,6203.6,6103.0,6128.2,59262,108927,0.0,IM2309,2023-09-15,contract_code_cffex_rule
2023-08-31,6124.4,6138.8,6081.6,6110.6,44355,105451,0.0,IM2309,2023-09-15,contract_code_cffex_rule
2023-09-01,6123.4,6148.8,6081.8,6103.0,37772,101705,0.0,IM2309,2023-09-15,contract_code_cffex_rule
2023-09-04,6130.0,6198.0,6100.2,6198.0,49221,102622,0.0,IM2309,2023-09-15,contract_code_cffex_rule
2023-09-05,6190.0,6208.8,6143.0,6162.2,37506,93238,0.0,IM2309,2023-09-15,contract_code_cffex_rule
2023-09-06,6145.0,6207.0,6096.4,6178.8,40919,93733,0.0,IM2309,2023-09-15,contract_code_cffex_rule
2023-09-07,6160.0,6170.8,6068.0,6077.2,49425,90160,0.0,IM2309,2023-09-15,contract_code_cffex_rule
2023-09-08,6050.4,6111.0,6050.4,6075.4,41430,82315,0.0,IM2309,2023-09-15,contract_code_cffex_rule
2023-09-11,6093.0,6198.2,6058.0,6165.0,53983,78322,0.0,IM2309,2023-09-15,contract_code_cffex_rule
2023-09-12,6165.0,6197.4,6153.4,6172.2,38208,61161,0.0,IM2309,2023-09-15,contract_code_cffex_rule
2023-09-13,6158.0,6165.4,6041.4,6094.0,50989,48936,0.0,IM2309,2023-09-15,contract_code_cffex_rule
2023-09-14,6093.0,6093.6,6031.2,6077.2,38289,25838,0.0,IM2309,2023-09-15,contract_code_cffex_rule
2023-09-15,6088.0,6122.4,6047.2,6066.6,20135,12118,0.0,IM2309,2023-09-15,contract_code_cffex_rule
2023-08-21,6121.6,6170.8,6050.2,6051.6,1070,1050,0.0,IM2310,2023-10-20,contract_code_cffex_rule
2023-08-22,6087.6,6107.8,5985.8,6082.8,2123,1825,0.0,IM2310,2023-10-20,contract_code_cffex_rule
2023-08-23,6066.6,6070.4,5951.6,5969.8,2017,2227,0.0,IM2310,2023-10-20,contract_code_cffex_rule
2023-08-24,5994.4,6047.0,5945.0,5975.6,2496,3467,0.0,IM2310,2023-10-20,contract_code_cffex_rule
2023-08-25,5956.2,5984.6,5848.4,5885.8,3953,4876,0.0,IM2310,2023-10-20,contract_code_cffex_rule
2023-08-28,6202.0,6232.0,5887.8,5902.0,5238,6607,0.0,IM2310,2023-10-20,contract_code_cffex_rule
2023-08-29,5898.8,6140.8,5898.8,6096.8,5670,7608,0.0,IM2310,2023-10-20,contract_code_cffex_rule
2023-08-30,6107.2,6199.6,6101.8,6129.8,5721,9386,0.0,IM2310,2023-10-20,contract_code_cffex_rule
2023-08-31,6119.8,6140.6,6081.0,6110.0,4428,9754,0.0,IM2310,2023-10-20,contract_code_cffex_rule
2023-09-01,6120.2,6151.2,6080.8,6101.0,3780,10684,0.0,IM2310,2023-10-20,contract_code_cffex_rule
2023-09-04,6128.6,6197.6,6100.8,6196.6,4972,11736,0.0,IM2310,2023-10-20,contract_code_cffex_rule
2023-09-05,6180.2,6208.0,6140.8,6159.4,5192,12883,0.0,IM2310,2023-10-20,contract_code_cffex_rule
2023-09-06,6142.8,6204.4,6092.6,6178.6,5563,14804,0.0,IM2310,2023-10-20,contract_code_cffex_rule
2023-09-07,6169.4,6170.6,6066.6,6073.0,7826,17471,0.0,IM2310,2023-10-20,contract_code_cffex_rule
2023-09-08,6053.4,6103.8,6051.6,6072.2,8164,20257,0.0,IM2310,2023-10-20,contract_code_cffex_rule
2023-09-11,6085.2,6192.0,6053.2,6155.4,12300,26762,0.0,IM2310,2023-10-20,contract_code_cffex_rule
2023-09-12,6145.4,6187.0,6145.4,6164.8,12521,31720,0.0,IM2310,2023-10-20,contract_code_cffex_rule
2023-09-13,6160.8,6160.8,6025.0,6082.0,24385,44823,0.0,IM2310,2023-10-20,contract_code_cffex_rule
2023-09-14,6070.2,6078.6,6007.4,6058.8,32732,57046,0.0,IM2310,2023-10-20,contract_code_cffex_rule
2023-09-15,6066.8,6110.0,6020.8,6067.4,46550,70532,0.0,IM2310,2023-10-20,contract_code_cffex_rule
2023-09-18,6040.0,6107.0,6019.2,6083.6,45674,72555,0.0,IM2310,2023-10-20,contract_code_cffex_rule
2023-09-19,6078.2,6079.6,6010.0,6039.2,37431,72024,0.0,IM2310,2023-10-20,contract_code_cffex_rule
2023-09-20,6020.0,6043.8,5985.0,5987.2,29923,71440,0.0,IM2310,2023-10-20,contract_code_cffex_rule
2023-09-21,5970.0,6006.2,5928.4,5941.8,38129,75442,0.0,IM2310,2023-10-20,contract_code_cffex_rule
2023-09-22,5941.6,6068.0,5925.2,6065.0,52998,76350,0.0,IM2310,2023-10-20,contract_code_cffex_rule
2023-09-25,6055.2,6070.0,6009.8,6031.4,34272,68659,0.0,IM2310,2023-10-20,contract_code_cffex_rule
2023-09-26,6021.6,6038.2,6000.8,6007.2,27754,67998,0.0,IM2310,2023-10-20,contract_code_cffex_rule
2023-09-27,6005.0,6080.0,5997.8,6050.2,38721,70607,0.0,IM2310,2023-10-20,contract_code_cffex_rule
2023-09-28,6063.4,6078.4,6045.0,6075.0,31072,66737,0.0,IM2310,2023-10-20,contract_code_cffex_rule
2023-10-09,6075.0,6079.6,6017.0,6055.0,36957,68420,0.0,IM2310,2023-10-20,contract_code_cffex_rule
2023-10-10,6074.2,6094.8,6028.4,6033.8,29619,63047,0.0,IM2310,2023-10-20,contract_code_cffex_rule
2023-10-11,6059.8,6114.4,6026.0,6040.4,39897,64663,0.0,IM2310,2023-10-20,contract_code_cffex_rule
2023-10-12,6078.0,6096.8,6052.0,6093.0,33395,58148,0.0,IM2310,2023-10-20,contract_code_cffex_rule
2023-10-13,6069.0,6085.6,6058.4,6084.2,24927,55661,0.0,IM2310,2023-10-20,contract_code_cffex_rule
2023-10-16,6090.2,6092.0,5995.0,6013.4,36887,55778,0.0,IM2310,2023-10-20,contract_code_cffex_rule
2023-10-17,6020.2,6024.4,5961.0,6006.6,35111,46652,0.0,IM2310,2023-10-20,contract_code_cffex_rule
2023-10-18,5990.0,5990.0,5894.0,5904.6,37469,36893,0.0,IM2310,2023-10-20,contract_code_cffex_rule
2023-10-19,5884.2,5926.8,5837.6,5845.2,33707,22835,0.0,IM2310,2023-10-20,contract_code_cffex_rule
2023-10-20,5823.8,5863.0,5781.2,5787.0,18302,9502,0.0,IM2310,2023-10-20,contract_code_cffex_rule
2023-09-18,6036.4,6098.2,6015.4,6071.2,1064,1032,0.0,IM2311,2023-11-17,contract_code_cffex_rule
2023-09-19,6063.8,6068.6,6005.2,6030.8,1010,1059,0.0,IM2311,2023-11-17,contract_code_cffex_rule
2023-09-20,6022.0,6037.2,5980.6,5983.2,1222,1605,0.0,IM2311,2023-11-17,contract_code_cffex_rule
2023-09-21,5962.6,5998.8,5923.8,5936.2,1439,1902,0.0,IM2311,2023-11-17,contract_code_cffex_rule
2023-09-22,5931.0,6065.8,5918.8,6062.4,1646,2254,0.0,IM2311,2023-11-17,contract_code_cffex_rule
2023-09-25,6068.0,6068.0,6004.2,6027.0,2048,3095,0.0,IM2311,2023-11-17,contract_code_cffex_rule
2023-09-26,6021.0,6032.4,5996.8,6003.8,3049,4686,0.0,IM2311,2023-11-17,contract_code_cffex_rule
2023-09-27,6003.8,6072.8,5993.4,6045.4,2604,5403,0.0,IM2311,2023-11-17,contract_code_cffex_rule
2023-09-28,6054.8,6070.2,6037.4,6064.0,2938,6153,0.0,IM2311,2023-11-17,contract_code_cffex_rule
2023-10-09,6061.0,6069.0,6010.6,6043.0,3892,6961,0.0,IM2311,2023-11-17,contract_code_cffex_rule
2023-10-10,6072.8,6084.2,6018.2,6024.2,2287,6923,0.0,IM2311,2023-11-17,contract_code_cffex_rule
2023-10-11,6050.2,6103.2,6016.2,6030.2,4171,8931,0.0,IM2311,2023-11-17,contract_code_cffex_rule
2023-10-12,6066.6,6084.2,6041.6,6081.0,5100,10687,0.0,IM2311,2023-11-17,contract_code_cffex_rule
2023-10-13,6062.4,6072.8,6046.6,6072.0,4146,11982,0.0,IM2311,2023-11-17,contract_code_cffex_rule
2023-10-16,6075.8,6078.6,5984.6,6000.2,9744,18175,0.0,IM2311,2023-11-17,contract_code_cffex_rule
2023-10-17,6001.4,6015.2,5950.8,5994.4,13700,24662,0.0,IM2311,2023-11-17,contract_code_cffex_rule
2023-10-18,5976.6,5976.6,5881.2,5887.4,20693,35946,0.0,IM2311,2023-11-17,contract_code_cffex_rule
2023-10-19,5861.2,5912.2,5818.6,5830.4,34130,53233,0.0,IM2311,2023-11-17,contract_code_cffex_rule
2023-10-20,5820.0,5848.4,5741.8,5766.2,45404,64725,0.0,IM2311,2023-11-17,contract_code_cffex_rule
2023-10-23,5751.4,5751.4,5571.2,5602.0,48848,67632,0.0,IM2311,2023-11-17,contract_code_cffex_rule
2023-10-24,5622.6,5725.0,5588.8,5675.2,52659,68042,0.0,IM2311,2023-11-17,contract_code_cffex_rule
2023-10-25,5725.0,5792.8,5725.0,5739.6,35641,61564,0.0,IM2311,2023-11-17,contract_code_cffex_rule
2023-10-26,5720.4,5804.2,5702.0,5780.8,42229,64865,0.0,IM2311,2023-11-17,contract_code_cffex_rule
2023-10-27,5762.2,5927.4,5748.2,5907.0,50082,61876,0.0,IM2311,2023-11-17,contract_code_cffex_rule
2023-10-30,5902.0,6003.0,5896.8,5975.0,38967,60803,0.0,IM2311,2023-11-17,contract_code_cffex_rule
2023-10-31,5975.0,5989.6,5914.2,5945.0,35985,59087,0.0,IM2311,2023-11-17,contract_code_cffex_rule
2023-11-01,5950.0,5965.0,5912.8,5936.2,31788,56954,0.0,IM2311,2023-11-17,contract_code_cffex_rule
2023-11-02,5945.6,5969.6,5873.2,5877.4,32331,58022,0.0,IM2311,2023-11-17,contract_code_cffex_rule
2023-11-03,5888.0,5995.4,5888.0,5958.0,44539,60138,0.0,IM2311,2023-11-17,contract_code_cffex_rule
2023-11-06,6000.2,6099.8,6000.0,6085.8,39128,56259,0.0,IM2311,2023-11-17,contract_code_cffex_rule
2023-11-07,6085.6,6128.0,6057.6,6098.0,32102,54924,0.0,IM2311,2023-11-17,contract_code_cffex_rule
2023-11-08,6097.0,6138.8,6072.4,6110.6,38629,55049,0.0,IM2311,2023-11-17,contract_code_cffex_rule
2023-11-09,6102.0,6146.6,6055.8,6072.2,38845,53937,0.0,IM2311,2023-11-17,contract_code_cffex_rule
2023-11-10,6050.4,6079.4,6025.2,6066.0,35815,48280,0.0,IM2311,2023-11-17,contract_code_cffex_rule
2023-11-13,6088.4,6125.0,6062.4,6124.0,35749,44284,0.0,IM2311,2023-11-17,contract_code_cffex_rule
2023-11-14,6124.0,6179.2,6111.4,6165.4,37346,39007,0.0,IM2311,2023-11-17,contract_code_cffex_rule
2023-11-15,6210.0,6228.4,6171.0,6199.2,30794,28855,0.0,IM2311,2023-11-17,contract_code_cffex_rule
2023-11-16,6182.8,6192.2,6138.0,6145.0,25910,16428,0.0,IM2311,2023-11-17,contract_code_cffex_rule
2023-11-17,6140.0,6180.4,6128.4,6179.6,13407,6236,0.0,IM2311,2023-11-17,contract_code_cffex_rule
2023-04-24,6583.8,6583.8,6516.0,6516.0,3544,3502,0.0,IM2312,2023-12-15,contract_code_cffex_rule
2023-04-25,6535.2,6548.8,6367.6,6450.2,5238,6425,0.0,IM2312,2023-12-15,contract_code_cffex_rule
2023-04-26,6437.0,6503.0,6431.8,6470.0,2711,6363,0.0,IM2312,2023-12-15,contract_code_cffex_rule
2023-04-27,6458.4,6538.2,6450.6,6495.0,2868,7553,0.0,IM2312,2023-12-15,contract_code_cffex_rule
2023-04-28,6495.0,6596.0,6495.0,6596.0,2828,8125,0.0,IM2312,2023-12-15,contract_code_cffex_rule
2023-05-04,6576.0,6596.6,6539.2,6580.2,1801,8818,0.0,IM2312,2023-12-15,contract_code_cffex_rule
2023-05-05,6580.0,6580.0,6466.0,6501.0,3060,10205,0.0,IM2312,2023-12-15,contract_code_cffex_rule
2023-05-08,6510.2,6574.6,6510.2,6548.0,2110,10204,0.0,IM2312,2023-12-15,contract_code_cffex_rule
2023-05-09,6541.2,6552.6,6476.4,6482.4,3499,11856,0.0,IM2312,2023-12-15,contract_code_cffex_rule
2023-05-10,6474.8,6516.4,6445.6,6488.0,3403,12528,0.0,IM2312,2023-12-15,contract_code_cffex_rule
2023-05-11,6490.0,6515.0,6475.8,6482.2,1835,12663,0.0,IM2312,2023-12-15,contract_code_cffex_rule
2023-05-12,6475.2,6507.0,6401.0,6415.8,3496,14352,0.0,IM2312,2023-12-15,contract_code_cffex_rule
2023-05-15,6412.0,6456.8,6348.4,6450.8,4564,15808,0.0,IM2312,2023-12-15,contract_code_cffex_rule
2023-05-16,6455.0,6456.6,6370.4,6397.0,3441,15634,0.0,IM2312,2023-12-15,contract_code_cffex_rule
2023-05-17,6389.8,6435.2,6383.2,6415.6,2442,15784,0.0,IM2312,2023-12-15,contract_code_cffex_rule
2023-05-18,6420.0,6457.2,6419.4,6447.8,3341,16960,0.0,IM2312,2023-12-15,contract_code_cffex_rule
2023-05-19,6445.0,6500.8,6406.8,6487.0,2769,16926,0.0,IM2312,2023-12-15,contract_code_cffex_rule
2023-05-22,6481.0,6498.4,6435.0,6480.0,2292,17420,0.0,IM2312,2023-12-15,contract_code_cffex_rule
2023-05-23,6476.0,6492.8,6418.0,6421.0,2558,17458,0.0,IM2312,2023-12-15,contract_code_cffex_rule
2023-05-24,6410.8,6461.0,6373.2,6409.0,2959,18120,0.0,IM2312,2023-12-15,contract_code_cffex_rule
2023-05-25,6399.8,6449.4,6310.0,6390.4,4696,19695,0.0,IM2312,2023-12-15,contract_code_cffex_rule
2023-05-26,6382.4,6458.2,6340.0,6440.6,2883,19190,0.0,IM2312,2023-12-15,contract_code_cffex_rule
2023-05-29,6462.4,6482.0,6399.6,6436.0,2281,19708,0.0,IM2312,2023-12-15,contract_code_cffex_rule
2023-05-30,6429.6,6476.6,6367.2,6468.4,3953,20604,0.0,IM2312,2023-12-15,contract_code_cffex_rule
2023-05-31,6463.2,6483.6,6415.6,6449.4,2928,20614,0.0,IM2312,2023-12-15,contract_code_cffex_rule
2023-06-01,6439.4,6512.8,6418.0,6485.0,3160,21186,0.0,IM2312,2023-12-15,contract_code_cffex_rule
2023-06-02,6510.8,6541.6,6491.2,6520.0,3455,21338,0.0,IM2312,2023-12-15,contract_code_cffex_rule
2023-06-05,6525.0,6535.0,6500.2,6518.8,2207,21763,0.0,IM2312,2023-12-15,contract_code_cffex_rule
2023-06-06,6512.8,6512.8,6369.4,6377.8,4934,24283,0.0,IM2312,2023-12-15,contract_code_cffex_rule
2023-06-07,6388.2,6419.8,6362.8,6378.4,3588,24346,0.0,IM2312,2023-12-15,contract_code_cffex_rule
2023-06-08,6378.4,6378.4,6295.0,6345.8,5053,25294,0.0,IM2312,2023-12-15,contract_code_cffex_rule
2023-06-09,6348.0,6388.6,6312.6,6383.8,5672,25978,0.0,IM2312,2023-12-15,contract_code_cffex_rule
2023-06-12,6373.8,6433.8,6365.0,6410.6,6064,27992,0.0,IM2312,2023-12-15,contract_code_cffex_rule
2023-06-13,6406.0,6443.0,6393.4,6432.4,5541,29881,0.0,IM2312,2023-12-15,contract_code_cffex_rule
2023-06-14,6435.0,6471.4,6427.0,6452.8,5495,31798,0.0,IM2312,2023-12-15,contract_code_cffex_rule
2023-06-15,6462.2,6514.6,6448.0,6495.6,7831,35866,0.0,IM2312,2023-12-15,contract_code_cffex_rule
2023-06-16,6503.8,6571.6,6492.2,6545.8,5676,36099,0.0,IM2312,2023-12-15,contract_code_cffex_rule
2023-06-19,6550.0,6573.8,6540.0,6550.8,3365,36769,0.0,IM2312,2023-12-15,contract_code_cffex_rule
2023-06-20,6543.2,6576.0,6534.6,6554.4,3807,37447,0.0,IM2312,2023-12-15,contract_code_cffex_rule
2023-06-21,6545.6,6545.6,6435.0,6440.0,7058,39982,0.0,IM2312,2023-12-15,contract_code_cffex_rule
2023-06-26,6400.0,6428.2,6321.2,6350.0,7848,41229,0.0,IM2312,2023-12-15,contract_code_cffex_rule
2023-06-27,6358.2,6413.0,6345.0,6382.4,5480,41802,0.0,IM2312,2023-12-15,contract_code_cffex_rule
2023-06-28,6383.0,6383.0,6277.0,6380.8,6767,43307,0.0,IM2312,2023-12-15,contract_code_cffex_rule
2023-06-29,6374.8,6419.8,6362.4,6401.0,5226,43045,0.0,IM2312,2023-12-15,contract_code_cffex_rule
2023-06-30,6398.8,6501.0,6386.8,6484.2,4671,43535,0.0,IM2312,2023-12-15,contract_code_cffex_rule
2023-07-03,6508.4,6530.0,6467.4,6494.6,4244,44232,0.0,IM2312,2023-12-15,contract_code_cffex_rule
2023-07-04,6487.0,6517.2,6487.0,6515.2,2882,44476,0.0,IM2312,2023-12-15,contract_code_cffex_rule
2023-07-05,6514.4,6515.0,6458.0,6468.4,3931,45523,0.0,IM2312,2023-12-15,contract_code_cffex_rule
2023-07-06,6463.0,6507.0,6438.2,6442.0,4501,45372,0.0,IM2312,2023-12-15,contract_code_cffex_rule
2023-07-07,6432.0,6443.4,6378.4,6424.0,4809,46180,0.0,IM2312,2023-12-15,contract_code_cffex_rule
2023-07-10,6451.4,6459.6,6401.2,6426.6,3917,46192,0.0,IM2312,2023-12-15,contract_code_cffex_rule
2023-07-11,6433.4,6489.0,6420.8,6479.4,4208,46692,0.0,IM2312,2023-12-15,contract_code_cffex_rule
2023-07-12,6483.6,6485.0,6393.8,6401.8,5770,48092,0.0,IM2312,2023-12-15,contract_code_cffex_rule
2023-07-13,6426.4,6475.0,6421.2,6467.6,5285,48154,0.0,IM2312,2023-12-15,contract_code_cffex_rule
2023-07-14,6479.0,6488.4,6458.6,6459.0,4196,48404,0.0,IM2312,2023-12-15,contract_code_cffex_rule
2023-07-17,6444.0,6444.0,6390.2,6433.4,4545,49089,0.0,IM2312,2023-12-15,contract_code_cffex_rule
2023-07-18,6450.0,6452.0,6401.8,6433.4,3968,49049,0.0,IM2312,2023-12-15,contract_code_cffex_rule
2023-07-19,6431.2,6450.2,6389.0,6419.6,4830,50418,0.0,IM2312,2023-12-15,contract_code_cffex_rule
2023-07-20,6435.2,6443.2,6341.6,6349.0,7712,52433,0.0,IM2312,2023-12-15,contract_code_cffex_rule
2023-07-21,6344.6,6391.0,6330.4,6354.8,7832,53768,0.0,IM2312,2023-12-15,contract_code_cffex_rule
2023-07-24,6348.0,6387.6,6327.8,6343.2,5635,53201,0.0,IM2312,2023-12-15,contract_code_cffex_rule
2023-07-25,6407.6,6463.4,6401.6,6448.0,6469,53050,0.0,IM2312,2023-12-15,contract_code_cffex_rule
2023-07-26,6450.0,6450.0,6409.8,6429.2,5596,52431,0.0,IM2312,2023-12-15,contract_code_cffex_rule
2023-07-27,6435.8,6450.6,6366.8,6385.8,6346,52778,0.0,IM2312,2023-12-15,contract_code_cffex_rule
2023-07-28,6377.0,6449.8,6346.6,6431.0,8177,53101,0.0,IM2312,2023-12-15,contract_code_cffex_rule
2023-07-31,6454.8,6528.6,6443.6,6476.0,7575,52512,0.0,IM2312,2023-12-15,contract_code_cffex_rule
2023-08-01,6483.0,6504.0,6463.8,6472.0,5499,51416,0.0,IM2312,2023-12-15,contract_code_cffex_rule
2023-08-02,6469.2,6487.0,6437.2,6459.0,5214,51193,0.0,IM2312,2023-12-15,contract_code_cffex_rule
2023-08-03,6444.0,6466.2,6426.0,6459.4,4731,51140,0.0,IM2312,2023-12-15,contract_code_cffex_rule
2023-08-04,6490.0,6542.8,6473.2,6500.6,6421,52153,0.0,IM2312,2023-12-15,contract_code_cffex_rule
2023-08-07,6492.4,6517.8,6474.6,6488.8,5353,52286,0.0,IM2312,2023-12-15,contract_code_cffex_rule
2023-08-08,6488.8,6489.6,6441.0,6465.6,5005,52289,0.0,IM2312,2023-12-15,contract_code_cffex_rule
2023-08-09,6451.4,6465.0,6419.0,6427.6,5304,52934,0.0,IM2312,2023-12-15,contract_code_cffex_rule
2023-08-10,6411.6,6447.6,6393.6,6417.6,5584,52872,0.0,IM2312,2023-12-15,contract_code_cffex_rule
2023-08-11,6429.8,6429.8,6293.2,6298.4,9119,54794,0.0,IM2312,2023-12-15,contract_code_cffex_rule
2023-08-14,6240.0,6317.8,6208.0,6309.4,8283,54918,0.0,IM2312,2023-12-15,contract_code_cffex_rule
2023-08-15,6313.4,6322.8,6198.0,6260.0,7643,55684,0.0,IM2312,2023-12-15,contract_code_cffex_rule
2023-08-16,6242.0,6259.2,6191.0,6191.2,8710,58238,0.0,IM2312,2023-12-15,contract_code_cffex_rule
2023-08-17,6165.0,6261.0,6130.0,6245.8,10054,59143,0.0,IM2312,2023-12-15,contract_code_cffex_rule
2023-08-18,6247.2,6269.0,6122.0,6124.0,13072,61294,0.0,IM2312,2023-12-15,contract_code_cffex_rule
2023-08-21,6105.0,6163.0,6049.0,6050.0,10610,61305,0.0,IM2312,2023-12-15,contract_code_cffex_rule
2023-08-22,6085.2,6103.8,5982.6,6074.0,14615,65542,0.0,IM2312,2023-12-15,contract_code_cffex_rule
2023-08-23,6063.6,6065.6,5944.6,5966.0,13521,64521,0.0,IM2312,2023-12-15,contract_code_cffex_rule
2023-08-24,5976.2,6043.4,5939.0,5963.0,12440,65436,0.0,IM2312,2023-12-15,contract_code_cffex_rule
2023-08-25,5946.0,5976.6,5841.2,5875.4,16419,67134,0.0,IM2312,2023-12-15,contract_code_cffex_rule
2023-08-28,6198.8,6220.0,5868.0,5887.8,22155,69180,0.0,IM2312,2023-12-15,contract_code_cffex_rule
2023-08-29,5885.8,6132.4,5885.8,6092.0,22619,69974,0.0,IM2312,2023-12-15,contract_code_cffex_rule
2023-08-30,6125.0,6193.0,6098.0,6120.0,17959,70016,0.0,IM2312,2023-12-15,contract_code_cffex_rule
2023-08-31,6109.0,6130.4,6072.6,6102.0,12045,69427,0.0,IM2312,2023-12-15,contract_code_cffex_rule
2023-09-01,6120.2,6145.0,6073.0,6095.0,10612,69374,0.0,IM2312,2023-12-15,contract_code_cffex_rule
2023-09-04,6129.0,6187.8,6089.0,6186.8,14566,70053,0.0,IM2312,2023-12-15,contract_code_cffex_rule
2023-09-05,6173.0,6195.2,6128.2,6147.0,13050,70565,0.0,IM2312,2023-12-15,contract_code_cffex_rule
2023-09-06,6128.8,6191.0,6081.8,6166.0,13807,72447,0.0,IM2312,2023-12-15,contract_code_cffex_rule
2023-09-07,6163.4,6163.4,6053.0,6059.8,16384,74505,0.0,IM2312,2023-12-15,contract_code_cffex_rule
2023-09-08,6044.0,6091.8,6036.8,6057.2,17302,75360,0.0,IM2312,2023-12-15,contract_code_cffex_rule
2023-09-11,6075.0,6182.2,6041.0,6144.6,21013,78353,0.0,IM2312,2023-12-15,contract_code_cffex_rule
2023-09-12,6144.8,6177.4,6133.8,6155.0,16923,80336,0.0,IM2312,2023-12-15,contract_code_cffex_rule
2023-09-13,6147.8,6147.8,6013.0,6065.6,27435,88658,0.0,IM2312,2023-12-15,contract_code_cffex_rule
2023-09-14,6056.2,6064.6,5993.2,6041.0,21374,89615,0.0,IM2312,2023-12-15,contract_code_cffex_rule
2023-09-15,6050.0,6087.0,6001.2,6043.8,22088,92546,0.0,IM2312,2023-12-15,contract_code_cffex_rule
2023-09-18,6026.0,6081.6,6000.0,6060.0,15326,91049,0.0,IM2312,2023-12-15,contract_code_cffex_rule
2023-09-19,6052.6,6057.6,5996.8,6021.6,13346,91775,0.0,IM2312,2023-12-15,contract_code_cffex_rule
2023-09-20,6003.6,6027.0,5971.0,5974.0,11296,90930,0.0,IM2312,2023-12-15,contract_code_cffex_rule
2023-09-21,5960.2,5989.8,5915.2,5927.2,14818,93035,0.0,IM2312,2023-12-15,contract_code_cffex_rule
2023-09-22,5930.0,6057.2,5912.8,6056.0,20359,93055,0.0,IM2312,2023-12-15,contract_code_cffex_rule
2023-09-25,6047.8,6061.4,6001.8,6018.2,12940,91366,0.0,IM2312,2023-12-15,contract_code_cffex_rule
2023-09-26,6010.0,6025.0,5992.0,5997.0,10577,91165,0.0,IM2312,2023-12-15,contract_code_cffex_rule
2023-09-27,5995.8,6065.0,5986.0,6034.4,16279,91813,0.0,IM2312,2023-12-15,contract_code_cffex_rule
2023-09-28,6043.6,6060.0,6028.6,6054.0,10923,89262,0.0,IM2312,2023-12-15,contract_code_cffex_rule
2023-10-09,6050.0,6058.0,6002.8,6032.4,13497,91549,0.0,IM2312,2023-12-15,contract_code_cffex_rule
2023-10-10,6060.4,6073.6,6006.8,6015.0,12084,90930,0.0,IM2312,2023-12-15,contract_code_cffex_rule
2023-10-11,6040.0,6095.0,6009.0,6021.2,15117,92572,0.0,IM2312,2023-12-15,contract_code_cffex_rule
2023-10-12,6060.2,6074.0,6034.2,6071.0,12390,90909,0.0,IM2312,2023-12-15,contract_code_cffex_rule
2023-10-13,6052.6,6063.8,6037.8,6061.0,10099,91950,0.0,IM2312,2023-12-15,contract_code_cffex_rule
2023-10-16,6076.2,6076.2,5974.0,5991.0,14818,94316,0.0,IM2312,2023-12-15,contract_code_cffex_rule
2023-10-17,6002.0,6002.0,5939.2,5981.4,13894,94713,0.0,IM2312,2023-12-15,contract_code_cffex_rule
2023-10-18,5969.8,5969.8,5869.8,5874.4,17970,98036,0.0,IM2312,2023-12-15,contract_code_cffex_rule
2023-10-19,5850.0,5897.4,5801.2,5815.0,19853,96974,0.0,IM2312,2023-12-15,contract_code_cffex_rule
2023-10-20,5800.0,5830.0,5725.0,5748.0,18297,97819,0.0,IM2312,2023-12-15,contract_code_cffex_rule
2023-10-23,5727.0,5731.0,5550.0,5585.0,23981,98090,0.0,IM2312,2023-12-15,contract_code_cffex_rule
2023-10-24,5610.0,5707.8,5568.6,5660.8,25330,97660,0.0,IM2312,2023-12-15,contract_code_cffex_rule
2023-10-25,5711.4,5774.6,5708.6,5721.2,18219,94900,0.0,IM2312,2023-12-15,contract_code_cffex_rule
2023-10-26,5680.0,5781.6,5680.0,5762.0,20070,97364,0.0,IM2312,2023-12-15,contract_code_cffex_rule
2023-10-27,5745.2,5912.2,5731.0,5892.6,24822,95879,0.0,IM2312,2023-12-15,contract_code_cffex_rule
2023-10-30,5890.0,5984.4,5882.2,5957.0,21774,96473,0.0,IM2312,2023-12-15,contract_code_cffex_rule
2023-10-31,5944.0,5970.6,5898.4,5928.8,17518,93549,0.0,IM2312,2023-12-15,contract_code_cffex_rule
2023-11-01,5949.6,5949.6,5897.6,5920.2,15197,93797,0.0,IM2312,2023-12-15,contract_code_cffex_rule
2023-11-02,5932.0,5953.4,5858.0,5863.0,16040,94143,0.0,IM2312,2023-12-15,contract_code_cffex_rule
2023-11-03,5879.2,5981.0,5875.0,5945.2,21729,96880,0.0,IM2312,2023-12-15,contract_code_cffex_rule
2023-11-06,5990.2,6086.8,5986.8,6071.0,20202,95292,0.0,IM2312,2023-12-15,contract_code_cffex_rule
2023-11-07,6052.6,6113.8,6042.6,6082.4,17776,96488,0.0,IM2312,2023-12-15,contract_code_cffex_rule
2023-11-08,6082.4,6124.8,6056.8,6091.0,20596,97298,0.0,IM2312,2023-12-15,contract_code_cffex_rule
2023-11-09,6087.8,6127.2,6036.2,6053.0,22482,99118,0.0,IM2312,2023-12-15,contract_code_cffex_rule
2023-11-10,6033.2,6055.0,6006.0,6043.8,24129,101029,0.0,IM2312,2023-12-15,contract_code_cffex_rule
2023-11-13,6074.4,6093.4,6036.8,6092.2,25697,105373,0.0,IM2312,2023-12-15,contract_code_cffex_rule
2023-11-14,6088.8,6148.6,6074.0,6123.2,30183,109848,0.0,IM2312,2023-12-15,contract_code_cffex_rule
2023-11-15,6180.0,6183.4,6122.0,6153.4,37685,115003,0.0,IM2312,2023-12-15,contract_code_cffex_rule
2023-11-16,6135.0,6145.8,6082.8,6088.8,43848,122178,0.0,IM2312,2023-12-15,contract_code_cffex_rule
2023-11-17,6079.8,6155.0,6071.8,6153.2,48384,130747,0.0,IM2312,2023-12-15,contract_code_cffex_rule
2023-11-20,6165.4,6218.0,6115.8,6213.8,51325,130489,0.0,IM2312,2023-12-15,contract_code_cffex_rule
2023-11-21,6225.0,6237.0,6151.2,6161.8,47498,126866,0.0,IM2312,2023-12-15,contract_code_cffex_rule
2023-11-22,6145.0,6195.0,6090.4,6093.0,46938,128145,0.0,IM2312,2023-12-15,contract_code_cffex_rule
2023-11-23,6090.2,6179.8,6067.2,6176.6,56528,126506,0.0,IM2312,2023-12-15,contract_code_cffex_rule
2023-11-24,6163.0,6165.6,6059.2,6081.0,51088,123812,0.0,IM2312,2023-12-15,contract_code_cffex_rule
2023-11-27,6074.2,6103.2,6034.4,6081.2,48025,121213,0.0,IM2312,2023-12-15,contract_code_cffex_rule
2023-11-28,6070.6,6114.2,6016.8,6097.2,49335,120191,0.0,IM2312,2023-12-15,contract_code_cffex_rule
2023-11-29,6093.8,6109.6,6053.0,6074.6,38673,114482,0.0,IM2312,2023-12-15,contract_code_cffex_rule
2023-11-30,6065.0,6074.8,5988.2,6036.0,51825,118665,0.0,IM2312,2023-12-15,contract_code_cffex_rule
2023-12-01,6036.0,6110.8,6010.6,6092.2,55283,114392,0.0,IM2312,2023-12-15,contract_code_cffex_rule
2023-12-04,6100.0,6109.8,6057.4,6058.6,44645,108833,0.0,IM2312,2023-12-15,contract_code_cffex_rule
2023-12-05,6050.2,6050.2,5945.2,5958.2,50053,105484,0.0,IM2312,2023-12-15,contract_code_cffex_rule
2023-12-06,5938.0,6047.0,5930.6,5997.8,52974,102545,0.0,IM2312,2023-12-15,contract_code_cffex_rule
2023-12-07,5985.0,6040.0,5946.0,6014.2,59078,96530,0.0,IM2312,2023-12-15,contract_code_cffex_rule
2023-12-08,6025.2,6065.0,5996.0,6000.8,51721,84179,0.0,IM2312,2023-12-15,contract_code_cffex_rule
2023-12-11,5973.0,6096.0,5935.2,6070.6,60774,75330,0.0,IM2312,2023-12-15,contract_code_cffex_rule
2023-12-12,6070.0,6086.0,6048.4,6079.0,45958,55716,0.0,IM2312,2023-12-15,contract_code_cffex_rule
2023-12-13,6062.2,6078.6,6013.4,6022.6,39656,40034,0.0,IM2312,2023-12-15,contract_code_cffex_rule
2023-12-14,6041.2,6082.0,5991.0,6000.0,35203,23013,0.0,IM2312,2023-12-15,contract_code_cffex_rule
2023-12-15,6010.0,6034.8,5952.2,5956.2,20199,9446,0.0,IM2312,2023-12-15,contract_code_cffex_rule
2023-11-20,6146.0,6190.8,6092.0,6181.4,1809,1690,0.0,IM2401,2024-01-19,contract_code_cffex_rule
2023-11-21,6196.8,6208.4,6124.4,6137.0,2717,2444,0.0,IM2401,2024-01-19,contract_code_cffex_rule
2023-11-22,6118.2,6171.2,6065.6,6068.6,4976,4623,0.0,IM2401,2024-01-19,contract_code_cffex_rule
2023-11-23,6070.6,6156.0,6043.0,6154.2,4585,5701,0.0,IM2401,2024-01-19,contract_code_cffex_rule
2023-11-24,6142.0,6146.0,6029.2,6053.8,4818,7015,0.0,IM2401,2024-01-19,contract_code_cffex_rule
2023-11-27,6056.4,6074.0,6004.0,6048.2,4564,7092,0.0,IM2401,2024-01-19,contract_code_cffex_rule
2023-11-28,6043.4,6082.4,5986.6,6065.8,4044,8110,0.0,IM2401,2024-01-19,contract_code_cffex_rule
2023-11-29,6073.8,6078.6,6020.2,6042.0,3477,8613,0.0,IM2401,2024-01-19,contract_code_cffex_rule
2023-11-30,6028.4,6043.2,5955.8,6004.8,4483,10068,0.0,IM2401,2024-01-19,contract_code_cffex_rule
2023-12-01,5991.8,6075.8,5979.6,6058.4,5305,11682,0.0,IM2401,2024-01-19,contract_code_cffex_rule
2023-12-04,6058.2,6072.0,6015.4,6019.2,6883,14156,0.0,IM2401,2024-01-19,contract_code_cffex_rule
2023-12-05,6011.4,6011.4,5899.0,5910.0,8328,17208,0.0,IM2401,2024-01-19,contract_code_cffex_rule
2023-12-06,5883.2,5995.4,5881.0,5952.0,9048,20141,0.0,IM2401,2024-01-19,contract_code_cffex_rule
2023-12-07,5954.0,6006.6,5897.6,5975.0,12370,25063,0.0,IM2401,2024-01-19,contract_code_cffex_rule
2023-12-08,5975.4,6029.8,5962.2,5970.6,12053,28394,0.0,IM2401,2024-01-19,contract_code_cffex_rule
2023-12-11,5940.0,6058.2,5898.6,6035.8,17241,36373,0.0,IM2401,2024-01-19,contract_code_cffex_rule
2023-12-12,6030.0,6050.6,6015.0,6045.0,17971,44171,0.0,IM2401,2024-01-19,contract_code_cffex_rule
2023-12-13,6035.0,6045.0,5973.0,5982.0,22320,53283,0.0,IM2401,2024-01-19,contract_code_cffex_rule
2023-12-14,6010.0,6043.6,5945.2,5956.0,34830,69594,0.0,IM2401,2024-01-19,contract_code_cffex_rule
2023-12-15,5980.0,5994.8,5876.4,5903.0,49446,81211,0.0,IM2401,2024-01-19,contract_code_cffex_rule
2023-12-18,5891.0,5906.4,5807.4,5831.6,41552,77772,0.0,IM2401,2024-01-19,contract_code_cffex_rule
2023-12-19,5826.0,5868.0,5800.4,5838.0,42896,80418,0.0,IM2401,2024-01-19,contract_code_cffex_rule
2023-12-20,5846.0,5860.8,5741.0,5745.0,41766,78823,0.0,IM2401,2024-01-19,contract_code_cffex_rule
2023-12-21,5721.6,5799.2,5665.2,5770.2,57907,85262,0.0,IM2401,2024-01-19,contract_code_cffex_rule
2023-12-22,5756.2,5797.6,5697.0,5722.8,56485,83263,0.0,IM2401,2024-01-19,contract_code_cffex_rule
2023-12-25,5725.2,5755.0,5682.4,5717.6,37888,81248,0.0,IM2401,2024-01-19,contract_code_cffex_rule
2023-12-26,5711.4,5711.4,5619.6,5636.6,41911,84435,0.0,IM2401,2024-01-19,contract_code_cffex_rule
2023-12-27,5654.6,5689.6,5616.0,5673.0,44291,85714,0.0,IM2401,2024-01-19,contract_code_cffex_rule
2023-12-28,5659.0,5818.8,5642.6,5803.4,59871,85970,0.0,IM2401,2024-01-19,contract_code_cffex_rule
2023-12-29,5799.0,5903.2,5798.6,5894.8,49489,80879,0.0,IM2401,2024-01-19,contract_code_cffex_rule
2024-01-02,5895.0,5902.0,5832.0,5833.6,34421,77941,0.0,IM2401,2024-01-19,contract_code_cffex_rule
2024-01-03,5818.0,5852.6,5766.0,5809.4,39674,77490,0.0,IM2401,2024-01-19,contract_code_cffex_rule
2024-01-04,5800.0,5802.2,5730.0,5765.2,43701,76857,0.0,IM2401,2024-01-19,contract_code_cffex_rule
2024-01-05,5751.0,5780.0,5645.2,5664.8,49324,78064,0.0,IM2401,2024-01-19,contract_code_cffex_rule
2024-01-08,5649.0,5653.6,5462.6,5480.2,63475,84117,0.0,IM2401,2024-01-19,contract_code_cffex_rule
2024-01-09,5504.8,5584.2,5471.0,5513.4,66881,77072,0.0,IM2401,2024-01-19,contract_code_cffex_rule
2024-01-10,5500.4,5567.4,5412.2,5484.6,60977,75297,0.0,IM2401,2024-01-19,contract_code_cffex_rule
2024-01-11,5485.2,5640.0,5472.4,5595.2,63401,73029,0.0,IM2401,2024-01-19,contract_code_cffex_rule
2024-01-12,5576.4,5637.6,5551.0,5551.0,46706,62619,0.0,IM2401,2024-01-19,contract_code_cffex_rule
2024-01-15,5528.0,5599.8,5498.0,5530.2,51572,61673,0.0,IM2401,2024-01-19,contract_code_cffex_rule
2024-01-16,5525.6,5547.4,5433.2,5513.0,59099,51543,0.0,IM2401,2024-01-19,contract_code_cffex_rule
2024-01-17,5500.2,5505.0,5330.0,5346.4,48961,41346,0.0,IM2401,2024-01-19,contract_code_cffex_rule
2024-01-18,5335.0,5376.0,5177.8,5344.6,51285,27909,0.0,IM2401,2024-01-19,contract_code_cffex_rule
2024-01-19,5342.2,5399.0,5318.0,5322.8,23122,10721,0.0,IM2401,2024-01-19,contract_code_cffex_rule
2023-12-18,5871.8,5880.8,5783.6,5804.0,1312,1270,0.0,IM2402,2024-02-19,contract_code_cffex_rule
2023-12-19,5793.4,5836.8,5774.0,5812.6,1916,1638,0.0,IM2402,2024-02-19,contract_code_cffex_rule
2023-12-20,5826.6,5833.8,5715.0,5724.6,3222,3208,0.0,IM2402,2024-02-19,contract_code_cffex_rule
2023-12-21,5709.6,5772.6,5639.8,5744.2,3538,4037,0.0,IM2402,2024-02-19,contract_code_cffex_rule
2023-12-22,5736.2,5772.0,5675.0,5699.2,2752,4295,0.0,IM2402,2024-02-19,contract_code_cffex_rule
2023-12-25,5697.8,5730.6,5657.2,5692.4,2876,5093,0.0,IM2402,2024-02-19,contract_code_cffex_rule
2023-12-26,5696.8,5696.8,5595.8,5610.4,4655,6111,0.0,IM2402,2024-02-19,contract_code_cffex_rule
2023-12-27,5631.0,5664.6,5594.4,5649.4,2344,5874,0.0,IM2402,2024-02-19,contract_code_cffex_rule
2023-12-28,5648.2,5795.2,5618.8,5780.6,4316,7155,0.0,IM2402,2024-02-19,contract_code_cffex_rule
2023-12-29,5779.0,5881.2,5778.0,5873.4,4293,6857,0.0,IM2402,2024-02-19,contract_code_cffex_rule
2024-01-02,5883.0,5883.2,5810.6,5810.6,3163,7159,0.0,IM2402,2024-02-19,contract_code_cffex_rule
2024-01-03,5802.2,5833.0,5743.4,5783.0,3277,7507,0.0,IM2402,2024-02-19,contract_code_cffex_rule
2024-01-04,5776.8,5776.8,5701.6,5743.6,3771,8580,0.0,IM2402,2024-02-19,contract_code_cffex_rule
2024-01-05,5732.6,5754.8,5617.0,5635.8,4921,9592,0.0,IM2402,2024-02-19,contract_code_cffex_rule
2024-01-08,5617.0,5628.0,5423.0,5440.0,6896,11320,0.0,IM2402,2024-02-19,contract_code_cffex_rule
2024-01-09,5463.2,5550.0,5432.0,5468.6,9408,13772,0.0,IM2402,2024-02-19,contract_code_cffex_rule
2024-01-10,5453.2,5528.6,5372.4,5445.0,9245,15329,0.0,IM2402,2024-02-19,contract_code_cffex_rule
2024-01-11,5430.0,5613.8,5430.0,5562.0,12122,18986,0.0,IM2402,2024-02-19,contract_code_cffex_rule
2024-01-12,5535.0,5602.0,5515.0,5517.2,9097,19847,0.0,IM2402,2024-02-19,contract_code_cffex_rule
2024-01-15,5500.0,5561.2,5461.2,5490.2,12520,24703,0.0,IM2402,2024-02-19,contract_code_cffex_rule
2024-01-16,5472.8,5507.8,5383.4,5464.6,21109,33862,0.0,IM2402,2024-02-19,contract_code_cffex_rule
2024-01-17,5445.0,5453.4,5245.0,5258.6,26792,42575,0.0,IM2402,2024-02-19,contract_code_cffex_rule
2024-01-18,5238.2,5307.8,5036.4,5272.8,62389,62760,0.0,IM2402,2024-02-19,contract_code_cffex_rule
2024-01-19,5248.0,5309.6,5205.2,5217.4,61749,69906,0.0,IM2402,2024-02-19,contract_code_cffex_rule
2024-01-22,5204.8,5220.2,4726.0,4830.4,93331,77889,0.0,IM2402,2024-02-19,contract_code_cffex_rule
2024-01-23,4830.2,5058.0,4773.0,4998.0,101009,78867,0.0,IM2402,2024-02-19,contract_code_cffex_rule
2024-01-24,5055.0,5111.0,4833.0,5090.8,112868,82649,0.0,IM2402,2024-02-19,contract_code_cffex_rule
2024-01-25,5055.4,5307.8,5038.0,5306.6,97699,76703,0.0,IM2402,2024-02-19,contract_code_cffex_rule
2024-01-26,5284.0,5316.8,5196.0,5216.8,74122,71513,0.0,IM2402,2024-02-19,contract_code_cffex_rule
2024-01-29,5248.0,5271.4,5058.0,5063.0,82003,75990,0.0,IM2402,2024-02-19,contract_code_cffex_rule
2024-01-30,5035.2,5099.4,4886.0,4907.2,83571,76370,0.0,IM2402,2024-02-19,contract_code_cffex_rule
2024-01-31,4889.0,4935.4,4706.4,4727.2,109118,81823,0.0,IM2402,2024-02-19,contract_code_cffex_rule
2024-02-01,4701.8,4858.2,4651.0,4699.2,115210,81141,0.0,IM2402,2024-02-19,contract_code_cffex_rule
2024-02-02,4726.2,4788.0,4339.0,4507.2,134558,78971,0.0,IM2402,2024-02-19,contract_code_cffex_rule
2024-02-05,4453.0,4458.6,4081.2,4176.6,161837,81624,0.0,IM2402,2024-02-19,contract_code_cffex_rule
2024-02-06,4146.0,4645.8,4129.0,4609.0,138116,61421,0.0,IM2402,2024-02-19,contract_code_cffex_rule
2024-02-07,4662.0,4868.2,4605.8,4825.0,80645,42076,0.0,IM2402,2024-02-19,contract_code_cffex_rule
2024-02-08,4880.0,5097.6,4880.0,5002.4,45049,26476,0.0,IM2402,2024-02-19,contract_code_cffex_rule
2024-02-19,5072.0,5118.4,4951.0,4985.4,19908,12474,0.0,IM2402,2024-02-19,contract_code_cffex_rule
2023-07-24,6301.8,6355.2,6287.6,6308.8,2571,2562,0.0,IM2403,2024-03-15,contract_code_cffex_rule
2023-07-25,6381.8,6423.2,6369.2,6415.8,2885,3515,0.0,IM2403,2024-03-15,contract_code_cffex_rule
2023-07-26,6410.0,6410.0,6370.4,6390.0,2239,4669,0.0,IM2403,2024-03-15,contract_code_cffex_rule
2023-07-27,6399.8,6412.6,6327.8,6347.0,3051,5889,0.0,IM2403,2024-03-15,contract_code_cffex_rule
2023-07-28,6327.6,6411.6,6307.8,6391.0,3381,7541,0.0,IM2403,2024-03-15,contract_code_cffex_rule
2023-07-31,6408.0,6492.6,6407.2,6439.2,2857,7684,0.0,IM2403,2024-03-15,contract_code_cffex_rule
2023-08-01,6439.2,6464.2,6426.6,6435.4,3349,9188,0.0,IM2403,2024-03-15,contract_code_cffex_rule
2023-08-02,6425.2,6449.8,6400.4,6424.6,2899,9849,0.0,IM2403,2024-03-15,contract_code_cffex_rule
2023-08-03,6409.6,6429.0,6391.0,6420.2,2456,10583,0.0,IM2403,2024-03-15,contract_code_cffex_rule
2023-08-04,6453.2,6505.0,6438.0,6466.0,2795,11063,0.0,IM2403,2024-03-15,contract_code_cffex_rule
2023-08-07,6459.8,6481.6,6440.0,6459.8,2655,11931,0.0,IM2403,2024-03-15,contract_code_cffex_rule
2023-08-08,6447.4,6460.0,6415.0,6438.4,2662,12939,0.0,IM2403,2024-03-15,contract_code_cffex_rule
2023-08-09,6415.0,6436.4,6397.2,6407.2,2798,13867,0.0,IM2403,2024-03-15,contract_code_cffex_rule
2023-08-10,6401.2,6430.0,6375.4,6404.2,3574,15032,0.0,IM2403,2024-03-15,contract_code_cffex_rule
2023-08-11,6415.0,6416.6,6283.0,6285.0,3379,15425,0.0,IM2403,2024-03-15,contract_code_cffex_rule
2023-08-14,6250.4,6301.8,6194.2,6292.6,4599,17230,0.0,IM2403,2024-03-15,contract_code_cffex_rule
2023-08-15,6292.6,6305.6,6184.8,6246.4,3284,17096,0.0,IM2403,2024-03-15,contract_code_cffex_rule
2023-08-16,6231.0,6244.0,6180.0,6180.0,3335,17981,0.0,IM2403,2024-03-15,contract_code_cffex_rule
2023-08-17,6163.6,6247.8,6122.0,6229.2,4492,19102,0.0,IM2403,2024-03-15,contract_code_cffex_rule
2023-08-18,6229.2,6255.8,6114.8,6116.8,5194,20535,0.0,IM2403,2024-03-15,contract_code_cffex_rule
2023-08-21,6106.8,6153.8,6040.0,6040.2,4073,20746,0.0,IM2403,2024-03-15,contract_code_cffex_rule
2023-08-22,6069.0,6096.4,5979.4,6065.6,5903,22478,0.0,IM2403,2024-03-15,contract_code_cffex_rule
2023-08-23,6059.4,6059.4,5938.0,5962.4,5741,23721,0.0,IM2403,2024-03-15,contract_code_cffex_rule
2023-08-24,5986.8,6038.2,5933.0,5958.4,4487,24225,0.0,IM2403,2024-03-15,contract_code_cffex_rule
2023-08-25,5940.0,5968.2,5833.6,5870.2,6722,26001,0.0,IM2403,2024-03-15,contract_code_cffex_rule
2023-08-28,6150.0,6204.0,5860.8,5877.4,8000,26930,0.0,IM2403,2024-03-15,contract_code_cffex_rule
2023-08-29,5873.2,6117.0,5873.2,6077.8,6896,27447,0.0,IM2403,2024-03-15,contract_code_cffex_rule
2023-08-30,6090.0,6179.4,6082.8,6105.0,6451,28347,0.0,IM2403,2024-03-15,contract_code_cffex_rule
2023-08-31,6100.0,6116.2,6058.0,6086.2,5491,28951,0.0,IM2403,2024-03-15,contract_code_cffex_rule
2023-09-01,6095.0,6125.0,6060.2,6078.0,4808,28940,0.0,IM2403,2024-03-15,contract_code_cffex_rule
2023-09-04,6102.0,6171.8,6075.8,6171.8,5155,29466,0.0,IM2403,2024-03-15,contract_code_cffex_rule
2023-09-05,6157.8,6177.6,6112.8,6130.6,4643,30380,0.0,IM2403,2024-03-15,contract_code_cffex_rule
2023-09-06,6111.6,6173.4,6065.6,6149.8,5092,31564,0.0,IM2403,2024-03-15,contract_code_cffex_rule
2023-09-07,6146.6,6146.6,6037.0,6044.8,6071,32779,0.0,IM2403,2024-03-15,contract_code_cffex_rule
2023-09-08,6029.8,6072.0,6020.2,6037.0,5144,33672,0.0,IM2403,2024-03-15,contract_code_cffex_rule
2023-09-11,6052.0,6160.4,6022.2,6124.6,6419,34874,0.0,IM2403,2024-03-15,contract_code_cffex_rule
2023-09-12,6124.6,6154.6,6113.0,6134.0,5327,36285,0.0,IM2403,2024-03-15,contract_code_cffex_rule
2023-09-13,6128.4,6128.4,5993.8,6044.6,7623,39712,0.0,IM2403,2024-03-15,contract_code_cffex_rule
2023-09-14,6044.4,6044.4,5968.8,6011.6,6372,40351,0.0,IM2403,2024-03-15,contract_code_cffex_rule
2023-09-15,6023.2,6062.6,5976.4,6018.6,7425,42554,0.0,IM2403,2024-03-15,contract_code_cffex_rule
2023-09-18,6000.0,6056.6,5974.4,6033.8,5500,43092,0.0,IM2403,2024-03-15,contract_code_cffex_rule
2023-09-19,6033.8,6033.8,5978.2,6001.6,4867,43564,0.0,IM2403,2024-03-15,contract_code_cffex_rule
2023-09-20,5989.0,6006.8,5954.8,5960.8,3748,43310,0.0,IM2403,2024-03-15,contract_code_cffex_rule
2023-09-21,5953.2,5974.0,5899.0,5911.2,4527,44557,0.0,IM2403,2024-03-15,contract_code_cffex_rule
2023-09-22,5897.2,6042.6,5894.2,6042.0,6575,44824,0.0,IM2403,2024-03-15,contract_code_cffex_rule
2023-09-25,6037.8,6046.0,5983.0,6002.6,4280,44997,0.0,IM2403,2024-03-15,contract_code_cffex_rule
2023-09-26,6000.6,6006.0,5973.2,5978.0,3765,45364,0.0,IM2403,2024-03-15,contract_code_cffex_rule
2023-09-27,5978.0,6044.2,5970.0,6015.6,5979,46864,0.0,IM2403,2024-03-15,contract_code_cffex_rule
2023-09-28,6025.8,6040.8,6009.0,6034.4,4735,46717,0.0,IM2403,2024-03-15,contract_code_cffex_rule
2023-10-09,6030.2,6035.8,5982.0,6017.6,4245,47199,0.0,IM2403,2024-03-15,contract_code_cffex_rule
2023-10-10,6025.6,6051.8,5983.0,5990.0,4804,47716,0.0,IM2403,2024-03-15,contract_code_cffex_rule
2023-10-11,6004.2,6068.8,5987.4,5995.2,5574,48421,0.0,IM2403,2024-03-15,contract_code_cffex_rule
2023-10-12,6036.0,6048.6,6012.2,6047.0,4912,48527,0.0,IM2403,2024-03-15,contract_code_cffex_rule
2023-10-13,6022.6,6039.6,6012.4,6039.6,4502,49375,0.0,IM2403,2024-03-15,contract_code_cffex_rule
2023-10-16,6047.0,6047.0,5949.0,5969.6,5737,49907,0.0,IM2403,2024-03-15,contract_code_cffex_rule
2023-10-17,5975.8,5978.0,5916.0,5957.0,4929,50225,0.0,IM2403,2024-03-15,contract_code_cffex_rule
2023-10-18,5941.4,5943.4,5849.0,5855.4,6442,51922,0.0,IM2403,2024-03-15,contract_code_cffex_rule
2023-10-19,5826.4,5874.8,5772.2,5790.0,8261,52167,0.0,IM2403,2024-03-15,contract_code_cffex_rule
2023-10-20,5766.6,5798.4,5695.8,5722.0,7903,53145,0.0,IM2403,2024-03-15,contract_code_cffex_rule
2023-10-23,5699.8,5700.0,5516.4,5550.8,11725,53405,0.0,IM2403,2024-03-15,contract_code_cffex_rule
2023-10-24,5561.6,5669.4,5535.0,5624.4,12200,51262,0.0,IM2403,2024-03-15,contract_code_cffex_rule
2023-10-25,5670.2,5736.6,5670.2,5682.8,9354,50176,0.0,IM2403,2024-03-15,contract_code_cffex_rule
2023-10-26,5663.4,5740.0,5644.2,5718.4,9511,50167,0.0,IM2403,2024-03-15,contract_code_cffex_rule
2023-10-27,5709.0,5874.2,5692.4,5850.0,12773,50951,0.0,IM2403,2024-03-15,contract_code_cffex_rule
2023-10-30,5840.0,5945.6,5840.0,5919.0,8234,49779,0.0,IM2403,2024-03-15,contract_code_cffex_rule
2023-10-31,5921.0,5934.8,5861.2,5891.8,8143,49445,0.0,IM2403,2024-03-15,contract_code_cffex_rule
2023-11-01,5900.0,5911.0,5862.0,5883.8,6657,48959,0.0,IM2403,2024-03-15,contract_code_cffex_rule
2023-11-02,5895.0,5916.2,5825.0,5827.4,6344,49994,0.0,IM2403,2024-03-15,contract_code_cffex_rule
2023-11-03,5836.4,5951.2,5836.4,5914.6,8874,50531,0.0,IM2403,2024-03-15,contract_code_cffex_rule
2023-11-06,5960.0,6052.2,5956.2,6039.8,7519,50699,0.0,IM2403,2024-03-15,contract_code_cffex_rule
2023-11-07,6028.6,6079.0,6010.8,6049.4,7441,51555,0.0,IM2403,2024-03-15,contract_code_cffex_rule
2023-11-08,6048.0,6090.2,6023.2,6056.6,8345,52037,0.0,IM2403,2024-03-15,contract_code_cffex_rule
2023-11-09,6055.8,6091.6,6000.0,6017.6,8517,52331,0.0,IM2403,2024-03-15,contract_code_cffex_rule
2023-11-10,6000.0,6012.6,5967.8,6002.8,8353,52535,0.0,IM2403,2024-03-15,contract_code_cffex_rule
2023-11-13,6014.4,6040.6,5988.0,6039.6,9101,53652,0.0,IM2403,2024-03-15,contract_code_cffex_rule
2023-11-14,6044.4,6093.6,6021.2,6061.6,10696,56152,0.0,IM2403,2024-03-15,contract_code_cffex_rule
2023-11-15,6115.0,6124.2,6058.0,6090.0,11436,57343,0.0,IM2403,2024-03-15,contract_code_cffex_rule
2023-11-16,6077.0,6080.0,6012.0,6016.2,12660,61147,0.0,IM2403,2024-03-15,contract_code_cffex_rule
2023-11-17,6004.0,6076.0,6000.0,6075.4,11463,61939,0.0,IM2403,2024-03-15,contract_code_cffex_rule
2023-11-20,6082.4,6136.6,6037.0,6128.2,12348,63213,0.0,IM2403,2024-03-15,contract_code_cffex_rule
2023-11-21,6145.6,6155.4,6073.6,6084.0,12396,63575,0.0,IM2403,2024-03-15,contract_code_cffex_rule
2023-11-22,6073.4,6116.4,6021.0,6031.0,12935,64700,0.0,IM2403,2024-03-15,contract_code_cffex_rule
2023-11-23,6028.0,6113.0,6001.4,6110.4,12855,65628,0.0,IM2403,2024-03-15,contract_code_cffex_rule
2023-11-24,6099.8,6099.8,5995.6,6012.6,13174,66145,0.0,IM2403,2024-03-15,contract_code_cffex_rule
2023-11-27,5998.8,6035.0,5958.0,6004.8,13376,66949,0.0,IM2403,2024-03-15,contract_code_cffex_rule
2023-11-28,6000.2,6034.4,5941.0,6017.8,13619,67052,0.0,IM2403,2024-03-15,contract_code_cffex_rule
2023-11-29,6015.0,6029.4,5972.4,5994.6,10096,66482,0.0,IM2403,2024-03-15,contract_code_cffex_rule
2023-11-30,5993.0,5994.8,5904.2,5945.2,11163,68181,0.0,IM2403,2024-03-15,contract_code_cffex_rule
2023-12-01,5945.0,6014.4,5923.6,5997.6,12068,67729,0.0,IM2403,2024-03-15,contract_code_cffex_rule
2023-12-04,6000.0,6009.4,5956.8,5957.6,11506,68653,0.0,IM2403,2024-03-15,contract_code_cffex_rule
2023-12-05,5938.0,5947.8,5824.0,5835.8,14728,70438,0.0,IM2403,2024-03-15,contract_code_cffex_rule
2023-12-06,5827.6,5912.6,5808.2,5871.8,13571,70640,0.0,IM2403,2024-03-15,contract_code_cffex_rule
2023-12-07,5860.0,5945.8,5820.6,5921.6,19678,75007,0.0,IM2403,2024-03-15,contract_code_cffex_rule
2023-12-08,5933.6,5984.8,5901.0,5907.4,19104,77783,0.0,IM2403,2024-03-15,contract_code_cffex_rule
2023-12-11,5886.4,6002.6,5844.6,5975.4,19112,79892,0.0,IM2403,2024-03-15,contract_code_cffex_rule
2023-12-12,5972.0,5989.8,5949.0,5985.0,18233,83391,0.0,IM2403,2024-03-15,contract_code_cffex_rule
2023-12-13,5973.2,5982.6,5914.0,5920.2,16435,85737,0.0,IM2403,2024-03-15,contract_code_cffex_rule
2023-12-14,5950.0,5977.2,5887.8,5899.0,18762,90430,0.0,IM2403,2024-03-15,contract_code_cffex_rule
2023-12-15,5918.2,5940.2,5819.8,5845.0,20343,90985,0.0,IM2403,2024-03-15,contract_code_cffex_rule
2023-12-18,5820.8,5846.2,5753.6,5776.2,15916,91475,0.0,IM2403,2024-03-15,contract_code_cffex_rule
2023-12-19,5769.8,5811.2,5744.0,5789.0,15309,91724,0.0,IM2403,2024-03-15,contract_code_cffex_rule
2023-12-20,5794.2,5808.0,5691.8,5699.6,17664,92020,0.0,IM2403,2024-03-15,contract_code_cffex_rule
2023-12-21,5673.0,5742.8,5615.8,5723.6,21589,92647,0.0,IM2403,2024-03-15,contract_code_cffex_rule
2023-12-22,5724.8,5743.8,5651.4,5677.2,21062,92259,0.0,IM2403,2024-03-15,contract_code_cffex_rule
2023-12-25,5668.0,5707.8,5636.6,5662.6,13469,90836,0.0,IM2403,2024-03-15,contract_code_cffex_rule
2023-12-26,5660.0,5660.0,5570.0,5588.0,15167,92243,0.0,IM2403,2024-03-15,contract_code_cffex_rule
2023-12-27,5590.0,5637.2,5567.8,5625.2,16189,92575,0.0,IM2403,2024-03-15,contract_code_cffex_rule
2023-12-28,5612.8,5771.0,5594.6,5760.6,23740,93022,0.0,IM2403,2024-03-15,contract_code_cffex_rule
2023-12-29,5757.2,5864.0,5754.6,5855.0,22482,91468,0.0,IM2403,2024-03-15,contract_code_cffex_rule
2024-01-02,5860.0,5861.0,5788.6,5793.8,13958,90592,0.0,IM2403,2024-03-15,contract_code_cffex_rule
2024-01-03,5784.6,5811.0,5721.6,5763.4,15785,91032,0.0,IM2403,2024-03-15,contract_code_cffex_rule
2024-01-04,5764.8,5764.8,5671.4,5714.4,17373,91376,0.0,IM2403,2024-03-15,contract_code_cffex_rule
2024-01-05,5703.4,5726.8,5588.2,5606.4,20533,92661,0.0,IM2403,2024-03-15,contract_code_cffex_rule
2024-01-08,5585.2,5589.8,5385.6,5406.2,29347,93907,0.0,IM2403,2024-03-15,contract_code_cffex_rule
2024-01-09,5420.6,5519.0,5399.2,5435.4,27474,91650,0.0,IM2403,2024-03-15,contract_code_cffex_rule
2024-01-10,5409.8,5497.8,5342.6,5411.4,23963,92187,0.0,IM2403,2024-03-15,contract_code_cffex_rule
2024-01-11,5414.4,5584.0,5403.6,5535.8,32188,98069,0.0,IM2403,2024-03-15,contract_code_cffex_rule
2024-01-12,5516.0,5567.0,5483.4,5485.4,23492,94706,0.0,IM2403,2024-03-15,contract_code_cffex_rule
2024-01-15,5465.0,5528.0,5428.0,5459.0,23244,96898,0.0,IM2403,2024-03-15,contract_code_cffex_rule
2024-01-16,5445.0,5476.8,5352.0,5429.4,29961,98212,0.0,IM2403,2024-03-15,contract_code_cffex_rule
2024-01-17,5417.8,5422.2,5196.6,5202.6,31747,99068,0.0,IM2403,2024-03-15,contract_code_cffex_rule
2024-01-18,5203.8,5248.0,5000.6,5228.6,60621,101304,0.0,IM2403,2024-03-15,contract_code_cffex_rule
2024-01-19,5209.8,5263.2,5160.0,5182.4,43748,102951,0.0,IM2403,2024-03-15,contract_code_cffex_rule
2024-01-22,5159.6,5184.0,4680.0,4732.4,66779,102910,0.0,IM2403,2024-03-15,contract_code_cffex_rule
2024-01-23,4740.4,5008.0,4692.6,4945.0,66930,104516,0.0,IM2403,2024-03-15,contract_code_cffex_rule
2024-01-24,4997.6,5066.8,4767.2,5048.6,69103,105093,0.0,IM2403,2024-03-15,contract_code_cffex_rule
2024-01-25,5045.0,5276.2,4996.6,5273.8,62150,104875,0.0,IM2403,2024-03-15,contract_code_cffex_rule
2024-01-26,5251.0,5279.0,5151.6,5178.2,50487,103131,0.0,IM2403,2024-03-15,contract_code_cffex_rule
2024-01-29,5215.0,5233.8,5012.2,5016.4,49380,105179,0.0,IM2403,2024-03-15,contract_code_cffex_rule
2024-01-30,5012.0,5049.4,4827.2,4848.0,51858,105164,0.0,IM2403,2024-03-15,contract_code_cffex_rule
2024-01-31,4814.0,4875.0,4642.4,4666.2,80255,115729,0.0,IM2403,2024-03-15,contract_code_cffex_rule
2024-02-01,4643.0,4818.0,4595.0,4641.6,82537,117818,0.0,IM2403,2024-03-15,contract_code_cffex_rule
2024-02-02,4680.2,4738.8,4267.2,4447.4,112911,123994,0.0,IM2403,2024-03-15,contract_code_cffex_rule
2024-02-05,4390.0,4397.0,3976.0,4044.6,156570,125937,0.0,IM2403,2024-03-15,contract_code_cffex_rule
2024-02-06,4002.0,4575.0,4002.0,4568.4,158325,131092,0.0,IM2403,2024-03-15,contract_code_cffex_rule
2024-02-07,4586.0,4841.2,4566.6,4793.0,173017,130284,0.0,IM2403,2024-03-15,contract_code_cffex_rule
2024-02-08,4846.2,5078.0,4846.2,4980.4,173190,135122,0.0,IM2403,2024-03-15,contract_code_cffex_rule
2024-02-19,5070.0,5122.6,4856.2,4954.6,132602,138301,0.0,IM2403,2024-03-15,contract_code_cffex_rule
2024-02-20,4922.2,5030.2,4872.4,4989.0,116169,134213,0.0,IM2403,2024-03-15,contract_code_cffex_rule
2024-02-21,4950.8,5215.0,4940.4,5001.4,152686,140832,0.0,IM2403,2024-03-15,contract_code_cffex_rule
2024-02-22,5031.0,5137.6,5016.2,5122.4,128355,136589,0.0,IM2403,2024-03-15,contract_code_cffex_rule
2024-02-23,5150.0,5218.0,5066.6,5217.0,125499,135418,0.0,IM2403,2024-03-15,contract_code_cffex_rule
2024-02-26,5217.0,5305.2,5163.2,5215.0,127431,135321,0.0,IM2403,2024-03-15,contract_code_cffex_rule
2024-02-27,5188.0,5391.8,5181.2,5386.0,130656,133768,0.0,IM2403,2024-03-15,contract_code_cffex_rule
2024-02-28,5400.0,5464.0,5100.0,5117.6,190365,142224,0.0,IM2403,2024-03-15,contract_code_cffex_rule
2024-02-29,5108.0,5341.2,5107.6,5333.8,166035,131842,0.0,IM2403,2024-03-15,contract_code_cffex_rule
2024-03-01,5335.0,5401.8,5287.6,5392.0,125193,124584,0.0,IM2403,2024-03-15,contract_code_cffex_rule
2024-03-04,5400.0,5418.6,5289.0,5383.4,115382,118322,0.0,IM2403,2024-03-15,contract_code_cffex_rule
2024-03-05,5348.0,5367.8,5281.2,5311.4,109655,114764,0.0,IM2403,2024-03-15,contract_code_cffex_rule
2024-03-06,5300.2,5418.0,5280.6,5345.0,115716,111890,0.0,IM2403,2024-03-15,contract_code_cffex_rule
2024-03-07,5358.2,5418.0,5268.0,5277.0,114576,107331,0.0,IM2403,2024-03-15,contract_code_cffex_rule
2024-03-08,5300.2,5381.0,5255.8,5348.0,103462,99244,0.0,IM2403,2024-03-15,contract_code_cffex_rule
2024-03-11,5330.0,5463.4,5319.8,5463.0,93763,90367,0.0,IM2403,2024-03-15,contract_code_cffex_rule
2024-03-12,5479.4,5526.0,5428.0,5488.2,103387,81801,0.0,IM2403,2024-03-15,contract_code_cffex_rule
2024-03-13,5494.8,5568.0,5465.0,5517.4,80318,60725,0.0,IM2403,2024-03-15,contract_code_cffex_rule
2024-03-14,5510.0,5545.0,5431.0,5487.0,64905,38334,0.0,IM2403,2024-03-15,contract_code_cffex_rule
2024-03-15,5473.6,5514.6,5457.0,5511.0,32350,15878,0.0,IM2403,2024-03-15,contract_code_cffex_rule
2024-02-20,4909.4,4995.2,4834.2,4955.2,3970,3702,0.0,IM2404,2024-04-19,contract_code_cffex_rule
2024-02-21,4955.2,5187.6,4900.0,4964.0,9221,7366,0.0,IM2404,2024-04-19,contract_code_cffex_rule
2024-02-22,4974.8,5106.6,4974.8,5089.0,6270,7874,0.0,IM2404,2024-04-19,contract_code_cffex_rule
2024-02-23,5119.2,5184.0,5032.6,5184.0,6435,8961,0.0,IM2404,2024-04-19,contract_code_cffex_rule
2024-02-26,5186.6,5266.4,5125.2,5178.4,8795,11272,0.0,IM2404,2024-04-19,contract_code_cffex_rule
2024-02-27,5161.2,5356.6,5142.4,5355.8,8948,13393,0.0,IM2404,2024-04-19,contract_code_cffex_rule
2024-02-28,5367.2,5429.2,5062.8,5078.6,12221,17044,0.0,IM2404,2024-04-19,contract_code_cffex_rule
2024-02-29,5072.8,5305.6,5054.8,5300.0,12153,18213,0.0,IM2404,2024-04-19,contract_code_cffex_rule
2024-03-01,5296.0,5366.2,5250.0,5361.2,9589,19281,0.0,IM2404,2024-04-19,contract_code_cffex_rule
2024-03-04,5381.0,5384.0,5251.8,5344.4,10425,21502,0.0,IM2404,2024-04-19,contract_code_cffex_rule
2024-03-05,5300.2,5328.4,5243.0,5268.6,11851,24002,0.0,IM2404,2024-04-19,contract_code_cffex_rule
2024-03-06,5237.8,5373.8,5237.8,5300.8,12615,27064,0.0,IM2404,2024-04-19,contract_code_cffex_rule
2024-03-07,5315.0,5373.2,5226.2,5234.8,13790,30335,0.0,IM2404,2024-04-19,contract_code_cffex_rule
2024-03-08,5241.8,5335.2,5213.4,5303.6,14247,33217,0.0,IM2404,2024-04-19,contract_code_cffex_rule
2024-03-11,5300.0,5416.2,5273.8,5413.6,18361,40073,0.0,IM2404,2024-04-19,contract_code_cffex_rule
2024-03-12,5427.0,5480.0,5384.0,5446.2,26227,49912,0.0,IM2404,2024-04-19,contract_code_cffex_rule
2024-03-13,5450.0,5523.8,5420.0,5473.0,34379,62221,0.0,IM2404,2024-04-19,contract_code_cffex_rule
2024-03-14,5470.0,5507.0,5378.6,5437.2,61078,85339,0.0,IM2404,2024-04-19,contract_code_cffex_rule
2024-03-15,5419.8,5534.0,5397.4,5532.2,86438,101062,0.0,IM2404,2024-04-19,contract_code_cffex_rule
2024-03-18,5560.0,5642.8,5507.2,5639.6,81015,99605,0.0,IM2404,2024-04-19,contract_code_cffex_rule
2024-03-19,5620.0,5638.6,5569.2,5581.6,75764,98993,0.0,IM2404,2024-04-19,contract_code_cffex_rule
2024-03-20,5581.0,5650.8,5568.0,5629.0,81466,98770,0.0,IM2404,2024-04-19,contract_code_cffex_rule
2024-03-21,5652.8,5675.4,5595.4,5627.0,75688,96980,0.0,IM2404,2024-04-19,contract_code_cffex_rule
2024-03-22,5611.0,5630.2,5515.0,5558.8,95152,101676,0.0,IM2404,2024-04-19,contract_code_cffex_rule
2024-03-25,5553.4,5575.0,5420.2,5435.4,88462,98817,0.0,IM2404,2024-04-19,contract_code_cffex_rule
2024-03-26,5441.0,5468.8,5365.6,5401.0,98250,103399,0.0,IM2404,2024-04-19,contract_code_cffex_rule
2024-03-27,5390.0,5399.6,5215.6,5216.8,101351,101761,0.0,IM2404,2024-04-19,contract_code_cffex_rule
2024-03-28,5236.2,5411.8,5230.6,5349.6,120426,106816,0.0,IM2404,2024-04-19,contract_code_cffex_rule
2024-03-29,5353.0,5419.0,5301.2,5412.0,92418,96257,0.0,IM2404,2024-04-19,contract_code_cffex_rule
2024-04-01,5443.0,5557.2,5440.0,5541.6,77326,93833,0.0,IM2404,2024-04-19,contract_code_cffex_rule
2024-04-02,5531.0,5543.2,5462.4,5506.6,84121,93587,0.0,IM2404,2024-04-19,contract_code_cffex_rule
2024-04-03,5495.0,5504.2,5421.0,5475.0,77975,89825,0.0,IM2404,2024-04-19,contract_code_cffex_rule
2024-04-08,5460.0,5460.0,5341.6,5348.4,73630,90525,0.0,IM2404,2024-04-19,contract_code_cffex_rule
2024-04-09,5355.0,5438.8,5347.0,5431.6,74898,88348,0.0,IM2404,2024-04-19,contract_code_cffex_rule
2024-04-10,5418.0,5425.0,5285.4,5330.0,88954,92744,0.0,IM2404,2024-04-19,contract_code_cffex_rule
2024-04-11,5300.4,5427.0,5291.2,5353.8,91001,87336,0.0,IM2404,2024-04-19,contract_code_cffex_rule
2024-04-12,5364.4,5395.0,5295.2,5309.0,75999,80012,0.0,IM2404,2024-04-19,contract_code_cffex_rule
2024-04-15,5293.2,5343.2,5174.8,5262.8,106204,83623,0.0,IM2404,2024-04-19,contract_code_cffex_rule
2024-04-16,5240.2,5264.8,5038.2,5055.0,109380,72632,0.0,IM2404,2024-04-19,contract_code_cffex_rule
2024-04-17,5136.4,5294.0,5120.0,5289.2,89804,50301,0.0,IM2404,2024-04-19,contract_code_cffex_rule
2024-04-18,5267.0,5355.2,5221.2,5290.2,60839,31019,0.0,IM2404,2024-04-19,contract_code_cffex_rule
2024-04-19,5270.0,5319.0,5223.2,5258.0,25682,11596,0.0,IM2404,2024-04-19,contract_code_cffex_rule
2024-03-18,5497.0,5609.4,5475.2,5606.6,3430,3335,0.0,IM2405,2024-05-17,contract_code_cffex_rule
2024-03-19,5600.2,5606.4,5534.6,5545.2,4330,4738,0.0,IM2405,2024-05-17,contract_code_cffex_rule
2024-03-20,5543.6,5613.2,5535.8,5591.4,3716,5074,0.0,IM2405,2024-05-17,contract_code_cffex_rule
2024-03-21,5614.8,5642.2,5562.8,5592.2,4349,5977,0.0,IM2405,2024-05-17,contract_code_cffex_rule
2024-03-22,5581.0,5596.6,5481.0,5521.8,4948,6727,0.0,IM2405,2024-05-17,contract_code_cffex_rule
2024-03-25,5521.8,5537.0,5379.4,5393.8,5690,7571,0.0,IM2405,2024-05-17,contract_code_cffex_rule
2024-03-26,5394.8,5430.0,5324.2,5363.2,5508,8133,0.0,IM2405,2024-05-17,contract_code_cffex_rule
2024-03-27,5350.0,5361.0,5171.0,5172.0,5745,8778,0.0,IM2405,2024-05-17,contract_code_cffex_rule
2024-03-28,5155.0,5370.4,5155.0,5309.0,7002,10217,0.0,IM2405,2024-05-17,contract_code_cffex_rule
2024-03-29,5309.0,5379.0,5258.8,5375.0,5749,10097,0.0,IM2405,2024-05-17,contract_code_cffex_rule
2024-04-01,5402.0,5518.0,5402.0,5503.0,6688,11649,0.0,IM2405,2024-05-17,contract_code_cffex_rule
2024-04-02,5499.8,5505.4,5421.2,5470.4,5319,11302,0.0,IM2405,2024-05-17,contract_code_cffex_rule
2024-04-03,5453.0,5465.8,5383.0,5433.0,5458,12099,0.0,IM2405,2024-05-17,contract_code_cffex_rule
2024-04-08,5406.0,5421.2,5295.2,5306.2,6829,13478,0.0,IM2405,2024-05-17,contract_code_cffex_rule
2024-04-09,5306.2,5392.0,5301.8,5386.4,7358,15082,0.0,IM2405,2024-05-17,contract_code_cffex_rule
2024-04-10,5373.0,5376.8,5237.2,5280.6,9664,17480,0.0,IM2405,2024-05-17,contract_code_cffex_rule
2024-04-11,5245.8,5377.2,5241.0,5301.8,11056,20067,0.0,IM2405,2024-05-17,contract_code_cffex_rule
2024-04-12,5313.8,5340.8,5240.0,5253.0,12037,22526,0.0,IM2405,2024-05-17,contract_code_cffex_rule
2024-04-15,5235.6,5287.6,5112.2,5197.0,22499,31706,0.0,IM2405,2024-05-17,contract_code_cffex_rule
2024-04-16,5165.2,5209.0,4977.2,4986.4,30798,42540,0.0,IM2405,2024-05-17,contract_code_cffex_rule
2024-04-17,5059.0,5236.8,5059.0,5232.0,44901,56255,0.0,IM2405,2024-05-17,contract_code_cffex_rule
2024-04-18,5229.8,5297.6,5157.2,5234.0,62996,74773,0.0,IM2405,2024-05-17,contract_code_cffex_rule
2024-04-19,5207.8,5264.6,5149.2,5191.8,71833,80786,0.0,IM2405,2024-05-17,contract_code_cffex_rule
2024-04-22,5155.4,5254.0,5115.2,5189.2,66495,80540,0.0,IM2405,2024-05-17,contract_code_cffex_rule
2024-04-23,5195.0,5228.2,5133.2,5151.8,60320,79334,0.0,IM2405,2024-05-17,contract_code_cffex_rule
2024-04-24,5178.2,5277.4,5145.8,5275.4,65511,78206,0.0,IM2405,2024-05-17,contract_code_cffex_rule
2024-04-25,5250.0,5337.0,5241.2,5279.2,59032,75366,0.0,IM2405,2024-05-17,contract_code_cffex_rule
2024-04-26,5291.2,5418.0,5287.0,5408.6,65929,75132,0.0,IM2405,2024-05-17,contract_code_cffex_rule
2024-04-29,5430.0,5571.8,5430.0,5557.0,63448,71302,0.0,IM2405,2024-05-17,contract_code_cffex_rule
2024-04-30,5555.6,5569.2,5476.2,5493.0,51202,66592,0.0,IM2405,2024-05-17,contract_code_cffex_rule
2024-05-06,5581.2,5648.0,5568.0,5590.2,51806,65944,0.0,IM2405,2024-05-17,contract_code_cffex_rule
2024-05-07,5592.2,5628.6,5578.0,5606.8,39063,60370,0.0,IM2405,2024-05-17,contract_code_cffex_rule
2024-05-08,5586.4,5589.0,5501.2,5519.8,42615,58459,0.0,IM2405,2024-05-17,contract_code_cffex_rule
2024-05-09,5529.8,5642.6,5529.8,5617.0,44845,58193,0.0,IM2405,2024-05-17,contract_code_cffex_rule
2024-05-10,5627.0,5650.0,5529.0,5563.6,47930,54643,0.0,IM2405,2024-05-17,contract_code_cffex_rule
2024-05-13,5507.0,5554.8,5451.0,5512.0,44303,49028,0.0,IM2405,2024-05-17,contract_code_cffex_rule
2024-05-14,5547.0,5584.6,5507.2,5537.0,37920,42389,0.0,IM2405,2024-05-17,contract_code_cffex_rule
2024-05-15,5533.0,5551.6,5476.6,5489.2,35851,32383,0.0,IM2405,2024-05-17,contract_code_cffex_rule
2024-05-16,5519.0,5545.4,5465.4,5478.2,31589,20701,0.0,IM2405,2024-05-17,contract_code_cffex_rule
2024-05-17,5498.0,5535.0,5473.2,5512.0,16920,8845,0.0,IM2405,2024-05-17,contract_code_cffex_rule
2023-10-23,5679.6,5679.6,5469.0,5514.0,5752,5554,0.0,IM2406,2024-06-21,contract_code_cffex_rule
2023-10-24,5542.4,5618.2,5485.4,5580.4,8259,10260,0.0,IM2406,2024-06-21,contract_code_cffex_rule
2023-10-25,5630.4,5683.6,5620.0,5630.6,6424,13086,0.0,IM2406,2024-06-21,contract_code_cffex_rule
2023-10-26,5610.6,5686.0,5588.0,5667.4,4483,14638,0.0,IM2406,2024-06-21,contract_code_cffex_rule
2023-10-27,5651.0,5823.0,5635.6,5806.0,6742,17900,0.0,IM2406,2024-06-21,contract_code_cffex_rule
2023-10-30,5785.0,5897.2,5785.0,5877.8,4750,18706,0.0,IM2406,2024-06-21,contract_code_cffex_rule
2023-10-31,5870.0,5883.0,5810.0,5846.8,4622,20700,0.0,IM2406,2024-06-21,contract_code_cffex_rule
2023-11-01,5857.8,5864.8,5811.8,5836.6,3032,21036,0.0,IM2406,2024-06-21,contract_code_cffex_rule
2023-11-02,5847.6,5869.0,5774.4,5776.2,3777,22807,0.0,IM2406,2024-06-21,contract_code_cffex_rule
2023-11-03,5791.6,5899.6,5787.6,5865.2,5136,23380,0.0,IM2406,2024-06-21,contract_code_cffex_rule
2023-11-06,5900.0,5999.0,5900.0,5989.0,4164,24735,0.0,IM2406,2024-06-21,contract_code_cffex_rule
2023-11-07,5985.2,6022.2,5958.2,5996.4,3824,25234,0.0,IM2406,2024-06-21,contract_code_cffex_rule
2023-11-08,5992.8,6034.4,5966.8,6004.0,3993,25943,0.0,IM2406,2024-06-21,contract_code_cffex_rule
2023-11-09,5992.8,6036.0,5945.0,5967.6,5225,26997,0.0,IM2406,2024-06-21,contract_code_cffex_rule
2023-11-10,5940.2,5954.0,5909.2,5947.0,5335,28301,0.0,IM2406,2024-06-21,contract_code_cffex_rule
2023-11-13,5967.8,5982.4,5930.0,5979.0,4895,29328,0.0,IM2406,2024-06-21,contract_code_cffex_rule
2023-11-14,5984.4,6026.0,5960.6,5998.2,6326,31247,0.0,IM2406,2024-06-21,contract_code_cffex_rule
2023-11-15,6041.2,6055.8,5990.0,6019.6,6827,32454,0.0,IM2406,2024-06-21,contract_code_cffex_rule
2023-11-16,5997.2,6007.6,5941.2,5949.2,5181,34001,0.0,IM2406,2024-06-21,contract_code_cffex_rule
2023-11-17,5935.0,5998.4,5927.2,5997.4,6108,35469,0.0,IM2406,2024-06-21,contract_code_cffex_rule
2023-11-20,6006.0,6049.8,5957.4,6049.0,6852,36534,0.0,IM2406,2024-06-21,contract_code_cffex_rule
2023-11-21,6055.0,6070.6,5990.0,6001.8,4810,36572,0.0,IM2406,2024-06-21,contract_code_cffex_rule
2023-11-22,5985.0,6031.0,5936.6,5943.2,5087,36971,0.0,IM2406,2024-06-21,contract_code_cffex_rule
2023-11-23,5939.4,6036.8,5918.0,6035.0,6836,37985,0.0,IM2406,2024-06-21,contract_code_cffex_rule
2023-11-24,6023.0,6023.0,5922.8,5942.4,6485,38509,0.0,IM2406,2024-06-21,contract_code_cffex_rule
2023-11-27,5942.0,5958.0,5868.0,5921.0,9225,41247,0.0,IM2406,2024-06-21,contract_code_cffex_rule
2023-11-28,5902.8,5944.6,5856.4,5931.4,6514,41470,0.0,IM2406,2024-06-21,contract_code_cffex_rule
2023-11-29,5931.4,5940.0,5880.6,5903.6,4813,42002,0.0,IM2406,2024-06-21,contract_code_cffex_rule
2023-11-30,5899.6,5904.2,5810.0,5847.6,6275,43363,0.0,IM2406,2024-06-21,contract_code_cffex_rule
2023-12-01,5847.4,5912.6,5822.6,5894.4,7391,44787,0.0,IM2406,2024-06-21,contract_code_cffex_rule
2023-12-04,5896.2,5907.0,5852.0,5852.6,6489,45573,0.0,IM2406,2024-06-21,contract_code_cffex_rule
2023-12-05,5845.2,5845.2,5704.0,5718.6,9189,48592,0.0,IM2406,2024-06-21,contract_code_cffex_rule
2023-12-06,5705.2,5790.8,5688.0,5753.4,7980,49066,0.0,IM2406,2024-06-21,contract_code_cffex_rule
2023-12-07,5753.4,5852.8,5701.0,5830.0,11702,53528,0.0,IM2406,2024-06-21,contract_code_cffex_rule
2023-12-08,5832.0,5904.0,5810.2,5823.8,12665,56544,0.0,IM2406,2024-06-21,contract_code_cffex_rule
2023-12-11,5800.0,5914.2,5755.4,5886.4,10098,58017,0.0,IM2406,2024-06-21,contract_code_cffex_rule
2023-12-12,5874.4,5898.0,5858.6,5898.0,9284,61347,0.0,IM2406,2024-06-21,contract_code_cffex_rule
2023-12-13,5885.0,5891.2,5811.2,5825.4,8027,61857,0.0,IM2406,2024-06-21,contract_code_cffex_rule
2023-12-14,5841.0,5883.6,5793.0,5805.6,7869,63077,0.0,IM2406,2024-06-21,contract_code_cffex_rule
2023-12-15,5818.6,5846.4,5727.2,5758.8,8981,64451,0.0,IM2406,2024-06-21,contract_code_cffex_rule
2023-12-18,5738.8,5756.0,5670.0,5693.0,6603,64837,0.0,IM2406,2024-06-21,contract_code_cffex_rule
2023-12-19,5691.8,5722.0,5661.8,5708.0,7172,65611,0.0,IM2406,2024-06-21,contract_code_cffex_rule
2023-12-20,5720.2,5724.8,5607.2,5616.0,7841,66660,0.0,IM2406,2024-06-21,contract_code_cffex_rule
2023-12-21,5598.0,5658.2,5526.0,5637.0,11155,69287,0.0,IM2406,2024-06-21,contract_code_cffex_rule
2023-12-22,5636.8,5656.0,5561.6,5586.0,10064,69146,0.0,IM2406,2024-06-21,contract_code_cffex_rule
2023-12-25,5585.6,5617.0,5550.0,5571.0,7237,69424,0.0,IM2406,2024-06-21,contract_code_cffex_rule
2023-12-26,5563.0,5565.0,5476.0,5493.0,9381,70834,0.0,IM2406,2024-06-21,contract_code_cffex_rule
2023-12-27,5503.2,5536.4,5469.8,5525.6,7649,70532,0.0,IM2406,2024-06-21,contract_code_cffex_rule
2023-12-28,5511.2,5671.2,5493.4,5667.4,11766,72172,0.0,IM2406,2024-06-21,contract_code_cffex_rule
2023-12-29,5664.8,5779.6,5660.0,5764.2,11728,72257,0.0,IM2406,2024-06-21,contract_code_cffex_rule
2024-01-02,5766.8,5774.0,5702.0,5706.4,7700,71596,0.0,IM2406,2024-06-21,contract_code_cffex_rule
2024-01-03,5703.0,5724.2,5635.0,5676.0,9711,72047,0.0,IM2406,2024-06-21,contract_code_cffex_rule
2024-01-04,5666.0,5667.6,5577.6,5628.8,10106,71942,0.0,IM2406,2024-06-21,contract_code_cffex_rule
2024-01-05,5622.6,5637.8,5497.8,5519.0,11038,73565,0.0,IM2406,2024-06-21,contract_code_cffex_rule
2024-01-08,5497.4,5501.0,5296.0,5317.0,15975,75184,0.0,IM2406,2024-06-21,contract_code_cffex_rule
2024-01-09,5320.0,5429.8,5303.4,5341.8,15408,75104,0.0,IM2406,2024-06-21,contract_code_cffex_rule
2024-01-10,5320.0,5401.2,5247.4,5315.4,13264,74686,0.0,IM2406,2024-06-21,contract_code_cffex_rule
2024-01-11,5315.4,5492.0,5307.8,5446.8,16338,75532,0.0,IM2406,2024-06-21,contract_code_cffex_rule
2024-01-12,5426.0,5476.8,5385.4,5388.0,12722,76022,0.0,IM2406,2024-06-21,contract_code_cffex_rule
2024-01-15,5360.2,5433.2,5331.6,5360.2,11758,77267,0.0,IM2406,2024-06-21,contract_code_cffex_rule
2024-01-16,5357.0,5378.0,5252.0,5333.2,15873,79102,0.0,IM2406,2024-06-21,contract_code_cffex_rule
2024-01-17,5313.2,5321.8,5093.2,5124.2,17029,80944,0.0,IM2406,2024-06-21,contract_code_cffex_rule
2024-01-18,5100.0,5147.6,4894.0,5123.8,31669,84025,0.0,IM2406,2024-06-21,contract_code_cffex_rule
2024-01-19,5105.0,5146.8,5050.0,5079.4,23185,84316,0.0,IM2406,2024-06-21,contract_code_cffex_rule
2024-01-22,5062.2,5080.0,4588.6,4619.8,37782,84518,0.0,IM2406,2024-06-21,contract_code_cffex_rule
2024-01-23,4600.0,4890.0,4581.2,4830.2,39234,81761,0.0,IM2406,2024-06-21,contract_code_cffex_rule
2024-01-24,4879.0,4950.0,4651.2,4930.4,39369,79866,0.0,IM2406,2024-06-21,contract_code_cffex_rule
2024-01-25,4921.0,5169.8,4885.0,5162.0,32023,79137,0.0,IM2406,2024-06-21,contract_code_cffex_rule
2024-01-26,5154.0,5169.6,5031.0,5060.0,26665,79377,0.0,IM2406,2024-06-21,contract_code_cffex_rule
2024-01-29,5099.0,5117.8,4887.2,4896.2,24676,79552,0.0,IM2406,2024-06-21,contract_code_cffex_rule
2024-01-30,4861.0,4920.8,4705.0,4726.4,27158,79175,0.0,IM2406,2024-06-21,contract_code_cffex_rule
2024-01-31,4698.0,4756.2,4515.0,4544.0,39764,79235,0.0,IM2406,2024-06-21,contract_code_cffex_rule
2024-02-01,4519.2,4714.4,4473.2,4521.4,40068,80010,0.0,IM2406,2024-06-21,contract_code_cffex_rule
2024-02-02,4560.0,4617.0,4150.0,4323.0,49153,80142,0.0,IM2406,2024-06-21,contract_code_cffex_rule
2024-02-05,4280.0,4280.0,3872.0,3922.6,61294,78634,0.0,IM2406,2024-06-21,contract_code_cffex_rule
2024-02-06,3900.0,4454.0,3889.2,4454.0,59906,77287,0.0,IM2406,2024-06-21,contract_code_cffex_rule
2024-02-07,4474.0,4753.8,4466.2,4715.0,63227,76475,0.0,IM2406,2024-06-21,contract_code_cffex_rule
2024-02-08,4769.2,5008.8,4768.0,4887.0,69515,81638,0.0,IM2406,2024-06-21,contract_code_cffex_rule
2024-02-19,4988.0,5033.8,4733.8,4842.8,45529,84030,0.0,IM2406,2024-06-21,contract_code_cffex_rule
2024-02-20,4828.8,4915.0,4754.0,4873.2,33785,80150,0.0,IM2406,2024-06-21,contract_code_cffex_rule
2024-02-21,4823.0,5110.0,4823.0,4887.2,50656,86840,0.0,IM2406,2024-06-21,contract_code_cffex_rule
2024-02-22,4899.2,5030.0,4899.2,5010.8,40587,81448,0.0,IM2406,2024-06-21,contract_code_cffex_rule
2024-02-23,5030.6,5102.6,4957.4,5102.2,38749,82404,0.0,IM2406,2024-06-21,contract_code_cffex_rule
2024-02-26,5115.2,5186.8,5049.2,5102.6,40020,81928,0.0,IM2406,2024-06-21,contract_code_cffex_rule
2024-02-27,5093.4,5277.8,5068.2,5271.0,40618,85048,0.0,IM2406,2024-06-21,contract_code_cffex_rule
2024-02-28,5288.8,5350.0,4985.0,5000.0,64860,89584,0.0,IM2406,2024-06-21,contract_code_cffex_rule
2024-02-29,4990.0,5224.0,4988.0,5215.2,56743,88865,0.0,IM2406,2024-06-21,contract_code_cffex_rule
2024-03-01,5223.0,5285.2,5173.4,5277.0,40692,84945,0.0,IM2406,2024-06-21,contract_code_cffex_rule
2024-03-04,5294.8,5302.0,5169.4,5260.6,38052,86845,0.0,IM2406,2024-06-21,contract_code_cffex_rule
2024-03-05,5230.0,5245.8,5160.0,5183.8,36016,87136,0.0,IM2406,2024-06-21,contract_code_cffex_rule
2024-03-06,5170.2,5289.0,5154.2,5215.2,40469,90581,0.0,IM2406,2024-06-21,contract_code_cffex_rule
2024-03-07,5223.6,5287.6,5142.6,5149.2,39749,89696,0.0,IM2406,2024-06-21,contract_code_cffex_rule
2024-03-08,5173.0,5246.0,5123.0,5216.0,36207,91193,0.0,IM2406,2024-06-21,contract_code_cffex_rule
2024-03-11,5204.0,5322.0,5183.8,5319.6,35167,92010,0.0,IM2406,2024-06-21,contract_code_cffex_rule
2024-03-12,5328.2,5390.0,5293.2,5352.0,43573,96037,0.0,IM2406,2024-06-21,contract_code_cffex_rule
2024-03-13,5352.0,5428.8,5325.2,5380.0,40444,96078,0.0,IM2406,2024-06-21,contract_code_cffex_rule
2024-03-14,5377.0,5408.0,5283.4,5344.2,46427,102160,0.0,IM2406,2024-06-21,contract_code_cffex_rule
2024-03-15,5330.0,5441.6,5302.6,5440.0,48152,100865,0.0,IM2406,2024-06-21,contract_code_cffex_rule
2024-03-18,5460.0,5553.6,5415.4,5550.8,44412,102787,0.0,IM2406,2024-06-21,contract_code_cffex_rule
2024-03-19,5528.8,5551.8,5483.2,5495.2,39895,99641,0.0,IM2406,2024-06-21,contract_code_cffex_rule
2024-03-20,5500.2,5559.8,5482.0,5539.0,38940,100823,0.0,IM2406,2024-06-21,contract_code_cffex_rule
2024-03-21,5562.2,5587.8,5508.2,5540.0,39125,98490,0.0,IM2406,2024-06-21,contract_code_cffex_rule
2024-03-22,5533.0,5542.0,5428.0,5466.6,48512,103538,0.0,IM2406,2024-06-21,contract_code_cffex_rule
2024-03-25,5452.0,5481.6,5325.2,5337.0,45896,99330,0.0,IM2406,2024-06-21,contract_code_cffex_rule
2024-03-26,5350.0,5371.8,5270.4,5304.2,50027,104937,0.0,IM2406,2024-06-21,contract_code_cffex_rule
2024-03-27,5302.0,5305.2,5116.0,5121.4,49269,100476,0.0,IM2406,2024-06-21,contract_code_cffex_rule
2024-03-28,5132.0,5310.0,5131.4,5249.0,56610,104699,0.0,IM2406,2024-06-21,contract_code_cffex_rule
2024-03-29,5255.0,5319.0,5197.6,5308.0,44878,98158,0.0,IM2406,2024-06-21,contract_code_cffex_rule
2024-04-01,5330.0,5462.4,5330.0,5446.2,38262,100572,0.0,IM2406,2024-06-21,contract_code_cffex_rule
2024-04-02,5452.0,5452.0,5367.0,5414.2,37701,97889,0.0,IM2406,2024-06-21,contract_code_cffex_rule
2024-04-03,5404.8,5410.4,5325.8,5374.4,35205,98982,0.0,IM2406,2024-06-21,contract_code_cffex_rule
2024-04-08,5359.6,5359.8,5236.4,5241.8,38012,98366,0.0,IM2406,2024-06-21,contract_code_cffex_rule
2024-04-09,5251.0,5328.8,5238.2,5322.4,39921,102095,0.0,IM2406,2024-06-21,contract_code_cffex_rule
2024-04-10,5306.4,5314.2,5176.4,5218.0,47508,101649,0.0,IM2406,2024-06-21,contract_code_cffex_rule
2024-04-11,5190.0,5310.0,5178.0,5235.6,49573,106644,0.0,IM2406,2024-06-21,contract_code_cffex_rule
2024-04-12,5245.8,5273.8,5171.2,5183.8,42393,103321,0.0,IM2406,2024-06-21,contract_code_cffex_rule
2024-04-15,5170.0,5218.2,5038.2,5120.0,67238,112448,0.0,IM2406,2024-06-21,contract_code_cffex_rule
2024-04-16,5097.0,5126.2,4905.0,4917.2,71003,110752,0.0,IM2406,2024-06-21,contract_code_cffex_rule
2024-04-17,4980.0,5163.0,4980.0,5157.4,72196,113725,0.0,IM2406,2024-06-21,contract_code_cffex_rule
2024-04-18,5135.0,5226.0,5086.0,5165.6,64063,111060,0.0,IM2406,2024-06-21,contract_code_cffex_rule
2024-04-19,5136.0,5192.4,5078.2,5118.8,62048,112345,0.0,IM2406,2024-06-21,contract_code_cffex_rule
2024-04-22,5103.8,5182.0,5046.4,5118.4,59063,110846,0.0,IM2406,2024-06-21,contract_code_cffex_rule
2024-04-23,5127.0,5157.8,5065.0,5082.8,54460,110994,0.0,IM2406,2024-06-21,contract_code_cffex_rule
2024-04-24,5116.8,5208.8,5077.6,5205.8,61305,110829,0.0,IM2406,2024-06-21,contract_code_cffex_rule
2024-04-25,5186.0,5270.8,5176.0,5214.2,60085,109272,0.0,IM2406,2024-06-21,contract_code_cffex_rule
2024-04-26,5218.0,5360.0,5218.0,5351.2,71576,110203,0.0,IM2406,2024-06-21,contract_code_cffex_rule
2024-04-29,5372.0,5528.6,5371.4,5510.2,73142,110557,0.0,IM2406,2024-06-21,contract_code_cffex_rule
2024-04-30,5510.2,5525.0,5432.4,5448.8,59732,106642,0.0,IM2406,2024-06-21,contract_code_cffex_rule
2024-05-06,5560.0,5597.2,5531.8,5548.6,57463,108078,0.0,IM2406,2024-06-21,contract_code_cffex_rule
2024-05-07,5545.0,5585.8,5533.0,5557.2,45224,106467,0.0,IM2406,2024-06-21,contract_code_cffex_rule
2024-05-08,5538.0,5538.0,5451.0,5461.2,50753,109674,0.0,IM2406,2024-06-21,contract_code_cffex_rule
2024-05-09,5478.8,5587.0,5471.8,5562.8,56400,110212,0.0,IM2406,2024-06-21,contract_code_cffex_rule
2024-05-10,5580.0,5596.0,5466.0,5503.6,67029,113824,0.0,IM2406,2024-06-21,contract_code_cffex_rule
2024-05-13,5451.0,5492.2,5389.6,5443.8,66036,116072,0.0,IM2406,2024-06-21,contract_code_cffex_rule
2024-05-14,5477.0,5528.0,5444.0,5470.0,59866,116594,0.0,IM2406,2024-06-21,contract_code_cffex_rule
2024-05-15,5460.0,5486.0,5408.2,5424.0,62134,121328,0.0,IM2406,2024-06-21,contract_code_cffex_rule
2024-05-16,5470.2,5485.4,5401.4,5415.0,79478,134269,0.0,IM2406,2024-06-21,contract_code_cffex_rule
2024-05-17,5427.8,5536.0,5408.0,5530.2,94821,142465,0.0,IM2406,2024-06-21,contract_code_cffex_rule
2024-05-20,5533.2,5587.4,5506.8,5539.2,76844,136278,0.0,IM2406,2024-06-21,contract_code_cffex_rule
2024-05-21,5520.0,5534.6,5445.0,5476.8,70134,134930,0.0,IM2406,2024-06-21,contract_code_cffex_rule
2024-05-22,5485.0,5504.2,5442.0,5479.6,65033,131548,0.0,IM2406,2024-06-21,contract_code_cffex_rule
2024-05-23,5457.0,5458.0,5325.2,5359.0,86122,136494,0.0,IM2406,2024-06-21,contract_code_cffex_rule
2024-05-24,5350.0,5386.4,5289.0,5291.2,77622,131652,0.0,IM2406,2024-06-21,contract_code_cffex_rule
2024-05-27,5320.0,5344.8,5231.8,5335.8,86544,135548,0.0,IM2406,2024-06-21,contract_code_cffex_rule
2024-05-28,5320.0,5348.0,5264.6,5279.0,76924,125679,0.0,IM2406,2024-06-21,contract_code_cffex_rule
2024-05-29,5286.2,5341.8,5252.0,5284.0,83508,130440,0.0,IM2406,2024-06-21,contract_code_cffex_rule
2024-05-30,5268.0,5323.8,5240.2,5291.4,87534,125533,0.0,IM2406,2024-06-21,contract_code_cffex_rule
2024-05-31,5313.0,5353.2,5308.0,5314.0,72770,120721,0.0,IM2406,2024-06-21,contract_code_cffex_rule
2024-06-03,5310.0,5314.4,5181.2,5222.4,94312,127269,0.0,IM2406,2024-06-21,contract_code_cffex_rule
2024-06-04,5209.8,5285.0,5180.8,5268.6,91299,119444,0.0,IM2406,2024-06-21,contract_code_cffex_rule
2024-06-05,5256.2,5288.6,5203.8,5209.6,70893,117604,0.0,IM2406,2024-06-21,contract_code_cffex_rule
2024-06-06,5235.4,5246.0,5071.4,5101.8,111388,128795,0.0,IM2406,2024-06-21,contract_code_cffex_rule
2024-06-07,5151.0,5167.8,5060.8,5115.0,100891,119715,0.0,IM2406,2024-06-21,contract_code_cffex_rule
2024-06-11,5094.4,5191.2,5048.0,5174.0,90754,116754,0.0,IM2406,2024-06-21,contract_code_cffex_rule
2024-06-12,5164.8,5207.0,5158.2,5180.6,68123,105908,0.0,IM2406,2024-06-21,contract_code_cffex_rule
2024-06-13,5199.8,5199.8,5134.2,5148.4,68759,103228,0.0,IM2406,2024-06-21,contract_code_cffex_rule
2024-06-14,5132.2,5193.8,5113.0,5178.8,82584,98376,0.0,IM2406,2024-06-21,contract_code_cffex_rule
2024-06-17,5152.0,5207.0,5142.8,5173.8,63411,86066,0.0,IM2406,2024-06-21,contract_code_cffex_rule
2024-06-18,5171.2,5242.6,5171.2,5230.0,68503,75217,0.0,IM2406,2024-06-21,contract_code_cffex_rule
2024-06-19,5240.6,5254.0,5141.0,5155.0,68614,55505,0.0,IM2406,2024-06-21,contract_code_cffex_rule
2024-06-20,5155.2,5172.8,5048.6,5064.0,55148,34529,0.0,IM2406,2024-06-21,contract_code_cffex_rule
2024-06-21,5050.0,5092.0,5027.0,5059.4,27104,16277,0.0,IM2406,2024-06-21,contract_code_cffex_rule
2024-05-20,5515.0,5552.4,5474.6,5503.8,2811,2757,0.0,IM2407,2024-07-19,contract_code_cffex_rule
2024-05-21,5493.6,5497.8,5406.0,5433.6,4458,4114,0.0,IM2407,2024-07-19,contract_code_cffex_rule
2024-05-22,5452.0,5465.8,5404.6,5442.6,3186,4456,0.0,IM2407,2024-07-19,contract_code_cffex_rule
2024-05-23,5407.8,5423.2,5284.0,5317.8,5340,6129,0.0,IM2407,2024-07-19,contract_code_cffex_rule
2024-05-24,5300.0,5347.0,5246.2,5249.0,5031,6621,0.0,IM2407,2024-07-19,contract_code_cffex_rule
2024-05-27,5275.0,5302.2,5189.4,5291.2,4660,7118,0.0,IM2407,2024-07-19,contract_code_cffex_rule
2024-05-28,5264.2,5303.4,5220.0,5233.8,4786,8095,0.0,IM2407,2024-07-19,contract_code_cffex_rule
2024-05-29,5233.2,5296.0,5204.4,5236.2,5130,9198,0.0,IM2407,2024-07-19,contract_code_cffex_rule
2024-05-30,5220.0,5277.8,5191.8,5245.8,5190,9920,0.0,IM2407,2024-07-19,contract_code_cffex_rule
2024-05-31,5278.8,5304.0,5260.6,5268.0,4657,10150,0.0,IM2407,2024-07-19,contract_code_cffex_rule
2024-06-03,5270.2,5270.2,5135.0,5178.8,6784,12889,0.0,IM2407,2024-07-19,contract_code_cffex_rule
2024-06-04,5160.8,5235.2,5135.0,5220.6,7113,13489,0.0,IM2407,2024-07-19,contract_code_cffex_rule
2024-06-05,5210.6,5240.6,5155.0,5161.4,5438,13730,0.0,IM2407,2024-07-19,contract_code_cffex_rule
2024-06-06,5181.6,5200.0,5023.0,5055.8,9900,17218,0.0,IM2407,2024-07-19,contract_code_cffex_rule
2024-06-07,5104.4,5122.8,5011.0,5067.6,10223,18416,0.0,IM2407,2024-07-19,contract_code_cffex_rule
2024-06-11,5056.0,5143.2,5000.0,5122.2,10090,19594,0.0,IM2407,2024-07-19,contract_code_cffex_rule
2024-06-12,5119.6,5159.0,5104.4,5130.6,8746,20757,0.0,IM2407,2024-07-19,contract_code_cffex_rule
2024-06-13,5140.2,5146.0,5077.0,5093.2,10338,23067,0.0,IM2407,2024-07-19,contract_code_cffex_rule
2024-06-14,5092.2,5139.6,5060.2,5128.0,15061,27846,0.0,IM2407,2024-07-19,contract_code_cffex_rule
2024-06-17,5098.8,5156.2,5085.0,5126.4,15783,31836,0.0,IM2407,2024-07-19,contract_code_cffex_rule
2024-06-18,5130.0,5196.0,5126.6,5180.6,22689,41736,0.0,IM2407,2024-07-19,contract_code_cffex_rule
2024-06-19,5184.8,5204.0,5096.0,5106.0,31810,55628,0.0,IM2407,2024-07-19,contract_code_cffex_rule
2024-06-20,5093.2,5119.6,4988.2,5002.8,56280,79405,0.0,IM2407,2024-07-19,contract_code_cffex_rule
2024-06-21,4990.2,5036.4,4968.0,4994.6,74160,95028,0.0,IM2407,2024-07-19,contract_code_cffex_rule
2024-06-24,4961.2,4979.8,4826.0,4834.0,88614,100237,0.0,IM2407,2024-07-19,contract_code_cffex_rule
2024-06-25,4852.0,4867.6,4767.8,4808.4,90594,102236,0.0,IM2407,2024-07-19,contract_code_cffex_rule
2024-06-26,4808.4,4966.2,4772.4,4954.4,108500,102894,0.0,IM2407,2024-07-19,contract_code_cffex_rule
2024-06-27,4936.4,4943.0,4818.0,4835.0,93752,99692,0.0,IM2407,2024-07-19,contract_code_cffex_rule
2024-06-28,4825.0,4951.8,4823.2,4851.4,105825,104068,0.0,IM2407,2024-07-19,contract_code_cffex_rule
2024-07-01,4858.0,4929.4,4793.2,4893.2,97193,99581,0.0,IM2407,2024-07-19,contract_code_cffex_rule
2024-07-02,4900.0,4917.4,4838.0,4863.8,77542,91892,0.0,IM2407,2024-07-19,contract_code_cffex_rule
2024-07-03,4861.2,4879.0,4821.0,4832.2,74798,92615,0.0,IM2407,2024-07-19,contract_code_cffex_rule
2024-07-04,4843.6,4853.0,4701.4,4729.0,86507,96368,0.0,IM2407,2024-07-19,contract_code_cffex_rule
2024-07-05,4728.0,4806.4,4680.0,4778.2,98420,97634,0.0,IM2407,2024-07-19,contract_code_cffex_rule
2024-07-08,4768.8,4769.0,4637.0,4663.0,88034,94241,0.0,IM2407,2024-07-19,contract_code_cffex_rule
2024-07-09,4656.0,4795.6,4626.8,4766.6,123226,105861,0.0,IM2407,2024-07-19,contract_code_cffex_rule
2024-07-10,4755.8,4813.6,4747.8,4758.0,83873,90954,0.0,IM2407,2024-07-19,contract_code_cffex_rule
2024-07-11,4840.0,4888.2,4799.6,4881.4,89853,92011,0.0,IM2407,2024-07-19,contract_code_cffex_rule
2024-07-12,4871.0,4892.0,4842.2,4864.2,68072,81735,0.0,IM2407,2024-07-19,contract_code_cffex_rule
2024-07-15,4850.2,4856.4,4790.4,4808.8,69517,78372,0.0,IM2407,2024-07-19,contract_code_cffex_rule
2024-07-16,4795.8,4837.4,4767.0,4816.6,72248,69493,0.0,IM2407,2024-07-19,contract_code_cffex_rule
2024-07-17,4820.2,4834.2,4771.6,4789.6,63485,51040,0.0,IM2407,2024-07-19,contract_code_cffex_rule
2024-07-18,4763.6,4829.0,4713.4,4809.2,60705,30963,0.0,IM2407,2024-07-19,contract_code_cffex_rule
2024-07-19,4785.0,4861.0,4767.0,4824.8,27289,11992,0.0,IM2407,2024-07-19,contract_code_cffex_rule
2024-06-24,4921.6,4941.0,4789.0,4797.0,2214,2136,0.0,IM2408,2024-08-16,contract_code_cffex_rule
2024-06-25,4812.6,4830.0,4730.8,4767.2,3405,2591,0.0,IM2408,2024-08-16,contract_code_cffex_rule
2024-06-26,4765.0,4926.2,4733.8,4915.0,3838,3484,0.0,IM2408,2024-08-16,contract_code_cffex_rule
2024-06-27,4907.4,4907.4,4779.2,4802.2,4261,4204,0.0,IM2408,2024-08-16,contract_code_cffex_rule
2024-06-28,4789.8,4915.0,4783.6,4810.0,4277,4803,0.0,IM2408,2024-08-16,contract_code_cffex_rule
2024-07-01,4811.4,4890.0,4753.8,4856.6,3967,4925,0.0,IM2408,2024-08-16,contract_code_cffex_rule
2024-07-02,4865.0,4875.8,4797.4,4822.0,3952,5598,0.0,IM2408,2024-08-16,contract_code_cffex_rule
2024-07-03,4822.0,4839.6,4781.6,4789.0,4234,6815,0.0,IM2408,2024-08-16,contract_code_cffex_rule
2024-07-04,4800.0,4814.6,4661.8,4690.0,4744,7477,0.0,IM2408,2024-08-16,contract_code_cffex_rule
2024-07-05,4697.4,4766.4,4639.0,4739.6,6025,8902,0.0,IM2408,2024-08-16,contract_code_cffex_rule
2024-07-08,4733.4,4733.4,4596.2,4621.2,6248,9936,0.0,IM2408,2024-08-16,contract_code_cffex_rule
2024-07-09,4616.6,4753.8,4584.6,4726.8,9068,12442,0.0,IM2408,2024-08-16,contract_code_cffex_rule
2024-07-10,4719.8,4773.8,4707.2,4718.2,7320,12870,0.0,IM2408,2024-08-16,contract_code_cffex_rule
2024-07-11,4800.0,4847.2,4758.4,4841.8,8913,15892,0.0,IM2408,2024-08-16,contract_code_cffex_rule
2024-07-12,4836.2,4852.8,4803.6,4827.0,7950,17414,0.0,IM2408,2024-08-16,contract_code_cffex_rule
2024-07-15,4805.2,4818.8,4747.2,4765.8,12592,23167,0.0,IM2408,2024-08-16,contract_code_cffex_rule
2024-07-16,4751.2,4790.0,4721.6,4769.4,17917,29085,0.0,IM2408,2024-08-16,contract_code_cffex_rule
2024-07-17,4770.0,4786.0,4722.0,4729.8,27181,42750,0.0,IM2408,2024-08-16,contract_code_cffex_rule
2024-07-18,4700.0,4771.4,4651.2,4756.8,60855,72743,0.0,IM2408,2024-08-16,contract_code_cffex_rule
2024-07-19,4715.0,4823.6,4710.8,4757.0,79476,83773,0.0,IM2408,2024-08-16,contract_code_cffex_rule
2024-07-22,4777.8,4808.0,4737.0,4766.2,62756,79680,0.0,IM2408,2024-08-16,contract_code_cffex_rule
2024-07-23,4776.0,4781.8,4624.4,4625.0,65738,81852,0.0,IM2408,2024-08-16,contract_code_cffex_rule
2024-07-24,4619.8,4649.4,4562.2,4570.2,89033,93159,0.0,IM2408,2024-08-16,contract_code_cffex_rule
2024-07-25,4555.0,4643.0,4542.0,4579.2,88909,88083,0.0,IM2408,2024-08-16,contract_code_cffex_rule
2024-07-26,4601.4,4679.0,4600.2,4664.6,83036,86687,0.0,IM2408,2024-08-16,contract_code_cffex_rule
2024-07-29,4679.0,4679.0,4619.2,4638.6,59453,79510,0.0,IM2408,2024-08-16,contract_code_cffex_rule
2024-07-30,4618.6,4685.4,4585.2,4656.0,74188,87209,0.0,IM2408,2024-08-16,contract_code_cffex_rule
2024-07-31,4660.0,4898.8,4648.0,4895.0,100816,92356,0.0,IM2408,2024-08-16,contract_code_cffex_rule
2024-08-01,4899.2,4935.0,4827.6,4859.4,81007,87470,0.0,IM2408,2024-08-16,contract_code_cffex_rule
2024-08-02,4820.0,4892.0,4781.8,4792.8,81276,87295,0.0,IM2408,2024-08-16,contract_code_cffex_rule
2024-08-05,4780.0,4852.2,4652.2,4670.6,107524,95315,0.0,IM2408,2024-08-16,contract_code_cffex_rule
2024-08-06,4739.4,4764.4,4673.0,4729.8,88344,84545,0.0,IM2408,2024-08-16,contract_code_cffex_rule
2024-08-07,4721.0,4759.0,4693.0,4719.0,74151,80158,0.0,IM2408,2024-08-16,contract_code_cffex_rule
2024-08-08,4701.2,4772.0,4655.0,4735.0,88332,83736,0.0,IM2408,2024-08-16,contract_code_cffex_rule
2024-08-09,4772.0,4792.0,4682.0,4687.0,77726,74611,0.0,IM2408,2024-08-16,contract_code_cffex_rule
2024-08-12,4687.0,4703.6,4651.0,4678.4,67101,69659,0.0,IM2408,2024-08-16,contract_code_cffex_rule
2024-08-13,4678.2,4705.0,4637.0,4689.8,68645,61666,0.0,IM2408,2024-08-16,contract_code_cffex_rule
2024-08-14,4690.0,4701.0,4640.6,4641.6,51499,44383,0.0,IM2408,2024-08-16,contract_code_cffex_rule
2024-08-15,4635.8,4758.0,4625.0,4679.6,51426,31782,0.0,IM2408,2024-08-16,contract_code_cffex_rule
2024-08-16,4695.0,4708.4,4664.2,4668.4,22746,12801,0.0,IM2408,2024-08-16,contract_code_cffex_rule
2024-01-22,4987.0,4996.2,4588.6,4588.6,8927,7737,0.0,IM2409,2024-09-20,contract_code_cffex_rule
2024-01-23,4580.6,4815.0,4515.0,4753.2,11265,10434,0.0,IM2409,2024-09-20,contract_code_cffex_rule
2024-01-24,4800.2,4879.0,4574.6,4861.0,12449,14870,0.0,IM2409,2024-09-20,contract_code_cffex_rule
2024-01-25,4859.2,5104.8,4805.0,5095.8,14684,19317,0.0,IM2409,2024-09-20,contract_code_cffex_rule
2024-01-26,5063.2,5095.6,4951.0,4975.8,11630,22094,0.0,IM2409,2024-09-20,contract_code_cffex_rule
2024-01-29,5015.8,5035.6,4805.2,4823.6,11587,23491,0.0,IM2409,2024-09-20,contract_code_cffex_rule
2024-01-30,4798.8,4839.0,4620.0,4648.6,11410,25057,0.0,IM2409,2024-09-20,contract_code_cffex_rule
2024-01-31,4619.8,4671.4,4422.0,4461.4,15116,28432,0.0,IM2409,2024-09-20,contract_code_cffex_rule
2024-02-01,4436.4,4635.0,4391.8,4441.0,16236,29892,0.0,IM2409,2024-09-20,contract_code_cffex_rule
2024-02-02,4473.0,4535.4,4076.2,4238.0,19481,32489,0.0,IM2409,2024-09-20,contract_code_cffex_rule
2024-02-05,4190.0,4203.0,3805.4,3850.0,28635,35256,0.0,IM2409,2024-09-20,contract_code_cffex_rule
2024-02-06,3820.0,4375.4,3815.0,4375.4,28608,36328,0.0,IM2409,2024-09-20,contract_code_cffex_rule
2024-02-07,4395.0,4668.0,4385.2,4636.8,27393,35648,0.0,IM2409,2024-09-20,contract_code_cffex_rule
2024-02-08,4719.0,4958.0,4688.0,4810.0,30228,39432,0.0,IM2409,2024-09-20,contract_code_cffex_rule
2024-02-19,4922.0,4966.0,4649.6,4753.8,22774,41789,0.0,IM2409,2024-09-20,contract_code_cffex_rule
2024-02-20,4744.0,4827.2,4666.6,4787.8,15548,40694,0.0,IM2409,2024-09-20,contract_code_cffex_rule
2024-02-21,4750.0,5034.0,4737.8,4796.6,26085,45653,0.0,IM2409,2024-09-20,contract_code_cffex_rule
2024-02-22,4800.6,4941.4,4800.6,4919.8,19442,45262,0.0,IM2409,2024-09-20,contract_code_cffex_rule
2024-02-23,4942.0,5014.6,4869.0,5014.6,19126,47420,0.0,IM2409,2024-09-20,contract_code_cffex_rule
2024-02-26,5014.8,5092.2,4954.4,5003.2,18827,48909,0.0,IM2409,2024-09-20,contract_code_cffex_rule
2024-02-27,4990.0,5187.2,4972.8,5178.0,18033,50744,0.0,IM2409,2024-09-20,contract_code_cffex_rule
2024-02-28,5192.0,5261.4,4897.6,4910.8,26795,53823,0.0,IM2409,2024-09-20,contract_code_cffex_rule
2024-02-29,4899.4,5134.6,4897.0,5129.0,23101,53178,0.0,IM2409,2024-09-20,contract_code_cffex_rule
2024-03-01,5140.0,5198.0,5083.6,5189.0,17978,54597,0.0,IM2409,2024-09-20,contract_code_cffex_rule
2024-03-04,5198.0,5215.2,5081.0,5167.8,16744,54047,0.0,IM2409,2024-09-20,contract_code_cffex_rule
2024-03-05,5129.8,5154.2,5066.2,5090.0,16506,55446,0.0,IM2409,2024-09-20,contract_code_cffex_rule
2024-03-06,5078.6,5199.0,5065.0,5122.0,17329,55540,0.0,IM2409,2024-09-20,contract_code_cffex_rule
2024-03-07,5129.2,5195.8,5049.0,5056.2,16877,55761,0.0,IM2409,2024-09-20,contract_code_cffex_rule
2024-03-08,5080.0,5151.0,5030.0,5120.2,13804,55375,0.0,IM2409,2024-09-20,contract_code_cffex_rule
2024-03-11,5119.8,5224.4,5092.0,5219.0,13578,56512,0.0,IM2409,2024-09-20,contract_code_cffex_rule
2024-03-12,5229.2,5295.2,5198.0,5252.2,18157,59236,0.0,IM2409,2024-09-20,contract_code_cffex_rule
2024-03-13,5257.4,5327.0,5223.8,5281.2,14679,59689,0.0,IM2409,2024-09-20,contract_code_cffex_rule
2024-03-14,5288.0,5309.4,5182.0,5241.0,17429,61476,0.0,IM2409,2024-09-20,contract_code_cffex_rule
2024-03-15,5225.0,5345.2,5202.0,5342.8,15400,61676,0.0,IM2409,2024-09-20,contract_code_cffex_rule
2024-03-18,5360.0,5458.4,5320.6,5456.8,14146,63181,0.0,IM2409,2024-09-20,contract_code_cffex_rule
2024-03-19,5449.6,5460.4,5392.4,5401.8,16119,64447,0.0,IM2409,2024-09-20,contract_code_cffex_rule
2024-03-20,5396.0,5466.8,5390.4,5446.2,14824,64546,0.0,IM2409,2024-09-20,contract_code_cffex_rule
2024-03-21,5470.2,5497.0,5417.4,5445.0,13943,64913,0.0,IM2409,2024-09-20,contract_code_cffex_rule
2024-03-22,5444.0,5449.8,5334.2,5374.8,17907,67933,0.0,IM2409,2024-09-20,contract_code_cffex_rule
2024-03-25,5360.0,5385.0,5223.4,5241.6,19661,68190,0.0,IM2409,2024-09-20,contract_code_cffex_rule
2024-03-26,5248.8,5275.4,5174.0,5207.2,19263,68596,0.0,IM2409,2024-09-20,contract_code_cffex_rule
2024-03-27,5202.4,5208.4,5012.8,5017.4,20227,68221,0.0,IM2409,2024-09-20,contract_code_cffex_rule
2024-03-28,5025.0,5208.2,5025.0,5145.0,22401,69733,0.0,IM2409,2024-09-20,contract_code_cffex_rule
2024-03-29,5148.4,5219.2,5091.0,5209.6,17932,68841,0.0,IM2409,2024-09-20,contract_code_cffex_rule
2024-04-01,5240.0,5366.2,5240.0,5352.8,14927,69205,0.0,IM2409,2024-09-20,contract_code_cffex_rule
2024-04-02,5353.8,5356.4,5274.0,5318.6,14483,69497,0.0,IM2409,2024-09-20,contract_code_cffex_rule
2024-04-03,5315.6,5315.6,5228.0,5271.6,14190,69759,0.0,IM2409,2024-09-20,contract_code_cffex_rule
2024-04-08,5254.6,5255.0,5128.6,5135.0,15696,70930,0.0,IM2409,2024-09-20,contract_code_cffex_rule
2024-04-09,5140.0,5221.8,5131.0,5218.6,16113,70656,0.0,IM2409,2024-09-20,contract_code_cffex_rule
2024-04-10,5211.0,5211.0,5071.0,5111.2,17342,72356,0.0,IM2409,2024-09-20,contract_code_cffex_rule
2024-04-11,5079.8,5203.6,5071.0,5128.6,17719,73187,0.0,IM2409,2024-09-20,contract_code_cffex_rule
2024-04-12,5131.4,5169.8,5063.0,5076.0,15387,73081,0.0,IM2409,2024-09-20,contract_code_cffex_rule
2024-04-15,5056.0,5112.8,4932.0,5013.2,26159,77429,0.0,IM2409,2024-09-20,contract_code_cffex_rule
2024-04-16,4991.6,5020.0,4802.4,4814.2,27642,75783,0.0,IM2409,2024-09-20,contract_code_cffex_rule
2024-04-17,4870.0,5060.0,4870.0,5054.0,25325,76226,0.0,IM2409,2024-09-20,contract_code_cffex_rule
2024-04-18,5045.0,5119.4,4985.0,5062.6,20606,75022,0.0,IM2409,2024-09-20,contract_code_cffex_rule
2024-04-19,5043.0,5087.4,4975.6,5018.2,18504,76218,0.0,IM2409,2024-09-20,contract_code_cffex_rule
2024-04-22,4987.0,5084.0,4944.0,5014.2,17176,74514,0.0,IM2409,2024-09-20,contract_code_cffex_rule
2024-04-23,5014.0,5081.0,4958.4,4976.0,15229,72909,0.0,IM2409,2024-09-20,contract_code_cffex_rule
2024-04-24,5011.8,5100.0,4971.0,5099.8,18495,73580,0.0,IM2409,2024-09-20,contract_code_cffex_rule
2024-04-25,5079.8,5164.6,5068.8,5106.8,20139,70674,0.0,IM2409,2024-09-20,contract_code_cffex_rule
2024-04-26,5111.0,5256.2,5111.0,5247.8,21986,71652,0.0,IM2409,2024-09-20,contract_code_cffex_rule
2024-04-29,5259.8,5443.0,5259.8,5426.8,25095,72555,0.0,IM2409,2024-09-20,contract_code_cffex_rule
2024-04-30,5425.0,5439.4,5338.0,5359.0,20774,71303,0.0,IM2409,2024-09-20,contract_code_cffex_rule
2024-05-06,5472.2,5515.8,5446.6,5461.8,21687,73744,0.0,IM2409,2024-09-20,contract_code_cffex_rule
2024-05-07,5461.8,5498.8,5438.0,5462.8,14931,72110,0.0,IM2409,2024-09-20,contract_code_cffex_rule
2024-05-08,5450.0,5450.0,5352.0,5363.6,16863,72954,0.0,IM2409,2024-09-20,contract_code_cffex_rule
2024-05-09,5371.6,5490.0,5371.0,5469.0,18186,72810,0.0,IM2409,2024-09-20,contract_code_cffex_rule
2024-05-10,5485.0,5504.2,5367.8,5404.8,23267,74520,0.0,IM2409,2024-09-20,contract_code_cffex_rule
2024-05-13,5351.0,5396.0,5290.0,5341.8,20366,72659,0.0,IM2409,2024-09-20,contract_code_cffex_rule
2024-05-14,5371.4,5424.6,5341.0,5370.4,19339,73066,0.0,IM2409,2024-09-20,contract_code_cffex_rule
2024-05-15,5368.0,5384.8,5305.0,5318.6,19101,73741,0.0,IM2409,2024-09-20,contract_code_cffex_rule
2024-05-16,5360.0,5383.2,5297.8,5313.8,23933,74613,0.0,IM2409,2024-09-20,contract_code_cffex_rule
2024-05-17,5322.6,5436.0,5305.0,5429.6,28635,77368,0.0,IM2409,2024-09-20,contract_code_cffex_rule
2024-05-20,5430.0,5492.0,5408.0,5439.4,27389,76382,0.0,IM2409,2024-09-20,contract_code_cffex_rule
2024-05-21,5426.4,5434.2,5341.6,5375.0,21234,77278,0.0,IM2409,2024-09-20,contract_code_cffex_rule
2024-05-22,5378.0,5401.6,5341.6,5379.6,18602,76313,0.0,IM2409,2024-09-20,contract_code_cffex_rule
2024-05-23,5363.8,5363.8,5223.0,5257.8,26651,79818,0.0,IM2409,2024-09-20,contract_code_cffex_rule
2024-05-24,5247.0,5284.2,5185.2,5188.0,24824,78240,0.0,IM2409,2024-09-20,contract_code_cffex_rule
2024-05-27,5215.0,5238.6,5128.0,5229.0,26615,81098,0.0,IM2409,2024-09-20,contract_code_cffex_rule
2024-05-28,5217.0,5239.6,5155.0,5167.0,22699,78528,0.0,IM2409,2024-09-20,contract_code_cffex_rule
2024-05-29,5180.0,5225.0,5132.8,5165.0,25828,81887,0.0,IM2409,2024-09-20,contract_code_cffex_rule
2024-05-30,5149.0,5206.0,5122.0,5171.0,28361,82498,0.0,IM2409,2024-09-20,contract_code_cffex_rule
2024-05-31,5195.0,5233.6,5188.4,5197.2,22629,81172,0.0,IM2409,2024-09-20,contract_code_cffex_rule
2024-06-03,5196.2,5196.4,5060.4,5098.0,30470,84973,0.0,IM2409,2024-09-20,contract_code_cffex_rule
2024-06-04,5081.2,5159.0,5060.0,5141.0,29729,83453,0.0,IM2409,2024-09-20,contract_code_cffex_rule
2024-06-05,5125.0,5161.6,5078.8,5083.2,21827,81631,0.0,IM2409,2024-09-20,contract_code_cffex_rule
2024-06-06,5118.0,5123.6,4951.0,4978.8,39994,89512,0.0,IM2409,2024-09-20,contract_code_cffex_rule
2024-06-07,5026.6,5050.0,4937.0,4995.0,35942,84508,0.0,IM2409,2024-09-20,contract_code_cffex_rule
2024-06-11,4980.0,5066.2,4925.6,5047.8,31503,86287,0.0,IM2409,2024-09-20,contract_code_cffex_rule
2024-06-12,5040.0,5082.2,5033.2,5050.8,24743,82974,0.0,IM2409,2024-09-20,contract_code_cffex_rule
2024-06-13,5060.0,5067.2,4993.6,5009.2,26679,86049,0.0,IM2409,2024-09-20,contract_code_cffex_rule
2024-06-14,4991.6,5059.0,4975.0,5045.4,31818,88460,0.0,IM2409,2024-09-20,contract_code_cffex_rule
2024-06-17,5016.2,5077.0,5010.0,5044.0,28591,89589,0.0,IM2409,2024-09-20,contract_code_cffex_rule
2024-06-18,5055.0,5115.0,5044.0,5102.4,31985,92002,0.0,IM2409,2024-09-20,contract_code_cffex_rule
2024-06-19,5115.0,5126.0,5015.6,5026.6,36239,96674,0.0,IM2409,2024-09-20,contract_code_cffex_rule
2024-06-20,5030.4,5041.2,4909.0,4925.0,39923,100906,0.0,IM2409,2024-09-20,contract_code_cffex_rule
2024-06-21,4925.0,4955.4,4890.0,4919.2,39333,101554,0.0,IM2409,2024-09-20,contract_code_cffex_rule
2024-06-24,4891.2,4905.0,4747.8,4752.8,49197,107339,0.0,IM2409,2024-09-20,contract_code_cffex_rule
2024-06-25,4770.0,4786.8,4686.6,4727.0,49373,104524,0.0,IM2409,2024-09-20,contract_code_cffex_rule
2024-06-26,4721.6,4887.0,4692.6,4874.8,55371,105659,0.0,IM2409,2024-09-20,contract_code_cffex_rule
2024-06-27,4853.0,4864.0,4740.6,4753.6,47620,102162,0.0,IM2409,2024-09-20,contract_code_cffex_rule
2024-06-28,4752.0,4875.6,4744.6,4775.0,56234,104854,0.0,IM2409,2024-09-20,contract_code_cffex_rule
2024-07-01,4780.2,4852.2,4714.0,4816.6,50612,103116,0.0,IM2409,2024-09-20,contract_code_cffex_rule
2024-07-02,4820.0,4838.8,4757.8,4787.0,37585,100528,0.0,IM2409,2024-09-20,contract_code_cffex_rule
2024-07-03,4787.0,4800.4,4743.6,4752.6,37301,101958,0.0,IM2409,2024-09-20,contract_code_cffex_rule
2024-07-04,4794.2,4794.2,4621.0,4648.0,46779,105295,0.0,IM2409,2024-09-20,contract_code_cffex_rule
2024-07-05,4655.0,4725.0,4600.0,4698.2,52213,105360,0.0,IM2409,2024-09-20,contract_code_cffex_rule
2024-07-08,4678.0,4685.8,4551.8,4577.6,46127,104375,0.0,IM2409,2024-09-20,contract_code_cffex_rule
2024-07-09,4575.0,4713.8,4541.4,4683.6,66843,111766,0.0,IM2409,2024-09-20,contract_code_cffex_rule
2024-07-10,4672.0,4732.8,4665.0,4675.0,43270,103557,0.0,IM2409,2024-09-20,contract_code_cffex_rule
2024-07-11,4756.0,4809.6,4721.0,4802.6,53212,106672,0.0,IM2409,2024-09-20,contract_code_cffex_rule
2024-07-12,4793.4,4812.0,4764.0,4786.6,38647,102240,0.0,IM2409,2024-09-20,contract_code_cffex_rule
2024-07-15,4780.0,4780.0,4707.0,4727.0,35491,102878,0.0,IM2409,2024-09-20,contract_code_cffex_rule
2024-07-16,4715.0,4748.2,4680.0,4725.2,41758,104593,0.0,IM2409,2024-09-20,contract_code_cffex_rule
2024-07-17,4725.0,4743.0,4678.4,4681.2,40497,104127,0.0,IM2409,2024-09-20,contract_code_cffex_rule
2024-07-18,4660.0,4724.0,4605.0,4706.0,56952,112615,0.0,IM2409,2024-09-20,contract_code_cffex_rule
2024-07-19,4682.0,4777.6,4659.8,4710.4,57338,108703,0.0,IM2409,2024-09-20,contract_code_cffex_rule
2024-07-22,4720.8,4759.0,4688.0,4718.4,41910,108053,0.0,IM2409,2024-09-20,contract_code_cffex_rule
2024-07-23,4723.0,4730.8,4572.8,4574.8,43928,107049,0.0,IM2409,2024-09-20,contract_code_cffex_rule
2024-07-24,4570.0,4597.6,4508.0,4518.8,54727,111492,0.0,IM2409,2024-09-20,contract_code_cffex_rule
2024-07-25,4500.0,4588.8,4488.4,4526.8,56582,110170,0.0,IM2409,2024-09-20,contract_code_cffex_rule
2024-07-26,4556.0,4624.0,4550.0,4613.0,56060,108754,0.0,IM2409,2024-09-20,contract_code_cffex_rule
2024-07-29,4620.0,4625.0,4566.2,4583.8,35273,104606,0.0,IM2409,2024-09-20,contract_code_cffex_rule
2024-07-30,4564.0,4632.4,4532.2,4603.4,47814,108651,0.0,IM2409,2024-09-20,contract_code_cffex_rule
2024-07-31,4610.0,4856.6,4596.8,4855.2,70615,112727,0.0,IM2409,2024-09-20,contract_code_cffex_rule
2024-08-01,4860.0,4898.0,4785.0,4819.8,53297,108939,0.0,IM2409,2024-09-20,contract_code_cffex_rule
2024-08-02,4784.0,4849.4,4740.0,4749.0,51411,110453,0.0,IM2409,2024-09-20,contract_code_cffex_rule
2024-08-05,4724.0,4811.8,4612.0,4625.0,73711,115943,0.0,IM2409,2024-09-20,contract_code_cffex_rule
2024-08-06,4699.8,4718.8,4630.4,4683.2,54462,110725,0.0,IM2409,2024-09-20,contract_code_cffex_rule
2024-08-07,4680.0,4709.4,4647.0,4669.0,46027,109681,0.0,IM2409,2024-09-20,contract_code_cffex_rule
2024-08-08,4660.0,4721.6,4606.0,4687.2,55959,112029,0.0,IM2409,2024-09-20,contract_code_cffex_rule
2024-08-09,4716.0,4743.0,4628.2,4631.6,51299,111533,0.0,IM2409,2024-09-20,contract_code_cffex_rule
2024-08-12,4628.0,4648.0,4597.2,4624.2,46236,113995,0.0,IM2409,2024-09-20,contract_code_cffex_rule
2024-08-13,4625.4,4654.0,4588.0,4639.0,60347,125107,0.0,IM2409,2024-09-20,contract_code_cffex_rule
2024-08-14,4646.0,4650.0,4590.0,4590.6,60648,127077,0.0,IM2409,2024-09-20,contract_code_cffex_rule
2024-08-15,4580.0,4719.4,4573.6,4637.4,118664,160619,0.0,IM2409,2024-09-20,contract_code_cffex_rule
2024-08-16,4649.0,4668.8,4602.0,4606.2,90140,155809,0.0,IM2409,2024-09-20,contract_code_cffex_rule
2024-08-19,4608.0,4687.4,4600.2,4622.8,80063,155221,0.0,IM2409,2024-09-20,contract_code_cffex_rule
2024-08-20,4626.0,4632.8,4518.2,4537.0,96619,155978,0.0,IM2409,2024-09-20,contract_code_cffex_rule
2024-08-21,4530.2,4559.0,4513.6,4522.0,72862,149045,0.0,IM2409,2024-09-20,contract_code_cffex_rule
2024-08-22,4528.0,4538.2,4456.4,4473.2,88130,156536,0.0,IM2409,2024-09-20,contract_code_cffex_rule
2024-08-23,4478.0,4494.0,4445.6,4475.0,87728,150538,0.0,IM2409,2024-09-20,contract_code_cffex_rule
2024-08-26,4480.0,4517.0,4458.6,4489.2,77864,148292,0.0,IM2409,2024-09-20,contract_code_cffex_rule
2024-08-27,4476.0,4480.0,4422.8,4442.2,77232,146087,0.0,IM2409,2024-09-20,contract_code_cffex_rule
2024-08-28,4433.0,4493.8,4421.2,4450.2,82253,146868,0.0,IM2409,2024-09-20,contract_code_cffex_rule
2024-08-29,4434.6,4553.6,4432.0,4527.4,113326,153849,0.0,IM2409,2024-09-20,contract_code_cffex_rule
2024-08-30,4527.6,4697.6,4525.2,4621.0,142796,155302,0.0,IM2409,2024-09-20,contract_code_cffex_rule
2024-09-02,4612.0,4634.8,4508.8,4515.6,89892,142020,0.0,IM2409,2024-09-20,contract_code_cffex_rule
2024-09-03,4524.0,4592.8,4514.0,4547.4,95410,140430,0.0,IM2409,2024-09-20,contract_code_cffex_rule
2024-09-04,4530.0,4587.0,4507.0,4536.2,95403,134704,0.0,IM2409,2024-09-20,contract_code_cffex_rule
2024-09-05,4544.6,4611.4,4544.6,4577.2,88060,131885,0.0,IM2409,2024-09-20,contract_code_cffex_rule
2024-09-06,4595.0,4597.4,4482.0,4497.2,90398,127548,0.0,IM2409,2024-09-20,contract_code_cffex_rule
2024-09-09,4487.2,4518.6,4445.2,4457.4,85871,125870,0.0,IM2409,2024-09-20,contract_code_cffex_rule
2024-09-10,4471.0,4502.4,4378.8,4473.6,116746,129541,0.0,IM2409,2024-09-20,contract_code_cffex_rule
2024-09-11,4460.0,4494.4,4439.0,4474.8,86309,111092,0.0,IM2409,2024-09-20,contract_code_cffex_rule
2024-09-12,4484.0,4545.0,4461.6,4468.4,86856,106827,0.0,IM2409,2024-09-20,contract_code_cffex_rule
2024-09-13,4475.0,4478.6,4414.2,4416.8,80427,94210,0.0,IM2409,2024-09-20,contract_code_cffex_rule
2024-09-18,4413.0,4423.0,4337.4,4405.0,90715,75838,0.0,IM2409,2024-09-20,contract_code_cffex_rule
2024-09-19,4422.2,4543.2,4380.0,4487.4,92123,42680,0.0,IM2409,2024-09-20,contract_code_cffex_rule
2024-09-20,4483.0,4493.0,4437.0,4447.8,35454,17785,0.0,IM2409,2024-09-20,contract_code_cffex_rule
2024-08-19,4575.6,4650.4,4564.4,4585.8,2251,2182,0.0,IM2410,2024-10-18,contract_code_cffex_rule
2024-08-20,4593.0,4594.0,4482.8,4501.0,3569,3231,0.0,IM2410,2024-10-18,contract_code_cffex_rule
2024-08-21,4487.0,4520.8,4476.4,4486.4,3708,4084,0.0,IM2410,2024-10-18,contract_code_cffex_rule
2024-08-22,4490.4,4501.6,4420.6,4436.2,4373,5545,0.0,IM2410,2024-10-18,contract_code_cffex_rule
2024-08-23,4421.0,4457.0,4408.2,4438.6,4082,5934,0.0,IM2410,2024-10-18,contract_code_cffex_rule
2024-08-26,4449.6,4480.6,4422.6,4455.0,3469,6825,0.0,IM2410,2024-10-18,contract_code_cffex_rule
2024-08-27,4445.0,4445.0,4386.2,4405.4,4116,7405,0.0,IM2410,2024-10-18,contract_code_cffex_rule
2024-08-28,4405.2,4459.0,4386.2,4416.6,3844,8372,0.0,IM2410,2024-10-18,contract_code_cffex_rule
2024-08-29,4399.6,4519.4,4396.6,4493.8,6321,10168,0.0,IM2410,2024-10-18,contract_code_cffex_rule
2024-08-30,4504.8,4665.6,4490.6,4590.4,11018,13708,0.0,IM2410,2024-10-18,contract_code_cffex_rule
2024-09-02,4588.2,4601.8,4475.8,4485.0,7471,13996,0.0,IM2410,2024-10-18,contract_code_cffex_rule
2024-09-03,4492.8,4558.4,4481.0,4513.8,6138,14868,0.0,IM2410,2024-10-18,contract_code_cffex_rule
2024-09-04,4498.8,4552.4,4471.2,4501.6,6932,15818,0.0,IM2410,2024-10-18,contract_code_cffex_rule
2024-09-05,4519.6,4577.8,4511.2,4543.0,7909,17025,0.0,IM2410,2024-10-18,contract_code_cffex_rule
2024-09-06,4559.0,4560.0,4446.8,4461.6,8122,18451,0.0,IM2410,2024-10-18,contract_code_cffex_rule
2024-09-09,4439.8,4484.0,4408.4,4420.8,11374,22286,0.0,IM2410,2024-10-18,contract_code_cffex_rule
2024-09-10,4422.0,4463.6,4341.8,4436.0,14662,26141,0.0,IM2410,2024-10-18,contract_code_cffex_rule
2024-09-11,4427.4,4455.0,4401.2,4436.0,14697,28956,0.0,IM2410,2024-10-18,contract_code_cffex_rule
2024-09-12,4444.4,4507.0,4424.0,4429.4,15226,32117,0.0,IM2410,2024-10-18,contract_code_cffex_rule
2024-09-13,4439.0,4442.6,4377.2,4380.0,18690,38567,0.0,IM2410,2024-10-18,contract_code_cffex_rule
2024-09-18,4393.0,4393.0,4300.6,4365.6,39006,59059,0.0,IM2410,2024-10-18,contract_code_cffex_rule
2024-09-19,4371.0,4509.8,4340.2,4454.0,80570,91990,0.0,IM2410,2024-10-18,contract_code_cffex_rule
2024-09-20,4456.0,4457.8,4388.2,4422.6,80598,103051,0.0,IM2410,2024-10-18,contract_code_cffex_rule
2024-09-23,4415.2,4497.8,4402.4,4437.0,78245,101314,0.0,IM2410,2024-10-18,contract_code_cffex_rule
2024-09-24,4496.0,4656.8,4438.2,4653.2,156875,127361,0.0,IM2410,2024-10-18,contract_code_cffex_rule
2024-09-25,4710.0,4802.8,4672.6,4680.0,130643,110238,0.0,IM2410,2024-10-18,contract_code_cffex_rule
2024-09-26,4671.4,4940.0,4662.4,4937.4,152942,119316,0.0,IM2410,2024-10-18,contract_code_cffex_rule
2024-09-27,5022.0,5362.6,4954.4,5362.2,212983,109667,0.0,IM2410,2024-10-18,contract_code_cffex_rule
2024-09-30,5521.0,5813.4,5392.6,5813.4,180916,102683,0.0,IM2410,2024-10-18,contract_code_cffex_rule
2024-10-08,6381.2,6381.2,5906.0,6219.8,211253,102649,0.0,IM2410,2024-10-18,contract_code_cffex_rule
2024-10-09,6050.0,6129.6,5679.0,5749.8,236928,113905,0.0,IM2410,2024-10-18,contract_code_cffex_rule
2024-10-10,5860.0,5934.6,5629.6,5664.0,199403,109601,0.0,IM2410,2024-10-18,contract_code_cffex_rule
2024-10-11,5630.2,5650.0,5345.0,5423.0,181571,106392,0.0,IM2410,2024-10-18,contract_code_cffex_rule
2024-10-14,5460.0,5638.6,5337.6,5613.0,166111,94623,0.0,IM2410,2024-10-18,contract_code_cffex_rule
2024-10-15,5555.0,5708.6,5481.0,5481.4,145218,85180,0.0,IM2410,2024-10-18,contract_code_cffex_rule
2024-10-16,5438.4,5620.0,5425.0,5527.2,126998,67735,0.0,IM2410,2024-10-18,contract_code_cffex_rule
2024-10-17,5588.0,5634.4,5489.2,5490.0,91036,41237,0.0,IM2410,2024-10-18,contract_code_cffex_rule
2024-10-18,5500.0,5765.0,5482.4,5751.0,46637,16005,0.0,IM2410,2024-10-18,contract_code_cffex_rule
2024-09-23,4380.6,4458.8,4365.4,4401.8,1282,1245,0.0,IM2411,2024-11-15,contract_code_cffex_rule
2024-09-24,4436.2,4623.8,4403.8,4623.2,5053,4231,0.0,IM2411,2024-11-15,contract_code_cffex_rule
2024-09-25,4692.0,4770.8,4640.0,4652.0,6303,5515,0.0,IM2411,2024-11-15,contract_code_cffex_rule
2024-09-26,4640.0,4913.4,4634.8,4901.8,8858,8674,0.0,IM2411,2024-11-15,contract_code_cffex_rule
2024-09-27,5032.0,5320.4,4933.4,5320.4,12520,11289,0.0,IM2411,2024-11-15,contract_code_cffex_rule
2024-09-30,5503.0,5795.6,5385.2,5795.6,16836,15690,0.0,IM2411,2024-11-15,contract_code_cffex_rule
2024-10-08,6369.0,6369.0,5899.0,6207.6,22440,17754,0.0,IM2411,2024-11-15,contract_code_cffex_rule
2024-10-09,6067.6,6125.6,5665.2,5745.2,27713,22066,0.0,IM2411,2024-11-15,contract_code_cffex_rule
2024-10-10,5824.8,5919.6,5620.0,5648.0,23130,22776,0.0,IM2411,2024-11-15,contract_code_cffex_rule
2024-10-11,5626.0,5636.0,5328.0,5399.0,19885,25187,0.0,IM2411,2024-11-15,contract_code_cffex_rule
2024-10-14,5430.0,5616.0,5317.0,5597.8,24752,29338,0.0,IM2411,2024-11-15,contract_code_cffex_rule
2024-10-15,5543.2,5685.0,5452.0,5452.0,31868,35014,0.0,IM2411,2024-11-15,contract_code_cffex_rule
2024-10-16,5400.0,5599.0,5400.0,5501.4,42897,47117,0.0,IM2411,2024-11-15,contract_code_cffex_rule
2024-10-17,5540.2,5611.4,5465.0,5469.2,68656,68569,0.0,IM2411,2024-11-15,contract_code_cffex_rule
2024-10-18,5497.0,6030.2,5460.0,5732.8,161272,106792,0.0,IM2411,2024-11-15,contract_code_cffex_rule
2024-10-21,5799.0,5956.0,5766.4,5840.0,114107,91397,0.0,IM2411,2024-11-15,contract_code_cffex_rule
2024-10-22,5838.2,5919.8,5791.4,5873.8,91095,88086,0.0,IM2411,2024-11-15,contract_code_cffex_rule
2024-10-23,5852.0,6001.6,5837.0,5891.2,92625,85998,0.0,IM2411,2024-11-15,contract_code_cffex_rule
2024-10-24,5860.0,5884.6,5801.0,5859.0,72339,78340,0.0,IM2411,2024-11-15,contract_code_cffex_rule
2024-10-25,5875.0,6027.6,5870.6,5996.0,84386,84537,0.0,IM2411,2024-11-15,contract_code_cffex_rule
2024-10-28,5996.0,6073.0,5953.0,6069.2,63694,74282,0.0,IM2411,2024-11-15,contract_code_cffex_rule
2024-10-29,6089.0,6109.0,5958.8,5977.8,74729,75764,0.0,IM2411,2024-11-15,contract_code_cffex_rule
2024-10-30,5959.8,6039.6,5920.2,6006.0,65943,69957,0.0,IM2411,2024-11-15,contract_code_cffex_rule
2024-10-31,6030.0,6164.4,5980.8,6095.4,79259,75957,0.0,IM2411,2024-11-15,contract_code_cffex_rule
2024-11-01,6070.0,6097.4,5903.0,5917.8,81407,72078,0.0,IM2411,2024-11-15,contract_code_cffex_rule
2024-11-04,5917.8,6068.8,5910.6,6065.4,58573,64446,0.0,IM2411,2024-11-15,contract_code_cffex_rule
2024-11-05,6055.2,6312.8,6042.6,6283.4,73004,68657,0.0,IM2411,2024-11-15,contract_code_cffex_rule
2024-11-06,6282.2,6376.8,6232.4,6293.8,72949,65176,0.0,IM2411,2024-11-15,contract_code_cffex_rule
2024-11-07,6250.0,6415.0,6245.6,6408.0,61581,60325,0.0,IM2411,2024-11-15,contract_code_cffex_rule
2024-11-08,6455.4,6527.0,6379.0,6408.6,63772,60305,0.0,IM2411,2024-11-15,contract_code_cffex_rule
2024-11-11,6395.4,6554.8,6371.2,6525.6,58558,53715,0.0,IM2411,2024-11-15,contract_code_cffex_rule
2024-11-12,6532.0,6587.0,6420.6,6456.0,58489,49718,0.0,IM2411,2024-11-15,contract_code_cffex_rule
2024-11-13,6440.0,6487.0,6349.8,6445.4,49080,39077,0.0,IM2411,2024-11-15,contract_code_cffex_rule
2024-11-14,6430.0,6444.0,6270.8,6279.0,42093,26394,0.0,IM2411,2024-11-15,contract_code_cffex_rule
2024-11-15,6272.2,6336.2,6214.2,6215.6,22695,11989,0.0,IM2411,2024-11-15,contract_code_cffex_rule
2024-04-22,4950.6,5000.0,4875.4,4938.0,3749,3568,0.0,IM2412,2024-12-20,contract_code_cffex_rule
2024-04-23,4937.4,4975.2,4884.6,4898.0,4426,4659,0.0,IM2412,2024-12-20,contract_code_cffex_rule
2024-04-24,4917.0,5028.4,4891.0,5028.4,6653,8604,0.0,IM2412,2024-12-20,contract_code_cffex_rule
2024-04-25,5007.8,5087.0,4992.8,5030.4,8039,11512,0.0,IM2412,2024-12-20,contract_code_cffex_rule
2024-04-26,5039.8,5182.4,5037.0,5175.6,8894,14860,0.0,IM2412,2024-12-20,contract_code_cffex_rule
2024-04-29,5200.0,5378.2,5195.2,5340.0,9843,17644,0.0,IM2412,2024-12-20,contract_code_cffex_rule
2024-04-30,5377.2,5377.2,5264.2,5287.0,8192,19167,0.0,IM2412,2024-12-20,contract_code_cffex_rule
2024-05-06,5400.0,5447.2,5378.2,5394.6,7131,19778,0.0,IM2412,2024-12-20,contract_code_cffex_rule
2024-05-07,5394.8,5428.2,5365.2,5393.6,6752,21648,0.0,IM2412,2024-12-20,contract_code_cffex_rule
2024-05-08,5383.2,5383.2,5278.2,5288.8,7679,23755,0.0,IM2412,2024-12-20,contract_code_cffex_rule
2024-05-09,5306.2,5419.6,5302.0,5398.4,8384,25692,0.0,IM2412,2024-12-20,contract_code_cffex_rule
2024-05-10,5422.8,5434.4,5294.4,5332.2,10870,27624,0.0,IM2412,2024-12-20,contract_code_cffex_rule
2024-05-13,5296.4,5324.2,5215.6,5266.2,8484,28669,0.0,IM2412,2024-12-20,contract_code_cffex_rule
2024-05-14,5295.2,5361.6,5265.6,5295.0,8118,30549,0.0,IM2412,2024-12-20,contract_code_cffex_rule
2024-05-15,5310.0,5313.0,5232.0,5247.0,6799,30547,0.0,IM2412,2024-12-20,contract_code_cffex_rule
2024-05-16,5288.0,5309.8,5222.0,5240.0,8753,32746,0.0,IM2412,2024-12-20,contract_code_cffex_rule
2024-05-17,5246.0,5362.8,5231.6,5358.0,10425,34345,0.0,IM2412,2024-12-20,contract_code_cffex_rule
2024-05-20,5355.2,5422.0,5337.6,5369.0,10052,34719,0.0,IM2412,2024-12-20,contract_code_cffex_rule
2024-05-21,5356.0,5362.0,5270.0,5301.8,7586,34806,0.0,IM2412,2024-12-20,contract_code_cffex_rule
2024-05-22,5312.0,5331.2,5269.0,5307.2,7280,35539,0.0,IM2412,2024-12-20,contract_code_cffex_rule
2024-05-23,5280.0,5280.0,5153.0,5187.0,9677,36939,0.0,IM2412,2024-12-20,contract_code_cffex_rule
2024-05-24,5174.4,5214.8,5113.4,5120.0,9995,37623,0.0,IM2412,2024-12-20,contract_code_cffex_rule
2024-05-27,5140.0,5165.8,5055.8,5158.6,9924,39136,0.0,IM2412,2024-12-20,contract_code_cffex_rule
2024-05-28,5134.4,5165.0,5078.8,5090.6,10729,40490,0.0,IM2412,2024-12-20,contract_code_cffex_rule
2024-05-29,5081.0,5149.6,5058.0,5093.2,10732,41375,0.0,IM2412,2024-12-20,contract_code_cffex_rule
2024-05-30,5063.0,5130.6,5050.0,5098.6,10563,42372,0.0,IM2412,2024-12-20,contract_code_cffex_rule
2024-05-31,5115.2,5162.2,5115.0,5126.4,9434,42113,0.0,IM2412,2024-12-20,contract_code_cffex_rule
2024-06-03,5121.0,5121.2,4988.0,5027.0,11573,44472,0.0,IM2412,2024-12-20,contract_code_cffex_rule
2024-06-04,5005.0,5086.0,4988.0,5069.6,11103,44080,0.0,IM2412,2024-12-20,contract_code_cffex_rule
2024-06-05,5050.8,5086.6,5004.0,5010.2,7711,44016,0.0,IM2412,2024-12-20,contract_code_cffex_rule
2024-06-06,5038.0,5050.0,4878.0,4907.0,12464,46365,0.0,IM2412,2024-12-20,contract_code_cffex_rule
2024-06-07,4980.0,4980.0,4861.8,4919.0,13069,46760,0.0,IM2412,2024-12-20,contract_code_cffex_rule
2024-06-11,4903.6,4989.0,4843.2,4973.0,12468,47701,0.0,IM2412,2024-12-20,contract_code_cffex_rule
2024-06-12,4958.8,5008.8,4954.0,4971.8,10876,48772,0.0,IM2412,2024-12-20,contract_code_cffex_rule
2024-06-13,4974.8,4984.8,4911.8,4925.8,11048,49771,0.0,IM2412,2024-12-20,contract_code_cffex_rule
2024-06-14,4915.0,4979.0,4891.2,4964.8,12746,51779,0.0,IM2412,2024-12-20,contract_code_cffex_rule
2024-06-17,4940.0,4993.2,4928.0,4957.2,10506,52717,0.0,IM2412,2024-12-20,contract_code_cffex_rule
2024-06-18,4970.0,5029.8,4956.6,5019.0,10662,52750,0.0,IM2412,2024-12-20,contract_code_cffex_rule
2024-06-19,5025.0,5042.2,4929.2,4937.4,11508,54195,0.0,IM2412,2024-12-20,contract_code_cffex_rule
2024-06-20,4932.0,4955.0,4821.8,4836.6,12009,54531,0.0,IM2412,2024-12-20,contract_code_cffex_rule
2024-06-21,4812.0,4866.8,4801.8,4831.0,13494,56908,0.0,IM2412,2024-12-20,contract_code_cffex_rule
2024-06-24,4801.0,4819.8,4656.0,4662.8,14738,57372,0.0,IM2412,2024-12-20,contract_code_cffex_rule
2024-06-25,4685.0,4697.6,4597.0,4635.2,15346,57597,0.0,IM2412,2024-12-20,contract_code_cffex_rule
2024-06-26,4625.0,4795.6,4602.0,4784.0,16863,58519,0.0,IM2412,2024-12-20,contract_code_cffex_rule
2024-06-27,4764.2,4774.2,4650.2,4665.8,14225,57999,0.0,IM2412,2024-12-20,contract_code_cffex_rule
2024-06-28,4659.2,4788.8,4653.4,4684.4,15258,58700,0.0,IM2412,2024-12-20,contract_code_cffex_rule
2024-07-01,4689.6,4759.4,4622.0,4726.0,14341,59446,0.0,IM2412,2024-12-20,contract_code_cffex_rule
2024-07-02,4727.2,4747.0,4662.4,4690.8,12732,60307,0.0,IM2412,2024-12-20,contract_code_cffex_rule
2024-07-03,4685.0,4705.0,4648.8,4658.4,11597,60337,0.0,IM2412,2024-12-20,contract_code_cffex_rule
2024-07-04,4664.4,4681.6,4527.0,4551.2,14261,61669,0.0,IM2412,2024-12-20,contract_code_cffex_rule
2024-07-05,4558.8,4626.8,4503.8,4602.8,14873,61874,0.0,IM2412,2024-12-20,contract_code_cffex_rule
2024-07-08,4589.2,4590.0,4456.2,4479.4,14711,62916,0.0,IM2412,2024-12-20,contract_code_cffex_rule
2024-07-09,4477.0,4621.8,4445.6,4588.2,21563,65169,0.0,IM2412,2024-12-20,contract_code_cffex_rule
2024-07-10,4578.0,4641.2,4568.0,4585.0,14515,63896,0.0,IM2412,2024-12-20,contract_code_cffex_rule
2024-07-11,4680.0,4721.2,4632.6,4712.0,17099,65703,0.0,IM2412,2024-12-20,contract_code_cffex_rule
2024-07-12,4708.0,4725.8,4676.0,4699.0,13210,65155,0.0,IM2412,2024-12-20,contract_code_cffex_rule
2024-07-15,4689.2,4690.0,4616.0,4633.0,13198,66930,0.0,IM2412,2024-12-20,contract_code_cffex_rule
2024-07-16,4617.0,4660.0,4586.2,4630.0,15035,67658,0.0,IM2412,2024-12-20,contract_code_cffex_rule
2024-07-17,4628.0,4648.0,4571.0,4582.0,14781,70398,0.0,IM2412,2024-12-20,contract_code_cffex_rule
2024-07-18,4565.0,4625.0,4506.6,4610.4,18888,72313,0.0,IM2412,2024-12-20,contract_code_cffex_rule
2024-07-19,4585.6,4680.0,4564.0,4615.0,17898,72909,0.0,IM2412,2024-12-20,contract_code_cffex_rule
2024-07-22,4625.0,4661.8,4591.0,4619.0,14971,70902,0.0,IM2412,2024-12-20,contract_code_cffex_rule
2024-07-23,4625.0,4635.0,4476.0,4476.0,16196,71374,0.0,IM2412,2024-12-20,contract_code_cffex_rule
2024-07-24,4471.0,4499.2,4407.6,4417.4,21218,71362,0.0,IM2412,2024-12-20,contract_code_cffex_rule
2024-07-25,4392.0,4489.2,4385.8,4423.0,18660,70492,0.0,IM2412,2024-12-20,contract_code_cffex_rule
2024-07-26,4427.2,4519.8,4427.2,4508.6,18534,71261,0.0,IM2412,2024-12-20,contract_code_cffex_rule
2024-07-29,4522.6,4524.0,4460.6,4480.2,14093,69747,0.0,IM2412,2024-12-20,contract_code_cffex_rule
2024-07-30,4464.0,4523.0,4425.0,4495.2,16136,71089,0.0,IM2412,2024-12-20,contract_code_cffex_rule
2024-07-31,4493.0,4762.2,4492.2,4762.0,27024,72882,0.0,IM2412,2024-12-20,contract_code_cffex_rule
2024-08-01,4779.0,4807.6,4682.0,4721.6,20717,71377,0.0,IM2412,2024-12-20,contract_code_cffex_rule
2024-08-02,4692.0,4749.6,4634.6,4648.0,19450,72143,0.0,IM2412,2024-12-20,contract_code_cffex_rule
2024-08-05,4630.0,4712.0,4508.6,4523.8,25448,73521,0.0,IM2412,2024-12-20,contract_code_cffex_rule
2024-08-06,4599.8,4630.6,4531.0,4584.0,20444,72105,0.0,IM2412,2024-12-20,contract_code_cffex_rule
2024-08-07,4577.0,4606.0,4546.2,4565.0,17401,70871,0.0,IM2412,2024-12-20,contract_code_cffex_rule
2024-08-08,4545.0,4615.8,4501.4,4585.0,20960,72772,0.0,IM2412,2024-12-20,contract_code_cffex_rule
2024-08-09,4606.0,4644.4,4524.6,4526.4,20285,70803,0.0,IM2412,2024-12-20,contract_code_cffex_rule
2024-08-12,4522.0,4544.0,4494.4,4523.0,16457,70575,0.0,IM2412,2024-12-20,contract_code_cffex_rule
2024-08-13,4520.0,4552.0,4489.6,4539.4,17978,71765,0.0,IM2412,2024-12-20,contract_code_cffex_rule
2024-08-14,4577.0,4577.0,4485.0,4485.6,17177,71573,0.0,IM2412,2024-12-20,contract_code_cffex_rule
2024-08-15,4481.6,4616.4,4469.8,4529.6,31220,78042,0.0,IM2412,2024-12-20,contract_code_cffex_rule
2024-08-16,4534.2,4563.4,4497.0,4501.4,23459,77313,0.0,IM2412,2024-12-20,contract_code_cffex_rule
2024-08-19,4496.6,4582.8,4496.0,4517.8,22195,76933,0.0,IM2412,2024-12-20,contract_code_cffex_rule
2024-08-20,4529.0,4529.0,4413.0,4431.0,25889,78320,0.0,IM2412,2024-12-20,contract_code_cffex_rule
2024-08-21,4429.8,4453.6,4408.8,4419.0,20506,76390,0.0,IM2412,2024-12-20,contract_code_cffex_rule
2024-08-22,4428.8,4434.0,4353.2,4369.0,24627,80823,0.0,IM2412,2024-12-20,contract_code_cffex_rule
2024-08-23,4368.8,4395.0,4345.0,4376.6,23734,78401,0.0,IM2412,2024-12-20,contract_code_cffex_rule
2024-08-26,4385.0,4420.0,4361.8,4390.6,21579,81561,0.0,IM2412,2024-12-20,contract_code_cffex_rule
2024-08-27,4377.0,4379.4,4323.0,4344.2,20358,79115,0.0,IM2412,2024-12-20,contract_code_cffex_rule
2024-08-28,4344.0,4393.2,4322.4,4351.8,22409,81749,0.0,IM2412,2024-12-20,contract_code_cffex_rule
2024-08-29,4334.0,4455.8,4332.6,4432.8,32467,83785,0.0,IM2412,2024-12-20,contract_code_cffex_rule
2024-08-30,4423.8,4603.6,4423.8,4525.0,49065,89254,0.0,IM2412,2024-12-20,contract_code_cffex_rule
2024-09-02,4515.8,4539.0,4410.4,4418.8,31046,83781,0.0,IM2412,2024-12-20,contract_code_cffex_rule
2024-09-03,4416.2,4491.4,4415.6,4444.6,32138,87453,0.0,IM2412,2024-12-20,contract_code_cffex_rule
2024-09-04,4429.0,4483.8,4402.0,4433.0,32477,86679,0.0,IM2412,2024-12-20,contract_code_cffex_rule
2024-09-05,4445.0,4509.0,4443.4,4476.6,32922,88291,0.0,IM2412,2024-12-20,contract_code_cffex_rule
2024-09-06,4498.6,4498.6,4376.2,4393.2,31503,87847,0.0,IM2412,2024-12-20,contract_code_cffex_rule
2024-09-09,4373.0,4417.2,4341.0,4355.0,32808,91830,0.0,IM2412,2024-12-20,contract_code_cffex_rule
2024-09-10,4368.2,4398.0,4274.0,4369.0,45961,95560,0.0,IM2412,2024-12-20,contract_code_cffex_rule
2024-09-11,4357.0,4388.2,4334.4,4366.6,33692,93852,0.0,IM2412,2024-12-20,contract_code_cffex_rule
2024-09-12,4381.0,4439.0,4355.0,4359.6,38203,97186,0.0,IM2412,2024-12-20,contract_code_cffex_rule
2024-09-13,4369.0,4372.8,4308.0,4312.0,35245,97469,0.0,IM2412,2024-12-20,contract_code_cffex_rule
2024-09-18,4307.6,4317.4,4228.0,4290.6,46622,106473,0.0,IM2412,2024-12-20,contract_code_cffex_rule
2024-09-19,4309.0,4437.4,4262.2,4379.0,69390,116341,0.0,IM2412,2024-12-20,contract_code_cffex_rule
2024-09-20,4362.4,4379.2,4310.8,4347.2,53756,115940,0.0,IM2412,2024-12-20,contract_code_cffex_rule
2024-09-23,4344.0,4421.6,4325.4,4363.0,46247,115201,0.0,IM2412,2024-12-20,contract_code_cffex_rule
2024-09-24,4430.0,4590.0,4369.0,4586.0,98223,131230,0.0,IM2412,2024-12-20,contract_code_cffex_rule
2024-09-25,4642.2,4739.0,4609.4,4617.0,81148,122990,0.0,IM2412,2024-12-20,contract_code_cffex_rule
2024-09-26,4620.0,4885.0,4600.0,4882.4,95626,133526,0.0,IM2412,2024-12-20,contract_code_cffex_rule
2024-09-27,4978.0,5297.2,4902.0,5297.2,142577,125960,0.0,IM2412,2024-12-20,contract_code_cffex_rule
2024-09-30,5460.0,5769.6,5401.2,5769.6,119240,119663,0.0,IM2412,2024-12-20,contract_code_cffex_rule
2024-10-08,6339.2,6339.2,5895.2,6184.8,143088,120131,0.0,IM2412,2024-12-20,contract_code_cffex_rule
2024-10-09,6026.6,6106.6,5634.8,5715.8,162244,127140,0.0,IM2412,2024-12-20,contract_code_cffex_rule
2024-10-10,5844.0,5902.2,5605.0,5628.8,133053,129332,0.0,IM2412,2024-12-20,contract_code_cffex_rule
2024-10-11,5600.0,5618.0,5302.0,5379.0,123517,130577,0.0,IM2412,2024-12-20,contract_code_cffex_rule
2024-10-14,5399.2,5585.4,5284.4,5557.0,112920,127187,0.0,IM2412,2024-12-20,contract_code_cffex_rule
2024-10-15,5502.8,5651.0,5411.0,5411.0,102444,130906,0.0,IM2412,2024-12-20,contract_code_cffex_rule
2024-10-16,5356.8,5563.6,5350.4,5470.4,105670,131153,0.0,IM2412,2024-12-20,contract_code_cffex_rule
2024-10-17,5519.8,5578.8,5430.0,5434.0,111905,141913,0.0,IM2412,2024-12-20,contract_code_cffex_rule
2024-10-18,5455.0,5989.8,5430.0,5728.0,237911,154527,0.0,IM2412,2024-12-20,contract_code_cffex_rule
2024-10-21,5780.0,5944.0,5750.4,5822.6,164469,156900,0.0,IM2412,2024-12-20,contract_code_cffex_rule
2024-10-22,5817.0,5896.0,5764.0,5850.6,144065,152874,0.0,IM2412,2024-12-20,contract_code_cffex_rule
2024-10-23,5828.0,5976.0,5811.2,5866.2,163299,160776,0.0,IM2412,2024-12-20,contract_code_cffex_rule
2024-10-24,5840.0,5861.0,5775.6,5832.0,128380,152667,0.0,IM2412,2024-12-20,contract_code_cffex_rule
2024-10-25,5855.8,6001.8,5843.4,5979.4,171776,164952,0.0,IM2412,2024-12-20,contract_code_cffex_rule
2024-10-28,5981.4,6050.8,5931.0,6044.0,129514,156470,0.0,IM2412,2024-12-20,contract_code_cffex_rule
2024-10-29,6075.0,6087.4,5931.2,5951.0,158353,169197,0.0,IM2412,2024-12-20,contract_code_cffex_rule
2024-10-30,5936.0,6009.6,5890.8,5975.0,152202,160642,0.0,IM2412,2024-12-20,contract_code_cffex_rule
2024-10-31,5988.2,6133.0,5950.0,6063.6,194052,174387,0.0,IM2412,2024-12-20,contract_code_cffex_rule
2024-11-01,6048.0,6063.8,5874.0,5890.0,186128,168205,0.0,IM2412,2024-12-20,contract_code_cffex_rule
2024-11-04,5881.2,6040.2,5881.2,6035.8,137701,165746,0.0,IM2412,2024-12-20,contract_code_cffex_rule
2024-11-05,6019.4,6293.4,6011.0,6261.4,198361,176878,0.0,IM2412,2024-12-20,contract_code_cffex_rule
2024-11-06,6267.0,6348.8,6201.0,6268.2,203102,175401,0.0,IM2412,2024-12-20,contract_code_cffex_rule
2024-11-07,6225.2,6397.8,6222.4,6389.0,165755,168295,0.0,IM2412,2024-12-20,contract_code_cffex_rule
2024-11-08,6440.0,6507.0,6349.2,6381.8,188440,178466,0.0,IM2412,2024-12-20,contract_code_cffex_rule
2024-11-11,6359.0,6522.2,6342.4,6490.4,164466,172711,0.0,IM2412,2024-12-20,contract_code_cffex_rule
2024-11-12,6500.0,6538.0,6362.8,6407.8,176924,178522,0.0,IM2412,2024-12-20,contract_code_cffex_rule
2024-11-13,6387.6,6436.2,6303.2,6397.4,181560,179774,0.0,IM2412,2024-12-20,contract_code_cffex_rule
2024-11-14,6381.0,6396.8,6221.0,6239.6,182534,192409,0.0,IM2412,2024-12-20,contract_code_cffex_rule
2024-11-15,6260.0,6306.2,6095.0,6103.0,218880,199783,0.0,IM2412,2024-12-20,contract_code_cffex_rule
2024-11-18,6141.2,6144.0,5901.4,5954.2,217824,200461,0.0,IM2412,2024-12-20,contract_code_cffex_rule
2024-11-19,5979.0,6101.4,5931.0,6093.0,220087,196641,0.0,IM2412,2024-12-20,contract_code_cffex_rule
2024-11-20,6080.0,6208.8,6070.6,6190.8,200989,191596,0.0,IM2412,2024-12-20,contract_code_cffex_rule
2024-11-21,6180.0,6224.0,6125.0,6187.2,181881,187022,0.0,IM2412,2024-12-20,contract_code_cffex_rule
2024-11-22,6173.0,6209.6,5943.0,5951.2,197788,189155,0.0,IM2412,2024-12-20,contract_code_cffex_rule
2024-11-25,5973.2,5995.8,5882.2,5992.8,202233,193159,0.0,IM2412,2024-12-20,contract_code_cffex_rule
2024-11-26,5980.2,6033.4,5887.0,5914.0,190017,185010,0.0,IM2412,2024-12-20,contract_code_cffex_rule
2024-11-27,5886.2,6095.4,5801.0,6086.8,244628,197311,0.0,IM2412,2024-12-20,contract_code_cffex_rule
2024-11-28,6091.0,6126.8,6011.4,6036.8,186048,176294,0.0,IM2412,2024-12-20,contract_code_cffex_rule
2024-11-29,6030.0,6225.8,5988.2,6156.0,235635,189378,0.0,IM2412,2024-12-20,contract_code_cffex_rule
2024-12-02,6156.2,6307.0,6150.2,6266.8,182864,173067,0.0,IM2412,2024-12-20,contract_code_cffex_rule
2024-12-03,6272.2,6324.2,6193.2,6265.4,180768,172505,0.0,IM2412,2024-12-20,contract_code_cffex_rule
2024-12-04,6265.2,6270.0,6131.2,6171.8,176184,166822,0.0,IM2412,2024-12-20,contract_code_cffex_rule
2024-12-05,6155.8,6281.8,6153.2,6255.6,169624,161405,0.0,IM2412,2024-12-20,contract_code_cffex_rule
2024-12-06,6263.2,6370.2,6175.2,6333.6,203792,167060,0.0,IM2412,2024-12-20,contract_code_cffex_rule
2024-12-09,6323.8,6354.6,6218.2,6264.0,147628,150504,0.0,IM2412,2024-12-20,contract_code_cffex_rule
2024-12-10,6500.0,6538.0,6330.2,6358.2,188885,157277,0.0,IM2412,2024-12-20,contract_code_cffex_rule
2024-12-11,6356.8,6452.8,6356.6,6430.2,146971,141428,0.0,IM2412,2024-12-20,contract_code_cffex_rule
2024-12-12,6432.2,6498.0,6376.6,6477.8,144410,134954,0.0,IM2412,2024-12-20,contract_code_cffex_rule
2024-12-13,6419.0,6442.8,6327.8,6359.0,164655,131621,0.0,IM2412,2024-12-20,contract_code_cffex_rule
2024-12-16,6361.0,6364.8,6242.4,6263.4,115176,113214,0.0,IM2412,2024-12-20,contract_code_cffex_rule
2024-12-17,6249.8,6267.2,6138.0,6143.6,144996,113630,0.0,IM2412,2024-12-20,contract_code_cffex_rule
2024-12-18,6169.8,6243.0,6126.0,6189.8,116069,81088,0.0,IM2412,2024-12-20,contract_code_cffex_rule
2024-12-19,6131.8,6231.6,6096.0,6218.0,96333,52443,0.0,IM2412,2024-12-20,contract_code_cffex_rule
2024-12-20,6217.8,6313.0,6196.0,6278.4,44472,20516,0.0,IM2412,2024-12-20,contract_code_cffex_rule
2024-11-18,6122.0,6122.6,5873.0,5928.8,6256,5669,0.0,IM2501,2025-01-17,contract_code_cffex_rule
2024-11-19,5928.6,6070.2,5904.8,6068.0,7614,5691,0.0,IM2501,2025-01-17,contract_code_cffex_rule
2024-11-20,6067.2,6178.2,6041.4,6159.2,6835,7339,0.0,IM2501,2025-01-17,contract_code_cffex_rule
2024-11-21,6158.4,6190.8,6093.0,6155.0,5557,6593,0.0,IM2501,2025-01-17,contract_code_cffex_rule
2024-11-22,6133.2,6178.2,5908.4,5916.6,8000,9274,0.0,IM2501,2025-01-17,contract_code_cffex_rule
2024-11-25,5966.0,5966.0,5843.2,5957.8,10078,10039,0.0,IM2501,2025-01-17,contract_code_cffex_rule
2024-11-26,5936.8,5996.2,5849.2,5877.4,9025,10765,0.0,IM2501,2025-01-17,contract_code_cffex_rule
2024-11-27,5846.6,6062.6,5765.2,6053.6,12946,13417,0.0,IM2501,2025-01-17,contract_code_cffex_rule
2024-11-28,6058.8,6093.6,5976.2,6004.0,9797,13239,0.0,IM2501,2025-01-17,contract_code_cffex_rule
2024-11-29,5987.8,6197.0,5954.0,6122.4,14661,16880,0.0,IM2501,2025-01-17,contract_code_cffex_rule
2024-12-02,6120.0,6272.0,6117.8,6232.4,13121,17756,0.0,IM2501,2025-01-17,contract_code_cffex_rule
2024-12-03,6252.0,6288.8,6160.4,6232.2,14008,20036,0.0,IM2501,2025-01-17,contract_code_cffex_rule
2024-12-04,6228.0,6235.6,6097.0,6135.4,12939,21252,0.0,IM2501,2025-01-17,contract_code_cffex_rule
2024-12-05,6093.2,6245.0,6093.2,6218.8,13042,23211,0.0,IM2501,2025-01-17,contract_code_cffex_rule
2024-12-06,6225.0,6333.4,6140.0,6293.6,16009,25404,0.0,IM2501,2025-01-17,contract_code_cffex_rule
2024-12-09,6281.0,6318.4,6179.4,6226.8,12697,26091,0.0,IM2501,2025-01-17,contract_code_cffex_rule
2024-12-10,6550.0,6550.0,6295.4,6317.8,21646,32450,0.0,IM2501,2025-01-17,contract_code_cffex_rule
2024-12-11,6319.4,6413.4,6319.4,6394.4,16206,32932,0.0,IM2501,2025-01-17,contract_code_cffex_rule
2024-12-12,6408.6,6462.2,6341.2,6444.8,20166,36923,0.0,IM2501,2025-01-17,contract_code_cffex_rule
2024-12-13,6405.0,6405.6,6290.0,6321.0,28819,42823,0.0,IM2501,2025-01-17,contract_code_cffex_rule
2024-12-16,6320.0,6326.4,6205.6,6227.0,25904,47109,0.0,IM2501,2025-01-17,contract_code_cffex_rule
2024-12-17,6208.8,6227.8,6101.0,6105.4,41504,60908,0.0,IM2501,2025-01-17,contract_code_cffex_rule
2024-12-18,6130.2,6202.0,6088.2,6151.0,50668,73422,0.0,IM2501,2025-01-17,contract_code_cffex_rule
2024-12-19,6101.0,6192.4,6052.2,6180.6,81267,100436,0.0,IM2501,2025-01-17,contract_code_cffex_rule
2024-12-20,6164.0,6275.0,6155.2,6226.2,89334,109891,0.0,IM2501,2025-01-17,contract_code_cffex_rule
2024-12-23,6220.2,6226.0,6056.4,6063.0,100541,115487,0.0,IM2501,2025-01-17,contract_code_cffex_rule
2024-12-24,6088.0,6137.6,6045.6,6130.2,95778,110405,0.0,IM2501,2025-01-17,contract_code_cffex_rule
2024-12-25,6113.2,6116.4,6013.4,6080.0,100031,115337,0.0,IM2501,2025-01-17,contract_code_cffex_rule
2024-12-26,6075.0,6163.0,6075.0,6131.0,68659,105675,0.0,IM2501,2025-01-17,contract_code_cffex_rule
2024-12-27,6136.6,6237.0,6100.2,6143.6,85923,110259,0.0,IM2501,2025-01-17,contract_code_cffex_rule
2024-12-30,6135.2,6179.8,6083.0,6133.6,81610,104973,0.0,IM2501,2025-01-17,contract_code_cffex_rule
2024-12-31,6151.0,6157.8,5924.4,5926.4,95469,111907,0.0,IM2501,2025-01-17,contract_code_cffex_rule
2025-01-02,5926.6,5964.8,5717.4,5778.0,102541,114805,0.0,IM2501,2025-01-17,contract_code_cffex_rule
2025-01-03,5802.0,5806.0,5601.4,5625.0,114034,118244,0.0,IM2501,2025-01-17,contract_code_cffex_rule
2025-01-06,5620.0,5679.8,5558.0,5597.2,96653,112286,0.0,IM2501,2025-01-17,contract_code_cffex_rule
2025-01-07,5610.2,5682.8,5568.8,5672.8,85029,106911,0.0,IM2501,2025-01-17,contract_code_cffex_rule
2025-01-08,5660.0,5698.0,5476.2,5639.6,116777,113407,0.0,IM2501,2025-01-17,contract_code_cffex_rule
2025-01-09,5625.8,5696.2,5617.2,5640.2,70728,96726,0.0,IM2501,2025-01-17,contract_code_cffex_rule
2025-01-10,5632.0,5711.0,5528.0,5530.4,80703,95843,0.0,IM2501,2025-01-17,contract_code_cffex_rule
2025-01-13,5480.4,5601.2,5456.0,5557.6,85697,88351,0.0,IM2501,2025-01-17,contract_code_cffex_rule
2025-01-14,5580.0,5827.2,5552.6,5819.0,93319,76862,0.0,IM2501,2025-01-17,contract_code_cffex_rule
2025-01-15,5808.2,5818.0,5747.6,5775.4,61620,53499,0.0,IM2501,2025-01-17,contract_code_cffex_rule
2025-01-16,5790.2,5919.8,5751.2,5797.0,55810,34348,0.0,IM2501,2025-01-17,contract_code_cffex_rule
2025-01-17,5780.0,5877.0,5761.2,5851.8,28776,14638,0.0,IM2501,2025-01-17,contract_code_cffex_rule
2024-12-23,6181.0,6188.0,6017.8,6027.4,4400,4231,0.0,IM2502,2025-02-21,contract_code_cffex_rule
2024-12-24,6049.6,6098.0,6007.8,6091.2,5152,4419,0.0,IM2502,2025-02-21,contract_code_cffex_rule
2024-12-25,6086.0,6086.0,5978.0,6041.2,5527,5411,0.0,IM2502,2025-02-21,contract_code_cffex_rule
2024-12-26,6025.2,6122.2,6025.2,6094.4,4083,5363,0.0,IM2502,2025-02-21,contract_code_cffex_rule
2024-12-27,6103.6,6199.0,6061.0,6108.0,6157,7644,0.0,IM2502,2025-02-21,contract_code_cffex_rule
2024-12-30,6087.0,6139.8,6048.0,6095.8,4990,7862,0.0,IM2502,2025-02-21,contract_code_cffex_rule
2024-12-31,6095.8,6120.0,5884.2,5886.4,7324,10583,0.0,IM2502,2025-02-21,contract_code_cffex_rule
2025-01-02,5886.0,5925.0,5679.6,5740.8,7573,10602,0.0,IM2502,2025-02-21,contract_code_cffex_rule
2025-01-03,5754.2,5766.8,5563.8,5590.0,8226,12448,0.0,IM2502,2025-02-21,contract_code_cffex_rule
2025-01-06,5611.0,5642.0,5520.0,5562.8,8400,12677,0.0,IM2502,2025-02-21,contract_code_cffex_rule
2025-01-07,5562.8,5646.0,5531.2,5635.0,8021,14421,0.0,IM2502,2025-02-21,contract_code_cffex_rule
2025-01-08,5600.0,5659.8,5437.6,5602.8,12182,17609,0.0,IM2502,2025-02-21,contract_code_cffex_rule
2025-01-09,5597.2,5655.0,5581.4,5602.0,10325,19218,0.0,IM2502,2025-02-21,contract_code_cffex_rule
2025-01-10,5592.0,5672.6,5490.8,5491.4,11404,21123,0.0,IM2502,2025-02-21,contract_code_cffex_rule
2025-01-13,5462.4,5563.0,5418.8,5516.0,16727,26619,0.0,IM2502,2025-02-21,contract_code_cffex_rule
2025-01-14,5559.2,5788.0,5512.0,5784.0,28155,38096,0.0,IM2502,2025-02-21,contract_code_cffex_rule
2025-01-15,5770.8,5779.4,5710.0,5737.0,27800,46075,0.0,IM2502,2025-02-21,contract_code_cffex_rule
2025-01-16,5774.0,5886.4,5713.2,5753.0,47476,64943,0.0,IM2502,2025-02-21,contract_code_cffex_rule
2025-01-17,5731.0,5866.0,5721.0,5811.8,61379,79769,0.0,IM2502,2025-02-21,contract_code_cffex_rule
2025-01-20,5860.0,5912.2,5830.0,5848.6,47327,75643,0.0,IM2502,2025-02-21,contract_code_cffex_rule
2025-01-21,5875.4,5900.2,5801.0,5881.6,49826,77039,0.0,IM2502,2025-02-21,contract_code_cffex_rule
2025-01-22,5853.8,5863.8,5787.6,5843.0,47494,73841,0.0,IM2502,2025-02-21,contract_code_cffex_rule
2025-01-23,5888.0,5989.0,5807.2,5809.0,69097,87233,0.0,IM2502,2025-02-21,contract_code_cffex_rule
2025-01-24,5810.0,5951.0,5810.0,5945.0,61102,77008,0.0,IM2502,2025-02-21,contract_code_cffex_rule
2025-01-27,5950.0,5979.8,5819.2,5825.8,50825,78834,0.0,IM2502,2025-02-21,contract_code_cffex_rule
2025-02-05,5899.0,5932.8,5830.0,5866.0,52004,76887,0.0,IM2502,2025-02-21,contract_code_cffex_rule
2025-02-06,5855.8,6043.2,5830.8,6024.0,50786,76498,0.0,IM2502,2025-02-21,contract_code_cffex_rule
2025-02-07,6030.4,6205.8,6021.0,6127.8,67964,80725,0.0,IM2502,2025-02-21,contract_code_cffex_rule
2025-02-10,6145.0,6205.2,6115.4,6181.8,52753,68776,0.0,IM2502,2025-02-21,contract_code_cffex_rule
2025-02-11,6174.8,6199.0,6115.4,6179.8,42998,62606,0.0,IM2502,2025-02-21,contract_code_cffex_rule
2025-02-12,6161.0,6271.0,6161.0,6268.0,46880,63530,0.0,IM2502,2025-02-21,contract_code_cffex_rule
2025-02-13,6266.2,6269.0,6197.0,6215.6,50406,58774,0.0,IM2502,2025-02-21,contract_code_cffex_rule
2025-02-14,6204.6,6257.0,6172.2,6240.2,45685,55171,0.0,IM2502,2025-02-21,contract_code_cffex_rule
2025-02-17,6276.4,6298.0,6213.6,6262.8,51573,51728,0.0,IM2502,2025-02-21,contract_code_cffex_rule
2025-02-18,6245.0,6281.2,6108.0,6151.6,46928,44730,0.0,IM2502,2025-02-21,contract_code_cffex_rule
2025-02-19,6149.0,6286.8,6138.0,6279.8,41506,34904,0.0,IM2502,2025-02-21,contract_code_cffex_rule
2025-02-20,6279.0,6342.4,6256.6,6310.0,31628,23916,0.0,IM2502,2025-02-21,contract_code_cffex_rule
2025-02-21,6339.2,6456.2,6310.2,6442.0,19562,13462,0.0,IM2502,2025-02-21,contract_code_cffex_rule
2024-07-22,4569.6,4579.2,4507.2,4541.6,4881,4748,0.0,IM2503,2025-03-21,contract_code_cffex_rule
2024-07-23,4541.6,4550.0,4394.0,4395.8,5091,5665,0.0,IM2503,2025-03-21,contract_code_cffex_rule
2024-07-24,4395.0,4416.6,4324.4,4335.8,6053,7642,0.0,IM2503,2025-03-21,contract_code_cffex_rule
2024-07-25,4315.0,4407.6,4303.0,4345.0,5896,8015,0.0,IM2503,2025-03-21,contract_code_cffex_rule
2024-07-26,4359.8,4436.6,4358.2,4427.6,5681,9574,0.0,IM2503,2025-03-21,contract_code_cffex_rule
2024-07-29,4434.8,4437.0,4374.2,4394.0,4993,10194,0.0,IM2503,2025-03-21,contract_code_cffex_rule
2024-07-30,4378.8,4437.2,4341.6,4416.0,5462,11428,0.0,IM2503,2025-03-21,contract_code_cffex_rule
2024-07-31,4415.8,4683.8,4403.4,4683.8,10415,14953,0.0,IM2503,2025-03-21,contract_code_cffex_rule
2024-08-01,4698.0,4731.6,4600.0,4641.0,8333,15337,0.0,IM2503,2025-03-21,contract_code_cffex_rule
2024-08-02,4610.0,4669.0,4557.2,4566.6,6703,15599,0.0,IM2503,2025-03-21,contract_code_cffex_rule
2024-08-05,4545.0,4634.6,4428.0,4442.8,9192,17413,0.0,IM2503,2025-03-21,contract_code_cffex_rule
2024-08-06,4530.0,4544.8,4450.8,4504.8,7545,17451,0.0,IM2503,2025-03-21,contract_code_cffex_rule
2024-08-07,4497.0,4523.0,4462.8,4481.6,7623,19067,0.0,IM2503,2025-03-21,contract_code_cffex_rule
2024-08-08,4465.2,4534.2,4416.2,4505.0,9121,20039,0.0,IM2503,2025-03-21,contract_code_cffex_rule
2024-08-09,4535.2,4563.6,4442.2,4445.6,8496,21358,0.0,IM2503,2025-03-21,contract_code_cffex_rule
2024-08-12,4452.8,4462.0,4410.0,4441.0,6379,21590,0.0,IM2503,2025-03-21,contract_code_cffex_rule
2024-08-13,4444.2,4470.0,4405.2,4457.8,7300,23497,0.0,IM2503,2025-03-21,contract_code_cffex_rule
2024-08-14,4462.2,4469.0,4400.2,4400.2,6990,23392,0.0,IM2503,2025-03-21,contract_code_cffex_rule
2024-08-15,4387.0,4530.0,4382.6,4443.0,11522,28129,0.0,IM2503,2025-03-21,contract_code_cffex_rule
2024-08-16,4465.0,4474.0,4408.8,4412.8,8649,27459,0.0,IM2503,2025-03-21,contract_code_cffex_rule
2024-08-19,4406.0,4493.6,4406.0,4430.6,9373,29301,0.0,IM2503,2025-03-21,contract_code_cffex_rule
2024-08-20,4447.6,4447.6,4326.2,4344.0,10687,30730,0.0,IM2503,2025-03-21,contract_code_cffex_rule
2024-08-21,4327.0,4368.0,4322.6,4332.8,9476,31035,0.0,IM2503,2025-03-21,contract_code_cffex_rule
2024-08-22,4352.4,4352.4,4265.4,4281.0,9702,32808,0.0,IM2503,2025-03-21,contract_code_cffex_rule
2024-08-23,4272.6,4311.0,4258.0,4291.0,8896,32502,0.0,IM2503,2025-03-21,contract_code_cffex_rule
2024-08-26,4302.0,4334.4,4275.6,4307.8,7745,33197,0.0,IM2503,2025-03-21,contract_code_cffex_rule
2024-08-27,4283.0,4295.0,4237.0,4258.0,8776,34418,0.0,IM2503,2025-03-21,contract_code_cffex_rule
2024-08-28,4270.2,4309.2,4237.0,4265.8,9499,35702,0.0,IM2503,2025-03-21,contract_code_cffex_rule
2024-08-29,4250.0,4371.4,4247.0,4346.4,11871,37184,0.0,IM2503,2025-03-21,contract_code_cffex_rule
2024-08-30,4358.4,4522.0,4345.0,4441.8,17315,40087,0.0,IM2503,2025-03-21,contract_code_cffex_rule
2024-09-02,4444.6,4455.6,4327.2,4333.2,12013,39328,0.0,IM2503,2025-03-21,contract_code_cffex_rule
2024-09-03,4333.2,4405.8,4330.6,4358.2,11806,40093,0.0,IM2503,2025-03-21,contract_code_cffex_rule
2024-09-04,4343.2,4398.0,4318.0,4346.6,10661,39786,0.0,IM2503,2025-03-21,contract_code_cffex_rule
2024-09-05,4362.8,4421.4,4356.2,4391.6,13335,41990,0.0,IM2503,2025-03-21,contract_code_cffex_rule
2024-09-06,4394.0,4404.0,4286.8,4304.0,13131,42590,0.0,IM2503,2025-03-21,contract_code_cffex_rule
2024-09-09,4288.0,4332.2,4253.6,4267.0,12335,44706,0.0,IM2503,2025-03-21,contract_code_cffex_rule
2024-09-10,4285.0,4308.8,4186.6,4281.6,17006,47797,0.0,IM2503,2025-03-21,contract_code_cffex_rule
2024-09-11,4269.8,4299.0,4245.8,4278.0,11996,46663,0.0,IM2503,2025-03-21,contract_code_cffex_rule
2024-09-12,4291.0,4350.4,4266.6,4270.6,12136,47969,0.0,IM2503,2025-03-21,contract_code_cffex_rule
2024-09-13,4286.6,4286.6,4215.8,4220.6,13465,50540,0.0,IM2503,2025-03-21,contract_code_cffex_rule
2024-09-18,4221.2,4227.8,4138.2,4194.6,16773,54347,0.0,IM2503,2025-03-21,contract_code_cffex_rule
2024-09-19,4210.2,4342.0,4166.8,4281.8,22954,59728,0.0,IM2503,2025-03-21,contract_code_cffex_rule
2024-09-20,4273.8,4280.8,4214.0,4250.0,15861,59023,0.0,IM2503,2025-03-21,contract_code_cffex_rule
2024-09-23,4246.8,4321.0,4229.0,4265.4,12787,59393,0.0,IM2503,2025-03-21,contract_code_cffex_rule
2024-09-24,4305.2,4498.0,4274.4,4494.0,29595,64096,0.0,IM2503,2025-03-21,contract_code_cffex_rule
2024-09-25,4590.0,4651.4,4519.2,4526.6,28302,63177,0.0,IM2503,2025-03-21,contract_code_cffex_rule
2024-09-26,4520.2,4810.0,4510.4,4803.8,31222,67007,0.0,IM2503,2025-03-21,contract_code_cffex_rule
2024-09-27,4942.2,5206.6,4830.2,5206.6,52480,70510,0.0,IM2503,2025-03-21,contract_code_cffex_rule
2024-09-30,5475.0,5683.2,5370.4,5683.2,46023,69402,0.0,IM2503,2025-03-21,contract_code_cffex_rule
2024-10-08,6251.4,6251.4,5858.0,6120.0,57496,72085,0.0,IM2503,2025-03-21,contract_code_cffex_rule
2024-10-09,5980.0,6051.0,5581.8,5639.2,61386,78182,0.0,IM2503,2025-03-21,contract_code_cffex_rule
2024-10-10,5765.6,5844.6,5533.0,5559.0,44711,76984,0.0,IM2503,2025-03-21,contract_code_cffex_rule
2024-10-11,5534.0,5547.4,5218.0,5308.2,39931,78901,0.0,IM2503,2025-03-21,contract_code_cffex_rule
2024-10-14,5325.0,5508.2,5201.8,5482.4,34513,77929,0.0,IM2503,2025-03-21,contract_code_cffex_rule
2024-10-15,5431.0,5569.8,5331.0,5331.0,30076,77726,0.0,IM2503,2025-03-21,contract_code_cffex_rule
2024-10-16,5250.0,5477.6,5250.0,5386.6,32382,79542,0.0,IM2503,2025-03-21,contract_code_cffex_rule
2024-10-17,5430.0,5491.6,5340.0,5340.2,32560,80458,0.0,IM2503,2025-03-21,contract_code_cffex_rule
2024-10-18,5373.0,5909.6,5342.4,5640.2,60006,86632,0.0,IM2503,2025-03-21,contract_code_cffex_rule
2024-10-21,5715.0,5867.6,5670.6,5746.0,41239,83554,0.0,IM2503,2025-03-21,contract_code_cffex_rule
2024-10-22,5752.0,5812.2,5683.2,5777.8,33794,83452,0.0,IM2503,2025-03-21,contract_code_cffex_rule
2024-10-23,5765.0,5900.0,5738.4,5797.0,35686,83871,0.0,IM2503,2025-03-21,contract_code_cffex_rule
2024-10-24,5770.0,5791.2,5707.0,5763.0,26698,81434,0.0,IM2503,2025-03-21,contract_code_cffex_rule
2024-10-25,5780.0,5932.8,5774.4,5910.8,34115,83455,0.0,IM2503,2025-03-21,contract_code_cffex_rule
2024-10-28,5920.0,5978.6,5862.2,5976.6,24262,80264,0.0,IM2503,2025-03-21,contract_code_cffex_rule
2024-10-29,6000.0,6017.8,5858.0,5876.6,29462,81809,0.0,IM2503,2025-03-21,contract_code_cffex_rule
2024-10-30,5859.8,5934.0,5811.0,5894.8,28455,81049,0.0,IM2503,2025-03-21,contract_code_cffex_rule
2024-10-31,5906.2,6048.0,5869.0,5979.0,34719,81085,0.0,IM2503,2025-03-21,contract_code_cffex_rule
2024-11-01,5960.0,5980.0,5794.0,5809.0,34582,81924,0.0,IM2503,2025-03-21,contract_code_cffex_rule
2024-11-04,5810.0,5956.0,5801.2,5956.0,24919,78184,0.0,IM2503,2025-03-21,contract_code_cffex_rule
2024-11-05,5950.0,6209.2,5926.4,6173.6,37649,83390,0.0,IM2503,2025-03-21,contract_code_cffex_rule
2024-11-06,6177.6,6266.0,6112.4,6179.8,40886,81293,0.0,IM2503,2025-03-21,contract_code_cffex_rule
2024-11-07,6128.0,6310.0,6128.0,6297.0,34549,81318,0.0,IM2503,2025-03-21,contract_code_cffex_rule
2024-11-08,6335.0,6417.8,6259.8,6289.6,41000,82316,0.0,IM2503,2025-03-21,contract_code_cffex_rule
2024-11-11,6274.0,6416.0,6250.0,6390.0,35376,81335,0.0,IM2503,2025-03-21,contract_code_cffex_rule
2024-11-12,6405.0,6432.8,6254.2,6302.0,38993,83236,0.0,IM2503,2025-03-21,contract_code_cffex_rule
2024-11-13,6277.2,6325.0,6198.0,6293.2,39628,84298,0.0,IM2503,2025-03-21,contract_code_cffex_rule
2024-11-14,6284.2,6293.0,6110.0,6136.8,44267,87989,0.0,IM2503,2025-03-21,contract_code_cffex_rule
2024-11-15,6130.0,6201.0,5990.0,6002.6,53788,94837,0.0,IM2503,2025-03-21,contract_code_cffex_rule
2024-11-18,6030.4,6040.0,5804.2,5855.0,56000,94007,0.0,IM2503,2025-03-21,contract_code_cffex_rule
2024-11-19,5870.0,5999.8,5835.2,5995.8,53645,95970,0.0,IM2503,2025-03-21,contract_code_cffex_rule
2024-11-20,5985.0,6106.2,5973.0,6084.8,49488,93087,0.0,IM2503,2025-03-21,contract_code_cffex_rule
2024-11-21,6084.2,6113.8,6018.0,6079.0,43643,93458,0.0,IM2503,2025-03-21,contract_code_cffex_rule
2024-11-22,6061.0,6098.0,5826.4,5838.2,53719,94136,0.0,IM2503,2025-03-21,contract_code_cffex_rule
2024-11-25,5856.2,5878.6,5767.8,5876.8,56838,97763,0.0,IM2503,2025-03-21,contract_code_cffex_rule
2024-11-26,5851.0,5917.0,5770.0,5798.4,51660,93577,0.0,IM2503,2025-03-21,contract_code_cffex_rule
2024-11-27,5771.0,5986.6,5692.0,5979.8,65851,103246,0.0,IM2503,2025-03-21,contract_code_cffex_rule
2024-11-28,5979.8,6018.4,5899.0,5926.0,52480,96641,0.0,IM2503,2025-03-21,contract_code_cffex_rule
2024-11-29,5941.2,6117.8,5875.0,6049.0,70296,105999,0.0,IM2503,2025-03-21,contract_code_cffex_rule
2024-12-02,6040.0,6195.8,6040.0,6159.6,54619,99890,0.0,IM2503,2025-03-21,contract_code_cffex_rule
2024-12-03,6167.0,6213.6,6083.0,6156.0,56274,105690,0.0,IM2503,2025-03-21,contract_code_cffex_rule
2024-12-04,6145.0,6160.0,6021.6,6061.8,55197,104357,0.0,IM2503,2025-03-21,contract_code_cffex_rule
2024-12-05,6046.2,6164.6,6045.0,6138.8,53276,106161,0.0,IM2503,2025-03-21,contract_code_cffex_rule
2024-12-06,6133.8,6255.0,6060.0,6220.0,67251,109558,0.0,IM2503,2025-03-21,contract_code_cffex_rule
2024-12-09,6214.8,6241.6,6101.6,6147.4,51989,106930,0.0,IM2503,2025-03-21,contract_code_cffex_rule
2024-12-10,6362.0,6396.0,6221.0,6246.0,74054,114824,0.0,IM2503,2025-03-21,contract_code_cffex_rule
2024-12-11,6260.0,6341.0,6250.0,6317.8,57058,111143,0.0,IM2503,2025-03-21,contract_code_cffex_rule
2024-12-12,6310.0,6380.0,6262.8,6364.6,59089,115868,0.0,IM2503,2025-03-21,contract_code_cffex_rule
2024-12-13,6318.0,6325.0,6201.4,6236.2,71635,117786,0.0,IM2503,2025-03-21,contract_code_cffex_rule
2024-12-16,6235.0,6238.0,6117.4,6142.0,55828,117595,0.0,IM2503,2025-03-21,contract_code_cffex_rule
2024-12-17,6134.4,6143.4,6021.0,6022.0,77325,129902,0.0,IM2503,2025-03-21,contract_code_cffex_rule
2024-12-18,6040.8,6119.8,6006.4,6066.6,75197,127157,0.0,IM2503,2025-03-21,contract_code_cffex_rule
2024-12-19,6010.0,6110.0,5968.0,6096.8,92263,141988,0.0,IM2503,2025-03-21,contract_code_cffex_rule
2024-12-20,6076.0,6192.0,6070.0,6141.2,98404,142566,0.0,IM2503,2025-03-21,contract_code_cffex_rule
2024-12-23,6142.0,6144.0,5982.8,5987.0,110939,154200,0.0,IM2503,2025-03-21,contract_code_cffex_rule
2024-12-24,6010.0,6058.2,5966.4,6053.4,122818,152273,0.0,IM2503,2025-03-21,contract_code_cffex_rule
2024-12-25,6034.0,6045.0,5944.2,6001.8,122978,155470,0.0,IM2503,2025-03-21,contract_code_cffex_rule
2024-12-26,6000.0,6083.6,5996.0,6052.8,94903,146619,0.0,IM2503,2025-03-21,contract_code_cffex_rule
2024-12-27,6059.0,6155.0,6018.0,6067.4,116992,155250,0.0,IM2503,2025-03-21,contract_code_cffex_rule
2024-12-30,6061.0,6100.0,6008.0,6057.8,111379,153147,0.0,IM2503,2025-03-21,contract_code_cffex_rule
2024-12-31,6070.0,6081.6,5847.0,5848.6,137741,164962,0.0,IM2503,2025-03-21,contract_code_cffex_rule
2025-01-02,5850.2,5887.8,5638.0,5699.4,166462,168141,0.0,IM2503,2025-03-21,contract_code_cffex_rule
2025-01-03,5721.0,5727.0,5529.0,5553.4,176952,172211,0.0,IM2503,2025-03-21,contract_code_cffex_rule
2025-01-06,5550.8,5606.8,5490.8,5527.2,151560,168619,0.0,IM2503,2025-03-21,contract_code_cffex_rule
2025-01-07,5536.0,5608.6,5496.2,5599.0,140353,166007,0.0,IM2503,2025-03-21,contract_code_cffex_rule
2025-01-08,5570.0,5622.0,5402.6,5565.4,200605,180375,0.0,IM2503,2025-03-21,contract_code_cffex_rule
2025-01-09,5540.2,5615.0,5539.2,5561.2,127718,167449,0.0,IM2503,2025-03-21,contract_code_cffex_rule
2025-01-10,5559.0,5630.0,5452.0,5456.0,166760,178339,0.0,IM2503,2025-03-21,contract_code_cffex_rule
2025-01-13,5429.6,5525.0,5381.0,5480.8,159240,175491,0.0,IM2503,2025-03-21,contract_code_cffex_rule
2025-01-14,5511.0,5752.0,5477.0,5747.6,211844,187451,0.0,IM2503,2025-03-21,contract_code_cffex_rule
2025-01-15,5733.0,5745.0,5673.6,5702.4,139200,176033,0.0,IM2503,2025-03-21,contract_code_cffex_rule
2025-01-16,5733.8,5852.6,5677.0,5720.4,193605,194476,0.0,IM2503,2025-03-21,contract_code_cffex_rule
2025-01-17,5703.0,5832.0,5686.0,5778.0,196360,188890,0.0,IM2503,2025-03-21,contract_code_cffex_rule
2025-01-20,5820.0,5885.0,5797.4,5816.4,156432,185989,0.0,IM2503,2025-03-21,contract_code_cffex_rule
2025-01-21,5855.0,5872.8,5766.0,5845.6,159114,186188,0.0,IM2503,2025-03-21,contract_code_cffex_rule
2025-01-22,5817.0,5829.0,5751.0,5806.6,144804,182051,0.0,IM2503,2025-03-21,contract_code_cffex_rule
2025-01-23,5859.0,5961.8,5775.0,5776.2,206009,196866,0.0,IM2503,2025-03-21,contract_code_cffex_rule
2025-01-24,5776.8,5926.4,5776.8,5920.0,181477,182907,0.0,IM2503,2025-03-21,contract_code_cffex_rule
2025-01-27,5948.4,5954.0,5786.0,5790.6,150049,178993,0.0,IM2503,2025-03-21,contract_code_cffex_rule
2025-02-05,5861.0,5904.0,5796.0,5832.2,148296,180250,0.0,IM2503,2025-03-21,contract_code_cffex_rule
2025-02-06,5828.8,6012.0,5797.0,5988.6,174807,189866,0.0,IM2503,2025-03-21,contract_code_cffex_rule
2025-02-07,5996.8,6176.0,5988.0,6095.4,221664,197152,0.0,IM2503,2025-03-21,contract_code_cffex_rule
2025-02-10,6115.0,6169.8,6083.0,6143.6,150283,180572,0.0,IM2503,2025-03-21,contract_code_cffex_rule
2025-02-11,6139.0,6156.0,6077.0,6133.2,137719,179091,0.0,IM2503,2025-03-21,contract_code_cffex_rule
2025-02-12,6123.4,6227.8,6119.4,6223.0,170775,189977,0.0,IM2503,2025-03-21,contract_code_cffex_rule
2025-02-13,6217.0,6226.0,6155.0,6175.0,173716,187814,0.0,IM2503,2025-03-21,contract_code_cffex_rule
2025-02-14,6178.0,6219.8,6132.0,6205.2,165277,187975,0.0,IM2503,2025-03-21,contract_code_cffex_rule
2025-02-17,6241.0,6259.8,6168.4,6219.2,164701,187072,0.0,IM2503,2025-03-21,contract_code_cffex_rule
2025-02-18,6206.6,6236.0,6065.6,6110.2,194221,199394,0.0,IM2503,2025-03-21,contract_code_cffex_rule
2025-02-19,6107.0,6247.8,6099.6,6240.0,184332,197244,0.0,IM2503,2025-03-21,contract_code_cffex_rule
2025-02-20,6231.8,6291.8,6206.0,6254.4,167649,198815,0.0,IM2503,2025-03-21,contract_code_cffex_rule
2025-02-21,6274.8,6423.0,6246.0,6399.0,201141,206363,0.0,IM2503,2025-03-21,contract_code_cffex_rule
2025-02-24,6380.0,6409.8,6327.8,6366.6,172390,195891,0.0,IM2503,2025-03-21,contract_code_cffex_rule
2025-02-25,6309.4,6405.2,6292.0,6355.4,180068,195526,0.0,IM2503,2025-03-21,contract_code_cffex_rule
2025-02-26,6376.6,6465.0,6322.2,6420.8,212290,201621,0.0,IM2503,2025-03-21,contract_code_cffex_rule
2025-02-27,6412.6,6453.6,6324.6,6415.0,208253,194417,0.0,IM2503,2025-03-21,contract_code_cffex_rule
2025-02-28,6387.8,6397.0,6208.0,6230.4,216120,198135,0.0,IM2503,2025-03-21,contract_code_cffex_rule
2025-03-03,6250.0,6324.6,6196.4,6215.4,192032,187317,0.0,IM2503,2025-03-21,contract_code_cffex_rule
2025-03-04,6184.8,6306.0,6169.0,6279.2,179630,184657,0.0,IM2503,2025-03-21,contract_code_cffex_rule
2025-03-05,6285.0,6329.8,6233.2,6313.0,182519,181491,0.0,IM2503,2025-03-21,contract_code_cffex_rule
2025-03-06,6352.8,6504.4,6352.2,6475.8,187916,179624,0.0,IM2503,2025-03-21,contract_code_cffex_rule
2025-03-07,6455.0,6500.0,6417.8,6452.8,165679,169906,0.0,IM2503,2025-03-21,contract_code_cffex_rule
2025-03-10,6458.0,6476.2,6373.6,6427.4,154299,162826,0.0,IM2503,2025-03-21,contract_code_cffex_rule
2025-03-11,6371.0,6491.0,6365.0,6490.0,170671,165483,0.0,IM2503,2025-03-21,contract_code_cffex_rule
2025-03-12,6525.0,6587.0,6482.2,6513.8,165499,161880,0.0,IM2503,2025-03-21,contract_code_cffex_rule
2025-03-13,6507.0,6520.6,6360.2,6426.0,189598,165394,0.0,IM2503,2025-03-21,contract_code_cffex_rule
2025-03-14,6428.4,6568.0,6389.2,6562.8,190307,148876,0.0,IM2503,2025-03-21,contract_code_cffex_rule
2025-03-17,6563.0,6573.0,6523.2,6543.4,117429,127485,0.0,IM2503,2025-03-21,contract_code_cffex_rule
2025-03-18,6566.8,6634.4,6555.6,6577.0,113170,120484,0.0,IM2503,2025-03-21,contract_code_cffex_rule
2025-03-19,6560.0,6584.0,6506.0,6550.0,115152,98474,0.0,IM2503,2025-03-21,contract_code_cffex_rule
2025-03-20,6540.0,6582.8,6493.8,6534.2,86603,64278,0.0,IM2503,2025-03-21,contract_code_cffex_rule
2025-03-21,6522.6,6530.4,6402.2,6414.2,55018,30414,0.0,IM2503,2025-03-21,contract_code_cffex_rule
2025-02-24,6352.4,6366.0,6283.4,6319.8,4957,4800,0.0,IM2504,2025-04-18,contract_code_cffex_rule
2025-02-25,6277.0,6358.6,6244.4,6310.6,5641,5362,0.0,IM2504,2025-04-18,contract_code_cffex_rule
2025-02-26,6340.0,6410.0,6271.6,6366.6,8842,9325,0.0,IM2504,2025-04-18,contract_code_cffex_rule
2025-02-27,6366.6,6395.6,6272.4,6361.8,9450,10277,0.0,IM2504,2025-04-18,contract_code_cffex_rule
2025-02-28,6336.2,6339.6,6158.0,6179.6,10639,12350,0.0,IM2504,2025-04-18,contract_code_cffex_rule
2025-03-03,6202.6,6273.6,6146.0,6168.8,8861,12280,0.0,IM2504,2025-04-18,contract_code_cffex_rule
2025-03-04,6120.0,6254.0,6120.0,6227.0,9535,14397,0.0,IM2504,2025-04-18,contract_code_cffex_rule
2025-03-05,6230.2,6277.6,6180.0,6259.8,8577,14272,0.0,IM2504,2025-04-18,contract_code_cffex_rule
2025-03-06,6302.8,6446.0,6302.6,6420.6,12632,18093,0.0,IM2504,2025-04-18,contract_code_cffex_rule
2025-03-07,6412.0,6444.0,6360.0,6395.0,11600,18287,0.0,IM2504,2025-04-18,contract_code_cffex_rule
2025-03-10,6396.6,6417.0,6310.0,6362.8,13719,21710,0.0,IM2504,2025-04-18,contract_code_cffex_rule
2025-03-11,6300.0,6417.0,6300.0,6415.0,14517,24016,0.0,IM2504,2025-04-18,contract_code_cffex_rule
2025-03-12,6434.0,6508.6,6406.2,6433.4,16096,28303,0.0,IM2504,2025-04-18,contract_code_cffex_rule
2025-03-13,6432.6,6443.2,6292.4,6355.0,23622,33939,0.0,IM2504,2025-04-18,contract_code_cffex_rule
2025-03-14,6353.0,6501.0,6315.8,6501.0,26206,36611,0.0,IM2504,2025-04-18,contract_code_cffex_rule
2025-03-17,6508.0,6511.4,6464.2,6471.6,23134,42278,0.0,IM2504,2025-04-18,contract_code_cffex_rule
2025-03-18,6495.0,6565.8,6487.2,6505.2,28172,46426,0.0,IM2504,2025-04-18,contract_code_cffex_rule
2025-03-19,6482.8,6508.8,6434.0,6479.4,38469,58168,0.0,IM2504,2025-04-18,contract_code_cffex_rule
2025-03-20,6460.2,6505.0,6421.2,6452.4,56867,75554,0.0,IM2504,2025-04-18,contract_code_cffex_rule
2025-03-21,6425.0,6448.6,6286.0,6318.2,102429,108886,0.0,IM2504,2025-04-18,contract_code_cffex_rule
2025-03-24,6325.0,6330.2,6194.4,6280.0,97377,106368,0.0,IM2504,2025-04-18,contract_code_cffex_rule
2025-03-25,6274.0,6306.6,6205.2,6250.8,90952,108413,0.0,IM2504,2025-04-18,contract_code_cffex_rule
2025-03-26,6250.0,6322.0,6246.6,6261.8,76006,101329,0.0,IM2504,2025-04-18,contract_code_cffex_rule
2025-03-27,6253.2,6340.0,6180.8,6281.4,88580,113780,0.0,IM2504,2025-04-18,contract_code_cffex_rule
2025-03-28,6283.0,6311.6,6201.8,6212.6,80638,102072,0.0,IM2504,2025-04-18,contract_code_cffex_rule
2025-03-31,6184.0,6225.6,6107.6,6184.0,98572,114755,0.0,IM2504,2025-04-18,contract_code_cffex_rule
2025-04-01,6228.0,6260.0,6193.2,6204.0,67752,97196,0.0,IM2504,2025-04-18,contract_code_cffex_rule
2025-04-02,6198.8,6283.0,6198.8,6239.0,59902,99001,0.0,IM2504,2025-04-18,contract_code_cffex_rule
2025-04-03,6190.0,6274.0,6131.8,6168.4,91132,106332,0.0,IM2504,2025-04-18,contract_code_cffex_rule
2025-04-07,5862.0,5975.4,5554.0,5554.0,110834,107063,0.0,IM2504,2025-04-18,contract_code_cffex_rule
2025-04-08,5580.0,5624.0,5339.2,5462.4,145399,113999,0.0,IM2504,2025-04-18,contract_code_cffex_rule
2025-04-09,5401.2,5643.8,5186.2,5594.2,141240,106818,0.0,IM2504,2025-04-18,contract_code_cffex_rule
2025-04-10,5750.0,5865.8,5720.0,5744.8,96804,92361,0.0,IM2504,2025-04-18,contract_code_cffex_rule
2025-04-11,5722.0,5913.0,5713.6,5835.0,81375,86117,0.0,IM2504,2025-04-18,contract_code_cffex_rule
2025-04-14,5898.6,5951.4,5875.4,5879.8,61023,70795,0.0,IM2504,2025-04-18,contract_code_cffex_rule
2025-04-15,5887.8,5913.0,5842.6,5888.0,55619,61041,0.0,IM2504,2025-04-18,contract_code_cffex_rule
2025-04-16,5876.6,5879.4,5756.0,5819.8,64059,50652,0.0,IM2504,2025-04-18,contract_code_cffex_rule
2025-04-17,5798.8,5905.0,5795.8,5845.8,44139,29741,0.0,IM2504,2025-04-18,contract_code_cffex_rule
2025-04-18,5844.6,5860.0,5793.4,5826.4,22683,13438,0.0,IM2504,2025-04-18,contract_code_cffex_rule
2025-03-24,6251.0,6270.0,6136.2,6224.2,4651,4496,0.0,IM2505,2025-05-16,contract_code_cffex_rule
2025-03-25,6211.6,6244.2,6146.4,6192.6,4738,4221,0.0,IM2505,2025-05-16,contract_code_cffex_rule
2025-03-26,6189.2,6263.0,6189.2,6205.4,4769,5941,0.0,IM2505,2025-05-16,contract_code_cffex_rule
2025-03-27,6193.0,6282.8,6124.2,6223.2,5853,6777,0.0,IM2505,2025-05-16,contract_code_cffex_rule
2025-03-28,6225.0,6253.2,6146.8,6162.0,5364,8324,0.0,IM2505,2025-05-16,contract_code_cffex_rule
2025-03-31,6123.6,6168.4,6053.4,6126.2,5690,8390,0.0,IM2505,2025-05-16,contract_code_cffex_rule
2025-04-01,6145.4,6199.2,6136.8,6143.0,4040,8672,0.0,IM2505,2025-05-16,contract_code_cffex_rule
2025-04-02,6142.8,6219.2,6141.8,6174.6,4540,9695,0.0,IM2505,2025-05-16,contract_code_cffex_rule
2025-04-03,6122.0,6209.0,6071.2,6106.8,7817,12529,0.0,IM2505,2025-05-16,contract_code_cffex_rule
2025-04-07,5791.0,5911.2,5496.8,5496.8,12503,15045,0.0,IM2505,2025-05-16,contract_code_cffex_rule
2025-04-08,5503.0,5573.4,5278.0,5394.0,16170,17914,0.0,IM2505,2025-05-16,contract_code_cffex_rule
2025-04-09,5312.2,5573.4,5128.0,5514.0,18021,19651,0.0,IM2505,2025-05-16,contract_code_cffex_rule
2025-04-10,5689.8,5791.2,5640.0,5666.2,14381,20103,0.0,IM2505,2025-05-16,contract_code_cffex_rule
2025-04-11,5650.0,5839.0,5632.0,5763.2,14348,22132,0.0,IM2505,2025-05-16,contract_code_cffex_rule
2025-04-14,5865.8,5867.4,5790.4,5794.0,15822,27006,0.0,IM2505,2025-05-16,contract_code_cffex_rule
2025-04-15,5805.6,5828.2,5747.8,5793.0,22011,33322,0.0,IM2505,2025-05-16,contract_code_cffex_rule
2025-04-16,5780.0,5780.0,5653.0,5713.8,36696,47601,0.0,IM2505,2025-05-16,contract_code_cffex_rule
2025-04-17,5700.2,5816.6,5687.8,5749.8,39973,55797,0.0,IM2505,2025-05-16,contract_code_cffex_rule
2025-04-18,5737.0,5797.0,5692.2,5738.2,50741,70923,0.0,IM2505,2025-05-16,contract_code_cffex_rule
2025-04-21,5734.0,5883.6,5701.6,5867.4,52420,68284,0.0,IM2505,2025-05-16,contract_code_cffex_rule
2025-04-22,5870.0,5904.8,5835.2,5870.0,42827,67656,0.0,IM2505,2025-05-16,contract_code_cffex_rule
2025-04-23,5918.8,5974.4,5890.8,5915.8,48928,67895,0.0,IM2505,2025-05-16,contract_code_cffex_rule
2025-04-24,5910.2,5923.2,5831.2,5866.0,44305,66410,0.0,IM2505,2025-05-16,contract_code_cffex_rule
2025-04-25,5883.0,5939.8,5842.0,5885.0,46320,67109,0.0,IM2505,2025-05-16,contract_code_cffex_rule
2025-04-28,5885.2,5893.4,5797.2,5828.2,41309,68029,0.0,IM2505,2025-05-16,contract_code_cffex_rule
2025-04-29,5814.8,5884.4,5795.2,5868.0,38130,63293,0.0,IM2505,2025-05-16,contract_code_cffex_rule
2025-04-30,5875.6,5932.8,5870.2,5905.4,36606,61187,0.0,IM2505,2025-05-16,contract_code_cffex_rule
2025-05-06,5955.0,6063.0,5954.0,6059.6,38439,60416,0.0,IM2505,2025-05-16,contract_code_cffex_rule
2025-05-07,6161.0,6190.6,6026.2,6065.2,51450,66811,0.0,IM2505,2025-05-16,contract_code_cffex_rule
2025-05-08,6062.6,6147.0,6055.0,6127.6,39672,58969,0.0,IM2505,2025-05-16,contract_code_cffex_rule
2025-05-09,6112.0,6119.2,6022.2,6056.2,39573,58057,0.0,IM2505,2025-05-16,contract_code_cffex_rule
2025-05-12,6119.6,6153.0,6084.4,6151.6,40716,51530,0.0,IM2505,2025-05-16,contract_code_cffex_rule
2025-05-13,6160.0,6190.0,6111.2,6126.8,41265,46636,0.0,IM2505,2025-05-16,contract_code_cffex_rule
2025-05-14,6138.0,6204.4,6096.0,6156.6,49231,39302,0.0,IM2505,2025-05-16,contract_code_cffex_rule
2025-05-15,6139.0,6143.8,6045.8,6058.2,33911,23664,0.0,IM2505,2025-05-16,contract_code_cffex_rule
2025-05-16,6054.6,6102.6,6042.0,6081.4,20693,10186,0.0,IM2505,2025-05-16,contract_code_cffex_rule
2024-10-21,5679.4,5773.6,5580.6,5660.2,7518,6928,0.0,IM2506,2025-06-20,contract_code_cffex_rule
2024-10-22,5666.2,5717.2,5594.2,5681.0,7800,7746,0.0,IM2506,2025-06-20,contract_code_cffex_rule
2024-10-23,5664.2,5803.2,5641.2,5700.6,8634,10719,0.0,IM2506,2025-06-20,contract_code_cffex_rule
2024-10-24,5670.4,5694.2,5611.0,5666.8,6660,10005,0.0,IM2506,2025-06-20,contract_code_cffex_rule
2024-10-25,5681.2,5835.0,5678.0,5812.8,8903,12491,0.0,IM2506,2025-06-20,contract_code_cffex_rule
2024-10-28,5835.0,5882.2,5767.8,5881.2,6934,12041,0.0,IM2506,2025-06-20,contract_code_cffex_rule
2024-10-29,5898.0,5920.0,5758.8,5780.0,8324,14041,0.0,IM2506,2025-06-20,contract_code_cffex_rule
2024-10-30,5776.0,5836.6,5712.2,5800.0,8762,15348,0.0,IM2506,2025-06-20,contract_code_cffex_rule
2024-10-31,5809.6,5947.4,5770.8,5880.0,10967,17719,0.0,IM2506,2025-06-20,contract_code_cffex_rule
2024-11-01,5860.0,5879.8,5700.0,5713.0,12025,19352,0.0,IM2506,2025-06-20,contract_code_cffex_rule
2024-11-04,5700.0,5853.4,5700.0,5852.2,8668,19771,0.0,IM2506,2025-06-20,contract_code_cffex_rule
2024-11-05,5832.0,6105.4,5823.8,6073.0,13486,22646,0.0,IM2506,2025-06-20,contract_code_cffex_rule
2024-11-06,6107.0,6162.0,6005.2,6072.2,13713,23422,0.0,IM2506,2025-06-20,contract_code_cffex_rule
2024-11-07,6043.2,6205.0,6025.6,6194.6,13062,25176,0.0,IM2506,2025-06-20,contract_code_cffex_rule
2024-11-08,6240.2,6315.0,6153.8,6184.0,13932,26564,0.0,IM2506,2025-06-20,contract_code_cffex_rule
2024-11-11,6170.0,6305.0,6150.0,6280.0,13171,27867,0.0,IM2506,2025-06-20,contract_code_cffex_rule
2024-11-12,6279.2,6325.0,6144.8,6199.0,13893,28896,0.0,IM2506,2025-06-20,contract_code_cffex_rule
2024-11-13,6167.8,6218.6,6090.2,6188.0,14234,30341,0.0,IM2506,2025-06-20,contract_code_cffex_rule
2024-11-14,6174.0,6185.8,6002.0,6022.0,15812,33032,0.0,IM2506,2025-06-20,contract_code_cffex_rule
2024-11-15,6005.2,6091.0,5888.0,5895.8,17650,34831,0.0,IM2506,2025-06-20,contract_code_cffex_rule
2024-11-18,5929.0,5930.2,5700.0,5748.8,19327,36766,0.0,IM2506,2025-06-20,contract_code_cffex_rule
2024-11-19,5760.2,5896.8,5730.8,5890.0,18083,36163,0.0,IM2506,2025-06-20,contract_code_cffex_rule
2024-11-20,5884.2,5998.4,5870.0,5972.6,15192,35967,0.0,IM2506,2025-06-20,contract_code_cffex_rule
2024-11-21,5965.6,5999.0,5904.4,5963.2,12525,35870,0.0,IM2506,2025-06-20,contract_code_cffex_rule
2024-11-22,5956.2,5983.2,5707.2,5707.4,17798,38528,0.0,IM2506,2025-06-20,contract_code_cffex_rule
2024-11-25,5755.0,5757.0,5646.2,5752.6,17827,37855,0.0,IM2506,2025-06-20,contract_code_cffex_rule
2024-11-26,5739.0,5792.4,5642.8,5674.8,17948,39647,0.0,IM2506,2025-06-20,contract_code_cffex_rule
2024-11-27,5654.0,5869.8,5571.0,5862.0,22559,40558,0.0,IM2506,2025-06-20,contract_code_cffex_rule
2024-11-28,5857.6,5901.4,5775.0,5797.0,15654,40122,0.0,IM2506,2025-06-20,contract_code_cffex_rule
2024-11-29,5799.6,5996.6,5752.0,5925.4,21484,42902,0.0,IM2506,2025-06-20,contract_code_cffex_rule
2024-12-02,5925.0,6071.8,5922.2,6030.8,16741,41632,0.0,IM2506,2025-06-20,contract_code_cffex_rule
2024-12-03,6036.2,6086.0,5955.2,6032.0,18187,42633,0.0,IM2506,2025-06-20,contract_code_cffex_rule
2024-12-04,6044.0,6044.0,5896.6,5937.2,16218,42055,0.0,IM2506,2025-06-20,contract_code_cffex_rule
2024-12-05,5928.2,6037.0,5920.0,6010.0,15340,43866,0.0,IM2506,2025-06-20,contract_code_cffex_rule
2024-12-06,6020.0,6125.0,5930.0,6090.0,17921,44949,0.0,IM2506,2025-06-20,contract_code_cffex_rule
2024-12-09,6070.0,6113.4,5970.2,6018.4,13312,44118,0.0,IM2506,2025-06-20,contract_code_cffex_rule
2024-12-10,6225.0,6265.0,6095.0,6117.0,20803,47348,0.0,IM2506,2025-06-20,contract_code_cffex_rule
2024-12-11,6122.2,6214.0,6120.8,6188.4,14852,46113,0.0,IM2506,2025-06-20,contract_code_cffex_rule
2024-12-12,6190.2,6249.6,6130.8,6230.2,13189,46639,0.0,IM2506,2025-06-20,contract_code_cffex_rule
2024-12-13,6199.6,6199.6,6066.2,6099.0,17584,48064,0.0,IM2506,2025-06-20,contract_code_cffex_rule
2024-12-16,6100.6,6105.0,5978.2,6000.4,15319,47993,0.0,IM2506,2025-06-20,contract_code_cffex_rule
2024-12-17,5996.6,6002.0,5884.8,5887.2,19712,51826,0.0,IM2506,2025-06-20,contract_code_cffex_rule
2024-12-18,5905.8,5978.8,5871.2,5931.0,18128,51500,0.0,IM2506,2025-06-20,contract_code_cffex_rule
2024-12-19,5888.6,5974.0,5832.8,5963.0,19310,54035,0.0,IM2506,2025-06-20,contract_code_cffex_rule
2024-12-20,5952.0,6056.8,5938.2,6005.8,19259,54394,0.0,IM2506,2025-06-20,contract_code_cffex_rule
2024-12-23,6008.8,6008.8,5853.0,5853.2,20033,55639,0.0,IM2506,2025-06-20,contract_code_cffex_rule
2024-12-24,5878.0,5925.0,5834.2,5919.2,19536,55509,0.0,IM2506,2025-06-20,contract_code_cffex_rule
2024-12-25,5909.0,5909.0,5813.2,5871.4,18663,55807,0.0,IM2506,2025-06-20,contract_code_cffex_rule
2024-12-26,5871.0,5949.8,5869.6,5923.2,13685,54670,0.0,IM2506,2025-06-20,contract_code_cffex_rule
2024-12-27,5924.8,6021.8,5891.2,5936.2,17176,55813,0.0,IM2506,2025-06-20,contract_code_cffex_rule
2024-12-30,5930.0,5970.2,5878.0,5926.6,15548,55424,0.0,IM2506,2025-06-20,contract_code_cffex_rule
2024-12-31,5935.0,5950.0,5722.0,5722.8,23797,60799,0.0,IM2506,2025-06-20,contract_code_cffex_rule
2025-01-02,5726.8,5759.4,5513.2,5570.2,25908,62180,0.0,IM2506,2025-06-20,contract_code_cffex_rule
2025-01-03,5585.0,5600.0,5405.0,5433.2,26723,63123,0.0,IM2506,2025-06-20,contract_code_cffex_rule
2025-01-06,5414.2,5482.0,5368.4,5404.6,22457,62736,0.0,IM2506,2025-06-20,contract_code_cffex_rule
2025-01-07,5401.2,5484.2,5373.6,5474.6,19503,62158,0.0,IM2506,2025-06-20,contract_code_cffex_rule
2025-01-08,5451.0,5498.6,5282.4,5442.0,30892,68211,0.0,IM2506,2025-06-20,contract_code_cffex_rule
2025-01-09,5415.0,5492.6,5415.0,5438.4,20270,65970,0.0,IM2506,2025-06-20,contract_code_cffex_rule
2025-01-10,5430.0,5506.0,5332.6,5333.2,23907,68179,0.0,IM2506,2025-06-20,contract_code_cffex_rule
2025-01-13,5301.4,5399.0,5261.0,5362.8,24808,67984,0.0,IM2506,2025-06-20,contract_code_cffex_rule
2025-01-14,5380.0,5631.2,5355.0,5624.6,32318,70812,0.0,IM2506,2025-06-20,contract_code_cffex_rule
2025-01-15,5610.4,5620.0,5548.8,5578.0,20444,68441,0.0,IM2506,2025-06-20,contract_code_cffex_rule
2025-01-16,5610.0,5728.0,5556.0,5595.8,28749,73357,0.0,IM2506,2025-06-20,contract_code_cffex_rule
2025-01-17,5580.0,5707.2,5561.6,5655.4,28611,72176,0.0,IM2506,2025-06-20,contract_code_cffex_rule
2025-01-20,5695.0,5758.0,5676.0,5695.6,25997,71437,0.0,IM2506,2025-06-20,contract_code_cffex_rule
2025-01-21,5720.2,5746.4,5646.0,5721.0,23961,70266,0.0,IM2506,2025-06-20,contract_code_cffex_rule
2025-01-22,5692.0,5705.0,5630.0,5685.0,21567,70417,0.0,IM2506,2025-06-20,contract_code_cffex_rule
2025-01-23,5736.0,5838.0,5657.0,5657.0,30877,73530,0.0,IM2506,2025-06-20,contract_code_cffex_rule
2025-01-24,5661.0,5802.0,5655.0,5795.4,28961,71068,0.0,IM2506,2025-06-20,contract_code_cffex_rule
2025-01-27,5824.8,5830.0,5669.8,5676.2,23551,70298,0.0,IM2506,2025-06-20,contract_code_cffex_rule
2025-02-05,5755.0,5780.0,5677.8,5712.0,22914,71441,0.0,IM2506,2025-06-20,contract_code_cffex_rule
2025-02-06,5690.0,5885.0,5676.0,5864.6,30235,72464,0.0,IM2506,2025-06-20,contract_code_cffex_rule
2025-02-07,5864.0,6048.8,5861.8,5971.8,39945,76126,0.0,IM2506,2025-06-20,contract_code_cffex_rule
2025-02-10,5974.4,6040.0,5958.0,6017.2,25406,71289,0.0,IM2506,2025-06-20,contract_code_cffex_rule
2025-02-11,6020.0,6026.8,5950.0,6005.6,22835,71921,0.0,IM2506,2025-06-20,contract_code_cffex_rule
2025-02-12,5990.0,6097.4,5990.0,6096.0,28614,74371,0.0,IM2506,2025-06-20,contract_code_cffex_rule
2025-02-13,6096.8,6096.8,6027.4,6045.8,31251,77261,0.0,IM2506,2025-06-20,contract_code_cffex_rule
2025-02-14,6045.0,6086.4,6005.0,6071.8,32500,76883,0.0,IM2506,2025-06-20,contract_code_cffex_rule
2025-02-17,6099.0,6125.0,6034.2,6081.6,32180,78006,0.0,IM2506,2025-06-20,contract_code_cffex_rule
2025-02-18,6060.0,6097.2,5929.0,5973.4,37426,80808,0.0,IM2506,2025-06-20,contract_code_cffex_rule
2025-02-19,5972.0,6105.0,5962.4,6101.6,37541,81468,0.0,IM2506,2025-06-20,contract_code_cffex_rule
2025-02-20,6092.2,6150.6,6066.8,6113.4,37772,84120,0.0,IM2506,2025-06-20,contract_code_cffex_rule
2025-02-21,6140.0,6276.0,6102.2,6253.6,57293,96709,0.0,IM2506,2025-06-20,contract_code_cffex_rule
2025-02-24,6250.0,6263.8,6180.0,6215.6,45379,90270,0.0,IM2506,2025-06-20,contract_code_cffex_rule
2025-02-25,6150.0,6248.6,6140.0,6195.8,46865,93829,0.0,IM2506,2025-06-20,contract_code_cffex_rule
2025-02-26,6215.0,6295.0,6156.0,6248.2,53785,93243,0.0,IM2506,2025-06-20,contract_code_cffex_rule
2025-02-27,6235.0,6278.8,6158.0,6238.6,54026,96835,0.0,IM2506,2025-06-20,contract_code_cffex_rule
2025-02-28,6216.6,6218.2,6040.0,6060.0,62591,96513,0.0,IM2506,2025-06-20,contract_code_cffex_rule
2025-03-03,6081.2,6154.2,6030.0,6049.0,53535,95055,0.0,IM2506,2025-06-20,contract_code_cffex_rule
2025-03-04,6004.0,6133.2,6004.0,6107.2,46874,93774,0.0,IM2506,2025-06-20,contract_code_cffex_rule
2025-03-05,6116.8,6153.2,6056.6,6129.6,52693,99038,0.0,IM2506,2025-06-20,contract_code_cffex_rule
2025-03-06,6170.0,6313.8,6165.0,6287.8,62367,103031,0.0,IM2506,2025-06-20,contract_code_cffex_rule
2025-03-07,6270.0,6308.8,6223.0,6254.8,55939,100827,0.0,IM2506,2025-06-20,contract_code_cffex_rule
2025-03-10,6254.0,6275.0,6168.0,6220.8,50855,101268,0.0,IM2506,2025-06-20,contract_code_cffex_rule
2025-03-11,6160.0,6270.0,6156.0,6269.4,59913,106224,0.0,IM2506,2025-06-20,contract_code_cffex_rule
2025-03-12,6290.2,6353.2,6257.4,6284.0,58756,104752,0.0,IM2506,2025-06-20,contract_code_cffex_rule
2025-03-13,6275.0,6287.2,6157.4,6210.8,74987,115784,0.0,IM2506,2025-06-20,contract_code_cffex_rule
2025-03-14,6217.4,6370.0,6177.6,6368.2,83604,112607,0.0,IM2506,2025-06-20,contract_code_cffex_rule
2025-03-17,6370.0,6382.0,6333.0,6337.6,47844,110699,0.0,IM2506,2025-06-20,contract_code_cffex_rule
2025-03-18,6360.0,6431.2,6349.2,6369.4,58828,116894,0.0,IM2506,2025-06-20,contract_code_cffex_rule
2025-03-19,6360.0,6370.8,6303.0,6339.2,72416,122780,0.0,IM2506,2025-06-20,contract_code_cffex_rule
2025-03-20,6326.0,6359.8,6280.0,6307.2,81351,130145,0.0,IM2506,2025-06-20,contract_code_cffex_rule
2025-03-21,6285.0,6305.4,6144.6,6177.4,134047,155030,0.0,IM2506,2025-06-20,contract_code_cffex_rule
2025-03-24,6186.4,6189.4,6063.0,6142.8,139956,158394,0.0,IM2506,2025-06-20,contract_code_cffex_rule
2025-03-25,6132.6,6167.0,6069.2,6115.6,138822,161637,0.0,IM2506,2025-06-20,contract_code_cffex_rule
2025-03-26,6118.0,6185.0,6113.0,6129.4,123686,155502,0.0,IM2506,2025-06-20,contract_code_cffex_rule
2025-03-27,6118.4,6202.2,6044.0,6143.4,151417,167954,0.0,IM2506,2025-06-20,contract_code_cffex_rule
2025-03-28,6149.0,6180.0,6066.2,6078.4,136714,159759,0.0,IM2506,2025-06-20,contract_code_cffex_rule
2025-03-31,6050.4,6092.0,5979.8,6049.0,159321,175574,0.0,IM2506,2025-06-20,contract_code_cffex_rule
2025-04-01,6068.8,6117.6,6059.2,6064.2,117820,159238,0.0,IM2506,2025-06-20,contract_code_cffex_rule
2025-04-02,6072.2,6141.0,6063.0,6100.0,106534,161702,0.0,IM2506,2025-06-20,contract_code_cffex_rule
2025-04-03,6069.8,6134.8,6000.4,6031.8,170579,180839,0.0,IM2506,2025-06-20,contract_code_cffex_rule
2025-04-07,5749.0,5838.8,5432.6,5432.6,194726,166036,0.0,IM2506,2025-06-20,contract_code_cffex_rule
2025-04-08,5500.0,5500.2,5202.0,5313.6,277947,191362,0.0,IM2506,2025-06-20,contract_code_cffex_rule
2025-04-09,5202.2,5488.0,5053.2,5429.6,307215,184548,0.0,IM2506,2025-06-20,contract_code_cffex_rule
2025-04-10,5550.4,5701.2,5549.0,5578.2,222566,174420,0.0,IM2506,2025-06-20,contract_code_cffex_rule
2025-04-11,5555.0,5746.6,5545.0,5672.2,192909,173299,0.0,IM2506,2025-06-20,contract_code_cffex_rule
2025-04-14,5733.0,5769.8,5690.0,5693.0,133293,162218,0.0,IM2506,2025-06-20,contract_code_cffex_rule
2025-04-15,5689.8,5722.0,5637.0,5680.4,126870,164742,0.0,IM2506,2025-06-20,contract_code_cffex_rule
2025-04-16,5660.0,5667.8,5554.6,5603.0,156339,171071,0.0,IM2506,2025-06-20,contract_code_cffex_rule
2025-04-17,5588.0,5715.0,5578.0,5653.8,156019,168300,0.0,IM2506,2025-06-20,contract_code_cffex_rule
2025-04-18,5649.0,5699.0,5593.8,5642.0,150566,168687,0.0,IM2506,2025-06-20,contract_code_cffex_rule
2025-04-21,5627.6,5783.0,5603.6,5770.0,137318,166314,0.0,IM2506,2025-06-20,contract_code_cffex_rule
2025-04-22,5770.2,5802.8,5732.2,5769.6,130317,163968,0.0,IM2506,2025-06-20,contract_code_cffex_rule
2025-04-23,5840.0,5873.2,5791.8,5820.0,146296,166689,0.0,IM2506,2025-06-20,contract_code_cffex_rule
2025-04-24,5805.0,5823.0,5730.8,5767.4,135094,163863,0.0,IM2506,2025-06-20,contract_code_cffex_rule
2025-04-25,5788.0,5840.0,5744.0,5786.6,147686,167733,0.0,IM2506,2025-06-20,contract_code_cffex_rule
2025-04-28,5780.0,5794.6,5700.0,5729.0,120927,159258,0.0,IM2506,2025-06-20,contract_code_cffex_rule
2025-04-29,5719.0,5787.6,5700.0,5773.6,116166,159461,0.0,IM2506,2025-06-20,contract_code_cffex_rule
2025-04-30,5785.0,5833.0,5775.0,5801.4,108819,153214,0.0,IM2506,2025-06-20,contract_code_cffex_rule
2025-05-06,5855.0,5955.0,5852.0,5953.2,107389,160100,0.0,IM2506,2025-06-20,contract_code_cffex_rule
2025-05-07,6015.0,6090.0,5920.4,5955.2,158085,174521,0.0,IM2506,2025-06-20,contract_code_cffex_rule
2025-05-08,5945.0,6042.8,5945.0,6018.8,125065,165679,0.0,IM2506,2025-06-20,contract_code_cffex_rule
2025-05-09,6012.8,6012.8,5911.6,5945.2,124744,165673,0.0,IM2506,2025-06-20,contract_code_cffex_rule
2025-05-12,6002.0,6039.0,5975.2,6037.0,134023,170704,0.0,IM2506,2025-06-20,contract_code_cffex_rule
2025-05-13,6075.4,6079.6,5981.0,5996.6,132408,170058,0.0,IM2506,2025-06-20,contract_code_cffex_rule
2025-05-14,6010.2,6101.8,5973.6,6043.0,189515,196475,0.0,IM2506,2025-06-20,contract_code_cffex_rule
2025-05-15,6026.2,6029.8,5924.4,5949.0,155023,187025,0.0,IM2506,2025-06-20,contract_code_cffex_rule
2025-05-16,5939.2,5992.2,5933.2,5933.8,131868,188635,0.0,IM2506,2025-06-20,contract_code_cffex_rule
2025-05-19,5940.0,5976.8,5870.2,5975.4,140984,192261,0.0,IM2506,2025-06-20,contract_code_cffex_rule
2025-05-20,5984.0,6028.0,5943.0,6019.4,124540,184920,0.0,IM2506,2025-06-20,contract_code_cffex_rule
2025-05-21,6009.0,6018.0,5974.0,6000.6,111291,180860,0.0,IM2506,2025-06-20,contract_code_cffex_rule
2025-05-22,5986.0,6037.8,5930.0,5950.0,148619,195203,0.0,IM2506,2025-06-20,contract_code_cffex_rule
2025-05-23,5949.0,5998.0,5871.0,5872.0,167101,194014,0.0,IM2506,2025-06-20,contract_code_cffex_rule
2025-05-26,5880.0,5941.4,5871.0,5925.0,133893,181503,0.0,IM2506,2025-06-20,contract_code_cffex_rule
2025-05-27,5918.0,5936.0,5861.2,5915.0,140778,186517,0.0,IM2506,2025-06-20,contract_code_cffex_rule
2025-05-28,5925.0,5944.8,5873.6,5899.0,120232,175258,0.0,IM2506,2025-06-20,contract_code_cffex_rule
2025-05-29,5914.8,6031.4,5906.0,6031.0,166397,187832,0.0,IM2506,2025-06-20,contract_code_cffex_rule
2025-05-30,6001.2,6004.2,5932.0,5966.0,130165,168201,0.0,IM2506,2025-06-20,contract_code_cffex_rule
2025-06-03,5951.0,6027.0,5940.8,5998.0,112727,169461,0.0,IM2506,2025-06-20,contract_code_cffex_rule
2025-06-04,6007.6,6067.0,5992.0,6054.0,100779,161713,0.0,IM2506,2025-06-20,contract_code_cffex_rule
2025-06-05,6060.0,6119.0,6030.0,6101.6,118336,166975,0.0,IM2506,2025-06-20,contract_code_cffex_rule
2025-06-06,6095.0,6114.6,6077.2,6100.2,88977,154557,0.0,IM2506,2025-06-20,contract_code_cffex_rule
2025-06-09,6120.0,6191.2,6108.0,6167.8,105988,156512,0.0,IM2506,2025-06-20,contract_code_cffex_rule
2025-06-10,6170.0,6174.0,6062.0,6113.8,132573,158926,0.0,IM2506,2025-06-20,contract_code_cffex_rule
2025-06-11,6124.6,6196.6,6122.4,6144.0,112327,144803,0.0,IM2506,2025-06-20,contract_code_cffex_rule
2025-06-12,6122.6,6174.6,6103.2,6156.8,99982,142864,0.0,IM2506,2025-06-20,contract_code_cffex_rule
2025-06-13,6127.0,6149.8,6060.0,6084.2,119917,141736,0.0,IM2506,2025-06-20,contract_code_cffex_rule
2025-06-16,6063.8,6142.0,6063.8,6127.4,96721,124057,0.0,IM2506,2025-06-20,contract_code_cffex_rule
2025-06-17,6135.0,6150.0,6100.0,6130.0,97198,112030,0.0,IM2506,2025-06-20,contract_code_cffex_rule
2025-06-18,6125.0,6139.8,6078.8,6124.2,87763,88005,0.0,IM2506,2025-06-20,contract_code_cffex_rule
2025-06-19,6105.0,6131.8,6030.8,6050.4,81581,56583,0.0,IM2506,2025-06-20,contract_code_cffex_rule
2025-06-20,6056.6,6093.0,6008.8,6015.0,45294,26730,0.0,IM2506,2025-06-20,contract_code_cffex_rule
2025-05-19,5845.8,5893.0,5787.2,5892.0,4126,4026,0.0,IM2507,2025-07-18,contract_code_cffex_rule
2025-05-20,5894.0,5939.0,5853.2,5926.0,4184,4102,0.0,IM2507,2025-07-18,contract_code_cffex_rule
2025-05-21,5919.0,5924.6,5883.8,5909.4,3432,5352,0.0,IM2507,2025-07-18,contract_code_cffex_rule
2025-05-22,5899.6,5945.6,5840.0,5859.4,4685,6653,0.0,IM2507,2025-07-18,contract_code_cffex_rule
2025-05-23,5860.0,5905.6,5780.0,5780.0,7237,9168,0.0,IM2507,2025-07-18,contract_code_cffex_rule
2025-05-26,5780.0,5845.8,5779.4,5833.4,6181,9249,0.0,IM2507,2025-07-18,contract_code_cffex_rule
2025-05-27,5816.2,5842.6,5769.4,5823.4,6230,10859,0.0,IM2507,2025-07-18,contract_code_cffex_rule
2025-05-28,5829.8,5851.4,5783.0,5809.2,5599,11259,0.0,IM2507,2025-07-18,contract_code_cffex_rule
2025-05-29,5815.4,5941.8,5815.4,5941.8,7856,13902,0.0,IM2507,2025-07-18,contract_code_cffex_rule
2025-05-30,5930.6,5930.6,5843.0,5877.2,6366,13933,0.0,IM2507,2025-07-18,contract_code_cffex_rule
2025-06-03,5860.0,5937.6,5848.8,5909.8,5932,14756,0.0,IM2507,2025-07-18,contract_code_cffex_rule
2025-06-04,5915.0,5975.2,5901.2,5962.8,6346,15374,0.0,IM2507,2025-07-18,contract_code_cffex_rule
2025-06-05,5979.0,6026.0,5938.8,6008.8,7976,17522,0.0,IM2507,2025-07-18,contract_code_cffex_rule
2025-06-06,6009.6,6021.0,5985.8,6006.2,7173,17977,0.0,IM2507,2025-07-18,contract_code_cffex_rule
2025-06-09,6037.0,6099.2,6015.0,6076.6,8567,20088,0.0,IM2507,2025-07-18,contract_code_cffex_rule
2025-06-10,6078.0,6082.6,5974.2,6020.0,12185,23954,0.0,IM2507,2025-07-18,contract_code_cffex_rule
2025-06-11,6029.8,6102.4,6029.8,6051.2,14054,27098,0.0,IM2507,2025-07-18,contract_code_cffex_rule
2025-06-12,6044.6,6077.0,6008.2,6059.8,10805,28509,0.0,IM2507,2025-07-18,contract_code_cffex_rule
2025-06-13,6050.0,6053.8,5964.4,5989.0,15538,33689,0.0,IM2507,2025-07-18,contract_code_cffex_rule
2025-06-16,5978.0,6047.2,5973.0,6037.2,19903,40460,0.0,IM2507,2025-07-18,contract_code_cffex_rule
2025-06-17,6053.8,6057.6,6010.6,6038.6,23491,48964,0.0,IM2507,2025-07-18,contract_code_cffex_rule
2025-06-18,6035.4,6048.4,5991.4,6035.8,29563,57912,0.0,IM2507,2025-07-18,contract_code_cffex_rule
2025-06-19,6018.0,6044.6,5946.0,5971.2,49175,79848,0.0,IM2507,2025-07-18,contract_code_cffex_rule
2025-06-20,5969.0,5988.8,5934.0,5934.8,63458,96496,0.0,IM2507,2025-07-18,contract_code_cffex_rule
2025-06-23,5916.8,6014.6,5912.4,6001.4,61615,98395,0.0,IM2507,2025-07-18,contract_code_cffex_rule
2025-06-24,6021.0,6142.2,6020.0,6134.2,66035,97333,0.0,IM2507,2025-07-18,contract_code_cffex_rule
2025-06-25,6140.0,6252.8,6135.8,6239.0,74258,98805,0.0,IM2507,2025-07-18,contract_code_cffex_rule
2025-06-26,6227.2,6264.8,6208.0,6211.8,57286,93042,0.0,IM2507,2025-07-18,contract_code_cffex_rule
2025-06-27,6235.0,6287.8,6215.0,6230.2,55188,92379,0.0,IM2507,2025-07-18,contract_code_cffex_rule
2025-06-30,6267.0,6306.6,6243.0,6283.0,53137,82875,0.0,IM2507,2025-07-18,contract_code_cffex_rule
2025-07-01,6275.0,6297.6,6229.0,6286.8,52561,84569,0.0,IM2507,2025-07-18,contract_code_cffex_rule
2025-07-02,6280.8,6284.2,6232.0,6262.2,49400,81272,0.0,IM2507,2025-07-18,contract_code_cffex_rule
2025-07-03,6269.4,6301.0,6241.0,6279.4,46275,80950,0.0,IM2507,2025-07-18,contract_code_cffex_rule
2025-07-04,6279.6,6332.0,6229.0,6262.0,67153,88979,0.0,IM2507,2025-07-18,contract_code_cffex_rule
2025-07-07,6264.0,6284.6,6251.0,6267.2,37320,78067,0.0,IM2507,2025-07-18,contract_code_cffex_rule
2025-07-08,6265.0,6382.0,6258.2,6379.8,55535,83857,0.0,IM2507,2025-07-18,contract_code_cffex_rule
2025-07-09,6369.8,6400.0,6351.2,6358.8,43717,74640,0.0,IM2507,2025-07-18,contract_code_cffex_rule
2025-07-10,6356.6,6409.4,6342.0,6375.2,44550,75550,0.0,IM2507,2025-07-18,contract_code_cffex_rule
2025-07-11,6383.0,6485.0,6357.0,6452.8,69324,73225,0.0,IM2507,2025-07-18,contract_code_cffex_rule
2025-07-14,6459.0,6463.6,6427.2,6442.2,37369,58996,0.0,IM2507,2025-07-18,contract_code_cffex_rule
2025-07-15,6437.8,6470.8,6367.0,6422.0,49078,54685,0.0,IM2507,2025-07-18,contract_code_cffex_rule
2025-07-16,6431.6,6491.6,6414.2,6444.4,41830,40641,0.0,IM2507,2025-07-18,contract_code_cffex_rule
2025-07-17,6441.0,6537.0,6433.6,6537.0,35841,28897,0.0,IM2507,2025-07-18,contract_code_cffex_rule
2025-07-18,6549.6,6568.8,6523.0,6534.6,21453,12256,0.0,IM2507,2025-07-18,contract_code_cffex_rule
2025-06-23,5846.0,5941.2,5816.6,5929.6,3300,3252,0.0,IM2508,2025-08-15,contract_code_cffex_rule
2025-06-24,5939.8,6077.0,5939.8,6065.6,3891,4015,0.0,IM2508,2025-08-15,contract_code_cffex_rule
2025-06-25,6068.6,6193.8,6068.2,6179.0,6158,6869,0.0,IM2508,2025-08-15,contract_code_cffex_rule
2025-06-26,6165.4,6209.4,6152.8,6156.6,5121,6259,0.0,IM2508,2025-08-15,contract_code_cffex_rule
2025-06-27,6177.4,6234.0,6163.4,6174.0,4157,6821,0.0,IM2508,2025-08-15,contract_code_cffex_rule
2025-06-30,6185.4,6242.0,6183.0,6220.6,4220,7270,0.0,IM2508,2025-08-15,contract_code_cffex_rule
2025-07-01,6220.0,6221.6,6153.6,6210.4,5612,8638,0.0,IM2508,2025-08-15,contract_code_cffex_rule
2025-07-02,6200.0,6219.0,6157.0,6188.8,5395,8940,0.0,IM2508,2025-08-15,contract_code_cffex_rule
2025-07-03,6186.0,6231.2,6169.4,6207.6,4087,9442,0.0,IM2508,2025-08-15,contract_code_cffex_rule
2025-07-04,6205.0,6259.2,6157.8,6186.4,5911,10282,0.0,IM2508,2025-08-15,contract_code_cffex_rule
2025-07-07,6173.2,6207.4,6173.2,6188.0,4021,10108,0.0,IM2508,2025-08-15,contract_code_cffex_rule
2025-07-08,6190.4,6309.6,6180.8,6309.6,7551,12944,0.0,IM2508,2025-08-15,contract_code_cffex_rule
2025-07-09,6308.0,6323.6,6280.6,6289.0,5580,12504,0.0,IM2508,2025-08-15,contract_code_cffex_rule
2025-07-10,6289.0,6338.6,6271.6,6304.0,6225,14372,0.0,IM2508,2025-08-15,contract_code_cffex_rule
2025-07-11,6310.4,6423.0,6286.0,6388.8,16891,21806,0.0,IM2508,2025-08-15,contract_code_cffex_rule
2025-07-14,6392.6,6399.8,6362.0,6373.4,10738,24530,0.0,IM2508,2025-08-15,contract_code_cffex_rule
2025-07-15,6375.0,6403.6,6300.2,6352.8,18041,31298,0.0,IM2508,2025-08-15,contract_code_cffex_rule
2025-07-16,6373.8,6423.2,6345.0,6372.8,21090,37964,0.0,IM2508,2025-08-15,contract_code_cffex_rule
2025-07-17,6375.8,6467.4,6364.0,6466.0,28317,48682,0.0,IM2508,2025-08-15,contract_code_cffex_rule
2025-07-18,6473.2,6514.2,6446.4,6490.0,36736,60327,0.0,IM2508,2025-08-15,contract_code_cffex_rule
2025-07-21,6502.0,6568.0,6500.6,6535.6,38762,62361,0.0,IM2508,2025-08-15,contract_code_cffex_rule
2025-07-22,6530.0,6590.0,6527.2,6590.0,39378,62728,0.0,IM2508,2025-08-15,contract_code_cffex_rule
2025-07-23,6595.2,6629.0,6548.2,6568.4,42382,64984,0.0,IM2508,2025-08-15,contract_code_cffex_rule
2025-07-24,6583.0,6685.6,6560.2,6675.8,43342,64427,0.0,IM2508,2025-08-15,contract_code_cffex_rule
2025-07-25,6677.0,6678.8,6630.8,6668.2,32877,60791,0.0,IM2508,2025-08-15,contract_code_cffex_rule
2025-07-28,6669.6,6707.8,6627.2,6674.6,39355,63669,0.0,IM2508,2025-08-15,contract_code_cffex_rule
2025-07-29,6668.4,6735.0,6622.6,6731.0,38521,59508,0.0,IM2508,2025-08-15,contract_code_cffex_rule
2025-07-30,6707.2,6727.6,6624.0,6675.6,46466,64269,0.0,IM2508,2025-08-15,contract_code_cffex_rule
2025-07-31,6669.8,6706.2,6574.4,6612.2,52087,61927,0.0,IM2508,2025-08-15,contract_code_cffex_rule
2025-08-01,6625.0,6666.6,6584.2,6616.8,42039,59949,0.0,IM2508,2025-08-15,contract_code_cffex_rule
2025-08-04,6606.0,6715.0,6587.2,6711.8,36378,57024,0.0,IM2508,2025-08-15,contract_code_cffex_rule
2025-08-05,6729.8,6754.6,6703.8,6754.4,30211,54368,0.0,IM2508,2025-08-15,contract_code_cffex_rule
2025-08-06,6745.0,6852.4,6738.6,6834.4,34598,55417,0.0,IM2508,2025-08-15,contract_code_cffex_rule
2025-08-07,6840.0,6865.8,6786.0,6828.0,37349,55712,0.0,IM2508,2025-08-15,contract_code_cffex_rule
2025-08-08,6818.2,6836.6,6783.4,6810.2,29800,51697,0.0,IM2508,2025-08-15,contract_code_cffex_rule
2025-08-11,6828.4,6958.8,6828.4,6925.6,43016,51569,0.0,IM2508,2025-08-15,contract_code_cffex_rule
2025-08-12,6926.0,6961.8,6892.8,6954.2,33955,39694,0.0,IM2508,2025-08-15,contract_code_cffex_rule
2025-08-13,6962.2,7081.0,6962.2,7064.2,37678,38206,0.0,IM2508,2025-08-15,contract_code_cffex_rule
2025-08-14,7072.0,7084.8,6962.8,6989.0,36237,25264,0.0,IM2508,2025-08-15,contract_code_cffex_rule
2025-08-15,6978.0,7113.4,6977.8,7104.4,21170,15803,0.0,IM2508,2025-08-15,contract_code_cffex_rule
2025-01-20,5587.0,5646.8,5559.4,5579.8,6925,6705,0.0,IM2509,2025-09-19,contract_code_cffex_rule
2025-01-21,5640.4,5640.4,5535.0,5610.8,6165,7642,0.0,IM2509,2025-09-19,contract_code_cffex_rule
2025-01-22,5600.8,5600.8,5518.8,5577.8,4690,8815,0.0,IM2509,2025-09-19,contract_code_cffex_rule
2025-01-23,5641.2,5731.0,5540.8,5540.8,8613,11991,0.0,IM2509,2025-09-19,contract_code_cffex_rule
2025-01-24,5535.0,5688.0,5535.0,5681.0,8112,12661,0.0,IM2509,2025-09-19,contract_code_cffex_rule
2025-01-27,5695.4,5717.0,5555.0,5563.2,6916,13345,0.0,IM2509,2025-09-19,contract_code_cffex_rule
2025-02-05,5658.0,5667.0,5561.8,5597.0,7514,14688,0.0,IM2509,2025-09-19,contract_code_cffex_rule
2025-02-06,5592.2,5767.6,5561.8,5748.0,8915,16498,0.0,IM2509,2025-09-19,contract_code_cffex_rule
2025-02-07,5757.8,5932.6,5740.0,5853.0,11775,19530,0.0,IM2509,2025-09-19,contract_code_cffex_rule
2025-02-10,5867.0,5923.8,5840.2,5900.0,7908,19335,0.0,IM2509,2025-09-19,contract_code_cffex_rule
2025-02-11,5896.8,5907.0,5832.4,5888.8,6687,20330,0.0,IM2509,2025-09-19,contract_code_cffex_rule
2025-02-12,5879.4,5976.6,5872.0,5970.0,7769,21069,0.0,IM2509,2025-09-19,contract_code_cffex_rule
2025-02-13,5970.0,5971.6,5906.2,5918.2,8906,22682,0.0,IM2509,2025-09-19,contract_code_cffex_rule
2025-02-14,5914.2,5958.4,5884.0,5944.6,8368,23211,0.0,IM2509,2025-09-19,contract_code_cffex_rule
2025-02-17,5969.8,5996.4,5904.0,5949.0,9414,24935,0.0,IM2509,2025-09-19,contract_code_cffex_rule
2025-02-18,5936.0,5964.4,5802.2,5843.4,10434,26070,0.0,IM2509,2025-09-19,contract_code_cffex_rule
2025-02-19,5842.8,5975.0,5831.4,5967.8,11967,27707,0.0,IM2509,2025-09-19,contract_code_cffex_rule
2025-02-20,5970.2,6020.6,5940.2,5983.0,11495,29325,0.0,IM2509,2025-09-19,contract_code_cffex_rule
2025-02-21,5996.8,6141.0,5969.6,6120.0,17857,34844,0.0,IM2509,2025-09-19,contract_code_cffex_rule
2025-02-24,6120.2,6131.2,6048.0,6080.8,15452,33738,0.0,IM2509,2025-09-19,contract_code_cffex_rule
2025-02-25,6015.0,6112.4,6004.0,6054.0,15404,35952,0.0,IM2509,2025-09-19,contract_code_cffex_rule
2025-02-26,6065.0,6148.6,6010.8,6093.6,17305,38483,0.0,IM2509,2025-09-19,contract_code_cffex_rule
2025-02-27,6100.0,6124.0,6017.0,6093.0,18648,41088,0.0,IM2509,2025-09-19,contract_code_cffex_rule
2025-02-28,6073.2,6073.2,5897.2,5917.0,18248,42118,0.0,IM2509,2025-09-19,contract_code_cffex_rule
2025-03-03,5935.2,6009.8,5885.2,5906.0,14612,41136,0.0,IM2509,2025-09-19,contract_code_cffex_rule
2025-03-04,5880.0,5984.4,5865.0,5958.6,13289,42186,0.0,IM2509,2025-09-19,contract_code_cffex_rule
2025-03-05,5966.0,6001.8,5902.2,5976.6,13999,43215,0.0,IM2509,2025-09-19,contract_code_cffex_rule
2025-03-06,6011.0,6160.0,6011.0,6130.0,18042,45915,0.0,IM2509,2025-09-19,contract_code_cffex_rule
2025-03-07,6112.0,6149.4,6056.2,6091.8,16432,46120,0.0,IM2509,2025-09-19,contract_code_cffex_rule
2025-03-10,6105.0,6110.6,6001.2,6055.0,15267,46763,0.0,IM2509,2025-09-19,contract_code_cffex_rule
2025-03-11,6001.0,6105.0,5990.0,6102.4,15003,47729,0.0,IM2509,2025-09-19,contract_code_cffex_rule
2025-03-12,6130.0,6183.8,6090.0,6116.0,14942,47708,0.0,IM2509,2025-09-19,contract_code_cffex_rule
2025-03-13,6101.8,6118.8,5999.8,6050.4,18162,50179,0.0,IM2509,2025-09-19,contract_code_cffex_rule
2025-03-14,6050.4,6210.0,6014.8,6210.0,20491,49955,0.0,IM2509,2025-09-19,contract_code_cffex_rule
2025-03-17,6215.0,6218.0,6165.2,6166.4,13900,50215,0.0,IM2509,2025-09-19,contract_code_cffex_rule
2025-03-18,6200.0,6259.8,6176.8,6195.8,15775,51776,0.0,IM2509,2025-09-19,contract_code_cffex_rule
2025-03-19,6190.0,6193.6,6134.0,6165.0,16277,53668,0.0,IM2509,2025-09-19,contract_code_cffex_rule
2025-03-20,6151.8,6179.2,6109.0,6138.0,16149,55659,0.0,IM2509,2025-09-19,contract_code_cffex_rule
2025-03-21,6126.2,6138.8,5971.8,6010.8,25530,62065,0.0,IM2509,2025-09-19,contract_code_cffex_rule
2025-03-24,6018.0,6021.0,5903.0,5978.0,22007,60723,0.0,IM2509,2025-09-19,contract_code_cffex_rule
2025-03-25,5966.0,6000.0,5910.2,5953.0,18291,61458,0.0,IM2509,2025-09-19,contract_code_cffex_rule
2025-03-26,5945.2,6020.8,5945.2,5967.6,16394,59697,0.0,IM2509,2025-09-19,contract_code_cffex_rule
2025-03-27,5960.2,6037.6,5885.8,5977.2,17847,62530,0.0,IM2509,2025-09-19,contract_code_cffex_rule
2025-03-28,5995.0,6006.6,5902.0,5915.0,16884,61342,0.0,IM2509,2025-09-19,contract_code_cffex_rule
2025-03-31,5895.0,5925.0,5815.4,5878.2,23481,66883,0.0,IM2509,2025-09-19,contract_code_cffex_rule
2025-04-01,5898.0,5944.0,5886.0,5891.0,14822,63392,0.0,IM2509,2025-09-19,contract_code_cffex_rule
2025-04-02,5890.0,5969.0,5888.2,5928.6,12486,63983,0.0,IM2509,2025-09-19,contract_code_cffex_rule
2025-04-03,5888.0,5958.4,5831.8,5862.6,20769,67796,0.0,IM2509,2025-09-19,contract_code_cffex_rule
2025-04-07,5700.0,5700.0,5277.6,5277.6,38142,70909,0.0,IM2509,2025-09-19,contract_code_cffex_rule
2025-04-08,5295.0,5337.0,5044.4,5157.4,49628,77086,0.0,IM2509,2025-09-19,contract_code_cffex_rule
2025-04-09,5067.0,5328.0,4900.0,5274.4,49440,77135,0.0,IM2509,2025-09-19,contract_code_cffex_rule
2025-04-10,5395.0,5542.8,5395.0,5419.0,35576,72984,0.0,IM2509,2025-09-19,contract_code_cffex_rule
2025-04-11,5391.0,5578.2,5389.0,5511.0,29006,73273,0.0,IM2509,2025-09-19,contract_code_cffex_rule
2025-04-14,5575.0,5601.8,5522.8,5522.8,23757,73695,0.0,IM2509,2025-09-19,contract_code_cffex_rule
2025-04-15,5530.0,5550.2,5465.0,5508.8,21222,73212,0.0,IM2509,2025-09-19,contract_code_cffex_rule
2025-04-16,5480.8,5498.2,5388.2,5434.4,28321,78229,0.0,IM2509,2025-09-19,contract_code_cffex_rule
2025-04-17,5409.2,5545.8,5409.2,5488.0,26102,74750,0.0,IM2509,2025-09-19,contract_code_cffex_rule
2025-04-18,5480.0,5533.0,5430.0,5477.0,24106,76674,0.0,IM2509,2025-09-19,contract_code_cffex_rule
2025-04-21,5472.0,5612.8,5440.8,5601.2,25031,75346,0.0,IM2509,2025-09-19,contract_code_cffex_rule
2025-04-22,5599.0,5632.8,5565.0,5599.6,22046,73398,0.0,IM2509,2025-09-19,contract_code_cffex_rule
2025-04-23,5640.0,5705.0,5626.0,5652.2,22679,72127,0.0,IM2509,2025-09-19,contract_code_cffex_rule
2025-04-24,5660.2,5660.2,5568.4,5604.0,22261,72504,0.0,IM2509,2025-09-19,contract_code_cffex_rule
2025-04-25,5615.0,5676.0,5582.6,5624.8,24444,71809,0.0,IM2509,2025-09-19,contract_code_cffex_rule
2025-04-28,5610.4,5630.0,5542.8,5571.4,19161,71488,0.0,IM2509,2025-09-19,contract_code_cffex_rule
2025-04-29,5560.2,5627.8,5543.6,5610.0,18463,69978,0.0,IM2509,2025-09-19,contract_code_cffex_rule
2025-04-30,5610.6,5663.6,5610.6,5627.6,20491,69465,0.0,IM2509,2025-09-19,contract_code_cffex_rule
2025-05-06,5678.0,5775.4,5678.0,5774.0,21597,69401,0.0,IM2509,2025-09-19,contract_code_cffex_rule
2025-05-07,5865.0,5911.0,5744.0,5774.0,28412,73780,0.0,IM2509,2025-09-19,contract_code_cffex_rule
2025-05-08,5765.2,5858.0,5765.0,5830.0,23819,71644,0.0,IM2509,2025-09-19,contract_code_cffex_rule
2025-05-09,5820.0,5825.0,5729.6,5759.6,23802,73420,0.0,IM2509,2025-09-19,contract_code_cffex_rule
2025-05-12,5825.0,5845.2,5789.6,5843.4,29274,75460,0.0,IM2509,2025-09-19,contract_code_cffex_rule
2025-05-13,5883.0,5888.0,5790.0,5802.2,28187,75785,0.0,IM2509,2025-09-19,contract_code_cffex_rule
2025-05-14,5815.2,5905.4,5779.2,5847.0,39828,82294,0.0,IM2509,2025-09-19,contract_code_cffex_rule
2025-05-15,5833.0,5835.0,5725.0,5750.8,32707,78852,0.0,IM2509,2025-09-19,contract_code_cffex_rule
2025-05-16,5749.8,5786.0,5730.0,5730.0,30839,81845,0.0,IM2509,2025-09-19,contract_code_cffex_rule
2025-05-19,5731.0,5754.0,5655.0,5749.0,34550,84527,0.0,IM2509,2025-09-19,contract_code_cffex_rule
2025-05-20,5755.0,5789.0,5708.4,5776.4,31382,81198,0.0,IM2509,2025-09-19,contract_code_cffex_rule
2025-05-21,5764.8,5770.0,5733.0,5758.0,25475,81560,0.0,IM2509,2025-09-19,contract_code_cffex_rule
2025-05-22,5740.0,5786.8,5687.0,5708.2,35004,86126,0.0,IM2509,2025-09-19,contract_code_cffex_rule
2025-05-23,5711.6,5751.0,5633.6,5633.8,42159,87590,0.0,IM2509,2025-09-19,contract_code_cffex_rule
2025-05-26,5651.8,5689.8,5620.2,5669.8,32559,84096,0.0,IM2509,2025-09-19,contract_code_cffex_rule
2025-05-27,5658.0,5685.4,5606.0,5666.8,34062,85500,0.0,IM2509,2025-09-19,contract_code_cffex_rule
2025-05-28,5675.0,5692.0,5628.2,5655.0,27785,84794,0.0,IM2509,2025-09-19,contract_code_cffex_rule
2025-05-29,5665.8,5791.0,5658.0,5785.2,50589,93417,0.0,IM2509,2025-09-19,contract_code_cffex_rule
2025-05-30,5750.0,5759.6,5688.4,5719.8,36342,87400,0.0,IM2509,2025-09-19,contract_code_cffex_rule
2025-06-03,5708.2,5776.8,5694.0,5745.0,32898,88249,0.0,IM2509,2025-09-19,contract_code_cffex_rule
2025-06-04,5749.8,5810.8,5739.8,5796.6,32368,89186,0.0,IM2509,2025-09-19,contract_code_cffex_rule
2025-06-05,5804.8,5857.6,5771.4,5841.0,39538,93401,0.0,IM2509,2025-09-19,contract_code_cffex_rule
2025-06-06,5841.4,5850.8,5820.2,5840.8,29244,91463,0.0,IM2509,2025-09-19,contract_code_cffex_rule
2025-06-09,5851.0,5938.6,5846.8,5912.6,42021,95198,0.0,IM2509,2025-09-19,contract_code_cffex_rule
2025-06-10,5919.8,5920.0,5810.0,5855.6,50857,100188,0.0,IM2509,2025-09-19,contract_code_cffex_rule
2025-06-11,5864.6,5945.0,5864.6,5887.4,43406,97936,0.0,IM2509,2025-09-19,contract_code_cffex_rule
2025-06-12,5871.0,5909.8,5842.0,5896.6,35774,98695,0.0,IM2509,2025-09-19,contract_code_cffex_rule
2025-06-13,5870.6,5889.0,5802.8,5826.2,47388,103234,0.0,IM2509,2025-09-19,contract_code_cffex_rule
2025-06-16,5815.0,5884.0,5807.4,5875.8,43340,102382,0.0,IM2509,2025-09-19,contract_code_cffex_rule
2025-06-17,5884.2,5893.4,5850.0,5877.6,47150,109766,0.0,IM2509,2025-09-19,contract_code_cffex_rule
2025-06-18,5865.4,5888.0,5831.6,5870.0,57407,116613,0.0,IM2509,2025-09-19,contract_code_cffex_rule
2025-06-19,5854.6,5878.2,5783.6,5806.0,80368,136839,0.0,IM2509,2025-09-19,contract_code_cffex_rule
2025-06-20,5812.0,5826.0,5780.4,5787.8,84705,146127,0.0,IM2509,2025-09-19,contract_code_cffex_rule
2025-06-23,5770.0,5866.8,5765.0,5851.2,99867,153037,0.0,IM2509,2025-09-19,contract_code_cffex_rule
2025-06-24,5869.0,6003.4,5866.8,5995.0,120129,156132,0.0,IM2509,2025-09-19,contract_code_cffex_rule
2025-06-25,5995.0,6133.0,5994.8,6119.6,139775,170051,0.0,IM2509,2025-09-19,contract_code_cffex_rule
2025-06-26,6105.0,6147.8,6090.6,6097.8,106191,161694,0.0,IM2509,2025-09-19,contract_code_cffex_rule
2025-06-27,6120.0,6174.4,6100.6,6110.8,113010,167757,0.0,IM2509,2025-09-19,contract_code_cffex_rule
2025-06-30,6140.4,6173.6,6119.0,6148.6,94541,158728,0.0,IM2509,2025-09-19,contract_code_cffex_rule
2025-07-01,6143.0,6150.0,6076.2,6133.4,103226,164955,0.0,IM2509,2025-09-19,contract_code_cffex_rule
2025-07-02,6130.0,6131.8,6080.0,6117.0,93428,159237,0.0,IM2509,2025-09-19,contract_code_cffex_rule
2025-07-03,6127.2,6161.0,6098.4,6135.8,95917,161580,0.0,IM2509,2025-09-19,contract_code_cffex_rule
2025-07-04,6130.0,6184.2,6084.2,6112.2,151899,177599,0.0,IM2509,2025-09-19,contract_code_cffex_rule
2025-07-07,6100.0,6130.0,6095.2,6111.6,80166,160866,0.0,IM2509,2025-09-19,contract_code_cffex_rule
2025-07-08,6114.2,6237.0,6102.0,6235.8,128815,176309,0.0,IM2509,2025-09-19,contract_code_cffex_rule
2025-07-09,6240.0,6249.8,6208.2,6214.0,94223,161900,0.0,IM2509,2025-09-19,contract_code_cffex_rule
2025-07-10,6214.0,6265.0,6200.8,6231.6,98260,169266,0.0,IM2509,2025-09-19,contract_code_cffex_rule
2025-07-11,6240.2,6360.0,6211.4,6319.8,147131,181506,0.0,IM2509,2025-09-19,contract_code_cffex_rule
2025-07-14,6326.0,6329.8,6293.0,6302.2,71184,168013,0.0,IM2509,2025-09-19,contract_code_cffex_rule
2025-07-15,6298.0,6335.4,6229.0,6277.4,120268,181672,0.0,IM2509,2025-09-19,contract_code_cffex_rule
2025-07-16,6288.0,6355.0,6270.2,6298.0,113703,172288,0.0,IM2509,2025-09-19,contract_code_cffex_rule
2025-07-17,6295.0,6391.6,6288.2,6390.4,109376,177468,0.0,IM2509,2025-09-19,contract_code_cffex_rule
2025-07-18,6406.0,6437.0,6372.8,6413.6,104691,175267,0.0,IM2509,2025-09-19,contract_code_cffex_rule
2025-07-21,6440.0,6503.2,6430.2,6463.2,106976,178934,0.0,IM2509,2025-09-19,contract_code_cffex_rule
2025-07-22,6463.2,6518.0,6451.2,6515.4,118700,178632,0.0,IM2509,2025-09-19,contract_code_cffex_rule
2025-07-23,6521.2,6561.4,6474.2,6500.0,131364,182055,0.0,IM2509,2025-09-19,contract_code_cffex_rule
2025-07-24,6492.0,6626.2,6491.2,6618.6,124051,181457,0.0,IM2509,2025-09-19,contract_code_cffex_rule
2025-07-25,6619.0,6619.0,6567.0,6605.8,98231,172911,0.0,IM2509,2025-09-19,contract_code_cffex_rule
2025-07-28,6608.6,6645.0,6560.0,6602.0,116079,180433,0.0,IM2509,2025-09-19,contract_code_cffex_rule
2025-07-29,6583.0,6664.2,6546.6,6662.0,116403,174556,0.0,IM2509,2025-09-19,contract_code_cffex_rule
2025-07-30,6640.0,6658.0,6556.0,6604.2,144840,185002,0.0,IM2509,2025-09-19,contract_code_cffex_rule
2025-07-31,6589.0,6634.0,6497.2,6538.0,167548,183162,0.0,IM2509,2025-09-19,contract_code_cffex_rule
2025-08-01,6554.6,6594.6,6507.0,6542.8,133160,176823,0.0,IM2509,2025-09-19,contract_code_cffex_rule
2025-08-04,6528.0,6644.0,6512.2,6642.6,119420,177500,0.0,IM2509,2025-09-19,contract_code_cffex_rule
2025-08-05,6658.0,6685.0,6631.0,6682.0,95602,172540,0.0,IM2509,2025-09-19,contract_code_cffex_rule
2025-08-06,6674.0,6785.0,6668.0,6762.6,106338,178409,0.0,IM2509,2025-09-19,contract_code_cffex_rule
2025-08-07,6768.8,6794.6,6711.0,6750.0,119420,179795,0.0,IM2509,2025-09-19,contract_code_cffex_rule
2025-08-08,6740.0,6760.8,6705.4,6735.0,98835,173187,0.0,IM2509,2025-09-19,contract_code_cffex_rule
2025-08-11,6759.8,6888.0,6756.2,6851.2,124872,189312,0.0,IM2509,2025-09-19,contract_code_cffex_rule
2025-08-12,6852.2,6891.8,6824.2,6883.6,104433,182508,0.0,IM2509,2025-09-19,contract_code_cffex_rule
2025-08-13,6900.8,7016.0,6898.2,7001.8,138415,204738,0.0,IM2509,2025-09-19,contract_code_cffex_rule
2025-08-14,7015.0,7027.8,6893.0,6929.2,159795,203734,0.0,IM2509,2025-09-19,contract_code_cffex_rule
2025-08-15,6929.0,7086.8,6918.0,7086.2,163237,218372,0.0,IM2509,2025-09-19,contract_code_cffex_rule
2025-08-18,7124.0,7259.8,7093.4,7184.4,187694,220587,0.0,IM2509,2025-09-19,contract_code_cffex_rule
2025-08-19,7184.4,7235.0,7155.6,7177.4,152295,209342,0.0,IM2509,2025-09-19,contract_code_cffex_rule
2025-08-20,7147.4,7283.0,7087.4,7276.0,196109,217300,0.0,IM2509,2025-09-19,contract_code_cffex_rule
2025-08-21,7295.0,7312.0,7156.2,7202.2,190536,206583,0.0,IM2509,2025-09-19,contract_code_cffex_rule
2025-08-22,7210.0,7349.8,7210.0,7348.6,186931,207428,0.0,IM2509,2025-09-19,contract_code_cffex_rule
2025-08-25,7400.0,7495.4,7362.0,7412.2,202867,207228,0.0,IM2509,2025-09-19,contract_code_cffex_rule
2025-08-26,7391.4,7486.8,7381.4,7415.4,160158,195804,0.0,IM2509,2025-09-19,contract_code_cffex_rule
2025-08-27,7440.0,7511.6,7275.8,7287.2,213890,202540,0.0,IM2509,2025-09-19,contract_code_cffex_rule
2025-08-28,7310.0,7385.0,7160.2,7363.2,244649,206940,0.0,IM2509,2025-09-19,contract_code_cffex_rule
2025-08-29,7357.8,7419.8,7280.0,7366.6,214055,189297,0.0,IM2509,2025-09-19,contract_code_cffex_rule
2025-09-01,7400.0,7445.8,7329.4,7380.6,163079,180779,0.0,IM2509,2025-09-19,contract_code_cffex_rule
2025-09-02,7383.2,7393.8,7182.4,7251.4,218061,193312,0.0,IM2509,2025-09-19,contract_code_cffex_rule
2025-09-03,7283.2,7295.6,7110.4,7142.6,213250,190793,0.0,IM2509,2025-09-19,contract_code_cffex_rule
2025-09-04,7168.0,7205.0,6910.0,7003.0,239398,189144,0.0,IM2509,2025-09-19,contract_code_cffex_rule
2025-09-05,7021.4,7234.8,6997.6,7226.0,183966,171258,0.0,IM2509,2025-09-19,contract_code_cffex_rule
2025-09-08,7221.0,7278.6,7163.4,7236.0,153548,159428,0.0,IM2509,2025-09-19,contract_code_cffex_rule
2025-09-09,7215.0,7263.0,7117.2,7165.8,150382,155328,0.0,IM2509,2025-09-19,contract_code_cffex_rule
2025-09-10,7176.8,7268.8,7138.0,7151.0,161976,154502,0.0,IM2509,2025-09-19,contract_code_cffex_rule
2025-09-11,7144.0,7391.8,7090.0,7387.8,181199,147845,0.0,IM2509,2025-09-19,contract_code_cffex_rule
2025-09-12,7387.0,7448.0,7366.0,7392.8,134399,135337,0.0,IM2509,2025-09-19,contract_code_cffex_rule
2025-09-15,7420.0,7429.8,7365.0,7368.6,107983,116294,0.0,IM2509,2025-09-19,contract_code_cffex_rule
2025-09-16,7391.0,7474.2,7329.2,7462.0,130773,112626,0.0,IM2509,2025-09-19,contract_code_cffex_rule
2025-09-17,7453.0,7565.0,7431.0,7547.0,122397,89169,0.0,IM2509,2025-09-19,contract_code_cffex_rule
2025-09-18,7520.0,7660.0,7371.0,7454.8,118769,55453,0.0,IM2509,2025-09-19,contract_code_cffex_rule
2025-09-19,7461.4,7513.8,7425.0,7448.0,43869,25863,0.0,IM2509,2025-09-19,contract_code_cffex_rule
2025-08-18,7078.4,7214.2,7048.4,7138.0,5661,5054,0.0,IM2510,2025-10-17,contract_code_cffex_rule
2025-08-19,7144.4,7185.2,7114.8,7126.6,7421,6963,0.0,IM2510,2025-10-17,contract_code_cffex_rule
2025-08-20,7100.0,7235.6,7043.0,7228.2,8730,9456,0.0,IM2510,2025-10-17,contract_code_cffex_rule
2025-08-21,7257.0,7266.0,7111.0,7153.4,7783,10651,0.0,IM2510,2025-10-17,contract_code_cffex_rule
2025-08-22,7144.2,7304.4,7144.2,7301.8,6538,10563,0.0,IM2510,2025-10-17,contract_code_cffex_rule
2025-08-25,7361.2,7448.4,7317.4,7365.0,9039,13904,0.0,IM2510,2025-10-17,contract_code_cffex_rule
2025-08-26,7349.8,7432.8,7331.2,7362.6,6696,12810,0.0,IM2510,2025-10-17,contract_code_cffex_rule
2025-08-27,7367.0,7456.6,7218.4,7235.0,10142,14941,0.0,IM2510,2025-10-17,contract_code_cffex_rule
2025-08-28,7235.0,7330.0,7109.0,7305.8,13827,16946,0.0,IM2510,2025-10-17,contract_code_cffex_rule
2025-08-29,7314.8,7362.2,7230.0,7305.0,12332,18323,0.0,IM2510,2025-10-17,contract_code_cffex_rule
2025-09-01,7322.6,7387.2,7270.8,7314.2,8755,17882,0.0,IM2510,2025-10-17,contract_code_cffex_rule
2025-09-02,7319.0,7328.0,7125.4,7202.2,13101,20698,0.0,IM2510,2025-10-17,contract_code_cffex_rule
2025-09-03,7241.0,7241.0,7048.2,7075.4,12867,20662,0.0,IM2510,2025-10-17,contract_code_cffex_rule
2025-09-04,7095.2,7141.8,6851.2,6944.0,15491,22486,0.0,IM2510,2025-10-17,contract_code_cffex_rule
2025-09-05,6969.0,7179.0,6936.2,7174.8,16200,24545,0.0,IM2510,2025-10-17,contract_code_cffex_rule
2025-09-08,7171.2,7220.4,7105.8,7178.8,12587,25168,0.0,IM2510,2025-10-17,contract_code_cffex_rule
2025-09-09,7135.6,7203.4,7058.0,7100.6,12978,28208,0.0,IM2510,2025-10-17,contract_code_cffex_rule
2025-09-10,7100.8,7205.0,7080.0,7088.6,14887,30109,0.0,IM2510,2025-10-17,contract_code_cffex_rule
2025-09-11,7086.4,7329.0,7028.8,7326.0,20631,34852,0.0,IM2510,2025-10-17,contract_code_cffex_rule
2025-09-12,7336.0,7382.8,7300.2,7326.0,16556,36015,0.0,IM2510,2025-10-17,contract_code_cffex_rule
2025-09-15,7366.6,7366.6,7297.6,7301.0,14772,38394,0.0,IM2510,2025-10-17,contract_code_cffex_rule
2025-09-16,7311.4,7404.2,7261.0,7392.0,23211,46752,0.0,IM2510,2025-10-17,contract_code_cffex_rule
2025-09-17,7395.0,7495.6,7365.0,7480.2,36291,57923,0.0,IM2510,2025-10-17,contract_code_cffex_rule
2025-09-18,7470.6,7602.0,7291.0,7370.2,72033,80608,0.0,IM2510,2025-10-17,contract_code_cffex_rule
2025-09-19,7380.0,7433.8,7301.0,7343.8,70407,90460,0.0,IM2510,2025-10-17,contract_code_cffex_rule
2025-09-22,7382.0,7399.8,7315.0,7395.6,53016,85942,0.0,IM2510,2025-10-17,contract_code_cffex_rule
2025-09-23,7402.2,7408.6,7166.4,7305.6,83232,96646,0.0,IM2510,2025-10-17,contract_code_cffex_rule
2025-09-24,7285.6,7475.4,7264.6,7472.0,68987,84906,0.0,IM2510,2025-10-17,contract_code_cffex_rule
2025-09-25,7460.6,7507.0,7419.0,7444.6,50828,82886,0.0,IM2510,2025-10-17,contract_code_cffex_rule
2025-09-26,7419.6,7470.0,7342.0,7357.0,56703,83509,0.0,IM2510,2025-10-17,contract_code_cffex_rule
2025-09-29,7372.0,7516.4,7327.2,7484.2,66610,84039,0.0,IM2510,2025-10-17,contract_code_cffex_rule
2025-09-30,7494.0,7580.2,7494.0,7556.6,50247,75675,0.0,IM2510,2025-10-17,contract_code_cffex_rule
2025-10-09,7599.6,7659.8,7563.2,7607.4,48343,73893,0.0,IM2510,2025-10-17,contract_code_cffex_rule
2025-10-10,7579.6,7598.6,7498.2,7514.2,53416,70956,0.0,IM2510,2025-10-17,contract_code_cffex_rule
2025-10-13,7377.4,7503.6,7302.2,7476.8,65213,68201,0.0,IM2510,2025-10-17,contract_code_cffex_rule
2025-10-14,7506.0,7571.6,7295.2,7340.0,68904,59100,0.0,IM2510,2025-10-17,contract_code_cffex_rule
2025-10-15,7377.8,7477.8,7310.0,7455.8,55423,47911,0.0,IM2510,2025-10-17,contract_code_cffex_rule
2025-10-16,7440.4,7455.0,7368.0,7403.4,39286,33142,0.0,IM2510,2025-10-17,contract_code_cffex_rule
2025-10-17,7402.8,7430.0,7212.8,7230.2,29136,16454,0.0,IM2510,2025-10-17,contract_code_cffex_rule
2025-09-22,7311.8,7319.0,7231.2,7312.4,4738,4498,0.0,IM2511,2025-11-21,contract_code_cffex_rule
2025-09-23,7319.8,7324.0,7078.2,7208.6,7932,6233,0.0,IM2511,2025-11-21,contract_code_cffex_rule
2025-09-24,7185.0,7390.8,7170.0,7384.4,8349,8831,0.0,IM2511,2025-11-21,contract_code_cffex_rule
2025-09-25,7383.6,7424.8,7332.6,7360.0,5534,7829,0.0,IM2511,2025-11-21,contract_code_cffex_rule
2025-09-26,7335.4,7384.0,7254.2,7271.2,5684,8850,0.0,IM2511,2025-11-21,contract_code_cffex_rule
2025-09-29,7284.0,7445.6,7241.0,7403.8,8544,10741,0.0,IM2511,2025-11-21,contract_code_cffex_rule
2025-09-30,7434.8,7505.2,7415.2,7479.2,7902,13101,0.0,IM2511,2025-11-21,contract_code_cffex_rule
2025-10-09,7521.8,7582.8,7488.0,7526.8,9432,16019,0.0,IM2511,2025-11-21,contract_code_cffex_rule
2025-10-10,7508.0,7512.6,7409.0,7421.8,15411,22199,0.0,IM2511,2025-11-21,contract_code_cffex_rule
2025-10-13,7198.0,7412.2,7198.0,7395.0,20080,28943,0.0,IM2511,2025-11-21,contract_code_cffex_rule
2025-10-14,7436.6,7483.6,7185.4,7230.0,26362,38279,0.0,IM2511,2025-11-21,contract_code_cffex_rule
2025-10-15,7260.0,7386.0,7211.6,7362.6,28745,46218,0.0,IM2511,2025-11-21,contract_code_cffex_rule
2025-10-16,7334.0,7352.6,7250.0,7293.2,30514,54135,0.0,IM2511,2025-11-21,contract_code_cffex_rule
2025-10-17,7300.2,7326.6,7081.0,7100.0,55221,77603,0.0,IM2511,2025-11-21,contract_code_cffex_rule
2025-10-20,7189.0,7231.0,7109.0,7137.6,44989,71066,0.0,IM2511,2025-11-21,contract_code_cffex_rule
2025-10-21,7152.0,7301.8,7152.0,7261.0,44744,72051,0.0,IM2511,2025-11-21,contract_code_cffex_rule
2025-10-22,7232.6,7278.0,7196.0,7237.2,35068,68005,0.0,IM2511,2025-11-21,contract_code_cffex_rule
2025-10-23,7210.0,7257.0,7092.8,7248.8,48889,74544,0.0,IM2511,2025-11-21,contract_code_cffex_rule
2025-10-24,7285.0,7369.4,7270.4,7369.2,43112,70082,0.0,IM2511,2025-11-21,contract_code_cffex_rule
2025-10-27,7449.2,7465.2,7370.0,7399.4,45173,72266,0.0,IM2511,2025-11-21,contract_code_cffex_rule
2025-10-28,7385.0,7487.0,7378.0,7410.0,38819,68765,0.0,IM2511,2025-11-21,contract_code_cffex_rule
2025-10-29,7429.8,7520.8,7401.6,7519.6,34309,67592,0.0,IM2511,2025-11-21,contract_code_cffex_rule
2025-10-30,7500.6,7514.4,7402.2,7438.4,47601,71105,0.0,IM2511,2025-11-21,contract_code_cffex_rule
2025-10-31,7441.2,7548.0,7437.4,7439.6,49482,69370,0.0,IM2511,2025-11-21,contract_code_cffex_rule
2025-11-03,7451.8,7484.4,7346.2,7471.4,45578,70152,0.0,IM2511,2025-11-21,contract_code_cffex_rule
2025-11-04,7460.0,7460.8,7298.4,7365.2,43770,67792,0.0,IM2511,2025-11-21,contract_code_cffex_rule
2025-11-05,7291.0,7431.2,7284.4,7391.8,41750,67086,0.0,IM2511,2025-11-21,contract_code_cffex_rule
2025-11-06,7410.2,7498.0,7383.0,7487.8,34963,63769,0.0,IM2511,2025-11-21,contract_code_cffex_rule
2025-11-07,7461.0,7523.0,7424.4,7493.4,31406,64163,0.0,IM2511,2025-11-21,contract_code_cffex_rule
2025-11-10,7533.6,7555.4,7453.4,7508.8,33873,61772,0.0,IM2511,2025-11-21,contract_code_cffex_rule
2025-11-11,7528.2,7563.8,7462.4,7476.6,32931,60308,0.0,IM2511,2025-11-21,contract_code_cffex_rule
2025-11-12,7466.8,7501.6,7385.0,7458.2,44117,63123,0.0,IM2511,2025-11-21,contract_code_cffex_rule
2025-11-13,7462.2,7575.0,7428.2,7566.0,39070,55637,0.0,IM2511,2025-11-21,contract_code_cffex_rule
2025-11-14,7515.0,7559.8,7459.4,7468.4,34335,53957,0.0,IM2511,2025-11-21,contract_code_cffex_rule
2025-11-17,7488.0,7526.8,7453.0,7495.4,34485,48139,0.0,IM2511,2025-11-21,contract_code_cffex_rule
2025-11-18,7477.8,7498.4,7400.8,7445.6,36730,44807,0.0,IM2511,2025-11-21,contract_code_cffex_rule
2025-11-19,7443.0,7478.8,7344.0,7390.4,37059,34672,0.0,IM2511,2025-11-21,contract_code_cffex_rule
2025-11-20,7436.0,7449.2,7338.4,7347.6,31494,23903,0.0,IM2511,2025-11-21,contract_code_cffex_rule
2025-11-21,7259.0,7315.0,7086.8,7130.2,25191,12393,0.0,IM2511,2025-11-21,contract_code_cffex_rule
2025-04-21,5333.0,5478.0,5292.4,5470.6,7400,7159,0.0,IM2512,2025-12-19,contract_code_cffex_rule
2025-04-22,5475.2,5497.0,5429.8,5465.6,7388,8711,0.0,IM2512,2025-12-19,contract_code_cffex_rule
2025-04-23,5511.6,5569.6,5496.0,5525.0,7403,12591,0.0,IM2512,2025-12-19,contract_code_cffex_rule
2025-04-24,5527.8,5527.8,5440.8,5474.2,7381,13693,0.0,IM2512,2025-12-19,contract_code_cffex_rule
2025-04-25,5491.4,5549.2,5454.0,5500.0,7632,16107,0.0,IM2512,2025-12-19,contract_code_cffex_rule
2025-04-28,5495.0,5504.0,5420.8,5445.8,6463,16736,0.0,IM2512,2025-12-19,contract_code_cffex_rule
2025-04-29,5440.0,5499.2,5416.8,5478.2,6083,17620,0.0,IM2512,2025-12-19,contract_code_cffex_rule
2025-04-30,5490.0,5533.8,5485.0,5500.6,6528,18314,0.0,IM2512,2025-12-19,contract_code_cffex_rule
2025-05-06,5536.0,5641.8,5536.0,5640.0,7833,20886,0.0,IM2512,2025-12-19,contract_code_cffex_rule
2025-05-07,5720.2,5775.0,5610.6,5640.0,9616,23287,0.0,IM2512,2025-12-19,contract_code_cffex_rule
2025-05-08,5634.6,5721.6,5630.0,5692.2,9124,24515,0.0,IM2512,2025-12-19,contract_code_cffex_rule
2025-05-09,5684.0,5687.4,5593.4,5620.8,8328,26058,0.0,IM2512,2025-12-19,contract_code_cffex_rule
2025-05-12,5665.8,5703.6,5647.6,5702.2,8380,27117,0.0,IM2512,2025-12-19,contract_code_cffex_rule
2025-05-13,5750.0,5750.0,5649.2,5660.0,9188,29554,0.0,IM2512,2025-12-19,contract_code_cffex_rule
2025-05-14,5659.4,5757.4,5635.0,5702.0,12916,32030,0.0,IM2512,2025-12-19,contract_code_cffex_rule
2025-05-15,5697.4,5697.4,5578.6,5604.6,10403,32752,0.0,IM2512,2025-12-19,contract_code_cffex_rule
2025-05-16,5588.6,5640.2,5580.2,5580.2,11185,34874,0.0,IM2512,2025-12-19,contract_code_cffex_rule
2025-05-19,5580.6,5593.2,5502.0,5589.0,12298,36935,0.0,IM2512,2025-12-19,contract_code_cffex_rule
2025-05-20,5589.0,5621.0,5545.4,5607.6,13244,38797,0.0,IM2512,2025-12-19,contract_code_cffex_rule
2025-05-21,5600.0,5603.4,5565.0,5591.0,10480,38902,0.0,IM2512,2025-12-19,contract_code_cffex_rule
2025-05-22,5570.8,5620.4,5520.4,5541.6,14611,42558,0.0,IM2512,2025-12-19,contract_code_cffex_rule
2025-05-23,5530.0,5584.0,5467.4,5468.2,17278,45088,0.0,IM2512,2025-12-19,contract_code_cffex_rule
2025-05-26,5478.4,5520.2,5455.0,5495.0,12771,43846,0.0,IM2512,2025-12-19,contract_code_cffex_rule
2025-05-27,5481.4,5508.0,5431.0,5487.0,13993,46158,0.0,IM2512,2025-12-19,contract_code_cffex_rule
2025-05-28,5493.4,5516.4,5456.4,5481.2,11311,45731,0.0,IM2512,2025-12-19,contract_code_cffex_rule
2025-05-29,5485.0,5638.4,5485.0,5618.0,21657,49439,0.0,IM2512,2025-12-19,contract_code_cffex_rule
2025-05-30,5591.0,5593.4,5519.0,5551.2,14735,48400,0.0,IM2512,2025-12-19,contract_code_cffex_rule
2025-06-03,5525.4,5601.0,5522.4,5569.2,12930,48656,0.0,IM2512,2025-12-19,contract_code_cffex_rule
2025-06-04,5569.0,5633.0,5560.2,5616.0,12012,49216,0.0,IM2512,2025-12-19,contract_code_cffex_rule
2025-06-05,5626.8,5673.6,5593.2,5657.6,14534,51594,0.0,IM2512,2025-12-19,contract_code_cffex_rule
2025-06-06,5651.2,5668.8,5640.0,5661.0,9777,50606,0.0,IM2512,2025-12-19,contract_code_cffex_rule
2025-06-09,5675.0,5763.0,5668.4,5735.2,15657,52746,0.0,IM2512,2025-12-19,contract_code_cffex_rule
2025-06-10,5749.6,5749.6,5638.6,5680.4,17144,55059,0.0,IM2512,2025-12-19,contract_code_cffex_rule
2025-06-11,5686.8,5772.0,5686.8,5714.4,14896,54749,0.0,IM2512,2025-12-19,contract_code_cffex_rule
2025-06-12,5700.2,5733.2,5671.0,5719.4,12429,56525,0.0,IM2512,2025-12-19,contract_code_cffex_rule
2025-06-13,5690.0,5710.0,5625.0,5650.0,15181,58385,0.0,IM2512,2025-12-19,contract_code_cffex_rule
2025-06-16,5636.6,5703.6,5633.0,5697.0,12864,57342,0.0,IM2512,2025-12-19,contract_code_cffex_rule
2025-06-17,5705.0,5713.8,5669.0,5699.6,12119,58996,0.0,IM2512,2025-12-19,contract_code_cffex_rule
2025-06-18,5692.2,5708.8,5653.0,5690.0,13466,59458,0.0,IM2512,2025-12-19,contract_code_cffex_rule
2025-06-19,5687.0,5696.0,5608.0,5631.4,17290,63246,0.0,IM2512,2025-12-19,contract_code_cffex_rule
2025-06-20,5632.6,5649.8,5608.8,5619.4,18504,64979,0.0,IM2512,2025-12-19,contract_code_cffex_rule
2025-06-23,5575.0,5692.0,5575.0,5676.0,18379,65156,0.0,IM2512,2025-12-19,contract_code_cffex_rule
2025-06-24,5689.8,5829.2,5689.8,5819.0,23581,67440,0.0,IM2512,2025-12-19,contract_code_cffex_rule
2025-06-25,5829.0,5962.6,5819.0,5948.0,27195,69352,0.0,IM2512,2025-12-19,contract_code_cffex_rule
2025-06-26,5948.2,5975.6,5918.8,5933.4,22705,68044,0.0,IM2512,2025-12-19,contract_code_cffex_rule
2025-06-27,5962.4,6007.8,5938.8,5943.0,21753,69853,0.0,IM2512,2025-12-19,contract_code_cffex_rule
2025-06-30,5955.4,5998.0,5952.2,5973.2,20114,68772,0.0,IM2512,2025-12-19,contract_code_cffex_rule
2025-07-01,5975.0,5975.0,5900.0,5951.4,20459,69812,0.0,IM2512,2025-12-19,contract_code_cffex_rule
2025-07-02,5945.0,5949.4,5901.0,5937.2,17512,69753,0.0,IM2512,2025-12-19,contract_code_cffex_rule
2025-07-03,5945.0,5981.8,5921.2,5955.4,16681,69796,0.0,IM2512,2025-12-19,contract_code_cffex_rule
2025-07-04,5953.8,6006.0,5906.8,5932.2,25317,74344,0.0,IM2512,2025-12-19,contract_code_cffex_rule
2025-07-07,5928.0,5949.0,5911.6,5926.6,14807,71741,0.0,IM2512,2025-12-19,contract_code_cffex_rule
2025-07-08,5931.2,6050.0,5917.0,6047.8,25881,74279,0.0,IM2512,2025-12-19,contract_code_cffex_rule
2025-07-09,6050.0,6060.8,6020.6,6027.6,18868,72700,0.0,IM2512,2025-12-19,contract_code_cffex_rule
2025-07-10,6028.2,6078.6,6016.2,6046.4,19130,73869,0.0,IM2512,2025-12-19,contract_code_cffex_rule
2025-07-11,6059.0,6183.4,6027.6,6136.0,34107,78384,0.0,IM2512,2025-12-19,contract_code_cffex_rule
2025-07-14,6140.6,6149.0,6115.4,6120.8,13491,75062,0.0,IM2512,2025-12-19,contract_code_cffex_rule
2025-07-15,6119.8,6154.2,6051.0,6099.0,23203,77129,0.0,IM2512,2025-12-19,contract_code_cffex_rule
2025-07-16,6100.2,6174.4,6089.4,6114.2,21268,75121,0.0,IM2512,2025-12-19,contract_code_cffex_rule
2025-07-17,6114.2,6205.0,6106.8,6203.0,22436,76318,0.0,IM2512,2025-12-19,contract_code_cffex_rule
2025-07-18,6225.2,6253.0,6192.4,6227.4,22446,76869,0.0,IM2512,2025-12-19,contract_code_cffex_rule
2025-07-21,6245.0,6318.0,6242.8,6276.8,29337,78555,0.0,IM2512,2025-12-19,contract_code_cffex_rule
2025-07-22,6278.2,6331.0,6268.0,6331.0,26255,77150,0.0,IM2512,2025-12-19,contract_code_cffex_rule
2025-07-23,6340.0,6377.0,6292.4,6318.8,29691,78973,0.0,IM2512,2025-12-19,contract_code_cffex_rule
2025-07-24,6322.0,6444.8,6308.2,6435.4,29081,79069,0.0,IM2512,2025-12-19,contract_code_cffex_rule
2025-07-25,6430.4,6436.0,6387.0,6424.2,21466,78730,0.0,IM2512,2025-12-19,contract_code_cffex_rule
2025-07-28,6428.0,6462.0,6378.4,6419.4,24230,79041,0.0,IM2512,2025-12-19,contract_code_cffex_rule
2025-07-29,6412.2,6472.0,6363.8,6471.8,26296,78495,0.0,IM2512,2025-12-19,contract_code_cffex_rule
2025-07-30,6453.0,6473.0,6375.0,6415.2,31250,78570,0.0,IM2512,2025-12-19,contract_code_cffex_rule
2025-07-31,6381.0,6444.4,6312.6,6351.8,35653,81718,0.0,IM2512,2025-12-19,contract_code_cffex_rule
2025-08-01,6350.0,6406.8,6323.2,6359.0,28809,80699,0.0,IM2512,2025-12-19,contract_code_cffex_rule
2025-08-04,6336.4,6454.0,6328.8,6454.0,25747,81212,0.0,IM2512,2025-12-19,contract_code_cffex_rule
2025-08-05,6468.0,6493.8,6440.4,6490.8,21668,80633,0.0,IM2512,2025-12-19,contract_code_cffex_rule
2025-08-06,6490.0,6596.2,6481.2,6574.8,26924,83450,0.0,IM2512,2025-12-19,contract_code_cffex_rule
2025-08-07,6581.0,6606.0,6529.2,6558.2,29041,84189,0.0,IM2512,2025-12-19,contract_code_cffex_rule
2025-08-08,6551.0,6570.2,6518.8,6542.0,22769,83475,0.0,IM2512,2025-12-19,contract_code_cffex_rule
2025-08-11,6569.0,6699.0,6565.2,6663.8,34372,89935,0.0,IM2512,2025-12-19,contract_code_cffex_rule
2025-08-12,6661.2,6700.0,6637.0,6694.2,26677,88175,0.0,IM2512,2025-12-19,contract_code_cffex_rule
2025-08-13,6710.0,6832.4,6710.0,6822.0,39622,95761,0.0,IM2512,2025-12-19,contract_code_cffex_rule
2025-08-14,6826.2,6847.0,6717.6,6755.0,50855,100676,0.0,IM2512,2025-12-19,contract_code_cffex_rule
2025-08-15,6745.0,6922.6,6745.0,6922.6,53477,107686,0.0,IM2512,2025-12-19,contract_code_cffex_rule
2025-08-18,6950.0,7107.8,6933.8,7028.0,68223,115629,0.0,IM2512,2025-12-19,contract_code_cffex_rule
2025-08-19,7022.2,7071.6,7001.2,7015.6,50814,110577,0.0,IM2512,2025-12-19,contract_code_cffex_rule
2025-08-20,6986.0,7125.0,6923.6,7119.6,66838,119943,0.0,IM2512,2025-12-19,contract_code_cffex_rule
2025-08-21,7150.0,7161.6,7004.8,7046.4,65497,117811,0.0,IM2512,2025-12-19,contract_code_cffex_rule
2025-08-22,7060.8,7195.0,7054.4,7192.6,59918,117793,0.0,IM2512,2025-12-19,contract_code_cffex_rule
2025-08-25,7242.0,7343.6,7213.0,7262.0,69077,121766,0.0,IM2512,2025-12-19,contract_code_cffex_rule
2025-08-26,7244.2,7323.8,7228.2,7255.0,53457,117119,0.0,IM2512,2025-12-19,contract_code_cffex_rule
2025-08-27,7278.0,7343.0,7105.0,7120.6,79514,121790,0.0,IM2512,2025-12-19,contract_code_cffex_rule
2025-08-28,7119.6,7209.0,6985.0,7183.0,94127,124586,0.0,IM2512,2025-12-19,contract_code_cffex_rule
2025-08-29,7179.0,7231.0,7103.0,7177.0,79099,120057,0.0,IM2512,2025-12-19,contract_code_cffex_rule
2025-09-01,7220.0,7254.4,7140.6,7180.0,59390,115967,0.0,IM2512,2025-12-19,contract_code_cffex_rule
2025-09-02,7187.0,7194.0,6991.0,7057.0,79904,124061,0.0,IM2512,2025-12-19,contract_code_cffex_rule
2025-09-03,7089.4,7101.8,6909.0,6938.2,85486,124943,0.0,IM2512,2025-12-19,contract_code_cffex_rule
2025-09-04,6956.2,6999.0,6713.2,6806.6,98940,128804,0.0,IM2512,2025-12-19,contract_code_cffex_rule
2025-09-05,6828.2,7046.6,6800.8,7040.0,78231,126733,0.0,IM2512,2025-12-19,contract_code_cffex_rule
2025-09-08,7049.0,7083.4,6966.6,7042.4,64157,125535,0.0,IM2512,2025-12-19,contract_code_cffex_rule
2025-09-09,7020.0,7061.6,6915.0,6956.4,69661,131106,0.0,IM2512,2025-12-19,contract_code_cffex_rule
2025-09-10,6956.6,7059.8,6935.0,6938.2,74810,132535,0.0,IM2512,2025-12-19,contract_code_cffex_rule
2025-09-11,6940.0,7183.8,6880.0,7183.6,87901,136366,0.0,IM2512,2025-12-19,contract_code_cffex_rule
2025-09-12,7180.2,7240.0,7158.0,7173.6,68551,133517,0.0,IM2512,2025-12-19,contract_code_cffex_rule
2025-09-15,7184.6,7206.8,7141.4,7143.2,54784,133533,0.0,IM2512,2025-12-19,contract_code_cffex_rule
2025-09-16,7172.2,7256.2,7103.0,7242.4,85404,149063,0.0,IM2512,2025-12-19,contract_code_cffex_rule
2025-09-17,7248.0,7346.0,7212.2,7331.6,101376,158963,0.0,IM2512,2025-12-19,contract_code_cffex_rule
2025-09-18,7313.8,7458.8,7131.6,7213.4,197746,190972,0.0,IM2512,2025-12-19,contract_code_cffex_rule
2025-09-19,7224.0,7275.0,7135.0,7190.8,172454,193659,0.0,IM2512,2025-12-19,contract_code_cffex_rule
2025-09-22,7209.0,7238.0,7144.0,7230.2,134489,186980,0.0,IM2512,2025-12-19,contract_code_cffex_rule
2025-09-23,7236.8,7244.8,6995.6,7127.0,203839,206634,0.0,IM2512,2025-12-19,contract_code_cffex_rule
2025-09-24,7100.0,7313.8,7087.0,7303.2,185454,192420,0.0,IM2512,2025-12-19,contract_code_cffex_rule
2025-09-25,7290.0,7342.0,7251.8,7281.8,135475,183767,0.0,IM2512,2025-12-19,contract_code_cffex_rule
2025-09-26,7260.0,7306.0,7173.0,7189.2,155277,192544,0.0,IM2512,2025-12-19,contract_code_cffex_rule
2025-09-29,7205.0,7374.4,7158.8,7337.4,178532,191754,0.0,IM2512,2025-12-19,contract_code_cffex_rule
2025-09-30,7360.0,7434.4,7347.4,7406.2,135231,183522,0.0,IM2512,2025-12-19,contract_code_cffex_rule
2025-10-09,7444.0,7519.0,7413.0,7449.6,131436,182161,0.0,IM2512,2025-12-19,contract_code_cffex_rule
2025-10-10,7415.0,7434.0,7327.0,7340.4,140881,183267,0.0,IM2512,2025-12-19,contract_code_cffex_rule
2025-10-13,7156.0,7333.0,7141.2,7305.8,169889,190790,0.0,IM2512,2025-12-19,contract_code_cffex_rule
2025-10-14,7360.0,7404.0,7100.0,7145.8,200096,194043,0.0,IM2512,2025-12-19,contract_code_cffex_rule
2025-10-15,7194.8,7305.0,7128.0,7275.2,178569,191595,0.0,IM2512,2025-12-19,contract_code_cffex_rule
2025-10-16,7255.0,7269.8,7161.2,7205.0,153865,185185,0.0,IM2512,2025-12-19,contract_code_cffex_rule
2025-10-17,7204.8,7238.0,7002.2,7020.8,173725,199348,0.0,IM2512,2025-12-19,contract_code_cffex_rule
2025-10-20,7100.0,7150.8,7028.4,7059.2,143577,189654,0.0,IM2512,2025-12-19,contract_code_cffex_rule
2025-10-21,7099.0,7228.6,7083.0,7182.8,151318,190486,0.0,IM2512,2025-12-19,contract_code_cffex_rule
2025-10-22,7165.2,7201.2,7117.2,7163.2,120919,180451,0.0,IM2512,2025-12-19,contract_code_cffex_rule
2025-10-23,7149.0,7186.4,7014.4,7179.0,172781,201566,0.0,IM2512,2025-12-19,contract_code_cffex_rule
2025-10-24,7210.0,7298.0,7194.4,7298.0,147894,183485,0.0,IM2512,2025-12-19,contract_code_cffex_rule
2025-10-27,7378.0,7395.6,7300.2,7322.6,137585,187588,0.0,IM2512,2025-12-19,contract_code_cffex_rule
2025-10-28,7315.0,7416.8,7301.2,7335.6,141946,186154,0.0,IM2512,2025-12-19,contract_code_cffex_rule
2025-10-29,7356.0,7450.0,7330.8,7446.4,124145,180653,0.0,IM2512,2025-12-19,contract_code_cffex_rule
2025-10-30,7429.8,7444.0,7328.0,7364.4,162104,190757,0.0,IM2512,2025-12-19,contract_code_cffex_rule
2025-10-31,7380.0,7479.0,7363.0,7368.2,164443,186908,0.0,IM2512,2025-12-19,contract_code_cffex_rule
2025-11-03,7384.8,7411.0,7275.0,7398.0,149911,185243,0.0,IM2512,2025-12-19,contract_code_cffex_rule
2025-11-04,7384.8,7389.0,7215.4,7284.4,150525,184001,0.0,IM2512,2025-12-19,contract_code_cffex_rule
2025-11-05,7204.4,7355.0,7200.4,7310.8,159917,189571,0.0,IM2512,2025-12-19,contract_code_cffex_rule
2025-11-06,7321.6,7418.0,7300.0,7405.0,138409,176903,0.0,IM2512,2025-12-19,contract_code_cffex_rule
2025-11-07,7380.2,7443.8,7340.0,7412.0,127587,180439,0.0,IM2512,2025-12-19,contract_code_cffex_rule
2025-11-10,7459.0,7477.4,7368.2,7421.0,128195,179090,0.0,IM2512,2025-12-19,contract_code_cffex_rule
2025-11-11,7442.8,7484.0,7375.0,7390.4,122556,179084,0.0,IM2512,2025-12-19,contract_code_cffex_rule
2025-11-12,7387.8,7417.0,7293.0,7369.8,159312,193160,0.0,IM2512,2025-12-19,contract_code_cffex_rule
2025-11-13,7357.0,7487.8,7337.6,7478.4,140471,183744,0.0,IM2512,2025-12-19,contract_code_cffex_rule
2025-11-14,7439.0,7469.0,7372.0,7372.0,125074,182376,0.0,IM2512,2025-12-19,contract_code_cffex_rule
2025-11-17,7398.0,7429.8,7351.2,7394.4,130158,185984,0.0,IM2512,2025-12-19,contract_code_cffex_rule
2025-11-18,7375.4,7399.6,7303.0,7351.8,142162,189585,0.0,IM2512,2025-12-19,contract_code_cffex_rule
2025-11-19,7365.0,7388.4,7252.2,7298.2,149890,201080,0.0,IM2512,2025-12-19,contract_code_cffex_rule
2025-11-20,7348.0,7358.4,7246.8,7263.6,140822,205865,0.0,IM2512,2025-12-19,contract_code_cffex_rule
2025-11-21,7213.8,7234.0,7012.0,7018.2,215750,244705,0.0,IM2512,2025-12-19,contract_code_cffex_rule
2025-11-24,7056.2,7132.4,7008.8,7095.2,160312,220648,0.0,IM2512,2025-12-19,contract_code_cffex_rule
2025-11-25,7136.2,7250.0,7136.2,7172.0,152757,211318,0.0,IM2512,2025-12-19,contract_code_cffex_rule
2025-11-26,7172.0,7245.0,7152.0,7176.2,125795,202891,0.0,IM2512,2025-12-19,contract_code_cffex_rule
2025-11-27,7182.4,7264.0,7167.6,7179.0,130117,203626,0.0,IM2512,2025-12-19,contract_code_cffex_rule
2025-11-28,7190.0,7261.6,7161.2,7260.8,125415,199411,0.0,IM2512,2025-12-19,contract_code_cffex_rule
2025-12-01,7278.6,7328.4,7256.4,7290.0,107661,189019,0.0,IM2512,2025-12-19,contract_code_cffex_rule
2025-12-02,7286.0,7286.0,7220.0,7239.6,96449,181453,0.0,IM2512,2025-12-19,contract_code_cffex_rule
2025-12-03,7247.2,7265.0,7170.6,7195.4,118632,193074,0.0,IM2512,2025-12-19,contract_code_cffex_rule
2025-12-04,7203.0,7224.0,7137.2,7213.4,116454,181088,0.0,IM2512,2025-12-19,contract_code_cffex_rule
2025-12-05,7210.0,7323.8,7145.6,7319.8,146937,189203,0.0,IM2512,2025-12-19,contract_code_cffex_rule
2025-12-08,7332.0,7409.6,7332.0,7380.4,104973,168647,0.0,IM2512,2025-12-19,contract_code_cffex_rule
2025-12-09,7368.0,7406.0,7343.0,7347.8,86997,164945,0.0,IM2512,2025-12-19,contract_code_cffex_rule
2025-12-10,7340.8,7390.2,7295.0,7371.4,108100,163906,0.0,IM2512,2025-12-19,contract_code_cffex_rule
2025-12-11,7390.2,7399.8,7298.2,7304.6,114206,152560,0.0,IM2512,2025-12-19,contract_code_cffex_rule
2025-12-12,7327.0,7385.0,7279.0,7361.8,126483,149811,0.0,IM2512,2025-12-19,contract_code_cffex_rule
2025-12-15,7320.0,7369.8,7296.0,7308.0,104015,126463,0.0,IM2512,2025-12-19,contract_code_cffex_rule
2025-12-16,7299.2,7299.2,7143.2,7189.0,125471,123921,0.0,IM2512,2025-12-19,contract_code_cffex_rule
2025-12-17,7191.2,7320.0,7153.0,7295.0,123802,85747,0.0,IM2512,2025-12-19,contract_code_cffex_rule
2025-12-18,7260.0,7348.0,7252.0,7275.4,78623,50338,0.0,IM2512,2025-12-19,contract_code_cffex_rule
2025-12-19,7299.0,7363.4,7281.6,7335.2,38530,23589,0.0,IM2512,2025-12-19,contract_code_cffex_rule
2025-11-24,7005.4,7065.0,6938.8,7029.8,7924,7774,0.0,IM2601,2026-01-16,contract_code_cffex_rule
2025-11-25,7068.0,7182.6,7068.0,7103.4,6715,8020,0.0,IM2601,2026-01-16,contract_code_cffex_rule
2025-11-26,7100.0,7170.0,7081.2,7107.6,6676,9599,0.0,IM2601,2026-01-16,contract_code_cffex_rule
2025-11-27,7119.8,7194.2,7095.0,7103.6,6249,10513,0.0,IM2601,2026-01-16,contract_code_cffex_rule
2025-11-28,7111.0,7186.0,7094.0,7185.6,6068,11432,0.0,IM2601,2026-01-16,contract_code_cffex_rule
2025-12-01,7202.2,7252.8,7183.8,7215.4,5545,13163,0.0,IM2601,2026-01-16,contract_code_cffex_rule
2025-12-02,7213.0,7213.0,7150.0,7165.4,5948,14342,0.0,IM2601,2026-01-16,contract_code_cffex_rule
2025-12-03,7173.8,7192.0,7098.4,7121.2,7256,16092,0.0,IM2601,2026-01-16,contract_code_cffex_rule
2025-12-04,7128.0,7149.8,7065.6,7137.2,7618,17229,0.0,IM2601,2026-01-16,contract_code_cffex_rule
2025-12-05,7144.8,7246.8,7075.0,7242.6,10614,20509,0.0,IM2601,2026-01-16,contract_code_cffex_rule
2025-12-08,7278.8,7333.4,7260.0,7303.6,11152,22307,0.0,IM2601,2026-01-16,contract_code_cffex_rule
2025-12-09,7292.4,7326.8,7266.2,7270.6,8527,23409,0.0,IM2601,2026-01-16,contract_code_cffex_rule
2025-12-10,7255.0,7308.8,7220.6,7290.0,10859,27271,0.0,IM2601,2026-01-16,contract_code_cffex_rule
2025-12-11,7305.8,7319.0,7216.0,7222.8,13373,29304,0.0,IM2601,2026-01-16,contract_code_cffex_rule
2025-12-12,7240.8,7305.6,7203.0,7286.2,16755,35293,0.0,IM2601,2026-01-16,contract_code_cffex_rule
2025-12-15,7250.0,7291.0,7219.4,7235.2,20593,42784,0.0,IM2601,2026-01-16,contract_code_cffex_rule
2025-12-16,7216.2,7223.6,7073.2,7117.4,33659,60194,0.0,IM2601,2026-01-16,contract_code_cffex_rule
2025-12-17,7117.0,7250.0,7082.2,7228.0,43562,72515,0.0,IM2601,2026-01-16,contract_code_cffex_rule
2025-12-18,7180.0,7282.8,7180.0,7213.0,39669,84085,0.0,IM2601,2026-01-16,contract_code_cffex_rule
2025-12-19,7243.0,7318.0,7222.0,7285.6,56064,98234,0.0,IM2601,2026-01-16,contract_code_cffex_rule
2025-12-22,7318.6,7393.0,7310.8,7350.0,40165,95027,0.0,IM2601,2026-01-16,contract_code_cffex_rule
2025-12-23,7352.0,7395.2,7325.2,7343.0,36927,93993,0.0,IM2601,2026-01-16,contract_code_cffex_rule
2025-12-24,7346.2,7490.8,7341.0,7464.2,46616,93256,0.0,IM2601,2026-01-16,contract_code_cffex_rule
2025-12-25,7466.6,7574.6,7450.4,7547.0,43686,91152,0.0,IM2601,2026-01-16,contract_code_cffex_rule
2025-12-26,7547.0,7644.8,7546.2,7595.0,52688,92540,0.0,IM2601,2026-01-16,contract_code_cffex_rule
2025-12-29,7601.2,7623.0,7553.8,7572.2,36968,85383,0.0,IM2601,2026-01-16,contract_code_cffex_rule
2025-12-30,7556.0,7635.0,7542.6,7593.8,36884,86310,0.0,IM2601,2026-01-16,contract_code_cffex_rule
2025-12-31,7600.4,7604.8,7543.0,7581.4,39459,80925,0.0,IM2601,2026-01-16,contract_code_cffex_rule
2026-01-05,7622.2,7764.8,7604.8,7759.2,45173,79432,0.0,IM2601,2026-01-16,contract_code_cffex_rule
2026-01-06,7769.0,7875.6,7760.8,7875.0,49911,74538,0.0,IM2601,2026-01-16,contract_code_cffex_rule
2026-01-07,7890.0,7921.6,7854.4,7882.0,41530,71131,0.0,IM2601,2026-01-16,contract_code_cffex_rule
2026-01-08,7867.0,7986.8,7861.8,7954.0,43134,69844,0.0,IM2601,2026-01-16,contract_code_cffex_rule
2026-01-09,7958.4,8161.0,7951.2,8160.2,54173,70169,0.0,IM2601,2026-01-16,contract_code_cffex_rule
2026-01-12,8229.2,8430.0,8167.4,8395.2,63127,65856,0.0,IM2601,2026-01-16,contract_code_cffex_rule
2026-01-13,8415.0,8419.4,8198.0,8233.8,60818,54431,0.0,IM2601,2026-01-16,contract_code_cffex_rule
2026-01-14,8236.8,8453.6,8137.2,8242.0,65555,47766,0.0,IM2601,2026-01-16,contract_code_cffex_rule
2026-01-15,8200.2,8272.2,8153.8,8254.8,38012,30484,0.0,IM2601,2026-01-16,contract_code_cffex_rule
2026-01-16,8300.0,8315.2,8167.6,8241.6,24005,16080,0.0,IM2601,2026-01-16,contract_code_cffex_rule
2025-12-22,7265.8,7318.0,7244.2,7273.2,4799,4728,0.0,IM2602,2026-02-24,contract_code_cffex_rule
2025-12-23,7287.8,7315.6,7246.4,7264.8,4741,5137,0.0,IM2602,2026-02-24,contract_code_cffex_rule
2025-12-24,7255.2,7413.6,7255.2,7390.6,6329,8025,0.0,IM2602,2026-02-24,contract_code_cffex_rule
2025-12-25,7392.6,7500.6,7373.4,7473.6,6353,8731,0.0,IM2602,2026-02-24,contract_code_cffex_rule
2025-12-26,7473.6,7580.0,7473.4,7530.0,8047,12848,0.0,IM2602,2026-02-24,contract_code_cffex_rule
2025-12-29,7534.0,7558.4,7478.0,7500.2,8686,13302,0.0,IM2602,2026-02-24,contract_code_cffex_rule
2025-12-30,7488.2,7562.0,7477.6,7520.0,7517,15702,0.0,IM2602,2026-02-24,contract_code_cffex_rule
2025-12-31,7538.2,7538.2,7466.4,7504.4,8416,17176,0.0,IM2602,2026-02-24,contract_code_cffex_rule
2026-01-05,7549.6,7698.2,7531.0,7697.8,8782,20240,0.0,IM2602,2026-02-24,contract_code_cffex_rule
2026-01-06,7712.0,7813.6,7698.2,7813.6,9007,21759,0.0,IM2602,2026-02-24,contract_code_cffex_rule
2026-01-07,7822.4,7854.6,7791.0,7815.2,9335,24979,0.0,IM2602,2026-02-24,contract_code_cffex_rule
2026-01-08,7795.8,7920.8,7795.4,7880.4,9199,25944,0.0,IM2602,2026-02-24,contract_code_cffex_rule
2026-01-09,7890.6,8100.0,7875.8,8098.8,12796,29499,0.0,IM2602,2026-02-24,contract_code_cffex_rule
2026-01-12,8181.8,8386.8,8108.6,8354.4,19752,34818,0.0,IM2602,2026-02-24,contract_code_cffex_rule
2026-01-13,8398.0,8399.4,8161.0,8200.4,21828,39945,0.0,IM2602,2026-02-24,contract_code_cffex_rule
2026-01-14,8221.4,8444.6,8111.0,8215.0,35068,52411,0.0,IM2602,2026-02-24,contract_code_cffex_rule
2026-01-15,8170.0,8254.8,8127.2,8240.8,29827,57708,0.0,IM2602,2026-02-24,contract_code_cffex_rule
2026-01-16,8285.6,8315.0,8150.2,8225.0,41674,71312,0.0,IM2602,2026-02-24,contract_code_cffex_rule
2026-01-19,8199.8,8306.8,8161.2,8230.0,37562,67508,0.0,IM2602,2026-02-24,contract_code_cffex_rule
2026-01-20,8250.0,8287.8,8066.4,8162.2,41590,68354,0.0,IM2602,2026-02-24,contract_code_cffex_rule
2026-01-21,8138.8,8287.2,8113.2,8260.0,37231,65179,0.0,IM2602,2026-02-24,contract_code_cffex_rule
2026-01-22,8284.2,8318.8,8241.0,8318.0,29789,62682,0.0,IM2602,2026-02-24,contract_code_cffex_rule
2026-01-23,8337.0,8531.8,8322.0,8531.8,39087,66131,0.0,IM2602,2026-02-24,contract_code_cffex_rule
2026-01-26,8564.0,8573.8,8273.4,8327.2,48374,63879,0.0,IM2602,2026-02-24,contract_code_cffex_rule
2026-01-27,8326.0,8415.6,8163.2,8385.6,43943,61133,0.0,IM2602,2026-02-24,contract_code_cffex_rule
2026-01-28,8407.2,8432.4,8302.0,8407.4,33363,56743,0.0,IM2602,2026-02-24,contract_code_cffex_rule
2026-01-29,8383.0,8490.0,8311.4,8351.4,40923,58886,0.0,IM2602,2026-02-24,contract_code_cffex_rule
2026-01-30,8300.2,8361.8,8075.8,8282.4,41174,58272,0.0,IM2602,2026-02-24,contract_code_cffex_rule
2026-02-02,8210.0,8252.6,7904.0,7910.0,46878,61033,0.0,IM2602,2026-02-24,contract_code_cffex_rule
2026-02-03,8030.0,8233.2,8011.0,8213.0,44819,58651,0.0,IM2602,2026-02-24,contract_code_cffex_rule
2026-02-04,8192.4,8234.2,8090.4,8230.0,38126,54982,0.0,IM2602,2026-02-24,contract_code_cffex_rule
2026-02-05,8168.6,8168.6,8007.2,8077.8,34660,51147,0.0,IM2602,2026-02-24,contract_code_cffex_rule
2026-02-06,7983.8,8174.4,7923.2,8026.8,38635,52205,0.0,IM2602,2026-02-24,contract_code_cffex_rule
2026-02-09,8180.0,8260.6,8151.0,8256.0,28961,45633,0.0,IM2602,2026-02-24,contract_code_cffex_rule
2026-02-10,8261.0,8278.8,8201.0,8254.6,21127,39017,0.0,IM2602,2026-02-24,contract_code_cffex_rule
2026-02-11,8242.0,8323.8,8242.0,8260.2,22401,34228,0.0,IM2602,2026-02-24,contract_code_cffex_rule
2026-02-12,8262.0,8359.0,8224.8,8345.4,22849,27402,0.0,IM2602,2026-02-24,contract_code_cffex_rule
2026-02-13,8293.0,8332.8,8178.4,8200.0,23295,20759,0.0,IM2602,2026-02-24,contract_code_cffex_rule
2026-02-24,8304.0,8360.0,8238.0,8310.6,17173,12413,0.0,IM2602,2026-02-24,contract_code_cffex_rule
2025-07-21,6121.0,6160.0,6091.6,6118.8,8870,8464,0.0,IM2603,2026-03-20,contract_code_cffex_rule
2025-07-22,6119.8,6173.2,6105.2,6172.8,7964,9821,0.0,IM2603,2026-03-20,contract_code_cffex_rule
2025-07-23,6177.8,6218.6,6136.0,6160.0,8303,12266,0.0,IM2603,2026-03-20,contract_code_cffex_rule
2025-07-24,6160.0,6283.6,6151.6,6273.2,8632,13360,0.0,IM2603,2026-03-20,contract_code_cffex_rule
2025-07-25,6289.0,6289.0,6227.4,6263.6,6839,14591,0.0,IM2603,2026-03-20,contract_code_cffex_rule
2025-07-28,6275.0,6301.0,6215.4,6256.2,6593,15608,0.0,IM2603,2026-03-20,contract_code_cffex_rule
2025-07-29,6244.6,6306.0,6201.2,6306.0,7329,17353,0.0,IM2603,2026-03-20,contract_code_cffex_rule
2025-07-30,6289.0,6304.2,6208.2,6249.8,8723,18656,0.0,IM2603,2026-03-20,contract_code_cffex_rule
2025-07-31,6225.6,6273.6,6146.8,6183.4,12486,21457,0.0,IM2603,2026-03-20,contract_code_cffex_rule
2025-08-01,6188.0,6238.0,6154.2,6186.2,8974,20749,0.0,IM2603,2026-03-20,contract_code_cffex_rule
2025-08-04,6165.0,6280.0,6156.2,6279.8,7694,21312,0.0,IM2603,2026-03-20,contract_code_cffex_rule
2025-08-05,6294.0,6314.0,6264.8,6311.0,7824,22397,0.0,IM2603,2026-03-20,contract_code_cffex_rule
2025-08-06,6312.0,6414.8,6304.0,6398.0,8522,24034,0.0,IM2603,2026-03-20,contract_code_cffex_rule
2025-08-07,6398.2,6429.4,6352.0,6376.2,9685,25728,0.0,IM2603,2026-03-20,contract_code_cffex_rule
2025-08-08,6368.8,6388.6,6338.8,6361.4,6188,25836,0.0,IM2603,2026-03-20,contract_code_cffex_rule
2025-08-11,6370.4,6518.0,6370.4,6478.8,11089,28923,0.0,IM2603,2026-03-20,contract_code_cffex_rule
2025-08-12,6484.8,6519.0,6456.2,6512.0,9345,28872,0.0,IM2603,2026-03-20,contract_code_cffex_rule
2025-08-13,6528.0,6656.4,6528.0,6646.0,13952,32817,0.0,IM2603,2026-03-20,contract_code_cffex_rule
2025-08-14,6672.0,6672.0,6547.0,6581.8,18844,35619,0.0,IM2603,2026-03-20,contract_code_cffex_rule
2025-08-15,6573.4,6756.8,6573.4,6754.0,19693,39984,0.0,IM2603,2026-03-20,contract_code_cffex_rule
2025-08-18,6805.0,6955.4,6773.2,6873.8,31551,51254,0.0,IM2603,2026-03-20,contract_code_cffex_rule
2025-08-19,6880.0,6919.8,6841.0,6851.6,25658,50068,0.0,IM2603,2026-03-20,contract_code_cffex_rule
2025-08-20,6830.8,6967.0,6763.0,6965.6,27045,53926,0.0,IM2603,2026-03-20,contract_code_cffex_rule
2025-08-21,6981.0,7005.6,6851.0,6893.0,27275,55303,0.0,IM2603,2026-03-20,contract_code_cffex_rule
2025-08-22,6881.8,7042.0,6881.8,7036.0,24330,55258,0.0,IM2603,2026-03-20,contract_code_cffex_rule
2025-08-25,7081.2,7189.0,7062.0,7108.0,28379,56871,0.0,IM2603,2026-03-20,contract_code_cffex_rule
2025-08-26,7100.0,7163.0,7075.0,7096.6,20856,54783,0.0,IM2603,2026-03-20,contract_code_cffex_rule
2025-08-27,7120.0,7180.0,6945.8,6962.6,29998,58700,0.0,IM2603,2026-03-20,contract_code_cffex_rule
2025-08-28,6962.0,7044.4,6823.0,7017.0,33044,60188,0.0,IM2603,2026-03-20,contract_code_cffex_rule
2025-08-29,7017.0,7058.2,6937.2,7000.6,25697,60337,0.0,IM2603,2026-03-20,contract_code_cffex_rule
2025-09-01,7030.0,7075.0,6961.4,6995.2,20581,60600,0.0,IM2603,2026-03-20,contract_code_cffex_rule
2025-09-02,6995.2,7008.2,6818.0,6881.0,26680,63200,0.0,IM2603,2026-03-20,contract_code_cffex_rule
2025-09-03,6925.0,6932.0,6727.4,6760.8,26694,62852,0.0,IM2603,2026-03-20,contract_code_cffex_rule
2025-09-04,6775.0,6815.0,6540.0,6631.2,29410,64312,0.0,IM2603,2026-03-20,contract_code_cffex_rule
2025-09-05,6636.0,6874.4,6627.6,6862.2,25389,64262,0.0,IM2603,2026-03-20,contract_code_cffex_rule
2025-09-08,6865.0,6905.0,6795.0,6864.4,21421,63612,0.0,IM2603,2026-03-20,contract_code_cffex_rule
2025-09-09,6850.0,6881.6,6736.8,6776.8,20710,66018,0.0,IM2603,2026-03-20,contract_code_cffex_rule
2025-09-10,6778.2,6877.6,6750.0,6750.0,23421,66557,0.0,IM2603,2026-03-20,contract_code_cffex_rule
2025-09-11,6740.0,6994.6,6690.8,6994.0,28376,69269,0.0,IM2603,2026-03-20,contract_code_cffex_rule
2025-09-12,7000.0,7045.0,6965.0,6973.2,21330,67296,0.0,IM2603,2026-03-20,contract_code_cffex_rule
2025-09-15,6995.0,6997.8,6934.8,6934.8,16850,68482,0.0,IM2603,2026-03-20,contract_code_cffex_rule
2025-09-16,6960.0,7050.0,6893.8,7034.0,22584,71486,0.0,IM2603,2026-03-20,contract_code_cffex_rule
2025-09-17,7039.0,7140.4,7007.0,7126.2,25839,73293,0.0,IM2603,2026-03-20,contract_code_cffex_rule
2025-09-18,7133.6,7255.8,6922.2,7000.0,40425,78121,0.0,IM2603,2026-03-20,contract_code_cffex_rule
2025-09-19,7003.4,7065.0,6924.4,6979.4,32015,80290,0.0,IM2603,2026-03-20,contract_code_cffex_rule
2025-09-22,7000.0,7026.0,6934.4,7019.0,21052,76792,0.0,IM2603,2026-03-20,contract_code_cffex_rule
2025-09-23,7029.0,7029.0,6792.0,6911.8,34021,83927,0.0,IM2603,2026-03-20,contract_code_cffex_rule
2025-09-24,6885.0,7099.6,6874.0,7088.2,30830,79334,0.0,IM2603,2026-03-20,contract_code_cffex_rule
2025-09-25,7080.0,7128.8,7038.0,7066.2,20999,78845,0.0,IM2603,2026-03-20,contract_code_cffex_rule
2025-09-26,7040.0,7093.6,6958.0,6972.2,25326,79961,0.0,IM2603,2026-03-20,contract_code_cffex_rule
2025-09-29,6988.0,7150.0,6941.6,7114.4,30933,80722,0.0,IM2603,2026-03-20,contract_code_cffex_rule
2025-09-30,7142.2,7213.6,7127.6,7187.0,23490,79341,0.0,IM2603,2026-03-20,contract_code_cffex_rule
2025-10-09,7220.0,7302.0,7195.8,7229.0,24518,81003,0.0,IM2603,2026-03-20,contract_code_cffex_rule
2025-10-10,7207.4,7216.8,7110.0,7120.0,23742,80505,0.0,IM2603,2026-03-20,contract_code_cffex_rule
2025-10-13,6950.0,7104.0,6923.6,7077.6,31368,83351,0.0,IM2603,2026-03-20,contract_code_cffex_rule
2025-10-14,7120.0,7174.6,6882.8,6922.0,36759,84787,0.0,IM2603,2026-03-20,contract_code_cffex_rule
2025-10-15,6949.0,7081.8,6912.2,7060.2,30417,84507,0.0,IM2603,2026-03-20,contract_code_cffex_rule
2025-10-16,7040.0,7050.0,6944.0,6981.4,26088,83019,0.0,IM2603,2026-03-20,contract_code_cffex_rule
2025-10-17,6975.0,7017.2,6789.2,6805.0,32831,87271,0.0,IM2603,2026-03-20,contract_code_cffex_rule
2025-10-20,6870.4,6926.8,6813.0,6841.6,28288,82550,0.0,IM2603,2026-03-20,contract_code_cffex_rule
2025-10-21,6861.0,7008.0,6861.0,6966.8,26613,80131,0.0,IM2603,2026-03-20,contract_code_cffex_rule
2025-10-22,6938.6,6983.0,6905.0,6947.2,18115,78082,0.0,IM2603,2026-03-20,contract_code_cffex_rule
2025-10-23,6923.6,6972.6,6805.2,6967.0,28130,81651,0.0,IM2603,2026-03-20,contract_code_cffex_rule
2025-10-24,6996.8,7077.8,6980.0,7077.8,24111,76592,0.0,IM2603,2026-03-20,contract_code_cffex_rule
2025-10-27,7122.2,7180.0,7090.0,7105.2,23471,78846,0.0,IM2603,2026-03-20,contract_code_cffex_rule
2025-10-28,7099.4,7203.4,7090.0,7122.6,22315,77590,0.0,IM2603,2026-03-20,contract_code_cffex_rule
2025-10-29,7135.0,7238.0,7119.8,7237.0,20243,77793,0.0,IM2603,2026-03-20,contract_code_cffex_rule
2025-10-30,7217.0,7234.8,7123.4,7157.0,27002,80338,0.0,IM2603,2026-03-20,contract_code_cffex_rule
2025-10-31,7157.0,7266.6,7157.0,7165.0,27165,78264,0.0,IM2603,2026-03-20,contract_code_cffex_rule
2025-11-03,7165.0,7204.0,7071.8,7193.0,22188,78030,0.0,IM2603,2026-03-20,contract_code_cffex_rule
2025-11-04,7180.0,7180.4,7008.6,7074.8,27109,79766,0.0,IM2603,2026-03-20,contract_code_cffex_rule
2025-11-05,7008.4,7138.0,6992.8,7093.8,26218,78552,0.0,IM2603,2026-03-20,contract_code_cffex_rule
2025-11-06,7110.8,7200.8,7087.2,7186.8,21128,77197,0.0,IM2603,2026-03-20,contract_code_cffex_rule
2025-11-07,7158.0,7228.0,7128.0,7191.0,20569,78643,0.0,IM2603,2026-03-20,contract_code_cffex_rule
2025-11-10,7230.0,7257.8,7150.2,7199.2,22461,79103,0.0,IM2603,2026-03-20,contract_code_cffex_rule
2025-11-11,7215.2,7258.0,7155.8,7167.0,21766,79515,0.0,IM2603,2026-03-20,contract_code_cffex_rule
2025-11-12,7160.0,7192.0,7075.2,7148.6,27626,83249,0.0,IM2603,2026-03-20,contract_code_cffex_rule
2025-11-13,7148.6,7256.6,7115.2,7246.0,24319,80533,0.0,IM2603,2026-03-20,contract_code_cffex_rule
2025-11-14,7201.0,7236.6,7138.0,7140.0,23113,82892,0.0,IM2603,2026-03-20,contract_code_cffex_rule
2025-11-17,7155.2,7194.8,7120.6,7162.0,23077,83203,0.0,IM2603,2026-03-20,contract_code_cffex_rule
2025-11-18,7149.6,7164.4,7071.8,7116.8,26645,86555,0.0,IM2603,2026-03-20,contract_code_cffex_rule
2025-11-19,7120.0,7153.4,7021.2,7068.8,27892,85839,0.0,IM2603,2026-03-20,contract_code_cffex_rule
2025-11-20,7111.4,7125.6,7018.2,7035.2,27245,88372,0.0,IM2603,2026-03-20,contract_code_cffex_rule
2025-11-21,6992.0,7007.0,6798.4,6802.8,56479,102260,0.0,IM2603,2026-03-20,contract_code_cffex_rule
2025-11-24,6855.0,6920.4,6797.4,6886.0,38787,98083,0.0,IM2603,2026-03-20,contract_code_cffex_rule
2025-11-25,6936.0,7040.0,6928.2,6954.0,38225,97216,0.0,IM2603,2026-03-20,contract_code_cffex_rule
2025-11-26,6965.0,7023.2,6936.6,6959.0,30910,96173,0.0,IM2603,2026-03-20,contract_code_cffex_rule
2025-11-27,6971.0,7040.0,6943.2,6954.8,33067,96829,0.0,IM2603,2026-03-20,contract_code_cffex_rule
2025-11-28,6955.0,7028.0,6941.2,7026.0,30930,95881,0.0,IM2603,2026-03-20,contract_code_cffex_rule
2025-12-01,7042.6,7094.2,7024.4,7057.6,28275,96908,0.0,IM2603,2026-03-20,contract_code_cffex_rule
2025-12-02,7050.0,7053.6,6991.0,7008.0,26897,96203,0.0,IM2603,2026-03-20,contract_code_cffex_rule
2025-12-03,7020.0,7037.4,6947.0,6968.2,37185,104040,0.0,IM2603,2026-03-20,contract_code_cffex_rule
2025-12-04,6980.0,6998.8,6913.2,6987.8,35706,102333,0.0,IM2603,2026-03-20,contract_code_cffex_rule
2025-12-05,6987.0,7092.0,6923.2,7086.6,47651,109308,0.0,IM2603,2026-03-20,contract_code_cffex_rule
2025-12-08,7115.2,7173.0,7103.6,7145.8,39784,106788,0.0,IM2603,2026-03-20,contract_code_cffex_rule
2025-12-09,7126.0,7167.4,7106.2,7111.6,33990,111766,0.0,IM2603,2026-03-20,contract_code_cffex_rule
2025-12-10,7102.2,7145.0,7060.8,7123.0,44671,115959,0.0,IM2603,2026-03-20,contract_code_cffex_rule
2025-12-11,7145.0,7155.8,7052.8,7063.0,48158,121558,0.0,IM2603,2026-03-20,contract_code_cffex_rule
2025-12-12,7083.8,7144.4,7043.6,7119.8,56716,127987,0.0,IM2603,2026-03-20,contract_code_cffex_rule
2025-12-15,7090.0,7129.4,7061.4,7073.0,51448,130155,0.0,IM2603,2026-03-20,contract_code_cffex_rule
2025-12-16,7060.2,7061.6,6915.0,6960.2,73872,147063,0.0,IM2603,2026-03-20,contract_code_cffex_rule
2025-12-17,6963.4,7098.0,6926.6,7074.0,97791,159672,0.0,IM2603,2026-03-20,contract_code_cffex_rule
2025-12-18,7041.0,7130.0,7032.6,7066.0,87621,166683,0.0,IM2603,2026-03-20,contract_code_cffex_rule
2025-12-19,7100.0,7177.0,7075.0,7141.8,103313,179118,0.0,IM2603,2026-03-20,contract_code_cffex_rule
2025-12-22,7180.0,7253.8,7169.8,7203.6,86037,175023,0.0,IM2603,2026-03-20,contract_code_cffex_rule
2025-12-23,7221.0,7247.8,7177.6,7197.4,87825,176419,0.0,IM2603,2026-03-20,contract_code_cffex_rule
2025-12-24,7200.0,7351.6,7193.0,7327.6,113077,185869,0.0,IM2603,2026-03-20,contract_code_cffex_rule
2025-12-25,7323.2,7443.8,7305.2,7419.0,101700,183127,0.0,IM2603,2026-03-20,contract_code_cffex_rule
2025-12-26,7420.4,7526.0,7420.4,7472.4,125247,194890,0.0,IM2603,2026-03-20,contract_code_cffex_rule
2025-12-29,7474.2,7499.0,7413.8,7439.0,95430,182605,0.0,IM2603,2026-03-20,contract_code_cffex_rule
2025-12-30,7422.4,7502.0,7410.2,7459.2,100572,189970,0.0,IM2603,2026-03-20,contract_code_cffex_rule
2025-12-31,7469.8,7475.8,7406.0,7436.2,93696,181081,0.0,IM2603,2026-03-20,contract_code_cffex_rule
2026-01-05,7491.6,7641.0,7462.2,7639.0,103703,189842,0.0,IM2603,2026-03-20,contract_code_cffex_rule
2026-01-06,7650.0,7763.8,7644.6,7762.4,114127,192848,0.0,IM2603,2026-03-20,contract_code_cffex_rule
2026-01-07,7778.2,7795.8,7730.0,7760.2,104271,189188,0.0,IM2603,2026-03-20,contract_code_cffex_rule
2026-01-08,7740.8,7863.8,7739.0,7820.6,118672,193230,0.0,IM2603,2026-03-20,contract_code_cffex_rule
2026-01-09,7815.0,8049.4,7815.0,8048.4,149124,203815,0.0,IM2603,2026-03-20,contract_code_cffex_rule
2026-01-12,8131.0,8346.0,8056.2,8311.4,172951,208444,0.0,IM2603,2026-03-20,contract_code_cffex_rule
2026-01-13,8324.8,8335.0,8115.0,8160.4,178731,207812,0.0,IM2603,2026-03-20,contract_code_cffex_rule
2026-01-14,8200.0,8419.0,8060.0,8156.0,225371,212359,0.0,IM2603,2026-03-20,contract_code_cffex_rule
2026-01-15,8105.6,8207.4,8082.0,8195.4,148081,203295,0.0,IM2603,2026-03-20,contract_code_cffex_rule
2026-01-16,8250.0,8283.8,8115.0,8179.2,141207,201001,0.0,IM2603,2026-03-20,contract_code_cffex_rule
2026-01-19,8158.0,8275.0,8121.6,8186.6,123630,195201,0.0,IM2603,2026-03-20,contract_code_cffex_rule
2026-01-20,8207.0,8247.4,8016.8,8120.8,150527,198773,0.0,IM2603,2026-03-20,contract_code_cffex_rule
2026-01-21,8100.0,8252.8,8071.0,8231.0,133027,192142,0.0,IM2603,2026-03-20,contract_code_cffex_rule
2026-01-22,8260.0,8302.6,8218.0,8292.6,104669,186587,0.0,IM2603,2026-03-20,contract_code_cffex_rule
2026-01-23,8336.6,8518.2,8301.4,8516.6,128628,195577,0.0,IM2603,2026-03-20,contract_code_cffex_rule
2026-01-26,8541.8,8568.0,8238.0,8289.2,160156,191679,0.0,IM2603,2026-03-20,contract_code_cffex_rule
2026-01-27,8269.0,8393.8,8122.0,8357.2,158438,191923,0.0,IM2603,2026-03-20,contract_code_cffex_rule
2026-01-28,8380.0,8412.0,8284.0,8377.8,114744,180338,0.0,IM2603,2026-03-20,contract_code_cffex_rule
2026-01-29,8357.6,8479.8,8280.0,8329.0,147818,196369,0.0,IM2603,2026-03-20,contract_code_cffex_rule
2026-01-30,8302.0,8344.8,8050.0,8260.6,167342,191798,0.0,IM2603,2026-03-20,contract_code_cffex_rule
2026-02-02,8180.2,8240.0,7840.0,7871.8,173821,194848,0.0,IM2603,2026-03-20,contract_code_cffex_rule
2026-02-03,8019.0,8215.2,7975.2,8183.0,150161,189544,0.0,IM2603,2026-03-20,contract_code_cffex_rule
2026-02-04,8159.4,8213.0,8050.2,8203.4,136596,186743,0.0,IM2603,2026-03-20,contract_code_cffex_rule
2026-02-05,8140.8,8144.0,7969.4,8039.8,142554,186934,0.0,IM2603,2026-03-20,contract_code_cffex_rule
2026-02-06,7900.2,8154.4,7880.8,7990.8,147053,187915,0.0,IM2603,2026-03-20,contract_code_cffex_rule
2026-02-09,8155.0,8237.6,8120.4,8232.6,112370,179169,0.0,IM2603,2026-03-20,contract_code_cffex_rule
2026-02-10,8235.0,8258.4,8182.0,8229.0,82316,175231,0.0,IM2603,2026-03-20,contract_code_cffex_rule
2026-02-11,8229.0,8307.6,8227.4,8241.0,81851,180217,0.0,IM2603,2026-03-20,contract_code_cffex_rule
2026-02-12,8250.4,8351.8,8205.0,8338.0,96452,187061,0.0,IM2603,2026-03-20,contract_code_cffex_rule
2026-02-13,8288.0,8316.8,8161.0,8189.0,114424,185460,0.0,IM2603,2026-03-20,contract_code_cffex_rule
2026-02-24,8307.8,8365.0,8227.2,8271.0,105984,188594,0.0,IM2603,2026-03-20,contract_code_cffex_rule
2026-02-25,8300.0,8441.0,8300.0,8405.6,111192,188683,0.0,IM2603,2026-03-20,contract_code_cffex_rule
2026-02-26,8425.0,8458.6,8365.6,8443.4,97454,176096,0.0,IM2603,2026-03-20,contract_code_cffex_rule
2026-02-27,8400.2,8538.8,8391.0,8531.4,100970,177180,0.0,IM2603,2026-03-20,contract_code_cffex_rule
2026-03-02,8480.0,8514.6,8338.0,8423.8,142245,181019,0.0,IM2603,2026-03-20,contract_code_cffex_rule
2026-03-03,8445.0,8479.4,8105.6,8129.4,179978,185852,0.0,IM2603,2026-03-20,contract_code_cffex_rule
2026-03-04,8076.2,8225.2,8037.2,8064.2,155033,179738,0.0,IM2603,2026-03-20,contract_code_cffex_rule
2026-03-05,8190.0,8214.0,8060.6,8130.0,136165,166348,0.0,IM2603,2026-03-20,contract_code_cffex_rule
2026-03-06,8101.0,8249.4,8082.2,8211.8,109207,153991,0.0,IM2603,2026-03-20,contract_code_cffex_rule
2026-03-09,8064.0,8214.0,7850.0,8191.0,168105,168610,0.0,IM2603,2026-03-20,contract_code_cffex_rule
2026-03-10,8274.0,8326.2,8225.0,8313.6,108844,140221,0.0,IM2603,2026-03-20,contract_code_cffex_rule
2026-03-11,8308.2,8368.0,8290.0,8313.0,89616,133840,0.0,IM2603,2026-03-20,contract_code_cffex_rule
2026-03-12,8297.0,8344.2,8211.0,8277.2,105033,131145,0.0,IM2603,2026-03-20,contract_code_cffex_rule
2026-03-13,8265.2,8332.0,8172.0,8187.0,112502,126038,0.0,IM2603,2026-03-20,contract_code_cffex_rule
2026-03-16,8202.4,8212.6,8054.0,8187.0,112837,114967,0.0,IM2603,2026-03-20,contract_code_cffex_rule
2026-03-17,8203.8,8220.0,8002.0,8014.0,109515,100638,0.0,IM2603,2026-03-20,contract_code_cffex_rule
2026-03-18,8067.0,8098.4,7971.2,8080.4,103417,76840,0.0,IM2603,2026-03-20,contract_code_cffex_rule
2026-03-19,7991.4,8013.6,7873.4,7923.8,78254,47611,0.0,IM2603,2026-03-20,contract_code_cffex_rule
2026-03-20,7958.2,8004.8,7866.0,7876.2,39279,23168,0.0,IM2603,2026-03-20,contract_code_cffex_rule
2026-02-25,8274.6,8412.2,8262.6,8374.2,5301,5179,0.0,IM2604,2026-04-17,contract_code_cffex_rule
2026-02-26,8405.0,8420.0,8336.4,8398.2,5078,5683,0.0,IM2604,2026-04-17,contract_code_cffex_rule
2026-02-27,8351.0,8493.4,8342.2,8486.2,5141,7186,0.0,IM2604,2026-04-17,contract_code_cffex_rule
2026-03-02,8431.0,8467.2,8297.8,8380.2,8915,10635,0.0,IM2604,2026-04-17,contract_code_cffex_rule
2026-03-03,8440.0,8440.0,8067.0,8089.0,15339,16170,0.0,IM2604,2026-04-17,contract_code_cffex_rule
2026-03-04,8056.0,8183.8,7994.8,8018.4,10557,16399,0.0,IM2604,2026-04-17,contract_code_cffex_rule
2026-03-05,8165.0,8166.0,8015.6,8075.4,9628,18547,0.0,IM2604,2026-04-17,contract_code_cffex_rule
2026-03-06,8038.0,8192.2,8037.8,8160.6,8223,19004,0.0,IM2604,2026-04-17,contract_code_cffex_rule
2026-03-09,8054.6,8150.8,7800.0,8130.2,12516,21584,0.0,IM2604,2026-04-17,contract_code_cffex_rule
2026-03-10,8230.0,8268.0,8170.0,8259.6,10221,22645,0.0,IM2604,2026-04-17,contract_code_cffex_rule
2026-03-11,8259.8,8311.8,8226.6,8245.0,12166,27430,0.0,IM2604,2026-04-17,contract_code_cffex_rule
2026-03-12,8246.6,8274.6,8144.4,8211.4,14197,30803,0.0,IM2604,2026-04-17,contract_code_cffex_rule
2026-03-13,8188.8,8263.2,8105.8,8117.6,14697,34068,0.0,IM2604,2026-04-17,contract_code_cffex_rule
2026-03-16,8129.0,8139.4,7984.2,8121.0,17143,37939,0.0,IM2604,2026-04-17,contract_code_cffex_rule
2026-03-17,8132.2,8156.4,7931.0,7951.0,22457,43382,0.0,IM2604,2026-04-17,contract_code_cffex_rule
2026-03-18,7990.0,8040.0,7910.0,8021.2,33232,55576,0.0,IM2604,2026-04-17,contract_code_cffex_rule
2026-03-19,7930.0,7957.8,7800.2,7863.4,46645,69500,0.0,IM2604,2026-04-17,contract_code_cffex_rule
2026-03-20,7905.0,7951.4,7723.0,7727.8,69129,91976,0.0,IM2604,2026-04-17,contract_code_cffex_rule
2026-03-23,7599.8,7684.8,7300.6,7364.0,79788,91166,0.0,IM2604,2026-04-17,contract_code_cffex_rule
2026-03-24,7466.8,7564.2,7324.0,7552.6,69285,92698,0.0,IM2604,2026-04-17,contract_code_cffex_rule
2026-03-25,7618.6,7750.0,7610.0,7650.0,53772,80570,0.0,IM2604,2026-04-17,contract_code_cffex_rule
2026-03-26,7653.2,7709.0,7544.0,7558.2,46642,81044,0.0,IM2604,2026-04-17,contract_code_cffex_rule
2026-03-27,7485.4,7738.4,7473.0,7698.2,52846,80197,0.0,IM2604,2026-04-17,contract_code_cffex_rule
2026-03-30,7601.2,7713.6,7513.6,7695.8,55003,80186,0.0,IM2604,2026-04-17,contract_code_cffex_rule
2026-03-31,7689.6,7732.4,7559.0,7573.6,51526,81628,0.0,IM2604,2026-04-17,contract_code_cffex_rule
2026-04-01,7693.0,7750.0,7642.2,7706.8,46970,79070,0.0,IM2604,2026-04-17,contract_code_cffex_rule
2026-04-02,7660.0,7706.0,7514.8,7574.6,48948,79163,0.0,IM2604,2026-04-17,contract_code_cffex_rule
2026-04-03,7602.0,7618.0,7479.0,7507.6,43068,79295,0.0,IM2604,2026-04-17,contract_code_cffex_rule
2026-04-07,7530.0,7620.0,7523.0,7566.4,44751,77414,0.0,IM2604,2026-04-17,contract_code_cffex_rule
2026-04-08,7709.6,7950.2,7709.6,7947.4,61799,75412,0.0,IM2604,2026-04-17,contract_code_cffex_rule
2026-04-09,7875.0,7937.8,7857.0,7901.0,41299,65468,0.0,IM2604,2026-04-17,contract_code_cffex_rule
2026-04-10,7970.0,8051.8,7950.0,7975.0,37485,64011,0.0,IM2604,2026-04-17,contract_code_cffex_rule
2026-04-13,7923.0,8015.8,7923.0,7992.2,37517,57504,0.0,IM2604,2026-04-17,contract_code_cffex_rule
2026-04-14,8064.0,8120.2,8032.0,8113.2,40361,53684,0.0,IM2604,2026-04-17,contract_code_cffex_rule
2026-04-15,8184.8,8184.8,8086.6,8097.0,42273,40671,0.0,IM2604,2026-04-17,contract_code_cffex_rule
2026-04-16,8121.4,8243.4,8105.0,8228.0,34839,25372,0.0,IM2604,2026-04-17,contract_code_cffex_rule
2026-04-17,8215.8,8315.0,8198.2,8299.8,19119,13446,0.0,IM2604,2026-04-17,contract_code_cffex_rule
2026-03-23,7638.0,7638.0,7229.4,7298.0,6017,5446,0.0,IM2605,2026-05-15,contract_code_cffex_rule
2026-03-24,7413.0,7496.8,7258.0,7472.6,6217,5389,0.0,IM2605,2026-05-15,contract_code_cffex_rule
2026-03-25,7541.6,7685.0,7541.6,7586.2,3825,5567,0.0,IM2605,2026-05-15,contract_code_cffex_rule
2026-03-26,7581.8,7643.4,7474.4,7482.8,4754,7110,0.0,IM2605,2026-05-15,contract_code_cffex_rule
2026-03-27,7396.6,7672.6,7396.6,7632.8,4998,7118,0.0,IM2605,2026-05-15,contract_code_cffex_rule
2026-03-30,7491.8,7638.4,7440.0,7623.8,5963,8654,0.0,IM2605,2026-05-15,contract_code_cffex_rule
2026-03-31,7621.0,7665.0,7486.2,7498.0,6378,9994,0.0,IM2605,2026-05-15,contract_code_cffex_rule
2026-04-01,7645.0,7685.0,7575.0,7642.0,6156,10915,0.0,IM2605,2026-05-15,contract_code_cffex_rule
2026-04-02,7589.0,7630.0,7438.0,7496.6,7160,12602,0.0,IM2605,2026-05-15,contract_code_cffex_rule
2026-04-03,7559.0,7559.0,7406.4,7432.0,5925,13496,0.0,IM2605,2026-05-15,contract_code_cffex_rule
2026-04-07,7472.0,7557.4,7450.0,7493.0,6142,14361,0.0,IM2605,2026-05-15,contract_code_cffex_rule
2026-04-08,7720.0,7888.6,7673.4,7884.6,10659,16854,0.0,IM2605,2026-05-15,contract_code_cffex_rule
2026-04-09,7848.2,7872.0,7795.8,7826.6,8130,18139,0.0,IM2605,2026-05-15,contract_code_cffex_rule
2026-04-10,7910.6,7984.4,7877.2,7904.2,10693,21172,0.0,IM2605,2026-05-15,contract_code_cffex_rule
2026-04-13,7867.8,7942.4,7867.8,7916.0,11525,24957,0.0,IM2605,2026-05-15,contract_code_cffex_rule
2026-04-14,8016.2,8041.4,7948.4,8037.0,15646,31019,0.0,IM2605,2026-05-15,contract_code_cffex_rule
2026-04-15,8080.0,8107.4,8016.2,8019.2,23732,41143,0.0,IM2605,2026-05-15,contract_code_cffex_rule
2026-04-16,8045.2,8179.8,8036.6,8172.6,31300,52041,0.0,IM2605,2026-05-15,contract_code_cffex_rule
2026-04-17,8160.0,8278.8,8134.8,8251.0,39242,64226,0.0,IM2605,2026-05-15,contract_code_cffex_rule
2026-04-20,8251.0,8329.0,8221.0,8277.0,35325,60986,0.0,IM2605,2026-05-15,contract_code_cffex_rule
2026-04-21,8260.0,8297.6,8205.0,8280.2,30651,62691,0.0,IM2605,2026-05-15,contract_code_cffex_rule
2026-04-22,8260.0,8438.8,8252.0,8438.8,34283,63242,0.0,IM2605,2026-05-15,contract_code_cffex_rule
2026-04-23,8445.4,8449.6,8261.0,8331.8,46344,67998,0.0,IM2605,2026-05-15,contract_code_cffex_rule
2026-04-24,8303.0,8335.0,8225.0,8268.0,45578,67180,0.0,IM2605,2026-05-15,contract_code_cffex_rule
2026-04-27,8280.0,8339.6,8229.0,8301.8,32186,62676,0.0,IM2605,2026-05-15,contract_code_cffex_rule
2026-04-28,8278.8,8297.2,8161.2,8203.0,35145,64632,0.0,IM2605,2026-05-15,contract_code_cffex_rule
2026-04-29,8160.4,8356.2,8160.4,8332.4,44140,66060,0.0,IM2605,2026-05-15,contract_code_cffex_rule
2026-04-30,8346.0,8380.2,8304.2,8369.4,32860,61331,0.0,IM2605,2026-05-15,contract_code_cffex_rule
2026-05-06,8472.0,8616.8,8472.0,8543.6,48185,67902,0.0,IM2605,2026-05-15,contract_code_cffex_rule
2026-05-07,8583.4,8716.0,8568.4,8706.0,32246,58874,0.0,IM2605,2026-05-15,contract_code_cffex_rule
2026-05-08,8665.0,8749.2,8648.2,8721.4,33166,58159,0.0,IM2605,2026-05-15,contract_code_cffex_rule
2026-05-11,8807.4,8888.0,8740.8,8820.2,42422,52779,0.0,IM2605,2026-05-15,contract_code_cffex_rule
2026-05-12,8839.0,8839.0,8740.0,8798.2,34602,45964,0.0,IM2605,2026-05-15,contract_code_cffex_rule
2026-05-13,8770.0,8967.8,8755.2,8961.0,36691,39533,0.0,IM2605,2026-05-15,contract_code_cffex_rule
2026-05-14,8999.6,8999.6,8783.4,8786.0,42004,31055,0.0,IM2605,2026-05-15,contract_code_cffex_rule
2026-05-15,8817.8,8845.4,8660.0,8698.4,25696,16299,0.0,IM2605,2026-05-15,contract_code_cffex_rule
2025-10-20,6744.6,6749.4,6604.6,6637.4,11429,11067,0.0,IM2606,2026-06-22,contract_code_cffex_rule
2025-10-21,6662.0,6801.2,6658.8,6753.6,10398,12634,0.0,IM2606,2026-06-22,contract_code_cffex_rule
2025-10-22,6738.6,6771.0,6701.0,6736.0,8259,15098,0.0,IM2606,2026-06-22,contract_code_cffex_rule
2025-10-23,6726.6,6756.8,6596.4,6748.4,10647,17720,0.0,IM2606,2026-06-22,contract_code_cffex_rule
2025-10-24,6771.2,6859.8,6764.6,6859.8,9336,18930,0.0,IM2606,2026-06-22,contract_code_cffex_rule
2025-10-27,6925.0,6965.0,6875.2,6891.6,8513,20144,0.0,IM2606,2026-06-22,contract_code_cffex_rule
2025-10-28,6880.0,6989.6,6878.2,6907.2,8213,21509,0.0,IM2606,2026-06-22,contract_code_cffex_rule
2025-10-29,6921.2,7025.0,6906.4,7023.0,8939,22730,0.0,IM2606,2026-06-22,contract_code_cffex_rule
2025-10-30,7022.8,7024.0,6913.8,6950.0,11946,26879,0.0,IM2606,2026-06-22,contract_code_cffex_rule
2025-10-31,6952.8,7057.8,6950.0,6960.0,12192,27841,0.0,IM2606,2026-06-22,contract_code_cffex_rule
2025-11-03,6970.0,7000.0,6870.2,6988.6,11456,29514,0.0,IM2606,2026-06-22,contract_code_cffex_rule
2025-11-04,6978.0,6978.0,6804.2,6866.0,12174,31914,0.0,IM2606,2026-06-22,contract_code_cffex_rule
2025-11-05,6806.8,6924.2,6787.0,6886.4,10799,31574,0.0,IM2606,2026-06-22,contract_code_cffex_rule
2025-11-06,6905.0,6985.0,6877.0,6974.6,8930,31987,0.0,IM2606,2026-06-22,contract_code_cffex_rule
2025-11-07,6960.0,7013.8,6916.0,6975.0,8055,33179,0.0,IM2606,2026-06-22,contract_code_cffex_rule
2025-11-10,7005.0,7039.0,6928.2,6984.2,9944,34712,0.0,IM2606,2026-06-22,contract_code_cffex_rule
2025-11-11,7005.0,7036.6,6935.4,6949.8,8829,35188,0.0,IM2606,2026-06-22,contract_code_cffex_rule
2025-11-12,6941.0,6971.0,6857.0,6919.8,12840,37310,0.0,IM2606,2026-06-22,contract_code_cffex_rule
2025-11-13,6915.0,7027.0,6891.0,7012.0,10943,36251,0.0,IM2606,2026-06-22,contract_code_cffex_rule
2025-11-14,6974.0,7007.2,6912.0,6913.4,10057,37997,0.0,IM2606,2026-06-22,contract_code_cffex_rule
2025-11-17,6923.0,6966.8,6893.2,6927.8,9607,37827,0.0,IM2606,2026-06-22,contract_code_cffex_rule
2025-11-18,6920.0,6931.0,6845.4,6887.8,12230,41073,0.0,IM2606,2026-06-22,contract_code_cffex_rule
2025-11-19,6884.0,6923.8,6793.6,6838.6,12626,42548,0.0,IM2606,2026-06-22,contract_code_cffex_rule
2025-11-20,6878.8,6895.0,6791.0,6807.0,11972,43805,0.0,IM2606,2026-06-22,contract_code_cffex_rule
2025-11-21,6750.0,6783.0,6571.0,6574.4,25249,51820,0.0,IM2606,2026-06-22,contract_code_cffex_rule
2025-11-24,6620.0,6696.0,6575.0,6662.0,16812,50687,0.0,IM2606,2026-06-22,contract_code_cffex_rule
2025-11-25,6695.4,6816.0,6695.4,6725.6,15495,51382,0.0,IM2606,2026-06-22,contract_code_cffex_rule
2025-11-26,6727.2,6788.0,6709.0,6725.8,14169,52564,0.0,IM2606,2026-06-22,contract_code_cffex_rule
2025-11-27,6737.8,6804.0,6708.4,6720.0,14010,53075,0.0,IM2606,2026-06-22,contract_code_cffex_rule
2025-11-28,6730.0,6788.6,6708.2,6787.2,12409,53255,0.0,IM2606,2026-06-22,contract_code_cffex_rule
2025-12-01,6810.0,6854.4,6786.2,6813.2,11041,54075,0.0,IM2606,2026-06-22,contract_code_cffex_rule
2025-12-02,6809.6,6809.6,6752.0,6768.8,10822,55881,0.0,IM2606,2026-06-22,contract_code_cffex_rule
2025-12-03,6776.0,6796.8,6709.2,6731.0,14413,57778,0.0,IM2606,2026-06-22,contract_code_cffex_rule
2025-12-04,6739.0,6759.4,6678.0,6748.2,12279,56566,0.0,IM2606,2026-06-22,contract_code_cffex_rule
2025-12-05,6749.8,6849.0,6688.4,6846.0,15250,57953,0.0,IM2606,2026-06-22,contract_code_cffex_rule
2025-12-08,6865.0,6933.6,6865.0,6900.2,14519,58906,0.0,IM2606,2026-06-22,contract_code_cffex_rule
2025-12-09,6890.0,6921.4,6861.4,6869.4,11357,59887,0.0,IM2606,2026-06-22,contract_code_cffex_rule
2025-12-10,6860.4,6900.0,6817.0,6878.0,13817,62097,0.0,IM2606,2026-06-22,contract_code_cffex_rule
2025-12-11,6900.0,6908.4,6808.0,6820.6,15306,64935,0.0,IM2606,2026-06-22,contract_code_cffex_rule
2025-12-12,6836.0,6899.0,6804.0,6880.0,17722,65089,0.0,IM2606,2026-06-22,contract_code_cffex_rule
2025-12-15,6840.0,6883.2,6816.0,6828.2,16389,66800,0.0,IM2606,2026-06-22,contract_code_cffex_rule
2025-12-16,6820.0,6821.8,6673.4,6716.6,21223,71404,0.0,IM2606,2026-06-22,contract_code_cffex_rule
2025-12-17,6720.4,6856.0,6682.6,6830.2,24965,74944,0.0,IM2606,2026-06-22,contract_code_cffex_rule
2025-12-18,6800.0,6885.0,6791.2,6822.2,18703,73498,0.0,IM2606,2026-06-22,contract_code_cffex_rule
2025-12-19,6846.0,6933.0,6831.0,6902.0,21482,77606,0.0,IM2606,2026-06-22,contract_code_cffex_rule
2025-12-22,6935.4,7013.2,6930.0,6964.0,15624,75148,0.0,IM2606,2026-06-22,contract_code_cffex_rule
2025-12-23,6975.2,7005.0,6939.4,6959.2,15500,76379,0.0,IM2606,2026-06-22,contract_code_cffex_rule
2025-12-24,6960.6,7113.8,6955.8,7088.6,19750,76752,0.0,IM2606,2026-06-22,contract_code_cffex_rule
2025-12-25,7095.0,7207.6,7069.0,7183.0,19437,76915,0.0,IM2606,2026-06-22,contract_code_cffex_rule
2025-12-26,7201.4,7292.8,7186.2,7234.0,26977,81327,0.0,IM2606,2026-06-22,contract_code_cffex_rule
2025-12-29,7247.0,7269.6,7183.8,7206.0,18633,80352,0.0,IM2606,2026-06-22,contract_code_cffex_rule
2025-12-30,7187.8,7268.6,7184.2,7228.0,18354,80679,0.0,IM2606,2026-06-22,contract_code_cffex_rule
2025-12-31,7245.0,7245.0,7179.0,7198.0,15854,80955,0.0,IM2606,2026-06-22,contract_code_cffex_rule
2026-01-05,7244.0,7405.8,7228.0,7403.4,24252,83969,0.0,IM2606,2026-06-22,contract_code_cffex_rule
2026-01-06,7413.4,7539.0,7413.0,7536.2,27069,84162,0.0,IM2606,2026-06-22,contract_code_cffex_rule
2026-01-07,7538.4,7569.8,7508.0,7535.8,22386,85983,0.0,IM2606,2026-06-22,contract_code_cffex_rule
2026-01-08,7515.4,7634.4,7515.0,7597.2,25009,85159,0.0,IM2606,2026-06-22,contract_code_cffex_rule
2026-01-09,7605.0,7825.0,7588.6,7824.2,31696,89915,0.0,IM2606,2026-06-22,contract_code_cffex_rule
2026-01-12,7880.0,8135.8,7847.0,8104.8,42733,93919,0.0,IM2606,2026-06-22,contract_code_cffex_rule
2026-01-13,8130.0,8130.0,7912.2,7960.4,43725,99430,0.0,IM2606,2026-06-22,contract_code_cffex_rule
2026-01-14,7980.2,8226.0,7871.0,7965.0,52601,102468,0.0,IM2606,2026-06-22,contract_code_cffex_rule
2026-01-15,7915.4,8010.0,7896.8,8007.2,31844,103724,0.0,IM2606,2026-06-22,contract_code_cffex_rule
2026-01-16,8046.0,8098.8,7931.0,7979.0,35452,106709,0.0,IM2606,2026-06-22,contract_code_cffex_rule
2026-01-19,7959.8,8074.8,7925.4,8003.0,33362,106171,0.0,IM2606,2026-06-22,contract_code_cffex_rule
2026-01-20,8010.6,8060.0,7849.0,7946.0,38608,105636,0.0,IM2606,2026-06-22,contract_code_cffex_rule
2026-01-21,7932.6,8068.0,7900.2,8051.6,34728,105709,0.0,IM2606,2026-06-22,contract_code_cffex_rule
2026-01-22,8065.0,8124.0,8045.0,8119.2,28536,102926,0.0,IM2606,2026-06-22,contract_code_cffex_rule
2026-01-23,8140.0,8368.0,8134.2,8366.2,39676,107740,0.0,IM2606,2026-06-22,contract_code_cffex_rule
2026-01-26,8388.0,8434.4,8102.2,8141.6,46441,106252,0.0,IM2606,2026-06-22,contract_code_cffex_rule
2026-01-27,8121.8,8243.0,7975.2,8220.2,42749,109362,0.0,IM2606,2026-06-22,contract_code_cffex_rule
2026-01-28,8238.0,8272.8,8147.0,8242.6,31617,107190,0.0,IM2606,2026-06-22,contract_code_cffex_rule
2026-01-29,8230.0,8348.0,8150.0,8199.6,39840,111756,0.0,IM2606,2026-06-22,contract_code_cffex_rule
2026-01-30,8176.6,8221.4,7909.4,8143.8,47656,111274,0.0,IM2606,2026-06-22,contract_code_cffex_rule
2026-02-02,8089.4,8120.0,7659.2,7701.6,60249,107833,0.0,IM2606,2026-06-22,contract_code_cffex_rule
2026-02-03,7844.2,8057.0,7810.0,8031.0,42375,105961,0.0,IM2606,2026-06-22,contract_code_cffex_rule
2026-02-04,8010.0,8058.0,7895.8,8045.2,37630,108653,0.0,IM2606,2026-06-22,contract_code_cffex_rule
2026-02-05,8000.0,8005.0,7815.0,7880.2,39134,108025,0.0,IM2606,2026-06-22,contract_code_cffex_rule
2026-02-06,7800.0,7992.2,7707.0,7830.8,39470,109419,0.0,IM2606,2026-06-22,contract_code_cffex_rule
2026-02-09,7944.0,8069.6,7944.0,8063.2,31900,107292,0.0,IM2606,2026-06-22,contract_code_cffex_rule
2026-02-10,8082.0,8092.0,8018.0,8063.0,21631,106809,0.0,IM2606,2026-06-22,contract_code_cffex_rule
2026-02-11,8063.0,8139.8,8062.0,8086.6,19572,106695,0.0,IM2606,2026-06-22,contract_code_cffex_rule
2026-02-12,8106.0,8193.8,8053.0,8182.0,24870,108907,0.0,IM2606,2026-06-22,contract_code_cffex_rule
2026-02-13,8138.0,8157.2,8003.0,8021.6,33376,110563,0.0,IM2606,2026-06-22,contract_code_cffex_rule
2026-02-24,8120.0,8205.0,8070.0,8110.6,34165,113415,0.0,IM2606,2026-06-22,contract_code_cffex_rule
2026-02-25,8150.0,8280.0,8135.0,8247.4,35224,113611,0.0,IM2606,2026-06-22,contract_code_cffex_rule
2026-02-26,8266.2,8284.6,8206.6,8260.4,29516,111036,0.0,IM2606,2026-06-22,contract_code_cffex_rule
2026-02-27,8230.0,8339.2,8213.6,8330.6,35557,114120,0.0,IM2606,2026-06-22,contract_code_cffex_rule
2026-03-02,8260.0,8323.0,8146.4,8230.6,52969,120642,0.0,IM2606,2026-06-22,contract_code_cffex_rule
2026-03-03,8255.2,8277.0,7924.6,7949.4,68726,125408,0.0,IM2606,2026-06-22,contract_code_cffex_rule
2026-03-04,7909.0,8041.4,7853.0,7875.0,57253,124141,0.0,IM2606,2026-06-22,contract_code_cffex_rule
2026-03-05,8010.0,8023.8,7864.0,7928.0,52712,123832,0.0,IM2606,2026-06-22,contract_code_cffex_rule
2026-03-06,7907.6,8035.0,7885.0,8002.0,42061,121308,0.0,IM2606,2026-06-22,contract_code_cffex_rule
2026-03-09,7850.0,7988.0,7640.0,7970.8,69412,132366,0.0,IM2606,2026-06-22,contract_code_cffex_rule
2026-03-10,8050.0,8115.2,8015.0,8102.6,51791,128950,0.0,IM2606,2026-06-22,contract_code_cffex_rule
2026-03-11,8130.0,8159.0,8077.6,8089.2,38657,129804,0.0,IM2606,2026-06-22,contract_code_cffex_rule
2026-03-12,8075.0,8113.6,7980.8,8043.0,50139,133208,0.0,IM2606,2026-06-22,contract_code_cffex_rule
2026-03-13,8024.0,8097.0,7938.0,7951.2,55967,135250,0.0,IM2606,2026-06-22,contract_code_cffex_rule
2026-03-16,7963.8,7974.4,7814.0,7952.8,66103,144888,0.0,IM2606,2026-06-22,contract_code_cffex_rule
2026-03-17,7970.0,7988.8,7760.8,7770.8,78237,151508,0.0,IM2606,2026-06-22,contract_code_cffex_rule
2026-03-18,7815.0,7874.0,7740.2,7844.6,92768,168828,0.0,IM2606,2026-06-22,contract_code_cffex_rule
2026-03-19,7760.0,7786.6,7617.4,7681.0,126183,185709,0.0,IM2606,2026-06-22,contract_code_cffex_rule
2026-03-20,7750.0,7782.0,7557.0,7560.0,152013,199728,0.0,IM2606,2026-06-22,contract_code_cffex_rule
2026-03-23,7459.8,7518.6,7120.2,7190.0,197317,213893,0.0,IM2606,2026-06-22,contract_code_cffex_rule
2026-03-24,7286.0,7402.0,7153.8,7387.2,182407,208156,0.0,IM2606,2026-06-22,contract_code_cffex_rule
2026-03-25,7454.8,7589.0,7446.6,7477.4,139630,194128,0.0,IM2606,2026-06-22,contract_code_cffex_rule
2026-03-26,7463.8,7534.0,7363.6,7375.6,121731,197017,0.0,IM2606,2026-06-22,contract_code_cffex_rule
2026-03-27,7301.0,7562.4,7301.0,7523.8,142109,198341,0.0,IM2606,2026-06-22,contract_code_cffex_rule
2026-03-30,7445.0,7528.0,7323.0,7509.4,146546,199034,0.0,IM2606,2026-06-22,contract_code_cffex_rule
2026-03-31,7509.0,7550.0,7364.0,7379.4,146234,201094,0.0,IM2606,2026-06-22,contract_code_cffex_rule
2026-04-01,7530.0,7567.6,7456.6,7518.6,133854,196543,0.0,IM2606,2026-06-22,contract_code_cffex_rule
2026-04-02,7460.0,7510.0,7311.2,7371.6,133318,204065,0.0,IM2606,2026-06-22,contract_code_cffex_rule
2026-04-03,7411.2,7418.0,7280.2,7309.4,131935,200101,0.0,IM2606,2026-06-22,contract_code_cffex_rule
2026-04-07,7344.2,7437.8,7332.8,7376.6,113811,193891,0.0,IM2606,2026-06-22,contract_code_cffex_rule
2026-04-08,7560.0,7782.0,7560.0,7778.0,142337,202176,0.0,IM2606,2026-06-22,contract_code_cffex_rule
2026-04-09,7710.0,7757.6,7680.2,7709.4,102250,191098,0.0,IM2606,2026-06-22,contract_code_cffex_rule
2026-04-10,7775.0,7869.6,7761.0,7785.8,116023,197340,0.0,IM2606,2026-06-22,contract_code_cffex_rule
2026-04-13,7758.0,7829.8,7751.0,7795.6,96412,188693,0.0,IM2606,2026-06-22,contract_code_cffex_rule
2026-04-14,7872.0,7918.0,7821.8,7913.0,119386,198017,0.0,IM2606,2026-06-22,contract_code_cffex_rule
2026-04-15,7960.0,7982.0,7895.2,7904.6,106521,190136,0.0,IM2606,2026-06-22,contract_code_cffex_rule
2026-04-16,7941.6,8072.2,7923.6,8052.2,114952,201376,0.0,IM2606,2026-06-22,contract_code_cffex_rule
2026-04-17,8030.2,8165.8,8020.0,8132.0,116651,199118,0.0,IM2606,2026-06-22,contract_code_cffex_rule
2026-04-20,8130.0,8223.8,8102.6,8159.2,101568,197522,0.0,IM2606,2026-06-22,contract_code_cffex_rule
2026-04-21,8140.0,8185.8,8092.0,8170.0,98498,193709,0.0,IM2606,2026-06-22,contract_code_cffex_rule
2026-04-22,8141.0,8326.4,8141.0,8322.8,115334,202394,0.0,IM2606,2026-06-22,contract_code_cffex_rule
2026-04-23,8330.0,8337.0,8144.8,8219.2,150090,209404,0.0,IM2606,2026-06-22,contract_code_cffex_rule
2026-04-24,8208.0,8232.0,8115.6,8163.0,143941,209086,0.0,IM2606,2026-06-22,contract_code_cffex_rule
2026-04-27,8181.4,8239.0,8126.8,8199.2,104876,201381,0.0,IM2606,2026-06-22,contract_code_cffex_rule
2026-04-28,8170.0,8195.0,8056.0,8103.6,125973,208766,0.0,IM2606,2026-06-22,contract_code_cffex_rule
2026-04-29,8085.2,8271.0,8070.0,8246.0,122459,205283,0.0,IM2606,2026-06-22,contract_code_cffex_rule
2026-04-30,8255.4,8292.0,8211.8,8279.2,100591,201984,0.0,IM2606,2026-06-22,contract_code_cffex_rule
2026-05-06,8398.0,8553.0,8381.0,8461.6,125707,209410,0.0,IM2606,2026-06-22,contract_code_cffex_rule
2026-05-07,8499.8,8639.6,8491.0,8627.6,105701,203897,0.0,IM2606,2026-06-22,contract_code_cffex_rule
2026-05-08,8590.0,8670.0,8568.2,8642.2,104560,202338,0.0,IM2606,2026-06-22,contract_code_cffex_rule
2026-05-11,8720.0,8794.8,8655.8,8723.0,132269,213675,0.0,IM2606,2026-06-22,contract_code_cffex_rule
2026-05-12,8730.0,8739.2,8644.2,8701.8,118147,202384,0.0,IM2606,2026-06-22,contract_code_cffex_rule
2026-05-13,8673.6,8877.4,8666.0,8870.6,140651,222170,0.0,IM2606,2026-06-22,contract_code_cffex_rule
2026-05-14,8891.4,8908.8,8685.2,8689.8,183972,227104,0.0,IM2606,2026-06-22,contract_code_cffex_rule
2026-05-15,8710.0,8758.2,8505.6,8582.6,225763,244556,0.0,IM2606,2026-06-22,contract_code_cffex_rule
2026-05-18,8563.0,8697.8,8532.2,8632.6,163728,232393,0.0,IM2606,2026-06-22,contract_code_cffex_rule
2026-05-19,8610.0,8721.6,8511.0,8718.6,178213,239001,0.0,IM2606,2026-06-22,contract_code_cffex_rule
2026-05-20,8692.2,8717.2,8581.0,8705.0,170932,222868,0.0,IM2606,2026-06-22,contract_code_cffex_rule
2026-05-21,8765.0,8814.2,8426.2,8438.2,217179,233286,0.0,IM2606,2026-06-22,contract_code_cffex_rule
2026-05-22,8509.8,8651.2,8459.0,8589.8,189189,229122,0.0,IM2606,2026-06-22,contract_code_cffex_rule
2026-05-25,8670.0,8691.4,8570.4,8661.4,158385,214502,0.0,IM2606,2026-06-22,contract_code_cffex_rule
2026-05-26,8645.0,8645.0,8462.6,8596.0,181186,220892,0.0,IM2606,2026-06-22,contract_code_cffex_rule
2026-05-27,8613.0,8664.8,8388.0,8441.2,189151,212514,0.0,IM2606,2026-06-22,contract_code_cffex_rule
2026-05-28,8448.0,8571.6,8367.0,8524.4,189036,215868,0.0,IM2606,2026-06-22,contract_code_cffex_rule
2026-05-29,8574.0,8589.8,8291.6,8344.8,207672,215444,0.0,IM2606,2026-06-22,contract_code_cffex_rule
2026-06-01,8355.0,8450.0,8294.2,8305.8,185978,219745,0.0,IM2606,2026-06-22,contract_code_cffex_rule
2026-06-02,8343.8,8395.0,8190.0,8324.6,175916,210218,0.0,IM2606,2026-06-22,contract_code_cffex_rule
2026-06-03,8330.2,8493.4,8300.4,8368.4,172909,201325,0.0,IM2606,2026-06-22,contract_code_cffex_rule
2026-06-04,8320.0,8400.0,8306.4,8354.8,131965,191874,0.0,IM2606,2026-06-22,contract_code_cffex_rule
2026-06-05,8305.0,8444.6,8240.0,8291.8,181451,200773,0.0,IM2606,2026-06-22,contract_code_cffex_rule
2026-06-08,8117.8,8222.0,7962.0,8072.8,200287,201883,0.0,IM2606,2026-06-22,contract_code_cffex_rule
2026-06-09,8120.0,8261.6,8065.0,8233.4,160340,177843,0.0,IM2606,2026-06-22,contract_code_cffex_rule
2026-06-10,8190.0,8214.8,8053.0,8162.2,154308,177936,0.0,IM2606,2026-06-22,contract_code_cffex_rule
2026-06-11,8145.0,8194.4,8048.0,8126.4,149516,171821,0.0,IM2606,2026-06-22,contract_code_cffex_rule
2026-06-12,8250.0,8323.8,8165.2,8196.8,146950,158171,0.0,IM2606,2026-06-22,contract_code_cffex_rule
2026-06-15,8292.0,8480.6,8285.0,8475.2,134896,137607,0.0,IM2606,2026-06-22,contract_code_cffex_rule
2026-06-16,8471.8,8645.0,8447.0,8602.4,124372,116720,0.0,IM2606,2026-06-22,contract_code_cffex_rule
2026-06-17,8570.0,8696.0,8570.0,8695.0,98806,86061,0.0,IM2606,2026-06-22,contract_code_cffex_rule
2026-06-18,8666.8,8788.0,8646.6,8766.0,78697,57977,0.0,IM2606,2026-06-22,contract_code_cffex_rule
2026-06-22,8790.0,8802.4,8620.4,8774.2,44990,29271,0.0,IM2606,2026-06-22,contract_code_cffex_rule
2026-05-18,8532.6,8624.6,8466.0,8567.8,5107,4864,0.0,IM2607,2026-07-17,contract_code_cffex_rule
2026-05-19,8533.0,8650.4,8443.0,8641.2,6866,5947,0.0,IM2607,2026-07-17,contract_code_cffex_rule
2026-05-20,8613.0,8639.8,8510.8,8626.6,5304,6729,0.0,IM2607,2026-07-17,contract_code_cffex_rule
2026-05-21,8679.2,8738.6,8361.6,8369.8,8529,9314,0.0,IM2607,2026-07-17,contract_code_cffex_rule
2026-05-22,8468.0,8577.0,8392.0,8518.8,6998,9281,0.0,IM2607,2026-07-17,contract_code_cffex_rule
2026-05-25,8576.6,8615.0,8500.6,8588.0,7064,10621,0.0,IM2607,2026-07-17,contract_code_cffex_rule
2026-05-26,8556.4,8572.6,8388.0,8522.8,8506,12166,0.0,IM2607,2026-07-17,contract_code_cffex_rule
2026-05-27,8522.0,8590.8,8314.6,8369.4,9140,13296,0.0,IM2607,2026-07-17,contract_code_cffex_rule
2026-05-28,8352.0,8491.8,8291.0,8451.4,7954,13809,0.0,IM2607,2026-07-17,contract_code_cffex_rule
2026-05-29,8523.0,8523.0,8217.6,8270.0,9392,14985,0.0,IM2607,2026-07-17,contract_code_cffex_rule
2026-06-01,8270.0,8375.6,8222.8,8235.2,10555,16869,0.0,IM2607,2026-07-17,contract_code_cffex_rule
2026-06-02,8260.0,8324.0,8124.2,8256.0,10282,18175,0.0,IM2607,2026-07-17,contract_code_cffex_rule
2026-06-03,8272.0,8420.0,8229.8,8295.8,9928,19319,0.0,IM2607,2026-07-17,contract_code_cffex_rule
2026-06-04,8222.0,8327.0,8222.0,8284.0,7967,19932,0.0,IM2607,2026-07-17,contract_code_cffex_rule
2026-06-05,8245.8,8372.0,8169.4,8214.0,10182,21017,0.0,IM2607,2026-07-17,contract_code_cffex_rule
2026-06-08,8000.0,8149.0,7889.6,8000.6,15010,25314,0.0,IM2607,2026-07-17,contract_code_cffex_rule
2026-06-09,8100.2,8173.2,7992.0,8153.8,16083,28211,0.0,IM2607,2026-07-17,contract_code_cffex_rule
2026-06-10,8102.8,8134.0,7970.8,8080.2,13513,29492,0.0,IM2607,2026-07-17,contract_code_cffex_rule
2026-06-11,8055.0,8114.6,7975.0,8049.0,12505,30546,0.0,IM2607,2026-07-17,contract_code_cffex_rule
2026-06-12,8178.0,8243.4,8093.0,8122.8,15891,33949,0.0,IM2607,2026-07-17,contract_code_cffex_rule
2026-06-15,8178.0,8407.4,8178.0,8403.4,23151,40710,0.0,IM2607,2026-07-17,contract_code_cffex_rule
2026-06-16,8393.0,8557.0,8372.8,8523.8,25572,46919,0.0,IM2607,2026-07-17,contract_code_cffex_rule
2026-06-17,8490.0,8613.0,8490.0,8612.0,29920,56723,0.0,IM2607,2026-07-17,contract_code_cffex_rule
2026-06-18,8592.0,8694.8,8576.8,8679.0,40021,69030,0.0,IM2607,2026-07-17,contract_code_cffex_rule
2026-06-22,8720.0,8739.8,8533.4,8706.2,64293,88681,0.0,IM2607,2026-07-17,contract_code_cffex_rule
2026-06-23,8699.0,8733.0,8532.6,8598.8,65773,87883,0.0,IM2607,2026-07-17,contract_code_cffex_rule
2026-06-24,8575.0,8703.8,8522.0,8667.6,59625,89622,0.0,IM2607,2026-07-17,contract_code_cffex_rule
2026-06-25,8700.0,8763.0,8630.2,8725.8,51012,84690,0.0,IM2607,2026-07-17,contract_code_cffex_rule
2026-06-26,8678.0,8694.2,8468.8,8532.6,63441,90290,0.0,IM2607,2026-07-17,contract_code_cffex_rule
2026-06-29,8549.8,8602.0,8346.2,8514.2,69358,92014,0.0,IM2607,2026-07-17,contract_code_cffex_rule
2026-06-30,8500.8,8726.8,8474.0,8705.2,55195,84586,0.0,IM2607,2026-07-17,contract_code_cffex_rule
2026-07-01,8711.6,8837.0,8688.2,8727.6,58982,83049,0.0,IM2607,2026-07-17,contract_code_cffex_rule
2026-07-02,8640.0,8766.6,8545.2,8570.0,63818,85425,0.0,IM2607,2026-07-17,contract_code_cffex_rule
2026-07-03,8599.0,8671.6,8525.0,8567.2,55429,81093,0.0,IM2607,2026-07-17,contract_code_cffex_rule
2026-07-06,8610.4,8617.6,8406.0,8458.0,61221,84489,0.0,IM2607,2026-07-17,contract_code_cffex_rule
2026-07-07,8425.0,8464.8,8248.6,8296.6,61212,83883,0.0,IM2607,2026-07-17,contract_code_cffex_rule
2026-07-08,8316.8,8328.2,8125.0,8131.2,68781,91392,0.0,IM2607,2026-07-17,contract_code_cffex_rule
2026-07-09,8191.0,8297.8,7994.4,8282.6,73965,85247,0.0,IM2607,2026-07-17,contract_code_cffex_rule
2026-07-10,8297.0,8417.0,8182.0,8186.2,60933,78685,0.0,IM2607,2026-07-17,contract_code_cffex_rule
2026-07-13,8137.0,8183.8,7788.4,7819.0,76815,81930,0.0,IM2607,2026-07-17,contract_code_cffex_rule
2026-07-14,7835.0,7934.0,7684.0,7914.8,75103,75403,0.0,IM2607,2026-07-17,contract_code_cffex_rule
2026-07-15,7958.2,7978.0,7793.6,7835.0,57559,58810,0.0,IM2607,2026-07-17,contract_code_cffex_rule
2026-07-16,7734.0,7861.6,7610.6,7655.0,54531,43395,0.0,IM2607,2026-07-17,contract_code_cffex_rule
2026-07-17,7620.0,7637.8,7203.8,7265.4,39448,23902,0.0,IM2607,2026-07-17,contract_code_cffex_rule
2026-06-23,8590.8,8638.0,8436.8,8515.0,8726,8503,0.0,IM2608,2026-08-21,contract_code_cffex_rule
2026-06-24,8504.4,8611.2,8441.0,8568.0,8861,9852,0.0,IM2608,2026-08-21,contract_code_cffex_rule
2026-06-25,8577.2,8661.2,8526.4,8622.6,8079,12624,0.0,IM2608,2026-08-21,contract_code_cffex_rule
2026-06-26,8582.8,8591.2,8362.0,8424.6,9481,13004,0.0,IM2608,2026-08-21,contract_code_cffex_rule
2026-06-29,8447.8,8494.2,8246.0,8405.6,7738,13904,0.0,IM2608,2026-08-21,contract_code_cffex_rule
2026-06-30,8381.0,8619.8,8372.6,8606.2,6575,13883,0.0,IM2608,2026-08-21,contract_code_cffex_rule
2026-07-01,8606.2,8729.6,8582.0,8620.6,9191,16610,0.0,IM2608,2026-08-21,contract_code_cffex_rule
2026-07-02,8502.0,8654.6,8441.4,8473.0,13183,18259,0.0,IM2608,2026-08-21,contract_code_cffex_rule
2026-07-03,8480.2,8568.0,8428.6,8468.4,11993,19588,0.0,IM2608,2026-08-21,contract_code_cffex_rule
2026-07-06,8528.8,8528.8,8304.4,8362.0,13051,23481,0.0,IM2608,2026-08-21,contract_code_cffex_rule
2026-07-07,8343.8,8364.4,8153.8,8200.0,13689,26210,0.0,IM2608,2026-08-21,contract_code_cffex_rule
2026-07-08,8224.2,8230.2,8039.6,8046.0,17666,32832,0.0,IM2608,2026-08-21,contract_code_cffex_rule
2026-07-09,8088.0,8218.0,7928.4,8207.0,18830,36783,0.0,IM2608,2026-08-21,contract_code_cffex_rule
2026-07-10,8257.2,8326.4,8097.0,8099.2,16770,39413,0.0,IM2608,2026-08-21,contract_code_cffex_rule
2026-07-13,8030.2,8105.2,7723.0,7750.0,29877,52270,0.0,IM2608,2026-08-21,contract_code_cffex_rule
2026-07-14,7768.0,7872.0,7631.6,7854.4,32294,58492,0.0,IM2608,2026-08-21,contract_code_cffex_rule
2026-07-15,7880.0,7918.6,7730.0,7780.4,32113,66494,0.0,IM2608,2026-08-21,contract_code_cffex_rule
2026-07-16,7708.0,7807.4,7563.6,7599.6,46976,85900,0.0,IM2608,2026-08-21,contract_code_cffex_rule
2026-07-17,7588.0,7588.0,7088.0,7118.8,90297,118008,0.0,IM2608,2026-08-21,contract_code_cffex_rule
2026-07-20,7205.0,7282.8,6713.6,6910.0,97418,116948,0.0,IM2608,2026-08-21,contract_code_cffex_rule
2026-07-21,6956.0,7234.0,6694.4,7220.0,83442,118438,0.0,IM2608,2026-08-21,contract_code_cffex_rule
2026-07-22,7167.0,7252.6,7055.4,7091.2,71597,104185,0.0,IM2608,2026-08-21,contract_code_cffex_rule
2026-07-23,7145.2,7220.2,7063.0,7136.4,54505,105492,0.0,IM2608,2026-08-21,contract_code_cffex_rule
2026-07-24,7080.0,7125.0,6932.4,6944.4,57569,102157,0.0,IM2608,2026-08-21,contract_code_cffex_rule
2026-07-27,6930.2,7208.8,6930.2,7207.8,64404,107804,0.0,IM2608,2026-08-21,contract_code_cffex_rule
2026-07-28,7080.0,7137.6,6949.2,7001.4,62996,100000,0.0,IM2608,2026-08-21,contract_code_cffex_rule
2026-07-29,7006.2,7128.0,6877.2,7090.2,77435,112058,0.0,IM2608,2026-08-21,contract_code_cffex_rule
2026-07-30,7063.2,7125.6,6810.0,6885.2,69243,106556,0.0,IM2608,2026-08-21,contract_code_cffex_rule
2026-07-31,7130.2,7242.8,7041.0,7043.4,75253,112159,0.0,IM2608,2026-08-21,contract_code_cffex_rule
2026-08-03,7036.0,7116.6,7031.2,7067.8,42051,100320,0.0,IM2608,2026-08-21,contract_code_cffex_rule
2026-08-04,7126.8,7314.8,7100.0,7256.0,49236,97684,0.0,IM2608,2026-08-21,contract_code_cffex_rule
2026-08-05,7253.0,7510.8,7250.0,7479.2,50025,90775,0.0,IM2608,2026-08-21,contract_code_cffex_rule
2026-08-06,7442.0,7537.8,7408.0,7508.6,53523,85989,0.0,IM2608,2026-08-21,contract_code_cffex_rule
2026-08-07,7523.0,7659.6,7427.4,7655.6,49898,78709,0.0,IM2608,2026-08-21,contract_code_cffex_rule
2026-08-10,7687.8,7696.0,7601.6,7682.8,47167,73842,0.0,IM2608,2026-08-21,contract_code_cffex_rule
2026-08-11,7663.0,7766.4,7623.2,7684.4,41217,67959,0.0,IM2608,2026-08-21,contract_code_cffex_rule
2026-08-12,7696.6,7785.0,7671.0,7754.4,36255,63896,0.0,IM2608,2026-08-21,contract_code_cffex_rule
2026-08-13,7809.6,7849.8,7700.6,7709.4,42568,63274,0.0,IM2608,2026-08-21,contract_code_cffex_rule
2026-08-14,7745.6,7765.0,7665.0,7730.8,39939,61795,0.0,IM2608,2026-08-21,contract_code_cffex_rule
2026-08-17,7760.6,7959.0,7720.8,7955.6,46788,55638,0.0,IM2608,2026-08-21,contract_code_cffex_rule
2026-08-18,7948.0,7968.0,7807.8,7900.8,42950,48947,0.0,IM2608,2026-08-21,contract_code_cffex_rule
2026-08-19,7793.0,7820.0,7497.6,7536.8,55695,47114,0.0,IM2608,2026-08-21,contract_code_cffex_rule
2026-08-20,7600.0,7656.2,7546.0,7585.0,38088,28961,0.0,IM2608,2026-08-21,contract_code_cffex_rule
2026-08-21,7570.0,7642.8,7476.6,7585.0,21454,15265,0.0,IM2608,2026-08-21,contract_code_cffex_rule
2026-01-19,7783.0,7890.8,7750.0,7843.0,11813,11376,0.0,IM2609,2026-09-18,contract_code_cffex_rule
2026-01-20,7864.8,7904.6,7701.0,7778.0,15115,15696,0.0,IM2609,2026-09-18,contract_code_cffex_rule
2026-01-21,7758.4,7900.0,7734.6,7890.0,9540,18658,0.0,IM2609,2026-09-18,contract_code_cffex_rule
2026-01-22,7920.0,7963.8,7879.2,7952.0,9605,20082,0.0,IM2609,2026-09-18,contract_code_cffex_rule
2026-01-23,7998.0,8220.0,7970.6,8219.0,15595,26555,0.0,IM2609,2026-09-18,contract_code_cffex_rule
2026-01-26,8265.0,8283.6,7953.0,7980.2,22189,32692,0.0,IM2609,2026-09-18,contract_code_cffex_rule
2026-01-27,7970.8,8077.4,7822.0,8058.8,17270,35985,0.0,IM2609,2026-09-18,contract_code_cffex_rule
2026-01-28,8080.0,8098.4,7986.0,8075.0,14356,38495,0.0,IM2609,2026-09-18,contract_code_cffex_rule
2026-01-29,8070.0,8186.6,7998.8,8048.0,19400,44584,0.0,IM2609,2026-09-18,contract_code_cffex_rule
2026-01-30,8023.6,8070.0,7764.0,7996.6,19670,47496,0.0,IM2609,2026-09-18,contract_code_cffex_rule
2026-02-02,7920.2,7978.6,7510.0,7548.6,26152,50536,0.0,IM2609,2026-09-18,contract_code_cffex_rule
2026-02-03,7690.0,7906.8,7655.6,7885.8,20281,51362,0.0,IM2609,2026-09-18,contract_code_cffex_rule
2026-02-04,7866.0,7899.0,7744.0,7888.6,16012,53144,0.0,IM2609,2026-09-18,contract_code_cffex_rule
2026-02-05,7840.0,7840.0,7657.8,7720.0,16324,54442,0.0,IM2609,2026-09-18,contract_code_cffex_rule
2026-02-06,7650.0,7827.6,7540.2,7655.6,17497,56496,0.0,IM2609,2026-09-18,contract_code_cffex_rule
2026-02-09,7785.0,7895.2,7785.0,7890.2,13607,57020,0.0,IM2609,2026-09-18,contract_code_cffex_rule
2026-02-10,7902.2,7911.0,7840.4,7886.0,8096,57576,0.0,IM2609,2026-09-18,contract_code_cffex_rule
2026-02-11,7890.0,7959.6,7881.8,7919.0,9747,58865,0.0,IM2609,2026-09-18,contract_code_cffex_rule
2026-02-12,7933.2,8020.0,7888.0,8004.2,11333,60851,0.0,IM2609,2026-09-18,contract_code_cffex_rule
2026-02-13,7961.0,7976.4,7831.0,7852.0,15133,63084,0.0,IM2609,2026-09-18,contract_code_cffex_rule
2026-02-24,7920.0,8025.0,7897.6,7930.4,14139,63573,0.0,IM2609,2026-09-18,contract_code_cffex_rule
2026-02-25,7957.0,8099.0,7957.0,8068.4,14825,64957,0.0,IM2609,2026-09-18,contract_code_cffex_rule
2026-02-26,8090.0,8100.0,8028.6,8073.8,13532,64725,0.0,IM2609,2026-09-18,contract_code_cffex_rule
2026-02-27,8039.0,8137.0,8028.0,8129.4,14155,66848,0.0,IM2609,2026-09-18,contract_code_cffex_rule
2026-03-02,8045.0,8120.0,7957.0,8029.0,21847,70699,0.0,IM2609,2026-09-18,contract_code_cffex_rule
2026-03-03,8055.0,8075.0,7736.8,7766.8,29646,74477,0.0,IM2609,2026-09-18,contract_code_cffex_rule
2026-03-04,7690.2,7847.4,7665.2,7685.6,22630,74389,0.0,IM2609,2026-09-18,contract_code_cffex_rule
2026-03-05,7752.0,7825.0,7666.8,7733.2,20576,74304,0.0,IM2609,2026-09-18,contract_code_cffex_rule
2026-03-06,7700.0,7830.0,7690.0,7802.0,16168,73810,0.0,IM2609,2026-09-18,contract_code_cffex_rule
2026-03-09,7693.6,7787.8,7440.0,7765.0,24377,76825,0.0,IM2609,2026-09-18,contract_code_cffex_rule
2026-03-10,7820.0,7911.6,7815.4,7905.6,19827,76564,0.0,IM2609,2026-09-18,contract_code_cffex_rule
2026-03-11,7915.0,7957.8,7878.8,7886.2,15285,76690,0.0,IM2609,2026-09-18,contract_code_cffex_rule
2026-03-12,7877.0,7905.8,7774.6,7839.2,18452,80185,0.0,IM2609,2026-09-18,contract_code_cffex_rule
2026-03-13,7819.8,7889.0,7732.8,7746.0,18864,80754,0.0,IM2609,2026-09-18,contract_code_cffex_rule
2026-03-16,7750.0,7764.8,7608.8,7742.8,22696,83770,0.0,IM2609,2026-09-18,contract_code_cffex_rule
2026-03-17,7763.0,7780.0,7547.8,7564.2,25331,86544,0.0,IM2609,2026-09-18,contract_code_cffex_rule
2026-03-18,7595.0,7653.6,7527.2,7622.6,24556,88568,0.0,IM2609,2026-09-18,contract_code_cffex_rule
2026-03-19,7550.0,7567.8,7388.6,7449.0,31114,92017,0.0,IM2609,2026-09-18,contract_code_cffex_rule
2026-03-20,7479.0,7550.0,7343.6,7344.0,30166,94812,0.0,IM2609,2026-09-18,contract_code_cffex_rule
2026-03-23,7253.8,7305.0,6910.0,6970.0,42044,98423,0.0,IM2609,2026-09-18,contract_code_cffex_rule
2026-03-24,7065.0,7185.0,6945.4,7173.6,34578,96781,0.0,IM2609,2026-09-18,contract_code_cffex_rule
2026-03-25,7250.0,7371.0,7235.0,7253.0,26625,95343,0.0,IM2609,2026-09-18,contract_code_cffex_rule
2026-03-26,7250.0,7313.0,7142.2,7152.6,23920,96361,0.0,IM2609,2026-09-18,contract_code_cffex_rule
2026-03-27,7090.0,7340.0,7080.0,7301.2,26042,97433,0.0,IM2609,2026-09-18,contract_code_cffex_rule
2026-03-30,7217.8,7306.0,7109.0,7282.6,29413,98948,0.0,IM2609,2026-09-18,contract_code_cffex_rule
2026-03-31,7288.8,7337.0,7145.6,7160.0,29335,100778,0.0,IM2609,2026-09-18,contract_code_cffex_rule
2026-04-01,7280.0,7343.8,7237.4,7302.0,27891,100272,0.0,IM2609,2026-09-18,contract_code_cffex_rule
2026-04-02,7277.0,7289.0,7095.6,7154.4,26693,101892,0.0,IM2609,2026-09-18,contract_code_cffex_rule
2026-04-03,7178.2,7195.0,7065.6,7091.2,23076,102550,0.0,IM2609,2026-09-18,contract_code_cffex_rule
2026-04-07,7130.0,7216.0,7113.0,7156.0,20031,100685,0.0,IM2609,2026-09-18,contract_code_cffex_rule
2026-04-08,7320.0,7565.0,7320.0,7565.0,30668,102811,0.0,IM2609,2026-09-18,contract_code_cffex_rule
2026-04-09,7491.0,7534.6,7456.8,7491.0,22442,100965,0.0,IM2609,2026-09-18,contract_code_cffex_rule
2026-04-10,7550.0,7647.6,7544.8,7566.2,24566,103640,0.0,IM2609,2026-09-18,contract_code_cffex_rule
2026-04-13,7545.0,7606.0,7530.4,7572.6,17593,102006,0.0,IM2609,2026-09-18,contract_code_cffex_rule
2026-04-14,7650.0,7692.0,7600.0,7688.6,22570,104787,0.0,IM2609,2026-09-18,contract_code_cffex_rule
2026-04-15,7729.6,7756.2,7676.4,7687.0,23653,103205,0.0,IM2609,2026-09-18,contract_code_cffex_rule
2026-04-16,7710.0,7848.0,7706.6,7828.4,27443,106588,0.0,IM2609,2026-09-18,contract_code_cffex_rule
2026-04-17,7817.2,7941.0,7796.0,7907.0,28076,107689,0.0,IM2609,2026-09-18,contract_code_cffex_rule
2026-04-20,7924.0,8007.0,7881.0,7941.4,29621,108816,0.0,IM2609,2026-09-18,contract_code_cffex_rule
2026-04-21,7933.2,7967.6,7883.2,7950.0,23994,106406,0.0,IM2609,2026-09-18,contract_code_cffex_rule
2026-04-22,7925.6,8104.4,7924.4,8099.0,27275,106860,0.0,IM2609,2026-09-18,contract_code_cffex_rule
2026-04-23,8112.0,8117.0,7932.0,8001.2,36155,108505,0.0,IM2609,2026-09-18,contract_code_cffex_rule
2026-04-24,7980.2,8019.0,7904.2,7957.8,31375,106287,0.0,IM2609,2026-09-18,contract_code_cffex_rule
2026-04-27,7965.6,8028.0,7925.2,7988.0,24531,105369,0.0,IM2609,2026-09-18,contract_code_cffex_rule
2026-04-28,7977.2,7989.8,7856.0,7902.6,28722,106317,0.0,IM2609,2026-09-18,contract_code_cffex_rule
2026-04-29,7894.0,8072.0,7872.0,8048.6,30977,106456,0.0,IM2609,2026-09-18,contract_code_cffex_rule
2026-04-30,8060.0,8097.0,8018.0,8078.6,25189,105777,0.0,IM2609,2026-09-18,contract_code_cffex_rule
2026-05-06,8171.8,8358.8,8171.8,8268.2,34083,109249,0.0,IM2609,2026-09-18,contract_code_cffex_rule
2026-05-07,8310.0,8443.0,8300.0,8429.0,27524,107954,0.0,IM2609,2026-09-18,contract_code_cffex_rule
2026-05-08,8391.6,8465.6,8373.0,8440.2,25877,109185,0.0,IM2609,2026-09-18,contract_code_cffex_rule
2026-05-11,8505.0,8583.0,8457.0,8514.6,37289,114718,0.0,IM2609,2026-09-18,contract_code_cffex_rule
2026-05-12,8540.0,8540.0,8436.2,8492.0,29017,111744,0.0,IM2609,2026-09-18,contract_code_cffex_rule
2026-05-13,8460.4,8670.8,8458.6,8664.6,36128,117252,0.0,IM2609,2026-09-18,contract_code_cffex_rule
2026-05-14,8701.2,8703.6,8480.4,8485.2,49587,121613,0.0,IM2609,2026-09-18,contract_code_cffex_rule
2026-05-15,8516.8,8559.0,8303.8,8379.8,68146,131015,0.0,IM2609,2026-09-18,contract_code_cffex_rule
2026-05-18,8359.2,8488.8,8329.0,8420.2,46047,125055,0.0,IM2609,2026-09-18,contract_code_cffex_rule
2026-05-19,8392.4,8503.0,8301.2,8499.6,50811,129968,0.0,IM2609,2026-09-18,contract_code_cffex_rule
2026-05-20,8471.8,8489.4,8366.0,8484.0,45145,125437,0.0,IM2609,2026-09-18,contract_code_cffex_rule
2026-05-21,8524.2,8580.4,8220.0,8233.0,72512,138043,0.0,IM2609,2026-09-18,contract_code_cffex_rule
2026-05-22,8295.0,8428.8,8247.4,8370.4,53728,129833,0.0,IM2609,2026-09-18,contract_code_cffex_rule
2026-05-25,8418.2,8459.4,8354.6,8434.6,48454,131803,0.0,IM2609,2026-09-18,contract_code_cffex_rule
2026-05-26,8409.4,8417.6,8236.2,8363.8,58145,134192,0.0,IM2609,2026-09-18,contract_code_cffex_rule
2026-05-27,8360.0,8433.6,8152.2,8209.4,58246,137167,0.0,IM2609,2026-09-18,contract_code_cffex_rule
2026-05-28,8205.0,8328.8,8131.6,8287.4,54627,135095,0.0,IM2609,2026-09-18,contract_code_cffex_rule
2026-05-29,8330.0,8349.0,8059.6,8113.0,63764,139641,0.0,IM2609,2026-09-18,contract_code_cffex_rule
2026-06-01,8134.6,8215.0,8070.0,8081.8,58978,141306,0.0,IM2609,2026-09-18,contract_code_cffex_rule
2026-06-02,8101.0,8176.0,7979.8,8106.4,62980,144585,0.0,IM2609,2026-09-18,contract_code_cffex_rule
2026-06-03,8126.0,8263.6,8075.0,8139.4,61731,141961,0.0,IM2609,2026-09-18,contract_code_cffex_rule
2026-06-04,8090.0,8169.0,8080.4,8124.8,47359,141194,0.0,IM2609,2026-09-18,contract_code_cffex_rule
2026-06-05,8090.0,8207.8,8012.4,8055.6,69348,149159,0.0,IM2609,2026-09-18,contract_code_cffex_rule
2026-06-08,7891.8,7995.0,7740.0,7843.2,82795,154115,0.0,IM2609,2026-09-18,contract_code_cffex_rule
2026-06-09,7900.0,8010.8,7836.4,7993.0,66881,150868,0.0,IM2609,2026-09-18,contract_code_cffex_rule
2026-06-10,7951.8,7967.0,7811.4,7917.0,67079,156017,0.0,IM2609,2026-09-18,contract_code_cffex_rule
2026-06-11,7908.8,7948.8,7813.0,7886.6,66805,157295,0.0,IM2609,2026-09-18,contract_code_cffex_rule
2026-06-12,8000.0,8077.0,7932.0,7958.6,80183,163108,0.0,IM2609,2026-09-18,contract_code_cffex_rule
2026-06-15,8050.0,8245.6,8049.6,8244.6,85423,167732,0.0,IM2609,2026-09-18,contract_code_cffex_rule
2026-06-16,8234.4,8390.4,8215.0,8349.0,89065,177643,0.0,IM2609,2026-09-18,contract_code_cffex_rule
2026-06-17,8330.0,8446.8,8320.0,8445.0,91903,188057,0.0,IM2609,2026-09-18,contract_code_cffex_rule
2026-06-18,8430.0,8533.2,8416.0,8510.0,114746,204527,0.0,IM2609,2026-09-18,contract_code_cffex_rule
2026-06-22,8546.0,8558.0,8367.0,8524.2,158991,221871,0.0,IM2609,2026-09-18,contract_code_cffex_rule
2026-06-23,8501.8,8535.0,8339.2,8403.0,169243,221704,0.0,IM2609,2026-09-18,contract_code_cffex_rule
2026-06-24,8413.2,8520.0,8344.6,8472.4,144567,214962,0.0,IM2609,2026-09-18,contract_code_cffex_rule
2026-06-25,8498.0,8562.0,8430.0,8523.8,144932,216470,0.0,IM2609,2026-09-18,contract_code_cffex_rule
2026-06-26,8480.0,8490.2,8260.2,8319.2,174428,220480,0.0,IM2609,2026-09-18,contract_code_cffex_rule
2026-06-29,8335.0,8393.0,8145.2,8308.6,171721,220381,0.0,IM2609,2026-09-18,contract_code_cffex_rule
2026-06-30,8300.0,8518.8,8270.0,8504.2,146627,210892,0.0,IM2609,2026-09-18,contract_code_cffex_rule
2026-07-01,8500.0,8629.0,8480.0,8517.6,168136,219809,0.0,IM2609,2026-09-18,contract_code_cffex_rule
2026-07-02,8475.4,8556.0,8344.0,8370.2,178178,215598,0.0,IM2609,2026-09-18,contract_code_cffex_rule
2026-07-03,8401.0,8475.0,8337.8,8373.0,152704,212690,0.0,IM2609,2026-09-18,contract_code_cffex_rule
2026-07-06,8403.0,8419.8,8213.0,8265.0,151626,215188,0.0,IM2609,2026-09-18,contract_code_cffex_rule
2026-07-07,8235.0,8274.2,8068.8,8115.2,150751,220115,0.0,IM2609,2026-09-18,contract_code_cffex_rule
2026-07-08,8140.2,8149.8,7965.0,7974.0,167678,232092,0.0,IM2609,2026-09-18,contract_code_cffex_rule
2026-07-09,8034.8,8140.2,7868.2,8127.4,195417,239360,0.0,IM2609,2026-09-18,contract_code_cffex_rule
2026-07-10,8140.2,8244.8,8016.0,8019.4,171301,231960,0.0,IM2609,2026-09-18,contract_code_cffex_rule
2026-07-13,7995.0,8029.8,7651.0,7684.4,200999,247724,0.0,IM2609,2026-09-18,contract_code_cffex_rule
2026-07-14,7720.0,7810.6,7580.0,7788.0,217776,250166,0.0,IM2609,2026-09-18,contract_code_cffex_rule
2026-07-15,7838.0,7846.0,7661.4,7723.2,174869,243227,0.0,IM2609,2026-09-18,contract_code_cffex_rule
2026-07-16,7648.6,7750.2,7511.0,7552.6,192392,256306,0.0,IM2609,2026-09-18,contract_code_cffex_rule
2026-07-17,7520.0,7534.6,7018.8,7065.2,282694,273252,0.0,IM2609,2026-09-18,contract_code_cffex_rule
2026-07-20,7165.2,7237.0,6652.2,6849.8,313762,274654,0.0,IM2609,2026-09-18,contract_code_cffex_rule
2026-07-21,6920.0,7175.8,6641.8,7164.4,294238,269678,0.0,IM2609,2026-09-18,contract_code_cffex_rule
2026-07-22,7148.0,7194.6,6985.8,7028.8,231584,255044,0.0,IM2609,2026-09-18,contract_code_cffex_rule
2026-07-23,7061.0,7159.6,7000.6,7071.6,186983,250139,0.0,IM2609,2026-09-18,contract_code_cffex_rule
2026-07-24,7000.0,7054.8,6866.0,6880.2,207512,253150,0.0,IM2609,2026-09-18,contract_code_cffex_rule
2026-07-27,6880.4,7155.0,6880.4,7148.8,218451,256192,0.0,IM2609,2026-09-18,contract_code_cffex_rule
2026-07-28,7020.0,7075.6,6888.8,6943.2,201223,245782,0.0,IM2609,2026-09-18,contract_code_cffex_rule
2026-07-29,6966.0,7081.0,6825.0,7047.2,264111,270906,0.0,IM2609,2026-09-18,contract_code_cffex_rule
2026-07-30,7033.4,7088.0,6757.6,6845.2,260301,262964,0.0,IM2609,2026-09-18,contract_code_cffex_rule
2026-07-31,7110.0,7205.0,6986.0,6987.8,234697,260164,0.0,IM2609,2026-09-18,contract_code_cffex_rule
2026-08-03,7000.0,7064.2,6976.0,7023.4,144370,248782,0.0,IM2609,2026-09-18,contract_code_cffex_rule
2026-08-04,7073.2,7269.8,7057.8,7211.4,174207,255909,0.0,IM2609,2026-09-18,contract_code_cffex_rule
2026-08-05,7206.4,7466.0,7201.6,7433.8,182820,252228,0.0,IM2609,2026-09-18,contract_code_cffex_rule
2026-08-06,7377.0,7477.0,7352.0,7451.8,171996,246184,0.0,IM2609,2026-09-18,contract_code_cffex_rule
2026-08-07,7450.0,7594.2,7369.0,7590.6,177728,241397,0.0,IM2609,2026-09-18,contract_code_cffex_rule
2026-08-10,7628.8,7631.2,7525.0,7607.2,142720,236892,0.0,IM2609,2026-09-18,contract_code_cffex_rule
2026-08-11,7588.0,7692.0,7547.2,7613.2,154999,241465,0.0,IM2609,2026-09-18,contract_code_cffex_rule
2026-08-12,7633.2,7712.8,7600.0,7677.4,129080,231319,0.0,IM2609,2026-09-18,contract_code_cffex_rule
2026-08-13,7723.0,7776.0,7627.0,7634.2,151812,238326,0.0,IM2609,2026-09-18,contract_code_cffex_rule
2026-08-14,7670.0,7695.0,7597.6,7650.2,146100,231307,0.0,IM2609,2026-09-18,contract_code_cffex_rule
2026-08-17,7675.0,7875.0,7631.4,7875.0,153569,233965,0.0,IM2609,2026-09-18,contract_code_cffex_rule
2026-08-18,7861.0,7882.8,7725.0,7807.0,162697,232234,0.0,IM2609,2026-09-18,contract_code_cffex_rule
2026-08-19,7711.0,7734.6,7430.0,7468.8,208054,253524,0.0,IM2609,2026-09-18,contract_code_cffex_rule
2026-08-20,7550.0,7582.2,7482.8,7516.2,168401,246313,0.0,IM2609,2026-09-18,contract_code_cffex_rule
2026-08-21,7500.0,7575.0,7410.0,7527.0,170783,254020,0.0,IM2609,2026-09-18,contract_code_cffex_rule
2026-04-20,7774.8,7821.0,7710.6,7746.2,8683,8333,0.0,IM2612,2026-12-18,contract_code_cffex_rule
2026-04-21,7740.0,7775.0,7708.0,7756.0,12308,13134,0.0,IM2612,2026-12-18,contract_code_cffex_rule
2026-04-22,7754.0,7904.8,7740.0,7900.0,10921,16849,0.0,IM2612,2026-12-18,contract_code_cffex_rule
2026-04-23,7915.8,7920.0,7740.2,7809.0,13290,19145,0.0,IM2612,2026-12-18,contract_code_cffex_rule
2026-04-24,7784.8,7828.0,7717.0,7761.6,14302,23016,0.0,IM2612,2026-12-18,contract_code_cffex_rule
2026-04-27,7765.2,7834.8,7743.2,7792.0,9750,23802,0.0,IM2612,2026-12-18,contract_code_cffex_rule
2026-04-28,7780.0,7797.2,7669.2,7714.6,12939,27950,0.0,IM2612,2026-12-18,contract_code_cffex_rule
2026-04-29,7679.8,7880.0,7679.8,7855.4,13296,28124,0.0,IM2612,2026-12-18,contract_code_cffex_rule
2026-04-30,7864.2,7912.4,7832.2,7896.0,10095,30755,0.0,IM2612,2026-12-18,contract_code_cffex_rule
2026-05-06,7975.0,8175.0,7975.0,8082.2,11931,33689,0.0,IM2612,2026-12-18,contract_code_cffex_rule
2026-05-07,8124.0,8259.8,8118.2,8249.6,9666,35375,0.0,IM2612,2026-12-18,contract_code_cffex_rule
2026-05-08,8213.0,8282.8,8192.8,8260.0,9839,36395,0.0,IM2612,2026-12-18,contract_code_cffex_rule
2026-05-11,8322.0,8395.0,8273.0,8324.4,14935,37786,0.0,IM2612,2026-12-18,contract_code_cffex_rule
2026-05-12,8346.8,8346.8,8252.0,8298.2,13082,38952,0.0,IM2612,2026-12-18,contract_code_cffex_rule
2026-05-13,8289.6,8482.4,8275.4,8473.2,13964,40928,0.0,IM2612,2026-12-18,contract_code_cffex_rule
2026-05-14,8506.0,8513.8,8299.4,8301.0,20262,45866,0.0,IM2612,2026-12-18,contract_code_cffex_rule
2026-05-15,8320.2,8377.2,8121.2,8194.4,25911,51574,0.0,IM2612,2026-12-18,contract_code_cffex_rule
2026-05-18,8160.0,8298.8,8149.6,8230.6,16651,49203,0.0,IM2612,2026-12-18,contract_code_cffex_rule
2026-05-19,8195.0,8302.4,8115.8,8300.6,18222,50748,0.0,IM2612,2026-12-18,contract_code_cffex_rule
2026-05-20,8275.4,8281.8,8165.2,8273.4,17580,52710,0.0,IM2612,2026-12-18,contract_code_cffex_rule
2026-05-21,8310.8,8364.6,8020.2,8033.0,28557,59018,0.0,IM2612,2026-12-18,contract_code_cffex_rule
2026-05-22,8098.0,8225.4,8050.6,8160.0,19841,57650,0.0,IM2612,2026-12-18,contract_code_cffex_rule
2026-05-25,8219.8,8248.6,8152.0,8223.0,17584,58331,0.0,IM2612,2026-12-18,contract_code_cffex_rule
2026-05-26,8203.8,8216.0,8035.0,8158.8,20513,59554,0.0,IM2612,2026-12-18,contract_code_cffex_rule
2026-05-27,8150.0,8225.0,7950.0,8000.6,21464,62217,0.0,IM2612,2026-12-18,contract_code_cffex_rule
2026-05-28,7983.6,8115.0,7925.0,8076.4,20225,62204,0.0,IM2612,2026-12-18,contract_code_cffex_rule
2026-05-29,8110.0,8137.8,7850.0,7904.8,23396,65726,0.0,IM2612,2026-12-18,contract_code_cffex_rule
2026-06-01,7905.0,8000.0,7860.2,7880.4,22039,66830,0.0,IM2612,2026-12-18,contract_code_cffex_rule
2026-06-02,7905.0,7968.0,7780.2,7900.0,22022,69187,0.0,IM2612,2026-12-18,contract_code_cffex_rule
2026-06-03,7918.0,8049.8,7862.2,7919.6,23285,70421,0.0,IM2612,2026-12-18,contract_code_cffex_rule
2026-06-04,7870.0,7950.8,7867.0,7908.0,17503,68690,0.0,IM2612,2026-12-18,contract_code_cffex_rule
2026-06-05,7888.8,7987.6,7794.0,7831.0,22736,72076,0.0,IM2612,2026-12-18,contract_code_cffex_rule
2026-06-08,7730.0,7771.4,7521.0,7630.0,28169,75443,0.0,IM2612,2026-12-18,contract_code_cffex_rule
2026-06-09,7695.0,7782.8,7618.0,7764.4,22953,74973,0.0,IM2612,2026-12-18,contract_code_cffex_rule
2026-06-10,7720.0,7740.0,7585.0,7689.2,20396,76574,0.0,IM2612,2026-12-18,contract_code_cffex_rule
2026-06-11,7673.0,7721.6,7590.0,7660.6,19867,77727,0.0,IM2612,2026-12-18,contract_code_cffex_rule
2026-06-12,7755.0,7847.4,7711.0,7735.0,24082,78857,0.0,IM2612,2026-12-18,contract_code_cffex_rule
2026-06-15,7815.0,8014.2,7815.0,8012.6,28590,82837,0.0,IM2612,2026-12-18,contract_code_cffex_rule
2026-06-16,8012.0,8153.0,7983.0,8109.8,28593,86394,0.0,IM2612,2026-12-18,contract_code_cffex_rule
2026-06-17,8089.0,8204.0,8080.0,8201.0,22735,88619,0.0,IM2612,2026-12-18,contract_code_cffex_rule
2026-06-18,8183.2,8288.8,8172.0,8270.0,26046,92936,0.0,IM2612,2026-12-18,contract_code_cffex_rule
2026-06-22,8301.0,8310.0,8126.4,8281.0,31029,94592,0.0,IM2612,2026-12-18,contract_code_cffex_rule
2026-06-23,8271.4,8285.0,8099.0,8156.0,26961,95006,0.0,IM2612,2026-12-18,contract_code_cffex_rule
2026-06-24,8156.0,8265.2,8100.0,8221.2,22110,94495,0.0,IM2612,2026-12-18,contract_code_cffex_rule
2026-06-25,8240.0,8303.2,8176.0,8271.2,23977,94628,0.0,IM2612,2026-12-18,contract_code_cffex_rule
2026-06-26,8243.4,8243.4,8008.8,8066.0,28278,97251,0.0,IM2612,2026-12-18,contract_code_cffex_rule
2026-06-29,8066.0,8132.0,7897.0,8051.0,28693,98075,0.0,IM2612,2026-12-18,contract_code_cffex_rule
2026-06-30,8051.0,8254.0,8014.4,8240.0,24463,96669,0.0,IM2612,2026-12-18,contract_code_cffex_rule
2026-07-01,8245.8,8350.0,8208.0,8248.0,30604,99206,0.0,IM2612,2026-12-18,contract_code_cffex_rule
2026-07-02,8185.0,8285.2,8085.0,8109.6,32353,98861,0.0,IM2612,2026-12-18,contract_code_cffex_rule
2026-07-03,8130.2,8208.0,8080.8,8113.4,24371,98496,0.0,IM2612,2026-12-18,contract_code_cffex_rule
2026-07-06,8154.8,8156.4,7960.0,8013.8,26467,101841,0.0,IM2612,2026-12-18,contract_code_cffex_rule
2026-07-07,7984.8,8021.4,7825.2,7870.6,30018,103243,0.0,IM2612,2026-12-18,contract_code_cffex_rule
2026-07-08,7900.0,7905.0,7731.2,7740.2,30533,104939,0.0,IM2612,2026-12-18,contract_code_cffex_rule
2026-07-09,7792.0,7910.4,7650.0,7896.0,35604,109178,0.0,IM2612,2026-12-18,contract_code_cffex_rule
2026-07-10,7913.0,7998.0,7780.0,7780.0,30232,107556,0.0,IM2612,2026-12-18,contract_code_cffex_rule
2026-07-13,7760.0,7794.0,7428.4,7459.6,38854,114602,0.0,IM2612,2026-12-18,contract_code_cffex_rule
2026-07-14,7480.0,7589.0,7364.6,7563.4,38509,116484,0.0,IM2612,2026-12-18,contract_code_cffex_rule
2026-07-15,7605.0,7620.0,7442.8,7499.2,29866,118371,0.0,IM2612,2026-12-18,contract_code_cffex_rule
2026-07-16,7467.8,7528.8,7305.0,7347.0,34682,121285,0.0,IM2612,2026-12-18,contract_code_cffex_rule
2026-07-17,7325.0,7330.0,6816.6,6866.0,55793,127296,0.0,IM2612,2026-12-18,contract_code_cffex_rule
2026-07-20,7020.0,7037.8,6456.6,6650.6,67178,127385,0.0,IM2612,2026-12-18,contract_code_cffex_rule
2026-07-21,6680.0,6978.8,6460.0,6971.4,58797,126493,0.0,IM2612,2026-12-18,contract_code_cffex_rule
2026-07-22,6950.0,7003.4,6792.8,6828.0,46329,123558,0.0,IM2612,2026-12-18,contract_code_cffex_rule
2026-07-23,6857.2,6957.0,6805.6,6876.4,35825,119793,0.0,IM2612,2026-12-18,contract_code_cffex_rule
2026-07-24,6795.0,6856.8,6669.2,6685.0,37899,122161,0.0,IM2612,2026-12-18,contract_code_cffex_rule
2026-07-27,6685.0,6956.2,6685.0,6951.0,40430,120629,0.0,IM2612,2026-12-18,contract_code_cffex_rule
2026-07-28,6852.2,6877.0,6698.0,6754.6,37929,118939,0.0,IM2612,2026-12-18,contract_code_cffex_rule
2026-07-29,6770.0,6904.6,6642.8,6883.0,55092,125388,0.0,IM2612,2026-12-18,contract_code_cffex_rule
2026-07-30,6856.6,6925.0,6600.0,6690.0,52693,121861,0.0,IM2612,2026-12-18,contract_code_cffex_rule
2026-07-31,7000.0,7045.0,6830.0,6830.6,50176,125627,0.0,IM2612,2026-12-18,contract_code_cffex_rule
2026-08-03,6835.0,6903.0,6824.4,6866.2,31141,119634,0.0,IM2612,2026-12-18,contract_code_cffex_rule
2026-08-04,6916.6,7107.0,6897.6,7048.8,36861,121553,0.0,IM2612,2026-12-18,contract_code_cffex_rule
2026-08-05,7045.2,7299.8,7043.2,7269.0,42790,122162,0.0,IM2612,2026-12-18,contract_code_cffex_rule
2026-08-06,7220.0,7294.4,7190.0,7269.0,37406,120054,0.0,IM2612,2026-12-18,contract_code_cffex_rule
2026-08-07,7269.0,7404.0,7186.0,7400.0,40350,120365,0.0,IM2612,2026-12-18,contract_code_cffex_rule
2026-08-10,7439.0,7439.0,7332.0,7413.2,32646,117067,0.0,IM2612,2026-12-18,contract_code_cffex_rule
2026-08-11,7384.8,7490.0,7353.0,7412.2,39092,120531,0.0,IM2612,2026-12-18,contract_code_cffex_rule
2026-08-12,7412.0,7504.4,7396.2,7473.6,30282,116315,0.0,IM2612,2026-12-18,contract_code_cffex_rule
2026-08-13,7510.0,7561.8,7421.8,7433.6,36357,121400,0.0,IM2612,2026-12-18,contract_code_cffex_rule
2026-08-14,7459.0,7492.4,7397.4,7442.4,34645,118508,0.0,IM2612,2026-12-18,contract_code_cffex_rule
2026-08-17,7474.0,7659.4,7423.0,7657.8,37645,121129,0.0,IM2612,2026-12-18,contract_code_cffex_rule
2026-08-18,7640.0,7663.0,7510.0,7586.8,40409,121082,0.0,IM2612,2026-12-18,contract_code_cffex_rule
2026-08-19,7500.0,7520.0,7228.8,7265.6,54815,130133,0.0,IM2612,2026-12-18,contract_code_cffex_rule
2026-08-20,7330.0,7376.0,7280.6,7313.4,46578,129402,0.0,IM2612,2026-12-18,contract_code_cffex_rule
2026-08-21,7296.6,7371.6,7216.0,7314.6,49672,134240,0.0,IM2612,2026-12-18,contract_code_cffex_rule
2026-07-20,6800.0,6857.8,6300.0,6489.8,12521,11330,0.0,IM2703,2027-03-19,contract_code_cffex_rule
2026-07-21,6540.0,6814.6,6308.8,6800.4,14747,14479,0.0,IM2703,2027-03-19,contract_code_cffex_rule
2026-07-22,6784.6,6838.0,6623.0,6662.2,13317,17861,0.0,IM2703,2027-03-19,contract_code_cffex_rule
2026-07-23,6675.0,6785.6,6632.2,6699.0,11041,19433,0.0,IM2703,2027-03-19,contract_code_cffex_rule
2026-07-24,6650.0,6682.6,6494.4,6512.6,13185,22597,0.0,IM2703,2027-03-19,contract_code_cffex_rule
2026-07-27,6511.0,6775.0,6510.0,6771.8,11242,23770,0.0,IM2703,2027-03-19,contract_code_cffex_rule
2026-07-28,6694.0,6699.8,6525.0,6586.0,12222,26213,0.0,IM2703,2027-03-19,contract_code_cffex_rule
2026-07-29,6600.2,6734.2,6473.8,6715.6,14832,29541,0.0,IM2703,2027-03-19,contract_code_cffex_rule
2026-07-30,6697.0,6762.0,6439.4,6527.8,15753,31669,0.0,IM2703,2027-03-19,contract_code_cffex_rule
2026-07-31,6700.0,6876.8,6666.0,6666.0,15163,32686,0.0,IM2703,2027-03-19,contract_code_cffex_rule
2026-08-03,6663.6,6735.0,6660.8,6701.0,9678,32772,0.0,IM2703,2027-03-19,contract_code_cffex_rule
2026-08-04,6740.6,6937.2,6728.8,6884.4,12687,35703,0.0,IM2703,2027-03-19,contract_code_cffex_rule
2026-08-05,6850.0,7135.0,6850.0,7100.0,15397,38013,0.0,IM2703,2027-03-19,contract_code_cffex_rule
2026-08-06,7060.0,7114.8,7025.0,7087.8,14348,38355,0.0,IM2703,2027-03-19,contract_code_cffex_rule
2026-08-07,7090.0,7218.8,7003.6,7217.0,13099,39451,0.0,IM2703,2027-03-19,contract_code_cffex_rule
2026-08-10,7255.0,7255.0,7145.0,7220.0,11170,40143,0.0,IM2703,2027-03-19,contract_code_cffex_rule
2026-08-11,7199.8,7298.6,7162.4,7219.6,12232,42488,0.0,IM2703,2027-03-19,contract_code_cffex_rule
2026-08-12,7230.0,7313.0,7201.4,7281.2,11346,43012,0.0,IM2703,2027-03-19,contract_code_cffex_rule
2026-08-13,7328.0,7364.4,7226.8,7238.2,11952,45160,0.0,IM2703,2027-03-19,contract_code_cffex_rule
2026-08-14,7270.0,7297.4,7205.0,7245.6,10667,45138,0.0,IM2703,2027-03-19,contract_code_cffex_rule
2026-08-17,7275.0,7456.4,7220.6,7452.0,11681,47075,0.0,IM2703,2027-03-19,contract_code_cffex_rule
2026-08-18,7437.4,7455.0,7315.8,7386.2,12669,48094,0.0,IM2703,2027-03-19,contract_code_cffex_rule
2026-08-19,7308.0,7324.0,7043.0,7077.6,16838,52257,0.0,IM2703,2027-03-19,contract_code_cffex_rule
2026-08-20,7120.4,7180.0,7096.8,7128.2,14511,51666,0.0,IM2703,2027-03-19,contract_code_cffex_rule
2026-08-21,7110.2,7185.0,7030.0,7117.0,17535,56215,0.0,IM2703,2027-03-19,contract_code_cffex_rule
