date,mean_standardized_innovation,innovation_rms,n,model,sample
2022-07-22,-0.8287488209360523,0.8459928921928123,4,two_factor_ou,full
2022-07-25,0.06812428121747163,0.7102250001675586,4,two_factor_ou,full
2022-07-26,0.13119594490056255,0.662118502760381,4,two_factor_ou,full
2022-07-27,0.38315041927572346,0.5085260868465892,4,two_factor_ou,full
2022-07-28,0.67489008854023,0.8381424498193127,4,two_factor_ou,full
2022-07-29,0.028657115323126897,0.28777290065714883,4,two_factor_ou,full
2022-08-01,-0.3903369869641369,0.6678950212444207,4,two_factor_ou,full
2022-08-02,0.3154653447225156,1.1166487658492845,4,two_factor_ou,full
2022-08-03,-0.4425345372557965,0.9472068292973841,4,two_factor_ou,full
2022-08-04,-0.07932752125439979,1.6102599080915398,4,two_factor_ou,full
2022-08-05,0.557743555677464,1.0839333173537495,4,two_factor_ou,full
2022-08-08,-0.30864051359610634,1.011541560022373,4,two_factor_ou,full
2022-08-09,-0.050300028427250135,0.8780139142216488,4,two_factor_ou,full
2022-08-10,0.0997846176296637,1.0118654911680451,4,two_factor_ou,full
2022-08-11,0.3443707971319694,0.675951688958292,4,two_factor_ou,full
2022-08-12,0.17704012878657807,0.2648556802570335,3,two_factor_ou,full
2022-08-15,-0.048019076179828986,0.3625058723978343,3,two_factor_ou,full
2022-08-16,-0.23094766771992936,0.6030634846721077,3,two_factor_ou,full
2022-08-17,0.22305096930457513,0.7288770868168765,3,two_factor_ou,full
2022-08-18,0.238635259240928,0.31456932290864226,3,two_factor_ou,full
2022-08-19,0.057654021994499295,0.5365052824074628,3,two_factor_ou,full
2022-08-22,-0.08993926632328246,0.5735994521619514,4,two_factor_ou,full
2022-08-23,-0.3093424904149448,0.7732749604128228,4,two_factor_ou,full
2022-08-24,-0.3873484043543492,0.836230568714165,4,two_factor_ou,full
2022-08-25,-0.17971054812470605,1.1431470092779006,4,two_factor_ou,full
2022-08-26,0.14352540373383327,0.9646904574450469,4,two_factor_ou,full
2022-08-29,0.11272013459106661,1.2648637718312803,4,two_factor_ou,full
2022-08-30,0.08271280677643517,0.873559315007649,4,two_factor_ou,full
2022-08-31,-0.11466079631492038,0.8236613575263085,4,two_factor_ou,full
2022-09-01,0.08694891067859895,0.5246393377425511,4,two_factor_ou,full
2022-09-02,0.3003808846481087,0.9862382484381587,4,two_factor_ou,full
2022-09-05,0.3768512732834806,1.1165734333980484,4,two_factor_ou,full
2022-09-06,0.4728389687798583,1.1212583617239733,4,two_factor_ou,full
2022-09-07,0.25328235156027074,1.3608802119255545,4,two_factor_ou,full
2022-09-08,0.09744574115648641,0.6071339395746568,3,two_factor_ou,full
2022-09-09,0.56505112432841,0.7112866887007049,3,two_factor_ou,full
2022-09-13,-0.21942591541271791,0.4024315732869483,3,two_factor_ou,full
2022-09-14,-0.176253072599866,0.4573439483382924,3,two_factor_ou,full
2022-09-15,-0.7471533897247783,1.1548294731216033,3,two_factor_ou,full
2022-09-16,0.07976675769123534,0.4114064702327129,3,two_factor_ou,full
2022-09-19,-0.6887103165327364,1.0203565875453535,4,two_factor_ou,full
2022-09-20,-0.4271427434215078,0.760433496674843,4,two_factor_ou,full
2022-09-21,-0.1207024928252308,0.626149403645454,4,two_factor_ou,full
2022-09-22,0.836825182315672,1.1289554718979469,4,two_factor_ou,full
2022-09-23,0.7406209957157893,1.0036936313383316,4,two_factor_ou,full
2022-09-26,0.4510122924067548,0.7351179218581149,4,two_factor_ou,full
2022-09-27,0.1616879833485903,0.8668578946443419,4,two_factor_ou,full
2022-09-28,0.6401146079965232,1.130681014623564,4,two_factor_ou,full
2022-09-29,-0.03532995281889412,0.8633523327711562,4,two_factor_ou,full
2022-09-30,-0.6313812187689487,0.8383383065008946,4,two_factor_ou,full
2022-10-10,-0.3036046846590221,0.6422120053542024,4,two_factor_ou,full
2022-10-11,-0.26871025765502854,0.38370102904459596,4,two_factor_ou,full
2022-10-12,-0.39005147122919276,0.9891962645651212,4,two_factor_ou,full
2022-10-13,0.4203202586803181,0.6464735633184211,4,two_factor_ou,full
2022-10-14,0.04022883290664473,0.6538054362802841,3,two_factor_ou,full
2022-10-17,-0.19188304189678132,0.986806018532215,3,two_factor_ou,full
2022-10-18,-0.20672246679190978,0.32200512993519836,3,two_factor_ou,full
2022-10-19,-0.05607175780250806,0.5269016851636618,3,two_factor_ou,full
2022-10-20,-0.2127569405790183,0.47776894681968896,3,two_factor_ou,full
2022-10-21,-0.13592721487364282,0.3042601955589646,3,two_factor_ou,full
2022-10-24,0.10567571529630138,1.0970158484563204,4,two_factor_ou,full
2022-10-25,0.29942764148033185,0.4115496857216375,4,two_factor_ou,full
2022-10-26,0.38179631007598497,0.5787770065997352,4,two_factor_ou,full
2022-10-27,0.6503748021611109,0.9357105756726113,4,two_factor_ou,full
2022-10-28,0.4839379332769047,1.5805137270400076,4,two_factor_ou,full
2022-10-31,-0.5563923977099681,0.8059285859626113,4,two_factor_ou,full
2022-11-01,0.12365582816229374,1.2682900591182877,4,two_factor_ou,full
2022-11-02,0.20737217034215488,0.8711728775726302,4,two_factor_ou,full
2022-11-03,-0.38314817926034345,0.5753081082456325,4,two_factor_ou,full
2022-11-04,0.6473949743372899,1.4819161905340659,4,two_factor_ou,full
2022-11-07,0.45247464259128517,1.4662715433772466,4,two_factor_ou,full
2022-11-08,0.3311998454099276,0.7417804976140663,4,two_factor_ou,full
2022-11-09,0.5900297849856779,1.0561935290090132,4,two_factor_ou,full
2022-11-10,0.43211246446212753,0.8720602289939402,4,two_factor_ou,full
2022-11-11,0.5738523304719433,1.2714828751156868,3,two_factor_ou,full
2022-11-14,0.48558171075881823,1.0644408881749918,3,two_factor_ou,full
2022-11-15,0.25537098368248695,0.4266483052433119,3,two_factor_ou,full
2022-11-16,-0.10463499717997633,0.8310092068218866,3,two_factor_ou,full
2022-11-17,0.3872789566794006,0.8551119508226807,3,two_factor_ou,full
2022-11-18,0.3050973256745028,1.1357343162244253,3,two_factor_ou,full
2022-11-21,0.40951079507611465,0.9670932525400852,4,two_factor_ou,full
2022-11-22,-0.7963599919289649,1.5812790747814207,4,two_factor_ou,full
2022-11-23,0.14905174527660886,0.8012032924459063,4,two_factor_ou,full
2022-11-24,-0.11661510422468696,0.9779033296742518,4,two_factor_ou,full
2022-11-25,0.03586635107431735,0.8919195545865325,4,two_factor_ou,full
2022-11-28,0.05483505364203431,0.4895556981335633,4,two_factor_ou,full
2022-11-29,0.3701315090879852,0.4436137536574642,4,two_factor_ou,full
2022-11-30,-0.16291628736065872,0.43130755450343433,4,two_factor_ou,full
2022-12-01,0.37950337717740273,0.4156675024143113,4,two_factor_ou,full
2022-12-02,0.22318017621930245,0.33263590268630827,4,two_factor_ou,full
2022-12-05,-0.4036124842493533,1.0187599436432846,4,two_factor_ou,full
2022-12-06,-0.17834682684436223,0.6836262952375648,4,two_factor_ou,full
2022-12-07,-0.061134321142598286,0.7231522683265841,4,two_factor_ou,full
2022-12-08,-0.11074919089122852,0.45737737140113865,4,two_factor_ou,full
2022-12-09,-0.07132973213303422,0.17275513771069556,3,two_factor_ou,full
2022-12-12,-0.016035726326351852,0.19878141606452215,3,two_factor_ou,full
2022-12-13,0.2753624912685204,0.3093152559481867,3,two_factor_ou,full
2022-12-14,-0.4935534313337282,0.5418156554445945,3,two_factor_ou,full
2022-12-15,0.21795877586992915,0.27501949881436055,3,two_factor_ou,full
2022-12-16,0.6731374201945647,0.9219687777361151,3,two_factor_ou,full
2022-12-19,0.19540942376824616,0.57174810607944,4,two_factor_ou,full
2022-12-20,0.18526054416707066,0.5655694859500104,4,two_factor_ou,full
2022-12-21,0.455338684339551,0.5083232381979772,4,two_factor_ou,full
2022-12-22,0.7465434739708068,0.8783871219565478,4,two_factor_ou,full
2022-12-23,0.3321980012483106,1.0654157469124426,4,two_factor_ou,full
2022-12-26,0.29825013815114176,0.5894117832754491,4,two_factor_ou,full
2022-12-27,-0.21337911114301117,0.38069783861737994,4,two_factor_ou,full
2022-12-28,0.20894322536881182,0.6166199792144806,4,two_factor_ou,full
2022-12-29,-0.27524565339888285,0.3610641475601172,4,two_factor_ou,full
2022-12-30,-0.42136930675294176,0.6402282572826961,4,two_factor_ou,full
2023-01-03,-0.7112747108919713,0.7935106398512156,4,two_factor_ou,full
2023-01-04,-0.40573553064404316,0.5688027356024062,4,two_factor_ou,full
2023-01-05,-0.3389985095517393,0.7832207593887089,4,two_factor_ou,full
2023-01-06,-0.16728134909891604,0.44204861598197986,4,two_factor_ou,full
2023-01-09,-0.15269415966828628,0.6449707937427991,4,two_factor_ou,full
2023-01-10,0.020364819895833747,0.362568741154399,4,two_factor_ou,full
2023-01-11,-0.09192554820182071,0.6898928724600993,4,two_factor_ou,full
2023-01-12,0.17513239344236808,0.36850613864215187,4,two_factor_ou,full
2023-01-13,0.4937284722072304,0.7058962212694024,3,two_factor_ou,full
2023-01-16,0.22303953571790588,0.5588118720691397,3,two_factor_ou,full
2023-01-17,0.601840098909748,0.731421709681456,3,two_factor_ou,full
2023-01-18,0.6541263985421227,0.8270753619211496,3,two_factor_ou,full
2023-01-19,0.511057347462842,0.6333588677688885,3,two_factor_ou,full
2023-01-20,-0.14333861421551553,0.23450272014761903,3,two_factor_ou,full
2023-01-30,0.9717179320080389,1.7103323310685512,4,two_factor_ou,full
2023-01-31,0.9883643782473277,1.3826890269723053,4,two_factor_ou,full
2023-02-01,0.028482175740903726,1.0337559744378468,4,two_factor_ou,full
2023-02-02,0.13782468863748,1.0109454796978834,4,two_factor_ou,full
2023-02-03,-0.48884958640770315,1.0425450017840774,4,two_factor_ou,full
2023-02-06,-0.07715070132256684,0.8906351208227838,4,two_factor_ou,full
2023-02-07,-0.21361833755586415,0.7006387159396454,4,two_factor_ou,full
2023-02-08,0.28539822237527124,0.6391692369116939,4,two_factor_ou,full
2023-02-09,0.6476004217183173,1.0674617654867342,4,two_factor_ou,full
2023-02-10,-0.01777566751758834,0.7367012910702405,3,two_factor_ou,full
2023-02-13,-0.1455254757450166,0.5885511712074716,3,two_factor_ou,full
2023-02-14,0.004467073073402346,0.11425374410880569,3,two_factor_ou,full
2023-02-15,-0.39175537941191935,0.3928622127169437,3,two_factor_ou,full
2023-02-16,0.2524413622025085,0.4254137901471128,3,two_factor_ou,full
2023-02-17,0.12298726614483917,0.2637878302308721,3,two_factor_ou,full
2023-02-20,-0.5230924569151372,1.4663171676036404,4,two_factor_ou,full
2023-02-21,-0.03608802472643036,0.9759567220064701,4,two_factor_ou,full
2023-02-22,-0.18688397961430273,1.347710331160522,4,two_factor_ou,full
2023-02-23,0.00829556371347331,0.9628355543172906,4,two_factor_ou,full
2023-02-24,0.06883407787225243,0.8445278048697118,4,two_factor_ou,full
2023-02-27,-0.2617740509018746,1.2915841100723753,4,two_factor_ou,full
2023-02-28,0.09669347006009754,0.9648326526403281,4,two_factor_ou,full
2023-03-01,0.05812635805228513,0.8291760757819945,4,two_factor_ou,full
2023-03-02,0.21679461245516973,0.695714938994005,4,two_factor_ou,full
2023-03-03,0.12269511634336079,1.07969959842766,4,two_factor_ou,full
2023-03-06,-0.044336048998718985,1.4502907177805702,4,two_factor_ou,full
2023-03-07,0.26723635761707054,1.0392487073600734,4,two_factor_ou,full
2023-03-08,-0.14552740540471887,1.0825763007070053,4,two_factor_ou,full
2023-03-09,-0.08605900421499404,0.8794946278917634,4,two_factor_ou,full
2023-03-10,0.024399395730895446,0.49039579793477833,3,two_factor_ou,full
2023-03-13,-0.1288527821803914,0.47870478865972976,3,two_factor_ou,full
2023-03-14,-0.09029833336030958,0.3734065718047536,3,two_factor_ou,full
2023-03-15,-0.0175035383701926,0.30442472113848906,3,two_factor_ou,full
2023-03-16,-0.14111130743554975,0.8662181163821018,3,two_factor_ou,full
2023-03-17,0.4238926026536561,0.5321357034392928,3,two_factor_ou,full
2023-03-20,0.15383108723249855,0.6425255532772594,4,two_factor_ou,full
2023-03-21,0.12619521857841254,0.675099960436394,4,two_factor_ou,full
2023-03-22,-0.03090653490650197,0.35403173197728427,4,two_factor_ou,full
2023-03-23,-0.08291935940167429,0.2565560307442729,4,two_factor_ou,full
2023-03-24,0.1822145301452283,0.49251805760278405,4,two_factor_ou,full
2023-03-27,0.09614724540611953,0.4799063369385487,4,two_factor_ou,full
2023-03-28,0.34568363119482287,0.631992193753099,4,two_factor_ou,full
2023-03-29,0.17898716257271335,0.6018137267751914,4,two_factor_ou,full
2023-03-30,0.00898263880273735,0.6143541818925523,4,two_factor_ou,full
2023-03-31,-0.11729694866486481,0.46596217341261204,4,two_factor_ou,full
2023-04-03,0.049120746687618344,0.885771216987712,4,two_factor_ou,full
2023-04-04,0.0814123253008436,0.5836300299445505,4,two_factor_ou,full
2023-04-06,-0.28230957135599843,0.5507243729978554,4,two_factor_ou,full
2023-04-07,-0.20105982641614809,0.5983391327788191,4,two_factor_ou,full
2023-04-10,0.4877709620809902,0.8477603433537809,4,two_factor_ou,full
2023-04-11,-0.12229253113865879,0.7166637132810659,4,two_factor_ou,full
2023-04-12,-0.03024566842131661,0.5547830239081742,4,two_factor_ou,full
2023-04-13,0.09748678090443927,0.5122535659803478,4,two_factor_ou,full
2023-04-14,-0.44186881544189943,0.5574447092711118,3,two_factor_ou,full
2023-04-17,0.07788189690560965,0.3842456406537117,3,two_factor_ou,full
2023-04-18,-0.07056093284506086,0.45167840294421713,3,two_factor_ou,full
2023-04-19,0.2219263292106162,0.4649476407460462,3,two_factor_ou,full
2023-04-20,0.1364489878399938,0.23654594756535172,3,two_factor_ou,full
2023-04-21,-0.15718377686807788,1.041448158278115,3,two_factor_ou,full
2023-04-24,-0.5124859367187681,1.0416675255426318,4,two_factor_ou,full
2023-04-25,0.8083504597224277,1.0236880132869837,4,two_factor_ou,full
2023-04-26,0.18367419328010945,0.5929550519036374,4,two_factor_ou,full
2023-04-27,0.21739133469372313,0.6268559383981382,4,two_factor_ou,full
2023-04-28,0.2354917191297588,0.8061417125696309,4,two_factor_ou,full
2023-05-04,-0.028945346800979627,0.7266603905720818,4,two_factor_ou,full
2023-05-05,-0.04803310878578196,0.20081356447355744,4,two_factor_ou,full
2023-05-08,0.2269074751602701,0.8158284209262984,4,two_factor_ou,full
2023-05-09,0.29858953983709735,0.6109391391560418,4,two_factor_ou,full
2023-05-10,-0.14151701379405135,0.42648543834089186,4,two_factor_ou,full
2023-05-11,0.0548121228055268,0.19829954129694186,4,two_factor_ou,full
2023-05-12,0.3911516138988876,0.3926561830937226,3,two_factor_ou,full
2023-05-15,-0.06445134825459821,0.3899489330198929,3,two_factor_ou,full
2023-05-16,0.24103047412700582,0.2643694682478314,3,two_factor_ou,full
2023-05-17,-0.17580264018702063,0.4328145625925547,3,two_factor_ou,full
2023-05-18,0.11551038160200659,0.17946353815525845,3,two_factor_ou,full
2023-05-19,0.19045469701382578,0.4289737292495499,3,two_factor_ou,full
2023-05-22,0.07603507357041275,0.32453563027259724,4,two_factor_ou,full
2023-05-23,0.27995662031430035,0.5462244752261861,4,two_factor_ou,full
2023-05-24,0.1628981718648322,0.2654633164765779,4,two_factor_ou,full
2023-05-25,0.12692809223995888,0.39283298988941145,4,two_factor_ou,full
2023-05-26,-0.12064012061554748,0.43388848596515195,4,two_factor_ou,full
2023-05-29,0.03924551650939681,0.3614400956687969,4,two_factor_ou,full
2023-05-30,0.016931597014262917,0.28611740399030366,4,two_factor_ou,full
2023-05-31,-0.24224678127188193,0.41480345925038076,4,two_factor_ou,full
2023-06-01,0.3873354620858194,0.6064146346837145,4,two_factor_ou,full
2023-06-02,-0.1639736309121297,0.3972921388314291,4,two_factor_ou,full
2023-06-05,0.002431320707439774,0.5150164641894136,4,two_factor_ou,full
2023-06-06,0.04677739895283739,0.9144363668014892,4,two_factor_ou,full
2023-06-07,0.06050939334802901,0.569885137920323,4,two_factor_ou,full
2023-06-08,0.033984871483879756,0.3654696899926601,4,two_factor_ou,full
2023-06-09,-0.4176472155632904,0.5965527194999046,3,two_factor_ou,full
2023-06-12,-0.22801468622818663,0.27258489308680045,3,two_factor_ou,full
2023-06-13,-0.1901997601881513,0.31485605038179215,3,two_factor_ou,full
2023-06-14,-0.13782814462923507,0.2961429223772067,3,two_factor_ou,full
2023-06-15,0.03147280061911991,0.4424457925712067,3,two_factor_ou,full
2023-06-16,0.022036984798324073,0.31195722207566984,3,two_factor_ou,full
2023-06-19,-0.30302107814171686,0.4955786462362856,4,two_factor_ou,full
2023-06-20,-0.05387736643654018,0.37733337459614563,4,two_factor_ou,full
2023-06-21,0.36235415713042596,0.45833138431402654,4,two_factor_ou,full
2023-06-26,0.34409834810646284,0.7989628971708679,4,two_factor_ou,full
2023-06-27,-0.5909917641891153,0.8750017917476403,4,two_factor_ou,full
2023-06-28,0.426221048963838,0.4427990969186631,4,two_factor_ou,full
2023-06-29,-0.11682341613761234,0.4592470766343334,4,two_factor_ou,full
2023-06-30,0.10628350117306279,0.4513035161195391,4,two_factor_ou,full
2023-07-03,0.1421396360746328,0.5560872480954092,4,two_factor_ou,full
2023-07-04,-0.09235489052583354,0.5197546144691854,4,two_factor_ou,full
2023-07-05,-0.01571891550698154,0.5990383305830599,4,two_factor_ou,full
2023-07-06,0.1759172944693097,0.8043103410900163,4,two_factor_ou,full
2023-07-07,0.29134571767209305,0.4393630635872917,4,two_factor_ou,full
2023-07-10,-0.14053736153617757,0.23794969196147142,4,two_factor_ou,full
2023-07-11,0.02004875181041421,0.16357673273583512,4,two_factor_ou,full
2023-07-12,0.2368523194482232,0.32098910850486095,4,two_factor_ou,full
2023-07-13,0.06030288960429462,0.23534323664837,4,two_factor_ou,full
2023-07-14,0.019061699147106675,0.17292388657025795,3,two_factor_ou,full
2023-07-17,0.12565959001021987,0.3649865889133787,3,two_factor_ou,full
2023-07-18,0.05967551920285178,0.1906209234745452,3,two_factor_ou,full
2023-07-19,0.07949781207406124,0.08082631516956598,3,two_factor_ou,full
2023-07-20,0.21988298078756544,0.23329343108032347,3,two_factor_ou,full
2023-07-21,0.32228511573962754,0.3328783071110483,3,two_factor_ou,full
2023-07-24,0.36527775151295744,0.5911430542449487,4,two_factor_ou,full
2023-07-25,0.2570857846166577,0.4574089065712237,4,two_factor_ou,full
2023-07-26,0.23798644052175097,0.3166200993236854,4,two_factor_ou,full
2023-07-27,0.12151717648005439,0.24974208716727112,4,two_factor_ou,full
2023-07-28,-0.2246785519404716,0.2405178735824613,4,two_factor_ou,full
2023-07-31,-0.13336323354637847,0.2993951233952211,4,two_factor_ou,full
2023-08-01,0.24862379068179813,0.4045401095160485,4,two_factor_ou,full
2023-08-02,0.15299584753557594,0.24956441620827025,4,two_factor_ou,full
2023-08-03,-0.019601829983603686,0.34778773423932585,4,two_factor_ou,full
2023-08-04,0.20612267489897054,0.25909014650164974,4,two_factor_ou,full
2023-08-07,0.3463008471566651,0.4429314515178577,4,two_factor_ou,full
2023-08-08,0.23205875761188255,0.36395137902430275,4,two_factor_ou,full
2023-08-09,0.49897255218772374,0.6372877438761281,4,two_factor_ou,full
2023-08-10,0.331172526924259,0.9435796160126936,4,two_factor_ou,full
2023-08-11,0.264782412568519,0.3461367201652195,3,two_factor_ou,full
2023-08-14,-0.17025637879723998,0.2774192208908478,3,two_factor_ou,full
2023-08-15,0.2765487329291949,0.3009502668718832,3,two_factor_ou,full
2023-08-16,0.24144054825781916,0.30602800623634013,3,two_factor_ou,full
2023-08-17,-0.23306799666077294,0.2565403013617023,3,two_factor_ou,full
2023-08-18,0.5254149263988332,0.6215756306888183,3,two_factor_ou,full
2023-08-21,0.03582665148512132,0.4673379311058171,4,two_factor_ou,full
2023-08-22,-0.09055850212232354,0.37979415621313795,4,two_factor_ou,full
2023-08-23,0.25322870287532495,0.47095165058274385,4,two_factor_ou,full
2023-08-24,-0.25680355463519466,0.5078106003021893,4,two_factor_ou,full
2023-08-25,0.21764632117614835,0.5347604426122128,4,two_factor_ou,full
2023-08-28,-0.5555079821105677,0.6800175672963281,4,two_factor_ou,full
2023-08-29,0.2707332989767963,0.37339921239839424,4,two_factor_ou,full
2023-08-30,0.020395129486483143,0.4854983880083485,4,two_factor_ou,full
2023-08-31,0.0032237671803630324,0.4672260131750519,4,two_factor_ou,full
2023-09-01,-0.08452813890183122,0.32069734053402066,4,two_factor_ou,full
2023-09-04,-0.00812306427534024,0.12338527439596607,4,two_factor_ou,full
2023-09-05,-0.15050799040474575,0.27444967352259775,4,two_factor_ou,full
2023-09-06,0.08910806933634212,0.7942882746053086,4,two_factor_ou,full
2023-09-07,0.05479503673245721,0.2744111732494773,4,two_factor_ou,full
2023-09-08,-0.48389285901669093,0.5452552090487036,3,two_factor_ou,full
2023-09-11,0.13848914695136919,0.3174982428883209,3,two_factor_ou,full
2023-09-12,0.10021495036042767,0.33806696475329967,3,two_factor_ou,full
2023-09-13,-0.2669959014061216,0.2933273540107735,3,two_factor_ou,full
2023-09-14,-0.36754892149640633,0.7655341031856598,3,two_factor_ou,full
2023-09-15,-0.32961533682857236,0.4370436845769536,3,two_factor_ou,full
2023-09-18,-0.1793837679593932,0.5183303905804576,4,two_factor_ou,full
2023-09-19,0.16518694105537013,0.5119303537066571,4,two_factor_ou,full
2023-09-20,0.25586225864160345,0.6182379713405199,4,two_factor_ou,full
2023-09-21,-0.05518991956885198,0.33261771904450543,4,two_factor_ou,full
2023-09-22,0.2177463391128493,0.43668032030864107,4,two_factor_ou,full
2023-09-25,-0.2020184868271679,0.3393640216795202,4,two_factor_ou,full
2023-09-26,-0.09618723242757035,0.4076161476514152,4,two_factor_ou,full
2023-09-27,-0.3728733006594102,0.762105679149344,4,two_factor_ou,full
2023-09-28,-0.36353009873825337,0.538858374544603,4,two_factor_ou,full
2023-10-09,0.0430170475900693,0.4577169413649031,4,two_factor_ou,full
2023-10-10,-0.13440928507728786,0.27974250416757157,4,two_factor_ou,full
2023-10-11,0.010626329961466362,0.6865128889949967,4,two_factor_ou,full
2023-10-12,0.11235726293181018,0.3006892100936319,4,two_factor_ou,full
2023-10-13,0.08214042753927575,0.35259255981825344,3,two_factor_ou,full
2023-10-16,-0.1274183271249593,0.3299923329453332,3,two_factor_ou,full
2023-10-17,-0.18768206186354727,0.331628196606474,3,two_factor_ou,full
2023-10-18,-0.016775325652606494,0.30724973766928165,3,two_factor_ou,full
2023-10-19,-0.3013597137327515,0.5425957356497906,3,two_factor_ou,full
2023-10-20,-0.4082795846770712,0.707111651140499,3,two_factor_ou,full
2023-10-23,-0.7602407264418333,0.8204782001603801,4,two_factor_ou,full
2023-10-24,-0.24467031534523176,0.6941778613915873,4,two_factor_ou,full
2023-10-25,-0.36229237532957626,0.8581154938319742,4,two_factor_ou,full
2023-10-26,-0.2006893683285423,0.5716154072154406,4,two_factor_ou,full
2023-10-27,0.36956156064942186,0.5175881939430726,4,two_factor_ou,full
2023-10-30,0.14248344985169953,0.7994350476715423,4,two_factor_ou,full
2023-10-31,0.17242121898913415,0.4011795578821379,4,two_factor_ou,full
2023-11-01,0.031783998137195846,0.4765559429059641,4,two_factor_ou,full
2023-11-02,-0.04764582632339476,0.6323923497134342,4,two_factor_ou,full
2023-11-03,0.1946603250858252,0.765428690580547,4,two_factor_ou,full
2023-11-06,0.06637093215229409,0.6165825416634944,4,two_factor_ou,full
2023-11-07,-0.07587203748705551,0.8816757064330943,4,two_factor_ou,full
2023-11-08,-0.0094687826260762,1.1877178128214207,4,two_factor_ou,full
2023-11-09,0.16898088140955575,1.2163651345190019,4,two_factor_ou,full
2023-11-10,-0.49379722361169964,0.9422208795653504,3,two_factor_ou,full
2023-11-13,-0.8251668991616613,1.0233316906826218,3,two_factor_ou,full
2023-11-14,-0.7084647621473836,0.8393279676099561,3,two_factor_ou,full
2023-11-15,-0.4798280018115331,0.8500926818508381,3,two_factor_ou,full
2023-11-16,-0.5049583245772077,0.5477990287799291,3,two_factor_ou,full
2023-11-17,-0.6001661078243695,0.9699216000473059,3,two_factor_ou,full
2023-11-20,-0.5031838110348521,0.928190430664897,4,two_factor_ou,full
2023-11-21,-0.09400183502752281,0.8844362807641784,4,two_factor_ou,full
2023-11-22,0.48444257150686665,1.0447222106343232,4,two_factor_ou,full
2023-11-23,0.4932994949193299,0.573054217602109,4,two_factor_ou,full
2023-11-24,0.16804268204959022,0.6881630533510886,4,two_factor_ou,full
2023-11-27,-0.3918286574672619,0.6928053436471215,4,two_factor_ou,full
2023-11-28,-0.23526093835673711,0.9754346289318034,4,two_factor_ou,full
2023-11-29,-0.04033278571980792,0.9051492664497169,4,two_factor_ou,full
2023-11-30,-0.5151170514157261,1.470982983860202,4,two_factor_ou,full
2023-12-01,-0.23057943253991997,1.2404139626118509,4,two_factor_ou,full
2023-12-04,-0.18905222994793283,1.6847232248942752,4,two_factor_ou,full
2023-12-05,-0.8930721982900094,1.7811954949124875,4,two_factor_ou,full
2023-12-06,-0.5176234523752928,1.3424762490929745,4,two_factor_ou,full
2023-12-07,1.4646760766950289,1.6579636289301933,4,two_factor_ou,full
2023-12-08,0.4627993531419301,1.188565727656566,3,two_factor_ou,full
2023-12-11,0.031107060626232697,0.659791914759403,3,two_factor_ou,full
2023-12-12,0.14499113290530832,0.673222643584539,3,two_factor_ou,full
2023-12-13,-0.46504874350728315,0.6142965880292897,3,two_factor_ou,full
2023-12-14,0.025815199779752513,0.26721802418604174,3,two_factor_ou,full
2023-12-15,0.014691976106097774,0.6454554384713498,3,two_factor_ou,full
2023-12-18,0.24275502724392448,0.6875911377249783,4,two_factor_ou,full
2023-12-19,0.2322057036428616,0.5827737558462617,4,two_factor_ou,full
2023-12-20,0.0657049113136216,0.22430694614699617,4,two_factor_ou,full
2023-12-21,-0.17952607903672643,0.49019993072676715,4,two_factor_ou,full
2023-12-22,-0.104635322374357,0.6410137795838129,4,two_factor_ou,full
2023-12-25,-0.6045295862825523,0.6525703516572244,4,two_factor_ou,full
2023-12-26,-0.1523803834070246,0.49674963621856166,4,two_factor_ou,full
2023-12-27,-0.18646554327831527,0.4736916182240558,4,two_factor_ou,full
2023-12-28,0.4589556666623931,0.7282881016849617,4,two_factor_ou,full
2023-12-29,0.23871611934520434,0.6583031952679945,4,two_factor_ou,full
2024-01-02,0.13328595412040797,1.0907603307517593,4,two_factor_ou,full
2024-01-03,0.07551767491322445,0.4675170200788128,4,two_factor_ou,full
2024-01-04,-0.1584004838975002,0.19493245643067514,4,two_factor_ou,full
2024-01-05,-0.42343388456255837,0.6262764715936503,4,two_factor_ou,full
2024-01-08,-0.6030355541834311,1.9132081010718633,4,two_factor_ou,full
2024-01-09,0.12654579726091247,0.49173243116443455,4,two_factor_ou,full
2024-01-10,-0.033254499589327746,0.5735996374904068,4,two_factor_ou,full
2024-01-11,0.5644691139587051,0.6089784635271058,4,two_factor_ou,full
2024-01-12,-0.4955319558964119,0.666650449799477,3,two_factor_ou,full
2024-01-15,-0.1878301838233175,0.6929788209812973,3,two_factor_ou,full
2024-01-16,-0.02989594883745429,0.5800003859849182,3,two_factor_ou,full
2024-01-17,-0.5874726552076539,2.4769157775283555,3,two_factor_ou,full
2024-01-18,0.13021580955174597,1.2124729839801829,3,two_factor_ou,full
2024-01-19,0.4244285491022191,1.3346806172458083,3,two_factor_ou,full
2024-01-22,-1.4753606002892141,5.188570915779984,3,two_factor_ou,full
2024-01-23,0.6067791495815373,3.3080553499601786,4,two_factor_ou,full
2024-01-24,0.2702687759748512,1.7703302701552746,4,two_factor_ou,full
2024-01-25,0.8003603323561657,2.089135993722908,4,two_factor_ou,full
2024-01-26,-1.0395575271795985,1.7598199759535476,4,two_factor_ou,full
2024-01-29,0.01635500483082819,1.8008118941112294,4,two_factor_ou,full
2024-01-30,-0.3739326563623055,1.8707840648910632,4,two_factor_ou,full
2024-01-31,-0.30379132014258625,1.4502902230513417,4,two_factor_ou,full
2024-02-01,0.14385478316432082,1.3977321170311234,4,two_factor_ou,full
2024-02-02,-1.4072378642847587,1.4739754293512422,3,two_factor_ou,full
2024-02-05,-3.440878185055015,5.211712767175603,2,two_factor_ou,full
2024-02-06,4.7705563455199576,6.760739601302669,3,two_factor_ou,full
2024-02-07,2.0678356574522745,2.0847307142657305,3,two_factor_ou,full
2024-02-08,0.06534088445106856,0.8808672708726524,3,two_factor_ou,full
2024-02-19,-1.6590930795515542,2.088718073033942,3,two_factor_ou,full
2024-02-20,0.013252922483334345,1.3370012316663182,4,two_factor_ou,full
2024-02-21,-0.11714134033454968,1.1116320685684649,4,two_factor_ou,full
2024-02-22,0.49190090666642355,1.2764027830481062,4,two_factor_ou,full
2024-02-23,0.049493820232221125,1.221792876460051,4,two_factor_ou,full
2024-02-26,-0.39748806084919613,0.9969275656389613,4,two_factor_ou,full
2024-02-27,0.38866324854815426,1.272973101300356,4,two_factor_ou,full
2024-02-28,-0.33008300339007657,1.1267467983158157,4,two_factor_ou,full
2024-02-29,0.381220207215274,1.3505396111195773,4,two_factor_ou,full
2024-03-01,0.05475841899250705,1.1087793358454547,4,two_factor_ou,full
2024-03-04,-0.2758044380415776,1.6688458033556803,4,two_factor_ou,full
2024-03-05,0.1050828875689161,2.2363109220716293,4,two_factor_ou,full
2024-03-06,0.3407756636364934,1.270523308297802,4,two_factor_ou,full
2024-03-07,-0.036697374388976065,1.1127101134313238,4,two_factor_ou,full
2024-03-08,-0.4616877669431964,1.0465892888660058,3,two_factor_ou,full
2024-03-11,-0.4969719147495646,1.3920386339398296,3,two_factor_ou,full
2024-03-12,-0.31350368395071265,1.2440387166101252,3,two_factor_ou,full
2024-03-13,-0.12375631016512512,1.1687731802449148,3,two_factor_ou,full
2024-03-14,-0.3966342104318136,1.0370621271123375,3,two_factor_ou,full
2024-03-15,0.3732834658635424,1.5634735170180876,3,two_factor_ou,full
2024-03-18,0.10439729450396629,1.4036742837431055,4,two_factor_ou,full
2024-03-19,-0.2525107141884258,1.1671247536516705,4,two_factor_ou,full
2024-03-20,-0.25416135767088127,1.1418063777675271,4,two_factor_ou,full
2024-03-21,-0.1834906517115254,0.9037675872215478,4,two_factor_ou,full
2024-03-22,-0.4117604920487786,1.1265308287779343,4,two_factor_ou,full
2024-03-25,-0.7781211671140005,1.4299567510162006,4,two_factor_ou,full
2024-03-26,-0.5625431660732573,1.0785557143394329,4,two_factor_ou,full
2024-03-27,-0.5923823245794159,0.6776269938096509,4,two_factor_ou,full
2024-03-28,-0.3661449082014472,1.2202662854592918,4,two_factor_ou,full
2024-03-29,-0.3491012678747391,1.4920543603128007,4,two_factor_ou,full
2024-04-01,0.2978389251584492,1.4754801793911272,4,two_factor_ou,full
2024-04-02,-0.11336842912569228,1.0188232818079201,4,two_factor_ou,full
2024-04-03,-0.5946494626814857,0.9675874263765254,4,two_factor_ou,full
2024-04-08,-0.6401614259799765,1.289669407480194,4,two_factor_ou,full
2024-04-09,0.08345512540338154,0.8540361430168224,4,two_factor_ou,full
2024-04-10,-0.3121406326559258,0.7222059347742426,4,two_factor_ou,full
2024-04-11,-0.2987141461064392,0.9070528754181334,4,two_factor_ou,full
2024-04-12,-0.6921997836805422,1.0769936838137912,3,two_factor_ou,full
2024-04-15,-0.8464798529530033,1.4277771925278984,3,two_factor_ou,full
2024-04-16,-0.2121420697610791,1.0227085264618432,3,two_factor_ou,full
2024-04-17,-0.06495428609805236,1.7104397338624828,3,two_factor_ou,full
2024-04-18,-0.14274859422143674,1.2322342761079392,3,two_factor_ou,full
2024-04-19,-0.5295681046311772,1.371616444312236,3,two_factor_ou,full
2024-04-22,0.5063764065872196,1.5165742228381072,4,two_factor_ou,full
2024-04-23,-0.21603350389364645,0.9638882305452814,4,two_factor_ou,full
2024-04-24,0.3980210856469486,1.9832967996154736,4,two_factor_ou,full
2024-04-25,-0.2623218942287162,1.2500024412916861,4,two_factor_ou,full
2024-04-26,0.5260095456927107,1.8443525424235896,4,two_factor_ou,full
2024-04-29,0.550182746560822,1.6372499123619753,4,two_factor_ou,full
2024-04-30,0.08753889618774535,1.2079283116280735,4,two_factor_ou,full
2024-05-06,0.4962165970279342,1.1458642044349467,4,two_factor_ou,full
2024-05-07,-0.22360068667995706,0.6956753198208903,4,two_factor_ou,full
2024-05-08,-0.5531275652885677,0.8364415254585503,4,two_factor_ou,full
2024-05-09,0.2994493494259307,0.8276672437616691,4,two_factor_ou,full
2024-05-10,-0.27627217821494915,0.6065328827716671,3,two_factor_ou,full
2024-05-13,-0.4361972577003494,0.610266750163085,3,two_factor_ou,full
2024-05-14,-0.02504215562865573,0.3260795342854314,3,two_factor_ou,full
2024-05-15,-0.06972913235580103,0.7121401967996815,3,two_factor_ou,full
2024-05-16,-0.00045840757681026023,0.39782458721078723,3,two_factor_ou,full
2024-05-17,0.6244822035433569,1.2355740558649115,3,two_factor_ou,full
2024-05-20,-0.17402324748436615,0.7639505081344574,4,two_factor_ou,full
2024-05-21,-0.23290442946449258,0.6280557278170436,4,two_factor_ou,full
2024-05-22,-0.022531722662686327,0.311277605358774,4,two_factor_ou,full
2024-05-23,-0.1599947331821448,0.5131983952992512,4,two_factor_ou,full
2024-05-24,-0.2167688067227974,0.58826258208901,4,two_factor_ou,full
2024-05-27,-0.26924132970632164,0.49321661185521654,4,two_factor_ou,full
2024-05-28,-0.5183942255531244,0.5740586468773564,4,two_factor_ou,full
2024-05-29,-0.287283306832646,0.6064009883694276,4,two_factor_ou,full
2024-05-30,-0.18727978081836513,1.1362651813624691,4,two_factor_ou,full
2024-05-31,-0.057678125262149826,0.8082067722092443,4,two_factor_ou,full
2024-06-03,-0.4876701682031206,1.1577708550769692,4,two_factor_ou,full
2024-06-04,-0.046301594725454476,0.973804187660792,4,two_factor_ou,full
2024-06-05,-0.22270579554484313,0.9922813718518114,4,two_factor_ou,full
2024-06-06,-0.18513126146604172,0.9536455926157599,4,two_factor_ou,full
2024-06-07,-0.07852367555631584,0.5300968980220703,4,two_factor_ou,full
2024-06-11,-0.03651176645029758,0.729731363512489,4,two_factor_ou,full
2024-06-12,-0.33518888767035154,0.7506875009442422,4,two_factor_ou,full
2024-06-13,-0.4487374156880992,0.7862459405492065,4,two_factor_ou,full
2024-06-14,0.2203723355265069,1.2794598473094083,3,two_factor_ou,full
2024-06-17,-0.5545490759738608,0.804118694528372,3,two_factor_ou,full
2024-06-18,0.25155973380966307,0.6866286654107163,3,two_factor_ou,full
2024-06-19,-0.5079704048001409,0.57071235896086,3,two_factor_ou,full
2024-06-20,-0.2113059932112494,0.2975076996690102,3,two_factor_ou,full
2024-06-21,-0.04841997450209264,0.31837125462950355,3,two_factor_ou,full
2024-06-24,-0.49422945123918915,0.7382301688390005,4,two_factor_ou,full
2024-06-25,-0.28973258343333846,0.6503206557989419,4,two_factor_ou,full
2024-06-26,0.05479158276884978,0.44266907003776373,4,two_factor_ou,full
2024-06-27,-0.30372158647739556,0.8272062875847568,4,two_factor_ou,full
2024-06-28,0.061676160756686305,0.7146949979661856,4,two_factor_ou,full
2024-07-01,0.2156534639892076,0.514236527557123,4,two_factor_ou,full
2024-07-02,0.005124705134485097,0.47280804838942675,4,two_factor_ou,full
2024-07-03,-0.03223958642433965,0.2832185477506202,4,two_factor_ou,full
2024-07-04,-0.3544313467182949,0.6569440865461594,4,two_factor_ou,full
2024-07-05,0.058643879678376504,0.3986213793315326,4,two_factor_ou,full
2024-07-08,-0.3819427403152508,0.6409526248400603,4,two_factor_ou,full
2024-07-09,0.25785934064795857,0.5816309857757711,4,two_factor_ou,full
2024-07-10,0.2751302975125318,0.4243226519700266,4,two_factor_ou,full
2024-07-11,0.33229409796382914,0.4310346956430679,4,two_factor_ou,full
2024-07-12,0.15284496012411086,0.445931904887646,3,two_factor_ou,full
2024-07-15,-0.3072892892551448,0.4817087760683043,3,two_factor_ou,full
2024-07-16,-0.4043856488980479,0.42120763414117185,3,two_factor_ou,full
2024-07-17,-0.5914161345443388,0.6843825185308837,3,two_factor_ou,full
2024-07-18,-0.14185697093247807,0.5779332714009953,3,two_factor_ou,full
2024-07-19,-0.04631447155061356,0.36054054190032964,3,two_factor_ou,full
2024-07-22,0.12208072798795006,0.4925063745876217,4,two_factor_ou,full
2024-07-23,-0.44804669031934985,0.5691754090576108,4,two_factor_ou,full
2024-07-24,-0.337921027739503,0.5658200888160634,4,two_factor_ou,full
2024-07-25,-0.10992807665332383,0.6681857417132574,4,two_factor_ou,full
2024-07-26,0.014569571560789585,0.818981491654044,4,two_factor_ou,full
2024-07-29,-0.4688752908314181,0.5272069569280563,4,two_factor_ou,full
2024-07-30,0.10248319297683742,0.6824366179036523,4,two_factor_ou,full
2024-07-31,1.5170944637922061,2.176753785335832,4,two_factor_ou,full
2024-08-01,-0.3025679862374027,0.7941490121782945,4,two_factor_ou,full
2024-08-02,-0.2974582831370639,0.5442955077586543,4,two_factor_ou,full
2024-08-05,-0.3576825674384529,0.9724717414504418,4,two_factor_ou,full
2024-08-06,0.038354785761151144,0.6189703626350274,4,two_factor_ou,full
2024-08-07,-0.3148054588369155,0.5000323533170268,4,two_factor_ou,full
2024-08-08,0.2610174550293818,1.0474229481905164,4,two_factor_ou,full
2024-08-09,-0.47444938899703853,0.8270003800999184,3,two_factor_ou,full
2024-08-12,0.34430706568098435,0.6415139074080816,3,two_factor_ou,full
2024-08-13,-0.013169987671761918,0.40335957123900135,3,two_factor_ou,full
2024-08-14,-0.49661878954837774,0.5787676178020469,3,two_factor_ou,full
2024-08-15,-0.2220758880190882,0.48180842299038423,3,two_factor_ou,full
2024-08-16,-0.10377282365878067,0.27295910890888697,3,two_factor_ou,full
2024-08-19,-0.020501411476091677,0.8285572494183242,4,two_factor_ou,full
2024-08-20,-0.380023990958469,0.7000289075540885,4,two_factor_ou,full
2024-08-21,-0.03777592138554548,0.9422176261897088,4,two_factor_ou,full
2024-08-22,-0.46876070688442567,1.115628044294071,4,two_factor_ou,full
2024-08-23,-0.035525897209088275,1.10643565056627,4,two_factor_ou,full
2024-08-26,-0.06055592378587271,0.8672375461373866,4,two_factor_ou,full
2024-08-27,-0.2988548803900291,1.1020912559370477,4,two_factor_ou,full
2024-08-28,-0.2976386602813261,0.7601595801210209,4,two_factor_ou,full
2024-08-29,0.07826560384587683,0.9458028039617209,4,two_factor_ou,full
2024-08-30,0.044930671356360516,0.803387950082344,4,two_factor_ou,full
2024-09-02,-0.4068409147734436,0.608404947371126,4,two_factor_ou,full
2024-09-03,-0.313483248367339,0.5280410388014534,4,two_factor_ou,full
2024-09-04,-0.11947113756566104,0.6998799898757597,4,two_factor_ou,full
2024-09-05,0.018448989237780024,0.7832917585426861,4,two_factor_ou,full
2024-09-06,-0.501077572403079,0.8233100624894939,4,two_factor_ou,full
2024-09-09,-0.08147732472926883,0.747255792226881,4,two_factor_ou,full
2024-09-10,0.024392091359169796,0.6211702097491939,4,two_factor_ou,full
2024-09-11,-0.05599004395009418,0.5947201917854823,3,two_factor_ou,full
2024-09-12,0.04160436161412325,0.5316625772251564,3,two_factor_ou,full
2024-09-13,-0.13229372440110435,0.692842415078901,3,two_factor_ou,full
2024-09-18,-0.7087143888010418,0.9845350574908841,3,two_factor_ou,full
2024-09-19,-0.12340346671446478,0.5833492607152234,3,two_factor_ou,full
2024-09-20,-0.2647477170330037,0.8589973768312041,3,two_factor_ou,full
2024-09-23,0.23830301395655715,0.5875875881764365,4,two_factor_ou,full
2024-09-24,0.8182157842044477,1.5143765565212357,4,two_factor_ou,full
2024-09-25,0.1889356506574294,0.7654310451719255,4,two_factor_ou,full
2024-09-26,1.03928864282905,3.6984173390085173,4,two_factor_ou,full
2024-09-27,2.3406521769052864,3.7408273920396433,3,two_factor_ou,full
2024-09-30,-2.1942278633817294,4.135596733226995,4,two_factor_ou,full
2024-10-08,0.6009097082463211,3.462323690432482,4,two_factor_ou,full
2024-10-09,0.15017688327467055,0.7457582184282735,4,two_factor_ou,full
2024-10-10,0.3551589015030417,1.2754790866000376,4,two_factor_ou,full
2024-10-11,0.2761514851292709,0.8768507507230564,3,two_factor_ou,full
2024-10-14,-0.6675689411856807,0.7966732357795189,3,two_factor_ou,full
2024-10-15,-0.9251828170712589,1.0273439901857082,3,two_factor_ou,full
2024-10-16,0.46616533831627743,0.9427601934702623,3,two_factor_ou,full
2024-10-17,-0.7594802359665905,1.0520721671976556,3,two_factor_ou,full
2024-10-18,1.7574395360589605,2.1685109593633856,3,two_factor_ou,full
2024-10-21,0.28314574932214326,1.1265816984435166,4,two_factor_ou,full
2024-10-22,-0.08589866825016629,1.2407857026088223,4,two_factor_ou,full
2024-10-23,0.10810538487127747,1.2072330414080794,4,two_factor_ou,full
2024-10-24,-0.021707188495542207,1.092110590416621,4,two_factor_ou,full
2024-10-25,0.3674434588125094,1.2259472121475916,4,two_factor_ou,full
2024-10-28,-0.1396265974398011,1.4303418116468158,4,two_factor_ou,full
2024-10-29,-0.22291889381818553,0.9717443060730646,4,two_factor_ou,full
2024-10-30,-0.295169335121764,0.762253806169191,4,two_factor_ou,full
2024-10-31,-0.2051885758618542,0.9214536057134479,4,two_factor_ou,full
2024-11-01,0.1257942086784637,0.828308940092143,4,two_factor_ou,full
2024-11-04,-0.10231290421721317,1.156380387343956,4,two_factor_ou,full
2024-11-05,-0.038299395943013015,0.6127302312775886,4,two_factor_ou,full
2024-11-06,-0.36887381999274693,0.762091174451779,4,two_factor_ou,full
2024-11-07,0.20336821253502363,0.3742555839289562,4,two_factor_ou,full
2024-11-08,-0.3399003275566203,0.7683878358576687,3,two_factor_ou,full
2024-11-11,-0.7138027462693294,1.2277143279624014,3,two_factor_ou,full
2024-11-12,-0.03967780577807118,0.27368095122173824,3,two_factor_ou,full
2024-11-13,0.006009532595020369,0.38959201694958234,3,two_factor_ou,full
2024-11-14,-0.15480605144788342,1.3346709695350127,3,two_factor_ou,full
2024-11-15,-0.0387921549233361,0.4670019990651828,3,two_factor_ou,full
2024-11-18,-0.1483415884536775,0.5769473475426907,4,two_factor_ou,full
2024-11-19,0.15840669546847844,0.6576708544824469,4,two_factor_ou,full
2024-11-20,-0.24425413489767298,0.8053875412144215,4,two_factor_ou,full
2024-11-21,-0.09095288307014832,0.9354836027736702,4,two_factor_ou,full
2024-11-22,-0.7109390730308804,1.719278003776981,4,two_factor_ou,full
2024-11-25,0.12405111082039233,0.9379124260853557,4,two_factor_ou,full
2024-11-26,-0.023019606729215825,0.9597950528411245,4,two_factor_ou,full
2024-11-27,0.890736493518293,0.9945686251609597,4,two_factor_ou,full
2024-11-28,-0.3068826273170886,1.1853664621209334,4,two_factor_ou,full
2024-11-29,0.5488304470431999,0.8319746260469323,4,two_factor_ou,full
2024-12-02,0.20386489293957058,1.190490696822357,4,two_factor_ou,full
2024-12-03,0.33590970565729455,0.8355762858716516,4,two_factor_ou,full
2024-12-04,0.083583238194263,0.7739320760567219,4,two_factor_ou,full
2024-12-05,-0.13005203674802795,0.7538949076739467,4,two_factor_ou,full
2024-12-06,0.15989344780108172,0.6739444134328774,4,two_factor_ou,full
2024-12-09,-0.07460493546735433,1.213825087052059,4,two_factor_ou,full
2024-12-10,0.39221274909234854,0.9459606785311943,4,two_factor_ou,full
2024-12-11,-0.014539560698008921,0.6575545293601476,4,two_factor_ou,full
2024-12-12,-0.041004783825973196,0.626204774313222,4,two_factor_ou,full
2024-12-13,-0.46580819125556666,0.9088958644032805,3,two_factor_ou,full
2024-12-16,-0.6581971403532086,0.9524281292079589,3,two_factor_ou,full
2024-12-17,0.050332825752046596,0.46130138571345797,3,two_factor_ou,full
2024-12-18,-0.0894357427566879,0.4161611944552387,3,two_factor_ou,full
2024-12-19,0.2526078317839671,0.41518016616949266,3,two_factor_ou,full
2024-12-20,-0.1502106072931371,0.6002363688002046,3,two_factor_ou,full
2024-12-23,0.36849322473712576,0.5878041888037979,4,two_factor_ou,full
2024-12-24,0.227177409845704,0.5756438367933289,4,two_factor_ou,full
2024-12-25,0.17973535906353463,0.4194242116283662,4,two_factor_ou,full
2024-12-26,0.0606768506854558,0.47379061840727776,4,two_factor_ou,full
2024-12-27,0.21771672385211244,0.4630680498823504,4,two_factor_ou,full
2024-12-30,0.15458192768735096,0.41591926877793917,4,two_factor_ou,full
2024-12-31,-0.0572688297170525,0.699446100254787,4,two_factor_ou,full
2025-01-02,-0.14994790445404885,0.6010227839288468,4,two_factor_ou,full
2025-01-03,0.1677151608079422,0.6557159026024056,4,two_factor_ou,full
2025-01-06,-0.10799983963160666,0.3836993948607417,4,two_factor_ou,full
2025-01-07,0.03961986849329438,0.5980426229436668,4,two_factor_ou,full
2025-01-08,0.17226166886602617,0.6909244110766786,4,two_factor_ou,full
2025-01-09,0.11605347666594978,1.2444467966433812,4,two_factor_ou,full
2025-01-10,0.26946815527573714,0.6797172621102298,3,two_factor_ou,full
2025-01-13,0.3366934803880644,0.4264910043623444,3,two_factor_ou,full
2025-01-14,0.2878119546699102,0.4448953015614438,3,two_factor_ou,full
2025-01-15,-0.07080101089420349,0.5109108668922069,3,two_factor_ou,full
2025-01-16,0.17235857037929833,0.7686944017753615,3,two_factor_ou,full
2025-01-17,0.43369010894232457,0.5354291468590482,3,two_factor_ou,full
2025-01-20,0.31754818778296673,0.4849570218978892,4,two_factor_ou,full
2025-01-21,0.12038922231589541,0.5189387981189046,4,two_factor_ou,full
2025-01-22,0.199011333015921,0.6850251480841857,4,two_factor_ou,full
2025-01-23,-0.12230637495228003,0.28700484664280407,4,two_factor_ou,full
2025-01-24,0.32694575880831794,0.8730080900622761,4,two_factor_ou,full
2025-01-27,-0.1367546223420678,0.7546914019017225,4,two_factor_ou,full
2025-02-05,-0.016212781051626803,0.247040625225552,4,two_factor_ou,full
2025-02-06,0.009449515080783108,0.2877845473156406,4,two_factor_ou,full
2025-02-07,0.18357120939672394,0.39167727231507926,4,two_factor_ou,full
2025-02-10,-0.0734870538842666,0.8273633685485521,4,two_factor_ou,full
2025-02-11,-0.06245984576028918,0.6119202316295146,4,two_factor_ou,full
2025-02-12,-0.1641270040560355,0.1773514958099765,4,two_factor_ou,full
2025-02-13,-0.13189330299524277,0.953247346904221,4,two_factor_ou,full
2025-02-14,-0.254097227830189,0.37556903650393103,3,two_factor_ou,full
2025-02-17,-0.5250978550420902,0.5473151452864993,3,two_factor_ou,full
2025-02-18,0.08744503050257539,0.8067854087431168,3,two_factor_ou,full
2025-02-19,-0.25640396377354774,0.34593632995811835,3,two_factor_ou,full
2025-02-20,-0.19324860560077342,0.8726762332383374,3,two_factor_ou,full
2025-02-21,0.285010527392033,0.6176029887841037,3,two_factor_ou,full
2025-02-24,-0.4565173228813052,1.1226788068231959,4,two_factor_ou,full
2025-02-25,-0.30330419995070806,1.115099085815928,4,two_factor_ou,full
2025-02-26,-0.753570347433558,1.2598158925360687,4,two_factor_ou,full
2025-02-27,0.09003483481909516,0.8993978675736272,4,two_factor_ou,full
2025-02-28,0.009002571075062388,1.2780749232394704,4,two_factor_ou,full
2025-03-03,-0.11866554228670875,0.9294227533392138,4,two_factor_ou,full
2025-03-04,-0.07481367577140932,1.0954294234468402,4,two_factor_ou,full
2025-03-05,-0.16505024441070776,1.382532283505595,4,two_factor_ou,full
2025-03-06,0.11143369663627795,1.0974959457919669,4,two_factor_ou,full
2025-03-07,-0.4829760554527418,1.2782359760904227,4,two_factor_ou,full
2025-03-10,-0.2950265186662797,2.069963294956104,4,two_factor_ou,full
2025-03-11,0.002210559285953914,1.0786226658287408,4,two_factor_ou,full
2025-03-12,-0.2748311528083108,1.0108343595981695,4,two_factor_ou,full
2025-03-13,0.26986838789040934,1.079108604399888,4,two_factor_ou,full
2025-03-14,0.8314270178068526,1.4509020491088862,3,two_factor_ou,full
2025-03-17,-0.8679640147448792,1.1203812421326342,3,two_factor_ou,full
2025-03-18,-0.0946934737391278,0.2887791900886522,3,two_factor_ou,full
2025-03-19,-0.22461784785029845,0.7876227726080759,3,two_factor_ou,full
2025-03-20,-0.31691516966317906,0.9290815975908642,3,two_factor_ou,full
2025-03-21,-0.22075165183275702,0.6914088352821232,3,two_factor_ou,full
2025-03-24,-0.03389813517785448,0.6267976361534726,4,two_factor_ou,full
2025-03-25,0.008313072061331,0.7413269669043109,4,two_factor_ou,full
2025-03-26,-0.03835066973949244,0.5960081813402401,4,two_factor_ou,full
2025-03-27,-0.2779330637515355,0.9477389280347805,4,two_factor_ou,full
2025-03-28,-0.2472006413545046,0.7986978307471658,4,two_factor_ou,full
2025-03-31,-0.34998435579071946,0.6674332197966689,4,two_factor_ou,full
2025-04-01,-0.40284860193276373,0.49886933814504225,4,two_factor_ou,full
2025-04-02,0.019551409295242128,0.6109747243627703,4,two_factor_ou,full
2025-04-03,-0.1356787187972522,0.48597664656706047,4,two_factor_ou,full
2025-04-07,-0.6296749909968786,4.55637359238693,4,two_factor_ou,full
2025-04-08,-1.8654651595005014,3.3735682832981295,4,two_factor_ou,full
2025-04-09,0.14036342812878935,0.8029020665954029,4,two_factor_ou,full
2025-04-10,0.10417194905353572,0.7560722844619863,4,two_factor_ou,full
2025-04-11,-0.13386954475148036,1.0870428336070097,3,two_factor_ou,full
2025-04-14,-1.3455459744912244,1.5676604969147407,3,two_factor_ou,full
2025-04-15,-0.7909100016453386,1.713315671920285,3,two_factor_ou,full
2025-04-16,-0.6640184461284121,1.4137008787708047,3,two_factor_ou,full
2025-04-17,0.5040150632481224,1.2958177263456603,3,two_factor_ou,full
2025-04-18,-0.21093721036582705,0.9074215629662139,3,two_factor_ou,full
2025-04-21,0.290189092050818,0.9793867539132436,4,two_factor_ou,full
2025-04-22,-0.2668525398293995,0.8628532116723577,4,two_factor_ou,full
2025-04-23,0.33061857205979217,1.0092158837864433,4,two_factor_ou,full
2025-04-24,-0.14313756483080092,1.1121579088441589,4,two_factor_ou,full
2025-04-25,0.03538434879172847,1.101325226828077,4,two_factor_ou,full
2025-04-28,-0.09500961206592295,1.0374924042364004,4,two_factor_ou,full
2025-04-29,-0.3077808915299514,1.0554100651422331,4,two_factor_ou,full
2025-04-30,-0.5814065781045787,1.0724680101501614,4,two_factor_ou,full
2025-05-06,-0.24428845692025147,0.6932115767613615,4,two_factor_ou,full
2025-05-07,-0.205753893769125,0.4861856902320629,4,two_factor_ou,full
2025-05-08,-0.1881568775733432,0.8418816509163319,4,two_factor_ou,full
2025-05-09,-0.1561081658520408,0.29753741717101806,3,two_factor_ou,full
2025-05-12,-0.20519526370434651,0.5137978999968177,3,two_factor_ou,full
2025-05-13,-0.504094725688639,0.718659417808653,3,two_factor_ou,full
2025-05-14,0.19719589618667707,0.7703626511540235,3,two_factor_ou,full
2025-05-15,-0.41325464311369303,0.7098070412706832,3,two_factor_ou,full
2025-05-16,-0.8080026633029583,0.8755459306558127,3,two_factor_ou,full
2025-05-19,-1.1228234135309043,1.4489700316229237,4,two_factor_ou,full
2025-05-20,-1.3202212953733978,1.5236822848004512,4,two_factor_ou,full
2025-05-21,-0.5509184409436718,0.7665621350131002,4,two_factor_ou,full
2025-05-22,-0.30183847625042715,0.7678119886382689,4,two_factor_ou,full
2025-05-23,-0.2823804434711413,0.6357957509572993,4,two_factor_ou,full
2025-05-26,-0.8969194876510262,1.3245576914421242,4,two_factor_ou,full
2025-05-27,-0.34233460752221523,0.656113961640652,4,two_factor_ou,full
2025-05-28,0.047823416838762706,0.5510567462213283,4,two_factor_ou,full
2025-05-29,0.34750676802805774,1.2718658780890864,4,two_factor_ou,full
2025-05-30,-0.32538864412758434,0.9552520408088596,4,two_factor_ou,full
2025-06-03,-0.5316249265987801,0.7291534125412782,4,two_factor_ou,full
2025-06-04,-0.2765131946926376,0.48072777396778926,4,two_factor_ou,full
2025-06-05,-0.17829267338341678,0.37029520005602756,4,two_factor_ou,full
2025-06-06,0.05540911642856863,0.5804960394033855,4,two_factor_ou,full
2025-06-09,0.27318632905194445,0.613715337114132,4,two_factor_ou,full
2025-06-10,-0.01615860896635049,0.5094931767782003,4,two_factor_ou,full
2025-06-11,0.1945727927655927,0.5514506720575357,4,two_factor_ou,full
2025-06-12,-0.08304214332032499,0.3305254776331508,4,two_factor_ou,full
2025-06-13,-0.030414944521360992,0.40131400425186525,3,two_factor_ou,full
2025-06-16,0.006007290622537613,0.23747063454775236,3,two_factor_ou,full
2025-06-17,0.027748852978574778,0.25790599068255443,3,two_factor_ou,full
2025-06-18,-0.30191253019616043,0.46838426360622376,3,two_factor_ou,full
2025-06-19,0.06225359706138891,0.8410918640279519,3,two_factor_ou,full
2025-06-20,0.7824218808032611,0.8842975900618072,3,two_factor_ou,full
2025-06-23,-0.058119808815433216,0.47298280221360645,4,two_factor_ou,full
2025-06-24,0.7361745385241205,0.8941575639418662,4,two_factor_ou,full
2025-06-25,1.2667898150920514,1.517770499434413,4,two_factor_ou,full
2025-06-26,0.7744653338739924,1.1743433084632096,4,two_factor_ou,full
2025-06-27,0.14971553493540013,0.8347664440427868,4,two_factor_ou,full
2025-06-30,-0.35136239308730755,1.196995226233032,4,two_factor_ou,full
2025-07-01,-0.5329370523813388,1.18698869628183,4,two_factor_ou,full
2025-07-02,0.2925521439835357,0.9765975537170518,4,two_factor_ou,full
2025-07-03,0.050498548002784305,0.9776851888292941,4,two_factor_ou,full
2025-07-04,0.025909325970825514,0.5968004956029606,4,two_factor_ou,full
2025-07-07,-0.17170872992649874,1.003098799488407,4,two_factor_ou,full
2025-07-08,0.42681618281345324,0.9714605440764369,4,two_factor_ou,full
2025-07-09,-0.010194866714381579,0.6439515303960087,4,two_factor_ou,full
2025-07-10,0.2374975619150243,0.8268848139303436,4,two_factor_ou,full
2025-07-11,0.6853079704600801,0.9029452898181143,3,two_factor_ou,full
2025-07-14,0.026903149204451225,0.7928901923361971,3,two_factor_ou,full
2025-07-15,0.1051575367237339,0.4929696571449164,3,two_factor_ou,full
2025-07-16,0.02650388927919552,0.6103575468553433,3,two_factor_ou,full
2025-07-17,0.1827598994770642,0.6187307842430951,3,two_factor_ou,full
2025-07-18,0.07382197017530577,0.36578921074485554,3,two_factor_ou,full
2025-07-21,0.14179747113455474,0.7339195993500822,4,two_factor_ou,full
2025-07-22,0.3454397695400028,0.4950857015663162,4,two_factor_ou,full
2025-07-23,0.27143411354585756,0.3975681514862296,4,two_factor_ou,full
2025-07-24,0.4646030246551324,0.7477608652686952,4,two_factor_ou,full
2025-07-25,0.06723477808580472,0.7257821785112305,4,two_factor_ou,full
2025-07-28,-0.19008811501323192,0.8204658892620386,4,two_factor_ou,full
2025-07-29,0.03207309905975919,0.725185300540258,4,two_factor_ou,full
2025-07-30,-0.07358732966424117,0.6310685626983505,4,two_factor_ou,full
2025-07-31,-0.10610500169961204,0.8522801753430042,4,two_factor_ou,full
2025-08-01,0.0705754672738686,1.2056583691588703,4,two_factor_ou,full
2025-08-04,0.2109391452320854,0.8581181895261276,4,two_factor_ou,full
2025-08-05,-0.22560825896208556,0.9504717492144322,4,two_factor_ou,full
2025-08-06,0.3066131047324402,0.7815095304537004,4,two_factor_ou,full
2025-08-07,-0.2618317979433169,1.119744486270042,4,two_factor_ou,full
2025-08-08,-0.17657968710767205,0.6082966862874135,3,two_factor_ou,full
2025-08-11,0.2174354193536784,0.8105398638460989,3,two_factor_ou,full
2025-08-12,0.17350469777860866,0.5710460802833877,3,two_factor_ou,full
2025-08-13,0.8613484011293471,1.0237571200156714,3,two_factor_ou,full
2025-08-14,0.4860339112119745,0.710383927438454,3,two_factor_ou,full
2025-08-15,0.9782592725689816,1.1689219658910674,3,two_factor_ou,full
2025-08-18,0.8609608881551576,1.8724510386779198,4,two_factor_ou,full
2025-08-19,-0.08376037822836502,1.0745406142244236,4,two_factor_ou,full
2025-08-20,0.6197190901396933,1.1311294693175418,4,two_factor_ou,full
2025-08-21,-0.12137612198633911,0.9634529640711575,4,two_factor_ou,full
2025-08-22,0.1501490856675161,0.9962180180845371,4,two_factor_ou,full
2025-08-25,0.012701890478834917,1.4352514162605572,4,two_factor_ou,full
2025-08-26,-0.19117393765401225,0.9414022225069929,4,two_factor_ou,full
2025-08-27,-0.40887709605371864,0.885147803495484,4,two_factor_ou,full
2025-08-28,-0.736911065903953,1.1283908929645536,4,two_factor_ou,full
2025-08-29,-0.606543713031251,1.2068761010451077,4,two_factor_ou,full
2025-09-01,-0.7045300049750903,1.7237579017270657,4,two_factor_ou,full
2025-09-02,0.18563352567956892,1.2953279410732645,4,two_factor_ou,full
2025-09-03,-0.5586720785660533,0.9247485989925202,4,two_factor_ou,full
2025-09-04,-0.171725370583659,0.9380071091405916,4,two_factor_ou,full
2025-09-05,0.17897134678871413,0.7800790487450713,4,two_factor_ou,full
2025-09-08,-0.07614546073652348,1.9448540258761997,4,two_factor_ou,full
2025-09-09,-0.0670973772535087,0.9291379704645952,4,two_factor_ou,full
2025-09-10,-0.1592979114776567,1.9169459759938778,4,two_factor_ou,full
2025-09-11,0.504495806608427,1.611033764524272,4,two_factor_ou,full
2025-09-12,-0.8731850980185484,1.3960163424819854,3,two_factor_ou,full
2025-09-15,-0.7066973217271197,1.5735103860243396,3,two_factor_ou,full
2025-09-16,0.34624496445128,1.4389893069654418,3,two_factor_ou,full
2025-09-17,0.337142305289129,1.152268984709959,3,two_factor_ou,full
2025-09-18,-0.6318942418312946,1.8984288125421631,3,two_factor_ou,full
2025-09-19,0.22016438142879258,1.684885334506005,3,two_factor_ou,full
2025-09-22,-0.046866304748178544,1.615736804966742,4,two_factor_ou,full
2025-09-23,-0.31763804820908925,1.6388686227209075,4,two_factor_ou,full
2025-09-24,0.5493760436493883,1.2508311629714695,4,two_factor_ou,full
2025-09-25,0.22951069857093254,1.2137728570017174,4,two_factor_ou,full
2025-09-26,-0.10709232306710859,0.9472574444726048,4,two_factor_ou,full
2025-09-29,0.47145405931460793,0.8920668246901213,4,two_factor_ou,full
2025-09-30,0.07718738897585464,0.4634402401522795,4,two_factor_ou,full
2025-10-09,-0.007117404909154981,1.334439998130618,4,two_factor_ou,full
2025-10-10,-0.30395535403399876,0.5165293306546797,3,two_factor_ou,full
2025-10-13,-0.8804783077459081,0.9693830005119872,3,two_factor_ou,full
2025-10-14,-0.4285856324919952,0.5062854685190051,3,two_factor_ou,full
2025-10-15,0.37854040556742047,0.5320694360143514,3,two_factor_ou,full
2025-10-16,-0.3079321931804678,0.49419219972771067,3,two_factor_ou,full
2025-10-17,0.2122825834232737,0.4052709025672609,3,two_factor_ou,full
2025-10-20,-0.018298368798438797,0.35339613732904956,4,two_factor_ou,full
2025-10-21,0.2021715833947918,0.3450121220693204,4,two_factor_ou,full
2025-10-22,0.15974409274581924,0.2748149670144887,4,two_factor_ou,full
2025-10-23,0.17874449726353148,0.6194597878076502,4,two_factor_ou,full
2025-10-24,0.016738391900444377,0.3110025159591417,4,two_factor_ou,full
2025-10-27,-0.024814640590074148,1.0573574124208378,4,two_factor_ou,full
2025-10-28,0.4456048831110262,0.6127541582405646,4,two_factor_ou,full
2025-10-29,0.46525108677087945,0.5830698180494378,4,two_factor_ou,full
2025-10-30,0.1410724106631397,0.29345487366723444,4,two_factor_ou,full
2025-10-31,0.26672971031236453,0.8484664990676097,4,two_factor_ou,full
2025-11-03,0.20103782776356888,0.5731521894604811,4,two_factor_ou,full
2025-11-04,-0.4185091083610345,0.6931257086357201,4,two_factor_ou,full
2025-11-05,-0.14221444967903202,0.5819513918575013,4,two_factor_ou,full
2025-11-06,0.024918233288086844,0.48774605410316296,4,two_factor_ou,full
2025-11-07,-0.09964561449072322,0.5285349522662784,4,two_factor_ou,full
2025-11-10,-0.14364183505603478,0.45341235685089026,4,two_factor_ou,full
2025-11-11,-0.03202397714621086,0.9760196561984005,4,two_factor_ou,full
2025-11-12,-0.19044903369599953,1.037697324264389,4,two_factor_ou,full
2025-11-13,-0.4298598877789851,0.7529232096416976,4,two_factor_ou,full
2025-11-14,-0.3568224440700516,0.5268020811160029,3,two_factor_ou,full
2025-11-17,-0.23682350226949409,0.631021265140134,3,two_factor_ou,full
2025-11-18,0.08295302126641964,0.5546581806023468,3,two_factor_ou,full
2025-11-19,-0.05819974843955439,0.3654528353555466,3,two_factor_ou,full
2025-11-20,0.016482875828671733,0.283013874476102,3,two_factor_ou,full
2025-11-21,-0.0009547598494058877,0.7677879924438377,3,two_factor_ou,full
2025-11-24,0.31093809972531183,0.6736496052831644,4,two_factor_ou,full
2025-11-25,-0.06627405658773305,0.6922721918450216,4,two_factor_ou,full
2025-11-26,0.07007113630568482,0.7134572081495782,4,two_factor_ou,full
2025-11-27,-0.14093142493440197,0.7548915110351205,4,two_factor_ou,full
2025-11-28,-0.20453689657856788,0.647164516031951,4,two_factor_ou,full
2025-12-01,0.0008777088351399898,1.234298414726053,4,two_factor_ou,full
2025-12-02,0.31105668498235245,0.8023746369986081,4,two_factor_ou,full
2025-12-03,0.21542311480901374,0.6206369712757104,4,two_factor_ou,full
2025-12-04,0.042928357397447936,0.6550474591562778,4,two_factor_ou,full
2025-12-05,-0.15771594365424663,0.5905662017816089,4,two_factor_ou,full
2025-12-08,-0.1433376578078439,0.682651069799642,4,two_factor_ou,full
2025-12-09,0.06830599804146342,0.35646764374610146,4,two_factor_ou,full
2025-12-10,-0.2725123160845512,0.45673527437203476,4,two_factor_ou,full
2025-12-11,0.0716078007561227,0.9333285094738794,4,two_factor_ou,full
2025-12-12,-0.006795896822387131,0.08393477382901404,3,two_factor_ou,full
2025-12-15,-0.06043954724806185,0.3277513338482643,3,two_factor_ou,full
2025-12-16,-0.04440821121902864,0.3701894637600515,3,two_factor_ou,full
2025-12-17,0.24982561868001332,0.37388273265133254,3,two_factor_ou,full
2025-12-18,0.3008214105701924,0.6377427305316893,3,two_factor_ou,full
2025-12-19,0.5628782064242043,0.6588761025676841,3,two_factor_ou,full
2025-12-22,0.22840097195641645,0.6538600072358051,4,two_factor_ou,full
2025-12-23,0.3248733910421107,0.4514651880236406,4,two_factor_ou,full
2025-12-24,0.6018662871231923,0.7613625177999457,4,two_factor_ou,full
2025-12-25,0.7512516081846242,1.0281327544007661,4,two_factor_ou,full
2025-12-26,0.459494349174076,0.6926266610789044,4,two_factor_ou,full
2025-12-29,-0.030252814057797076,0.48811823486839695,4,two_factor_ou,full
2025-12-30,0.09879797335973801,0.6092021513168856,4,two_factor_ou,full
2025-12-31,-0.5176887811998334,0.6026202917087929,4,two_factor_ou,full
2026-01-05,0.6265365359507864,0.8217192885660609,4,two_factor_ou,full
2026-01-06,0.5950153418892854,1.0760496123603482,4,two_factor_ou,full
2026-01-07,0.18832391549858768,1.26252042752635,4,two_factor_ou,full
2026-01-08,0.26140574039164916,0.5374699721378863,4,two_factor_ou,full
2026-01-09,1.1579420988657465,1.2449550192335932,3,two_factor_ou,full
2026-01-12,1.3588777598421415,1.4460960489601498,3,two_factor_ou,full
2026-01-13,0.6949522786452661,0.928782118501042,3,two_factor_ou,full
2026-01-14,-0.1806693281728656,1.0644429368491644,3,two_factor_ou,full
2026-01-15,0.9217731018611577,0.9774432451262843,3,two_factor_ou,full
2026-01-16,-0.17245549443498231,0.2795733201177313,3,two_factor_ou,full
2026-01-19,0.8811075296280875,1.4636548667157658,4,two_factor_ou,full
2026-01-20,0.40737774354156764,0.41789329800908853,4,two_factor_ou,full
2026-01-21,0.5997687829769593,0.7899320548399923,4,two_factor_ou,full
2026-01-22,0.27497171307661583,0.41836955034778706,4,two_factor_ou,full
2026-01-23,1.498537365876639,1.6325464248438586,4,two_factor_ou,full
2026-01-26,-0.6816844837646417,1.8158732755328897,4,two_factor_ou,full
2026-01-27,0.71205382688753,0.9840132425971384,4,two_factor_ou,full
2026-01-28,-0.027343816776144586,0.7558431121365613,4,two_factor_ou,full
2026-01-29,0.4725878294374478,0.6827446289724419,4,two_factor_ou,full
2026-01-30,0.3556987001527028,0.8117240339936205,4,two_factor_ou,full
2026-02-02,-1.7627717446326683,2.528903909725631,4,two_factor_ou,full
2026-02-03,0.9160981909944397,1.3491992024855592,4,two_factor_ou,full
2026-02-04,-0.37650598230382604,1.089552005656364,4,two_factor_ou,full
2026-02-05,-0.6728045847041282,0.8441064510274002,4,two_factor_ou,full
2026-02-06,-0.48537070001707305,1.100828482002548,4,two_factor_ou,full
2026-02-09,0.23943953123103942,1.170155085597541,3,two_factor_ou,full
2026-02-10,-0.3290296209776089,0.3707779873920321,3,two_factor_ou,full
2026-02-11,0.614332209802782,0.6250200150001965,3,two_factor_ou,full
2026-02-12,0.012847165083987866,0.526786884120269,3,two_factor_ou,full
2026-02-13,-0.5139434052321894,0.6868308907127806,3,two_factor_ou,full
2026-02-24,-0.06932027151710125,0.49063432452846856,3,two_factor_ou,full
2026-02-25,0.2874290874565487,0.6591948360781539,4,two_factor_ou,full
2026-02-26,-0.576288532319422,0.9244733433798539,4,two_factor_ou,full
2026-02-27,-0.6321159832108054,1.360766145020435,4,two_factor_ou,full
2026-03-02,-0.15591370963803763,0.9550502206829641,4,two_factor_ou,full
2026-03-03,0.4994328218667714,0.7736671819058001,4,two_factor_ou,full
2026-03-04,-0.3504744994820387,0.6764851064405314,4,two_factor_ou,full
2026-03-05,-0.2885325493427583,0.6102375429269576,4,two_factor_ou,full
2026-03-06,-0.21179558229899248,0.8454600448474237,4,two_factor_ou,full
2026-03-09,-0.4391929111283157,1.0103718739887777,4,two_factor_ou,full
2026-03-10,0.2504373173833487,0.8858929678294327,4,two_factor_ou,full
2026-03-11,-0.05343148922870862,0.9444118175954761,4,two_factor_ou,full
2026-03-12,-0.11408303973336821,1.3673603776297891,4,two_factor_ou,full
2026-03-13,-0.2612681714437291,0.9354317819395908,3,two_factor_ou,full
2026-03-16,-0.45608895534980287,0.8078599599009032,3,two_factor_ou,full
2026-03-17,-0.6847220721517892,1.5127586817823027,3,two_factor_ou,full
2026-03-18,-0.6955333644224758,1.0205739336576427,3,two_factor_ou,full
2026-03-19,-0.892677459776405,1.7560488087736275,3,two_factor_ou,full
2026-03-20,0.027322860802443023,0.6681153648564527,3,two_factor_ou,full
2026-03-23,-0.8783918991970661,1.2747650770645038,4,two_factor_ou,full
2026-03-24,0.2217179211754129,1.135161754460095,4,two_factor_ou,full
2026-03-25,-0.38887892339077906,1.0786362229066881,4,two_factor_ou,full
2026-03-26,-0.21640643662014783,0.4700142471071638,4,two_factor_ou,full
2026-03-27,0.2145624732714102,0.8755714328108358,4,two_factor_ou,full
2026-03-30,-0.5329450179526797,0.82140592181713,4,two_factor_ou,full
2026-03-31,-0.3644665385447839,1.1991143771235084,4,two_factor_ou,full
2026-04-01,0.009537306967408454,1.1446561217759443,4,two_factor_ou,full
2026-04-02,-0.5651253847223406,1.2673340152470172,4,two_factor_ou,full
2026-04-03,-0.37614379326586916,1.4382697418529506,4,two_factor_ou,full
2026-04-07,-0.12042023668087776,0.8253540653451736,4,two_factor_ou,full
2026-04-08,0.8532964443735366,1.542593024001076,4,two_factor_ou,full
2026-04-09,-0.5659208962124757,1.1237939619145316,4,two_factor_ou,full
2026-04-10,-0.1223740418190683,1.0078332598690998,3,two_factor_ou,full
2026-04-13,-0.3782817129512946,0.8971062738843505,3,two_factor_ou,full
2026-04-14,-0.16128808409231085,0.8760360824526197,3,two_factor_ou,full
2026-04-15,0.3491126528073682,0.9266414203065583,3,two_factor_ou,full
2026-04-16,-0.13759647696977453,1.164230930316755,3,two_factor_ou,full
2026-04-17,-0.2286848378209385,1.035528338470305,3,two_factor_ou,full
2026-04-20,0.014690331152367758,0.919857695786066,4,two_factor_ou,full
2026-04-21,0.14085311039406123,0.5089953165343275,4,two_factor_ou,full
2026-04-22,-0.11980507260585532,0.9087849568531384,4,two_factor_ou,full
2026-04-23,-0.04095583867012837,0.9391841857939455,4,two_factor_ou,full
2026-04-24,0.09917848917682759,0.9314756343465189,4,two_factor_ou,full
2026-04-27,-0.09297994393251466,0.65457182388877,4,two_factor_ou,full
2026-04-28,0.2411035738664158,0.865691011246541,4,two_factor_ou,full
2026-04-29,0.29535821550480046,0.9229794984691421,4,two_factor_ou,full
2026-04-30,0.07321564754652043,0.7069737447290003,4,two_factor_ou,full
2026-05-06,0.40849632881208425,1.111107583680696,4,two_factor_ou,full
2026-05-07,0.4179876483807633,0.5882109861541336,4,two_factor_ou,full
2026-05-08,-0.056454896656444174,0.431449544773527,3,two_factor_ou,full
2026-05-11,-0.5869825043953792,0.9826663399899154,3,two_factor_ou,full
2026-05-12,-0.06943429643876864,0.7335121602566097,3,two_factor_ou,full
2026-05-13,0.4433986459170929,0.7580879939016908,3,two_factor_ou,full
2026-05-14,-0.03447005010955815,0.41078496057165703,3,two_factor_ou,full
2026-05-15,-0.17912198682460076,0.6048253305391932,3,two_factor_ou,full
2026-05-18,-0.1795780381450099,0.4843570522484075,4,two_factor_ou,full
2026-05-19,-0.35002621046519955,0.7237745399720974,4,two_factor_ou,full
2026-05-20,-0.4675014215753472,1.0398074986903698,4,two_factor_ou,full
2026-05-21,0.2581654335622181,0.9110472259948975,4,two_factor_ou,full
2026-05-22,-0.4580889453180853,1.0873462230865536,4,two_factor_ou,full
2026-05-25,-0.1719625754517041,1.2362439426075895,4,two_factor_ou,full
2026-05-26,0.1567400525211431,0.7443508748753817,4,two_factor_ou,full
2026-05-27,-0.286888279192765,0.9357898815745417,4,two_factor_ou,full
2026-05-28,-0.017471791609600273,0.9664934576149117,4,two_factor_ou,full
2026-05-29,0.13227231843762688,0.840226069854885,4,two_factor_ou,full
2026-06-01,0.17463645752464668,0.5265107317812476,4,two_factor_ou,full
2026-06-02,0.029303451296407657,0.860159828600506,4,two_factor_ou,full
2026-06-03,-0.3034768646234033,1.100313183531226,4,two_factor_ou,full
2026-06-04,0.03829605584522272,1.008946277410928,4,two_factor_ou,full
2026-06-05,-0.24505061055707444,1.076076258349271,4,two_factor_ou,full
2026-06-08,-0.0731464432660959,1.0939851410925823,4,two_factor_ou,full
2026-06-09,-0.39851129037140753,2.3675770334554667,4,two_factor_ou,full
2026-06-10,0.131717397230749,1.1477579624873275,4,two_factor_ou,full
2026-06-11,-0.011345467883721538,0.9353459708037278,4,two_factor_ou,full
2026-06-12,0.18188077815401693,0.80059865460922,3,two_factor_ou,full
2026-06-15,0.05434024561765379,1.3581570303037016,3,two_factor_ou,full
2026-06-16,-0.27255924544082827,1.0235686060320603,3,two_factor_ou,full
2026-06-17,0.33586192848296514,1.1839240373803777,3,two_factor_ou,full
2026-06-18,0.15780411957786536,0.950888361455562,3,two_factor_ou,full
2026-06-22,-0.5360072748400633,1.8604483525535827,3,two_factor_ou,full
2026-06-23,-0.22593149414498226,2.0932882033024294,4,two_factor_ou,full
2026-06-24,-0.2413572014664092,1.3524553329502707,4,two_factor_ou,full
2026-06-25,0.10483508019080753,0.9184391004234828,4,two_factor_ou,full
2026-06-26,-0.49833350101360463,1.1215899841303356,4,two_factor_ou,full
2026-06-29,-0.1646158830686838,0.7432959320844882,4,two_factor_ou,full
2026-06-30,0.26925231993183874,1.4895542909697834,4,two_factor_ou,full
2026-07-01,0.1872213107482047,2.4283950566608494,4,two_factor_ou,full
2026-07-02,0.6474799445710638,1.5304106863622768,4,two_factor_ou,full
2026-07-03,0.13378068959193995,0.7660799710570618,4,two_factor_ou,full
2026-07-06,0.07179850537669347,0.7199009233889908,4,two_factor_ou,full
2026-07-07,0.06939811665697294,0.48297479432495893,4,two_factor_ou,full
2026-07-08,0.4844187726515159,1.0438987493691918,4,two_factor_ou,full
2026-07-09,0.20916948770343854,0.8797920470915825,4,two_factor_ou,full
2026-07-10,-0.1777664906942141,0.28489352600584683,3,two_factor_ou,full
2026-07-13,0.9018928860049423,1.0864784484262395,3,two_factor_ou,full
2026-07-14,0.019986116334474502,0.720073941522998,3,two_factor_ou,full
2026-07-15,0.734249143144397,0.8924544736777844,3,two_factor_ou,full
2026-07-16,0.9920489816427521,1.2351589129815375,3,two_factor_ou,full
2026-07-17,-0.1449432767904785,0.7407834227217465,3,two_factor_ou,full
2026-07-20,0.32400291444619855,1.3272482011662583,4,two_factor_ou,full
2026-07-21,0.7840556709599054,1.0236854007540293,4,two_factor_ou,full
2026-07-22,-0.3858937393703099,1.1991450054556074,4,two_factor_ou,full
2026-07-23,-0.04749673418405771,0.555268701070729,4,two_factor_ou,full
2026-07-24,-0.19577854448046847,0.7841417384045424,4,two_factor_ou,full
2026-07-27,0.3389379532694174,0.9065515392601178,4,two_factor_ou,full
2026-07-28,0.15541587366780774,0.7934463003118685,4,two_factor_ou,full
2026-07-29,1.3352459422261573,1.4250498201195083,4,two_factor_ou,full
2026-07-30,0.4802061321550576,0.8163265078734596,4,two_factor_ou,full
2026-07-31,-0.08921947911867584,0.6303183716614698,4,two_factor_ou,full
2026-08-03,0.38339348552098695,0.47469753456335945,4,two_factor_ou,full
2026-08-04,0.139032698306399,0.40883228852846715,4,two_factor_ou,full
2026-08-05,0.21232623426459069,0.21419850592582018,4,two_factor_ou,full
2026-08-06,-0.8747759237059791,0.9779356093130963,4,two_factor_ou,full
2026-08-07,-0.41560424976843413,0.5489124002035924,4,two_factor_ou,full
2026-08-10,-0.5450987184782612,0.7817966113475504,4,two_factor_ou,full
2026-08-11,-0.1168910970575282,1.0370147863410173,4,two_factor_ou,full
2026-08-12,-0.25893313398240764,0.6017627999544849,4,two_factor_ou,full
2026-08-13,0.027717411641791687,0.9222032485087215,4,two_factor_ou,full
2026-08-14,-0.5404472844631535,0.7607598927075633,3,two_factor_ou,full
2026-08-17,-0.025091556808873622,0.5621380424868716,3,two_factor_ou,full
2026-08-18,-0.47038153663508453,0.8933422729184843,3,two_factor_ou,full
2026-08-19,0.8693437990717917,1.5652572467785826,3,two_factor_ou,full
2026-08-20,-0.07738903872882985,0.706009567743646,3,two_factor_ou,full
2026-08-21,-0.5453775919670875,0.6886106160635417,3,two_factor_ou,full
2022-07-22,-0.8287488209360523,0.8459928921928123,4,two_factor_ou,in_sample
2022-07-25,0.06812428121747163,0.7102250001675586,4,two_factor_ou,in_sample
2022-07-26,0.13119594490056255,0.662118502760381,4,two_factor_ou,in_sample
2022-07-27,0.38315041927572346,0.5085260868465892,4,two_factor_ou,in_sample
2022-07-28,0.67489008854023,0.8381424498193127,4,two_factor_ou,in_sample
2022-07-29,0.028657115323126897,0.28777290065714883,4,two_factor_ou,in_sample
2022-08-01,-0.3903369869641369,0.6678950212444207,4,two_factor_ou,in_sample
2022-08-02,0.3154653447225156,1.1166487658492845,4,two_factor_ou,in_sample
2022-08-03,-0.4425345372557965,0.9472068292973841,4,two_factor_ou,in_sample
2022-08-04,-0.07932752125439979,1.6102599080915398,4,two_factor_ou,in_sample
2022-08-05,0.557743555677464,1.0839333173537495,4,two_factor_ou,in_sample
2022-08-08,-0.30864051359610634,1.011541560022373,4,two_factor_ou,in_sample
2022-08-09,-0.050300028427250135,0.8780139142216488,4,two_factor_ou,in_sample
2022-08-10,0.0997846176296637,1.0118654911680451,4,two_factor_ou,in_sample
2022-08-11,0.3443707971319694,0.675951688958292,4,two_factor_ou,in_sample
2022-08-12,0.17704012878657807,0.2648556802570335,3,two_factor_ou,in_sample
2022-08-15,-0.048019076179828986,0.3625058723978343,3,two_factor_ou,in_sample
2022-08-16,-0.23094766771992936,0.6030634846721077,3,two_factor_ou,in_sample
2022-08-17,0.22305096930457513,0.7288770868168765,3,two_factor_ou,in_sample
2022-08-18,0.238635259240928,0.31456932290864226,3,two_factor_ou,in_sample
2022-08-19,0.057654021994499295,0.5365052824074628,3,two_factor_ou,in_sample
2022-08-22,-0.08993926632328246,0.5735994521619514,4,two_factor_ou,in_sample
2022-08-23,-0.3093424904149448,0.7732749604128228,4,two_factor_ou,in_sample
2022-08-24,-0.3873484043543492,0.836230568714165,4,two_factor_ou,in_sample
2022-08-25,-0.17971054812470605,1.1431470092779006,4,two_factor_ou,in_sample
2022-08-26,0.14352540373383327,0.9646904574450469,4,two_factor_ou,in_sample
2022-08-29,0.11272013459106661,1.2648637718312803,4,two_factor_ou,in_sample
2022-08-30,0.08271280677643517,0.873559315007649,4,two_factor_ou,in_sample
2022-08-31,-0.11466079631492038,0.8236613575263085,4,two_factor_ou,in_sample
2022-09-01,0.08694891067859895,0.5246393377425511,4,two_factor_ou,in_sample
2022-09-02,0.3003808846481087,0.9862382484381587,4,two_factor_ou,in_sample
2022-09-05,0.3768512732834806,1.1165734333980484,4,two_factor_ou,in_sample
2022-09-06,0.4728389687798583,1.1212583617239733,4,two_factor_ou,in_sample
2022-09-07,0.25328235156027074,1.3608802119255545,4,two_factor_ou,in_sample
2022-09-08,0.09744574115648641,0.6071339395746568,3,two_factor_ou,in_sample
2022-09-09,0.56505112432841,0.7112866887007049,3,two_factor_ou,in_sample
2022-09-13,-0.21942591541271791,0.4024315732869483,3,two_factor_ou,in_sample
2022-09-14,-0.176253072599866,0.4573439483382924,3,two_factor_ou,in_sample
2022-09-15,-0.7471533897247783,1.1548294731216033,3,two_factor_ou,in_sample
2022-09-16,0.07976675769123534,0.4114064702327129,3,two_factor_ou,in_sample
2022-09-19,-0.6887103165327364,1.0203565875453535,4,two_factor_ou,in_sample
2022-09-20,-0.4271427434215078,0.760433496674843,4,two_factor_ou,in_sample
2022-09-21,-0.1207024928252308,0.626149403645454,4,two_factor_ou,in_sample
2022-09-22,0.836825182315672,1.1289554718979469,4,two_factor_ou,in_sample
2022-09-23,0.7406209957157893,1.0036936313383316,4,two_factor_ou,in_sample
2022-09-26,0.4510122924067548,0.7351179218581149,4,two_factor_ou,in_sample
2022-09-27,0.1616879833485903,0.8668578946443419,4,two_factor_ou,in_sample
2022-09-28,0.6401146079965232,1.130681014623564,4,two_factor_ou,in_sample
2022-09-29,-0.03532995281889412,0.8633523327711562,4,two_factor_ou,in_sample
2022-09-30,-0.6313812187689487,0.8383383065008946,4,two_factor_ou,in_sample
2022-10-10,-0.3036046846590221,0.6422120053542024,4,two_factor_ou,in_sample
2022-10-11,-0.26871025765502854,0.38370102904459596,4,two_factor_ou,in_sample
2022-10-12,-0.39005147122919276,0.9891962645651212,4,two_factor_ou,in_sample
2022-10-13,0.4203202586803181,0.6464735633184211,4,two_factor_ou,in_sample
2022-10-14,0.04022883290664473,0.6538054362802841,3,two_factor_ou,in_sample
2022-10-17,-0.19188304189678132,0.986806018532215,3,two_factor_ou,in_sample
2022-10-18,-0.20672246679190978,0.32200512993519836,3,two_factor_ou,in_sample
2022-10-19,-0.05607175780250806,0.5269016851636618,3,two_factor_ou,in_sample
2022-10-20,-0.2127569405790183,0.47776894681968896,3,two_factor_ou,in_sample
2022-10-21,-0.13592721487364282,0.3042601955589646,3,two_factor_ou,in_sample
2022-10-24,0.10567571529630138,1.0970158484563204,4,two_factor_ou,in_sample
2022-10-25,0.29942764148033185,0.4115496857216375,4,two_factor_ou,in_sample
2022-10-26,0.38179631007598497,0.5787770065997352,4,two_factor_ou,in_sample
2022-10-27,0.6503748021611109,0.9357105756726113,4,two_factor_ou,in_sample
2022-10-28,0.4839379332769047,1.5805137270400076,4,two_factor_ou,in_sample
2022-10-31,-0.5563923977099681,0.8059285859626113,4,two_factor_ou,in_sample
2022-11-01,0.12365582816229374,1.2682900591182877,4,two_factor_ou,in_sample
2022-11-02,0.20737217034215488,0.8711728775726302,4,two_factor_ou,in_sample
2022-11-03,-0.38314817926034345,0.5753081082456325,4,two_factor_ou,in_sample
2022-11-04,0.6473949743372899,1.4819161905340659,4,two_factor_ou,in_sample
2022-11-07,0.45247464259128517,1.4662715433772466,4,two_factor_ou,in_sample
2022-11-08,0.3311998454099276,0.7417804976140663,4,two_factor_ou,in_sample
2022-11-09,0.5900297849856779,1.0561935290090132,4,two_factor_ou,in_sample
2022-11-10,0.43211246446212753,0.8720602289939402,4,two_factor_ou,in_sample
2022-11-11,0.5738523304719433,1.2714828751156868,3,two_factor_ou,in_sample
2022-11-14,0.48558171075881823,1.0644408881749918,3,two_factor_ou,in_sample
2022-11-15,0.25537098368248695,0.4266483052433119,3,two_factor_ou,in_sample
2022-11-16,-0.10463499717997633,0.8310092068218866,3,two_factor_ou,in_sample
2022-11-17,0.3872789566794006,0.8551119508226807,3,two_factor_ou,in_sample
2022-11-18,0.3050973256745028,1.1357343162244253,3,two_factor_ou,in_sample
2022-11-21,0.40951079507611465,0.9670932525400852,4,two_factor_ou,in_sample
2022-11-22,-0.7963599919289649,1.5812790747814207,4,two_factor_ou,in_sample
2022-11-23,0.14905174527660886,0.8012032924459063,4,two_factor_ou,in_sample
2022-11-24,-0.11661510422468696,0.9779033296742518,4,two_factor_ou,in_sample
2022-11-25,0.03586635107431735,0.8919195545865325,4,two_factor_ou,in_sample
2022-11-28,0.05483505364203431,0.4895556981335633,4,two_factor_ou,in_sample
2022-11-29,0.3701315090879852,0.4436137536574642,4,two_factor_ou,in_sample
2022-11-30,-0.16291628736065872,0.43130755450343433,4,two_factor_ou,in_sample
2022-12-01,0.37950337717740273,0.4156675024143113,4,two_factor_ou,in_sample
2022-12-02,0.22318017621930245,0.33263590268630827,4,two_factor_ou,in_sample
2022-12-05,-0.4036124842493533,1.0187599436432846,4,two_factor_ou,in_sample
2022-12-06,-0.17834682684436223,0.6836262952375648,4,two_factor_ou,in_sample
2022-12-07,-0.061134321142598286,0.7231522683265841,4,two_factor_ou,in_sample
2022-12-08,-0.11074919089122852,0.45737737140113865,4,two_factor_ou,in_sample
2022-12-09,-0.07132973213303422,0.17275513771069556,3,two_factor_ou,in_sample
2022-12-12,-0.016035726326351852,0.19878141606452215,3,two_factor_ou,in_sample
2022-12-13,0.2753624912685204,0.3093152559481867,3,two_factor_ou,in_sample
2022-12-14,-0.4935534313337282,0.5418156554445945,3,two_factor_ou,in_sample
2022-12-15,0.21795877586992915,0.27501949881436055,3,two_factor_ou,in_sample
2022-12-16,0.6731374201945647,0.9219687777361151,3,two_factor_ou,in_sample
2022-12-19,0.19540942376824616,0.57174810607944,4,two_factor_ou,in_sample
2022-12-20,0.18526054416707066,0.5655694859500104,4,two_factor_ou,in_sample
2022-12-21,0.455338684339551,0.5083232381979772,4,two_factor_ou,in_sample
2022-12-22,0.7465434739708068,0.8783871219565478,4,two_factor_ou,in_sample
2022-12-23,0.3321980012483106,1.0654157469124426,4,two_factor_ou,in_sample
2022-12-26,0.29825013815114176,0.5894117832754491,4,two_factor_ou,in_sample
2022-12-27,-0.21337911114301117,0.38069783861737994,4,two_factor_ou,in_sample
2022-12-28,0.20894322536881182,0.6166199792144806,4,two_factor_ou,in_sample
2022-12-29,-0.27524565339888285,0.3610641475601172,4,two_factor_ou,in_sample
2022-12-30,-0.42136930675294176,0.6402282572826961,4,two_factor_ou,in_sample
2023-01-03,-0.7112747108919713,0.7935106398512156,4,two_factor_ou,in_sample
2023-01-04,-0.40573553064404316,0.5688027356024062,4,two_factor_ou,in_sample
2023-01-05,-0.3389985095517393,0.7832207593887089,4,two_factor_ou,in_sample
2023-01-06,-0.16728134909891604,0.44204861598197986,4,two_factor_ou,in_sample
2023-01-09,-0.15269415966828628,0.6449707937427991,4,two_factor_ou,in_sample
2023-01-10,0.020364819895833747,0.362568741154399,4,two_factor_ou,in_sample
2023-01-11,-0.09192554820182071,0.6898928724600993,4,two_factor_ou,in_sample
2023-01-12,0.17513239344236808,0.36850613864215187,4,two_factor_ou,in_sample
2023-01-13,0.4937284722072304,0.7058962212694024,3,two_factor_ou,in_sample
2023-01-16,0.22303953571790588,0.5588118720691397,3,two_factor_ou,in_sample
2023-01-17,0.601840098909748,0.731421709681456,3,two_factor_ou,in_sample
2023-01-18,0.6541263985421227,0.8270753619211496,3,two_factor_ou,in_sample
2023-01-19,0.511057347462842,0.6333588677688885,3,two_factor_ou,in_sample
2023-01-20,-0.14333861421551553,0.23450272014761903,3,two_factor_ou,in_sample
2023-01-30,0.9717179320080389,1.7103323310685512,4,two_factor_ou,in_sample
2023-01-31,0.9883643782473277,1.3826890269723053,4,two_factor_ou,in_sample
2023-02-01,0.028482175740903726,1.0337559744378468,4,two_factor_ou,in_sample
2023-02-02,0.13782468863748,1.0109454796978834,4,two_factor_ou,in_sample
2023-02-03,-0.48884958640770315,1.0425450017840774,4,two_factor_ou,in_sample
2023-02-06,-0.07715070132256684,0.8906351208227838,4,two_factor_ou,in_sample
2023-02-07,-0.21361833755586415,0.7006387159396454,4,two_factor_ou,in_sample
2023-02-08,0.28539822237527124,0.6391692369116939,4,two_factor_ou,in_sample
2023-02-09,0.6476004217183173,1.0674617654867342,4,two_factor_ou,in_sample
2023-02-10,-0.01777566751758834,0.7367012910702405,3,two_factor_ou,in_sample
2023-02-13,-0.1455254757450166,0.5885511712074716,3,two_factor_ou,in_sample
2023-02-14,0.004467073073402346,0.11425374410880569,3,two_factor_ou,in_sample
2023-02-15,-0.39175537941191935,0.3928622127169437,3,two_factor_ou,in_sample
2023-02-16,0.2524413622025085,0.4254137901471128,3,two_factor_ou,in_sample
2023-02-17,0.12298726614483917,0.2637878302308721,3,two_factor_ou,in_sample
2023-02-20,-0.5230924569151372,1.4663171676036404,4,two_factor_ou,in_sample
2023-02-21,-0.03608802472643036,0.9759567220064701,4,two_factor_ou,in_sample
2023-02-22,-0.18688397961430273,1.347710331160522,4,two_factor_ou,in_sample
2023-02-23,0.00829556371347331,0.9628355543172906,4,two_factor_ou,in_sample
2023-02-24,0.06883407787225243,0.8445278048697118,4,two_factor_ou,in_sample
2023-02-27,-0.2617740509018746,1.2915841100723753,4,two_factor_ou,in_sample
2023-02-28,0.09669347006009754,0.9648326526403281,4,two_factor_ou,in_sample
2023-03-01,0.05812635805228513,0.8291760757819945,4,two_factor_ou,in_sample
2023-03-02,0.21679461245516973,0.695714938994005,4,two_factor_ou,in_sample
2023-03-03,0.12269511634336079,1.07969959842766,4,two_factor_ou,in_sample
2023-03-06,-0.044336048998718985,1.4502907177805702,4,two_factor_ou,in_sample
2023-03-07,0.26723635761707054,1.0392487073600734,4,two_factor_ou,in_sample
2023-03-08,-0.14552740540471887,1.0825763007070053,4,two_factor_ou,in_sample
2023-03-09,-0.08605900421499404,0.8794946278917634,4,two_factor_ou,in_sample
2023-03-10,0.024399395730895446,0.49039579793477833,3,two_factor_ou,in_sample
2023-03-13,-0.1288527821803914,0.47870478865972976,3,two_factor_ou,in_sample
2023-03-14,-0.09029833336030958,0.3734065718047536,3,two_factor_ou,in_sample
2023-03-15,-0.0175035383701926,0.30442472113848906,3,two_factor_ou,in_sample
2023-03-16,-0.14111130743554975,0.8662181163821018,3,two_factor_ou,in_sample
2023-03-17,0.4238926026536561,0.5321357034392928,3,two_factor_ou,in_sample
2023-03-20,0.15383108723249855,0.6425255532772594,4,two_factor_ou,in_sample
2023-03-21,0.12619521857841254,0.675099960436394,4,two_factor_ou,in_sample
2023-03-22,-0.03090653490650197,0.35403173197728427,4,two_factor_ou,in_sample
2023-03-23,-0.08291935940167429,0.2565560307442729,4,two_factor_ou,in_sample
2023-03-24,0.1822145301452283,0.49251805760278405,4,two_factor_ou,in_sample
2023-03-27,0.09614724540611953,0.4799063369385487,4,two_factor_ou,in_sample
2023-03-28,0.34568363119482287,0.631992193753099,4,two_factor_ou,in_sample
2023-03-29,0.17898716257271335,0.6018137267751914,4,two_factor_ou,in_sample
2023-03-30,0.00898263880273735,0.6143541818925523,4,two_factor_ou,in_sample
2023-03-31,-0.11729694866486481,0.46596217341261204,4,two_factor_ou,in_sample
2023-04-03,0.049120746687618344,0.885771216987712,4,two_factor_ou,in_sample
2023-04-04,0.0814123253008436,0.5836300299445505,4,two_factor_ou,in_sample
2023-04-06,-0.28230957135599843,0.5507243729978554,4,two_factor_ou,in_sample
2023-04-07,-0.20105982641614809,0.5983391327788191,4,two_factor_ou,in_sample
2023-04-10,0.4877709620809902,0.8477603433537809,4,two_factor_ou,in_sample
2023-04-11,-0.12229253113865879,0.7166637132810659,4,two_factor_ou,in_sample
2023-04-12,-0.03024566842131661,0.5547830239081742,4,two_factor_ou,in_sample
2023-04-13,0.09748678090443927,0.5122535659803478,4,two_factor_ou,in_sample
2023-04-14,-0.44186881544189943,0.5574447092711118,3,two_factor_ou,in_sample
2023-04-17,0.07788189690560965,0.3842456406537117,3,two_factor_ou,in_sample
2023-04-18,-0.07056093284506086,0.45167840294421713,3,two_factor_ou,in_sample
2023-04-19,0.2219263292106162,0.4649476407460462,3,two_factor_ou,in_sample
2023-04-20,0.1364489878399938,0.23654594756535172,3,two_factor_ou,in_sample
2023-04-21,-0.15718377686807788,1.041448158278115,3,two_factor_ou,in_sample
2023-04-24,-0.5124859367187681,1.0416675255426318,4,two_factor_ou,in_sample
2023-04-25,0.8083504597224277,1.0236880132869837,4,two_factor_ou,in_sample
2023-04-26,0.18367419328010945,0.5929550519036374,4,two_factor_ou,in_sample
2023-04-27,0.21739133469372313,0.6268559383981382,4,two_factor_ou,in_sample
2023-04-28,0.2354917191297588,0.8061417125696309,4,two_factor_ou,in_sample
2023-05-04,-0.028945346800979627,0.7266603905720818,4,two_factor_ou,in_sample
2023-05-05,-0.04803310878578196,0.20081356447355744,4,two_factor_ou,in_sample
2023-05-08,0.2269074751602701,0.8158284209262984,4,two_factor_ou,in_sample
2023-05-09,0.29858953983709735,0.6109391391560418,4,two_factor_ou,in_sample
2023-05-10,-0.14151701379405135,0.42648543834089186,4,two_factor_ou,in_sample
2023-05-11,0.0548121228055268,0.19829954129694186,4,two_factor_ou,in_sample
2023-05-12,0.3911516138988876,0.3926561830937226,3,two_factor_ou,in_sample
2023-05-15,-0.06445134825459821,0.3899489330198929,3,two_factor_ou,in_sample
2023-05-16,0.24103047412700582,0.2643694682478314,3,two_factor_ou,in_sample
2023-05-17,-0.17580264018702063,0.4328145625925547,3,two_factor_ou,in_sample
2023-05-18,0.11551038160200659,0.17946353815525845,3,two_factor_ou,in_sample
2023-05-19,0.19045469701382578,0.4289737292495499,3,two_factor_ou,in_sample
2023-05-22,0.07603507357041275,0.32453563027259724,4,two_factor_ou,in_sample
2023-05-23,0.27995662031430035,0.5462244752261861,4,two_factor_ou,in_sample
2023-05-24,0.1628981718648322,0.2654633164765779,4,two_factor_ou,in_sample
2023-05-25,0.12692809223995888,0.39283298988941145,4,two_factor_ou,in_sample
2023-05-26,-0.12064012061554748,0.43388848596515195,4,two_factor_ou,in_sample
2023-05-29,0.03924551650939681,0.3614400956687969,4,two_factor_ou,in_sample
2023-05-30,0.016931597014262917,0.28611740399030366,4,two_factor_ou,in_sample
2023-05-31,-0.24224678127188193,0.41480345925038076,4,two_factor_ou,in_sample
2023-06-01,0.3873354620858194,0.6064146346837145,4,two_factor_ou,in_sample
2023-06-02,-0.1639736309121297,0.3972921388314291,4,two_factor_ou,in_sample
2023-06-05,0.002431320707439774,0.5150164641894136,4,two_factor_ou,in_sample
2023-06-06,0.04677739895283739,0.9144363668014892,4,two_factor_ou,in_sample
2023-06-07,0.06050939334802901,0.569885137920323,4,two_factor_ou,in_sample
2023-06-08,0.033984871483879756,0.3654696899926601,4,two_factor_ou,in_sample
2023-06-09,-0.4176472155632904,0.5965527194999046,3,two_factor_ou,in_sample
2023-06-12,-0.22801468622818663,0.27258489308680045,3,two_factor_ou,in_sample
2023-06-13,-0.1901997601881513,0.31485605038179215,3,two_factor_ou,in_sample
2023-06-14,-0.13782814462923507,0.2961429223772067,3,two_factor_ou,in_sample
2023-06-15,0.03147280061911991,0.4424457925712067,3,two_factor_ou,in_sample
2023-06-16,0.022036984798324073,0.31195722207566984,3,two_factor_ou,in_sample
2023-06-19,-0.30302107814171686,0.4955786462362856,4,two_factor_ou,in_sample
2023-06-20,-0.05387736643654018,0.37733337459614563,4,two_factor_ou,in_sample
2023-06-21,0.36235415713042596,0.45833138431402654,4,two_factor_ou,in_sample
2023-06-26,0.34409834810646284,0.7989628971708679,4,two_factor_ou,in_sample
2023-06-27,-0.5909917641891153,0.8750017917476403,4,two_factor_ou,in_sample
2023-06-28,0.426221048963838,0.4427990969186631,4,two_factor_ou,in_sample
2023-06-29,-0.11682341613761234,0.4592470766343334,4,two_factor_ou,in_sample
2023-06-30,0.10628350117306279,0.4513035161195391,4,two_factor_ou,in_sample
2023-07-03,0.1421396360746328,0.5560872480954092,4,two_factor_ou,in_sample
2023-07-04,-0.09235489052583354,0.5197546144691854,4,two_factor_ou,in_sample
2023-07-05,-0.01571891550698154,0.5990383305830599,4,two_factor_ou,in_sample
2023-07-06,0.1759172944693097,0.8043103410900163,4,two_factor_ou,in_sample
2023-07-07,0.29134571767209305,0.4393630635872917,4,two_factor_ou,in_sample
2023-07-10,-0.14053736153617757,0.23794969196147142,4,two_factor_ou,in_sample
2023-07-11,0.02004875181041421,0.16357673273583512,4,two_factor_ou,in_sample
2023-07-12,0.2368523194482232,0.32098910850486095,4,two_factor_ou,in_sample
2023-07-13,0.06030288960429462,0.23534323664837,4,two_factor_ou,in_sample
2023-07-14,0.019061699147106675,0.17292388657025795,3,two_factor_ou,in_sample
2023-07-17,0.12565959001021987,0.3649865889133787,3,two_factor_ou,in_sample
2023-07-18,0.05967551920285178,0.1906209234745452,3,two_factor_ou,in_sample
2023-07-19,0.07949781207406124,0.08082631516956598,3,two_factor_ou,in_sample
2023-07-20,0.21988298078756544,0.23329343108032347,3,two_factor_ou,in_sample
2023-07-21,0.32228511573962754,0.3328783071110483,3,two_factor_ou,in_sample
2023-07-24,0.36527775151295744,0.5911430542449487,4,two_factor_ou,in_sample
2023-07-25,0.2570857846166577,0.4574089065712237,4,two_factor_ou,in_sample
2023-07-26,0.23798644052175097,0.3166200993236854,4,two_factor_ou,in_sample
2023-07-27,0.12151717648005439,0.24974208716727112,4,two_factor_ou,in_sample
2023-07-28,-0.2246785519404716,0.2405178735824613,4,two_factor_ou,in_sample
2023-07-31,-0.13336323354637847,0.2993951233952211,4,two_factor_ou,in_sample
2023-08-01,0.24862379068179813,0.4045401095160485,4,two_factor_ou,in_sample
2023-08-02,0.15299584753557594,0.24956441620827025,4,two_factor_ou,in_sample
2023-08-03,-0.019601829983603686,0.34778773423932585,4,two_factor_ou,in_sample
2023-08-04,0.20612267489897054,0.25909014650164974,4,two_factor_ou,in_sample
2023-08-07,0.3463008471566651,0.4429314515178577,4,two_factor_ou,in_sample
2023-08-08,0.23205875761188255,0.36395137902430275,4,two_factor_ou,in_sample
2023-08-09,0.49897255218772374,0.6372877438761281,4,two_factor_ou,in_sample
2023-08-10,0.331172526924259,0.9435796160126936,4,two_factor_ou,in_sample
2023-08-11,0.264782412568519,0.3461367201652195,3,two_factor_ou,in_sample
2023-08-14,-0.17025637879723998,0.2774192208908478,3,two_factor_ou,in_sample
2023-08-15,0.2765487329291949,0.3009502668718832,3,two_factor_ou,in_sample
2023-08-16,0.24144054825781916,0.30602800623634013,3,two_factor_ou,in_sample
2023-08-17,-0.23306799666077294,0.2565403013617023,3,two_factor_ou,in_sample
2023-08-18,0.5254149263988332,0.6215756306888183,3,two_factor_ou,in_sample
2023-08-21,0.03582665148512132,0.4673379311058171,4,two_factor_ou,in_sample
2023-08-22,-0.09055850212232354,0.37979415621313795,4,two_factor_ou,in_sample
2023-08-23,0.25322870287532495,0.47095165058274385,4,two_factor_ou,in_sample
2023-08-24,-0.25680355463519466,0.5078106003021893,4,two_factor_ou,in_sample
2023-08-25,0.21764632117614835,0.5347604426122128,4,two_factor_ou,in_sample
2023-08-28,-0.5555079821105677,0.6800175672963281,4,two_factor_ou,in_sample
2023-08-29,0.2707332989767963,0.37339921239839424,4,two_factor_ou,in_sample
2023-08-30,0.020395129486483143,0.4854983880083485,4,two_factor_ou,in_sample
2023-08-31,0.0032237671803630324,0.4672260131750519,4,two_factor_ou,in_sample
2023-09-01,-0.08452813890183122,0.32069734053402066,4,two_factor_ou,in_sample
2023-09-04,-0.00812306427534024,0.12338527439596607,4,two_factor_ou,in_sample
2023-09-05,-0.15050799040474575,0.27444967352259775,4,two_factor_ou,in_sample
2023-09-06,0.08910806933634212,0.7942882746053086,4,two_factor_ou,in_sample
2023-09-07,0.05479503673245721,0.2744111732494773,4,two_factor_ou,in_sample
2023-09-08,-0.48389285901669093,0.5452552090487036,3,two_factor_ou,in_sample
2023-09-11,0.13848914695136919,0.3174982428883209,3,two_factor_ou,in_sample
2023-09-12,0.10021495036042767,0.33806696475329967,3,two_factor_ou,in_sample
2023-09-13,-0.2669959014061216,0.2933273540107735,3,two_factor_ou,in_sample
2023-09-14,-0.36754892149640633,0.7655341031856598,3,two_factor_ou,in_sample
2023-09-15,-0.32961533682857236,0.4370436845769536,3,two_factor_ou,in_sample
2023-09-18,-0.1793837679593932,0.5183303905804576,4,two_factor_ou,in_sample
2023-09-19,0.16518694105537013,0.5119303537066571,4,two_factor_ou,in_sample
2023-09-20,0.25586225864160345,0.6182379713405199,4,two_factor_ou,in_sample
2023-09-21,-0.05518991956885198,0.33261771904450543,4,two_factor_ou,in_sample
2023-09-22,0.2177463391128493,0.43668032030864107,4,two_factor_ou,in_sample
2023-09-25,-0.2020184868271679,0.3393640216795202,4,two_factor_ou,in_sample
2023-09-26,-0.09618723242757035,0.4076161476514152,4,two_factor_ou,in_sample
2023-09-27,-0.3728733006594102,0.762105679149344,4,two_factor_ou,in_sample
2023-09-28,-0.36353009873825337,0.538858374544603,4,two_factor_ou,in_sample
2023-10-09,0.0430170475900693,0.4577169413649031,4,two_factor_ou,in_sample
2023-10-10,-0.13440928507728786,0.27974250416757157,4,two_factor_ou,in_sample
2023-10-11,0.010626329961466362,0.6865128889949967,4,two_factor_ou,in_sample
2023-10-12,0.11235726293181018,0.3006892100936319,4,two_factor_ou,in_sample
2023-10-13,0.08214042753927575,0.35259255981825344,3,two_factor_ou,in_sample
2023-10-16,-0.1274183271249593,0.3299923329453332,3,two_factor_ou,in_sample
2023-10-17,-0.18768206186354727,0.331628196606474,3,two_factor_ou,in_sample
2023-10-18,-0.016775325652606494,0.30724973766928165,3,two_factor_ou,in_sample
2023-10-19,-0.3013597137327515,0.5425957356497906,3,two_factor_ou,in_sample
2023-10-20,-0.4082795846770712,0.707111651140499,3,two_factor_ou,in_sample
2023-10-23,-0.7602407264418333,0.8204782001603801,4,two_factor_ou,in_sample
2023-10-24,-0.24467031534523176,0.6941778613915873,4,two_factor_ou,in_sample
2023-10-25,-0.36229237532957626,0.8581154938319742,4,two_factor_ou,in_sample
2023-10-26,-0.2006893683285423,0.5716154072154406,4,two_factor_ou,in_sample
2023-10-27,0.36956156064942186,0.5175881939430726,4,two_factor_ou,in_sample
2023-10-30,0.14248344985169953,0.7994350476715423,4,two_factor_ou,in_sample
2023-10-31,0.17242121898913415,0.4011795578821379,4,two_factor_ou,in_sample
2023-11-01,0.031783998137195846,0.4765559429059641,4,two_factor_ou,in_sample
2023-11-02,-0.04764582632339476,0.6323923497134342,4,two_factor_ou,in_sample
2023-11-03,0.1946603250858252,0.765428690580547,4,two_factor_ou,in_sample
2023-11-06,0.06637093215229409,0.6165825416634944,4,two_factor_ou,in_sample
2023-11-07,-0.07587203748705551,0.8816757064330943,4,two_factor_ou,in_sample
2023-11-08,-0.0094687826260762,1.1877178128214207,4,two_factor_ou,in_sample
2023-11-09,0.16898088140955575,1.2163651345190019,4,two_factor_ou,in_sample
2023-11-10,-0.49379722361169964,0.9422208795653504,3,two_factor_ou,in_sample
2023-11-13,-0.8251668991616613,1.0233316906826218,3,two_factor_ou,in_sample
2023-11-14,-0.7084647621473836,0.8393279676099561,3,two_factor_ou,in_sample
2023-11-15,-0.4798280018115331,0.8500926818508381,3,two_factor_ou,in_sample
2023-11-16,-0.5049583245772077,0.5477990287799291,3,two_factor_ou,in_sample
2023-11-17,-0.6001661078243695,0.9699216000473059,3,two_factor_ou,in_sample
2023-11-20,-0.5031838110348521,0.928190430664897,4,two_factor_ou,in_sample
2023-11-21,-0.09400183502752281,0.8844362807641784,4,two_factor_ou,in_sample
2023-11-22,0.48444257150686665,1.0447222106343232,4,two_factor_ou,in_sample
2023-11-23,0.4932994949193299,0.573054217602109,4,two_factor_ou,in_sample
2023-11-24,0.16804268204959022,0.6881630533510886,4,two_factor_ou,in_sample
2023-11-27,-0.3918286574672619,0.6928053436471215,4,two_factor_ou,in_sample
2023-11-28,-0.23526093835673711,0.9754346289318034,4,two_factor_ou,in_sample
2023-11-29,-0.04033278571980792,0.9051492664497169,4,two_factor_ou,in_sample
2023-11-30,-0.5151170514157261,1.470982983860202,4,two_factor_ou,in_sample
2023-12-01,-0.23057943253991997,1.2404139626118509,4,two_factor_ou,in_sample
2023-12-04,-0.18905222994793283,1.6847232248942752,4,two_factor_ou,in_sample
2023-12-05,-0.8930721982900094,1.7811954949124875,4,two_factor_ou,in_sample
2023-12-06,-0.5176234523752928,1.3424762490929745,4,two_factor_ou,in_sample
2023-12-07,1.4646760766950289,1.6579636289301933,4,two_factor_ou,in_sample
2023-12-08,0.4627993531419301,1.188565727656566,3,two_factor_ou,in_sample
2023-12-11,0.031107060626232697,0.659791914759403,3,two_factor_ou,in_sample
2023-12-12,0.14499113290530832,0.673222643584539,3,two_factor_ou,in_sample
2023-12-13,-0.46504874350728315,0.6142965880292897,3,two_factor_ou,in_sample
2023-12-14,0.025815199779752513,0.26721802418604174,3,two_factor_ou,in_sample
2023-12-15,0.014691976106097774,0.6454554384713498,3,two_factor_ou,in_sample
2023-12-18,0.24275502724392448,0.6875911377249783,4,two_factor_ou,in_sample
2023-12-19,0.2322057036428616,0.5827737558462617,4,two_factor_ou,in_sample
2023-12-20,0.0657049113136216,0.22430694614699617,4,two_factor_ou,in_sample
2023-12-21,-0.17952607903672643,0.49019993072676715,4,two_factor_ou,in_sample
2023-12-22,-0.104635322374357,0.6410137795838129,4,two_factor_ou,in_sample
2023-12-25,-0.6045295862825523,0.6525703516572244,4,two_factor_ou,in_sample
2023-12-26,-0.1523803834070246,0.49674963621856166,4,two_factor_ou,in_sample
2023-12-27,-0.18646554327831527,0.4736916182240558,4,two_factor_ou,in_sample
2023-12-28,0.4589556666623931,0.7282881016849617,4,two_factor_ou,in_sample
2023-12-29,0.23871611934520434,0.6583031952679945,4,two_factor_ou,in_sample
2024-01-02,0.13328595412040797,1.0907603307517593,4,two_factor_ou,in_sample
2024-01-03,0.07551767491322445,0.4675170200788128,4,two_factor_ou,in_sample
2024-01-04,-0.1584004838975002,0.19493245643067514,4,two_factor_ou,in_sample
2024-01-05,-0.42343388456255837,0.6262764715936503,4,two_factor_ou,in_sample
2024-01-08,-0.6030355541834311,1.9132081010718633,4,two_factor_ou,in_sample
2024-01-09,0.12654579726091247,0.49173243116443455,4,two_factor_ou,in_sample
2024-01-10,-0.033254499589327746,0.5735996374904068,4,two_factor_ou,in_sample
2024-01-11,0.5644691139587051,0.6089784635271058,4,two_factor_ou,in_sample
2024-01-12,-0.4955319558964119,0.666650449799477,3,two_factor_ou,in_sample
2024-01-15,-0.1878301838233175,0.6929788209812973,3,two_factor_ou,in_sample
2024-01-16,-0.02989594883745429,0.5800003859849182,3,two_factor_ou,in_sample
2024-01-17,-0.5874726552076539,2.4769157775283555,3,two_factor_ou,in_sample
2024-01-18,0.13021580955174597,1.2124729839801829,3,two_factor_ou,in_sample
2024-01-19,0.4244285491022191,1.3346806172458083,3,two_factor_ou,in_sample
2024-01-22,-1.4753606002892141,5.188570915779984,3,two_factor_ou,in_sample
2024-01-23,0.6067791495815373,3.3080553499601786,4,two_factor_ou,in_sample
2024-01-24,0.2702687759748512,1.7703302701552746,4,two_factor_ou,in_sample
2024-01-25,0.8003603323561657,2.089135993722908,4,two_factor_ou,in_sample
2024-01-26,-1.0395575271795985,1.7598199759535476,4,two_factor_ou,in_sample
2024-01-29,0.01635500483082819,1.8008118941112294,4,two_factor_ou,in_sample
2024-01-30,-0.3739326563623055,1.8707840648910632,4,two_factor_ou,in_sample
2024-01-31,-0.30379132014258625,1.4502902230513417,4,two_factor_ou,in_sample
2024-02-01,0.14385478316432082,1.3977321170311234,4,two_factor_ou,in_sample
2024-02-02,-1.4072378642847587,1.4739754293512422,3,two_factor_ou,in_sample
2024-02-05,-3.440878185055015,5.211712767175603,2,two_factor_ou,in_sample
2024-02-06,4.7705563455199576,6.760739601302669,3,two_factor_ou,in_sample
2024-02-07,2.0678356574522745,2.0847307142657305,3,two_factor_ou,in_sample
2024-02-08,0.06534088445106856,0.8808672708726524,3,two_factor_ou,in_sample
2024-02-19,-1.6590930795515542,2.088718073033942,3,two_factor_ou,in_sample
2024-02-20,0.013252922483334345,1.3370012316663182,4,two_factor_ou,in_sample
2024-02-21,-0.11714134033454968,1.1116320685684649,4,two_factor_ou,in_sample
2024-02-22,0.49190090666642355,1.2764027830481062,4,two_factor_ou,in_sample
2024-02-23,0.049493820232221125,1.221792876460051,4,two_factor_ou,in_sample
2024-02-26,-0.39748806084919613,0.9969275656389613,4,two_factor_ou,in_sample
2024-02-27,0.38866324854815426,1.272973101300356,4,two_factor_ou,in_sample
2024-02-28,-0.33008300339007657,1.1267467983158157,4,two_factor_ou,in_sample
2024-02-29,0.381220207215274,1.3505396111195773,4,two_factor_ou,in_sample
2024-03-01,0.05475841899250705,1.1087793358454547,4,two_factor_ou,in_sample
2024-03-04,-0.2758044380415776,1.6688458033556803,4,two_factor_ou,in_sample
2024-03-05,0.1050828875689161,2.2363109220716293,4,two_factor_ou,in_sample
2024-03-06,0.3407756636364934,1.270523308297802,4,two_factor_ou,in_sample
2024-03-07,-0.036697374388976065,1.1127101134313238,4,two_factor_ou,in_sample
2024-03-08,-0.4616877669431964,1.0465892888660058,3,two_factor_ou,in_sample
2024-03-11,-0.4969719147495646,1.3920386339398296,3,two_factor_ou,in_sample
2024-03-12,-0.31350368395071265,1.2440387166101252,3,two_factor_ou,in_sample
2024-03-13,-0.12375631016512512,1.1687731802449148,3,two_factor_ou,in_sample
2024-03-14,-0.3966342104318136,1.0370621271123375,3,two_factor_ou,in_sample
2024-03-15,0.3732834658635424,1.5634735170180876,3,two_factor_ou,in_sample
2024-03-18,0.10439729450396629,1.4036742837431055,4,two_factor_ou,in_sample
2024-03-19,-0.2525107141884258,1.1671247536516705,4,two_factor_ou,in_sample
2024-03-20,-0.25416135767088127,1.1418063777675271,4,two_factor_ou,in_sample
2024-03-21,-0.1834906517115254,0.9037675872215478,4,two_factor_ou,in_sample
2024-03-22,-0.4117604920487786,1.1265308287779343,4,two_factor_ou,in_sample
2024-03-25,-0.7781211671140005,1.4299567510162006,4,two_factor_ou,in_sample
2024-03-26,-0.5625431660732573,1.0785557143394329,4,two_factor_ou,in_sample
2024-03-27,-0.5923823245794159,0.6776269938096509,4,two_factor_ou,in_sample
2024-03-28,-0.3661449082014472,1.2202662854592918,4,two_factor_ou,in_sample
2024-03-29,-0.3491012678747391,1.4920543603128007,4,two_factor_ou,in_sample
2024-04-01,0.2978389251584492,1.4754801793911272,4,two_factor_ou,in_sample
2024-04-02,-0.11336842912569228,1.0188232818079201,4,two_factor_ou,in_sample
2024-04-03,-0.5946494626814857,0.9675874263765254,4,two_factor_ou,in_sample
2024-04-08,-0.6401614259799765,1.289669407480194,4,two_factor_ou,in_sample
2024-04-09,0.08345512540338154,0.8540361430168224,4,two_factor_ou,in_sample
2024-04-10,-0.3121406326559258,0.7222059347742426,4,two_factor_ou,in_sample
2024-04-11,-0.2987141461064392,0.9070528754181334,4,two_factor_ou,in_sample
2024-04-12,-0.6921997836805422,1.0769936838137912,3,two_factor_ou,in_sample
2024-04-15,-0.8464798529530033,1.4277771925278984,3,two_factor_ou,in_sample
2024-04-16,-0.2121420697610791,1.0227085264618432,3,two_factor_ou,in_sample
2024-04-17,-0.06495428609805236,1.7104397338624828,3,two_factor_ou,in_sample
2024-04-18,-0.14274859422143674,1.2322342761079392,3,two_factor_ou,in_sample
2024-04-19,-0.5295681046311772,1.371616444312236,3,two_factor_ou,in_sample
2024-04-22,0.5063764065872196,1.5165742228381072,4,two_factor_ou,in_sample
2024-04-23,-0.21603350389364645,0.9638882305452814,4,two_factor_ou,in_sample
2024-04-24,0.3980210856469486,1.9832967996154736,4,two_factor_ou,in_sample
2024-04-25,-0.2623218942287162,1.2500024412916861,4,two_factor_ou,in_sample
2024-04-26,0.5260095456927107,1.8443525424235896,4,two_factor_ou,in_sample
2024-04-29,0.550182746560822,1.6372499123619753,4,two_factor_ou,in_sample
2024-04-30,0.08753889618774535,1.2079283116280735,4,two_factor_ou,in_sample
2024-05-06,0.4962165970279342,1.1458642044349467,4,two_factor_ou,in_sample
2024-05-07,-0.22360068667995706,0.6956753198208903,4,two_factor_ou,in_sample
2024-05-08,-0.5531275652885677,0.8364415254585503,4,two_factor_ou,in_sample
2024-05-09,0.2994493494259307,0.8276672437616691,4,two_factor_ou,in_sample
2024-05-10,-0.27627217821494915,0.6065328827716671,3,two_factor_ou,in_sample
2024-05-13,-0.4361972577003494,0.610266750163085,3,two_factor_ou,in_sample
2024-05-14,-0.02504215562865573,0.3260795342854314,3,two_factor_ou,in_sample
2024-05-15,-0.06972913235580103,0.7121401967996815,3,two_factor_ou,in_sample
2024-05-16,-0.00045840757681026023,0.39782458721078723,3,two_factor_ou,in_sample
2024-05-17,0.6244822035433569,1.2355740558649115,3,two_factor_ou,in_sample
2024-05-20,-0.17402324748436615,0.7639505081344574,4,two_factor_ou,in_sample
2024-05-21,-0.23290442946449258,0.6280557278170436,4,two_factor_ou,in_sample
2024-05-22,-0.022531722662686327,0.311277605358774,4,two_factor_ou,in_sample
2024-05-23,-0.1599947331821448,0.5131983952992512,4,two_factor_ou,in_sample
2024-05-24,-0.2167688067227974,0.58826258208901,4,two_factor_ou,in_sample
2024-05-27,-0.26924132970632164,0.49321661185521654,4,two_factor_ou,in_sample
2024-05-28,-0.5183942255531244,0.5740586468773564,4,two_factor_ou,in_sample
2024-05-29,-0.287283306832646,0.6064009883694276,4,two_factor_ou,in_sample
2024-05-30,-0.18727978081836513,1.1362651813624691,4,two_factor_ou,in_sample
2024-05-31,-0.057678125262149826,0.8082067722092443,4,two_factor_ou,in_sample
2024-06-03,-0.4876701682031206,1.1577708550769692,4,two_factor_ou,in_sample
2024-06-04,-0.046301594725454476,0.973804187660792,4,two_factor_ou,in_sample
2024-06-05,-0.22270579554484313,0.9922813718518114,4,two_factor_ou,in_sample
2024-06-06,-0.18513126146604172,0.9536455926157599,4,two_factor_ou,in_sample
2024-06-07,-0.07852367555631584,0.5300968980220703,4,two_factor_ou,in_sample
2024-06-11,-0.03651176645029758,0.729731363512489,4,two_factor_ou,in_sample
2024-06-12,-0.33518888767035154,0.7506875009442422,4,two_factor_ou,in_sample
2024-06-13,-0.4487374156880992,0.7862459405492065,4,two_factor_ou,in_sample
2024-06-14,0.2203723355265069,1.2794598473094083,3,two_factor_ou,in_sample
2024-06-17,-0.5545490759738608,0.804118694528372,3,two_factor_ou,in_sample
2024-06-18,0.25155973380966307,0.6866286654107163,3,two_factor_ou,in_sample
2024-06-19,-0.5079704048001409,0.57071235896086,3,two_factor_ou,in_sample
2024-06-20,-0.2113059932112494,0.2975076996690102,3,two_factor_ou,in_sample
2024-06-21,-0.04841997450209264,0.31837125462950355,3,two_factor_ou,in_sample
2024-06-24,-0.49422945123918915,0.7382301688390005,4,two_factor_ou,in_sample
2024-06-25,-0.28973258343333846,0.6503206557989419,4,two_factor_ou,in_sample
2024-06-26,0.05479158276884978,0.44266907003776373,4,two_factor_ou,in_sample
2024-06-27,-0.30372158647739556,0.8272062875847568,4,two_factor_ou,in_sample
2024-06-28,0.061676160756686305,0.7146949979661856,4,two_factor_ou,in_sample
2024-07-01,0.2156534639892076,0.514236527557123,4,two_factor_ou,in_sample
2024-07-02,0.005124705134485097,0.47280804838942675,4,two_factor_ou,in_sample
2024-07-03,-0.03223958642433965,0.2832185477506202,4,two_factor_ou,in_sample
2024-07-04,-0.3544313467182949,0.6569440865461594,4,two_factor_ou,in_sample
2024-07-05,0.058643879678376504,0.3986213793315326,4,two_factor_ou,in_sample
2024-07-08,-0.3819427403152508,0.6409526248400603,4,two_factor_ou,in_sample
2024-07-09,0.25785934064795857,0.5816309857757711,4,two_factor_ou,in_sample
2024-07-10,0.2751302975125318,0.4243226519700266,4,two_factor_ou,in_sample
2024-07-11,0.33229409796382914,0.4310346956430679,4,two_factor_ou,in_sample
2024-07-12,0.15284496012411086,0.445931904887646,3,two_factor_ou,in_sample
2024-07-15,-0.3072892892551448,0.4817087760683043,3,two_factor_ou,in_sample
2024-07-16,-0.4043856488980479,0.42120763414117185,3,two_factor_ou,in_sample
2024-07-17,-0.5914161345443388,0.6843825185308837,3,two_factor_ou,in_sample
2024-07-18,-0.14185697093247807,0.5779332714009953,3,two_factor_ou,in_sample
2024-07-19,-0.04631447155061356,0.36054054190032964,3,two_factor_ou,in_sample
2024-07-22,0.12208072798795006,0.4925063745876217,4,two_factor_ou,in_sample
2024-07-23,-0.44804669031934985,0.5691754090576108,4,two_factor_ou,in_sample
2024-07-24,-0.337921027739503,0.5658200888160634,4,two_factor_ou,in_sample
2024-07-25,-0.10992807665332383,0.6681857417132574,4,two_factor_ou,in_sample
2024-07-26,0.014569571560789585,0.818981491654044,4,two_factor_ou,in_sample
2024-07-29,-0.4688752908314181,0.5272069569280563,4,two_factor_ou,in_sample
2024-07-30,0.10248319297683742,0.6824366179036523,4,two_factor_ou,in_sample
2024-07-31,1.5170944637922061,2.176753785335832,4,two_factor_ou,in_sample
2024-08-01,-0.3025679862374027,0.7941490121782945,4,two_factor_ou,in_sample
2024-08-02,-0.2974582831370639,0.5442955077586543,4,two_factor_ou,in_sample
2024-08-05,-0.3576825674384529,0.9724717414504418,4,two_factor_ou,in_sample
2024-08-06,0.038354785761151144,0.6189703626350274,4,two_factor_ou,in_sample
2024-08-07,-0.3148054588369155,0.5000323533170268,4,two_factor_ou,in_sample
2024-08-08,0.2610174550293818,1.0474229481905164,4,two_factor_ou,in_sample
2024-08-09,-0.47444938899703853,0.8270003800999184,3,two_factor_ou,in_sample
2024-08-12,0.34430706568098435,0.6415139074080816,3,two_factor_ou,in_sample
2024-08-13,-0.013169987671761918,0.40335957123900135,3,two_factor_ou,in_sample
2024-08-14,-0.49661878954837774,0.5787676178020469,3,two_factor_ou,in_sample
2024-08-15,-0.2220758880190882,0.48180842299038423,3,two_factor_ou,in_sample
2024-08-16,-0.10377282365878067,0.27295910890888697,3,two_factor_ou,in_sample
2024-08-19,-0.020501411476091677,0.8285572494183242,4,two_factor_ou,in_sample
2024-08-20,-0.380023990958469,0.7000289075540885,4,two_factor_ou,in_sample
2024-08-21,-0.03777592138554548,0.9422176261897088,4,two_factor_ou,in_sample
2024-08-22,-0.46876070688442567,1.115628044294071,4,two_factor_ou,in_sample
2024-08-23,-0.035525897209088275,1.10643565056627,4,two_factor_ou,in_sample
2024-08-26,-0.06055592378587271,0.8672375461373866,4,two_factor_ou,in_sample
2024-08-27,-0.2988548803900291,1.1020912559370477,4,two_factor_ou,in_sample
2024-08-28,-0.2976386602813261,0.7601595801210209,4,two_factor_ou,in_sample
2024-08-29,0.07826560384587683,0.9458028039617209,4,two_factor_ou,in_sample
2024-08-30,0.044930671356360516,0.803387950082344,4,two_factor_ou,in_sample
2024-09-02,-0.4068409147734436,0.608404947371126,4,two_factor_ou,in_sample
2024-09-03,-0.313483248367339,0.5280410388014534,4,two_factor_ou,in_sample
2024-09-04,-0.11947113756566104,0.6998799898757597,4,two_factor_ou,in_sample
2024-09-05,0.018448989237780024,0.7832917585426861,4,two_factor_ou,in_sample
2024-09-06,-0.501077572403079,0.8233100624894939,4,two_factor_ou,in_sample
2024-09-09,-0.08147732472926883,0.747255792226881,4,two_factor_ou,in_sample
2024-09-10,0.024392091359169796,0.6211702097491939,4,two_factor_ou,in_sample
2024-09-11,-0.05599004395009418,0.5947201917854823,3,two_factor_ou,in_sample
2024-09-12,0.04160436161412325,0.5316625772251564,3,two_factor_ou,in_sample
2024-09-13,-0.13229372440110435,0.692842415078901,3,two_factor_ou,in_sample
2024-09-18,-0.7087143888010418,0.9845350574908841,3,two_factor_ou,in_sample
2024-09-19,-0.12340346671446478,0.5833492607152234,3,two_factor_ou,in_sample
2024-09-20,-0.2647477170330037,0.8589973768312041,3,two_factor_ou,in_sample
2024-09-23,0.23830301395655715,0.5875875881764365,4,two_factor_ou,in_sample
2024-09-24,0.8182157842044477,1.5143765565212357,4,two_factor_ou,in_sample
2024-09-25,0.1889356506574294,0.7654310451719255,4,two_factor_ou,in_sample
2024-09-26,1.03928864282905,3.6984173390085173,4,two_factor_ou,in_sample
2024-09-27,2.3406521769052864,3.7408273920396433,3,two_factor_ou,in_sample
2024-09-30,-2.1942278633817294,4.135596733226995,4,two_factor_ou,in_sample
2024-10-08,0.6009097082463211,3.462323690432482,4,two_factor_ou,in_sample
2024-10-09,0.15017688327467055,0.7457582184282735,4,two_factor_ou,in_sample
2024-10-10,0.3551589015030417,1.2754790866000376,4,two_factor_ou,in_sample
2024-10-11,0.2761514851292709,0.8768507507230564,3,two_factor_ou,in_sample
2024-10-14,-0.6675689411856807,0.7966732357795189,3,two_factor_ou,in_sample
2024-10-15,-0.9251828170712589,1.0273439901857082,3,two_factor_ou,in_sample
2024-10-16,0.46616533831627743,0.9427601934702623,3,two_factor_ou,in_sample
2024-10-17,-0.7594802359665905,1.0520721671976556,3,two_factor_ou,in_sample
2024-10-18,1.7574395360589605,2.1685109593633856,3,two_factor_ou,in_sample
2024-10-21,0.28314574932214326,1.1265816984435166,4,two_factor_ou,in_sample
2024-10-22,-0.08589866825016629,1.2407857026088223,4,two_factor_ou,in_sample
2024-10-23,0.10810538487127747,1.2072330414080794,4,two_factor_ou,in_sample
2024-10-24,-0.021707188495542207,1.092110590416621,4,two_factor_ou,in_sample
2024-10-25,0.3674434588125094,1.2259472121475916,4,two_factor_ou,in_sample
2024-10-28,-0.1396265974398011,1.4303418116468158,4,two_factor_ou,in_sample
2024-10-29,-0.22291889381818553,0.9717443060730646,4,two_factor_ou,in_sample
2024-10-30,-0.295169335121764,0.762253806169191,4,two_factor_ou,in_sample
2024-10-31,-0.2051885758618542,0.9214536057134479,4,two_factor_ou,in_sample
2024-11-01,0.1257942086784637,0.828308940092143,4,two_factor_ou,in_sample
2024-11-04,-0.10231290421721317,1.156380387343956,4,two_factor_ou,in_sample
2024-11-05,-0.038299395943013015,0.6127302312775886,4,two_factor_ou,in_sample
2024-11-06,-0.36887381999274693,0.762091174451779,4,two_factor_ou,in_sample
2024-11-07,0.20336821253502363,0.3742555839289562,4,two_factor_ou,in_sample
2024-11-08,-0.3399003275566203,0.7683878358576687,3,two_factor_ou,in_sample
2024-11-11,-0.7138027462693294,1.2277143279624014,3,two_factor_ou,in_sample
2024-11-12,-0.03967780577807118,0.27368095122173824,3,two_factor_ou,in_sample
2024-11-13,0.006009532595020369,0.38959201694958234,3,two_factor_ou,in_sample
2024-11-14,-0.15480605144788342,1.3346709695350127,3,two_factor_ou,in_sample
2024-11-15,-0.0387921549233361,0.4670019990651828,3,two_factor_ou,in_sample
2024-11-18,-0.1483415884536775,0.5769473475426907,4,two_factor_ou,in_sample
2024-11-19,0.15840669546847844,0.6576708544824469,4,two_factor_ou,in_sample
2024-11-20,-0.24425413489767298,0.8053875412144215,4,two_factor_ou,in_sample
2024-11-21,-0.09095288307014832,0.9354836027736702,4,two_factor_ou,in_sample
2024-11-22,-0.7109390730308804,1.719278003776981,4,two_factor_ou,in_sample
2024-11-25,0.12405111082039233,0.9379124260853557,4,two_factor_ou,in_sample
2024-11-26,-0.023019606729215825,0.9597950528411245,4,two_factor_ou,in_sample
2024-11-27,0.890736493518293,0.9945686251609597,4,two_factor_ou,in_sample
2024-11-28,-0.3068826273170886,1.1853664621209334,4,two_factor_ou,in_sample
2024-11-29,0.5488304470431999,0.8319746260469323,4,two_factor_ou,in_sample
2024-12-02,0.20386489293957058,1.190490696822357,4,two_factor_ou,in_sample
2024-12-03,0.33590970565729455,0.8355762858716516,4,two_factor_ou,in_sample
2024-12-04,0.083583238194263,0.7739320760567219,4,two_factor_ou,in_sample
2024-12-05,-0.13005203674802795,0.7538949076739467,4,two_factor_ou,in_sample
2024-12-06,0.15989344780108172,0.6739444134328774,4,two_factor_ou,in_sample
2024-12-09,-0.07460493546735433,1.213825087052059,4,two_factor_ou,in_sample
2024-12-10,0.39221274909234854,0.9459606785311943,4,two_factor_ou,in_sample
2024-12-11,-0.014539560698008921,0.6575545293601476,4,two_factor_ou,in_sample
2024-12-12,-0.041004783825973196,0.626204774313222,4,two_factor_ou,in_sample
2024-12-13,-0.46580819125556666,0.9088958644032805,3,two_factor_ou,in_sample
2024-12-16,-0.6581971403532086,0.9524281292079589,3,two_factor_ou,in_sample
2024-12-17,0.050332825752046596,0.46130138571345797,3,two_factor_ou,in_sample
2024-12-18,-0.0894357427566879,0.4161611944552387,3,two_factor_ou,in_sample
2024-12-19,0.2526078317839671,0.41518016616949266,3,two_factor_ou,in_sample
2024-12-20,-0.1502106072931371,0.6002363688002046,3,two_factor_ou,in_sample
2024-12-23,0.36849322473712576,0.5878041888037979,4,two_factor_ou,in_sample
2024-12-24,0.227177409845704,0.5756438367933289,4,two_factor_ou,in_sample
2024-12-25,0.17973535906353463,0.4194242116283662,4,two_factor_ou,in_sample
2024-12-26,0.0606768506854558,0.47379061840727776,4,two_factor_ou,in_sample
2024-12-27,0.21771672385211244,0.4630680498823504,4,two_factor_ou,in_sample
2024-12-30,0.15458192768735096,0.41591926877793917,4,two_factor_ou,in_sample
2024-12-31,-0.0572688297170525,0.699446100254787,4,two_factor_ou,in_sample
2025-01-02,-0.14994790445404885,0.6010227839288468,4,two_factor_ou,in_sample
2025-01-03,0.1677151608079422,0.6557159026024056,4,two_factor_ou,in_sample
2025-01-06,-0.10799983963160666,0.3836993948607417,4,two_factor_ou,in_sample
2025-01-07,0.03961986849329438,0.5980426229436668,4,two_factor_ou,in_sample
2025-01-08,0.17226166886602617,0.6909244110766786,4,two_factor_ou,in_sample
2025-01-09,0.11605347666594978,1.2444467966433812,4,two_factor_ou,in_sample
2025-01-10,0.26946815527573714,0.6797172621102298,3,two_factor_ou,in_sample
2025-01-13,0.3366934803880644,0.4264910043623444,3,two_factor_ou,in_sample
2025-01-14,0.2878119546699102,0.4448953015614438,3,two_factor_ou,in_sample
2025-01-15,-0.07080101089420349,0.5109108668922069,3,two_factor_ou,in_sample
2025-01-16,0.17235857037929833,0.7686944017753615,3,two_factor_ou,in_sample
2025-01-17,0.43369010894232457,0.5354291468590482,3,two_factor_ou,in_sample
2025-01-20,0.31754818778296673,0.4849570218978892,4,two_factor_ou,in_sample
2025-01-21,0.12038922231589541,0.5189387981189046,4,two_factor_ou,in_sample
2025-01-22,0.199011333015921,0.6850251480841857,4,two_factor_ou,in_sample
2025-01-23,-0.12230637495228003,0.28700484664280407,4,two_factor_ou,in_sample
2025-01-24,0.32694575880831794,0.8730080900622761,4,two_factor_ou,in_sample
2025-01-27,-0.1367546223420678,0.7546914019017225,4,two_factor_ou,in_sample
2025-02-05,-0.016212781051626803,0.247040625225552,4,two_factor_ou,in_sample
2025-02-06,0.009449515080783108,0.2877845473156406,4,two_factor_ou,in_sample
2025-02-07,0.18357120939672394,0.39167727231507926,4,two_factor_ou,in_sample
2025-02-10,-0.0734870538842666,0.8273633685485521,4,two_factor_ou,in_sample
2025-02-11,-0.06245984576028918,0.6119202316295146,4,two_factor_ou,in_sample
2025-02-12,-0.1641270040560355,0.1773514958099765,4,two_factor_ou,in_sample
2025-02-13,-0.13189330299524277,0.953247346904221,4,two_factor_ou,in_sample
2025-02-14,-0.254097227830189,0.37556903650393103,3,two_factor_ou,in_sample
2025-02-17,-0.5250978550420902,0.5473151452864993,3,two_factor_ou,in_sample
2025-02-18,0.08744503050257539,0.8067854087431168,3,two_factor_ou,in_sample
2025-02-19,-0.25640396377354774,0.34593632995811835,3,two_factor_ou,in_sample
2025-02-20,-0.19324860560077342,0.8726762332383374,3,two_factor_ou,in_sample
2025-02-21,0.285010527392033,0.6176029887841037,3,two_factor_ou,in_sample
2025-02-24,-0.4565173228813052,1.1226788068231959,4,two_factor_ou,in_sample
2025-02-25,-0.30330419995070806,1.115099085815928,4,two_factor_ou,in_sample
2025-02-26,-0.753570347433558,1.2598158925360687,4,two_factor_ou,in_sample
2025-02-27,0.09003483481909516,0.8993978675736272,4,two_factor_ou,in_sample
2025-02-28,0.009002571075062388,1.2780749232394704,4,two_factor_ou,in_sample
2025-03-03,-0.11866554228670875,0.9294227533392138,4,two_factor_ou,in_sample
2025-03-04,-0.07481367577140932,1.0954294234468402,4,two_factor_ou,in_sample
2025-03-05,-0.16505024441070776,1.382532283505595,4,two_factor_ou,in_sample
2025-03-06,0.11143369663627795,1.0974959457919669,4,two_factor_ou,in_sample
2025-03-07,-0.4829760554527418,1.2782359760904227,4,two_factor_ou,in_sample
2025-03-10,-0.2950265186662797,2.069963294956104,4,two_factor_ou,in_sample
2025-03-11,0.002210559285953914,1.0786226658287408,4,two_factor_ou,in_sample
2025-03-12,-0.2748311528083108,1.0108343595981695,4,two_factor_ou,in_sample
2025-03-13,0.26986838789040934,1.079108604399888,4,two_factor_ou,in_sample
2025-03-14,0.8314270178068526,1.4509020491088862,3,two_factor_ou,in_sample
2025-03-17,-0.8679640147448792,1.1203812421326342,3,two_factor_ou,in_sample
2025-03-18,-0.0946934737391278,0.2887791900886522,3,two_factor_ou,in_sample
2025-03-19,-0.22461784785029845,0.7876227726080759,3,two_factor_ou,in_sample
2025-03-20,-0.31691516966317906,0.9290815975908642,3,two_factor_ou,in_sample
2025-03-21,-0.22075165183275702,0.6914088352821232,3,two_factor_ou,in_sample
2025-03-24,-0.03389813517785448,0.6267976361534726,4,two_factor_ou,in_sample
2025-03-25,0.008313072061331,0.7413269669043109,4,two_factor_ou,in_sample
2025-03-26,-0.03835066973949244,0.5960081813402401,4,two_factor_ou,in_sample
2025-03-27,-0.2779330637515355,0.9477389280347805,4,two_factor_ou,in_sample
2025-03-28,-0.2472006413545046,0.7986978307471658,4,two_factor_ou,in_sample
2025-03-31,-0.34998435579071946,0.6674332197966689,4,two_factor_ou,in_sample
2025-04-01,-0.40284860193276373,0.49886933814504225,4,two_factor_ou,in_sample
2025-04-02,0.019551409295242128,0.6109747243627703,4,two_factor_ou,in_sample
2025-04-03,-0.1356787187972522,0.48597664656706047,4,two_factor_ou,in_sample
2025-04-07,-0.6296749909968786,4.55637359238693,4,two_factor_ou,in_sample
2025-04-08,-1.8654651595005014,3.3735682832981295,4,two_factor_ou,in_sample
2025-04-09,0.14036342812878935,0.8029020665954029,4,two_factor_ou,in_sample
2025-04-10,0.10417194905353572,0.7560722844619863,4,two_factor_ou,in_sample
2025-04-11,-0.13386954475148036,1.0870428336070097,3,two_factor_ou,in_sample
2025-04-14,-1.3455459744912244,1.5676604969147407,3,two_factor_ou,in_sample
2025-04-15,-0.7909100016453386,1.713315671920285,3,two_factor_ou,in_sample
2025-04-16,-0.6640184461284121,1.4137008787708047,3,two_factor_ou,in_sample
2025-04-17,0.5040150632481224,1.2958177263456603,3,two_factor_ou,in_sample
2025-04-18,-0.21093721036582705,0.9074215629662139,3,two_factor_ou,in_sample
2025-04-21,0.290189092050818,0.9793867539132436,4,two_factor_ou,in_sample
2025-04-22,-0.2668525398293995,0.8628532116723577,4,two_factor_ou,in_sample
2025-04-23,0.33061857205979217,1.0092158837864433,4,two_factor_ou,in_sample
2025-04-24,-0.14313756483080092,1.1121579088441589,4,two_factor_ou,in_sample
2025-04-25,0.03538434879172847,1.101325226828077,4,two_factor_ou,in_sample
2025-04-28,-0.09500961206592295,1.0374924042364004,4,two_factor_ou,in_sample
2025-04-29,-0.3077808915299514,1.0554100651422331,4,two_factor_ou,in_sample
2025-04-30,-0.5814065781045787,1.0724680101501614,4,two_factor_ou,in_sample
2025-05-06,-0.24428845692025147,0.6932115767613615,4,two_factor_ou,in_sample
2025-05-07,-0.205753893769125,0.4861856902320629,4,two_factor_ou,in_sample
2025-05-08,-0.1881568775733432,0.8418816509163319,4,two_factor_ou,in_sample
2025-05-09,-0.1561081658520408,0.29753741717101806,3,two_factor_ou,in_sample
2025-05-12,-0.20519526370434651,0.5137978999968177,3,two_factor_ou,in_sample
2025-05-13,-0.504094725688639,0.718659417808653,3,two_factor_ou,in_sample
2025-05-14,0.19719589618667707,0.7703626511540235,3,two_factor_ou,in_sample
2025-05-15,-0.41325464311369303,0.7098070412706832,3,two_factor_ou,in_sample
2025-05-16,-0.8080026633029583,0.8755459306558127,3,two_factor_ou,in_sample
2025-05-19,-1.1228234135309043,1.4489700316229237,4,two_factor_ou,in_sample
2025-05-20,-1.3202212953733978,1.5236822848004512,4,two_factor_ou,in_sample
2025-05-21,-0.5509184409436718,0.7665621350131002,4,two_factor_ou,in_sample
2025-05-22,-0.30183847625042715,0.7678119886382689,4,two_factor_ou,in_sample
2025-05-23,-0.2823804434711413,0.6357957509572993,4,two_factor_ou,in_sample
2025-05-26,-0.8969194876510262,1.3245576914421242,4,two_factor_ou,in_sample
2025-05-27,-0.34233460752221523,0.656113961640652,4,two_factor_ou,in_sample
2025-05-28,0.047823416838762706,0.5510567462213283,4,two_factor_ou,in_sample
2025-05-29,0.34750676802805774,1.2718658780890864,4,two_factor_ou,in_sample
2025-05-30,-0.32538864412758434,0.9552520408088596,4,two_factor_ou,in_sample
2025-06-03,-0.5316249265987801,0.7291534125412782,4,two_factor_ou,in_sample
2025-06-04,-0.2765131946926376,0.48072777396778926,4,two_factor_ou,in_sample
2025-06-05,-0.17829267338341678,0.37029520005602756,4,two_factor_ou,in_sample
2025-06-06,0.05540911642856863,0.5804960394033855,4,two_factor_ou,in_sample
2025-06-09,0.27318632905194445,0.613715337114132,4,two_factor_ou,in_sample
2025-06-10,-0.01615860896635049,0.5094931767782003,4,two_factor_ou,in_sample
2025-06-11,0.1945727927655927,0.5514506720575357,4,two_factor_ou,in_sample
2025-06-12,-0.08304214332032499,0.3305254776331508,4,two_factor_ou,in_sample
2025-06-13,-0.030414944521360992,0.40131400425186525,3,two_factor_ou,in_sample
2025-06-16,0.006007290622537613,0.23747063454775236,3,two_factor_ou,in_sample
2025-06-17,0.027748852978574778,0.25790599068255443,3,two_factor_ou,in_sample
2025-06-18,-0.30191253019616043,0.46838426360622376,3,two_factor_ou,in_sample
2025-06-19,0.06225359706138891,0.8410918640279519,3,two_factor_ou,in_sample
2025-06-20,0.7824218808032611,0.8842975900618072,3,two_factor_ou,in_sample
2025-06-23,-0.058119808815433216,0.47298280221360645,4,two_factor_ou,in_sample
2025-06-24,0.7361745385241205,0.8941575639418662,4,two_factor_ou,in_sample
2025-06-25,1.2667898150920514,1.517770499434413,4,two_factor_ou,in_sample
2025-06-26,0.7744653338739924,1.1743433084632096,4,two_factor_ou,in_sample
2025-06-27,0.14971553493540013,0.8347664440427868,4,two_factor_ou,in_sample
2025-06-30,-0.35136239308730755,1.196995226233032,4,two_factor_ou,in_sample
2025-07-01,-0.5329370523813388,1.18698869628183,4,two_factor_ou,in_sample
2025-07-02,0.2925521439835357,0.9765975537170518,4,two_factor_ou,in_sample
2025-07-03,0.050498548002784305,0.9776851888292941,4,two_factor_ou,in_sample
2025-07-04,0.025909325970825514,0.5968004956029606,4,two_factor_ou,in_sample
2025-07-07,-0.17170872992649874,1.003098799488407,4,two_factor_ou,in_sample
2025-07-08,0.42681618281345324,0.9714605440764369,4,two_factor_ou,in_sample
2025-07-09,-0.010194866714381579,0.6439515303960087,4,two_factor_ou,in_sample
2025-07-10,0.2374975619150243,0.8268848139303436,4,two_factor_ou,in_sample
2025-07-11,0.6853079704600801,0.9029452898181143,3,two_factor_ou,in_sample
2025-07-14,0.026903149204451225,0.7928901923361971,3,two_factor_ou,in_sample
2025-07-15,0.1051575367237339,0.4929696571449164,3,two_factor_ou,in_sample
2025-07-16,0.02650388927919552,0.6103575468553433,3,two_factor_ou,in_sample
2025-07-17,0.1827598994770642,0.6187307842430951,3,two_factor_ou,in_sample
2025-07-18,0.07382197017530577,0.36578921074485554,3,two_factor_ou,in_sample
2025-07-21,0.14179747113455474,0.7339195993500822,4,two_factor_ou,in_sample
2025-07-22,0.3454397695400028,0.4950857015663162,4,two_factor_ou,in_sample
2025-07-23,0.27143411354585756,0.3975681514862296,4,two_factor_ou,in_sample
2025-07-24,0.4646030246551324,0.7477608652686952,4,two_factor_ou,in_sample
2025-07-25,0.06723477808580472,0.7257821785112305,4,two_factor_ou,in_sample
2025-07-28,-0.19008811501323192,0.8204658892620386,4,two_factor_ou,in_sample
2025-07-29,0.03207309905975919,0.725185300540258,4,two_factor_ou,in_sample
2025-07-30,-0.07358732966424117,0.6310685626983505,4,two_factor_ou,in_sample
2025-07-31,-0.10610500169961204,0.8522801753430042,4,two_factor_ou,in_sample
2025-08-01,0.0705754672738686,1.2056583691588703,4,two_factor_ou,in_sample
2025-08-04,0.2109391452320854,0.8581181895261276,4,two_factor_ou,in_sample
2025-08-05,-0.22560825896208556,0.9504717492144322,4,two_factor_ou,in_sample
2025-08-06,0.3066131047324402,0.7815095304537004,4,two_factor_ou,in_sample
2025-08-07,-0.2618317979433169,1.119744486270042,4,two_factor_ou,in_sample
2025-08-08,-0.17657968710767205,0.6082966862874135,3,two_factor_ou,in_sample
2025-08-11,0.2174354193536784,0.8105398638460989,3,two_factor_ou,in_sample
2025-08-12,0.17350469777860866,0.5710460802833877,3,two_factor_ou,in_sample
2025-08-13,0.8613484011293471,1.0237571200156714,3,two_factor_ou,in_sample
2025-08-14,0.4860339112119745,0.710383927438454,3,two_factor_ou,in_sample
2025-08-15,0.9782592725689816,1.1689219658910674,3,two_factor_ou,in_sample
2025-08-18,0.8609608881551576,1.8724510386779198,4,two_factor_ou,in_sample
2025-08-19,-0.08376037822836502,1.0745406142244236,4,two_factor_ou,in_sample
2025-08-20,0.6197190901396933,1.1311294693175418,4,two_factor_ou,in_sample
2025-08-21,-0.12137612198633911,0.9634529640711575,4,two_factor_ou,in_sample
2025-08-22,0.1501490856675161,0.9962180180845371,4,two_factor_ou,in_sample
2025-08-25,0.012701890478834917,1.4352514162605572,4,two_factor_ou,in_sample
2025-08-26,-0.19117393765401225,0.9414022225069929,4,two_factor_ou,in_sample
2025-08-27,-0.40887709605371864,0.885147803495484,4,two_factor_ou,in_sample
2025-08-28,-0.736911065903953,1.1283908929645536,4,two_factor_ou,in_sample
2025-08-29,-0.606543713031251,1.2068761010451077,4,two_factor_ou,in_sample
2025-09-01,-0.7045300049750903,1.7237579017270657,4,two_factor_ou,in_sample
2025-09-02,0.18563352567956892,1.2953279410732645,4,two_factor_ou,in_sample
2025-09-03,-0.5586720785660533,0.9247485989925202,4,two_factor_ou,in_sample
2025-09-04,-0.171725370583659,0.9380071091405916,4,two_factor_ou,in_sample
2025-09-05,0.17897134678871413,0.7800790487450713,4,two_factor_ou,in_sample
2025-09-08,-0.07614546073652348,1.9448540258761997,4,two_factor_ou,in_sample
2025-09-09,-0.0670973772535087,0.9291379704645952,4,two_factor_ou,in_sample
2025-09-10,-0.1592979114776567,1.9169459759938778,4,two_factor_ou,in_sample
2025-09-11,0.504495806608427,1.611033764524272,4,two_factor_ou,in_sample
2025-09-12,-0.8731850980185484,1.3960163424819854,3,two_factor_ou,in_sample
2025-09-15,-0.7066973217271197,1.5735103860243396,3,two_factor_ou,in_sample
2025-09-16,0.34624496445128,1.4389893069654418,3,two_factor_ou,in_sample
2025-09-17,0.337142305289129,1.152268984709959,3,two_factor_ou,in_sample
2025-09-18,-0.6318942418312946,1.8984288125421631,3,two_factor_ou,in_sample
2025-09-19,0.22016438142879258,1.684885334506005,3,two_factor_ou,in_sample
2025-09-22,-0.046866304748178544,1.615736804966742,4,two_factor_ou,in_sample
2025-09-23,-0.31763804820908925,1.6388686227209075,4,two_factor_ou,in_sample
2025-09-24,0.5493760436493883,1.2508311629714695,4,two_factor_ou,in_sample
2025-09-25,0.22951069857093254,1.2137728570017174,4,two_factor_ou,in_sample
2025-09-26,-0.10709232306710859,0.9472574444726048,4,two_factor_ou,in_sample
2025-09-29,0.47145405931460793,0.8920668246901213,4,two_factor_ou,in_sample
2025-09-30,0.07718738897585464,0.4634402401522795,4,two_factor_ou,in_sample
2025-10-09,-0.007117404909154981,1.334439998130618,4,two_factor_ou,in_sample
2025-10-10,-0.30395535403399876,0.5165293306546797,3,two_factor_ou,in_sample
2025-10-13,-0.8804783077459081,0.9693830005119872,3,two_factor_ou,in_sample
2025-10-14,-0.4285856324919952,0.5062854685190051,3,two_factor_ou,in_sample
2025-10-15,0.37854040556742047,0.5320694360143514,3,two_factor_ou,in_sample
2025-10-16,-0.3079321931804678,0.49419219972771067,3,two_factor_ou,in_sample
2025-10-17,0.2122825834232737,0.4052709025672609,3,two_factor_ou,in_sample
2025-10-20,-0.018298368798438797,0.35339613732904956,4,two_factor_ou,in_sample
2025-10-21,0.2021715833947918,0.3450121220693204,4,two_factor_ou,in_sample
2025-10-22,0.15974409274581924,0.2748149670144887,4,two_factor_ou,in_sample
2025-10-23,0.17874449726353148,0.6194597878076502,4,two_factor_ou,in_sample
2025-10-24,0.016738391900444377,0.3110025159591417,4,two_factor_ou,in_sample
2025-10-27,-0.024814640590074148,1.0573574124208378,4,two_factor_ou,in_sample
2025-10-28,0.4456048831110262,0.6127541582405646,4,two_factor_ou,in_sample
2025-10-29,0.46525108677087945,0.5830698180494378,4,two_factor_ou,in_sample
2025-10-30,0.1410724106631397,0.29345487366723444,4,two_factor_ou,out_of_sample
2025-10-31,0.26672971031236453,0.8484664990676097,4,two_factor_ou,out_of_sample
2025-11-03,0.20103782776356888,0.5731521894604811,4,two_factor_ou,out_of_sample
2025-11-04,-0.4185091083610345,0.6931257086357201,4,two_factor_ou,out_of_sample
2025-11-05,-0.14221444967903202,0.5819513918575013,4,two_factor_ou,out_of_sample
2025-11-06,0.024918233288086844,0.48774605410316296,4,two_factor_ou,out_of_sample
2025-11-07,-0.09964561449072322,0.5285349522662784,4,two_factor_ou,out_of_sample
2025-11-10,-0.14364183505603478,0.45341235685089026,4,two_factor_ou,out_of_sample
2025-11-11,-0.03202397714621086,0.9760196561984005,4,two_factor_ou,out_of_sample
2025-11-12,-0.19044903369599953,1.037697324264389,4,two_factor_ou,out_of_sample
2025-11-13,-0.4298598877789851,0.7529232096416976,4,two_factor_ou,out_of_sample
2025-11-14,-0.3568224440700516,0.5268020811160029,3,two_factor_ou,out_of_sample
2025-11-17,-0.23682350226949409,0.631021265140134,3,two_factor_ou,out_of_sample
2025-11-18,0.08295302126641964,0.5546581806023468,3,two_factor_ou,out_of_sample
2025-11-19,-0.05819974843955439,0.3654528353555466,3,two_factor_ou,out_of_sample
2025-11-20,0.016482875828671733,0.283013874476102,3,two_factor_ou,out_of_sample
2025-11-21,-0.0009547598494058877,0.7677879924438377,3,two_factor_ou,out_of_sample
2025-11-24,0.31093809972531183,0.6736496052831644,4,two_factor_ou,out_of_sample
2025-11-25,-0.06627405658773305,0.6922721918450216,4,two_factor_ou,out_of_sample
2025-11-26,0.07007113630568482,0.7134572081495782,4,two_factor_ou,out_of_sample
2025-11-27,-0.14093142493440197,0.7548915110351205,4,two_factor_ou,out_of_sample
2025-11-28,-0.20453689657856788,0.647164516031951,4,two_factor_ou,out_of_sample
2025-12-01,0.0008777088351399898,1.234298414726053,4,two_factor_ou,out_of_sample
2025-12-02,0.31105668498235245,0.8023746369986081,4,two_factor_ou,out_of_sample
2025-12-03,0.21542311480901374,0.6206369712757104,4,two_factor_ou,out_of_sample
2025-12-04,0.042928357397447936,0.6550474591562778,4,two_factor_ou,out_of_sample
2025-12-05,-0.15771594365424663,0.5905662017816089,4,two_factor_ou,out_of_sample
2025-12-08,-0.1433376578078439,0.682651069799642,4,two_factor_ou,out_of_sample
2025-12-09,0.06830599804146342,0.35646764374610146,4,two_factor_ou,out_of_sample
2025-12-10,-0.2725123160845512,0.45673527437203476,4,two_factor_ou,out_of_sample
2025-12-11,0.0716078007561227,0.9333285094738794,4,two_factor_ou,out_of_sample
2025-12-12,-0.006795896822387131,0.08393477382901404,3,two_factor_ou,out_of_sample
2025-12-15,-0.06043954724806185,0.3277513338482643,3,two_factor_ou,out_of_sample
2025-12-16,-0.04440821121902864,0.3701894637600515,3,two_factor_ou,out_of_sample
2025-12-17,0.24982561868001332,0.37388273265133254,3,two_factor_ou,out_of_sample
2025-12-18,0.3008214105701924,0.6377427305316893,3,two_factor_ou,out_of_sample
2025-12-19,0.5628782064242043,0.6588761025676841,3,two_factor_ou,out_of_sample
2025-12-22,0.22840097195641645,0.6538600072358051,4,two_factor_ou,out_of_sample
2025-12-23,0.3248733910421107,0.4514651880236406,4,two_factor_ou,out_of_sample
2025-12-24,0.6018662871231923,0.7613625177999457,4,two_factor_ou,out_of_sample
2025-12-25,0.7512516081846242,1.0281327544007661,4,two_factor_ou,out_of_sample
2025-12-26,0.459494349174076,0.6926266610789044,4,two_factor_ou,out_of_sample
2025-12-29,-0.030252814057797076,0.48811823486839695,4,two_factor_ou,out_of_sample
2025-12-30,0.09879797335973801,0.6092021513168856,4,two_factor_ou,out_of_sample
2025-12-31,-0.5176887811998334,0.6026202917087929,4,two_factor_ou,out_of_sample
2026-01-05,0.6265365359507864,0.8217192885660609,4,two_factor_ou,out_of_sample
2026-01-06,0.5950153418892854,1.0760496123603482,4,two_factor_ou,out_of_sample
2026-01-07,0.18832391549858768,1.26252042752635,4,two_factor_ou,out_of_sample
2026-01-08,0.26140574039164916,0.5374699721378863,4,two_factor_ou,out_of_sample
2026-01-09,1.1579420988657465,1.2449550192335932,3,two_factor_ou,out_of_sample
2026-01-12,1.3588777598421415,1.4460960489601498,3,two_factor_ou,out_of_sample
2026-01-13,0.6949522786452661,0.928782118501042,3,two_factor_ou,out_of_sample
2026-01-14,-0.1806693281728656,1.0644429368491644,3,two_factor_ou,out_of_sample
2026-01-15,0.9217731018611577,0.9774432451262843,3,two_factor_ou,out_of_sample
2026-01-16,-0.17245549443498231,0.2795733201177313,3,two_factor_ou,out_of_sample
2026-01-19,0.8811075296280875,1.4636548667157658,4,two_factor_ou,out_of_sample
2026-01-20,0.40737774354156764,0.41789329800908853,4,two_factor_ou,out_of_sample
2026-01-21,0.5997687829769593,0.7899320548399923,4,two_factor_ou,out_of_sample
2026-01-22,0.27497171307661583,0.41836955034778706,4,two_factor_ou,out_of_sample
2026-01-23,1.498537365876639,1.6325464248438586,4,two_factor_ou,out_of_sample
2026-01-26,-0.6816844837646417,1.8158732755328897,4,two_factor_ou,out_of_sample
2026-01-27,0.71205382688753,0.9840132425971384,4,two_factor_ou,out_of_sample
2026-01-28,-0.027343816776144586,0.7558431121365613,4,two_factor_ou,out_of_sample
2026-01-29,0.4725878294374478,0.6827446289724419,4,two_factor_ou,out_of_sample
2026-01-30,0.3556987001527028,0.8117240339936205,4,two_factor_ou,out_of_sample
2026-02-02,-1.7627717446326683,2.528903909725631,4,two_factor_ou,out_of_sample
2026-02-03,0.9160981909944397,1.3491992024855592,4,two_factor_ou,out_of_sample
2026-02-04,-0.37650598230382604,1.089552005656364,4,two_factor_ou,out_of_sample
2026-02-05,-0.6728045847041282,0.8441064510274002,4,two_factor_ou,out_of_sample
2026-02-06,-0.48537070001707305,1.100828482002548,4,two_factor_ou,out_of_sample
2026-02-09,0.23943953123103942,1.170155085597541,3,two_factor_ou,out_of_sample
2026-02-10,-0.3290296209776089,0.3707779873920321,3,two_factor_ou,out_of_sample
2026-02-11,0.614332209802782,0.6250200150001965,3,two_factor_ou,out_of_sample
2026-02-12,0.012847165083987866,0.526786884120269,3,two_factor_ou,out_of_sample
2026-02-13,-0.5139434052321894,0.6868308907127806,3,two_factor_ou,out_of_sample
2026-02-24,-0.06932027151710125,0.49063432452846856,3,two_factor_ou,out_of_sample
2026-02-25,0.2874290874565487,0.6591948360781539,4,two_factor_ou,out_of_sample
2026-02-26,-0.576288532319422,0.9244733433798539,4,two_factor_ou,out_of_sample
2026-02-27,-0.6321159832108054,1.360766145020435,4,two_factor_ou,out_of_sample
2026-03-02,-0.15591370963803763,0.9550502206829641,4,two_factor_ou,out_of_sample
2026-03-03,0.4994328218667714,0.7736671819058001,4,two_factor_ou,out_of_sample
2026-03-04,-0.3504744994820387,0.6764851064405314,4,two_factor_ou,out_of_sample
2026-03-05,-0.2885325493427583,0.6102375429269576,4,two_factor_ou,out_of_sample
2026-03-06,-0.21179558229899248,0.8454600448474237,4,two_factor_ou,out_of_sample
2026-03-09,-0.4391929111283157,1.0103718739887777,4,two_factor_ou,out_of_sample
2026-03-10,0.2504373173833487,0.8858929678294327,4,two_factor_ou,out_of_sample
2026-03-11,-0.05343148922870862,0.9444118175954761,4,two_factor_ou,out_of_sample
2026-03-12,-0.11408303973336821,1.3673603776297891,4,two_factor_ou,out_of_sample
2026-03-13,-0.2612681714437291,0.9354317819395908,3,two_factor_ou,out_of_sample
2026-03-16,-0.45608895534980287,0.8078599599009032,3,two_factor_ou,out_of_sample
2026-03-17,-0.6847220721517892,1.5127586817823027,3,two_factor_ou,out_of_sample
2026-03-18,-0.6955333644224758,1.0205739336576427,3,two_factor_ou,out_of_sample
2026-03-19,-0.892677459776405,1.7560488087736275,3,two_factor_ou,out_of_sample
2026-03-20,0.027322860802443023,0.6681153648564527,3,two_factor_ou,out_of_sample
2026-03-23,-0.8783918991970661,1.2747650770645038,4,two_factor_ou,out_of_sample
2026-03-24,0.2217179211754129,1.135161754460095,4,two_factor_ou,out_of_sample
2026-03-25,-0.38887892339077906,1.0786362229066881,4,two_factor_ou,out_of_sample
2026-03-26,-0.21640643662014783,0.4700142471071638,4,two_factor_ou,out_of_sample
2026-03-27,0.2145624732714102,0.8755714328108358,4,two_factor_ou,out_of_sample
2026-03-30,-0.5329450179526797,0.82140592181713,4,two_factor_ou,out_of_sample
2026-03-31,-0.3644665385447839,1.1991143771235084,4,two_factor_ou,out_of_sample
2026-04-01,0.009537306967408454,1.1446561217759443,4,two_factor_ou,out_of_sample
2026-04-02,-0.5651253847223406,1.2673340152470172,4,two_factor_ou,out_of_sample
2026-04-03,-0.37614379326586916,1.4382697418529506,4,two_factor_ou,out_of_sample
2026-04-07,-0.12042023668087776,0.8253540653451736,4,two_factor_ou,out_of_sample
2026-04-08,0.8532964443735366,1.542593024001076,4,two_factor_ou,out_of_sample
2026-04-09,-0.5659208962124757,1.1237939619145316,4,two_factor_ou,out_of_sample
2026-04-10,-0.1223740418190683,1.0078332598690998,3,two_factor_ou,out_of_sample
2026-04-13,-0.3782817129512946,0.8971062738843505,3,two_factor_ou,out_of_sample
2026-04-14,-0.16128808409231085,0.8760360824526197,3,two_factor_ou,out_of_sample
2026-04-15,0.3491126528073682,0.9266414203065583,3,two_factor_ou,out_of_sample
2026-04-16,-0.13759647696977453,1.164230930316755,3,two_factor_ou,out_of_sample
2026-04-17,-0.2286848378209385,1.035528338470305,3,two_factor_ou,out_of_sample
2026-04-20,0.014690331152367758,0.919857695786066,4,two_factor_ou,out_of_sample
2026-04-21,0.14085311039406123,0.5089953165343275,4,two_factor_ou,out_of_sample
2026-04-22,-0.11980507260585532,0.9087849568531384,4,two_factor_ou,out_of_sample
2026-04-23,-0.04095583867012837,0.9391841857939455,4,two_factor_ou,out_of_sample
2026-04-24,0.09917848917682759,0.9314756343465189,4,two_factor_ou,out_of_sample
2026-04-27,-0.09297994393251466,0.65457182388877,4,two_factor_ou,out_of_sample
2026-04-28,0.2411035738664158,0.865691011246541,4,two_factor_ou,out_of_sample
2026-04-29,0.29535821550480046,0.9229794984691421,4,two_factor_ou,out_of_sample
2026-04-30,0.07321564754652043,0.7069737447290003,4,two_factor_ou,out_of_sample
2026-05-06,0.40849632881208425,1.111107583680696,4,two_factor_ou,out_of_sample
2026-05-07,0.4179876483807633,0.5882109861541336,4,two_factor_ou,out_of_sample
2026-05-08,-0.056454896656444174,0.431449544773527,3,two_factor_ou,out_of_sample
2026-05-11,-0.5869825043953792,0.9826663399899154,3,two_factor_ou,out_of_sample
2026-05-12,-0.06943429643876864,0.7335121602566097,3,two_factor_ou,out_of_sample
2026-05-13,0.4433986459170929,0.7580879939016908,3,two_factor_ou,out_of_sample
2026-05-14,-0.03447005010955815,0.41078496057165703,3,two_factor_ou,out_of_sample
2026-05-15,-0.17912198682460076,0.6048253305391932,3,two_factor_ou,out_of_sample
2026-05-18,-0.1795780381450099,0.4843570522484075,4,two_factor_ou,out_of_sample
2026-05-19,-0.35002621046519955,0.7237745399720974,4,two_factor_ou,out_of_sample
2026-05-20,-0.4675014215753472,1.0398074986903698,4,two_factor_ou,out_of_sample
2026-05-21,0.2581654335622181,0.9110472259948975,4,two_factor_ou,out_of_sample
2026-05-22,-0.4580889453180853,1.0873462230865536,4,two_factor_ou,out_of_sample
2026-05-25,-0.1719625754517041,1.2362439426075895,4,two_factor_ou,out_of_sample
2026-05-26,0.1567400525211431,0.7443508748753817,4,two_factor_ou,out_of_sample
2026-05-27,-0.286888279192765,0.9357898815745417,4,two_factor_ou,out_of_sample
2026-05-28,-0.017471791609600273,0.9664934576149117,4,two_factor_ou,out_of_sample
2026-05-29,0.13227231843762688,0.840226069854885,4,two_factor_ou,out_of_sample
2026-06-01,0.17463645752464668,0.5265107317812476,4,two_factor_ou,out_of_sample
2026-06-02,0.029303451296407657,0.860159828600506,4,two_factor_ou,out_of_sample
2026-06-03,-0.3034768646234033,1.100313183531226,4,two_factor_ou,out_of_sample
2026-06-04,0.03829605584522272,1.008946277410928,4,two_factor_ou,out_of_sample
2026-06-05,-0.24505061055707444,1.076076258349271,4,two_factor_ou,out_of_sample
2026-06-08,-0.0731464432660959,1.0939851410925823,4,two_factor_ou,out_of_sample
2026-06-09,-0.39851129037140753,2.3675770334554667,4,two_factor_ou,out_of_sample
2026-06-10,0.131717397230749,1.1477579624873275,4,two_factor_ou,out_of_sample
2026-06-11,-0.011345467883721538,0.9353459708037278,4,two_factor_ou,out_of_sample
2026-06-12,0.18188077815401693,0.80059865460922,3,two_factor_ou,out_of_sample
2026-06-15,0.05434024561765379,1.3581570303037016,3,two_factor_ou,out_of_sample
2026-06-16,-0.27255924544082827,1.0235686060320603,3,two_factor_ou,out_of_sample
2026-06-17,0.33586192848296514,1.1839240373803777,3,two_factor_ou,out_of_sample
2026-06-18,0.15780411957786536,0.950888361455562,3,two_factor_ou,out_of_sample
2026-06-22,-0.5360072748400633,1.8604483525535827,3,two_factor_ou,out_of_sample
2026-06-23,-0.22593149414498226,2.0932882033024294,4,two_factor_ou,out_of_sample
2026-06-24,-0.2413572014664092,1.3524553329502707,4,two_factor_ou,out_of_sample
2026-06-25,0.10483508019080753,0.9184391004234828,4,two_factor_ou,out_of_sample
2026-06-26,-0.49833350101360463,1.1215899841303356,4,two_factor_ou,out_of_sample
2026-06-29,-0.1646158830686838,0.7432959320844882,4,two_factor_ou,out_of_sample
2026-06-30,0.26925231993183874,1.4895542909697834,4,two_factor_ou,out_of_sample
2026-07-01,0.1872213107482047,2.4283950566608494,4,two_factor_ou,out_of_sample
2026-07-02,0.6474799445710638,1.5304106863622768,4,two_factor_ou,out_of_sample
2026-07-03,0.13378068959193995,0.7660799710570618,4,two_factor_ou,out_of_sample
2026-07-06,0.07179850537669347,0.7199009233889908,4,two_factor_ou,out_of_sample
2026-07-07,0.06939811665697294,0.48297479432495893,4,two_factor_ou,out_of_sample
2026-07-08,0.4844187726515159,1.0438987493691918,4,two_factor_ou,out_of_sample
2026-07-09,0.20916948770343854,0.8797920470915825,4,two_factor_ou,out_of_sample
2026-07-10,-0.1777664906942141,0.28489352600584683,3,two_factor_ou,out_of_sample
2026-07-13,0.9018928860049423,1.0864784484262395,3,two_factor_ou,out_of_sample
2026-07-14,0.019986116334474502,0.720073941522998,3,two_factor_ou,out_of_sample
2026-07-15,0.734249143144397,0.8924544736777844,3,two_factor_ou,out_of_sample
2026-07-16,0.9920489816427521,1.2351589129815375,3,two_factor_ou,out_of_sample
2026-07-17,-0.1449432767904785,0.7407834227217465,3,two_factor_ou,out_of_sample
2026-07-20,0.32400291444619855,1.3272482011662583,4,two_factor_ou,out_of_sample
2026-07-21,0.7840556709599054,1.0236854007540293,4,two_factor_ou,out_of_sample
2026-07-22,-0.3858937393703099,1.1991450054556074,4,two_factor_ou,out_of_sample
2026-07-23,-0.04749673418405771,0.555268701070729,4,two_factor_ou,out_of_sample
2026-07-24,-0.19577854448046847,0.7841417384045424,4,two_factor_ou,out_of_sample
2026-07-27,0.3389379532694174,0.9065515392601178,4,two_factor_ou,out_of_sample
2026-07-28,0.15541587366780774,0.7934463003118685,4,two_factor_ou,out_of_sample
2026-07-29,1.3352459422261573,1.4250498201195083,4,two_factor_ou,out_of_sample
2026-07-30,0.4802061321550576,0.8163265078734596,4,two_factor_ou,out_of_sample
2026-07-31,-0.08921947911867584,0.6303183716614698,4,two_factor_ou,out_of_sample
2026-08-03,0.38339348552098695,0.47469753456335945,4,two_factor_ou,out_of_sample
2026-08-04,0.139032698306399,0.40883228852846715,4,two_factor_ou,out_of_sample
2026-08-05,0.21232623426459069,0.21419850592582018,4,two_factor_ou,out_of_sample
2026-08-06,-0.8747759237059791,0.9779356093130963,4,two_factor_ou,out_of_sample
2026-08-07,-0.41560424976843413,0.5489124002035924,4,two_factor_ou,out_of_sample
2026-08-10,-0.5450987184782612,0.7817966113475504,4,two_factor_ou,out_of_sample
2026-08-11,-0.1168910970575282,1.0370147863410173,4,two_factor_ou,out_of_sample
2026-08-12,-0.25893313398240764,0.6017627999544849,4,two_factor_ou,out_of_sample
2026-08-13,0.027717411641791687,0.9222032485087215,4,two_factor_ou,out_of_sample
2026-08-14,-0.5404472844631535,0.7607598927075633,3,two_factor_ou,out_of_sample
2026-08-17,-0.025091556808873622,0.5621380424868716,3,two_factor_ou,out_of_sample
2026-08-18,-0.47038153663508453,0.8933422729184843,3,two_factor_ou,out_of_sample
2026-08-19,0.8693437990717917,1.5652572467785826,3,two_factor_ou,out_of_sample
2026-08-20,-0.07738903872882985,0.706009567743646,3,two_factor_ou,out_of_sample
2026-08-21,-0.5453775919670875,0.6886106160635417,3,two_factor_ou,out_of_sample
2022-07-22,0.6168540528608989,0.617929384496778,4,one_factor_ou,full
2022-07-25,-0.1641870394358755,0.29813487119392673,4,one_factor_ou,full
2022-07-26,-1.12787611197331,1.1885535218137402,4,one_factor_ou,full
2022-07-27,-0.6821197052035719,0.7768775014865341,4,one_factor_ou,full
2022-07-28,-0.6533031488850255,0.7138896084946525,4,one_factor_ou,full
2022-07-29,-0.2289379179620592,0.5047664170403585,4,one_factor_ou,full
2022-08-01,0.48578140490909233,0.6249947968371176,4,one_factor_ou,full
2022-08-02,-1.3680237458095363,1.444421214822007,4,one_factor_ou,full
2022-08-03,0.49543276123812907,0.7421857613428116,4,one_factor_ou,full
2022-08-04,1.427776796048766,1.452740166198324,4,one_factor_ou,full
2022-08-05,-1.558495690225725,1.5703612282071808,4,one_factor_ou,full
2022-08-08,0.7950461909388876,0.8261981875392365,4,one_factor_ou,full
2022-08-09,0.5508054154758865,0.5997175687985904,4,one_factor_ou,full
2022-08-10,0.23828621032382516,0.45089042941860313,4,one_factor_ou,full
2022-08-11,-0.954231522599704,0.9830638332500687,4,one_factor_ou,full
2022-08-12,-0.4443232458297577,0.5209410806140633,3,one_factor_ou,full
2022-08-15,0.15044803157920153,0.2759592796353402,3,one_factor_ou,full
2022-08-16,-0.07322528175134392,0.32667489296552954,3,one_factor_ou,full
2022-08-17,-0.5554738006288228,0.6389789868881101,3,one_factor_ou,full
2022-08-18,-0.6634786357072301,0.7755802947800021,3,one_factor_ou,full
2022-08-19,0.11644347660886784,0.32114417863589445,3,one_factor_ou,full
2022-08-22,0.2665064158501705,0.3680163993647716,4,one_factor_ou,full
2022-08-23,0.08637255040052233,0.3339694351594478,4,one_factor_ou,full
2022-08-24,0.835721112483638,0.860836313075927,4,one_factor_ou,full
2022-08-25,0.5731980521305918,0.6635216869298431,4,one_factor_ou,full
2022-08-26,0.11518395021913341,0.40708453222930524,4,one_factor_ou,full
2022-08-29,0.3607139681744889,0.574814694414695,4,one_factor_ou,full
2022-08-30,-0.8629227425733637,0.9223714158597653,4,one_factor_ou,full
2022-08-31,0.03115520703825675,0.34335528412204047,4,one_factor_ou,full
2022-09-01,-0.15821810771717226,0.3389859557609878,4,one_factor_ou,full
2022-09-02,0.40015449037838197,0.47818466606006743,4,one_factor_ou,full
2022-09-05,0.11116115264227974,0.4285451984108838,4,one_factor_ou,full
2022-09-06,0.018815986371055807,0.4391090863193146,4,one_factor_ou,full
2022-09-07,0.4617812742078045,0.6260858422165125,4,one_factor_ou,full
2022-09-08,-0.4191929117514051,0.4655339825897134,3,one_factor_ou,full
2022-09-09,-1.058331530396026,1.0843237262703316,3,one_factor_ou,full
2022-09-13,0.3165820757949765,0.39955016993078973,3,one_factor_ou,full
2022-09-14,-0.003993059473893408,0.2705309810694505,3,one_factor_ou,full
2022-09-15,1.6579826376427225,1.665014674432633,3,one_factor_ou,full
2022-09-16,0.6276173453359176,0.7719901603075107,3,one_factor_ou,full
2022-09-19,1.0816718140745099,1.1179108435408258,4,one_factor_ou,full
2022-09-20,0.34769335890143677,0.47338928255491586,4,one_factor_ou,full
2022-09-21,-0.582097569658769,0.6136580276032377,4,one_factor_ou,full
2022-09-22,-1.064145408269666,1.103194552624974,4,one_factor_ou,full
2022-09-23,-0.7467564987446105,0.7637908427886441,4,one_factor_ou,full
2022-09-26,-0.5971573051515244,0.5993912886318749,4,one_factor_ou,full
2022-09-27,-0.8919845323574143,0.933462664099869,4,one_factor_ou,full
2022-09-28,-0.8284349720311918,0.8432936882049753,4,one_factor_ou,full
2022-09-29,-0.7096897400045136,0.854281567539883,4,one_factor_ou,full
2022-09-30,0.7987727239591891,0.9512759660759623,4,one_factor_ou,full
2022-10-10,-0.1816232266358696,0.4172910768513839,4,one_factor_ou,full
2022-10-11,0.5691989343804209,0.6051950550266466,4,one_factor_ou,full
2022-10-12,0.15368469645157204,0.34236820530051526,4,one_factor_ou,full
2022-10-13,-0.5335978343280015,0.5417225709385804,4,one_factor_ou,full
2022-10-14,-1.0462177206146654,1.1328198314767648,3,one_factor_ou,full
2022-10-17,0.9437465830772737,0.972053125487866,3,one_factor_ou,full
2022-10-18,0.1178720919840975,0.22447784142893387,3,one_factor_ou,full
2022-10-19,-0.3560643057022512,0.44502202640567773,3,one_factor_ou,full
2022-10-20,0.49270923020539054,0.5030116705803419,3,one_factor_ou,full
2022-10-21,-0.07480628378703201,0.1386737470114194,3,one_factor_ou,full
2022-10-24,-1.321824053714419,1.4304722749881444,4,one_factor_ou,full
2022-10-25,-0.9285343471495718,1.1285450257870124,4,one_factor_ou,full
2022-10-26,-1.579442736058149,1.8167951562143398,4,one_factor_ou,full
2022-10-27,-1.2694767311283495,1.5355425460140057,4,one_factor_ou,full
2022-10-28,0.04858076008583789,0.5981354626949713,4,one_factor_ou,full
2022-10-31,-0.07605371344143319,0.8417313728934748,4,one_factor_ou,full
2022-11-01,-1.960718199370143,2.189387316916181,4,one_factor_ou,full
2022-11-02,-0.4838097786506316,0.9616107715227207,4,one_factor_ou,full
2022-11-03,0.10446385613249723,0.8623506965277451,4,one_factor_ou,full
2022-11-04,-2.210207033446526,2.3452972792933573,4,one_factor_ou,full
2022-11-07,0.06985727455652524,0.5604639252830186,4,one_factor_ou,full
2022-11-08,-0.75546823191226,0.932928742535776,4,one_factor_ou,full
2022-11-09,-0.3908985669413354,0.5126865051170952,4,one_factor_ou,full
2022-11-10,-0.8075832649057545,0.8893310552380969,4,one_factor_ou,full
2022-11-11,-0.29470196388170616,0.42808340173773624,3,one_factor_ou,full
2022-11-14,0.053899965771304174,0.15622700917602028,3,one_factor_ou,full
2022-11-15,-0.36946881838715023,0.4542098952240105,3,one_factor_ou,full
2022-11-16,0.08220268379788333,0.2647253935990476,3,one_factor_ou,full
2022-11-17,-0.5533788998521273,0.5901856345458387,3,one_factor_ou,full
2022-11-18,-0.19293764861780124,0.2645965627120308,3,one_factor_ou,full
2022-11-21,-0.5505364696641372,0.6185773324636886,4,one_factor_ou,full
2022-11-22,1.0147015756328435,1.0996908235322052,4,one_factor_ou,full
2022-11-23,-0.33194894052819335,0.40340971901882033,4,one_factor_ou,full
2022-11-24,0.4047939404208569,0.47311671283280443,4,one_factor_ou,full
2022-11-25,-0.3490523635676365,0.45036802836808343,4,one_factor_ou,full
2022-11-28,-0.6807303785655151,0.781587011107859,4,one_factor_ou,full
2022-11-29,-0.6797799134206548,0.7724669227420161,4,one_factor_ou,full
2022-11-30,0.23336223084692076,0.4898451156336658,4,one_factor_ou,full
2022-12-01,-0.7445909955212757,0.8118019172799267,4,one_factor_ou,full
2022-12-02,-0.32634725710006324,0.4772658282518995,4,one_factor_ou,full
2022-12-05,0.3974289473753485,0.6120566470958931,4,one_factor_ou,full
2022-12-06,-0.12418441768451638,0.40917406083060703,4,one_factor_ou,full
2022-12-07,0.020761612534421353,0.32117140835085056,4,one_factor_ou,full
2022-12-08,-0.38313403683924074,0.5345437977299596,4,one_factor_ou,full
2022-12-09,-0.12744299773365128,0.4026566458752881,3,one_factor_ou,full
2022-12-12,-0.3390905968030096,0.5434308345783637,3,one_factor_ou,full
2022-12-13,-0.69559109389183,0.823747656147875,3,one_factor_ou,full
2022-12-14,0.45819944786276307,0.6605762220183427,3,one_factor_ou,full
2022-12-15,-0.18636441571899054,0.32380312613779555,3,one_factor_ou,full
2022-12-16,-1.78239584918183,1.8632505588984798,3,one_factor_ou,full
2022-12-19,-1.3884859978205704,1.5807268569287083,4,one_factor_ou,full
2022-12-20,-0.2043800142078528,0.7209052233121572,4,one_factor_ou,full
2022-12-21,-0.7093437980431955,0.9377881703048266,4,one_factor_ou,full
2022-12-22,-0.9672758525756873,1.106522038708606,4,one_factor_ou,full
2022-12-23,0.17427570225222222,0.4766125411923749,4,one_factor_ou,full
2022-12-26,-0.45042244590337555,0.608613870021593,4,one_factor_ou,full
2022-12-27,-0.22702006797339644,0.5883239847751089,4,one_factor_ou,full
2022-12-28,-1.0807090336987306,1.2047807823412273,4,one_factor_ou,full
2022-12-29,0.14677447579958214,0.6185778531896413,4,one_factor_ou,full
2022-12-30,0.027810805464742572,0.6017458755568701,4,one_factor_ou,full
2023-01-03,0.43775664786912627,0.7227841915527556,4,one_factor_ou,full
2023-01-04,0.10416989359166014,0.40852089788837254,4,one_factor_ou,full
2023-01-05,-0.5510495787759245,0.702211875232181,4,one_factor_ou,full
2023-01-06,-0.5073217490509502,0.6629919295867318,4,one_factor_ou,full
2023-01-09,0.6538499768359454,0.7092392609014802,4,one_factor_ou,full
2023-01-10,-0.28739070566256825,0.36785270515618973,4,one_factor_ou,full
2023-01-11,-0.7701342198099539,0.8378193657239835,4,one_factor_ou,full
2023-01-12,-0.5318290407911774,0.6251061530744147,4,one_factor_ou,full
2023-01-13,-1.5537810637718135,1.671899731761637,3,one_factor_ou,full
2023-01-16,-0.3021669655357267,0.6582719882379745,3,one_factor_ou,full
2023-01-17,-0.9214601958260219,1.1061083600229376,3,one_factor_ou,full
2023-01-18,-1.3079546248574658,1.5124021275941768,3,one_factor_ou,full
2023-01-19,-1.5286729035417148,1.8077889892752257,3,one_factor_ou,full
2023-01-20,-0.8374773193252377,1.428234404055875,3,one_factor_ou,full
2023-01-30,0.3689551100060031,0.7859491611069754,4,one_factor_ou,full
2023-01-31,-0.8027902482526915,0.9872189656435117,4,one_factor_ou,full
2023-02-01,0.09142171308732275,0.6588638941841631,4,one_factor_ou,full
2023-02-02,0.12571824466778642,0.47662911370376304,4,one_factor_ou,full
2023-02-03,0.3006931963836793,0.598352135650109,4,one_factor_ou,full
2023-02-06,-0.4327910931792446,0.6578177408906573,4,one_factor_ou,full
2023-02-07,0.3645766719711159,0.4904414226948906,4,one_factor_ou,full
2023-02-08,0.012404940674798408,0.18595535979345848,4,one_factor_ou,full
2023-02-09,-1.6537010489003285,1.6967801228005073,4,one_factor_ou,full
2023-02-10,0.27055763515454195,0.5310910110341375,3,one_factor_ou,full
2023-02-13,0.7007113205743742,0.7334104615848496,3,one_factor_ou,full
2023-02-14,-0.03315061119492046,0.12050110710447079,3,one_factor_ou,full
2023-02-15,0.4434160498196514,0.45891736707148034,3,one_factor_ou,full
2023-02-16,-0.5010417904764676,0.5156211343169652,3,one_factor_ou,full
2023-02-17,-0.0813538295826689,0.15753873616583786,3,one_factor_ou,full
2023-02-20,0.75345061980357,0.8216129614389717,4,one_factor_ou,full
2023-02-21,0.784072124664086,0.8413452985186469,4,one_factor_ou,full
2023-02-22,-0.3344939538429623,0.44530303032865226,4,one_factor_ou,full
2023-02-23,-0.3673611437537315,0.45436056879257686,4,one_factor_ou,full
2023-02-24,-0.3085434519813197,0.41822952781355677,4,one_factor_ou,full
2023-02-27,-0.08396205989030756,0.4628998694183591,4,one_factor_ou,full
2023-02-28,-0.08956785350727257,0.34049719651355087,4,one_factor_ou,full
2023-03-01,0.05956489039633117,0.28055355154733697,4,one_factor_ou,full
2023-03-02,-0.44474679877625595,0.5284125114687016,4,one_factor_ou,full
2023-03-03,0.3458740985599751,0.43911215930673225,4,one_factor_ou,full
2023-03-06,0.8383969936948734,0.8886784625107161,4,one_factor_ou,full
2023-03-07,-0.8965530826605805,0.9763358152570025,4,one_factor_ou,full
2023-03-08,0.28475274343867724,0.42319763782275427,4,one_factor_ou,full
2023-03-09,-0.04274603109683392,0.31429922754001577,4,one_factor_ou,full
2023-03-10,-0.579329373530303,0.6525937296929184,3,one_factor_ou,full
2023-03-13,-0.1252662167616501,0.3628267725628357,3,one_factor_ou,full
2023-03-14,-0.3370118669205097,0.5071522348720692,3,one_factor_ou,full
2023-03-15,-0.17761972900032244,0.37384148634572717,3,one_factor_ou,full
2023-03-16,-0.6752355294738029,0.8785386044700707,3,one_factor_ou,full
2023-03-17,-0.5467076461508317,0.6838067171209076,3,one_factor_ou,full
2023-03-20,-0.7508348306480361,0.9260968331740835,4,one_factor_ou,full
2023-03-21,0.1756186060185735,0.4266433804717909,4,one_factor_ou,full
2023-03-22,-0.1767655245198925,0.4405366689134791,4,one_factor_ou,full
2023-03-23,0.03309118632914862,0.33260584852795644,4,one_factor_ou,full
2023-03-24,-0.45303558383562764,0.5280829792848374,4,one_factor_ou,full
2023-03-27,0.30348084221068056,0.3390520239246592,4,one_factor_ou,full
2023-03-28,-1.1309871446895772,1.159609038851872,4,one_factor_ou,full
2023-03-29,-0.45218165699978086,0.5711235370148581,4,one_factor_ou,full
2023-03-30,-0.8042762770636753,0.9462834199722868,4,one_factor_ou,full
2023-03-31,0.17193912301256986,0.4568935862056559,4,one_factor_ou,full
2023-04-03,0.6729747441877494,0.7080864924393971,4,one_factor_ou,full
2023-04-04,-0.5180827272976705,0.544060472580559,4,one_factor_ou,full
2023-04-06,0.7533689284886593,0.7726170286267156,4,one_factor_ou,full
2023-04-07,0.046632460296455215,0.15309307673414332,4,one_factor_ou,full
2023-04-10,-1.0313035591831428,1.042159098186414,4,one_factor_ou,full
2023-04-11,0.40328162423049363,0.45818846683752273,4,one_factor_ou,full
2023-04-12,0.47373884178813574,0.5002105289654675,4,one_factor_ou,full
2023-04-13,-0.5142080954122639,0.5183042975380637,4,one_factor_ou,full
2023-04-14,0.48675462445737233,0.5166526849613211,3,one_factor_ou,full
2023-04-17,-0.29893792925731816,0.3150640459805303,3,one_factor_ou,full
2023-04-18,0.48645895478586887,0.5182106425762656,3,one_factor_ou,full
2023-04-19,0.13916968268301244,0.31182925742465073,3,one_factor_ou,full
2023-04-20,0.16687491161866208,0.3119721819409204,3,one_factor_ou,full
2023-04-21,-0.7399048082790255,0.7696177945462187,3,one_factor_ou,full
2023-04-24,-0.29504482564887546,0.38212039547939675,4,one_factor_ou,full
2023-04-25,-1.1309836114294258,1.1316748445416298,4,one_factor_ou,full
2023-04-26,-0.14478229471952864,0.2848476694832975,4,one_factor_ou,full
2023-04-27,-0.5783492870398026,0.6361167711126132,4,one_factor_ou,full
2023-04-28,-0.36945022576573333,0.5143127205682603,4,one_factor_ou,full
2023-05-04,0.7172927162690202,0.7738724102989486,4,one_factor_ou,full
2023-05-05,0.08065692516903884,0.21499784405957476,4,one_factor_ou,full
2023-05-08,0.5114468300345131,0.661971745073469,4,one_factor_ou,full
2023-05-09,-0.44285664855552853,0.5441566009893757,4,one_factor_ou,full
2023-05-10,0.2461484872733989,0.381682903083023,4,one_factor_ou,full
2023-05-11,0.23503726828709476,0.3799785171454406,4,one_factor_ou,full
2023-05-12,-0.27827284855113316,0.4364075089339493,3,one_factor_ou,full
2023-05-15,0.5689942919515677,0.6823117087883049,3,one_factor_ou,full
2023-05-16,-0.15486702041366576,0.3850360889771635,3,one_factor_ou,full
2023-05-17,0.7731352489941323,0.888208783312438,3,one_factor_ou,full
2023-05-18,0.2803039452360589,0.595170323419634,3,one_factor_ou,full
2023-05-19,-0.40766552784929244,0.5288691246680425,3,one_factor_ou,full
2023-05-22,0.2662053614250477,0.4123197866912649,4,one_factor_ou,full
2023-05-23,0.13104891815945544,0.44124271838883733,4,one_factor_ou,full
2023-05-24,0.22378550516696122,0.45546493006365124,4,one_factor_ou,full
2023-05-25,0.5696653818416819,0.7515415780728375,4,one_factor_ou,full
2023-05-26,0.03351307685505983,0.36125599354667465,4,one_factor_ou,full
2023-05-29,0.010403656278405893,0.3430356674053809,4,one_factor_ou,full
2023-05-30,0.12237244375164541,0.3665953911031676,4,one_factor_ou,full
2023-05-31,0.5244621806565634,0.5953277279997133,4,one_factor_ou,full
2023-06-01,-0.07868531683977426,0.4717526502773219,4,one_factor_ou,full
2023-06-02,0.5384509757330954,0.65084508413192,4,one_factor_ou,full
2023-06-05,0.6237566797851654,0.7788324573280326,4,one_factor_ou,full
2023-06-06,0.40587079978804774,0.6485024293735795,4,one_factor_ou,full
2023-06-07,0.34463598880850327,0.5944038606968508,4,one_factor_ou,full
2023-06-08,-0.14481228396520013,0.3842331677005916,4,one_factor_ou,full
2023-06-09,0.5483046266073226,0.667692557303721,3,one_factor_ou,full
2023-06-12,0.48395674720381804,0.648980994275814,3,one_factor_ou,full
2023-06-13,0.2854976935922951,0.49575230597379,3,one_factor_ou,full
2023-06-14,0.32337884495728814,0.5270126166327164,3,one_factor_ou,full
2023-06-15,-0.0029933582713093467,0.3728265381813483,3,one_factor_ou,full
2023-06-16,0.4509745047638149,0.633699236075855,3,one_factor_ou,full
2023-06-19,0.9213732679235652,1.0142311429855486,4,one_factor_ou,full
2023-06-20,0.3229723570227031,0.5881451801104005,4,one_factor_ou,full
2023-06-21,-0.47327868648226695,0.6556590667869544,4,one_factor_ou,full
2023-06-26,-1.2256172431883599,1.2392229427530725,4,one_factor_ou,full
2023-06-27,1.4246807646022281,1.4312181801866815,4,one_factor_ou,full
2023-06-28,-0.35283286015828247,0.46191779161711544,4,one_factor_ou,full
2023-06-29,0.8205385457128128,0.8684323059461218,4,one_factor_ou,full
2023-06-30,0.2930260402528829,0.4754869455941589,4,one_factor_ou,full
2023-07-03,0.37875893109003184,0.570067949538133,4,one_factor_ou,full
2023-07-04,0.31192605286693303,0.45361271483240295,4,one_factor_ou,full
2023-07-05,-0.01578003563113342,0.28272626979910465,4,one_factor_ou,full
2023-07-06,0.7054384659630731,0.8166762603666389,4,one_factor_ou,full
2023-07-07,-0.491576422001067,0.5927275842892673,4,one_factor_ou,full
2023-07-10,0.03096127922634733,0.1554164361850502,4,one_factor_ou,full
2023-07-11,0.10216134563982701,0.18818033192283268,4,one_factor_ou,full
2023-07-12,-0.35532158910877787,0.38684543303748925,4,one_factor_ou,full
2023-07-13,-0.08420719664812382,0.1378887003186621,4,one_factor_ou,full
2023-07-14,0.22926324853887167,0.261959853199526,3,one_factor_ou,full
2023-07-17,0.19162655362056466,0.3000939119230688,3,one_factor_ou,full
2023-07-18,-0.18094410988181273,0.21732921809942388,3,one_factor_ou,full
2023-07-19,-0.07453924278995101,0.12497636724308206,3,one_factor_ou,full
2023-07-20,-0.3660488529488371,0.3689301524424441,3,one_factor_ou,full
2023-07-21,-0.44383358760772146,0.44478503616272835,3,one_factor_ou,full
2023-07-24,-0.1242882007957021,0.34120646984275776,4,one_factor_ou,full
2023-07-25,0.07813392147507799,0.3480191080117411,4,one_factor_ou,full
2023-07-26,-0.4217111195864273,0.473021554261611,4,one_factor_ou,full
2023-07-27,-0.2065295204471343,0.2876744269408892,4,one_factor_ou,full
2023-07-28,0.269471881176721,0.36803783419604486,4,one_factor_ou,full
2023-07-31,0.10653665167158025,0.30547544191511933,4,one_factor_ou,full
2023-08-01,0.08645191049992382,0.29155764897026093,4,one_factor_ou,full
2023-08-02,0.1625832647364363,0.332844454255671,4,one_factor_ou,full
2023-08-03,0.31776090302486976,0.41770042851794703,4,one_factor_ou,full
2023-08-04,0.004551312235103355,0.3165616671728352,4,one_factor_ou,full
2023-08-07,-0.5039732362792557,0.5707861550216415,4,one_factor_ou,full
2023-08-08,-0.3230601926644624,0.3993700543126374,4,one_factor_ou,full
2023-08-09,-0.3711098777748185,0.44709118299530004,4,one_factor_ou,full
2023-08-10,0.4895236695448571,0.6203447016316007,4,one_factor_ou,full
2023-08-11,0.14813242286783873,0.4659094268146499,3,one_factor_ou,full
2023-08-14,0.2552904967820014,0.4417892367410078,3,one_factor_ou,full
2023-08-15,-0.061549049835893634,0.4192086937925618,3,one_factor_ou,full
2023-08-16,-0.12053451676999029,0.39512639698185875,3,one_factor_ou,full
2023-08-17,0.30029623004433414,0.42829948671887086,3,one_factor_ou,full
2023-08-18,-0.13849877384918105,0.4653719742172579,3,one_factor_ou,full
2023-08-21,0.8160689245288638,0.9536731156553346,4,one_factor_ou,full
2023-08-22,0.9553728811517328,1.1324891458096358,4,one_factor_ou,full
2023-08-23,-0.12170090616408416,0.6587782770372144,4,one_factor_ou,full
2023-08-24,0.7919467591973562,0.9751571260750499,4,one_factor_ou,full
2023-08-25,-0.2701320210209034,0.5930095426062655,4,one_factor_ou,full
2023-08-28,1.248793318779608,1.3446331214680427,4,one_factor_ou,full
2023-08-29,0.12793639236997037,0.6631179176181469,4,one_factor_ou,full
2023-08-30,0.41078330074228964,0.678478556744987,4,one_factor_ou,full
2023-08-31,-0.3028311425264508,0.48213348158917496,4,one_factor_ou,full
2023-09-01,0.5066461889230565,0.6339414527447648,4,one_factor_ou,full
2023-09-04,0.19949989211991725,0.4304709458831138,4,one_factor_ou,full
2023-09-05,0.5029948113514949,0.6303861554941856,4,one_factor_ou,full
2023-09-06,0.7179688741477992,0.8835285374057307,4,one_factor_ou,full
2023-09-07,0.2107292292624517,0.527576211276098,4,one_factor_ou,full
2023-09-08,1.0957666329452733,1.251271871200563,3,one_factor_ou,full
2023-09-11,0.32832830222918313,0.8063666806763294,3,one_factor_ou,full
2023-09-12,0.1295990848975069,0.6601440089772076,3,one_factor_ou,full
2023-09-13,0.5434871216500419,0.7764073931874487,3,one_factor_ou,full
2023-09-14,0.0785225111328901,0.3719104484997841,3,one_factor_ou,full
2023-09-15,0.3419699293562524,0.5146043240196625,3,one_factor_ou,full
2023-09-18,-0.09635143007757353,0.3213912589918742,4,one_factor_ou,full
2023-09-19,-0.4502819912433291,0.5393903198590162,4,one_factor_ou,full
2023-09-20,-0.05065412110794612,0.32630709975215577,4,one_factor_ou,full
2023-09-21,0.265576355793825,0.3968789108629306,4,one_factor_ou,full
2023-09-22,-0.3304785686961865,0.42871618720597804,4,one_factor_ou,full
2023-09-25,0.34369175767427684,0.4412164692439586,4,one_factor_ou,full
2023-09-26,-0.2008264827932435,0.29223691699513926,4,one_factor_ou,full
2023-09-27,-0.15975724565010177,0.3526231810481589,4,one_factor_ou,full
2023-09-28,0.9206074102140887,0.9878114421241734,4,one_factor_ou,full
2023-10-09,0.40346588712590165,0.586601828346777,4,one_factor_ou,full
2023-10-10,0.4972633962430661,0.6042222720105178,4,one_factor_ou,full
2023-10-11,0.7822437733757218,0.9070908665685616,4,one_factor_ou,full
2023-10-12,0.2588111709940745,0.555254370385348,4,one_factor_ou,full
2023-10-13,-0.2648626338124302,0.5066288709082337,3,one_factor_ou,full
2023-10-16,0.6761842852531271,0.8340269785455842,3,one_factor_ou,full
2023-10-17,0.25458028235882785,0.4910873316625568,3,one_factor_ou,full
2023-10-18,0.39683890112205095,0.6590974176521134,3,one_factor_ou,full
2023-10-19,0.15861541072663352,0.4061272603911631,3,one_factor_ou,full
2023-10-20,0.1239616944394515,0.3486420884997404,3,one_factor_ou,full
2023-10-23,1.1374856657910826,1.378334692989984,4,one_factor_ou,full
2023-10-24,1.0319148407217866,1.376538590926973,4,one_factor_ou,full
2023-10-25,0.7517754918243937,1.1157377149068861,4,one_factor_ou,full
2023-10-26,0.3907993309332203,0.8140338404263243,4,one_factor_ou,full
2023-10-27,-0.5795286903033714,0.8127604370785676,4,one_factor_ou,full
2023-10-30,1.0264153019393347,1.2471604129379716,4,one_factor_ou,full
2023-10-31,0.3760618090845518,0.8024498075733763,4,one_factor_ou,full
2023-11-01,0.4313067221519318,0.7724921911077768,4,one_factor_ou,full
2023-11-02,-0.11237422531043473,0.4440402633704332,4,one_factor_ou,full
2023-11-03,0.3516868698926151,0.6229549743625885,4,one_factor_ou,full
2023-11-06,0.2529692642927709,0.5191559007541168,4,one_factor_ou,full
2023-11-07,0.7124097239586389,0.8616807535874129,4,one_factor_ou,full
2023-11-08,1.0292194265553123,1.2278038100914181,4,one_factor_ou,full
2023-11-09,0.7556418288542622,1.1070970237252886,4,one_factor_ou,full
2023-11-10,0.5518427975471017,0.8722336607653428,3,one_factor_ou,full
2023-11-13,0.9957769352902607,1.1691706913799351,3,one_factor_ou,full
2023-11-14,0.9780623102800742,1.1882158274843155,3,one_factor_ou,full
2023-11-15,0.5029778069141883,0.8254284505702795,3,one_factor_ou,full
2023-11-16,0.770032189539577,1.000566235778307,3,one_factor_ou,full
2023-11-17,0.33450632117087126,0.5621133456636692,3,one_factor_ou,full
2023-11-20,0.26947283985022685,0.3950651157917495,4,one_factor_ou,full
2023-11-21,0.5400896100479604,0.7051511850334695,4,one_factor_ou,full
2023-11-22,-0.1554348138598269,0.575387512387922,4,one_factor_ou,full
2023-11-23,-0.5614695581179643,0.651036294053286,4,one_factor_ou,full
2023-11-24,0.682267504214335,0.7653169378563136,4,one_factor_ou,full
2023-11-27,0.5360624149377646,0.5733953888330686,4,one_factor_ou,full
2023-11-28,1.0007499219917533,1.0779238361321917,4,one_factor_ou,full
2023-11-29,0.3482972662661169,0.5771138781466258,4,one_factor_ou,full
2023-11-30,0.8760362094416905,0.9452224744003186,4,one_factor_ou,full
2023-12-01,0.3338295901364019,0.5183376380641901,4,one_factor_ou,full
2023-12-04,1.3182919469934202,1.4223825537015455,4,one_factor_ou,full
2023-12-05,0.5392283322901581,0.5746660359679526,4,one_factor_ou,full
2023-12-06,0.022792094606112305,0.26371810613493096,4,one_factor_ou,full
2023-12-07,-1.4860216096249579,1.615185690422336,4,one_factor_ou,full
2023-12-08,-0.5508408605690039,0.5917151398566275,3,one_factor_ou,full
2023-12-11,0.12551816029746407,0.21073814298325422,3,one_factor_ou,full
2023-12-12,-0.16797243801242823,0.23877534860054409,3,one_factor_ou,full
2023-12-13,0.2910150947052376,0.3567949294939575,3,one_factor_ou,full
2023-12-14,-0.09931972354594325,0.12977894837053788,3,one_factor_ou,full
2023-12-15,0.5167664257113059,0.5540575670045179,3,one_factor_ou,full
2023-12-18,-0.6385855307933875,0.6554430366399139,4,one_factor_ou,full
2023-12-19,-0.20474712064362222,0.24635514530268343,4,one_factor_ou,full
2023-12-20,-0.41352923643700734,0.42256835199109166,4,one_factor_ou,full
2023-12-21,0.5420533217637484,0.5579275737002126,4,one_factor_ou,full
2023-12-22,-0.5635832729924293,0.5878239805429295,4,one_factor_ou,full
2023-12-25,0.32265163199862235,0.4383388577379178,4,one_factor_ou,full
2023-12-26,-0.16228506967277592,0.25464776405865336,4,one_factor_ou,full
2023-12-27,0.2672468560678864,0.3055589594158367,4,one_factor_ou,full
2023-12-28,-1.086387943355837,1.0945176189190642,4,one_factor_ou,full
2023-12-29,-0.9069579378804713,0.9605923338208857,4,one_factor_ou,full
2024-01-02,0.8807006092177885,0.8971828944529793,4,one_factor_ou,full
2024-01-03,0.17830093643561623,0.22948342452261233,4,one_factor_ou,full
2024-01-04,0.3014464263897666,0.31195707425197156,4,one_factor_ou,full
2024-01-05,0.16376305416422965,0.26403217032361725,4,one_factor_ou,full
2024-01-08,3.2629304863512862,3.307782881529995,4,one_factor_ou,full
2024-01-09,0.6370025806410365,1.031235455300227,4,one_factor_ou,full
2024-01-10,0.07793902654237012,0.6481599705440516,4,one_factor_ou,full
2024-01-11,-0.5771409126394677,0.8782979447760625,4,one_factor_ou,full
2024-01-12,0.782396958577478,0.8504916914367502,3,one_factor_ou,full
2024-01-15,1.088862705217241,1.2266001334700851,3,one_factor_ou,full
2024-01-16,1.1270199780614265,1.3663023951821074,3,one_factor_ou,full
2024-01-17,4.218439852144549,4.522737599553455,3,one_factor_ou,full
2024-01-18,0.9796952047660259,1.8507767090492504,3,one_factor_ou,full
2024-01-19,0.5640136103022381,1.670089558184397,3,one_factor_ou,full
2024-01-22,6.035867033538608,6.855435150308652,3,one_factor_ou,full
2024-01-23,-1.6998505268940234,2.975173431926848,4,one_factor_ou,full
2024-01-24,-0.8996905622170643,1.6132461099165027,4,one_factor_ou,full
2024-01-25,-2.091629397463068,2.174081470613755,4,one_factor_ou,full
2024-01-26,2.2584910095567268,2.2719630763103624,4,one_factor_ou,full
2024-01-29,2.128014878762007,2.3572292269174158,4,one_factor_ou,full
2024-01-30,2.636410197308972,2.9653709035655105,4,one_factor_ou,full
2024-01-31,1.2712120854626106,1.859317780348059,4,one_factor_ou,full
2024-02-01,0.8944030908483007,1.6646949535128046,4,one_factor_ou,full
2024-02-02,2.268358539497376,2.6419470375403047,3,one_factor_ou,full
2024-02-05,6.045304796604018,6.187755244647246,2,one_factor_ou,full
2024-02-06,-8.151940021406551,8.309397676624371,3,one_factor_ou,full
2024-02-07,-3.250380384116443,3.2654488392304732,3,one_factor_ou,full
2024-02-08,-0.04833741993639142,0.4521526668006778,3,one_factor_ou,full
2024-02-19,3.298247543815187,3.3004152012693186,3,one_factor_ou,full
2024-02-20,0.16025181616553155,0.5171264301891654,4,one_factor_ou,full
2024-02-21,1.126005418444917,1.2963309532844522,4,one_factor_ou,full
2024-02-22,-1.5324236813150247,1.5867232293411462,4,one_factor_ou,full
2024-02-23,-1.187035767019537,1.24013627732697,4,one_factor_ou,full
2024-02-26,1.1856934027574562,1.1971507475130365,4,one_factor_ou,full
2024-02-27,-1.3560002702953895,1.3992157475729061,4,one_factor_ou,full
2024-02-28,1.1755946714316663,1.1927298739569108,4,one_factor_ou,full
2024-02-29,-0.9859828208686419,1.0237572248490323,4,one_factor_ou,full
2024-03-01,-0.4228307306935228,0.5526483986197037,4,one_factor_ou,full
2024-03-04,1.7469803686121854,1.7558693027347632,4,one_factor_ou,full
2024-03-05,1.8595905803579473,1.9980798678810263,4,one_factor_ou,full
2024-03-06,-0.11689895509900602,0.777307463515506,4,one_factor_ou,full
2024-03-07,-0.022946037970381472,0.4775501279913054,4,one_factor_ou,full
2024-03-08,0.05631614162969075,0.19487086174696577,3,one_factor_ou,full
2024-03-11,-0.31179121530039167,0.3875721629545205,3,one_factor_ou,full
2024-03-12,-0.1730838584617914,0.31249416847555916,3,one_factor_ou,full
2024-03-13,-0.11985287252072392,0.2698712064517472,3,one_factor_ou,full
2024-03-14,0.13753846746807522,0.2800051523919231,3,one_factor_ou,full
2024-03-15,-1.1925638496228703,1.2430524811718124,3,one_factor_ou,full
2024-03-18,-1.256654678596287,1.352870332230252,4,one_factor_ou,full
2024-03-19,0.34007376995609945,0.564502983774353,4,one_factor_ou,full
2024-03-20,0.2229353878059603,0.4160969742050851,4,one_factor_ou,full
2024-03-21,0.02159067626459619,0.24338439797804068,4,one_factor_ou,full
2024-03-22,0.44286618666459565,0.5213547442291021,4,one_factor_ou,full
2024-03-25,0.20987788141650968,0.40810017254188535,4,one_factor_ou,full
2024-03-26,0.807529364502228,0.842378011900555,4,one_factor_ou,full
2024-03-27,0.8505574271098929,0.8840101203413523,4,one_factor_ou,full
2024-03-28,-0.40159434498754787,0.44637575330720586,4,one_factor_ou,full
2024-03-29,-0.18540916445050148,0.3515289396477626,4,one_factor_ou,full
2024-04-01,-0.7689429302608334,0.8043218871394442,4,one_factor_ou,full
2024-04-02,0.19758125420629036,0.2951710956265974,4,one_factor_ou,full
2024-04-03,0.5833152917870996,0.642933114038158,4,one_factor_ou,full
2024-04-08,1.8363785263191348,1.8630373794990474,4,one_factor_ou,full
2024-04-09,0.2504481737808517,0.61430370465456,4,one_factor_ou,full
2024-04-10,0.7860031874581962,0.9176323973717585,4,one_factor_ou,full
2024-04-11,0.309891345642584,0.5452780655044566,4,one_factor_ou,full
2024-04-12,0.9490810690970598,1.1058039198523617,3,one_factor_ou,full
2024-04-15,1.205865250746178,1.3985424014688954,3,one_factor_ou,full
2024-04-16,0.3974277063080944,0.887158283760588,3,one_factor_ou,full
2024-04-17,-0.6880264883894069,0.913442668742865,3,one_factor_ou,full
2024-04-18,-0.12334149823001517,0.49471810951226924,3,one_factor_ou,full
2024-04-19,1.4225886333431468,1.5717407990852457,3,one_factor_ou,full
2024-04-22,-0.2584061653841562,0.9248228394212962,4,one_factor_ou,full
2024-04-23,1.0421574274458232,1.3349595857067558,4,one_factor_ou,full
2024-04-24,-0.996457577221673,1.1912944558680512,4,one_factor_ou,full
2024-04-25,0.27823120764089176,0.51634381628205,4,one_factor_ou,full
2024-04-26,-1.3143223303526572,1.3483924332841857,4,one_factor_ou,full
2024-04-29,-1.6638192569217145,1.6776268369826228,4,one_factor_ou,full
2024-04-30,0.1482038017186786,0.4129864311571181,4,one_factor_ou,full
2024-05-06,0.30211171126099684,0.40432095376943117,4,one_factor_ou,full
2024-05-07,0.6974278251160577,0.7711335468482244,4,one_factor_ou,full
2024-05-08,0.7211115398798811,0.8232028407237831,4,one_factor_ou,full
2024-05-09,-0.22118590229891333,0.48234748649979564,4,one_factor_ou,full
2024-05-10,0.6748274273100158,0.7887592609871866,3,one_factor_ou,full
2024-05-13,0.8117439175907156,0.9396147471756284,3,one_factor_ou,full
2024-05-14,0.5743082671372418,0.8865593448072637,3,one_factor_ou,full
2024-05-15,0.3293045341455347,0.6855040057660333,3,one_factor_ou,full
2024-05-16,0.4043602356663049,0.7728059645464744,3,one_factor_ou,full
2024-05-17,-1.2986634450484458,1.3335365219579627,3,one_factor_ou,full
2024-05-20,0.9369487103152403,1.0074516671630152,4,one_factor_ou,full
2024-05-21,0.7845155671481083,0.9492721572948353,4,one_factor_ou,full
2024-05-22,0.4265018857914451,0.7309760427242116,4,one_factor_ou,full
2024-05-23,0.4078478466111031,0.7054216812247662,4,one_factor_ou,full
2024-05-24,0.8079762324164546,1.0435589106120104,4,one_factor_ou,full
2024-05-27,1.1543800587488429,1.4139090212678012,4,one_factor_ou,full
2024-05-28,1.0634963356698341,1.333108515135019,4,one_factor_ou,full
2024-05-29,0.8673123119547631,1.2421496660378162,4,one_factor_ou,full
2024-05-30,-0.290793359579523,0.6951305957066598,4,one_factor_ou,full
2024-05-31,0.1881039132331926,0.6113171309277579,4,one_factor_ou,full
2024-06-03,1.6526295238246569,1.7773532799466232,4,one_factor_ou,full
2024-06-04,0.23725471507593313,0.7665453168741291,4,one_factor_ou,full
2024-06-05,0.13327371633701418,0.5656692653991027,4,one_factor_ou,full
2024-06-06,0.18156308130227403,0.49663583961984353,4,one_factor_ou,full
2024-06-07,0.8612778722316943,1.0386967109509138,4,one_factor_ou,full
2024-06-11,0.1568603871070171,0.5670596923827926,4,one_factor_ou,full
2024-06-12,1.052501474809244,1.1752608185723037,4,one_factor_ou,full
2024-06-13,0.909646661960634,1.0507594319549158,4,one_factor_ou,full
2024-06-14,-1.0610793693788196,1.1311121215110393,3,one_factor_ou,full
2024-06-17,0.3009707005568852,0.35857334072046115,3,one_factor_ou,full
2024-06-18,-0.42772740071854404,0.48868565402598085,3,one_factor_ou,full
2024-06-19,0.5919496913947109,0.606262019173,3,one_factor_ou,full
2024-06-20,0.34843545087977046,0.41650180929280084,3,one_factor_ou,full
2024-06-21,0.5988307147704742,0.7325488312306195,3,one_factor_ou,full
2024-06-24,0.5193007477309742,0.5667724524500876,4,one_factor_ou,full
2024-06-25,-0.2642522888113087,0.2987842994475714,4,one_factor_ou,full
2024-06-26,-0.47164311250350854,0.48154261433659257,4,one_factor_ou,full
2024-06-27,-0.09672921213514753,0.21375168298762123,4,one_factor_ou,full
2024-06-28,0.863812419528818,0.897773684884609,4,one_factor_ou,full
2024-07-01,0.5110765102093237,0.6525509797285378,4,one_factor_ou,full
2024-07-02,0.37853024518731393,0.538555996620926,4,one_factor_ou,full
2024-07-03,0.16242084521956515,0.36502421246531935,4,one_factor_ou,full
2024-07-04,0.33134663152431015,0.37553701098864434,4,one_factor_ou,full
2024-07-05,0.21631408054195977,0.3771010686939403,4,one_factor_ou,full
2024-07-08,0.5913928396877015,0.6102261067918047,4,one_factor_ou,full
2024-07-09,0.1758036461315412,0.4508908227073108,4,one_factor_ou,full
2024-07-10,-0.2351627039166987,0.4059151327892134,4,one_factor_ou,full
2024-07-11,-0.40775131602493186,0.4735030649800658,4,one_factor_ou,full
2024-07-12,0.025975195815563512,0.1465154704537657,3,one_factor_ou,full
2024-07-15,0.8180405816224922,0.8372144749298462,3,one_factor_ou,full
2024-07-16,0.8815100667891304,0.9263511163025866,3,one_factor_ou,full
2024-07-17,0.6805847618382176,0.7345168152214172,3,one_factor_ou,full
2024-07-18,-0.06802329355172913,0.3290601530263453,3,one_factor_ou,full
2024-07-19,0.5930421055355926,0.7484102732620016,3,one_factor_ou,full
2024-07-22,0.20187053316295156,0.5674448436294813,4,one_factor_ou,full
2024-07-23,1.232550300543021,1.3605802879751872,4,one_factor_ou,full
2024-07-24,0.4893906890035905,0.7430284813820718,4,one_factor_ou,full
2024-07-25,0.2173097966016981,0.5518106523228022,4,one_factor_ou,full
2024-07-26,-0.45788857431758334,0.540596481904056,4,one_factor_ou,full
2024-07-29,0.8220499161841579,0.8620645957609557,4,one_factor_ou,full
2024-07-30,0.3962274016008551,0.5968426531698385,4,one_factor_ou,full
2024-07-31,-3.138681007465197,3.1493127553876263,4,one_factor_ou,full
2024-08-01,0.6122777050313888,0.7001551821326516,4,one_factor_ou,full
2024-08-02,0.2883502624556343,0.3808406085728494,4,one_factor_ou,full
2024-08-05,-0.20247092015926982,0.3821769695637647,4,one_factor_ou,full
2024-08-06,0.4229703279503454,0.4319548162988067,4,one_factor_ou,full
2024-08-07,0.7504450091919537,0.7574415495397486,4,one_factor_ou,full
2024-08-08,-0.7884460687767123,0.7918355583843921,4,one_factor_ou,full
2024-08-09,0.9948235958638679,1.0017894536530165,3,one_factor_ou,full
2024-08-12,-0.6958975830217266,0.698718501537822,3,one_factor_ou,full
2024-08-13,0.31262871035754936,0.33544610494275956,3,one_factor_ou,full
2024-08-14,0.4905272022282525,0.4918326247951578,3,one_factor_ou,full
2024-08-15,0.060470975366103234,0.0796914287354255,3,one_factor_ou,full
2024-08-16,-0.10518623856872265,0.12540313949886295,3,one_factor_ou,full
2024-08-19,-0.24761577547810298,0.3194825734728551,4,one_factor_ou,full
2024-08-20,0.2558741992522382,0.31640209025718513,4,one_factor_ou,full
2024-08-21,-0.7442111705348433,0.7775689311070322,4,one_factor_ou,full
2024-08-22,-0.44552170571711264,0.6373994925828101,4,one_factor_ou,full
2024-08-23,-0.28063101551753694,0.4539923053745936,4,one_factor_ou,full
2024-08-26,0.011308046768625894,0.27317288916625837,4,one_factor_ou,full
2024-08-27,-0.21388511795610202,0.4295377366448981,4,one_factor_ou,full
2024-08-28,0.02180949975555284,0.29601252796994476,4,one_factor_ou,full
2024-08-29,-0.45062242598228847,0.5165301212362269,4,one_factor_ou,full
2024-08-30,-0.6117443051696719,0.6742532852331715,4,one_factor_ou,full
2024-09-02,0.3731909531215601,0.49999506754806955,4,one_factor_ou,full
2024-09-03,0.6803874907274414,0.7055903373493763,4,one_factor_ou,full
2024-09-04,-0.23464292526556024,0.29242041121245593,4,one_factor_ou,full
2024-09-05,-0.37531389511172475,0.4192993931231977,4,one_factor_ou,full
2024-09-06,0.24834211798246414,0.40405311522242154,4,one_factor_ou,full
2024-09-09,0.5199783001258839,0.5853220543242109,4,one_factor_ou,full
2024-09-10,0.1703040837714209,0.34437676019762004,4,one_factor_ou,full
2024-09-11,0.2862758741676583,0.41357913888252423,3,one_factor_ou,full
2024-09-12,-0.2446510344735616,0.3264670332378127,3,one_factor_ou,full
2024-09-13,-0.2047621519916117,0.2850088884857521,3,one_factor_ou,full
2024-09-18,0.33714196876671026,0.42744627476465397,3,one_factor_ou,full
2024-09-19,-0.27352600996970305,0.3533270652151219,3,one_factor_ou,full
2024-09-20,0.6821467466558521,0.7078513933329297,3,one_factor_ou,full
2024-09-23,-0.2002736453797172,0.30740993522368987,4,one_factor_ou,full
2024-09-24,-2.7853889679865462,2.8043651005814305,4,one_factor_ou,full
2024-09-25,-0.1717654033154111,0.5183315773038588,4,one_factor_ou,full
2024-09-26,-4.240730953077119,4.335123372071343,4,one_factor_ou,full
2024-09-27,-7.774138002327214,8.182882242016506,3,one_factor_ou,full
2024-09-30,-0.09005045073537454,3.4069282812462256,4,one_factor_ou,full
2024-10-08,1.76544134875651,2.256014687727969,4,one_factor_ou,full
2024-10-09,-0.23785785596993958,0.9995360727150361,4,one_factor_ou,full
2024-10-10,0.14672630496844252,0.5739672568695368,4,one_factor_ou,full
2024-10-11,0.5666643821772637,0.6215946374690313,3,one_factor_ou,full
2024-10-14,0.5685099672798751,0.7111346787003432,3,one_factor_ou,full
2024-10-15,1.835598447510458,1.838940787779541,3,one_factor_ou,full
2024-10-16,-1.0845073880483007,1.0924505814770558,3,one_factor_ou,full
2024-10-17,0.617620857627022,0.6438931490614871,3,one_factor_ou,full
2024-10-18,-1.6833821712219306,1.779315491965508,3,one_factor_ou,full
2024-10-21,0.014739562623387804,0.19560400069630782,4,one_factor_ou,full
2024-10-22,-0.07717251006100867,0.2640243074003069,4,one_factor_ou,full
2024-10-23,-0.21285426248783065,0.30415049921852944,4,one_factor_ou,full
2024-10-24,-0.43309356090359746,0.5386016141961112,4,one_factor_ou,full
2024-10-25,-1.502839505727942,1.597555337373717,4,one_factor_ou,full
2024-10-28,0.8323267466644249,0.9088987444481221,4,one_factor_ou,full
2024-10-29,-0.0012551931422778717,0.3287096888040223,4,one_factor_ou,full
2024-10-30,0.330869411426293,0.4111039948128102,4,one_factor_ou,full
2024-10-31,0.39847832300579056,0.41914997495486495,4,one_factor_ou,full
2024-11-01,-0.3047913653375352,0.35336286265099665,4,one_factor_ou,full
2024-11-04,-1.0505096157899256,1.12801556113224,4,one_factor_ou,full
2024-11-05,-0.8715928589802017,1.0566334041807304,4,one_factor_ou,full
2024-11-06,0.21100150059483158,0.616374570633189,4,one_factor_ou,full
2024-11-07,-0.5231938784923506,0.6710625523646636,4,one_factor_ou,full
2024-11-08,0.6586575559558624,0.7279255265968051,3,one_factor_ou,full
2024-11-11,1.7398713115569484,1.748189123278971,3,one_factor_ou,full
2024-11-12,0.47792560407756907,0.6057260000183875,3,one_factor_ou,full
2024-11-13,0.10514307489813952,0.39126771657394244,3,one_factor_ou,full
2024-11-14,-1.0964479983680528,1.1175198879123374,3,one_factor_ou,full
2024-11-15,-0.6632085210645968,0.7556595724253022,3,one_factor_ou,full
2024-11-18,-0.4422756601685527,0.6680600162766511,4,one_factor_ou,full
2024-11-19,0.24596584578544917,0.3831835852510258,4,one_factor_ou,full
2024-11-20,1.0349530287982978,1.0424513244836398,4,one_factor_ou,full
2024-11-21,0.9340179565832474,0.9804429864330189,4,one_factor_ou,full
2024-11-22,1.0464173426375476,1.1048006854270584,4,one_factor_ou,full
2024-11-25,-0.3750953762167987,0.5211389287865895,4,one_factor_ou,full
2024-11-26,0.5327900044256692,0.6366402364547682,4,one_factor_ou,full
2024-11-27,-1.4368348219975462,1.4720013386803095,4,one_factor_ou,full
2024-11-28,0.651299054792033,0.7050044854408483,4,one_factor_ou,full
2024-11-29,-0.6150804840335841,0.6685701731382532,4,one_factor_ou,full
2024-12-02,0.4415707067363235,0.5175827469102231,4,one_factor_ou,full
2024-12-03,-0.10894919643956347,0.2956241633555779,4,one_factor_ou,full
2024-12-04,0.03294279156739521,0.2163585342577495,4,one_factor_ou,full
2024-12-05,0.06285724554842184,0.22665225864255373,4,one_factor_ou,full
2024-12-06,-0.551517154730003,0.5958495236279145,4,one_factor_ou,full
2024-12-09,0.8473907351787038,0.8693845355613062,4,one_factor_ou,full
2024-12-10,-1.1422188592081555,1.1671008861517937,4,one_factor_ou,full
2024-12-11,0.1020751509589469,0.26302399251036407,4,one_factor_ou,full
2024-12-12,-0.17335697082296042,0.35990476603694643,4,one_factor_ou,full
2024-12-13,-0.333228480286532,0.6406578416391854,3,one_factor_ou,full
2024-12-16,0.47326371355119007,0.6686679069360671,3,one_factor_ou,full
2024-12-17,-0.4547866380381525,0.5952344172328752,3,one_factor_ou,full
2024-12-18,0.034326348549232666,0.3457092983105523,3,one_factor_ou,full
2024-12-19,-0.806399709135774,0.9045954956487425,3,one_factor_ou,full
2024-12-20,0.40867170740158953,0.519290584804034,3,one_factor_ou,full
2024-12-23,-0.5893882965100337,0.6678433483390107,4,one_factor_ou,full
2024-12-24,-0.15109635090050533,0.3380671400314807,4,one_factor_ou,full
2024-12-25,-0.8672905881886466,0.9605363657883377,4,one_factor_ou,full
2024-12-26,0.17589147156920593,0.3936662143850682,4,one_factor_ou,full
2024-12-27,-0.13570832056798682,0.3260318901481322,4,one_factor_ou,full
2024-12-30,-0.7151516246067683,0.8072861139504662,4,one_factor_ou,full
2024-12-31,0.6407028988359181,0.6912388999989914,4,one_factor_ou,full
2025-01-02,-0.2523729534784144,0.41620456686691454,4,one_factor_ou,full
2025-01-03,-1.1618551587637969,1.2209778965752403,4,one_factor_ou,full
2025-01-06,-0.014099821175858174,0.44645064414193025,4,one_factor_ou,full
2025-01-07,0.342612162370379,0.44617858697690754,4,one_factor_ou,full
2025-01-08,0.2489977394470551,0.32228317624865127,4,one_factor_ou,full
2025-01-09,0.7767974438273004,0.8070490743682137,4,one_factor_ou,full
2025-01-10,-0.5343148118875912,0.5681716485730113,3,one_factor_ou,full
2025-01-13,-0.598196481291317,0.6249825213406532,3,one_factor_ou,full
2025-01-14,-0.9538875836487112,1.016011424591448,3,one_factor_ou,full
2025-01-15,0.13247603416512624,0.3849876606269271,3,one_factor_ou,full
2025-01-16,0.3335406539466142,0.41024229726364486,3,one_factor_ou,full
2025-01-17,-0.7092758139236047,0.7541502546631051,3,one_factor_ou,full
2025-01-20,-0.12563067303090483,0.38939529914408033,4,one_factor_ou,full
2025-01-21,-0.21090566558720086,0.425928502710807,4,one_factor_ou,full
2025-01-22,-0.7420588823508008,0.8650323393824816,4,one_factor_ou,full
2025-01-23,-0.1057488905988079,0.48864737932193864,4,one_factor_ou,full
2025-01-24,-1.5370087752666255,1.6935150724622465,4,one_factor_ou,full
2025-01-27,0.5598794626054011,0.7547197304649922,4,one_factor_ou,full
2025-02-05,-0.19042743051525954,0.4506814304102014,4,one_factor_ou,full
2025-02-06,-0.0911363109225178,0.3450308010415479,4,one_factor_ou,full
2025-02-07,-0.7233636235461591,0.8193684920050867,4,one_factor_ou,full
2025-02-10,0.7088286858163396,0.7361723446319346,4,one_factor_ou,full
2025-02-11,-0.2581242186421687,0.32842669283459347,4,one_factor_ou,full
2025-02-12,0.09769981495835227,0.1849412798789595,4,one_factor_ou,full
2025-02-13,-0.7843134297177566,0.8676864026318067,4,one_factor_ou,full
2025-02-14,0.020999400112159634,0.43477250383490396,3,one_factor_ou,full
2025-02-17,0.6733912793174527,0.725458259136061,3,one_factor_ou,full
2025-02-18,-0.901682255565392,0.9935034437224479,3,one_factor_ou,full
2025-02-19,0.22586429689160123,0.40998212493319963,3,one_factor_ou,full
2025-02-20,1.1280990036592213,1.1343586624125028,3,one_factor_ou,full
2025-02-21,-0.6329625425270687,0.6347082453627871,3,one_factor_ou,full
2025-02-24,1.7716371235873423,1.7947053069085568,4,one_factor_ou,full
2025-02-25,0.24633534480918393,0.4253921529412692,4,one_factor_ou,full
2025-02-26,1.522395069156862,1.5709447954573517,4,one_factor_ou,full
2025-02-27,0.030572324783279675,0.5402171555729447,4,one_factor_ou,full
2025-02-28,-1.2456690141889626,1.2626862832305759,4,one_factor_ou,full
2025-03-03,0.4002792321692099,0.45651315719335456,4,one_factor_ou,full
2025-03-04,1.1711653497179588,1.218808653351092,4,one_factor_ou,full
2025-03-05,1.1148925578574471,1.234557079743334,4,one_factor_ou,full
2025-03-06,-0.3138751732751724,0.5865269903976557,4,one_factor_ou,full
2025-03-07,0.3355525219662612,0.42608215439793473,4,one_factor_ou,full
2025-03-10,2.0980132360961243,2.1698308062011793,4,one_factor_ou,full
2025-03-11,0.2250454606818081,0.6436191604112507,4,one_factor_ou,full
2025-03-12,0.4352397814879539,0.5960290620887342,4,one_factor_ou,full
2025-03-13,-0.20058082826613513,0.5655893334595247,4,one_factor_ou,full
2025-03-14,-1.7351882064956436,1.7357315541370408,3,one_factor_ou,full
2025-03-17,1.5840325512393865,1.5852654307430991,3,one_factor_ou,full
2025-03-18,0.2185863576161622,0.3316978443294692,3,one_factor_ou,full
2025-03-19,-0.31138236174324097,0.3147363151256259,3,one_factor_ou,full
2025-03-20,0.08010855253330436,0.10483726296616053,3,one_factor_ou,full
2025-03-21,0.39467401984644135,0.40781765207035386,3,one_factor_ou,full
2025-03-24,-0.014738062328282397,0.17186040960295706,4,one_factor_ou,full
2025-03-25,-0.5652166478352756,0.5669414430615898,4,one_factor_ou,full
2025-03-26,0.4513814921713979,0.46581887033163955,4,one_factor_ou,full
2025-03-27,-0.5575852336024167,0.574575380809145,4,one_factor_ou,full
2025-03-28,0.15933686952424408,0.2498297492533185,4,one_factor_ou,full
2025-03-31,-0.2030729341283198,0.28675507063630884,4,one_factor_ou,full
2025-04-01,0.6442214435767414,0.6511563315942578,4,one_factor_ou,full
2025-04-02,-0.3978602332282693,0.40144579458798574,4,one_factor_ou,full
2025-04-03,-0.135176110631386,0.15799960061005908,4,one_factor_ou,full
2025-04-07,-4.1886876242208695,4.33240427315436,4,one_factor_ou,full
2025-04-08,4.82433034221234,4.917991031840519,4,one_factor_ou,full
2025-04-09,1.523118882321283,1.6345741888052174,4,one_factor_ou,full
2025-04-10,0.11267459412340639,0.6439716149074597,4,one_factor_ou,full
2025-04-11,-0.36674621239343724,0.5665983336808302,3,one_factor_ou,full
2025-04-14,2.5116286138309305,2.5885230054982356,3,one_factor_ou,full
2025-04-15,0.6194910964202699,0.9399097611524369,3,one_factor_ou,full
2025-04-16,0.842864448865142,1.1705888166152858,3,one_factor_ou,full
2025-04-17,-0.9465644970201702,1.2048976231713309,3,one_factor_ou,full
2025-04-18,0.45560248818633853,0.738035245583669,3,one_factor_ou,full
2025-04-21,0.0062069782739541945,0.5625220483696571,4,one_factor_ou,full
2025-04-22,0.3674270217189257,0.5762760415713898,4,one_factor_ou,full
2025-04-23,-0.19823942615039525,0.5464689310424548,4,one_factor_ou,full
2025-04-24,-0.09042932567129164,0.34941713890721715,4,one_factor_ou,full
2025-04-25,0.1845204199321073,0.4359771614842946,4,one_factor_ou,full
2025-04-28,0.208282249517462,0.4654060611208029,4,one_factor_ou,full
2025-04-29,-0.2081900344098829,0.3119371472471196,4,one_factor_ou,full
2025-04-30,0.8689733932457158,0.927481517946327,4,one_factor_ou,full
2025-05-06,0.4271592889383663,0.5536795334622632,4,one_factor_ou,full
2025-05-07,0.7095692579779407,0.8440185258064411,4,one_factor_ou,full
2025-05-08,0.02340961802483952,0.3182141643913843,4,one_factor_ou,full
2025-05-09,0.28315960370322685,0.4643200151000272,3,one_factor_ou,full
2025-05-12,0.17190759974487327,0.32633993791293375,3,one_factor_ou,full
2025-05-13,1.2458584016256926,1.354615606324511,3,one_factor_ou,full
2025-05-14,-0.6582986761369716,0.752016306456887,3,one_factor_ou,full
2025-05-15,0.02239991599321256,0.1479410605888519,3,one_factor_ou,full
2025-05-16,1.3182416748168724,1.3538731398520112,3,one_factor_ou,full
2025-05-19,0.6009986570359429,0.6142771578378065,4,one_factor_ou,full
2025-05-20,0.958891245258509,0.9733873714953314,4,one_factor_ou,full
2025-05-21,0.6329424537967266,0.7132987872559703,4,one_factor_ou,full
2025-05-22,-0.007518859633104516,0.3083034302465041,4,one_factor_ou,full
2025-05-23,0.5085563583093238,0.6398689642958093,4,one_factor_ou,full
2025-05-26,0.21523486747377885,0.26385014441795845,4,one_factor_ou,full
2025-05-27,-0.1900836879757874,0.3093880820272761,4,one_factor_ou,full
2025-05-28,-0.24233734845131336,0.3290162690636625,4,one_factor_ou,full
2025-05-29,-1.1348240414892738,1.1451313381396113,4,one_factor_ou,full
2025-05-30,0.007914481993043176,0.328733067774546,4,one_factor_ou,full
2025-06-03,0.6205789842580194,0.6724548719817387,4,one_factor_ou,full
2025-06-04,0.2253923031467621,0.29639349518336167,4,one_factor_ou,full
2025-06-05,0.12360649833321802,0.23950735072330184,4,one_factor_ou,full
2025-06-06,-0.2899606768063037,0.3432157141102929,4,one_factor_ou,full
2025-06-09,-0.14573992260401522,0.2590361539904519,4,one_factor_ou,full
2025-06-10,0.2197603195984195,0.2591106264652775,4,one_factor_ou,full
2025-06-11,-0.0024149953634975616,0.2087193281274032,4,one_factor_ou,full
2025-06-12,0.12320088367643617,0.20118353546143924,4,one_factor_ou,full
2025-06-13,-0.25271361426028216,0.30844375003011587,3,one_factor_ou,full
2025-06-16,-0.24172792452892464,0.32385354929708315,3,one_factor_ou,full
2025-06-17,-0.22376204394017105,0.318495293643593,3,one_factor_ou,full
2025-06-18,0.06327211078026396,0.2786371960376833,3,one_factor_ou,full
2025-06-19,-0.7438257141993377,0.8219366332014514,3,one_factor_ou,full
2025-06-20,-1.0808265560784862,1.1225626685637702,3,one_factor_ou,full
2025-06-23,0.2079185703489633,0.40140292376514897,4,one_factor_ou,full
2025-06-24,-0.9630121879923925,1.015427766718603,4,one_factor_ou,full
2025-06-25,-1.6846815715867758,1.7345343519102037,4,one_factor_ou,full
2025-06-26,-0.6754618923207447,0.8180549426712906,4,one_factor_ou,full
2025-06-27,0.27325520970595424,0.5467534217764068,4,one_factor_ou,full
2025-06-30,1.3847846389982879,1.4205257041454171,4,one_factor_ou,full
2025-07-01,1.5478841520711852,1.565074509185261,4,one_factor_ou,full
2025-07-02,-1.0586545736405262,1.125252304346587,4,one_factor_ou,full
2025-07-03,0.4923806755032528,0.5938512366056337,4,one_factor_ou,full
2025-07-04,0.024357915629967863,0.2821463765926954,4,one_factor_ou,full
2025-07-07,0.7972114256526133,0.8479053363483166,4,one_factor_ou,full
2025-07-08,-1.1980309140187593,1.2849801882338399,4,one_factor_ou,full
2025-07-09,-0.0541818651444706,0.34902002073646066,4,one_factor_ou,full
2025-07-10,0.03805557259153869,0.3411385407780862,4,one_factor_ou,full
2025-07-11,-1.2739334064178194,1.3456414888278858,3,one_factor_ou,full
2025-07-14,0.30735974179581876,0.48995735520727224,3,one_factor_ou,full
2025-07-15,0.21997944593120236,0.34749929883293823,3,one_factor_ou,full
2025-07-16,0.11324628925427292,0.3144863467876739,3,one_factor_ou,full
2025-07-17,-0.6788355408690965,0.7740260110381858,3,one_factor_ou,full
2025-07-18,-0.4964763977642352,0.6548357457638159,3,one_factor_ou,full
2025-07-21,0.5209966370265755,0.7743174006690131,4,one_factor_ou,full
2025-07-22,-1.0732998082726164,1.242688071908104,4,one_factor_ou,full
2025-07-23,-0.882202752221702,1.1575830017319249,4,one_factor_ou,full
2025-07-24,-1.2525188755245686,1.5470649528523692,4,one_factor_ou,full
2025-07-25,-0.07861622170853527,0.8457440136269798,4,one_factor_ou,full
2025-07-28,0.5601481763656357,0.8307735913899549,4,one_factor_ou,full
2025-07-29,-0.45912901104646753,0.786346211789217,4,one_factor_ou,full
2025-07-30,-0.15457872627017122,0.6381943402209498,4,one_factor_ou,full
2025-07-31,0.17623632110492737,0.5713489437950556,4,one_factor_ou,full
2025-08-01,0.16706408474063947,0.5509023336405661,4,one_factor_ou,full
2025-08-04,-0.9604079459189021,1.1561120356155414,4,one_factor_ou,full
2025-08-05,-0.038851665893871595,0.6727008970084419,4,one_factor_ou,full
2025-08-06,-0.49157379809204943,0.7732447338550905,4,one_factor_ou,full
2025-08-07,0.3334310331273776,0.6649452274287292,4,one_factor_ou,full
2025-08-08,-0.3334997741349892,0.701297602114134,3,one_factor_ou,full
2025-08-11,-0.7146216193202785,0.9495387820866851,3,one_factor_ou,full
2025-08-12,-0.6922799610158461,0.9904980298507894,3,one_factor_ou,full
2025-08-13,-1.2127736787470045,1.3811226833728436,3,one_factor_ou,full
2025-08-14,-0.9765046759212974,1.2825587220302253,3,one_factor_ou,full
2025-08-15,-1.3406580130836614,1.565099947818416,3,one_factor_ou,full
2025-08-18,-0.2511132368596611,0.5046681980700312,4,one_factor_ou,full
2025-08-19,0.409212484524059,0.6128722801684137,4,one_factor_ou,full
2025-08-20,-1.4110563149655846,1.4750901815178836,4,one_factor_ou,full
2025-08-21,0.3008692294254502,0.53372456240024,4,one_factor_ou,full
2025-08-22,-1.3422219177790629,1.4682770623012145,4,one_factor_ou,full
2025-08-25,0.9918133877304893,1.0307518574203989,4,one_factor_ou,full
2025-08-26,0.3390698975387596,0.42552515867396723,4,one_factor_ou,full
2025-08-27,-0.06344113205088017,0.28122488259877554,4,one_factor_ou,full
2025-08-28,1.383073185366886,1.4022044204005417,4,one_factor_ou,full
2025-08-29,0.3842248772048048,0.4830768121707695,4,one_factor_ou,full
2025-09-01,2.176874054121408,2.2558367569757447,4,one_factor_ou,full
2025-09-02,-1.0529421579522187,1.175660956555333,4,one_factor_ou,full
2025-09-03,0.5113808344086905,0.5920494482284884,4,one_factor_ou,full
2025-09-04,-0.6399232343616228,0.6879288100727182,4,one_factor_ou,full
2025-09-05,-1.1355633539536922,1.1783451183738047,4,one_factor_ou,full
2025-09-08,1.7775503723984132,1.799416825392745,4,one_factor_ou,full
2025-09-09,0.7437142640665331,0.8518952055471184,4,one_factor_ou,full
2025-09-10,1.402488938434238,1.5438207702645137,4,one_factor_ou,full
2025-09-11,-1.726229977744213,1.8188449271342322,4,one_factor_ou,full
2025-09-12,0.6919629873295854,0.7839006095118268,3,one_factor_ou,full
2025-09-15,1.024367403834124,1.1030825869597904,3,one_factor_ou,full
2025-09-16,-0.5081691846692661,0.7601079538457127,3,one_factor_ou,full
2025-09-17,-0.5811152796555584,0.7431836329076581,3,one_factor_ou,full
2025-09-18,1.3313255533038404,1.4050302690918617,3,one_factor_ou,full
2025-09-19,0.16148307070540657,0.6738551856394925,3,one_factor_ou,full
2025-09-22,0.34085656118388447,0.6578392065336434,4,one_factor_ou,full
2025-09-23,1.0788055952777107,1.1744833121099576,4,one_factor_ou,full
2025-09-24,-1.173611550716241,1.343871466520413,4,one_factor_ou,full
2025-09-25,-0.2023070068563242,0.580058102467805,4,one_factor_ou,full
2025-09-26,-0.4843691089459556,0.733953600690417,4,one_factor_ou,full
2025-09-29,-1.5075649488269758,1.6491795782246772,4,one_factor_ou,full
2025-09-30,-0.4574033559334747,0.836473881544556,4,one_factor_ou,full
2025-10-09,0.5744921286473382,0.8139545215183963,4,one_factor_ou,full
2025-10-10,-0.13168306090361379,0.6531663654078188,3,one_factor_ou,full
2025-10-13,0.48810123728156424,0.8157800004819544,3,one_factor_ou,full
2025-10-14,0.6424324420461734,0.739749901151724,3,one_factor_ou,full
2025-10-15,-0.687681724793905,0.7285122255045109,3,one_factor_ou,full
2025-10-16,-0.355729349654288,0.6026730108359961,3,one_factor_ou,full
2025-10-17,-0.992268542188544,1.1293587972613517,3,one_factor_ou,full
2025-10-20,0.5905353665013746,1.0474038305815825,4,one_factor_ou,full
2025-10-21,-0.8681838750509105,1.1985629815699643,4,one_factor_ou,full
2025-10-22,-0.776943388993364,1.180972570356206,4,one_factor_ou,full
2025-10-23,-1.0822781509996855,1.4891299178222017,4,one_factor_ou,full
2025-10-24,-0.9087354676410642,1.4613858071730887,4,one_factor_ou,full
2025-10-27,0.8111834367837515,1.0663314917319595,4,one_factor_ou,full
2025-10-28,-0.9224310474429648,1.1264551878730888,4,one_factor_ou,full
2025-10-29,-1.1775068959454738,1.387725016448669,4,one_factor_ou,full
2025-10-30,-0.587602546872912,0.9853660897064411,4,one_factor_ou,full
2025-10-31,0.11210890857317107,0.5609949774805121,4,one_factor_ou,full
2025-11-03,-0.042265268252061866,0.4584341430970879,4,one_factor_ou,full
2025-11-04,0.45292522412480396,0.6441087910017805,4,one_factor_ou,full
2025-11-05,0.25897599224608864,0.4560814530699309,4,one_factor_ou,full
2025-11-06,-0.14968250666657468,0.41908656226102275,4,one_factor_ou,full
2025-11-07,-0.4256555210676942,0.634490817563176,4,one_factor_ou,full
2025-11-10,0.2140013864596643,0.4386237072446733,4,one_factor_ou,full
2025-11-11,0.4866076309954611,0.6293933815959102,4,one_factor_ou,full
2025-11-12,-0.7494549592601771,0.9120131628791502,4,one_factor_ou,full
2025-11-13,-0.3060915107558916,0.700117407435411,4,one_factor_ou,full
2025-11-14,0.4162094910148266,0.6571011175882826,3,one_factor_ou,full
2025-11-17,0.044111844289151415,0.4941340934219803,3,one_factor_ou,full
2025-11-18,-0.8944167995477188,1.0723526001042842,3,one_factor_ou,full
2025-11-19,-0.5470051274218253,0.8789733570360315,3,one_factor_ou,full
2025-11-20,-0.6396577871546425,0.9874356839316139,3,one_factor_ou,full
2025-11-21,-1.170258208651829,1.5376329158711468,3,one_factor_ou,full
2025-11-24,-0.6953682767900127,1.0755879428059332,4,one_factor_ou,full
2025-11-25,0.23504227439513112,0.7866403544330619,4,one_factor_ou,full
2025-11-26,-0.31470585006319846,0.7635675369048894,4,one_factor_ou,full
2025-11-27,0.14973261068474394,0.6312283084312641,4,one_factor_ou,full
2025-11-28,-0.14533182216333385,0.6393800849455159,4,one_factor_ou,full
2025-12-01,0.6205406467202135,0.8049603864892912,4,one_factor_ou,full
2025-12-02,-0.5126659887767085,0.7266750315316203,4,one_factor_ou,full
2025-12-03,-0.8097234960461094,0.9829537324784037,4,one_factor_ou,full
2025-12-04,-0.8903697613770473,1.1179643713482537,4,one_factor_ou,full
2025-12-05,-0.8401470371224649,1.169387106851782,4,one_factor_ou,full
2025-12-08,0.1616011544567608,0.7144639399783297,4,one_factor_ou,full
2025-12-09,-0.3967953884085673,0.7272192616477977,4,one_factor_ou,full
2025-12-10,0.1310546105069636,0.6097209051920632,4,one_factor_ou,full
2025-12-11,-1.1228489421525207,1.2872517666104788,4,one_factor_ou,full
2025-12-12,-0.5106806107603981,0.9463257398336216,3,one_factor_ou,full
2025-12-15,-0.669817990593509,1.1165103133262935,3,one_factor_ou,full
2025-12-16,-0.7312793845568585,1.2033919762771088,3,one_factor_ou,full
2025-12-17,-0.7680602981968594,1.1806679363804413,3,one_factor_ou,full
2025-12-18,-0.6371601561884924,1.078593677981251,3,one_factor_ou,full
2025-12-19,-1.0863870268207074,1.3917942141962645,3,one_factor_ou,full
2025-12-22,-0.30728348245301523,0.8268358297855471,4,one_factor_ou,full
2025-12-23,-0.611631638388778,0.9636270181281475,4,one_factor_ou,full
2025-12-24,-0.8946576956448531,1.146974664706377,4,one_factor_ou,full
2025-12-25,-0.9868595286332742,1.2133366765663447,4,one_factor_ou,full
2025-12-26,-1.4069174369489525,1.682437716511729,4,one_factor_ou,full
2025-12-29,-0.18833170827284723,0.9493609989278853,4,one_factor_ou,full
2025-12-30,-1.0348920212423842,1.3836500494903743,4,one_factor_ou,full
2025-12-31,-0.10806275624233841,1.0287764555783065,4,one_factor_ou,full
2026-01-05,-1.7165331296484336,1.910565526988482,4,one_factor_ou,full
2026-01-06,-1.2673062164607518,1.5251795136257738,4,one_factor_ou,full
2026-01-07,0.5536328569441419,0.8924474986965107,4,one_factor_ou,full
2026-01-08,-0.06257548904133714,0.5110841468799328,4,one_factor_ou,full
2026-01-09,-2.26756197341848,2.4004104821399928,3,one_factor_ou,full
2026-01-12,-2.0839169801286843,2.266243179156288,3,one_factor_ou,full
2026-01-13,-1.0034154036370662,1.4532945039507381,3,one_factor_ou,full
2026-01-14,0.7381757868011866,1.1225132883053968,3,one_factor_ou,full
2026-01-15,-1.663711535583256,1.8428087047995478,3,one_factor_ou,full
2026-01-16,-0.4931386224863168,1.1482472145624194,3,one_factor_ou,full
2026-01-19,0.40101259947746615,0.8414097006170617,4,one_factor_ou,full
2026-01-20,-0.7188402957801577,0.9800952999766613,4,one_factor_ou,full
2026-01-21,-1.6798773035743368,1.9123418542317465,4,one_factor_ou,full
2026-01-22,-0.8895163882373875,1.3545078361307847,4,one_factor_ou,full
2026-01-23,-2.816090876173086,2.997935789002601,4,one_factor_ou,full
2026-01-26,2.06921985990754,2.2245598653094825,4,one_factor_ou,full
2026-01-27,-1.3115780892158546,1.3854267291994482,4,one_factor_ou,full
2026-01-28,-0.6584192414474258,0.9510760155578134,4,one_factor_ou,full
2026-01-29,-1.1336914670651643,1.303208551726182,4,one_factor_ou,full
2026-01-30,-1.0724377922710697,1.2919420976774192,4,one_factor_ou,full
2026-02-02,3.265550123688789,3.343962080565444,4,one_factor_ou,full
2026-02-03,-1.9016633902796636,1.926707768517572,4,one_factor_ou,full
2026-02-04,-1.1133147983120615,1.3682612139892127,4,one_factor_ou,full
2026-02-05,-0.030992023894272525,0.8867970963380466,4,one_factor_ou,full
2026-02-06,0.7347980420526561,0.8798392379695333,4,one_factor_ou,full
2026-02-09,-1.6136834301813618,1.7835944270987205,3,one_factor_ou,full
2026-02-10,-0.15954259218959996,0.8158718428949318,3,one_factor_ou,full
2026-02-11,-1.21306894259824,1.413677490140526,3,one_factor_ou,full
2026-02-12,-1.1374895226783406,1.5823271715799048,3,one_factor_ou,full
2026-02-13,0.48847285515071115,1.0679544703122632,3,one_factor_ou,full
2026-02-24,0.04022113686768266,0.592109221981715,3,one_factor_ou,full
2026-02-25,-0.7813360817164942,0.9915096701659118,4,one_factor_ou,full
2026-02-26,0.7421398889629907,0.9676837057263996,4,one_factor_ou,full
2026-02-27,-0.3093247012232608,0.8215127607339786,4,one_factor_ou,full
2026-03-02,0.2761710786197381,0.5983273340212049,4,one_factor_ou,full
2026-03-03,-1.3684976491976049,1.4716235455916964,4,one_factor_ou,full
2026-03-04,0.18988069156773263,0.6946835713145127,4,one_factor_ou,full
2026-03-05,0.3798716626398255,0.6119400368396807,4,one_factor_ou,full
2026-03-06,-0.08469167451688281,0.49345774804877607,4,one_factor_ou,full
2026-03-09,-0.6086793406640982,0.8703260898632182,4,one_factor_ou,full
2026-03-10,0.03307256882124,0.36336060226886974,4,one_factor_ou,full
2026-03-11,0.7662301145952207,0.7878531177120057,4,one_factor_ou,full
2026-03-12,0.7741337939054593,0.8335028335452648,4,one_factor_ou,full
2026-03-13,-0.49065303211566214,0.5223298060964012,3,one_factor_ou,full
2026-03-16,-0.18944166725150235,0.3636664066147771,3,one_factor_ou,full
2026-03-17,-0.3615851702602479,0.6899746715091827,3,one_factor_ou,full
2026-03-18,-0.0386634035299445,0.5697542750860375,3,one_factor_ou,full
2026-03-19,-0.7119275099520112,1.156168947238962,3,one_factor_ou,full
2026-03-20,-0.4606694017456203,0.7528735646348951,3,one_factor_ou,full
2026-03-23,-0.3844748908403928,0.9633192992762922,4,one_factor_ou,full
2026-03-24,-0.4871892827094183,0.6961601036823061,4,one_factor_ou,full
2026-03-25,1.432961565478287,1.4696353274287222,4,one_factor_ou,full
2026-03-26,0.12074301356343048,0.20227312318993343,4,one_factor_ou,full
2026-03-27,-1.2859013640897319,1.324808123556032,4,one_factor_ou,full
2026-03-30,0.6898285650904497,0.7776569104310732,4,one_factor_ou,full
2026-03-31,-0.44449705939625966,0.5781328814475972,4,one_factor_ou,full
2026-04-01,-0.08973342411840056,0.32942625534769815,4,one_factor_ou,full
2026-04-02,0.222352090256611,0.43239132261952784,4,one_factor_ou,full
2026-04-03,-0.6178035643471458,0.7242394073621014,4,one_factor_ou,full
2026-04-07,-0.020730484519593223,0.2485739442632087,4,one_factor_ou,full
2026-04-08,-1.70596785270626,1.7304185283071392,4,one_factor_ou,full
2026-04-09,0.35128957582712184,0.6540058290767149,4,one_factor_ou,full
2026-04-10,0.055989552931003043,0.3219014365289534,3,one_factor_ou,full
2026-04-13,0.580940261591111,0.6117351812350319,3,one_factor_ou,full
2026-04-14,0.19889042359916512,0.23771800264377102,3,one_factor_ou,full
2026-04-15,-0.6050327152468699,0.609973136033475,3,one_factor_ou,full
2026-04-16,-0.7819129994256242,0.8416548308517557,3,one_factor_ou,full
2026-04-17,-0.42639443342780803,0.5780394927461302,3,one_factor_ou,full
2026-04-20,0.6561303516544217,0.7321898754264953,4,one_factor_ou,full
2026-04-21,-0.23576968751541694,0.32730109406022645,4,one_factor_ou,full
2026-04-22,-0.7395403252038083,0.8424978336910558,4,one_factor_ou,full
2026-04-23,-0.6668572517313327,0.8240889250776682,4,one_factor_ou,full
2026-04-24,-0.3718362298744326,0.5531454263266471,4,one_factor_ou,full
2026-04-27,-0.15432194106915298,0.4385456276665409,4,one_factor_ou,full
2026-04-28,-0.6392495046322798,0.725793435512821,4,one_factor_ou,full
2026-04-29,-0.9652034678716686,1.065219870974432,4,one_factor_ou,full
2026-04-30,-0.3112387779675424,0.5608444632504184,4,one_factor_ou,full
2026-05-06,-0.02430385330669614,0.28040316775411317,4,one_factor_ou,full
2026-05-07,-0.7293460350697955,0.7885664778217212,4,one_factor_ou,full
2026-05-08,0.13950252641966743,0.37591728485179315,3,one_factor_ou,full
2026-05-11,1.1569469958683207,1.173349141712592,3,one_factor_ou,full
2026-05-12,-0.19161969037470886,0.2995794234855992,3,one_factor_ou,full
2026-05-13,-1.010668731811266,1.0455264202196728,3,one_factor_ou,full
2026-05-14,-0.05127765438868622,0.3033203515371186,3,one_factor_ou,full
2026-05-15,0.30735665610557467,0.3880529459679142,3,one_factor_ou,full
2026-05-18,-0.17631315086415758,0.3430734050965637,4,one_factor_ou,full
2026-05-19,0.15470388129867763,0.34306737029546963,4,one_factor_ou,full
2026-05-20,0.4882288914724612,0.5713606622468999,4,one_factor_ou,full
2026-05-21,-0.8191539661300491,0.8743392975589755,4,one_factor_ou,full
2026-05-22,0.7917014050496776,0.850209434329018,4,one_factor_ou,full
2026-05-25,1.2357192592525794,1.2962782574815104,4,one_factor_ou,full
2026-05-26,-0.625041077715011,0.6986916073228692,4,one_factor_ou,full
2026-05-27,0.5558749267930353,0.630269434690515,4,one_factor_ou,full
2026-05-28,0.5554438834834562,0.6876950018271842,4,one_factor_ou,full
2026-05-29,-0.9125145215894832,0.9628296707549607,4,one_factor_ou,full
2026-06-01,-0.9951111265609299,1.0556956785454614,4,one_factor_ou,full
2026-06-02,0.23077870742758577,0.41315669030080476,4,one_factor_ou,full
2026-06-03,0.39889874506882017,0.5534574983177263,4,one_factor_ou,full
2026-06-04,0.1654209099240002,0.3982663839044829,4,one_factor_ou,full
2026-06-05,-0.09133811496918226,0.4023960414207895,4,one_factor_ou,full
2026-06-08,-1.2936018335803408,1.397809212814417,4,one_factor_ou,full
2026-06-09,2.0037180776064316,2.033313290609819,4,one_factor_ou,full
2026-06-10,-0.5481971432035899,0.7010038836629858,4,one_factor_ou,full
2026-06-11,-0.23466479532776874,0.4834583262324885,4,one_factor_ou,full
2026-06-12,-0.990863120913474,1.1285253331013754,3,one_factor_ou,full
2026-06-15,0.4467282415447477,0.6178216579878268,3,one_factor_ou,full
2026-06-16,0.4688308376360845,0.6072873453692058,3,one_factor_ou,full
2026-06-17,-0.8035727226984418,0.9299421694116567,3,one_factor_ou,full
2026-06-18,-0.24919611449161927,0.504517646476492,3,one_factor_ou,full
2026-06-22,1.9520342001440056,1.9883610712420272,3,one_factor_ou,full
2026-06-23,-1.3353900118894075,1.4829571977138167,4,one_factor_ou,full
2026-06-24,0.9755879360536059,1.0611407907811985,4,one_factor_ou,full
2026-06-25,-0.3070321531322143,0.5317748072086819,4,one_factor_ou,full
2026-06-26,-0.5424324783569008,0.7874606225920682,4,one_factor_ou,full
2026-06-29,0.15156770299741007,0.5057521944327731,4,one_factor_ou,full
2026-06-30,0.3855023532717905,0.6665285320647988,4,one_factor_ou,full
2026-07-01,1.7215671871760747,1.8419711859676204,4,one_factor_ou,full
2026-07-02,-1.9672531878865507,2.0925414663500286,4,one_factor_ou,full
2026-07-03,-0.5357263316859289,0.7727871334245261,4,one_factor_ou,full
2026-07-06,-1.3496086410628456,1.5137729868481575,4,one_factor_ou,full
2026-07-07,-0.9825132693492195,1.2377532484104918,4,one_factor_ou,full
2026-07-08,-1.5596218315973753,1.7469423274714808,4,one_factor_ou,full
2026-07-09,-0.03038783143429713,0.7267377880396397,4,one_factor_ou,full
2026-07-10,0.08937465785027639,0.8266759310486416,3,one_factor_ou,full
2026-07-13,-2.1880851275760005,2.3941984009861783,3,one_factor_ou,full
2026-07-14,0.0677358678025759,0.9241324786433758,3,one_factor_ou,full
2026-07-15,-1.4442813094835056,1.7585533168993912,3,one_factor_ou,full
2026-07-16,-1.158496336229552,1.489122352642248,3,one_factor_ou,full
2026-07-17,0.25570640962796576,1.0238418693918636,3,one_factor_ou,full
2026-07-20,0.647447578253064,1.270007818422141,4,one_factor_ou,full
2026-07-21,-1.2157633725356471,1.4766964276943708,4,one_factor_ou,full
2026-07-22,0.6162786296801782,1.02207336277887,4,one_factor_ou,full
2026-07-23,-0.4189279235996177,0.78617037885869,4,one_factor_ou,full
2026-07-24,-0.43459397426023716,0.8624730948245771,4,one_factor_ou,full
2026-07-27,-1.6410180452090815,1.8783281293546117,4,one_factor_ou,full
2026-07-28,-0.6912206117539245,1.173074908561162,4,one_factor_ou,full
2026-07-29,-1.9668963920821227,2.1063363848462573,4,one_factor_ou,full
2026-07-30,-0.557621882381248,1.0104290954984694,4,one_factor_ou,full
2026-07-31,0.3485686771941799,0.743742060983122,4,one_factor_ou,full
2026-08-03,-1.1119149138280746,1.2781618154998138,4,one_factor_ou,full
2026-08-04,-0.22920426815503628,0.6456954312278281,4,one_factor_ou,full
2026-08-05,-0.665363715048039,0.8909528232616986,4,one_factor_ou,full
2026-08-06,0.35936818870518916,0.9020470034028062,4,one_factor_ou,full
2026-08-07,0.02650286085344239,0.5843566137440925,4,one_factor_ou,full
2026-08-10,1.0006583040326116,1.0470466652479162,4,one_factor_ou,full
2026-08-11,-0.9023056492376959,0.9843584137335196,4,one_factor_ou,full
2026-08-12,0.573077604172169,0.6251153381285679,4,one_factor_ou,full
2026-08-13,-0.8634851411644727,0.9324668570371528,4,one_factor_ou,full
2026-08-14,0.9617220316943335,0.9921195538515537,3,one_factor_ou,full
2026-08-17,-0.4955534089638421,0.5840245542173399,3,one_factor_ou,full
2026-08-18,1.2459481264519117,1.2527488125697177,3,one_factor_ou,full
2026-08-19,-2.1724271332971004,2.194351270902291,3,one_factor_ou,full
2026-08-20,0.10378441498991142,0.3880727681885458,3,one_factor_ou,full
2026-08-21,0.2584367208559517,0.5267283567368234,3,one_factor_ou,full
2022-07-22,0.6168540528608989,0.617929384496778,4,one_factor_ou,in_sample
2022-07-25,-0.1641870394358755,0.29813487119392673,4,one_factor_ou,in_sample
2022-07-26,-1.12787611197331,1.1885535218137402,4,one_factor_ou,in_sample
2022-07-27,-0.6821197052035719,0.7768775014865341,4,one_factor_ou,in_sample
2022-07-28,-0.6533031488850255,0.7138896084946525,4,one_factor_ou,in_sample
2022-07-29,-0.2289379179620592,0.5047664170403585,4,one_factor_ou,in_sample
2022-08-01,0.48578140490909233,0.6249947968371176,4,one_factor_ou,in_sample
2022-08-02,-1.3680237458095363,1.444421214822007,4,one_factor_ou,in_sample
2022-08-03,0.49543276123812907,0.7421857613428116,4,one_factor_ou,in_sample
2022-08-04,1.427776796048766,1.452740166198324,4,one_factor_ou,in_sample
2022-08-05,-1.558495690225725,1.5703612282071808,4,one_factor_ou,in_sample
2022-08-08,0.7950461909388876,0.8261981875392365,4,one_factor_ou,in_sample
2022-08-09,0.5508054154758865,0.5997175687985904,4,one_factor_ou,in_sample
2022-08-10,0.23828621032382516,0.45089042941860313,4,one_factor_ou,in_sample
2022-08-11,-0.954231522599704,0.9830638332500687,4,one_factor_ou,in_sample
2022-08-12,-0.4443232458297577,0.5209410806140633,3,one_factor_ou,in_sample
2022-08-15,0.15044803157920153,0.2759592796353402,3,one_factor_ou,in_sample
2022-08-16,-0.07322528175134392,0.32667489296552954,3,one_factor_ou,in_sample
2022-08-17,-0.5554738006288228,0.6389789868881101,3,one_factor_ou,in_sample
2022-08-18,-0.6634786357072301,0.7755802947800021,3,one_factor_ou,in_sample
2022-08-19,0.11644347660886784,0.32114417863589445,3,one_factor_ou,in_sample
2022-08-22,0.2665064158501705,0.3680163993647716,4,one_factor_ou,in_sample
2022-08-23,0.08637255040052233,0.3339694351594478,4,one_factor_ou,in_sample
2022-08-24,0.835721112483638,0.860836313075927,4,one_factor_ou,in_sample
2022-08-25,0.5731980521305918,0.6635216869298431,4,one_factor_ou,in_sample
2022-08-26,0.11518395021913341,0.40708453222930524,4,one_factor_ou,in_sample
2022-08-29,0.3607139681744889,0.574814694414695,4,one_factor_ou,in_sample
2022-08-30,-0.8629227425733637,0.9223714158597653,4,one_factor_ou,in_sample
2022-08-31,0.03115520703825675,0.34335528412204047,4,one_factor_ou,in_sample
2022-09-01,-0.15821810771717226,0.3389859557609878,4,one_factor_ou,in_sample
2022-09-02,0.40015449037838197,0.47818466606006743,4,one_factor_ou,in_sample
2022-09-05,0.11116115264227974,0.4285451984108838,4,one_factor_ou,in_sample
2022-09-06,0.018815986371055807,0.4391090863193146,4,one_factor_ou,in_sample
2022-09-07,0.4617812742078045,0.6260858422165125,4,one_factor_ou,in_sample
2022-09-08,-0.4191929117514051,0.4655339825897134,3,one_factor_ou,in_sample
2022-09-09,-1.058331530396026,1.0843237262703316,3,one_factor_ou,in_sample
2022-09-13,0.3165820757949765,0.39955016993078973,3,one_factor_ou,in_sample
2022-09-14,-0.003993059473893408,0.2705309810694505,3,one_factor_ou,in_sample
2022-09-15,1.6579826376427225,1.665014674432633,3,one_factor_ou,in_sample
2022-09-16,0.6276173453359176,0.7719901603075107,3,one_factor_ou,in_sample
2022-09-19,1.0816718140745099,1.1179108435408258,4,one_factor_ou,in_sample
2022-09-20,0.34769335890143677,0.47338928255491586,4,one_factor_ou,in_sample
2022-09-21,-0.582097569658769,0.6136580276032377,4,one_factor_ou,in_sample
2022-09-22,-1.064145408269666,1.103194552624974,4,one_factor_ou,in_sample
2022-09-23,-0.7467564987446105,0.7637908427886441,4,one_factor_ou,in_sample
2022-09-26,-0.5971573051515244,0.5993912886318749,4,one_factor_ou,in_sample
2022-09-27,-0.8919845323574143,0.933462664099869,4,one_factor_ou,in_sample
2022-09-28,-0.8284349720311918,0.8432936882049753,4,one_factor_ou,in_sample
2022-09-29,-0.7096897400045136,0.854281567539883,4,one_factor_ou,in_sample
2022-09-30,0.7987727239591891,0.9512759660759623,4,one_factor_ou,in_sample
2022-10-10,-0.1816232266358696,0.4172910768513839,4,one_factor_ou,in_sample
2022-10-11,0.5691989343804209,0.6051950550266466,4,one_factor_ou,in_sample
2022-10-12,0.15368469645157204,0.34236820530051526,4,one_factor_ou,in_sample
2022-10-13,-0.5335978343280015,0.5417225709385804,4,one_factor_ou,in_sample
2022-10-14,-1.0462177206146654,1.1328198314767648,3,one_factor_ou,in_sample
2022-10-17,0.9437465830772737,0.972053125487866,3,one_factor_ou,in_sample
2022-10-18,0.1178720919840975,0.22447784142893387,3,one_factor_ou,in_sample
2022-10-19,-0.3560643057022512,0.44502202640567773,3,one_factor_ou,in_sample
2022-10-20,0.49270923020539054,0.5030116705803419,3,one_factor_ou,in_sample
2022-10-21,-0.07480628378703201,0.1386737470114194,3,one_factor_ou,in_sample
2022-10-24,-1.321824053714419,1.4304722749881444,4,one_factor_ou,in_sample
2022-10-25,-0.9285343471495718,1.1285450257870124,4,one_factor_ou,in_sample
2022-10-26,-1.579442736058149,1.8167951562143398,4,one_factor_ou,in_sample
2022-10-27,-1.2694767311283495,1.5355425460140057,4,one_factor_ou,in_sample
2022-10-28,0.04858076008583789,0.5981354626949713,4,one_factor_ou,in_sample
2022-10-31,-0.07605371344143319,0.8417313728934748,4,one_factor_ou,in_sample
2022-11-01,-1.960718199370143,2.189387316916181,4,one_factor_ou,in_sample
2022-11-02,-0.4838097786506316,0.9616107715227207,4,one_factor_ou,in_sample
2022-11-03,0.10446385613249723,0.8623506965277451,4,one_factor_ou,in_sample
2022-11-04,-2.210207033446526,2.3452972792933573,4,one_factor_ou,in_sample
2022-11-07,0.06985727455652524,0.5604639252830186,4,one_factor_ou,in_sample
2022-11-08,-0.75546823191226,0.932928742535776,4,one_factor_ou,in_sample
2022-11-09,-0.3908985669413354,0.5126865051170952,4,one_factor_ou,in_sample
2022-11-10,-0.8075832649057545,0.8893310552380969,4,one_factor_ou,in_sample
2022-11-11,-0.29470196388170616,0.42808340173773624,3,one_factor_ou,in_sample
2022-11-14,0.053899965771304174,0.15622700917602028,3,one_factor_ou,in_sample
2022-11-15,-0.36946881838715023,0.4542098952240105,3,one_factor_ou,in_sample
2022-11-16,0.08220268379788333,0.2647253935990476,3,one_factor_ou,in_sample
2022-11-17,-0.5533788998521273,0.5901856345458387,3,one_factor_ou,in_sample
2022-11-18,-0.19293764861780124,0.2645965627120308,3,one_factor_ou,in_sample
2022-11-21,-0.5505364696641372,0.6185773324636886,4,one_factor_ou,in_sample
2022-11-22,1.0147015756328435,1.0996908235322052,4,one_factor_ou,in_sample
2022-11-23,-0.33194894052819335,0.40340971901882033,4,one_factor_ou,in_sample
2022-11-24,0.4047939404208569,0.47311671283280443,4,one_factor_ou,in_sample
2022-11-25,-0.3490523635676365,0.45036802836808343,4,one_factor_ou,in_sample
2022-11-28,-0.6807303785655151,0.781587011107859,4,one_factor_ou,in_sample
2022-11-29,-0.6797799134206548,0.7724669227420161,4,one_factor_ou,in_sample
2022-11-30,0.23336223084692076,0.4898451156336658,4,one_factor_ou,in_sample
2022-12-01,-0.7445909955212757,0.8118019172799267,4,one_factor_ou,in_sample
2022-12-02,-0.32634725710006324,0.4772658282518995,4,one_factor_ou,in_sample
2022-12-05,0.3974289473753485,0.6120566470958931,4,one_factor_ou,in_sample
2022-12-06,-0.12418441768451638,0.40917406083060703,4,one_factor_ou,in_sample
2022-12-07,0.020761612534421353,0.32117140835085056,4,one_factor_ou,in_sample
2022-12-08,-0.38313403683924074,0.5345437977299596,4,one_factor_ou,in_sample
2022-12-09,-0.12744299773365128,0.4026566458752881,3,one_factor_ou,in_sample
2022-12-12,-0.3390905968030096,0.5434308345783637,3,one_factor_ou,in_sample
2022-12-13,-0.69559109389183,0.823747656147875,3,one_factor_ou,in_sample
2022-12-14,0.45819944786276307,0.6605762220183427,3,one_factor_ou,in_sample
2022-12-15,-0.18636441571899054,0.32380312613779555,3,one_factor_ou,in_sample
2022-12-16,-1.78239584918183,1.8632505588984798,3,one_factor_ou,in_sample
2022-12-19,-1.3884859978205704,1.5807268569287083,4,one_factor_ou,in_sample
2022-12-20,-0.2043800142078528,0.7209052233121572,4,one_factor_ou,in_sample
2022-12-21,-0.7093437980431955,0.9377881703048266,4,one_factor_ou,in_sample
2022-12-22,-0.9672758525756873,1.106522038708606,4,one_factor_ou,in_sample
2022-12-23,0.17427570225222222,0.4766125411923749,4,one_factor_ou,in_sample
2022-12-26,-0.45042244590337555,0.608613870021593,4,one_factor_ou,in_sample
2022-12-27,-0.22702006797339644,0.5883239847751089,4,one_factor_ou,in_sample
2022-12-28,-1.0807090336987306,1.2047807823412273,4,one_factor_ou,in_sample
2022-12-29,0.14677447579958214,0.6185778531896413,4,one_factor_ou,in_sample
2022-12-30,0.027810805464742572,0.6017458755568701,4,one_factor_ou,in_sample
2023-01-03,0.43775664786912627,0.7227841915527556,4,one_factor_ou,in_sample
2023-01-04,0.10416989359166014,0.40852089788837254,4,one_factor_ou,in_sample
2023-01-05,-0.5510495787759245,0.702211875232181,4,one_factor_ou,in_sample
2023-01-06,-0.5073217490509502,0.6629919295867318,4,one_factor_ou,in_sample
2023-01-09,0.6538499768359454,0.7092392609014802,4,one_factor_ou,in_sample
2023-01-10,-0.28739070566256825,0.36785270515618973,4,one_factor_ou,in_sample
2023-01-11,-0.7701342198099539,0.8378193657239835,4,one_factor_ou,in_sample
2023-01-12,-0.5318290407911774,0.6251061530744147,4,one_factor_ou,in_sample
2023-01-13,-1.5537810637718135,1.671899731761637,3,one_factor_ou,in_sample
2023-01-16,-0.3021669655357267,0.6582719882379745,3,one_factor_ou,in_sample
2023-01-17,-0.9214601958260219,1.1061083600229376,3,one_factor_ou,in_sample
2023-01-18,-1.3079546248574658,1.5124021275941768,3,one_factor_ou,in_sample
2023-01-19,-1.5286729035417148,1.8077889892752257,3,one_factor_ou,in_sample
2023-01-20,-0.8374773193252377,1.428234404055875,3,one_factor_ou,in_sample
2023-01-30,0.3689551100060031,0.7859491611069754,4,one_factor_ou,in_sample
2023-01-31,-0.8027902482526915,0.9872189656435117,4,one_factor_ou,in_sample
2023-02-01,0.09142171308732275,0.6588638941841631,4,one_factor_ou,in_sample
2023-02-02,0.12571824466778642,0.47662911370376304,4,one_factor_ou,in_sample
2023-02-03,0.3006931963836793,0.598352135650109,4,one_factor_ou,in_sample
2023-02-06,-0.4327910931792446,0.6578177408906573,4,one_factor_ou,in_sample
2023-02-07,0.3645766719711159,0.4904414226948906,4,one_factor_ou,in_sample
2023-02-08,0.012404940674798408,0.18595535979345848,4,one_factor_ou,in_sample
2023-02-09,-1.6537010489003285,1.6967801228005073,4,one_factor_ou,in_sample
2023-02-10,0.27055763515454195,0.5310910110341375,3,one_factor_ou,in_sample
2023-02-13,0.7007113205743742,0.7334104615848496,3,one_factor_ou,in_sample
2023-02-14,-0.03315061119492046,0.12050110710447079,3,one_factor_ou,in_sample
2023-02-15,0.4434160498196514,0.45891736707148034,3,one_factor_ou,in_sample
2023-02-16,-0.5010417904764676,0.5156211343169652,3,one_factor_ou,in_sample
2023-02-17,-0.0813538295826689,0.15753873616583786,3,one_factor_ou,in_sample
2023-02-20,0.75345061980357,0.8216129614389717,4,one_factor_ou,in_sample
2023-02-21,0.784072124664086,0.8413452985186469,4,one_factor_ou,in_sample
2023-02-22,-0.3344939538429623,0.44530303032865226,4,one_factor_ou,in_sample
2023-02-23,-0.3673611437537315,0.45436056879257686,4,one_factor_ou,in_sample
2023-02-24,-0.3085434519813197,0.41822952781355677,4,one_factor_ou,in_sample
2023-02-27,-0.08396205989030756,0.4628998694183591,4,one_factor_ou,in_sample
2023-02-28,-0.08956785350727257,0.34049719651355087,4,one_factor_ou,in_sample
2023-03-01,0.05956489039633117,0.28055355154733697,4,one_factor_ou,in_sample
2023-03-02,-0.44474679877625595,0.5284125114687016,4,one_factor_ou,in_sample
2023-03-03,0.3458740985599751,0.43911215930673225,4,one_factor_ou,in_sample
2023-03-06,0.8383969936948734,0.8886784625107161,4,one_factor_ou,in_sample
2023-03-07,-0.8965530826605805,0.9763358152570025,4,one_factor_ou,in_sample
2023-03-08,0.28475274343867724,0.42319763782275427,4,one_factor_ou,in_sample
2023-03-09,-0.04274603109683392,0.31429922754001577,4,one_factor_ou,in_sample
2023-03-10,-0.579329373530303,0.6525937296929184,3,one_factor_ou,in_sample
2023-03-13,-0.1252662167616501,0.3628267725628357,3,one_factor_ou,in_sample
2023-03-14,-0.3370118669205097,0.5071522348720692,3,one_factor_ou,in_sample
2023-03-15,-0.17761972900032244,0.37384148634572717,3,one_factor_ou,in_sample
2023-03-16,-0.6752355294738029,0.8785386044700707,3,one_factor_ou,in_sample
2023-03-17,-0.5467076461508317,0.6838067171209076,3,one_factor_ou,in_sample
2023-03-20,-0.7508348306480361,0.9260968331740835,4,one_factor_ou,in_sample
2023-03-21,0.1756186060185735,0.4266433804717909,4,one_factor_ou,in_sample
2023-03-22,-0.1767655245198925,0.4405366689134791,4,one_factor_ou,in_sample
2023-03-23,0.03309118632914862,0.33260584852795644,4,one_factor_ou,in_sample
2023-03-24,-0.45303558383562764,0.5280829792848374,4,one_factor_ou,in_sample
2023-03-27,0.30348084221068056,0.3390520239246592,4,one_factor_ou,in_sample
2023-03-28,-1.1309871446895772,1.159609038851872,4,one_factor_ou,in_sample
2023-03-29,-0.45218165699978086,0.5711235370148581,4,one_factor_ou,in_sample
2023-03-30,-0.8042762770636753,0.9462834199722868,4,one_factor_ou,in_sample
2023-03-31,0.17193912301256986,0.4568935862056559,4,one_factor_ou,in_sample
2023-04-03,0.6729747441877494,0.7080864924393971,4,one_factor_ou,in_sample
2023-04-04,-0.5180827272976705,0.544060472580559,4,one_factor_ou,in_sample
2023-04-06,0.7533689284886593,0.7726170286267156,4,one_factor_ou,in_sample
2023-04-07,0.046632460296455215,0.15309307673414332,4,one_factor_ou,in_sample
2023-04-10,-1.0313035591831428,1.042159098186414,4,one_factor_ou,in_sample
2023-04-11,0.40328162423049363,0.45818846683752273,4,one_factor_ou,in_sample
2023-04-12,0.47373884178813574,0.5002105289654675,4,one_factor_ou,in_sample
2023-04-13,-0.5142080954122639,0.5183042975380637,4,one_factor_ou,in_sample
2023-04-14,0.48675462445737233,0.5166526849613211,3,one_factor_ou,in_sample
2023-04-17,-0.29893792925731816,0.3150640459805303,3,one_factor_ou,in_sample
2023-04-18,0.48645895478586887,0.5182106425762656,3,one_factor_ou,in_sample
2023-04-19,0.13916968268301244,0.31182925742465073,3,one_factor_ou,in_sample
2023-04-20,0.16687491161866208,0.3119721819409204,3,one_factor_ou,in_sample
2023-04-21,-0.7399048082790255,0.7696177945462187,3,one_factor_ou,in_sample
2023-04-24,-0.29504482564887546,0.38212039547939675,4,one_factor_ou,in_sample
2023-04-25,-1.1309836114294258,1.1316748445416298,4,one_factor_ou,in_sample
2023-04-26,-0.14478229471952864,0.2848476694832975,4,one_factor_ou,in_sample
2023-04-27,-0.5783492870398026,0.6361167711126132,4,one_factor_ou,in_sample
2023-04-28,-0.36945022576573333,0.5143127205682603,4,one_factor_ou,in_sample
2023-05-04,0.7172927162690202,0.7738724102989486,4,one_factor_ou,in_sample
2023-05-05,0.08065692516903884,0.21499784405957476,4,one_factor_ou,in_sample
2023-05-08,0.5114468300345131,0.661971745073469,4,one_factor_ou,in_sample
2023-05-09,-0.44285664855552853,0.5441566009893757,4,one_factor_ou,in_sample
2023-05-10,0.2461484872733989,0.381682903083023,4,one_factor_ou,in_sample
2023-05-11,0.23503726828709476,0.3799785171454406,4,one_factor_ou,in_sample
2023-05-12,-0.27827284855113316,0.4364075089339493,3,one_factor_ou,in_sample
2023-05-15,0.5689942919515677,0.6823117087883049,3,one_factor_ou,in_sample
2023-05-16,-0.15486702041366576,0.3850360889771635,3,one_factor_ou,in_sample
2023-05-17,0.7731352489941323,0.888208783312438,3,one_factor_ou,in_sample
2023-05-18,0.2803039452360589,0.595170323419634,3,one_factor_ou,in_sample
2023-05-19,-0.40766552784929244,0.5288691246680425,3,one_factor_ou,in_sample
2023-05-22,0.2662053614250477,0.4123197866912649,4,one_factor_ou,in_sample
2023-05-23,0.13104891815945544,0.44124271838883733,4,one_factor_ou,in_sample
2023-05-24,0.22378550516696122,0.45546493006365124,4,one_factor_ou,in_sample
2023-05-25,0.5696653818416819,0.7515415780728375,4,one_factor_ou,in_sample
2023-05-26,0.03351307685505983,0.36125599354667465,4,one_factor_ou,in_sample
2023-05-29,0.010403656278405893,0.3430356674053809,4,one_factor_ou,in_sample
2023-05-30,0.12237244375164541,0.3665953911031676,4,one_factor_ou,in_sample
2023-05-31,0.5244621806565634,0.5953277279997133,4,one_factor_ou,in_sample
2023-06-01,-0.07868531683977426,0.4717526502773219,4,one_factor_ou,in_sample
2023-06-02,0.5384509757330954,0.65084508413192,4,one_factor_ou,in_sample
2023-06-05,0.6237566797851654,0.7788324573280326,4,one_factor_ou,in_sample
2023-06-06,0.40587079978804774,0.6485024293735795,4,one_factor_ou,in_sample
2023-06-07,0.34463598880850327,0.5944038606968508,4,one_factor_ou,in_sample
2023-06-08,-0.14481228396520013,0.3842331677005916,4,one_factor_ou,in_sample
2023-06-09,0.5483046266073226,0.667692557303721,3,one_factor_ou,in_sample
2023-06-12,0.48395674720381804,0.648980994275814,3,one_factor_ou,in_sample
2023-06-13,0.2854976935922951,0.49575230597379,3,one_factor_ou,in_sample
2023-06-14,0.32337884495728814,0.5270126166327164,3,one_factor_ou,in_sample
2023-06-15,-0.0029933582713093467,0.3728265381813483,3,one_factor_ou,in_sample
2023-06-16,0.4509745047638149,0.633699236075855,3,one_factor_ou,in_sample
2023-06-19,0.9213732679235652,1.0142311429855486,4,one_factor_ou,in_sample
2023-06-20,0.3229723570227031,0.5881451801104005,4,one_factor_ou,in_sample
2023-06-21,-0.47327868648226695,0.6556590667869544,4,one_factor_ou,in_sample
2023-06-26,-1.2256172431883599,1.2392229427530725,4,one_factor_ou,in_sample
2023-06-27,1.4246807646022281,1.4312181801866815,4,one_factor_ou,in_sample
2023-06-28,-0.35283286015828247,0.46191779161711544,4,one_factor_ou,in_sample
2023-06-29,0.8205385457128128,0.8684323059461218,4,one_factor_ou,in_sample
2023-06-30,0.2930260402528829,0.4754869455941589,4,one_factor_ou,in_sample
2023-07-03,0.37875893109003184,0.570067949538133,4,one_factor_ou,in_sample
2023-07-04,0.31192605286693303,0.45361271483240295,4,one_factor_ou,in_sample
2023-07-05,-0.01578003563113342,0.28272626979910465,4,one_factor_ou,in_sample
2023-07-06,0.7054384659630731,0.8166762603666389,4,one_factor_ou,in_sample
2023-07-07,-0.491576422001067,0.5927275842892673,4,one_factor_ou,in_sample
2023-07-10,0.03096127922634733,0.1554164361850502,4,one_factor_ou,in_sample
2023-07-11,0.10216134563982701,0.18818033192283268,4,one_factor_ou,in_sample
2023-07-12,-0.35532158910877787,0.38684543303748925,4,one_factor_ou,in_sample
2023-07-13,-0.08420719664812382,0.1378887003186621,4,one_factor_ou,in_sample
2023-07-14,0.22926324853887167,0.261959853199526,3,one_factor_ou,in_sample
2023-07-17,0.19162655362056466,0.3000939119230688,3,one_factor_ou,in_sample
2023-07-18,-0.18094410988181273,0.21732921809942388,3,one_factor_ou,in_sample
2023-07-19,-0.07453924278995101,0.12497636724308206,3,one_factor_ou,in_sample
2023-07-20,-0.3660488529488371,0.3689301524424441,3,one_factor_ou,in_sample
2023-07-21,-0.44383358760772146,0.44478503616272835,3,one_factor_ou,in_sample
2023-07-24,-0.1242882007957021,0.34120646984275776,4,one_factor_ou,in_sample
2023-07-25,0.07813392147507799,0.3480191080117411,4,one_factor_ou,in_sample
2023-07-26,-0.4217111195864273,0.473021554261611,4,one_factor_ou,in_sample
2023-07-27,-0.2065295204471343,0.2876744269408892,4,one_factor_ou,in_sample
2023-07-28,0.269471881176721,0.36803783419604486,4,one_factor_ou,in_sample
2023-07-31,0.10653665167158025,0.30547544191511933,4,one_factor_ou,in_sample
2023-08-01,0.08645191049992382,0.29155764897026093,4,one_factor_ou,in_sample
2023-08-02,0.1625832647364363,0.332844454255671,4,one_factor_ou,in_sample
2023-08-03,0.31776090302486976,0.41770042851794703,4,one_factor_ou,in_sample
2023-08-04,0.004551312235103355,0.3165616671728352,4,one_factor_ou,in_sample
2023-08-07,-0.5039732362792557,0.5707861550216415,4,one_factor_ou,in_sample
2023-08-08,-0.3230601926644624,0.3993700543126374,4,one_factor_ou,in_sample
2023-08-09,-0.3711098777748185,0.44709118299530004,4,one_factor_ou,in_sample
2023-08-10,0.4895236695448571,0.6203447016316007,4,one_factor_ou,in_sample
2023-08-11,0.14813242286783873,0.4659094268146499,3,one_factor_ou,in_sample
2023-08-14,0.2552904967820014,0.4417892367410078,3,one_factor_ou,in_sample
2023-08-15,-0.061549049835893634,0.4192086937925618,3,one_factor_ou,in_sample
2023-08-16,-0.12053451676999029,0.39512639698185875,3,one_factor_ou,in_sample
2023-08-17,0.30029623004433414,0.42829948671887086,3,one_factor_ou,in_sample
2023-08-18,-0.13849877384918105,0.4653719742172579,3,one_factor_ou,in_sample
2023-08-21,0.8160689245288638,0.9536731156553346,4,one_factor_ou,in_sample
2023-08-22,0.9553728811517328,1.1324891458096358,4,one_factor_ou,in_sample
2023-08-23,-0.12170090616408416,0.6587782770372144,4,one_factor_ou,in_sample
2023-08-24,0.7919467591973562,0.9751571260750499,4,one_factor_ou,in_sample
2023-08-25,-0.2701320210209034,0.5930095426062655,4,one_factor_ou,in_sample
2023-08-28,1.248793318779608,1.3446331214680427,4,one_factor_ou,in_sample
2023-08-29,0.12793639236997037,0.6631179176181469,4,one_factor_ou,in_sample
2023-08-30,0.41078330074228964,0.678478556744987,4,one_factor_ou,in_sample
2023-08-31,-0.3028311425264508,0.48213348158917496,4,one_factor_ou,in_sample
2023-09-01,0.5066461889230565,0.6339414527447648,4,one_factor_ou,in_sample
2023-09-04,0.19949989211991725,0.4304709458831138,4,one_factor_ou,in_sample
2023-09-05,0.5029948113514949,0.6303861554941856,4,one_factor_ou,in_sample
2023-09-06,0.7179688741477992,0.8835285374057307,4,one_factor_ou,in_sample
2023-09-07,0.2107292292624517,0.527576211276098,4,one_factor_ou,in_sample
2023-09-08,1.0957666329452733,1.251271871200563,3,one_factor_ou,in_sample
2023-09-11,0.32832830222918313,0.8063666806763294,3,one_factor_ou,in_sample
2023-09-12,0.1295990848975069,0.6601440089772076,3,one_factor_ou,in_sample
2023-09-13,0.5434871216500419,0.7764073931874487,3,one_factor_ou,in_sample
2023-09-14,0.0785225111328901,0.3719104484997841,3,one_factor_ou,in_sample
2023-09-15,0.3419699293562524,0.5146043240196625,3,one_factor_ou,in_sample
2023-09-18,-0.09635143007757353,0.3213912589918742,4,one_factor_ou,in_sample
2023-09-19,-0.4502819912433291,0.5393903198590162,4,one_factor_ou,in_sample
2023-09-20,-0.05065412110794612,0.32630709975215577,4,one_factor_ou,in_sample
2023-09-21,0.265576355793825,0.3968789108629306,4,one_factor_ou,in_sample
2023-09-22,-0.3304785686961865,0.42871618720597804,4,one_factor_ou,in_sample
2023-09-25,0.34369175767427684,0.4412164692439586,4,one_factor_ou,in_sample
2023-09-26,-0.2008264827932435,0.29223691699513926,4,one_factor_ou,in_sample
2023-09-27,-0.15975724565010177,0.3526231810481589,4,one_factor_ou,in_sample
2023-09-28,0.9206074102140887,0.9878114421241734,4,one_factor_ou,in_sample
2023-10-09,0.40346588712590165,0.586601828346777,4,one_factor_ou,in_sample
2023-10-10,0.4972633962430661,0.6042222720105178,4,one_factor_ou,in_sample
2023-10-11,0.7822437733757218,0.9070908665685616,4,one_factor_ou,in_sample
2023-10-12,0.2588111709940745,0.555254370385348,4,one_factor_ou,in_sample
2023-10-13,-0.2648626338124302,0.5066288709082337,3,one_factor_ou,in_sample
2023-10-16,0.6761842852531271,0.8340269785455842,3,one_factor_ou,in_sample
2023-10-17,0.25458028235882785,0.4910873316625568,3,one_factor_ou,in_sample
2023-10-18,0.39683890112205095,0.6590974176521134,3,one_factor_ou,in_sample
2023-10-19,0.15861541072663352,0.4061272603911631,3,one_factor_ou,in_sample
2023-10-20,0.1239616944394515,0.3486420884997404,3,one_factor_ou,in_sample
2023-10-23,1.1374856657910826,1.378334692989984,4,one_factor_ou,in_sample
2023-10-24,1.0319148407217866,1.376538590926973,4,one_factor_ou,in_sample
2023-10-25,0.7517754918243937,1.1157377149068861,4,one_factor_ou,in_sample
2023-10-26,0.3907993309332203,0.8140338404263243,4,one_factor_ou,in_sample
2023-10-27,-0.5795286903033714,0.8127604370785676,4,one_factor_ou,in_sample
2023-10-30,1.0264153019393347,1.2471604129379716,4,one_factor_ou,in_sample
2023-10-31,0.3760618090845518,0.8024498075733763,4,one_factor_ou,in_sample
2023-11-01,0.4313067221519318,0.7724921911077768,4,one_factor_ou,in_sample
2023-11-02,-0.11237422531043473,0.4440402633704332,4,one_factor_ou,in_sample
2023-11-03,0.3516868698926151,0.6229549743625885,4,one_factor_ou,in_sample
2023-11-06,0.2529692642927709,0.5191559007541168,4,one_factor_ou,in_sample
2023-11-07,0.7124097239586389,0.8616807535874129,4,one_factor_ou,in_sample
2023-11-08,1.0292194265553123,1.2278038100914181,4,one_factor_ou,in_sample
2023-11-09,0.7556418288542622,1.1070970237252886,4,one_factor_ou,in_sample
2023-11-10,0.5518427975471017,0.8722336607653428,3,one_factor_ou,in_sample
2023-11-13,0.9957769352902607,1.1691706913799351,3,one_factor_ou,in_sample
2023-11-14,0.9780623102800742,1.1882158274843155,3,one_factor_ou,in_sample
2023-11-15,0.5029778069141883,0.8254284505702795,3,one_factor_ou,in_sample
2023-11-16,0.770032189539577,1.000566235778307,3,one_factor_ou,in_sample
2023-11-17,0.33450632117087126,0.5621133456636692,3,one_factor_ou,in_sample
2023-11-20,0.26947283985022685,0.3950651157917495,4,one_factor_ou,in_sample
2023-11-21,0.5400896100479604,0.7051511850334695,4,one_factor_ou,in_sample
2023-11-22,-0.1554348138598269,0.575387512387922,4,one_factor_ou,in_sample
2023-11-23,-0.5614695581179643,0.651036294053286,4,one_factor_ou,in_sample
2023-11-24,0.682267504214335,0.7653169378563136,4,one_factor_ou,in_sample
2023-11-27,0.5360624149377646,0.5733953888330686,4,one_factor_ou,in_sample
2023-11-28,1.0007499219917533,1.0779238361321917,4,one_factor_ou,in_sample
2023-11-29,0.3482972662661169,0.5771138781466258,4,one_factor_ou,in_sample
2023-11-30,0.8760362094416905,0.9452224744003186,4,one_factor_ou,in_sample
2023-12-01,0.3338295901364019,0.5183376380641901,4,one_factor_ou,in_sample
2023-12-04,1.3182919469934202,1.4223825537015455,4,one_factor_ou,in_sample
2023-12-05,0.5392283322901581,0.5746660359679526,4,one_factor_ou,in_sample
2023-12-06,0.022792094606112305,0.26371810613493096,4,one_factor_ou,in_sample
2023-12-07,-1.4860216096249579,1.615185690422336,4,one_factor_ou,in_sample
2023-12-08,-0.5508408605690039,0.5917151398566275,3,one_factor_ou,in_sample
2023-12-11,0.12551816029746407,0.21073814298325422,3,one_factor_ou,in_sample
2023-12-12,-0.16797243801242823,0.23877534860054409,3,one_factor_ou,in_sample
2023-12-13,0.2910150947052376,0.3567949294939575,3,one_factor_ou,in_sample
2023-12-14,-0.09931972354594325,0.12977894837053788,3,one_factor_ou,in_sample
2023-12-15,0.5167664257113059,0.5540575670045179,3,one_factor_ou,in_sample
2023-12-18,-0.6385855307933875,0.6554430366399139,4,one_factor_ou,in_sample
2023-12-19,-0.20474712064362222,0.24635514530268343,4,one_factor_ou,in_sample
2023-12-20,-0.41352923643700734,0.42256835199109166,4,one_factor_ou,in_sample
2023-12-21,0.5420533217637484,0.5579275737002126,4,one_factor_ou,in_sample
2023-12-22,-0.5635832729924293,0.5878239805429295,4,one_factor_ou,in_sample
2023-12-25,0.32265163199862235,0.4383388577379178,4,one_factor_ou,in_sample
2023-12-26,-0.16228506967277592,0.25464776405865336,4,one_factor_ou,in_sample
2023-12-27,0.2672468560678864,0.3055589594158367,4,one_factor_ou,in_sample
2023-12-28,-1.086387943355837,1.0945176189190642,4,one_factor_ou,in_sample
2023-12-29,-0.9069579378804713,0.9605923338208857,4,one_factor_ou,in_sample
2024-01-02,0.8807006092177885,0.8971828944529793,4,one_factor_ou,in_sample
2024-01-03,0.17830093643561623,0.22948342452261233,4,one_factor_ou,in_sample
2024-01-04,0.3014464263897666,0.31195707425197156,4,one_factor_ou,in_sample
2024-01-05,0.16376305416422965,0.26403217032361725,4,one_factor_ou,in_sample
2024-01-08,3.2629304863512862,3.307782881529995,4,one_factor_ou,in_sample
2024-01-09,0.6370025806410365,1.031235455300227,4,one_factor_ou,in_sample
2024-01-10,0.07793902654237012,0.6481599705440516,4,one_factor_ou,in_sample
2024-01-11,-0.5771409126394677,0.8782979447760625,4,one_factor_ou,in_sample
2024-01-12,0.782396958577478,0.8504916914367502,3,one_factor_ou,in_sample
2024-01-15,1.088862705217241,1.2266001334700851,3,one_factor_ou,in_sample
2024-01-16,1.1270199780614265,1.3663023951821074,3,one_factor_ou,in_sample
2024-01-17,4.218439852144549,4.522737599553455,3,one_factor_ou,in_sample
2024-01-18,0.9796952047660259,1.8507767090492504,3,one_factor_ou,in_sample
2024-01-19,0.5640136103022381,1.670089558184397,3,one_factor_ou,in_sample
2024-01-22,6.035867033538608,6.855435150308652,3,one_factor_ou,in_sample
2024-01-23,-1.6998505268940234,2.975173431926848,4,one_factor_ou,in_sample
2024-01-24,-0.8996905622170643,1.6132461099165027,4,one_factor_ou,in_sample
2024-01-25,-2.091629397463068,2.174081470613755,4,one_factor_ou,in_sample
2024-01-26,2.2584910095567268,2.2719630763103624,4,one_factor_ou,in_sample
2024-01-29,2.128014878762007,2.3572292269174158,4,one_factor_ou,in_sample
2024-01-30,2.636410197308972,2.9653709035655105,4,one_factor_ou,in_sample
2024-01-31,1.2712120854626106,1.859317780348059,4,one_factor_ou,in_sample
2024-02-01,0.8944030908483007,1.6646949535128046,4,one_factor_ou,in_sample
2024-02-02,2.268358539497376,2.6419470375403047,3,one_factor_ou,in_sample
2024-02-05,6.045304796604018,6.187755244647246,2,one_factor_ou,in_sample
2024-02-06,-8.151940021406551,8.309397676624371,3,one_factor_ou,in_sample
2024-02-07,-3.250380384116443,3.2654488392304732,3,one_factor_ou,in_sample
2024-02-08,-0.04833741993639142,0.4521526668006778,3,one_factor_ou,in_sample
2024-02-19,3.298247543815187,3.3004152012693186,3,one_factor_ou,in_sample
2024-02-20,0.16025181616553155,0.5171264301891654,4,one_factor_ou,in_sample
2024-02-21,1.126005418444917,1.2963309532844522,4,one_factor_ou,in_sample
2024-02-22,-1.5324236813150247,1.5867232293411462,4,one_factor_ou,in_sample
2024-02-23,-1.187035767019537,1.24013627732697,4,one_factor_ou,in_sample
2024-02-26,1.1856934027574562,1.1971507475130365,4,one_factor_ou,in_sample
2024-02-27,-1.3560002702953895,1.3992157475729061,4,one_factor_ou,in_sample
2024-02-28,1.1755946714316663,1.1927298739569108,4,one_factor_ou,in_sample
2024-02-29,-0.9859828208686419,1.0237572248490323,4,one_factor_ou,in_sample
2024-03-01,-0.4228307306935228,0.5526483986197037,4,one_factor_ou,in_sample
2024-03-04,1.7469803686121854,1.7558693027347632,4,one_factor_ou,in_sample
2024-03-05,1.8595905803579473,1.9980798678810263,4,one_factor_ou,in_sample
2024-03-06,-0.11689895509900602,0.777307463515506,4,one_factor_ou,in_sample
2024-03-07,-0.022946037970381472,0.4775501279913054,4,one_factor_ou,in_sample
2024-03-08,0.05631614162969075,0.19487086174696577,3,one_factor_ou,in_sample
2024-03-11,-0.31179121530039167,0.3875721629545205,3,one_factor_ou,in_sample
2024-03-12,-0.1730838584617914,0.31249416847555916,3,one_factor_ou,in_sample
2024-03-13,-0.11985287252072392,0.2698712064517472,3,one_factor_ou,in_sample
2024-03-14,0.13753846746807522,0.2800051523919231,3,one_factor_ou,in_sample
2024-03-15,-1.1925638496228703,1.2430524811718124,3,one_factor_ou,in_sample
2024-03-18,-1.256654678596287,1.352870332230252,4,one_factor_ou,in_sample
2024-03-19,0.34007376995609945,0.564502983774353,4,one_factor_ou,in_sample
2024-03-20,0.2229353878059603,0.4160969742050851,4,one_factor_ou,in_sample
2024-03-21,0.02159067626459619,0.24338439797804068,4,one_factor_ou,in_sample
2024-03-22,0.44286618666459565,0.5213547442291021,4,one_factor_ou,in_sample
2024-03-25,0.20987788141650968,0.40810017254188535,4,one_factor_ou,in_sample
2024-03-26,0.807529364502228,0.842378011900555,4,one_factor_ou,in_sample
2024-03-27,0.8505574271098929,0.8840101203413523,4,one_factor_ou,in_sample
2024-03-28,-0.40159434498754787,0.44637575330720586,4,one_factor_ou,in_sample
2024-03-29,-0.18540916445050148,0.3515289396477626,4,one_factor_ou,in_sample
2024-04-01,-0.7689429302608334,0.8043218871394442,4,one_factor_ou,in_sample
2024-04-02,0.19758125420629036,0.2951710956265974,4,one_factor_ou,in_sample
2024-04-03,0.5833152917870996,0.642933114038158,4,one_factor_ou,in_sample
2024-04-08,1.8363785263191348,1.8630373794990474,4,one_factor_ou,in_sample
2024-04-09,0.2504481737808517,0.61430370465456,4,one_factor_ou,in_sample
2024-04-10,0.7860031874581962,0.9176323973717585,4,one_factor_ou,in_sample
2024-04-11,0.309891345642584,0.5452780655044566,4,one_factor_ou,in_sample
2024-04-12,0.9490810690970598,1.1058039198523617,3,one_factor_ou,in_sample
2024-04-15,1.205865250746178,1.3985424014688954,3,one_factor_ou,in_sample
2024-04-16,0.3974277063080944,0.887158283760588,3,one_factor_ou,in_sample
2024-04-17,-0.6880264883894069,0.913442668742865,3,one_factor_ou,in_sample
2024-04-18,-0.12334149823001517,0.49471810951226924,3,one_factor_ou,in_sample
2024-04-19,1.4225886333431468,1.5717407990852457,3,one_factor_ou,in_sample
2024-04-22,-0.2584061653841562,0.9248228394212962,4,one_factor_ou,in_sample
2024-04-23,1.0421574274458232,1.3349595857067558,4,one_factor_ou,in_sample
2024-04-24,-0.996457577221673,1.1912944558680512,4,one_factor_ou,in_sample
2024-04-25,0.27823120764089176,0.51634381628205,4,one_factor_ou,in_sample
2024-04-26,-1.3143223303526572,1.3483924332841857,4,one_factor_ou,in_sample
2024-04-29,-1.6638192569217145,1.6776268369826228,4,one_factor_ou,in_sample
2024-04-30,0.1482038017186786,0.4129864311571181,4,one_factor_ou,in_sample
2024-05-06,0.30211171126099684,0.40432095376943117,4,one_factor_ou,in_sample
2024-05-07,0.6974278251160577,0.7711335468482244,4,one_factor_ou,in_sample
2024-05-08,0.7211115398798811,0.8232028407237831,4,one_factor_ou,in_sample
2024-05-09,-0.22118590229891333,0.48234748649979564,4,one_factor_ou,in_sample
2024-05-10,0.6748274273100158,0.7887592609871866,3,one_factor_ou,in_sample
2024-05-13,0.8117439175907156,0.9396147471756284,3,one_factor_ou,in_sample
2024-05-14,0.5743082671372418,0.8865593448072637,3,one_factor_ou,in_sample
2024-05-15,0.3293045341455347,0.6855040057660333,3,one_factor_ou,in_sample
2024-05-16,0.4043602356663049,0.7728059645464744,3,one_factor_ou,in_sample
2024-05-17,-1.2986634450484458,1.3335365219579627,3,one_factor_ou,in_sample
2024-05-20,0.9369487103152403,1.0074516671630152,4,one_factor_ou,in_sample
2024-05-21,0.7845155671481083,0.9492721572948353,4,one_factor_ou,in_sample
2024-05-22,0.4265018857914451,0.7309760427242116,4,one_factor_ou,in_sample
2024-05-23,0.4078478466111031,0.7054216812247662,4,one_factor_ou,in_sample
2024-05-24,0.8079762324164546,1.0435589106120104,4,one_factor_ou,in_sample
2024-05-27,1.1543800587488429,1.4139090212678012,4,one_factor_ou,in_sample
2024-05-28,1.0634963356698341,1.333108515135019,4,one_factor_ou,in_sample
2024-05-29,0.8673123119547631,1.2421496660378162,4,one_factor_ou,in_sample
2024-05-30,-0.290793359579523,0.6951305957066598,4,one_factor_ou,in_sample
2024-05-31,0.1881039132331926,0.6113171309277579,4,one_factor_ou,in_sample
2024-06-03,1.6526295238246569,1.7773532799466232,4,one_factor_ou,in_sample
2024-06-04,0.23725471507593313,0.7665453168741291,4,one_factor_ou,in_sample
2024-06-05,0.13327371633701418,0.5656692653991027,4,one_factor_ou,in_sample
2024-06-06,0.18156308130227403,0.49663583961984353,4,one_factor_ou,in_sample
2024-06-07,0.8612778722316943,1.0386967109509138,4,one_factor_ou,in_sample
2024-06-11,0.1568603871070171,0.5670596923827926,4,one_factor_ou,in_sample
2024-06-12,1.052501474809244,1.1752608185723037,4,one_factor_ou,in_sample
2024-06-13,0.909646661960634,1.0507594319549158,4,one_factor_ou,in_sample
2024-06-14,-1.0610793693788196,1.1311121215110393,3,one_factor_ou,in_sample
2024-06-17,0.3009707005568852,0.35857334072046115,3,one_factor_ou,in_sample
2024-06-18,-0.42772740071854404,0.48868565402598085,3,one_factor_ou,in_sample
2024-06-19,0.5919496913947109,0.606262019173,3,one_factor_ou,in_sample
2024-06-20,0.34843545087977046,0.41650180929280084,3,one_factor_ou,in_sample
2024-06-21,0.5988307147704742,0.7325488312306195,3,one_factor_ou,in_sample
2024-06-24,0.5193007477309742,0.5667724524500876,4,one_factor_ou,in_sample
2024-06-25,-0.2642522888113087,0.2987842994475714,4,one_factor_ou,in_sample
2024-06-26,-0.47164311250350854,0.48154261433659257,4,one_factor_ou,in_sample
2024-06-27,-0.09672921213514753,0.21375168298762123,4,one_factor_ou,in_sample
2024-06-28,0.863812419528818,0.897773684884609,4,one_factor_ou,in_sample
2024-07-01,0.5110765102093237,0.6525509797285378,4,one_factor_ou,in_sample
2024-07-02,0.37853024518731393,0.538555996620926,4,one_factor_ou,in_sample
2024-07-03,0.16242084521956515,0.36502421246531935,4,one_factor_ou,in_sample
2024-07-04,0.33134663152431015,0.37553701098864434,4,one_factor_ou,in_sample
2024-07-05,0.21631408054195977,0.3771010686939403,4,one_factor_ou,in_sample
2024-07-08,0.5913928396877015,0.6102261067918047,4,one_factor_ou,in_sample
2024-07-09,0.1758036461315412,0.4508908227073108,4,one_factor_ou,in_sample
2024-07-10,-0.2351627039166987,0.4059151327892134,4,one_factor_ou,in_sample
2024-07-11,-0.40775131602493186,0.4735030649800658,4,one_factor_ou,in_sample
2024-07-12,0.025975195815563512,0.1465154704537657,3,one_factor_ou,in_sample
2024-07-15,0.8180405816224922,0.8372144749298462,3,one_factor_ou,in_sample
2024-07-16,0.8815100667891304,0.9263511163025866,3,one_factor_ou,in_sample
2024-07-17,0.6805847618382176,0.7345168152214172,3,one_factor_ou,in_sample
2024-07-18,-0.06802329355172913,0.3290601530263453,3,one_factor_ou,in_sample
2024-07-19,0.5930421055355926,0.7484102732620016,3,one_factor_ou,in_sample
2024-07-22,0.20187053316295156,0.5674448436294813,4,one_factor_ou,in_sample
2024-07-23,1.232550300543021,1.3605802879751872,4,one_factor_ou,in_sample
2024-07-24,0.4893906890035905,0.7430284813820718,4,one_factor_ou,in_sample
2024-07-25,0.2173097966016981,0.5518106523228022,4,one_factor_ou,in_sample
2024-07-26,-0.45788857431758334,0.540596481904056,4,one_factor_ou,in_sample
2024-07-29,0.8220499161841579,0.8620645957609557,4,one_factor_ou,in_sample
2024-07-30,0.3962274016008551,0.5968426531698385,4,one_factor_ou,in_sample
2024-07-31,-3.138681007465197,3.1493127553876263,4,one_factor_ou,in_sample
2024-08-01,0.6122777050313888,0.7001551821326516,4,one_factor_ou,in_sample
2024-08-02,0.2883502624556343,0.3808406085728494,4,one_factor_ou,in_sample
2024-08-05,-0.20247092015926982,0.3821769695637647,4,one_factor_ou,in_sample
2024-08-06,0.4229703279503454,0.4319548162988067,4,one_factor_ou,in_sample
2024-08-07,0.7504450091919537,0.7574415495397486,4,one_factor_ou,in_sample
2024-08-08,-0.7884460687767123,0.7918355583843921,4,one_factor_ou,in_sample
2024-08-09,0.9948235958638679,1.0017894536530165,3,one_factor_ou,in_sample
2024-08-12,-0.6958975830217266,0.698718501537822,3,one_factor_ou,in_sample
2024-08-13,0.31262871035754936,0.33544610494275956,3,one_factor_ou,in_sample
2024-08-14,0.4905272022282525,0.4918326247951578,3,one_factor_ou,in_sample
2024-08-15,0.060470975366103234,0.0796914287354255,3,one_factor_ou,in_sample
2024-08-16,-0.10518623856872265,0.12540313949886295,3,one_factor_ou,in_sample
2024-08-19,-0.24761577547810298,0.3194825734728551,4,one_factor_ou,in_sample
2024-08-20,0.2558741992522382,0.31640209025718513,4,one_factor_ou,in_sample
2024-08-21,-0.7442111705348433,0.7775689311070322,4,one_factor_ou,in_sample
2024-08-22,-0.44552170571711264,0.6373994925828101,4,one_factor_ou,in_sample
2024-08-23,-0.28063101551753694,0.4539923053745936,4,one_factor_ou,in_sample
2024-08-26,0.011308046768625894,0.27317288916625837,4,one_factor_ou,in_sample
2024-08-27,-0.21388511795610202,0.4295377366448981,4,one_factor_ou,in_sample
2024-08-28,0.02180949975555284,0.29601252796994476,4,one_factor_ou,in_sample
2024-08-29,-0.45062242598228847,0.5165301212362269,4,one_factor_ou,in_sample
2024-08-30,-0.6117443051696719,0.6742532852331715,4,one_factor_ou,in_sample
2024-09-02,0.3731909531215601,0.49999506754806955,4,one_factor_ou,in_sample
2024-09-03,0.6803874907274414,0.7055903373493763,4,one_factor_ou,in_sample
2024-09-04,-0.23464292526556024,0.29242041121245593,4,one_factor_ou,in_sample
2024-09-05,-0.37531389511172475,0.4192993931231977,4,one_factor_ou,in_sample
2024-09-06,0.24834211798246414,0.40405311522242154,4,one_factor_ou,in_sample
2024-09-09,0.5199783001258839,0.5853220543242109,4,one_factor_ou,in_sample
2024-09-10,0.1703040837714209,0.34437676019762004,4,one_factor_ou,in_sample
2024-09-11,0.2862758741676583,0.41357913888252423,3,one_factor_ou,in_sample
2024-09-12,-0.2446510344735616,0.3264670332378127,3,one_factor_ou,in_sample
2024-09-13,-0.2047621519916117,0.2850088884857521,3,one_factor_ou,in_sample
2024-09-18,0.33714196876671026,0.42744627476465397,3,one_factor_ou,in_sample
2024-09-19,-0.27352600996970305,0.3533270652151219,3,one_factor_ou,in_sample
2024-09-20,0.6821467466558521,0.7078513933329297,3,one_factor_ou,in_sample
2024-09-23,-0.2002736453797172,0.30740993522368987,4,one_factor_ou,in_sample
2024-09-24,-2.7853889679865462,2.8043651005814305,4,one_factor_ou,in_sample
2024-09-25,-0.1717654033154111,0.5183315773038588,4,one_factor_ou,in_sample
2024-09-26,-4.240730953077119,4.335123372071343,4,one_factor_ou,in_sample
2024-09-27,-7.774138002327214,8.182882242016506,3,one_factor_ou,in_sample
2024-09-30,-0.09005045073537454,3.4069282812462256,4,one_factor_ou,in_sample
2024-10-08,1.76544134875651,2.256014687727969,4,one_factor_ou,in_sample
2024-10-09,-0.23785785596993958,0.9995360727150361,4,one_factor_ou,in_sample
2024-10-10,0.14672630496844252,0.5739672568695368,4,one_factor_ou,in_sample
2024-10-11,0.5666643821772637,0.6215946374690313,3,one_factor_ou,in_sample
2024-10-14,0.5685099672798751,0.7111346787003432,3,one_factor_ou,in_sample
2024-10-15,1.835598447510458,1.838940787779541,3,one_factor_ou,in_sample
2024-10-16,-1.0845073880483007,1.0924505814770558,3,one_factor_ou,in_sample
2024-10-17,0.617620857627022,0.6438931490614871,3,one_factor_ou,in_sample
2024-10-18,-1.6833821712219306,1.779315491965508,3,one_factor_ou,in_sample
2024-10-21,0.014739562623387804,0.19560400069630782,4,one_factor_ou,in_sample
2024-10-22,-0.07717251006100867,0.2640243074003069,4,one_factor_ou,in_sample
2024-10-23,-0.21285426248783065,0.30415049921852944,4,one_factor_ou,in_sample
2024-10-24,-0.43309356090359746,0.5386016141961112,4,one_factor_ou,in_sample
2024-10-25,-1.502839505727942,1.597555337373717,4,one_factor_ou,in_sample
2024-10-28,0.8323267466644249,0.9088987444481221,4,one_factor_ou,in_sample
2024-10-29,-0.0012551931422778717,0.3287096888040223,4,one_factor_ou,in_sample
2024-10-30,0.330869411426293,0.4111039948128102,4,one_factor_ou,in_sample
2024-10-31,0.39847832300579056,0.41914997495486495,4,one_factor_ou,in_sample
2024-11-01,-0.3047913653375352,0.35336286265099665,4,one_factor_ou,in_sample
2024-11-04,-1.0505096157899256,1.12801556113224,4,one_factor_ou,in_sample
2024-11-05,-0.8715928589802017,1.0566334041807304,4,one_factor_ou,in_sample
2024-11-06,0.21100150059483158,0.616374570633189,4,one_factor_ou,in_sample
2024-11-07,-0.5231938784923506,0.6710625523646636,4,one_factor_ou,in_sample
2024-11-08,0.6586575559558624,0.7279255265968051,3,one_factor_ou,in_sample
2024-11-11,1.7398713115569484,1.748189123278971,3,one_factor_ou,in_sample
2024-11-12,0.47792560407756907,0.6057260000183875,3,one_factor_ou,in_sample
2024-11-13,0.10514307489813952,0.39126771657394244,3,one_factor_ou,in_sample
2024-11-14,-1.0964479983680528,1.1175198879123374,3,one_factor_ou,in_sample
2024-11-15,-0.6632085210645968,0.7556595724253022,3,one_factor_ou,in_sample
2024-11-18,-0.4422756601685527,0.6680600162766511,4,one_factor_ou,in_sample
2024-11-19,0.24596584578544917,0.3831835852510258,4,one_factor_ou,in_sample
2024-11-20,1.0349530287982978,1.0424513244836398,4,one_factor_ou,in_sample
2024-11-21,0.9340179565832474,0.9804429864330189,4,one_factor_ou,in_sample
2024-11-22,1.0464173426375476,1.1048006854270584,4,one_factor_ou,in_sample
2024-11-25,-0.3750953762167987,0.5211389287865895,4,one_factor_ou,in_sample
2024-11-26,0.5327900044256692,0.6366402364547682,4,one_factor_ou,in_sample
2024-11-27,-1.4368348219975462,1.4720013386803095,4,one_factor_ou,in_sample
2024-11-28,0.651299054792033,0.7050044854408483,4,one_factor_ou,in_sample
2024-11-29,-0.6150804840335841,0.6685701731382532,4,one_factor_ou,in_sample
2024-12-02,0.4415707067363235,0.5175827469102231,4,one_factor_ou,in_sample
2024-12-03,-0.10894919643956347,0.2956241633555779,4,one_factor_ou,in_sample
2024-12-04,0.03294279156739521,0.2163585342577495,4,one_factor_ou,in_sample
2024-12-05,0.06285724554842184,0.22665225864255373,4,one_factor_ou,in_sample
2024-12-06,-0.551517154730003,0.5958495236279145,4,one_factor_ou,in_sample
2024-12-09,0.8473907351787038,0.8693845355613062,4,one_factor_ou,in_sample
2024-12-10,-1.1422188592081555,1.1671008861517937,4,one_factor_ou,in_sample
2024-12-11,0.1020751509589469,0.26302399251036407,4,one_factor_ou,in_sample
2024-12-12,-0.17335697082296042,0.35990476603694643,4,one_factor_ou,in_sample
2024-12-13,-0.333228480286532,0.6406578416391854,3,one_factor_ou,in_sample
2024-12-16,0.47326371355119007,0.6686679069360671,3,one_factor_ou,in_sample
2024-12-17,-0.4547866380381525,0.5952344172328752,3,one_factor_ou,in_sample
2024-12-18,0.034326348549232666,0.3457092983105523,3,one_factor_ou,in_sample
2024-12-19,-0.806399709135774,0.9045954956487425,3,one_factor_ou,in_sample
2024-12-20,0.40867170740158953,0.519290584804034,3,one_factor_ou,in_sample
2024-12-23,-0.5893882965100337,0.6678433483390107,4,one_factor_ou,in_sample
2024-12-24,-0.15109635090050533,0.3380671400314807,4,one_factor_ou,in_sample
2024-12-25,-0.8672905881886466,0.9605363657883377,4,one_factor_ou,in_sample
2024-12-26,0.17589147156920593,0.3936662143850682,4,one_factor_ou,in_sample
2024-12-27,-0.13570832056798682,0.3260318901481322,4,one_factor_ou,in_sample
2024-12-30,-0.7151516246067683,0.8072861139504662,4,one_factor_ou,in_sample
2024-12-31,0.6407028988359181,0.6912388999989914,4,one_factor_ou,in_sample
2025-01-02,-0.2523729534784144,0.41620456686691454,4,one_factor_ou,in_sample
2025-01-03,-1.1618551587637969,1.2209778965752403,4,one_factor_ou,in_sample
2025-01-06,-0.014099821175858174,0.44645064414193025,4,one_factor_ou,in_sample
2025-01-07,0.342612162370379,0.44617858697690754,4,one_factor_ou,in_sample
2025-01-08,0.2489977394470551,0.32228317624865127,4,one_factor_ou,in_sample
2025-01-09,0.7767974438273004,0.8070490743682137,4,one_factor_ou,in_sample
2025-01-10,-0.5343148118875912,0.5681716485730113,3,one_factor_ou,in_sample
2025-01-13,-0.598196481291317,0.6249825213406532,3,one_factor_ou,in_sample
2025-01-14,-0.9538875836487112,1.016011424591448,3,one_factor_ou,in_sample
2025-01-15,0.13247603416512624,0.3849876606269271,3,one_factor_ou,in_sample
2025-01-16,0.3335406539466142,0.41024229726364486,3,one_factor_ou,in_sample
2025-01-17,-0.7092758139236047,0.7541502546631051,3,one_factor_ou,in_sample
2025-01-20,-0.12563067303090483,0.38939529914408033,4,one_factor_ou,in_sample
2025-01-21,-0.21090566558720086,0.425928502710807,4,one_factor_ou,in_sample
2025-01-22,-0.7420588823508008,0.8650323393824816,4,one_factor_ou,in_sample
2025-01-23,-0.1057488905988079,0.48864737932193864,4,one_factor_ou,in_sample
2025-01-24,-1.5370087752666255,1.6935150724622465,4,one_factor_ou,in_sample
2025-01-27,0.5598794626054011,0.7547197304649922,4,one_factor_ou,in_sample
2025-02-05,-0.19042743051525954,0.4506814304102014,4,one_factor_ou,in_sample
2025-02-06,-0.0911363109225178,0.3450308010415479,4,one_factor_ou,in_sample
2025-02-07,-0.7233636235461591,0.8193684920050867,4,one_factor_ou,in_sample
2025-02-10,0.7088286858163396,0.7361723446319346,4,one_factor_ou,in_sample
2025-02-11,-0.2581242186421687,0.32842669283459347,4,one_factor_ou,in_sample
2025-02-12,0.09769981495835227,0.1849412798789595,4,one_factor_ou,in_sample
2025-02-13,-0.7843134297177566,0.8676864026318067,4,one_factor_ou,in_sample
2025-02-14,0.020999400112159634,0.43477250383490396,3,one_factor_ou,in_sample
2025-02-17,0.6733912793174527,0.725458259136061,3,one_factor_ou,in_sample
2025-02-18,-0.901682255565392,0.9935034437224479,3,one_factor_ou,in_sample
2025-02-19,0.22586429689160123,0.40998212493319963,3,one_factor_ou,in_sample
2025-02-20,1.1280990036592213,1.1343586624125028,3,one_factor_ou,in_sample
2025-02-21,-0.6329625425270687,0.6347082453627871,3,one_factor_ou,in_sample
2025-02-24,1.7716371235873423,1.7947053069085568,4,one_factor_ou,in_sample
2025-02-25,0.24633534480918393,0.4253921529412692,4,one_factor_ou,in_sample
2025-02-26,1.522395069156862,1.5709447954573517,4,one_factor_ou,in_sample
2025-02-27,0.030572324783279675,0.5402171555729447,4,one_factor_ou,in_sample
2025-02-28,-1.2456690141889626,1.2626862832305759,4,one_factor_ou,in_sample
2025-03-03,0.4002792321692099,0.45651315719335456,4,one_factor_ou,in_sample
2025-03-04,1.1711653497179588,1.218808653351092,4,one_factor_ou,in_sample
2025-03-05,1.1148925578574471,1.234557079743334,4,one_factor_ou,in_sample
2025-03-06,-0.3138751732751724,0.5865269903976557,4,one_factor_ou,in_sample
2025-03-07,0.3355525219662612,0.42608215439793473,4,one_factor_ou,in_sample
2025-03-10,2.0980132360961243,2.1698308062011793,4,one_factor_ou,in_sample
2025-03-11,0.2250454606818081,0.6436191604112507,4,one_factor_ou,in_sample
2025-03-12,0.4352397814879539,0.5960290620887342,4,one_factor_ou,in_sample
2025-03-13,-0.20058082826613513,0.5655893334595247,4,one_factor_ou,in_sample
2025-03-14,-1.7351882064956436,1.7357315541370408,3,one_factor_ou,in_sample
2025-03-17,1.5840325512393865,1.5852654307430991,3,one_factor_ou,in_sample
2025-03-18,0.2185863576161622,0.3316978443294692,3,one_factor_ou,in_sample
2025-03-19,-0.31138236174324097,0.3147363151256259,3,one_factor_ou,in_sample
2025-03-20,0.08010855253330436,0.10483726296616053,3,one_factor_ou,in_sample
2025-03-21,0.39467401984644135,0.40781765207035386,3,one_factor_ou,in_sample
2025-03-24,-0.014738062328282397,0.17186040960295706,4,one_factor_ou,in_sample
2025-03-25,-0.5652166478352756,0.5669414430615898,4,one_factor_ou,in_sample
2025-03-26,0.4513814921713979,0.46581887033163955,4,one_factor_ou,in_sample
2025-03-27,-0.5575852336024167,0.574575380809145,4,one_factor_ou,in_sample
2025-03-28,0.15933686952424408,0.2498297492533185,4,one_factor_ou,in_sample
2025-03-31,-0.2030729341283198,0.28675507063630884,4,one_factor_ou,in_sample
2025-04-01,0.6442214435767414,0.6511563315942578,4,one_factor_ou,in_sample
2025-04-02,-0.3978602332282693,0.40144579458798574,4,one_factor_ou,in_sample
2025-04-03,-0.135176110631386,0.15799960061005908,4,one_factor_ou,in_sample
2025-04-07,-4.1886876242208695,4.33240427315436,4,one_factor_ou,in_sample
2025-04-08,4.82433034221234,4.917991031840519,4,one_factor_ou,in_sample
2025-04-09,1.523118882321283,1.6345741888052174,4,one_factor_ou,in_sample
2025-04-10,0.11267459412340639,0.6439716149074597,4,one_factor_ou,in_sample
2025-04-11,-0.36674621239343724,0.5665983336808302,3,one_factor_ou,in_sample
2025-04-14,2.5116286138309305,2.5885230054982356,3,one_factor_ou,in_sample
2025-04-15,0.6194910964202699,0.9399097611524369,3,one_factor_ou,in_sample
2025-04-16,0.842864448865142,1.1705888166152858,3,one_factor_ou,in_sample
2025-04-17,-0.9465644970201702,1.2048976231713309,3,one_factor_ou,in_sample
2025-04-18,0.45560248818633853,0.738035245583669,3,one_factor_ou,in_sample
2025-04-21,0.0062069782739541945,0.5625220483696571,4,one_factor_ou,in_sample
2025-04-22,0.3674270217189257,0.5762760415713898,4,one_factor_ou,in_sample
2025-04-23,-0.19823942615039525,0.5464689310424548,4,one_factor_ou,in_sample
2025-04-24,-0.09042932567129164,0.34941713890721715,4,one_factor_ou,in_sample
2025-04-25,0.1845204199321073,0.4359771614842946,4,one_factor_ou,in_sample
2025-04-28,0.208282249517462,0.4654060611208029,4,one_factor_ou,in_sample
2025-04-29,-0.2081900344098829,0.3119371472471196,4,one_factor_ou,in_sample
2025-04-30,0.8689733932457158,0.927481517946327,4,one_factor_ou,in_sample
2025-05-06,0.4271592889383663,0.5536795334622632,4,one_factor_ou,in_sample
2025-05-07,0.7095692579779407,0.8440185258064411,4,one_factor_ou,in_sample
2025-05-08,0.02340961802483952,0.3182141643913843,4,one_factor_ou,in_sample
2025-05-09,0.28315960370322685,0.4643200151000272,3,one_factor_ou,in_sample
2025-05-12,0.17190759974487327,0.32633993791293375,3,one_factor_ou,in_sample
2025-05-13,1.2458584016256926,1.354615606324511,3,one_factor_ou,in_sample
2025-05-14,-0.6582986761369716,0.752016306456887,3,one_factor_ou,in_sample
2025-05-15,0.02239991599321256,0.1479410605888519,3,one_factor_ou,in_sample
2025-05-16,1.3182416748168724,1.3538731398520112,3,one_factor_ou,in_sample
2025-05-19,0.6009986570359429,0.6142771578378065,4,one_factor_ou,in_sample
2025-05-20,0.958891245258509,0.9733873714953314,4,one_factor_ou,in_sample
2025-05-21,0.6329424537967266,0.7132987872559703,4,one_factor_ou,in_sample
2025-05-22,-0.007518859633104516,0.3083034302465041,4,one_factor_ou,in_sample
2025-05-23,0.5085563583093238,0.6398689642958093,4,one_factor_ou,in_sample
2025-05-26,0.21523486747377885,0.26385014441795845,4,one_factor_ou,in_sample
2025-05-27,-0.1900836879757874,0.3093880820272761,4,one_factor_ou,in_sample
2025-05-28,-0.24233734845131336,0.3290162690636625,4,one_factor_ou,in_sample
2025-05-29,-1.1348240414892738,1.1451313381396113,4,one_factor_ou,in_sample
2025-05-30,0.007914481993043176,0.328733067774546,4,one_factor_ou,in_sample
2025-06-03,0.6205789842580194,0.6724548719817387,4,one_factor_ou,in_sample
2025-06-04,0.2253923031467621,0.29639349518336167,4,one_factor_ou,in_sample
2025-06-05,0.12360649833321802,0.23950735072330184,4,one_factor_ou,in_sample
2025-06-06,-0.2899606768063037,0.3432157141102929,4,one_factor_ou,in_sample
2025-06-09,-0.14573992260401522,0.2590361539904519,4,one_factor_ou,in_sample
2025-06-10,0.2197603195984195,0.2591106264652775,4,one_factor_ou,in_sample
2025-06-11,-0.0024149953634975616,0.2087193281274032,4,one_factor_ou,in_sample
2025-06-12,0.12320088367643617,0.20118353546143924,4,one_factor_ou,in_sample
2025-06-13,-0.25271361426028216,0.30844375003011587,3,one_factor_ou,in_sample
2025-06-16,-0.24172792452892464,0.32385354929708315,3,one_factor_ou,in_sample
2025-06-17,-0.22376204394017105,0.318495293643593,3,one_factor_ou,in_sample
2025-06-18,0.06327211078026396,0.2786371960376833,3,one_factor_ou,in_sample
2025-06-19,-0.7438257141993377,0.8219366332014514,3,one_factor_ou,in_sample
2025-06-20,-1.0808265560784862,1.1225626685637702,3,one_factor_ou,in_sample
2025-06-23,0.2079185703489633,0.40140292376514897,4,one_factor_ou,in_sample
2025-06-24,-0.9630121879923925,1.015427766718603,4,one_factor_ou,in_sample
2025-06-25,-1.6846815715867758,1.7345343519102037,4,one_factor_ou,in_sample
2025-06-26,-0.6754618923207447,0.8180549426712906,4,one_factor_ou,in_sample
2025-06-27,0.27325520970595424,0.5467534217764068,4,one_factor_ou,in_sample
2025-06-30,1.3847846389982879,1.4205257041454171,4,one_factor_ou,in_sample
2025-07-01,1.5478841520711852,1.565074509185261,4,one_factor_ou,in_sample
2025-07-02,-1.0586545736405262,1.125252304346587,4,one_factor_ou,in_sample
2025-07-03,0.4923806755032528,0.5938512366056337,4,one_factor_ou,in_sample
2025-07-04,0.024357915629967863,0.2821463765926954,4,one_factor_ou,in_sample
2025-07-07,0.7972114256526133,0.8479053363483166,4,one_factor_ou,in_sample
2025-07-08,-1.1980309140187593,1.2849801882338399,4,one_factor_ou,in_sample
2025-07-09,-0.0541818651444706,0.34902002073646066,4,one_factor_ou,in_sample
2025-07-10,0.03805557259153869,0.3411385407780862,4,one_factor_ou,in_sample
2025-07-11,-1.2739334064178194,1.3456414888278858,3,one_factor_ou,in_sample
2025-07-14,0.30735974179581876,0.48995735520727224,3,one_factor_ou,in_sample
2025-07-15,0.21997944593120236,0.34749929883293823,3,one_factor_ou,in_sample
2025-07-16,0.11324628925427292,0.3144863467876739,3,one_factor_ou,in_sample
2025-07-17,-0.6788355408690965,0.7740260110381858,3,one_factor_ou,in_sample
2025-07-18,-0.4964763977642352,0.6548357457638159,3,one_factor_ou,in_sample
2025-07-21,0.5209966370265755,0.7743174006690131,4,one_factor_ou,in_sample
2025-07-22,-1.0732998082726164,1.242688071908104,4,one_factor_ou,in_sample
2025-07-23,-0.882202752221702,1.1575830017319249,4,one_factor_ou,in_sample
2025-07-24,-1.2525188755245686,1.5470649528523692,4,one_factor_ou,in_sample
2025-07-25,-0.07861622170853527,0.8457440136269798,4,one_factor_ou,in_sample
2025-07-28,0.5601481763656357,0.8307735913899549,4,one_factor_ou,in_sample
2025-07-29,-0.45912901104646753,0.786346211789217,4,one_factor_ou,in_sample
2025-07-30,-0.15457872627017122,0.6381943402209498,4,one_factor_ou,in_sample
2025-07-31,0.17623632110492737,0.5713489437950556,4,one_factor_ou,in_sample
2025-08-01,0.16706408474063947,0.5509023336405661,4,one_factor_ou,in_sample
2025-08-04,-0.9604079459189021,1.1561120356155414,4,one_factor_ou,in_sample
2025-08-05,-0.038851665893871595,0.6727008970084419,4,one_factor_ou,in_sample
2025-08-06,-0.49157379809204943,0.7732447338550905,4,one_factor_ou,in_sample
2025-08-07,0.3334310331273776,0.6649452274287292,4,one_factor_ou,in_sample
2025-08-08,-0.3334997741349892,0.701297602114134,3,one_factor_ou,in_sample
2025-08-11,-0.7146216193202785,0.9495387820866851,3,one_factor_ou,in_sample
2025-08-12,-0.6922799610158461,0.9904980298507894,3,one_factor_ou,in_sample
2025-08-13,-1.2127736787470045,1.3811226833728436,3,one_factor_ou,in_sample
2025-08-14,-0.9765046759212974,1.2825587220302253,3,one_factor_ou,in_sample
2025-08-15,-1.3406580130836614,1.565099947818416,3,one_factor_ou,in_sample
2025-08-18,-0.2511132368596611,0.5046681980700312,4,one_factor_ou,in_sample
2025-08-19,0.409212484524059,0.6128722801684137,4,one_factor_ou,in_sample
2025-08-20,-1.4110563149655846,1.4750901815178836,4,one_factor_ou,in_sample
2025-08-21,0.3008692294254502,0.53372456240024,4,one_factor_ou,in_sample
2025-08-22,-1.3422219177790629,1.4682770623012145,4,one_factor_ou,in_sample
2025-08-25,0.9918133877304893,1.0307518574203989,4,one_factor_ou,in_sample
2025-08-26,0.3390698975387596,0.42552515867396723,4,one_factor_ou,in_sample
2025-08-27,-0.06344113205088017,0.28122488259877554,4,one_factor_ou,in_sample
2025-08-28,1.383073185366886,1.4022044204005417,4,one_factor_ou,in_sample
2025-08-29,0.3842248772048048,0.4830768121707695,4,one_factor_ou,in_sample
2025-09-01,2.176874054121408,2.2558367569757447,4,one_factor_ou,in_sample
2025-09-02,-1.0529421579522187,1.175660956555333,4,one_factor_ou,in_sample
2025-09-03,0.5113808344086905,0.5920494482284884,4,one_factor_ou,in_sample
2025-09-04,-0.6399232343616228,0.6879288100727182,4,one_factor_ou,in_sample
2025-09-05,-1.1355633539536922,1.1783451183738047,4,one_factor_ou,in_sample
2025-09-08,1.7775503723984132,1.799416825392745,4,one_factor_ou,in_sample
2025-09-09,0.7437142640665331,0.8518952055471184,4,one_factor_ou,in_sample
2025-09-10,1.402488938434238,1.5438207702645137,4,one_factor_ou,in_sample
2025-09-11,-1.726229977744213,1.8188449271342322,4,one_factor_ou,in_sample
2025-09-12,0.6919629873295854,0.7839006095118268,3,one_factor_ou,in_sample
2025-09-15,1.024367403834124,1.1030825869597904,3,one_factor_ou,in_sample
2025-09-16,-0.5081691846692661,0.7601079538457127,3,one_factor_ou,in_sample
2025-09-17,-0.5811152796555584,0.7431836329076581,3,one_factor_ou,in_sample
2025-09-18,1.3313255533038404,1.4050302690918617,3,one_factor_ou,in_sample
2025-09-19,0.16148307070540657,0.6738551856394925,3,one_factor_ou,in_sample
2025-09-22,0.34085656118388447,0.6578392065336434,4,one_factor_ou,in_sample
2025-09-23,1.0788055952777107,1.1744833121099576,4,one_factor_ou,in_sample
2025-09-24,-1.173611550716241,1.343871466520413,4,one_factor_ou,in_sample
2025-09-25,-0.2023070068563242,0.580058102467805,4,one_factor_ou,in_sample
2025-09-26,-0.4843691089459556,0.733953600690417,4,one_factor_ou,in_sample
2025-09-29,-1.5075649488269758,1.6491795782246772,4,one_factor_ou,in_sample
2025-09-30,-0.4574033559334747,0.836473881544556,4,one_factor_ou,in_sample
2025-10-09,0.5744921286473382,0.8139545215183963,4,one_factor_ou,in_sample
2025-10-10,-0.13168306090361379,0.6531663654078188,3,one_factor_ou,in_sample
2025-10-13,0.48810123728156424,0.8157800004819544,3,one_factor_ou,in_sample
2025-10-14,0.6424324420461734,0.739749901151724,3,one_factor_ou,in_sample
2025-10-15,-0.687681724793905,0.7285122255045109,3,one_factor_ou,in_sample
2025-10-16,-0.355729349654288,0.6026730108359961,3,one_factor_ou,in_sample
2025-10-17,-0.992268542188544,1.1293587972613517,3,one_factor_ou,in_sample
2025-10-20,0.5905353665013746,1.0474038305815825,4,one_factor_ou,in_sample
2025-10-21,-0.8681838750509105,1.1985629815699643,4,one_factor_ou,in_sample
2025-10-22,-0.776943388993364,1.180972570356206,4,one_factor_ou,in_sample
2025-10-23,-1.0822781509996855,1.4891299178222017,4,one_factor_ou,in_sample
2025-10-24,-0.9087354676410642,1.4613858071730887,4,one_factor_ou,in_sample
2025-10-27,0.8111834367837515,1.0663314917319595,4,one_factor_ou,in_sample
2025-10-28,-0.9224310474429648,1.1264551878730888,4,one_factor_ou,in_sample
2025-10-29,-1.1775068959454738,1.387725016448669,4,one_factor_ou,in_sample
2025-10-30,-0.587602546872912,0.9853660897064411,4,one_factor_ou,out_of_sample
2025-10-31,0.11210890857317107,0.5609949774805121,4,one_factor_ou,out_of_sample
2025-11-03,-0.042265268252061866,0.4584341430970879,4,one_factor_ou,out_of_sample
2025-11-04,0.45292522412480396,0.6441087910017805,4,one_factor_ou,out_of_sample
2025-11-05,0.25897599224608864,0.4560814530699309,4,one_factor_ou,out_of_sample
2025-11-06,-0.14968250666657468,0.41908656226102275,4,one_factor_ou,out_of_sample
2025-11-07,-0.4256555210676942,0.634490817563176,4,one_factor_ou,out_of_sample
2025-11-10,0.2140013864596643,0.4386237072446733,4,one_factor_ou,out_of_sample
2025-11-11,0.4866076309954611,0.6293933815959102,4,one_factor_ou,out_of_sample
2025-11-12,-0.7494549592601771,0.9120131628791502,4,one_factor_ou,out_of_sample
2025-11-13,-0.3060915107558916,0.700117407435411,4,one_factor_ou,out_of_sample
2025-11-14,0.4162094910148266,0.6571011175882826,3,one_factor_ou,out_of_sample
2025-11-17,0.044111844289151415,0.4941340934219803,3,one_factor_ou,out_of_sample
2025-11-18,-0.8944167995477188,1.0723526001042842,3,one_factor_ou,out_of_sample
2025-11-19,-0.5470051274218253,0.8789733570360315,3,one_factor_ou,out_of_sample
2025-11-20,-0.6396577871546425,0.9874356839316139,3,one_factor_ou,out_of_sample
2025-11-21,-1.170258208651829,1.5376329158711468,3,one_factor_ou,out_of_sample
2025-11-24,-0.6953682767900127,1.0755879428059332,4,one_factor_ou,out_of_sample
2025-11-25,0.23504227439513112,0.7866403544330619,4,one_factor_ou,out_of_sample
2025-11-26,-0.31470585006319846,0.7635675369048894,4,one_factor_ou,out_of_sample
2025-11-27,0.14973261068474394,0.6312283084312641,4,one_factor_ou,out_of_sample
2025-11-28,-0.14533182216333385,0.6393800849455159,4,one_factor_ou,out_of_sample
2025-12-01,0.6205406467202135,0.8049603864892912,4,one_factor_ou,out_of_sample
2025-12-02,-0.5126659887767085,0.7266750315316203,4,one_factor_ou,out_of_sample
2025-12-03,-0.8097234960461094,0.9829537324784037,4,one_factor_ou,out_of_sample
2025-12-04,-0.8903697613770473,1.1179643713482537,4,one_factor_ou,out_of_sample
2025-12-05,-0.8401470371224649,1.169387106851782,4,one_factor_ou,out_of_sample
2025-12-08,0.1616011544567608,0.7144639399783297,4,one_factor_ou,out_of_sample
2025-12-09,-0.3967953884085673,0.7272192616477977,4,one_factor_ou,out_of_sample
2025-12-10,0.1310546105069636,0.6097209051920632,4,one_factor_ou,out_of_sample
2025-12-11,-1.1228489421525207,1.2872517666104788,4,one_factor_ou,out_of_sample
2025-12-12,-0.5106806107603981,0.9463257398336216,3,one_factor_ou,out_of_sample
2025-12-15,-0.669817990593509,1.1165103133262935,3,one_factor_ou,out_of_sample
2025-12-16,-0.7312793845568585,1.2033919762771088,3,one_factor_ou,out_of_sample
2025-12-17,-0.7680602981968594,1.1806679363804413,3,one_factor_ou,out_of_sample
2025-12-18,-0.6371601561884924,1.078593677981251,3,one_factor_ou,out_of_sample
2025-12-19,-1.0863870268207074,1.3917942141962645,3,one_factor_ou,out_of_sample
2025-12-22,-0.30728348245301523,0.8268358297855471,4,one_factor_ou,out_of_sample
2025-12-23,-0.611631638388778,0.9636270181281475,4,one_factor_ou,out_of_sample
2025-12-24,-0.8946576956448531,1.146974664706377,4,one_factor_ou,out_of_sample
2025-12-25,-0.9868595286332742,1.2133366765663447,4,one_factor_ou,out_of_sample
2025-12-26,-1.4069174369489525,1.682437716511729,4,one_factor_ou,out_of_sample
2025-12-29,-0.18833170827284723,0.9493609989278853,4,one_factor_ou,out_of_sample
2025-12-30,-1.0348920212423842,1.3836500494903743,4,one_factor_ou,out_of_sample
2025-12-31,-0.10806275624233841,1.0287764555783065,4,one_factor_ou,out_of_sample
2026-01-05,-1.7165331296484336,1.910565526988482,4,one_factor_ou,out_of_sample
2026-01-06,-1.2673062164607518,1.5251795136257738,4,one_factor_ou,out_of_sample
2026-01-07,0.5536328569441419,0.8924474986965107,4,one_factor_ou,out_of_sample
2026-01-08,-0.06257548904133714,0.5110841468799328,4,one_factor_ou,out_of_sample
2026-01-09,-2.26756197341848,2.4004104821399928,3,one_factor_ou,out_of_sample
2026-01-12,-2.0839169801286843,2.266243179156288,3,one_factor_ou,out_of_sample
2026-01-13,-1.0034154036370662,1.4532945039507381,3,one_factor_ou,out_of_sample
2026-01-14,0.7381757868011866,1.1225132883053968,3,one_factor_ou,out_of_sample
2026-01-15,-1.663711535583256,1.8428087047995478,3,one_factor_ou,out_of_sample
2026-01-16,-0.4931386224863168,1.1482472145624194,3,one_factor_ou,out_of_sample
2026-01-19,0.40101259947746615,0.8414097006170617,4,one_factor_ou,out_of_sample
2026-01-20,-0.7188402957801577,0.9800952999766613,4,one_factor_ou,out_of_sample
2026-01-21,-1.6798773035743368,1.9123418542317465,4,one_factor_ou,out_of_sample
2026-01-22,-0.8895163882373875,1.3545078361307847,4,one_factor_ou,out_of_sample
2026-01-23,-2.816090876173086,2.997935789002601,4,one_factor_ou,out_of_sample
2026-01-26,2.06921985990754,2.2245598653094825,4,one_factor_ou,out_of_sample
2026-01-27,-1.3115780892158546,1.3854267291994482,4,one_factor_ou,out_of_sample
2026-01-28,-0.6584192414474258,0.9510760155578134,4,one_factor_ou,out_of_sample
2026-01-29,-1.1336914670651643,1.303208551726182,4,one_factor_ou,out_of_sample
2026-01-30,-1.0724377922710697,1.2919420976774192,4,one_factor_ou,out_of_sample
2026-02-02,3.265550123688789,3.343962080565444,4,one_factor_ou,out_of_sample
2026-02-03,-1.9016633902796636,1.926707768517572,4,one_factor_ou,out_of_sample
2026-02-04,-1.1133147983120615,1.3682612139892127,4,one_factor_ou,out_of_sample
2026-02-05,-0.030992023894272525,0.8867970963380466,4,one_factor_ou,out_of_sample
2026-02-06,0.7347980420526561,0.8798392379695333,4,one_factor_ou,out_of_sample
2026-02-09,-1.6136834301813618,1.7835944270987205,3,one_factor_ou,out_of_sample
2026-02-10,-0.15954259218959996,0.8158718428949318,3,one_factor_ou,out_of_sample
2026-02-11,-1.21306894259824,1.413677490140526,3,one_factor_ou,out_of_sample
2026-02-12,-1.1374895226783406,1.5823271715799048,3,one_factor_ou,out_of_sample
2026-02-13,0.48847285515071115,1.0679544703122632,3,one_factor_ou,out_of_sample
2026-02-24,0.04022113686768266,0.592109221981715,3,one_factor_ou,out_of_sample
2026-02-25,-0.7813360817164942,0.9915096701659118,4,one_factor_ou,out_of_sample
2026-02-26,0.7421398889629907,0.9676837057263996,4,one_factor_ou,out_of_sample
2026-02-27,-0.3093247012232608,0.8215127607339786,4,one_factor_ou,out_of_sample
2026-03-02,0.2761710786197381,0.5983273340212049,4,one_factor_ou,out_of_sample
2026-03-03,-1.3684976491976049,1.4716235455916964,4,one_factor_ou,out_of_sample
2026-03-04,0.18988069156773263,0.6946835713145127,4,one_factor_ou,out_of_sample
2026-03-05,0.3798716626398255,0.6119400368396807,4,one_factor_ou,out_of_sample
2026-03-06,-0.08469167451688281,0.49345774804877607,4,one_factor_ou,out_of_sample
2026-03-09,-0.6086793406640982,0.8703260898632182,4,one_factor_ou,out_of_sample
2026-03-10,0.03307256882124,0.36336060226886974,4,one_factor_ou,out_of_sample
2026-03-11,0.7662301145952207,0.7878531177120057,4,one_factor_ou,out_of_sample
2026-03-12,0.7741337939054593,0.8335028335452648,4,one_factor_ou,out_of_sample
2026-03-13,-0.49065303211566214,0.5223298060964012,3,one_factor_ou,out_of_sample
2026-03-16,-0.18944166725150235,0.3636664066147771,3,one_factor_ou,out_of_sample
2026-03-17,-0.3615851702602479,0.6899746715091827,3,one_factor_ou,out_of_sample
2026-03-18,-0.0386634035299445,0.5697542750860375,3,one_factor_ou,out_of_sample
2026-03-19,-0.7119275099520112,1.156168947238962,3,one_factor_ou,out_of_sample
2026-03-20,-0.4606694017456203,0.7528735646348951,3,one_factor_ou,out_of_sample
2026-03-23,-0.3844748908403928,0.9633192992762922,4,one_factor_ou,out_of_sample
2026-03-24,-0.4871892827094183,0.6961601036823061,4,one_factor_ou,out_of_sample
2026-03-25,1.432961565478287,1.4696353274287222,4,one_factor_ou,out_of_sample
2026-03-26,0.12074301356343048,0.20227312318993343,4,one_factor_ou,out_of_sample
2026-03-27,-1.2859013640897319,1.324808123556032,4,one_factor_ou,out_of_sample
2026-03-30,0.6898285650904497,0.7776569104310732,4,one_factor_ou,out_of_sample
2026-03-31,-0.44449705939625966,0.5781328814475972,4,one_factor_ou,out_of_sample
2026-04-01,-0.08973342411840056,0.32942625534769815,4,one_factor_ou,out_of_sample
2026-04-02,0.222352090256611,0.43239132261952784,4,one_factor_ou,out_of_sample
2026-04-03,-0.6178035643471458,0.7242394073621014,4,one_factor_ou,out_of_sample
2026-04-07,-0.020730484519593223,0.2485739442632087,4,one_factor_ou,out_of_sample
2026-04-08,-1.70596785270626,1.7304185283071392,4,one_factor_ou,out_of_sample
2026-04-09,0.35128957582712184,0.6540058290767149,4,one_factor_ou,out_of_sample
2026-04-10,0.055989552931003043,0.3219014365289534,3,one_factor_ou,out_of_sample
2026-04-13,0.580940261591111,0.6117351812350319,3,one_factor_ou,out_of_sample
2026-04-14,0.19889042359916512,0.23771800264377102,3,one_factor_ou,out_of_sample
2026-04-15,-0.6050327152468699,0.609973136033475,3,one_factor_ou,out_of_sample
2026-04-16,-0.7819129994256242,0.8416548308517557,3,one_factor_ou,out_of_sample
2026-04-17,-0.42639443342780803,0.5780394927461302,3,one_factor_ou,out_of_sample
2026-04-20,0.6561303516544217,0.7321898754264953,4,one_factor_ou,out_of_sample
2026-04-21,-0.23576968751541694,0.32730109406022645,4,one_factor_ou,out_of_sample
2026-04-22,-0.7395403252038083,0.8424978336910558,4,one_factor_ou,out_of_sample
2026-04-23,-0.6668572517313327,0.8240889250776682,4,one_factor_ou,out_of_sample
2026-04-24,-0.3718362298744326,0.5531454263266471,4,one_factor_ou,out_of_sample
2026-04-27,-0.15432194106915298,0.4385456276665409,4,one_factor_ou,out_of_sample
2026-04-28,-0.6392495046322798,0.725793435512821,4,one_factor_ou,out_of_sample
2026-04-29,-0.9652034678716686,1.065219870974432,4,one_factor_ou,out_of_sample
2026-04-30,-0.3112387779675424,0.5608444632504184,4,one_factor_ou,out_of_sample
2026-05-06,-0.02430385330669614,0.28040316775411317,4,one_factor_ou,out_of_sample
2026-05-07,-0.7293460350697955,0.7885664778217212,4,one_factor_ou,out_of_sample
2026-05-08,0.13950252641966743,0.37591728485179315,3,one_factor_ou,out_of_sample
2026-05-11,1.1569469958683207,1.173349141712592,3,one_factor_ou,out_of_sample
2026-05-12,-0.19161969037470886,0.2995794234855992,3,one_factor_ou,out_of_sample
2026-05-13,-1.010668731811266,1.0455264202196728,3,one_factor_ou,out_of_sample
2026-05-14,-0.05127765438868622,0.3033203515371186,3,one_factor_ou,out_of_sample
2026-05-15,0.30735665610557467,0.3880529459679142,3,one_factor_ou,out_of_sample
2026-05-18,-0.17631315086415758,0.3430734050965637,4,one_factor_ou,out_of_sample
2026-05-19,0.15470388129867763,0.34306737029546963,4,one_factor_ou,out_of_sample
2026-05-20,0.4882288914724612,0.5713606622468999,4,one_factor_ou,out_of_sample
2026-05-21,-0.8191539661300491,0.8743392975589755,4,one_factor_ou,out_of_sample
2026-05-22,0.7917014050496776,0.850209434329018,4,one_factor_ou,out_of_sample
2026-05-25,1.2357192592525794,1.2962782574815104,4,one_factor_ou,out_of_sample
2026-05-26,-0.625041077715011,0.6986916073228692,4,one_factor_ou,out_of_sample
2026-05-27,0.5558749267930353,0.630269434690515,4,one_factor_ou,out_of_sample
2026-05-28,0.5554438834834562,0.6876950018271842,4,one_factor_ou,out_of_sample
2026-05-29,-0.9125145215894832,0.9628296707549607,4,one_factor_ou,out_of_sample
2026-06-01,-0.9951111265609299,1.0556956785454614,4,one_factor_ou,out_of_sample
2026-06-02,0.23077870742758577,0.41315669030080476,4,one_factor_ou,out_of_sample
2026-06-03,0.39889874506882017,0.5534574983177263,4,one_factor_ou,out_of_sample
2026-06-04,0.1654209099240002,0.3982663839044829,4,one_factor_ou,out_of_sample
2026-06-05,-0.09133811496918226,0.4023960414207895,4,one_factor_ou,out_of_sample
2026-06-08,-1.2936018335803408,1.397809212814417,4,one_factor_ou,out_of_sample
2026-06-09,2.0037180776064316,2.033313290609819,4,one_factor_ou,out_of_sample
2026-06-10,-0.5481971432035899,0.7010038836629858,4,one_factor_ou,out_of_sample
2026-06-11,-0.23466479532776874,0.4834583262324885,4,one_factor_ou,out_of_sample
2026-06-12,-0.990863120913474,1.1285253331013754,3,one_factor_ou,out_of_sample
2026-06-15,0.4467282415447477,0.6178216579878268,3,one_factor_ou,out_of_sample
2026-06-16,0.4688308376360845,0.6072873453692058,3,one_factor_ou,out_of_sample
2026-06-17,-0.8035727226984418,0.9299421694116567,3,one_factor_ou,out_of_sample
2026-06-18,-0.24919611449161927,0.504517646476492,3,one_factor_ou,out_of_sample
2026-06-22,1.9520342001440056,1.9883610712420272,3,one_factor_ou,out_of_sample
2026-06-23,-1.3353900118894075,1.4829571977138167,4,one_factor_ou,out_of_sample
2026-06-24,0.9755879360536059,1.0611407907811985,4,one_factor_ou,out_of_sample
2026-06-25,-0.3070321531322143,0.5317748072086819,4,one_factor_ou,out_of_sample
2026-06-26,-0.5424324783569008,0.7874606225920682,4,one_factor_ou,out_of_sample
2026-06-29,0.15156770299741007,0.5057521944327731,4,one_factor_ou,out_of_sample
2026-06-30,0.3855023532717905,0.6665285320647988,4,one_factor_ou,out_of_sample
2026-07-01,1.7215671871760747,1.8419711859676204,4,one_factor_ou,out_of_sample
2026-07-02,-1.9672531878865507,2.0925414663500286,4,one_factor_ou,out_of_sample
2026-07-03,-0.5357263316859289,0.7727871334245261,4,one_factor_ou,out_of_sample
2026-07-06,-1.3496086410628456,1.5137729868481575,4,one_factor_ou,out_of_sample
2026-07-07,-0.9825132693492195,1.2377532484104918,4,one_factor_ou,out_of_sample
2026-07-08,-1.5596218315973753,1.7469423274714808,4,one_factor_ou,out_of_sample
2026-07-09,-0.03038783143429713,0.7267377880396397,4,one_factor_ou,out_of_sample
2026-07-10,0.08937465785027639,0.8266759310486416,3,one_factor_ou,out_of_sample
2026-07-13,-2.1880851275760005,2.3941984009861783,3,one_factor_ou,out_of_sample
2026-07-14,0.0677358678025759,0.9241324786433758,3,one_factor_ou,out_of_sample
2026-07-15,-1.4442813094835056,1.7585533168993912,3,one_factor_ou,out_of_sample
2026-07-16,-1.158496336229552,1.489122352642248,3,one_factor_ou,out_of_sample
2026-07-17,0.25570640962796576,1.0238418693918636,3,one_factor_ou,out_of_sample
2026-07-20,0.647447578253064,1.270007818422141,4,one_factor_ou,out_of_sample
2026-07-21,-1.2157633725356471,1.4766964276943708,4,one_factor_ou,out_of_sample
2026-07-22,0.6162786296801782,1.02207336277887,4,one_factor_ou,out_of_sample
2026-07-23,-0.4189279235996177,0.78617037885869,4,one_factor_ou,out_of_sample
2026-07-24,-0.43459397426023716,0.8624730948245771,4,one_factor_ou,out_of_sample
2026-07-27,-1.6410180452090815,1.8783281293546117,4,one_factor_ou,out_of_sample
2026-07-28,-0.6912206117539245,1.173074908561162,4,one_factor_ou,out_of_sample
2026-07-29,-1.9668963920821227,2.1063363848462573,4,one_factor_ou,out_of_sample
2026-07-30,-0.557621882381248,1.0104290954984694,4,one_factor_ou,out_of_sample
2026-07-31,0.3485686771941799,0.743742060983122,4,one_factor_ou,out_of_sample
2026-08-03,-1.1119149138280746,1.2781618154998138,4,one_factor_ou,out_of_sample
2026-08-04,-0.22920426815503628,0.6456954312278281,4,one_factor_ou,out_of_sample
2026-08-05,-0.665363715048039,0.8909528232616986,4,one_factor_ou,out_of_sample
2026-08-06,0.35936818870518916,0.9020470034028062,4,one_factor_ou,out_of_sample
2026-08-07,0.02650286085344239,0.5843566137440925,4,one_factor_ou,out_of_sample
2026-08-10,1.0006583040326116,1.0470466652479162,4,one_factor_ou,out_of_sample
2026-08-11,-0.9023056492376959,0.9843584137335196,4,one_factor_ou,out_of_sample
2026-08-12,0.573077604172169,0.6251153381285679,4,one_factor_ou,out_of_sample
2026-08-13,-0.8634851411644727,0.9324668570371528,4,one_factor_ou,out_of_sample
2026-08-14,0.9617220316943335,0.9921195538515537,3,one_factor_ou,out_of_sample
2026-08-17,-0.4955534089638421,0.5840245542173399,3,one_factor_ou,out_of_sample
2026-08-18,1.2459481264519117,1.2527488125697177,3,one_factor_ou,out_of_sample
2026-08-19,-2.1724271332971004,2.194351270902291,3,one_factor_ou,out_of_sample
2026-08-20,0.10378441498991142,0.3880727681885458,3,one_factor_ou,out_of_sample
2026-08-21,0.2584367208559517,0.5267283567368234,3,one_factor_ou,out_of_sample
