date,row_index,within_date_order,innovation,innovation_variance,innovation_model_units,innovation_variance_model_units,carry_innovation,standardized_innovation,observation_noise_model
2022-07-22,0,0,-0.00947595730871004,0.00011343873211521767,-0.00947595730871004,0.00011343873211521767,0.1156066791662625,-0.8896975887430251,constant_log_futures
2022-07-22,1,1,-0.015881444474466513,0.0002212641081411343,-0.015881444474466513,0.0002212641081411343,0.09936083209666227,-0.9125990730242871,constant_log_futures
2022-07-22,2,2,-0.03494081344235241,0.0006276262856949403,-0.03494081344235241,0.0006276262856949403,0.08611675232256553,-0.8236974954678927,constant_log_futures
2022-07-22,3,3,-0.052368191502637725,0.001253432825997091,-0.052368191502637725,0.001253432825997091,0.08087239700407343,-0.41030620996704487,constant_log_futures
2022-07-25,4,0,5.3540298460165794e-05,1.2483950135995737e-05,5.3540298460165794e-05,1.2483950135995737e-05,-0.0006875701486463397,0.015153214649306175,constant_log_futures
2022-07-25,5,1,0.0004179590123194934,1.9575873713932937e-05,0.0004179590123194934,1.9575873713932937e-05,-0.0026837368159462207,0.2286881469189903,constant_log_futures
2022-07-25,6,2,0.001815679174811416,2.347421953087978e-05,0.001815679174811416,2.347421953087978e-05,-0.004520670598510056,0.9364445430718681,constant_log_futures
2022-07-25,7,3,0.0002910337263399912,2.5784133597234152e-05,0.0002910337263399912,2.5784133597234152e-05,-0.000452307192528394,-0.9091285267873429,constant_log_futures
2022-07-26,8,0,0.003970204151342085,1.1820111239004494e-05,0.003970204151342085,1.1820111239004494e-05,-0.053818322940414935,1.1547874549834423,constant_log_futures
2022-07-26,9,1,0.004547208941980753,1.9306435337027482e-05,0.004547208941980753,1.9306435337027482e-05,-0.029986999509278477,-0.1225444831888086,constant_log_futures
2022-07-26,10,2,0.005190140121921018,2.3437114671355442e-05,0.005190140121921018,2.3437114671355442e-05,-0.013055610203595138,0.13123752037751743,constant_log_futures
2022-07-26,11,3,0.004236366589229684,2.5573444129652994e-05,0.004236366589229684,2.5573444129652994e-05,-0.006626111844692583,-0.5826419069835402,constant_log_futures
2022-07-27,12,0,0.0006347663742996812,1.1190903696932478e-05,0.0006347663742996812,1.1190903696932478e-05,-0.009110764431124838,0.18974980289412163,constant_log_futures
2022-07-27,13,1,0.0006718085967405071,1.9075425669856472e-05,0.0006718085967405071,1.9075425669856472e-05,-0.004553369377907882,-0.06306500774250973,constant_log_futures
2022-07-27,14,2,0.001613283822702545,2.3409759162782367e-05,0.001613283822702545,2.3409759162782367e-05,-0.004100429716035635,0.5458353894615935,constant_log_futures
2022-07-27,15,3,0.0028634617441060176,2.5518763892295805e-05,0.0028634617441060176,2.5518763892295805e-05,-0.004507643003624957,0.8678879544694345,constant_log_futures
2022-07-28,16,0,0.00010220145983999085,1.0544852630209572e-05,0.00010220145983999085,1.0544852630209572e-05,-0.0015585722625598604,0.03147290580598948,constant_log_futures
2022-07-28,17,1,0.0006989558181344181,1.883702530925338e-05,0.0006989558181344181,1.883702530925338e-05,-0.004872720560708515,0.35517291647001875,constant_log_futures
2022-07-28,18,2,0.0021930662067630516,2.3383234635848887e-05,0.0021930662067630516,2.3383234635848887e-05,-0.005632717415265101,1.0420033688133192,constant_log_futures
2022-07-28,19,3,0.003967130594628783,2.5482300270858837e-05,0.003967130594628783,2.5482300270858837e-05,-0.006285583539541708,1.2352977830289003,constant_log_futures
2022-07-29,20,0,-0.0005696636711299942,9.877326882995978e-06,-0.0005696636711299942,9.877326882995978e-06,0.00926652905038124,-0.1812586791684343,constant_log_futures
2022-07-29,21,1,-7.750667313915355e-05,1.858526431259322e-05,-7.750667313915355e-05,1.858526431259322e-05,0.000556224360175102,0.3943932144846084,constant_log_futures
2022-07-29,22,2,-0.00010492620561570673,2.335688393273002e-05,-0.00010492620561570673,2.335688393273002e-05,0.0002723616401088558,0.12522828511007994,constant_log_futures
2022-07-29,23,3,-0.0005152985099998036,2.5448532683400486e-05,-0.0005152985099998036,2.5448532683400486e-05,0.0008217832447055693,-0.2705777754446453,constant_log_futures
2022-08-01,24,0,-0.0024115014661645123,9.189291462414013e-06,-0.0024115014661645123,9.189291462414013e-06,0.04202902555315293,-0.7955116003845226,constant_log_futures
2022-08-01,25,1,-0.0027822179904284016,1.8318609376486398e-05,-0.0027822179904284016,1.8318609376486398e-05,0.020571551201955453,0.2124557692405892,constant_log_futures
2022-08-01,26,2,-0.0032564397359729283,2.3330623417284282e-05,-0.0032564397359729283,2.3330623417284282e-05,0.008543777371799942,-0.03358858422515659,constant_log_futures
2022-08-01,27,3,-0.004792735369003286,2.5415328083552733e-05,-0.004792735369003286,2.5415328083552733e-05,0.0076936015134000104,-0.9992819334615111,constant_log_futures
2022-08-02,28,0,0.0038947063435332287,8.483018406074552e-06,0.0038947063435332287,8.483018406074552e-06,-0.07310064214016214,1.3372096846220558,constant_log_futures
2022-08-02,29,1,0.0052091476028843404,1.8036136602225826e-05,0.0052091476028843404,1.8036136602225826e-05,-0.039719750471993095,0.0032079740844100034,constant_log_futures
2022-08-02,30,2,0.0077726190910226145,2.3304442083719593e-05,0.0077726190910226145,2.3304442083719593e-05,-0.02061433758923389,1.233785882239162,constant_log_futures
2022-08-02,31,3,0.0055698859111368085,2.5382386679404576e-05,0.0055698859111368085,2.5382386679404576e-05,-0.009000345445810472,-1.254018270060541,constant_log_futures
2022-08-03,32,0,-0.003383642610063131,7.76162031015166e-06,-0.003383642610063131,7.76162031015166e-06,0.06880073307128366,-1.214530116811321,constant_log_futures
2022-08-03,33,1,-0.0037152564216039142,1.7736993948000437e-05,-0.0037152564216039142,1.7736993948000437e-05,0.029242663447463065,0.540960190876441,constant_log_futures
2022-08-03,34,2,-0.0042403877216882595,2.327833854659876e-05,-0.0042403877216882595,2.327833854659876e-05,0.01136983081419709,0.14920597483094722,constant_log_futures
2022-08-03,35,3,-0.006228310983772578,2.5349670120976925e-05,-0.006228310983772578,2.5349670120976925e-05,0.010131385866936727,-1.283555887494491,constant_log_futures
2022-08-04,36,0,-0.006308143106741846,7.02910976197836e-06,-0.006308143106741846,7.02910976197836e-06,0.1399260834586373,-2.379311888880462,constant_log_futures
2022-08-04,37,1,-0.006094473527477582,1.7420324158457627e-05,-0.006094473527477582,1.7420324158457627e-05,0.049568384690151,1.6077930225673058,constant_log_futures
2022-08-04,38,2,-0.005998611491009293,2.3252312564586352e-05,-0.005998611491009293,2.3252312564586352e-05,0.016262902264514083,1.1127218855374372,constant_log_futures
2022-08-04,39,3,-0.007249770223418474,2.5317178295293492e-05,-0.007249770223418474,2.5317178295293492e-05,0.011872106943047703,-0.7680332882428519,constant_log_futures
2022-08-05,40,0,0.005464574812061236,6.290552928840245e-06,0.005464574812061236,6.290552928840245e-06,-0.13333562541429417,2.1787729038281793,constant_log_futures
2022-08-05,41,1,0.007559444882375695,1.7085255483704654e-05,0.007559444882375695,1.7085255483704654e-05,-0.06360360521722999,-0.26921794227349555,constant_log_futures
2022-08-05,42,2,0.009117309369690234,2.3226363389778288e-05,0.009117309369690234,2.3226363389778288e-05,-0.024995769507914798,0.1823429310263361,constant_log_futures
2022-08-05,43,3,0.009387856759812366,2.5284916879665718e-05,0.009387856759812366,2.5284916879665718e-05,-0.015477277360771738,0.22533970280935073,constant_log_futures
2022-08-08,44,0,-0.00392505325730499,5.552261423418565e-06,-0.00392505325730499,5.552261423418565e-06,0.10641255497582418,-1.665752987023315,constant_log_futures
2022-08-08,45,1,-0.004767539891738441,1.6730902666414465e-05,-0.004767539891738441,1.6730902666414465e-05,0.041545704770863556,0.6531379598731631,constant_log_futures
2022-08-08,46,2,-0.005138388756395662,2.320048863844777e-05,-0.005138388756395662,2.320048863844777e-05,0.014247350642733426,0.4473924938197864,constant_log_futures
2022-08-08,47,3,-0.006315384614086393,2.525289233887685e-05,-0.006315384614086393,2.525289233887685e-05,0.010482679223381497,-0.7423289292861385,constant_log_futures
2022-08-09,48,0,-0.0022388103540702115,4.8220190387708326e-06,-0.0022388103540702115,4.8220190387708326e-06,0.06828371579914144,-1.0195366596256878,constant_log_futures
2022-08-09,49,1,-0.001206669307522638,1.635636942844508e-05,-0.001206669307522638,1.635636942844508e-05,0.010904715223537914,1.1871928806309229,constant_log_futures
2022-08-09,50,2,-0.0016164241730822204,2.317468266919175e-05,-0.0016164241730822204,2.317468266919175e-05,0.004533419519908756,0.23284076754849886,constant_log_futures
2022-08-09,51,3,-0.0025757381736436352,2.5221110808036013e-05,-0.0025757381736436352,2.5221110808036013e-05,0.004304658317596213,-0.6384267110834958,constant_log_futures
2022-08-10,52,0,-0.001661806785943457,4.109348093148781e-06,-0.001661806785943457,4.109348093148781e-06,0.0579258365386005,-0.8197738537823666,constant_log_futures
2022-08-10,53,1,0.00031717619002984837,1.5960750903978133e-05,0.00031717619002984837,1.5960750903978133e-05,-0.002976576552587808,1.4712387603743335,constant_log_futures
2022-08-10,54,2,0.0006268828398434262,2.314893406224541e-05,0.0006268828398434262,2.314893406224541e-05,-0.0017785978246720464,0.5718501573867145,constant_log_futures
2022-08-10,55,3,-0.0007015801067060193,2.5189577338130146e-05,-0.0007015801067060193,2.5189577338130146e-05,0.001180589972663922,-0.8381861956164887,constant_log_futures
2022-08-11,56,0,0.0024336631083193352,3.4258221100457684e-06,0.0024336631083193352,3.4258221100457684e-06,-0.0989689664049863,1.3148555829537845,constant_log_futures
2022-08-11,57,1,0.004225718730925402,1.554313555696006e-05,0.004225718730925402,1.554313555696006e-05,-0.04124301481383192,-0.01829457826562029,constant_log_futures
2022-08-11,58,2,0.005622341976886873,2.312322176660564e-05,0.005622341976886873,2.312322176660564e-05,-0.01613942873365173,0.3124877207715879,constant_log_futures
2022-08-11,59,3,0.005271169451872858,2.5158294876226683e-05,0.005271169451872858,2.5158294876226683e-05,-0.008931703793451231,-0.16889092840702152,constant_log_futures
2022-08-12,61,0,0.0004149978139271985,1.5102606404402355e-05,0.0004149978139271985,1.5102606404402355e-05,-0.004219144441593185,0.10678736169420194,constant_log_futures
2022-08-12,62,1,0.0011869826075487921,2.3097509353865803e-05,0.0011869826075487921,2.3097509353865803e-05,-0.003447901860022682,0.41116559242998535,constant_log_futures
2022-08-12,63,2,0.001170483305847271,2.5127262745795758e-05,0.001170483305847271,2.5127262745795758e-05,-0.00199718829808905,0.03185901718565951,constant_log_futures
2022-08-15,65,0,-0.0016995062566227395,1.4667697502289806e-05,-0.0016995062566227395,1.4667697502289806e-05,0.01802954463547602,-0.4437535039859472,constant_log_futures
2022-08-15,66,1,-0.0013381538285875579,2.3081067964740377e-05,-0.0013381538285875579,2.3081067964740377e-05,0.0039338498093417365,0.37375594576546267,constant_log_futures
2022-08-15,67,2,-0.0015396884499542657,2.5096984941963206e-05,-0.0015396884499542657,2.5096984941963206e-05,0.002645661843583386,-0.09168432420474189,constant_log_futures
2022-08-16,69,0,0.0001553914745719264,1.4172128623974231e-05,0.0001553914745719264,1.4172128623974231e-05,-0.0017234327179795473,0.041277144456875324,constant_log_futures
2022-08-16,70,1,0.0005879965896322045,2.3052655615814305e-05,0.0005879965896322045,2.3052655615814305e-05,-0.0017496483886616817,0.23031119852333762,constant_log_futures
2022-08-16,71,2,-0.0009941741012449781,2.506911505145163e-05,-0.0009941741012449781,2.506911505145163e-05,0.0017204147567643593,-0.9637485677223755,constant_log_futures
2022-08-17,73,0,0.0010901158501624856,1.3649184020791832e-05,0.0010901158501624856,1.3649184020791832e-05,-0.0126661079733165,0.29506609543159307,constant_log_futures
2022-08-17,74,1,0.003101115380489284,2.3023995626356448e-05,0.003101115380489284,2.3023995626356448e-05,-0.009341631516535621,1.0100975334935625,constant_log_futures
2022-08-17,75,2,0.001961483655131477,2.5038479425284767e-05,0.001961483655131477,2.5038479425284767e-05,-0.0034185857989434314,-0.6159082274754119,constant_log_futures
2022-08-18,77,0,0.0013893347562692086,1.310058686967698e-05,0.0013893347562692086,1.310058686967698e-05,-0.016949884026484348,0.383849982139051,constant_log_futures
2022-08-18,78,1,0.0023632897612633173,2.2995085950914415e-05,0.0023632897612633173,2.2995085950914415e-05,-0.007208033771853119,0.3670321530412262,constant_log_futures
2022-08-18,79,2,0.0022882781426319526,2.500737400174785e-05,0.0022882781426319526,2.500737400174785e-05,-0.004016833574116521,-0.011625762680536566,constant_log_futures
2022-08-19,81,0,-0.0021511800340028872,1.2526623486198356e-05,-0.0021511800340028872,1.2526623486198356e-05,0.027625680436668656,-0.607798671341591,constant_log_futures
2022-08-19,82,1,-0.0015203541645270428,2.2965909710287275e-05,-0.0015203541645270428,2.2965909710287275e-05,0.004695777419551878,0.6536966759709315,constant_log_futures
2022-08-19,83,2,-0.0014444508673738601,2.4976340387281478e-05,-0.0014444508673738601,2.4976340387281478e-05,0.002553956606081318,0.09869439491458186,constant_log_futures
2022-08-22,84,0,-0.0019494813528619752,1.1927493493833505e-05,-0.0019494813528619752,1.1927493493833505e-05,0.026426302783240107,-0.5644747127918733,constant_log_futures
2022-08-22,85,1,-0.0019081790139976011,1.9650789321722715e-05,-0.0019081790139976011,1.9650789321722715e-05,0.012252517879353017,0.27280840646721505,constant_log_futures
2022-08-22,86,2,-0.0013745338795958517,2.293644941259486e-05,-0.0013745338795958517,2.293644941259486e-05,0.004299823931043434,0.5699894848458124,constant_log_futures
2022-08-22,87,3,-0.002604595965934299,2.4945502885796898e-05,-0.002604595965934299,2.4945502885796898e-05,0.004638842450277145,-0.7010251247975842,constant_log_futures
2022-08-23,88,0,-0.00039319784139596643,1.1180589160309289e-05,-0.00039319784139596643,1.1180589160309289e-05,0.0056435454882715185,-0.1175922716920035,constant_log_futures
2022-08-23,89,1,-0.00011906113638522967,1.927777316051116e-05,-0.00011906113638522967,1.927777316051116e-05,0.0007851599264323254,0.22656061846444026,constant_log_futures
2022-08-23,90,2,-0.00010832355008335084,2.2825140956207585e-05,-0.00010832355008335084,2.2825140956207585e-05,0.0003432590418225663,0.10322120516822159,constant_log_futures
2022-08-23,91,3,-0.0024383095457481407,2.4911580939586044e-05,-0.0024383095457481407,2.4911580939586044e-05,0.004374614185018723,-1.4745121776248622,constant_log_futures
2022-08-24,92,0,-0.0033799059947541574,1.0531983404475136e-05,-0.0033799059947541574,1.0531983404475136e-05,0.0515435664200009,-1.0414766521562635,constant_log_futures
2022-08-24,93,1,-0.0032918695858054417,1.9050350641185923e-05,-0.0032918695858054417,1.9050350641185923e-05,0.02231156052601466,0.5735181257709778,constant_log_futures
2022-08-24,94,2,-0.003919228780077524,2.2792255744003494e-05,-0.003919228780077524,2.2792255744003494e-05,0.012582787136038364,-0.019939343750808743,constant_log_futures
2022-08-24,95,3,-0.005611035178487649,2.4870388456402767e-05,-0.005611035178487649,2.4870388456402767e-05,0.01014142654482212,-1.113100429571564,constant_log_futures
2022-08-25,96,0,-0.002330076981960587,9.864192330259248e-06,-0.002330076981960587,9.864192330259248e-06,0.037902585573225546,-0.741889977258239,constant_log_futures
2022-08-25,97,1,-0.0007460223371335614,1.8811992851692e-05,-0.0007460223371335614,1.8811992851692e-05,0.005200841436016828,1.3550858155524592,constant_log_futures
2022-08-25,98,2,-0.0012584143870107596,2.2758754951498006e-05,-0.0012584143870107596,2.2758754951498006e-05,0.004094041472408338,0.21519482435370982,constant_log_futures
2022-08-25,99,3,-0.0036694517391481843,2.483773229718237e-05,-0.0036694517391481843,2.483773229718237e-05,0.006681688241434006,-1.5791631879639618,constant_log_futures
2022-08-26,100,0,-0.0010343738884881597,9.17634227502669e-06,-0.0010343738884881597,9.17634227502669e-06,0.018027659199365068,-0.34146228848127214,constant_log_futures
2022-08-26,101,1,0.0006028137181873332,1.8559781930708757e-05,0.0006028137181873332,1.8559781930708757e-05,-0.004326074918756156,1.1676092543244905,constant_log_futures
2022-08-26,102,2,0.0012451704775840351,2.2724578544849595e-05,0.0012451704775840351,2.2724578544849595e-05,-0.004105697250412224,0.8484737913329732,constant_log_futures
2022-08-26,103,3,-0.000641483221811151,2.480696653175082e-05,-0.000641483221811151,2.480696653175082e-05,0.0011768564370069237,-1.112766025142656,constant_log_futures
2022-08-29,104,0,-0.002261667668897218,8.470401000507563e-06,-0.002261667668897218,8.470401000507563e-06,0.0424497624008401,-0.7770998126717087,constant_log_futures
2022-08-29,105,1,-0.0007431614557387427,1.8292571431222324e-05,-0.0007431614557387427,1.8292571431222324e-05,0.0054948907636440366,1.3446553229667664,constant_log_futures
2022-08-29,106,2,0.0002869717581240952,2.2689663241251764e-05,0.0002869717581240952,2.2689663241251764e-05,-0.0009591932737298525,1.2658905193624579,constant_log_futures
2022-08-29,107,3,-0.0022035638957920364,2.477673227623884e-05,-0.0022035638957920364,2.477673227623884e-05,0.004073254474039825,-1.4227511387404776,constant_log_futures
2022-08-30,108,0,0.0026990435199049723,7.749431043068887e-06,0.0026990435199049723,7.749431043068887e-06,-0.05488055157140111,0.969560643369498,constant_log_futures
2022-08-30,109,1,0.004548869632502603,1.8009468503727827e-05,0.004548869632502603,1.8009468503727827e-05,-0.03468513094783234,0.4573424864692793,constant_log_futures
2022-08-30,110,2,0.005189437190925062,2.2653948190756463e-05,0.005189437190925062,2.2653948190756463e-05,-0.01758642603591271,0.2535032803887088,constant_log_futures
2022-08-30,111,3,0.0031124906127499574,2.4746774358400467e-05,0.0031124906127499574,2.4746774358400467e-05,-0.005797310759625875,-1.2975762391647587,constant_log_futures
2022-08-31,112,0,-0.0013828628403870918,7.01744654626659e-06,-0.0013828628403870918,7.01744654626659e-06,0.030674412095859128,-0.5220228940798051,constant_log_futures
2022-08-31,113,1,-0.0008220929023112153,1.7709610955195603e-05,-0.0008220929023112153,1.7709610955195603e-05,0.006470666714965694,0.6447628510576888,constant_log_futures
2022-08-31,114,2,-0.0003608308564990864,2.2617368488244045e-05,-0.0003608308564990864,2.2617368488244045e-05,0.0012400384364193956,0.6127581659950286,constant_log_futures
2022-08-31,115,3,-0.002381783846267971,2.471704684894195e-05,-0.002381783846267971,2.471704684894195e-05,0.00447042506530296,-1.1976069742237894,constant_log_futures
2022-09-01,116,0,-0.0004433700757940648,6.279526214185934e-06,-0.0004433700757940648,6.279526214185934e-06,0.010818229849375182,-0.17693059549483697,constant_log_futures
2022-09-01,117,1,0.0004054261336727191,1.7392125554595243e-05,0.0004054261336727191,1.7392125554595243e-05,-0.003297465887204782,0.5721383293089624,constant_log_futures
2022-09-01,118,2,0.00095203413850279,2.2579853072439605e-05,0.00095203413850279,2.2579853072439605e-05,-0.003318518997066868,0.5318338218781617,constant_log_futures
2022-09-01,119,3,-6.409226885514124e-05,2.4687543808243614e-05,-6.409226885514124e-05,2.4687543808243614e-05,0.00012122878760197259,-0.5745338853917117,constant_log_futures
2022-09-02,120,0,-0.002848227057421836,5.541996439283458e-06,-0.002848227057421836,5.541996439283458e-06,0.07721860022343645,-1.2098777405286094,constant_log_futures
2022-09-02,121,1,-0.0020759826520743273,1.705612154871836e-05,-0.0020759826520743273,1.705612154871836e-05,0.01746688852090124,1.2093948540169397,constant_log_futures
2022-09-02,122,2,-0.0016910705365228741,2.2541322801661557e-05,-0.0016910705365228741,2.2541322801661557e-05,0.005980017549443208,0.8636712695990028,constant_log_futures
2022-09-02,123,3,-0.0013837020602637806,2.4658266590812444e-05,-0.0013837020602637806,2.4658266590812444e-05,0.002637682052377832,0.2867452039403886,constant_log_futures
2022-09-05,124,0,-0.0018438393396128273,4.812655009173035e-06,-0.0018438393396128273,4.812655009173035e-06,0.05623709985819123,-0.8404864403666071,constant_log_futures
2022-09-05,125,1,0.00018125968935141755,1.6700691312083455e-05,0.00018125968935141755,1.6700691312083455e-05,-0.0015795487214909244,1.5663986961438516,constant_log_futures
2022-09-05,126,2,0.0012326851131843654,2.2501687831625143e-05,0.0012326851131843654,2.2501687831625143e-05,-0.004423164229661547,1.1855904350534476,constant_log_futures
2022-09-05,127,3,0.00030094570127553455,2.4629217077343088e-05,0.00030094570127553455,2.4629217077343088e-05,-0.0005781948906396097,-0.4501488388995781,constant_log_futures
2022-09-06,128,0,-0.0017555165158831677,4.10103458431292e-06,-0.0017555165158831677,4.10103458431292e-06,0.06119228998221327,-0.8668784439421653,constant_log_futures
2022-09-06,129,1,8.855635056674409e-05,1.632491252034532e-05,8.855635056674409e-05,1.632491252034532e-05,-0.0008002870199365021,1.4390723164232717,constant_log_futures
2022-09-06,130,2,0.00157235890274467,2.246084387289271e-05,0.00157235890274467,2.246084387289271e-05,-0.005726202571189544,1.4076299247455015,constant_log_futures
2022-09-06,131,3,0.0010696287257690937,2.4600395742039556e-05,0.0010696287257690937,2.4600395742039556e-05,-0.002071344516568721,-0.1324970892419808,constant_log_futures
2022-09-07,132,0,-0.0028852254727032445,3.418711083743266e-06,-0.0028852254727032445,3.418711083743266e-06,0.11733250255659862,-1.5604453298659478,constant_log_futures
2022-09-07,133,1,-0.0016824204597955805,1.592785071725186e-05,-0.0016824204597955805,1.592785071725186e-05,0.015788868930389294,1.5201730514836074,constant_log_futures
2022-09-07,134,2,-0.000400402593625105,2.2418666877168787e-05,-0.000400402593625105,2.2418666877168787e-05,0.001480276255220085,1.473033548113473,constant_log_futures
2022-09-07,135,3,-0.0014990660717926693,2.457180041255121e-05,-0.0014990660717926693,2.457180041255121e-05,0.002926176972139291,-0.4915673559958656,constant_log_futures
2022-09-08,137,0,0.0018377132030117406,1.550856219944657e-05,0.0018377132030117406,1.550856219944657e-05,-0.017936080861394588,0.46665074921088007,constant_log_futures
2022-09-08,138,1,0.0029510226627760677,2.2375005605385068e-05,0.0029510226627760677,2.2375005605385068e-05,-0.011077685072574776,0.546843969983333,constant_log_futures
2022-09-08,139,2,0.0016520655194058667,2.4543424823172512e-05,0.0016520655194058667,2.4543424823172512e-05,-0.0032508386027018665,-0.7247009162992526,constant_log_futures
2022-09-09,141,0,0.0030084606768903104,1.5089259107725565e-05,0.0030084606768903104,1.5089259107725565e-05,-0.030586016881718157,0.7744803104277275,constant_log_futures
2022-09-09,142,1,0.0049803101889527475,2.2341457183420745e-05,0.0049803101889527475,2.2341457183420745e-05,-0.01898743259538235,0.9558767648990474,constant_log_futures
2022-09-09,143,2,0.004741144197804394,2.4515415407593552e-05,0.004741144197804394,2.4515415407593552e-05,-0.009405196620034733,-0.006111217199731427,constant_log_futures
2022-09-13,145,0,-0.002443428126947318,1.4617392429641474e-05,-0.002443428126947318,1.4617392429641474e-05,0.025921585346745466,-0.6390938165010348,constant_log_futures
2022-09-13,146,1,-0.002594402395447056,2.2291077876731723e-05,-0.002594402395447056,2.2291077876731723e-05,0.010048161658556851,0.14763505177163716,constant_log_futures
2022-09-13,147,2,-0.0029894935291065114,2.4490282396009305e-05,-0.0029894935291065114,2.4490282396009305e-05,0.005978987058213023,-0.2031454654302113,constant_log_futures
2022-09-14,149,0,-1.8734288683857486e-05,1.4119381039665937e-05,-1.8734288683857486e-05,1.4119381039665937e-05,0.00020778029267551028,-0.0049857371524650715,constant_log_futures
2022-09-14,150,1,0.00030291820656769275,2.2238515077147952e-05,0.00030291820656769275,2.2238515077147952e-05,-0.0011921297161696296,0.19876755862758705,constant_log_futures
2022-09-14,151,2,-0.0009418020137983013,2.446238063230845e-05,-0.0009418020137983013,2.446238063230845e-05,0.0018991710030312854,-0.7332570200496648,constant_log_futures
2022-09-15,153,0,-0.006584582382097914,1.3596165201399344e-05,-0.006584582382097914,1.3596165201399344e-05,0.07650657624913768,-1.7857473701427855,constant_log_futures
2022-09-15,154,1,-0.007371407540592227,2.2183710774993808e-05,-0.007371407540592227,2.2183710774993808e-05,0.02948563016236891,0.3070581740577576,constant_log_futures
2022-09-15,155,2,-0.00891588403575544,2.4433837713060224e-05,-0.00891588403575544,2.4433837713060224e-05,0.01812896420603606,-0.8510717028577865,constant_log_futures
2022-09-16,157,0,-0.0014401558999395814,1.3047774072457136e-05,-0.0014401558999395814,1.3047774072457136e-05,0.017569901979262895,-0.3986954632742032,constant_log_futures
2022-09-16,158,1,-0.000888444664249928,2.212652369622172e-05,-0.000888444664249928,2.212652369622172e-05,0.0036130083012830406,0.5192850360364213,constant_log_futures
2022-09-16,159,2,-0.0009081527580184559,2.4405263615416677e-05,-0.0009081527580184559,2.4405263615416677e-05,0.0018620947307269181,0.08097872840309316,constant_log_futures
2022-09-19,160,0,-0.002227807075770619,1.2474181533703108e-05,-0.002227807075770619,1.2474181533703108e-05,0.028609732973054264,-0.6307707542413217,constant_log_futures
2022-09-19,161,1,-0.0022521248548804836,1.977681908710629e-05,-0.0022521248548804836,1.977681908710629e-05,0.014090217040790717,0.2396844381947842,constant_log_futures
2022-09-19,162,2,-0.003384058302040343,2.2066790954437656e-05,-0.003384058302040343,2.2066790954437656e-05,0.013995088571149894,-0.6603882894644347,constant_log_futures
2022-09-19,163,3,-0.005905659009078447,2.4376821051946468e-05,-0.005905659009078447,2.4376821051946468e-05,0.012211701679789331,-1.7821614935868595,constant_log_futures
2022-09-20,164,0,0.0002895757080064818,1.1781207004831648e-05,0.0002895757080064818,1.1781207004831648e-05,-0.003925359597421198,0.08436595624538525,constant_log_futures
2022-09-20,165,1,0.0007521361208232963,1.9458053675319366e-05,0.0007521361208232963,1.9458053675319366e-05,-0.004829505617918007,0.25625082763370993,constant_log_futures
2022-09-20,166,2,-0.0005970408214790619,2.1911353880129567e-05,-0.0005970408214790619,2.1911353880129567e-05,0.0025116889731188123,-0.94003836239813,constant_log_futures
2022-09-20,167,3,-0.0018913587957657269,2.433578425036654e-05,-0.0018913587957657269,2.433578425036654e-05,0.003944372189460149,-1.1248996111072331,constant_log_futures
2022-09-21,168,0,0.0030714268874360226,1.1158039156958931e-05,0.0030714268874360226,1.1158039156958931e-05,-0.04408400944319939,0.9194883714992582,constant_log_futures
2022-09-21,169,1,0.0033880963290115196,1.9244398834228648e-05,0.0033880963290115196,1.9244398834228648e-05,-0.022343121737265156,-0.23020100883616476,constant_log_futures
2022-09-21,170,2,0.002763709657559718,2.1843395780976915e-05,0.002763709657559718,2.1843395780976915e-05,-0.01183061677972932,-0.7348223286286899,constant_log_futures
2022-09-21,171,3,0.002511210043184567,2.429974176878737e-05,0.002511210043184567,2.429974176878737e-05,-0.005282200435664089,-0.39676397356287296,constant_log_futures
2022-09-22,172,0,0.002472656757734451,1.0513229039293042e-05,0.002472656757734451,1.0513229039293042e-05,-0.03770801555545037,0.7625981912968339,constant_log_futures
2022-09-22,173,1,0.003487819971479454,1.901902716555276e-05,0.003487819971479454,1.901902716555276e-05,-0.023639668695582965,0.24699981019617637,constant_log_futures
2022-09-22,174,2,0.003871186305929461,2.1772154152905973e-05,0.003871186305929461,2.1772154152905973e-05,-0.016867311761549795,0.2189780213764553,constant_log_futures
2022-09-22,175,3,0.007262544993916507,2.4269522789378368e-05,0.007262544993916507,2.4269522789378368e-05,-0.015409225900135893,2.1604632016504226,constant_log_futures
2022-09-23,176,0,0.0009760092536639136,9.846532532084924e-06,0.0009760092536639136,9.846532532084924e-06,-0.015876417192932993,0.3110371581353417,constant_log_futures
2022-09-23,177,1,0.001672217896244766,1.8780306696222794e-05,0.001672217896244766,1.8780306696222794e-05,-0.01165774761953494,0.2582345317215617,constant_log_futures
2022-09-23,178,2,0.002257340576008248,2.169733179007847e-05,0.002257340576008248,2.169733179007847e-05,-0.010014383646291137,0.45829988165997987,constant_log_futures
2022-09-23,179,3,0.005127825416258065,2.4240986169362566e-05,0.005127825416258065,2.4240986169362566e-05,-0.01097534562778042,1.9164417933047941,constant_log_futures
2022-09-26,180,0,0.0010711212726786947,9.159427175835544e-06,0.0010711212726786947,9.159427175835544e-06,-0.018668113609542965,0.3539194965843386,constant_log_futures
2022-09-26,181,1,0.0010846705628013032,1.8527296622458093e-05,0.0010846705628013032,1.8527296622458093e-05,-0.007784106391868177,-0.18955241849188903,constant_log_futures
2022-09-26,182,2,0.0015585022821024766,2.161867166301669e-05,0.0015585022821024766,2.161867166301669e-05,-0.0070421214228334125,0.20831543289561152,constant_log_futures
2022-09-26,183,3,0.003660960865625198,2.421298930685983e-05,0.003660960865625198,2.421298930685983e-05,-0.007905083639049099,1.3914403541131084,constant_log_futures
2022-09-27,184,0,0.0026697574477074536,8.454245232545392e-06,0.0026697574477074536,8.454245232545392e-06,-0.05010929363389375,0.9181938637814616,constant_log_futures
2022-09-27,185,1,0.002444466730518062,1.8259152680363624e-05,0.002444466730518062,1.8259152680363624e-05,-0.01807423885595173,-0.6708417329181834,constant_log_futures
2022-09-27,186,2,0.002040382797818546,2.1535902810290535e-05,0.002040382797818546,2.1535902810290535e-05,-0.009393460427692929,-0.7329713311190144,constant_log_futures
2022-09-27,187,3,0.004131786652197062,2.418525110616135e-05,0.004131786652197062,2.418525110616135e-05,-0.009001392349429314,1.1208086732683735,constant_log_futures
2022-09-28,188,0,0.0012000289449677665,7.734120448908779e-06,0.0012000289449677665,7.734120448908779e-06,-0.024400588547677918,0.43150542065035496,constant_log_futures
2022-09-28,189,1,0.0011287157093686157,1.797503670774102e-05,0.0011287157093686157,1.797503670774102e-05,-0.008606457283935694,-0.30567455537848,constant_log_futures
2022-09-28,190,2,0.0017361401531882231,2.1448736891194357e-05,0.0017361401531882231,2.1448736891194357e-05,-0.008146503795729355,0.24563699263546168,constant_log_futures
2022-09-28,191,3,0.005064172225501835,2.4157701532425012e-05,0.005064172225501835,2.4157701532425012e-05,-0.011132054261463492,2.1738724894148955,constant_log_futures
2022-09-29,192,0,0.002128357871436725,7.003087538205616e-06,0.002128357871436725,7.003087538205616e-06,-0.04721084733005099,0.804266309167154,constant_log_futures
2022-09-29,193,1,0.0009478916029620746,1.7674095763494974e-05,0.0009478916029620746,1.7674095763494974e-05,-0.007460824229766006,-1.1669510299160737,constant_log_futures
2022-09-29,194,2,0.0008572495423106209,2.135686577802588e-05,0.0008572495423106209,2.135686577802588e-05,-0.004101350751446892,-0.5990498583288401,constant_log_futures
2022-09-29,195,3,0.0023098018593602464,2.413032246389251e-05,0.0023098018593602464,2.413032246389251e-05,-0.005123560488035456,0.798720007958153,constant_log_futures
2022-09-30,196,0,-0.0027980454165719947,6.266236353362844e-06,-0.0027980454165719947,6.266236353362844e-06,0.06827230816435667,-1.1177672312340932,constant_log_futures
2022-09-30,197,1,-0.004044617129353749,1.7355458890035392e-05,-0.004044617129353749,1.7355458890035392e-05,0.03289621931874383,0.06443896060712401,constant_log_futures
2022-09-30,198,2,-0.004938856074065988,2.1259959059488883e-05,-0.004938856074065988,2.1259959059488883e-05,0.02410161764144202,-0.3094138213692139,constant_log_futures
2022-09-30,199,3,-0.006897412343675743,2.4103108258556924e-05,-0.006897412343675743,2.4103108258556924e-05,0.015440079007861296,-1.249388639702963,constant_log_futures
2022-10-10,200,0,0.001513460218204022,5.529901038353418e-06,0.001513460218204022,5.529901038353418e-06,-0.04103158813797571,0.6435945090747787,constant_log_futures
2022-10-10,201,1,0.0006596567516425761,1.7018238835058374e-05,0.0006596567516425761,1.7018238835058374e-05,-0.005550215427613399,-0.8709475985439248,constant_log_futures
2022-10-10,202,2,0.0003194591711640424,2.1157661016618497e-05,0.0003194591711640424,2.1157661016618497e-05,-0.0015907762808984966,-0.6229958232338585,constant_log_futures
2022-10-10,203,3,-3.96512802347225e-05,2.40760556529013e-05,-3.96512802347225e-05,2.40760556529013e-05,8.958252201178046e-05,-0.366620659279121,constant_log_futures
2022-10-11,204,0,-0.0016347475521436322,4.801883068916381e-06,-0.0016347475521436322,4.801883068916381e-06,0.04985980034038078,-0.7460104406001205,constant_log_futures
2022-10-11,205,1,-0.0028498305693070627,1.6661535532756495e-05,-0.0028498305693070627,1.6661535532756495e-05,0.02483423781824726,-0.10121259579088542,constant_log_futures
2022-10-11,206,2,-0.003416990535460832,2.1049586740662778e-05,-0.003416990535460832,2.1049586740662778e-05,0.017369701888592562,-0.18532081609130643,constant_log_futures
2022-10-11,207,3,-0.003580639262698467,2.4049160840205554e-05,-0.003580639262698467,2.4049160840205554e-05,0.008165196075686224,-0.08917392766169095,constant_log_futures
2022-10-12,208,0,-0.0005585689951589255,4.091712078556157e-06,-0.0005585689951589255,4.091712078556157e-06,0.019470119259825402,-0.27613680290929377,constant_log_futures
2022-10-12,209,1,0.0011500745490456085,1.6284440581367093e-05,0.0011500745490456085,1.6284440581367093e-05,-0.010393266295078833,0.9841048242800524,constant_log_futures
2022-10-12,210,2,-0.0002680532069835682,2.0935317044121627e-05,-0.0002680532069835682,2.0935317044121627e-05,0.0013915953724253328,-0.7751309376489847,constant_log_futures
2022-10-12,211,3,-0.0022167602951754864,2.4022418205772938e-05,-0.0022167602951754864,2.4022418205772938e-05,0.005102731245498289,-1.4969450573206304,constant_log_futures
2022-10-13,212,0,0.0011363247712673735,3.4109501137317935e-06,0.0011363247712673735,3.4109501137317935e-06,-0.04621054069820652,0.6152686548130062,constant_log_futures
2022-10-13,213,1,0.0012459561088395688,1.5886042644630052e-05,0.0012459561088395688,1.5886042644630052e-05,-0.011692818867571338,-0.3404618381172664,constant_log_futures
2022-10-13,214,2,0.0021339006880131215,2.081439175502761e-05,0.0021339006880131215,2.081439175502761e-05,-0.011318951475547862,0.38161359683248963,constant_log_futures
2022-10-13,215,3,0.0036907555643184153,2.3995819289025677e-05,0.0036907555643184153,2.3995819289025677e-05,-0.008576612930416127,1.0547949723659555,constant_log_futures
2022-10-14,217,0,0.003708162975919447,1.546543401736589e-05,0.003708162975919447,1.546543401736589e-05,-0.0361916706449738,0.9429263173135333,constant_log_futures
2022-10-14,218,1,0.0037888360870210903,2.0686300927697357e-05,0.0037888360870210903,2.0686300927697357e-05,-0.020543911227403244,-0.17539987107179975,constant_log_futures
2022-10-14,219,2,0.00308160283562231,2.3969351554186095e-05,0.00308160283562231,2.3969351554186095e-05,-0.007229914345113882,-0.6028268339721954,constant_log_futures
2022-10-17,221,0,-0.005636318689499222,1.5038972674054367e-05,-0.005636318689499222,1.5038972674054367e-05,0.05730257334324209,-1.4534043509042798,constant_log_futures
2022-10-17,222,1,-0.004840745588084068,2.056481407315921e-05,-0.004840745588084068,2.056481407315921e-05,0.026844134624829832,0.917002862782696,constant_log_futures
2022-10-17,223,2,-0.005669528141592259,2.3943026176702798e-05,-0.005669528141592259,2.3943026176702798e-05,0.013430726859694282,-0.0874074991911973,constant_log_futures
2022-10-18,225,0,0.00037832778299373183,1.4567037011781001e-05,0.00037832778299373183,1.4567037011781001e-05,-0.004013564306542199,0.09912486836740379,constant_log_futures
2022-10-18,226,1,8.012707224519869e-05,2.041686827789376e-05,8.012707224519869e-05,2.041686827789376e-05,-0.00045467454948438325,-0.22607936153890193,constant_log_futures
2022-10-18,227,2,-0.0006237094997288209,2.3919334030139326e-05,-0.0006237094997288209,2.3919334030139326e-05,0.0014920109601356108,-0.5028344970000294,constant_log_futures
2022-10-19,229,0,0.0012301922617607873,1.4069840929754818e-05,0.0012301922617607873,1.4069840929754818e-05,-0.013643950539528731,0.32796567837576157,constant_log_futures
2022-10-19,230,1,0.0018447579629156385,2.025974544958114e-05,0.0018447579629156385,2.025974544958114e-05,-0.010717165308367043,0.29912817582253926,constant_log_futures
2022-10-19,231,2,0.0005289454256352348,2.3893221706697963e-05,0.0005289454256352348,2.3893221706697963e-05,-0.001277848354999973,-0.7787138660468425,constant_log_futures
2022-10-20,233,0,-0.0022175323770932337,1.3547687062721916e-05,-0.0022175323770932337,1.3547687062721916e-05,0.025765614286226146,-0.6024727262208535,constant_log_futures
2022-10-20,234,1,-0.0032423235276657653,2.0093117240829352e-05,-0.0032423235276657653,2.0093117240829352e-05,0.019295779042693823,-0.4592097350987687,constant_log_futures
2022-10-20,235,2,-0.0025627487873017968,2.3866331432200988e-05,-0.0025627487873017968,2.3866331432200988e-05,0.006253107041016384,0.3951552166995376,constant_log_futures
2022-10-21,237,0,0.0009218634971008216,1.3000488012761364e-05,0.0009218634971008216,1.3000488012761364e-05,-0.011246734664630024,0.2556741324801027,constant_log_futures
2022-10-21,238,1,0.0005245894585369001,1.991645331185519e-05,0.0005245894585369001,1.991645331185519e-05,-0.0031999956970750905,-0.35212726752899615,constant_log_futures
2022-10-21,239,2,0.0002149429472331557,2.383924598975468e-05,0.0002149429472331557,2.383924598975468e-05,-0.0005297583749988888,-0.3140139332653214,constant_log_futures
2022-10-24,240,0,0.005581888482812716,1.2428207049953338e-05,0.005581888482812716,1.2428207049953338e-05,-0.07168319946348961,1.5833499613701818,constant_log_futures
2022-10-24,241,1,0.005664580801905795,1.9729156773899876e-05,0.005664580801905795,1.9729156773899876e-05,-0.035439941427308046,-0.5864916010330384,constant_log_futures
2022-10-24,242,2,0.007553612520875563,2.38121489404786e-05,0.007553612520875563,2.38121489404786e-05,-0.01880695362340446,0.7405242847791073,constant_log_futures
2022-10-24,243,3,0.0055927236026842644,2.693892753216978e-05,0.0055927236026842644,2.693892753216978e-05,-0.008582544396572078,-1.1161775504963256,constant_log_futures
2022-10-25,244,0,0.0011197056238379907,1.1827562499169009e-05,0.0011197056238379907,1.1827562499169009e-05,-0.015178231789803875,0.3255788866275134,constant_log_futures
2022-10-25,245,1,0.0015488790903274586,1.952639472053923e-05,0.0015488790903274586,1.952639472053923e-05,-0.009945434158944734,0.12994951428991694,constant_log_futures
2022-10-25,246,2,0.00272789882305121,2.3436047515770714e-05,0.00272789882305121,2.3436047515770714e-05,-0.006861931060046343,0.7309382528392998,constant_log_futures
2022-10-25,247,3,0.002734515800340613,2.567197180379153e-05,0.002734515800340613,2.567197180379153e-05,-0.004222923134703225,0.0701606371108079,constant_log_futures
2022-10-26,248,0,0.0036140626561072327,1.119203811827668e-05,0.0036140626561072327,1.119203811827668e-05,-0.05187242871118617,1.080291819056777,constant_log_futures
2022-10-26,249,1,0.004505861813039978,1.9303390528702605e-05,0.004505861813039978,1.9303390528702605e-05,-0.029714331956263638,0.05246807525046096,constant_log_futures
2022-10-26,250,2,0.005529212176952368,2.34077299236713e-05,0.005529212176952368,2.34077299236713e-05,-0.014053414283087269,0.44189749235507825,constant_log_futures
2022-10-26,251,3,0.005478963617838631,2.5595830829121208e-05,0.005478963617838631,2.5595830829121208e-05,-0.008515077214984878,0.016925494064430918,constant_log_futures
2022-10-27,252,0,0.0009144484509932059,1.0545009963635794e-05,0.0009144484509932059,1.0545009963635794e-05,-0.01394533887764639,0.2816019976899276,constant_log_futures
2022-10-27,253,1,0.0012769109332488166,1.9078024816696975e-05,0.0012769109332488166,1.9078024816696975e-05,-0.008654618547575313,0.08309491507992998,constant_log_futures
2022-10-27,254,2,0.004074601382285591,2.338115332284841e-05,0.004074601382285591,2.338115332284841e-05,-0.010465291971344045,1.7624631216341542,constant_log_futures
2022-10-27,255,3,0.0045066004135642275,2.5556604805797716e-05,0.0045066004135642275,2.5556604805797716e-05,-0.007048785262241484,0.46846843577241293,constant_log_futures
2022-10-28,256,0,-0.004264708560337412,9.877268914806867e-06,-0.004264708560337412,9.877268914806867e-06,0.06937259258148856,-1.3569721016321885,constant_log_futures
2022-10-28,257,1,-0.004040158537187192,1.8840775787980686e-05,-0.004040158537187192,1.8840775787980686e-05,0.02816567665924785,0.8572333077009892,constant_log_futures
2022-10-28,258,2,-0.0007674333343426366,2.3354811536746793e-05,-0.0007674333343426366,2.3354811536746793e-05,0.001992060995527695,2.6456512776680237,constant_log_futures
2022-10-28,259,3,-0.001679965534810035,2.552222269273374e-05,-0.001679965534810035,2.552222269273374e-05,0.002644590906410636,-0.34039381404980806,constant_log_futures
2022-10-31,260,0,-4.076108451283016e-05,9.18912037139528e-06,-4.076108451283016e-05,9.18912037139528e-06,0.0007104074729378971,-0.013446484646471744,constant_log_futures
2022-10-31,261,1,-0.0007257906136980802,1.8589543467481454e-05,-0.0007257906136980802,1.8589543467481454e-05,0.005208614992421518,-0.4012196180007848,constant_log_futures
2022-10-31,262,2,-0.001100056890468857,2.3328565848736327e-05,-0.001100056890468857,2.3328565848736327e-05,0.00288617076639141,-0.3285677280087192,constant_log_futures
2022-10-31,263,3,-0.003485950060509932,2.5488695226103755e-05,-0.003485950060509932,2.5488695226103755e-05,0.005523193602366385,-1.523134271677025,constant_log_futures
2022-11-01,264,0,0.00618282251194959,8.48274992533234e-06,0.00618282251194959,8.48274992533234e-06,-0.11604682253197691,2.122845793401693,constant_log_futures
2022-11-01,265,1,0.006030071598188927,1.8323341367981138e-05,0.006030071598188927,1.8323341367981138e-05,-0.044585983938124185,-1.3433701153093087,constant_log_futures
2022-11-01,266,2,0.0076584485094681135,2.3302398155887588e-05,0.0076584485094681135,2.3302398155887588e-05,-0.02031153735119804,0.1676268483919938,constant_log_futures
2022-11-01,267,3,0.006944717275800646,2.54554703073331e-05,0.006944717275800646,2.54554703073331e-05,-0.011075235394087305,-0.3429411892116308,constant_log_futures
2022-11-02,268,0,-0.0015046219813985226,7.761260496872944e-06,-0.0015046219813985226,7.761260496872944e-06,0.030593980288436625,-0.5400839510588674,constant_log_futures
2022-11-02,269,1,-0.002758607575544617,1.804132305969462e-05,-0.002758607575544617,1.804132305969462e-05,0.021034382763527704,-0.38166235029053813,constant_log_futures
2022-11-02,270,2,-0.000382630428922193,2.327630544462483e-05,-0.000382630428922193,2.327630544462483e-05,0.001025954117110056,1.5871202047244686,constant_log_futures
2022-11-02,271,3,-0.0004633594326073215,2.5422474084355525e-05,-0.0004633594326073215,2.5422474084355525e-05,0.0007438138260275423,0.1376878586624973,constant_log_futures
2022-11-03,272,0,-0.0016372239287554067,7.028665918368923e-06,-0.0016372239287554067,7.028665918368923e-06,0.036316603510574474,-0.617549298632817,constant_log_futures
2022-11-03,273,1,-0.00257762399142169,1.774264243694081e-05,-0.00257762399142169,1.774264243694081e-05,0.02028839528731911,-0.12572337994146984,constant_log_futures
2022-11-03,274,2,-0.002670255046768013,2.3250286291305756e-05,-0.002670255046768013,2.3250286291305756e-05,0.007239358126793279,0.1078552036624729,constant_log_futures
2022-11-03,275,3,-0.004180601718518442,2.5389701034382305e-05,-0.004180601718518442,2.5389701034382305e-05,0.006755409399460264,-0.9393894996325923,constant_log_futures
2022-11-04,276,0,0.005943392427874478,6.290035720381737e-06,0.005943392427874478,6.290035720381737e-06,-0.14501877524013726,2.3697790224980086,constant_log_futures
2022-11-04,277,1,0.006403348865030365,1.7426434293138397e-05,0.006403348865030365,1.7426434293138397e-05,-0.052080570768913634,-1.3162658454099412,constant_log_futures
2022-11-04,278,2,0.009762677619315771,2.3224338541352564e-05,0.009762677619315771,2.3224338541352564e-05,-0.026765093697899416,1.1403641322265239,constant_log_futures
2022-11-04,279,3,0.010208530536163479,2.5357155579357785e-05,0.010208530536163479,2.5357155579357785e-05,-0.016605876338825924,0.48845308153765815,constant_log_futures
2022-11-07,280,0,-0.003497865337807527,5.55168583820018e-06,-0.003497865337807527,5.55168583820018e-06,0.09483101582500407,-1.4845356961088325,constant_log_futures
2022-11-07,281,1,-0.005794415120240122,1.7091812523457312e-05,-0.005794415120240122,1.7091812523457312e-05,0.04875300997719276,-0.1911542122619394,constant_log_futures
2022-11-07,282,2,-0.0030912788833184473,2.3198458031388605e-05,-0.0030912788833184473,2.3198458031388605e-05,0.008571273267382967,2.1554629280756266,constant_log_futures
2022-11-07,283,3,-0.0014911674211733512,2.5324843392099357e-05,-0.0014911674211733512,2.5324843392099357e-05,0.0024419117501093806,1.2213186528032893,constant_log_futures
2022-11-08,284,0,0.0014194447799749559,4.821405149680911e-06,0.0014194447799749559,4.821405149680911e-06,-0.043293065789236154,0.6464451601846198,constant_log_futures
2022-11-08,285,1,0.0008136716968463675,1.6737870690658338e-05,0.0008136716968463675,1.6737870690658338e-05,-0.0070905676439469165,-0.7351183088334876,constant_log_futures
2022-11-08,286,2,0.002928234169958927,2.3172636875551185e-05,0.002928234169958927,2.3172636875551185e-05,-0.008212518821494003,1.007880539185658,constant_log_futures
2022-11-08,287,3,0.0032736730318411907,2.5292769715995393e-05,0.0032736730318411907,2.5292769715995393e-05,-0.005397136620062503,0.35818537283189644,constant_log_futures
2022-11-09,288,0,-0.00116766535626022,4.108721596929689e-06,-0.00116766535626022,4.108721596929689e-06,0.040701478132499094,-0.5760564421341973,constant_log_futures
2022-11-09,289,1,-0.0012220953996677645,1.6363682431238203e-05,-0.0012220953996677645,1.6363682431238203e-05,0.011044121389590168,0.35641205076648164,constant_log_futures
2022-11-09,290,2,0.0014127107607456342,2.314686086121351e-05,0.0014127107607456342,2.314686086121351e-05,-0.004008156111882962,1.8380921573488507,constant_log_futures
2022-11-09,291,3,0.0022131048921422425,2.5260938491814574e-05,0.0022131048921422425,2.5260938491814574e-05,-0.0036734530182497087,0.6655232230271014,constant_log_futures
2022-11-10,292,0,0.0013747780157645536,3.4252143516292416e-06,0.0013747780157645536,3.4252143516292416e-06,-0.055907639307758515,0.7428287450011462,constant_log_futures
2022-11-10,293,1,0.0008752089717033284,1.596830107851393e-05,0.0008752089717033284,1.596830107851393e-05,-0.008213499580600468,-0.6927680785455309,constant_log_futures
2022-11-10,294,2,0.0035920806972494293,2.3121105532911407e-05,0.0035920806972494293,2.3121105532911407e-05,-0.010311384589751303,1.3600663125113381,constant_log_futures
2022-11-10,295,3,0.0037625914574693983,2.522935128486158e-05,0.0037625914574693983,2.522935128486158e-05,-0.006288166545359817,0.2743860086304937,constant_log_futures
2022-11-11,297,0,-0.0017069097437167914,1.555075828964199e-05,-0.0017069097437167914,1.555075828964199e-05,0.016659439098675885,-0.43284735897338156,constant_log_futures
2022-11-11,298,1,0.0016989654642644639,2.3095330439800087e-05,0.0016989654642644639,2.3095330439800087e-05,-0.004935090158101538,2.13956345250773,constant_log_futures
2022-11-11,299,2,0.0012463287269221662,2.519800573282298e-05,0.0012463287269221662,2.519800573282298e-05,-0.0020972704094414383,-0.06350103859645864,constant_log_futures
2022-11-14,301,0,-0.002516943431106763,1.5139448001908464e-05,-0.002516943431106763,1.5139448001908464e-05,0.025588924882918758,-0.6468721212957191,constant_log_futures
2022-11-14,302,1,-7.499638599021106e-05,2.307880806912823e-05,-7.499638599021106e-05,2.307880806912823e-05,0.00022047130339290964,1.6457240711261276,constant_log_futures
2022-11-14,303,2,0.0002761041128178099,2.5167474479107698e-05,0.0002761041128178099,2.5167474479107698e-05,-0.0004678430800524001,0.3702145591153901,constant_log_futures
2022-11-15,305,0,0.0006954148580976259,1.4668051429752746e-05,0.0006954148580976259,1.4668051429752746e-05,-0.007377444581557423,0.1815757110281682,constant_log_futures
2022-11-15,306,1,0.0020187672662724393,2.3050260190230392e-05,0.0020187672662724393,2.3050260190230392e-05,-0.006007063572810673,0.6966328758686647,constant_log_futures
2022-11-15,307,2,0.0016634501662714032,2.513920868899223e-05,0.0016634501662714032,2.513920868899223e-05,-0.0028383345494421143,-0.15601752655771017,constant_log_futures
2022-11-16,309,0,-0.0014781517974799963,1.4169842637075632e-05,-0.0014781517974799963,1.4169842637075632e-05,0.016394047208414503,-0.39267795646859355,constant_log_futures
2022-11-16,310,1,1.3186447173681864e-07,2.3021442314412394e-05,1.3186447173681864e-07,2.3021442314412394e-05,-3.9722137165165125e-07,1.0064879389262396,constant_log_futures
2022-11-16,311,2,-0.0017211020052110976,2.5108177691543836e-05,-0.0017211020052110976,2.5108177691543836e-05,0.002957386544165548,-0.974505288484482,constant_log_futures
2022-11-17,313,0,0.0009021673285638405,1.3646334720949945e-05,0.0009021673285638405,1.3646334720949945e-05,-0.010482325150932241,0.24421879584157805,constant_log_futures
2022-11-17,314,1,0.0035526182388919015,2.299235220024282e-05,0.0035526182388919015,2.299235220024282e-05,-0.0108354856286203,1.4004068937853464,constant_log_futures
2022-11-17,315,2,0.0025586093415133973,2.5076690390861354e-05,0.0025586093415133973,2.5076690390861354e-05,-0.004427664392406163,-0.4893254860808763,constant_log_futures
2022-11-18,317,0,-0.0013338428890839302,1.3097599942369094e-05,-0.0013338428890839302,1.3097599942369094e-05,0.01627288324682395,-0.3685605245180669,constant_log_futures
2022-11-18,318,1,0.0016568208383207035,2.2962970227177003e-05,0.0016568208383207035,2.2962970227177003e-05,-0.005117269424686729,1.856856283629271,constant_log_futures
2022-11-18,319,2,0.0004159312955753919,2.504527539884457e-05,0.0004159312955753919,2.504527539884457e-05,-0.0007249088294313973,-0.6070129864235644,constant_log_futures
2022-11-21,320,0,9.079064258223795e-06,1.2523593651457513e-05,9.079064258223795e-06,1.2523593651457513e-05,-0.00011659429889508452,0.0025655270968671603,constant_log_futures
2022-11-21,321,1,0.0024352067229835668,2.0530698305829724e-05,0.0024352067229835668,2.0530698305829724e-05,-0.013818382335069542,1.5295836065182065,constant_log_futures
2022-11-21,322,2,0.003031099008144013,2.293327544345928e-05,0.003031099008144013,2.293327544345928e-05,-0.009481899461373578,0.929605470618712,constant_log_futures
2022-11-21,323,3,0.00166418773759674,2.5014050249800846e-05,0.00166418773759674,2.5014050249800846e-05,-0.002921307971033126,-0.8316800757264338,constant_log_futures
2022-11-22,324,0,-0.004451095587092948,1.1803737565986231e-05,-0.004451095587092948,1.1803737565986231e-05,0.06033707351392662,-1.2955588586265645,constant_log_futures
2022-11-22,325,1,-0.0037790509935867115,2.0224691501648204e-05,-0.0037790509935867115,2.0224691501648204e-05,0.02195448672464661,1.0377703620373913,constant_log_futures
2022-11-22,326,2,-0.004921770444926678,2.281944606007469e-05,-0.004921770444926678,2.281944606007469e-05,0.015596259591715705,-0.277353764704701,constant_log_futures
2022-11-22,327,3,-0.008960745409868732,2.4977256163960095e-05,-0.008960745409868732,2.4977256163960095e-05,0.015843636811651962,-2.7007090739686594,constant_log_futures
2022-11-23,328,0,0.0005805046842082807,1.1178807793585042e-05,0.0005805046842082807,1.1178807793585042e-05,-0.008331949585107088,0.17362329101546237,constant_log_futures
2022-11-23,329,1,0.002258728664624587,2.0056150678358424e-05,0.002258728664624587,2.0056150678358424e-05,-0.013442190101668274,0.9439419061830145,constant_log_futures
2022-11-23,330,2,0.002787273742628332,2.2786358864664085e-05,0.002787273742628332,2.2786358864664085e-05,-0.008948615700017275,0.6470990301948535,constant_log_futures
2022-11-23,331,3,0.0009467838921271912,2.493727064831316e-05,0.0009467838921271912,2.493727064831316e-05,-0.0016862428443725156,-1.1197715292024975,constant_log_futures
2022-11-24,332,0,-0.0027803861312265267,1.0533110542775497e-05,-0.0027803861312265267,1.0533110542775497e-05,0.042400888501204534,-0.856696105317683,constant_log_futures
2022-11-24,333,1,-0.0012049751420737304,1.9879434762477156e-05,-0.0012049751420737304,1.9879434762477156e-05,0.007350348366649756,1.4201285953336986,constant_log_futures
2022-11-24,334,2,-0.0020045936261434746,2.275261221615261e-05,-0.0020045936261434746,2.275261221615261e-05,0.006521611263720104,0.01827111051265771,constant_log_futures
2022-11-24,335,3,-0.0034773193471068567,2.490460918014324e-05,-0.0034773193471068567,2.490460918014324e-05,0.006238720005103479,-1.0501676058579477,constant_log_futures
2022-11-25,336,0,0.0004395482670957779,9.86552358139257e-06,0.0004395482670957779,9.86552358139257e-06,-0.007149985144757987,0.13994149291088195,constant_log_futures
2022-11-25,337,1,0.0024977274366084845,1.969237612649916e-05,0.0024977274366084845,1.969237612649916e-05,-0.01562680755211462,1.1453433342272727,constant_log_futures
2022-11-25,338,2,0.002399296763264086,2.2718150353691504e-05,0.002399296763264086,2.2718150353691504e-05,-0.007911194732924825,0.24115249062987443,constant_log_futures
2022-11-25,339,3,0.0003583864503081159,2.4873598962763194e-05,0.0003583864503081159,2.4873598962763194e-05,-0.0006477503250013354,-1.3402630548823133,constant_log_futures
2022-11-28,340,0,0.001341804208982374,9.177436803584055e-06,0.001341804208982374,9.177436803584055e-06,-0.02338573049940709,0.4429232200124658,constant_log_futures
2022-11-28,341,1,0.0027966022856589974,1.949407486143784e-05,0.0027966022856589974,1.949407486143784e-05,-0.017957130465810402,0.5805857268706093,constant_log_futures
2022-11-28,342,2,0.002556292876012549,2.268290892172278e-05,0.002556292876012549,2.268290892172278e-05,-0.008544321393795368,-0.09507064281248712,constant_log_futures
2022-11-28,343,3,0.001650178593885044,2.484307020811299e-05,0.001650178593885044,2.484307020811299e-05,-0.0030048028127459005,-0.6425176172832996,constant_log_futures
2022-11-29,344,0,0.000402476680408713,8.471178346151292e-06,0.000402476680408713,8.471178346151292e-06,-0.007554177693825075,0.13828300537904786,constant_log_futures
2022-11-29,345,1,0.0017226941795038463,1.9283793924463855e-05,0.0017226941795038463,1.9283793924463855e-05,-0.011360469724295635,0.6658448064933603,constant_log_futures
2022-11-29,346,2,0.002376810198745794,2.264682256371525e-05,0.002376810198745794,2.264682256371525e-05,-0.008054745673527413,0.6076571151570176,constant_log_futures
2022-11-29,347,3,0.00245189050391538,2.481280334113959e-05,0.00245189050391538,2.481280334113959e-05,-0.004498205135002652,0.11461927544615529,constant_log_futures
2022-11-30,348,0,-0.0019214981636738197,7.749881673974212e-06,-0.0019214981636738197,7.749881673974212e-06,0.03907046266136767,-0.6902277852367018,constant_log_futures
2022-11-30,349,1,-0.001986818963893865,1.906080136257753e-05,-0.001986818963893865,1.906080136257753e-05,0.013466217421947306,0.42289198958857305,constant_log_futures
2022-11-30,350,2,-0.002453705156060474,2.2609821080206724e-05,-0.002453705156060474,2.2609821080206724e-05,0.008432451522235996,-0.06633662602543725,constant_log_futures
2022-11-30,351,3,-0.0029209632197450368,2.478275871238478e-05,-0.0029209632197450368,2.478275871238478e-05,0.005399356254680219,-0.3372576389018523,constant_log_futures
2022-12-01,352,0,0.0011818341693190532,7.0175803875553026e-06,0.0011818341693190532,7.0175803875553026e-06,-0.02621523066489536,0.44613145430907697,constant_log_futures
2022-12-01,353,1,0.002771323371690894,1.8824338694189022e-05,0.002771323371690894,1.8824338694189022e-05,-0.01932008293407366,0.5515155327016945,constant_log_futures
2022-12-01,354,2,0.0034193367769420127,2.257182791916429e-05,0.0034193367769420127,2.257182791916429e-05,-0.011918831051055016,0.47126043520523553,constant_log_futures
2022-12-01,355,3,0.003476252250835872,2.4752930884469957e-05,0.003476252250835872,2.4752930884469957e-05,-0.006474851520640861,0.08579186911270306,constant_log_futures
2022-12-02,356,0,-0.0005119748926528458,6.279364604193675e-06,-0.0005119748926528458,6.279364604193675e-06,0.01249218738072944,-0.20431055959674782,constant_log_futures
2022-12-02,357,1,4.3439111157504874e-05,1.8573613478614917e-05,4.3439111157504874e-05,1.8573613478614917e-05,-0.0003117395036009174,0.43453160395312856,constant_log_futures
2022-12-02,358,2,0.00038706523240290315,2.2532758657341986e-05,0.00038706523240290315,2.2532758657341986e-05,-0.0013687524160334546,0.3780926466431751,constant_log_futures
2022-12-02,359,3,0.0007701462283155706,2.4723320551300686e-05,0.0007701462283155706,2.4723320551300686e-05,-0.0014455052285307632,0.2841693766239444,constant_log_futures
2022-12-05,360,0,-0.0022046065092909454,5.5415722200310675e-06,-0.0022046065092909454,5.5415722200310675e-06,0.05976933202966563,-0.9365146740139517,constant_log_futures
2022-12-05,361,1,-0.001577437023680476,1.8307796374360695e-05,-0.001577437023680476,1.8307796374360695e-05,0.01166347375084958,0.9872090008043797,constant_log_futures
2022-12-05,362,2,-0.0024238689272975365,2.249251896914577e-05,-0.0024238689272975365,2.249251896914577e-05,0.008697412033244102,-0.15757628524823677,constant_log_futures
2022-12-05,363,3,-0.00473085085158843,2.4693928758865417e-05,-0.00473085085158843,2.4693928758865417e-05,0.008948276029361062,-1.536713730213523,constant_log_futures
2022-12-06,364,0,-0.0002678780344735434,4.812014039696934e-06,-0.0002678780344735434,4.812014039696934e-06,0.008170280051443074,-0.12211630665044669,constant_log_futures
2022-12-06,365,1,0.0009257558632232922,1.8026018647824295e-05,0.0009257558632232922,1.8026018647824295e-05,-0.0070588884570776025,0.6589884961124143,constant_log_futures
2022-12-06,366,2,0.0006763325841482488,2.2451001819494993e-05,0.0006763325841482488,2.2451001819494993e-05,-0.0024630619482413837,-0.038012506523292244,constant_log_futures
2022-12-06,367,3,-0.001147113723408838,2.4664755289409862e-05,-0.001147113723408838,2.4664755289409862e-05,0.0021866855352480974,-1.1866150419046948,constant_log_futures
2022-12-07,368,0,-0.0011728385705581468,4.100237063255255e-06,-0.0011728385705581468,4.100237063255255e-06,0.04088180160231254,-0.5792069393969995,constant_log_futures
2022-12-07,369,1,-0.0004288236748395276,1.77273691826128e-05,-0.0004288236748395276,1.77273691826128e-05,0.003375257311640153,0.7457814394239158,constant_log_futures
2022-12-07,370,2,2.0433291661868525e-05,2.240808359217806e-05,2.0433291661868525e-05,2.240808359217806e-05,-7.55412600832715e-05,0.552670572186952,constant_log_futures
2022-12-07,371,3,-0.0016118780194680632,2.4635797669019972e-05,-0.0016118780194680632,2.4635797669019972e-05,0.003096836509844153,-0.9498260988624309,constant_log_futures
2022-12-08,372,0,0.0007310208442994628,3.4178317476044975e-06,0.0007310208442994628,3.4178317476044975e-06,-0.029728181001511488,0.3954161659969999,constant_log_futures
2022-12-08,373,1,0.0012919543363369805,1.7410890703854647e-05,0.0012919543363369805,1.7410890703854647e-05,-0.010507895268874108,-0.029303158407153574,constant_log_futures
2022-12-08,374,2,0.001515216890214945,2.2363618803266087e-05,0.001515216890214945,2.2363618803266087e-05,-0.0056878910955761005,0.03153980351051587,constant_log_futures
2022-12-08,375,3,0.00021137036040149923,2.4607050048376752e-05,0.00021137036040149923,2.4607050048376752e-05,-0.00040932038046004614,-0.8021096711781683,constant_log_futures
2022-12-09,377,0,-0.00018637556180181808,1.707557521306468e-05,-0.00018637556180181808,1.707557521306468e-05,0.001568125416539435,-0.045102570537324034,constant_log_futures
2022-12-09,378,1,-3.651164730050088e-05,2.2317433002844934e-05,-3.651164730050088e-05,2.2317433002844934e-05,0.00013920065533315961,0.1072969708828884,constant_log_futures
2022-12-09,379,2,-0.0004903410863364016,2.4578501743292097e-05,-0.0004903410863364016,2.4578501743292097e-05,0.000957145800528656,-0.2578027111827167,constant_log_futures
2022-12-12,381,0,0.0010007959885279688,1.674326246823979e-05,0.0010007959885279688,1.674326246823979e-05,-0.008721222185743727,0.24458257514594042,constant_log_futures
2022-12-12,382,1,0.0007198294781188656,2.2280815999282047e-05,0.0007198294781188656,2.2280815999282047e-05,-0.0027879109946190987,-0.2400108788394937,constant_log_futures
2022-12-12,383,2,0.0007596809745466573,2.4550404197586117e-05,0.0007596809745466573,2.4550404197586117e-05,-0.001494856111204713,-0.029571842240600256,constant_log_futures
2022-12-13,385,0,0.001772929563537863,1.636169811938357e-05,0.001772929563537863,1.636169811938357e-05,-0.016022030129749575,0.43830587728084547,constant_log_futures
2022-12-13,386,1,0.002442879861195013,2.222738022877783e-05,0.002442879861195013,2.222738022877783e-05,-0.00961391429244489,0.31657951673133355,constant_log_futures
2022-12-13,387,2,0.0025340728317158334,2.4525069426610338e-05,0.0025340728317158334,2.4525069426610338e-05,-0.005026941227143605,0.10060627243435112,constant_log_futures
2022-12-14,389,0,-0.0025960568480241065,1.5956962850029342e-05,-0.0025960568480241065,1.5956962850029342e-05,0.024362995035303155,-0.6498888431653065,constant_log_futures
2022-12-14,390,1,-0.0031855617414596697,2.2171491660101105e-05,-0.0031855617414596697,2.2171491660101105e-05,0.012742246965838679,-0.19125697888679058,constant_log_futures
2022-12-14,391,2,-0.004245941441224581,2.449683977561178e-05,-0.004245941441224581,2.449683977561178e-05,0.008491882882449162,-0.6618437353691418,constant_log_futures
2022-12-15,393,0,0.0001035424685606602,1.552955719676707e-05,0.0001035424685606602,1.552955719676707e-05,-0.0010105744931520435,0.026274773354015842,constant_log_futures
2022-12-15,394,1,0.0007982332085393964,2.211308141531044e-05,0.0007982332085393964,2.211308141531044e-05,-0.0032461483813935456,0.43383444924921405,constant_log_futures
2022-12-15,395,2,0.0009967932648103743,2.4467932245959043e-05,0.0009967932648103743,2.4467932245959043e-05,-0.0020100624513531514,0.2005617703213549,constant_log_futures
2022-12-16,397,0,0.006181669089750258,1.5079041712490115e-05,0.006181669089750258,1.5079041712490115e-05,-0.06284696907912762,1.5919113599211816,constant_log_futures
2022-12-16,398,1,0.007387192115496375,2.2051987825220063e-05,0.007387192115496375,2.2051987825220063e-05,-0.030550421630188403,0.22033873294617523,constant_log_futures
2022-12-16,399,2,0.007882182043841442,2.443897383124769e-05,0.007882182043841442,2.443897383124769e-05,-0.016027103489144268,0.2811620007038483,constant_log_futures
2022-12-19,400,0,0.002832883629225278,1.4604817877593179e-05,0.002832883629225278,1.4604817877593179e-05,-0.030053200240476863,0.7412772331777774,constant_log_futures
2022-12-19,401,1,0.0020841431960257764,1.955889374191166e-05,0.0020841431960257764,1.955889374191166e-05,-0.013382393153428668,-0.6788932646712135,constant_log_futures
2022-12-19,402,2,0.00307518928904535,2.1988024043580068e-05,0.00307518928904535,2.1988024043580068e-05,-0.012937003215983888,0.3341058327723739,constant_log_futures
2022-12-19,403,3,0.003581310631311379,2.4410129123870225e-05,0.003581310631311379,2.4410129123870225e-05,-0.007343191546554424,0.437263730237513,constant_log_futures
2022-12-20,404,0,-0.0016152364283882831,1.4007032491211803e-05,-0.0016152364283882831,1.4007032491211803e-05,0.01791444038757914,-0.43158171120684313,constant_log_futures
2022-12-20,405,1,-0.0020858061255757763,1.9235371289320494e-05,-0.0020858061255757763,1.9235371289320494e-05,0.013755045801094308,-0.20507771175224285,constant_log_futures
2022-12-20,406,2,-0.0008759852358008215,2.1834687987902066e-05,-0.0008759852358008215,2.1834687987902066e-05,0.0037498315357087798,0.9317385676390225,constant_log_futures
2022-12-20,407,3,-0.0006853791745852766,2.437096334465963e-05,-0.0006853791745852766,2.437096334465963e-05,0.0014172247338881993,0.4348764770247999,constant_log_futures
2022-12-21,408,0,0.0007651683387508265,1.348348985786654e-05,0.0007651683387508265,1.348348985786654e-05,-0.008890527364533413,0.208379904673309,constant_log_futures
2022-12-21,409,1,0.0014328965002375752,1.900784930845466e-05,0.0014328965002375752,1.900784930845466e-05,-0.009711854057165788,0.38657160257774337,constant_log_futures
2022-12-21,410,2,0.0018606527066156963,2.17626832203631e-05,0.0018606527066156963,2.17626832203631e-05,-0.008107129650254105,0.4434829510807869,constant_log_futures
2022-12-21,411,3,0.0029780472939297305,2.4334627515817616e-05,0.0029780472939297305,2.4334627515817616e-05,-0.0062106285446055925,0.7943002147516816,constant_log_futures
2022-12-22,412,0,0.0010239541234772658,1.293685258188641e-05,0.0010239541234772658,1.293685258188641e-05,-0.012492240306422644,0.2846860486534469,constant_log_futures
2022-12-22,413,1,0.0016888850865462552,1.8767723860932398e-05,0.0016888850865462552,1.8767723860932398e-05,-0.01177394174620818,0.3526484531662502,constant_log_futures
2022-12-22,414,2,0.0029166282969076652,2.1687092290449054e-05,0.0029166282969076652,2.1687092290449054e-05,-0.01293922371719037,1.016604766695658,constant_log_futures
2022-12-22,415,3,0.004640904846196583,2.4304117835693693e-05,0.004640904846196583,2.4304117835693693e-05,-0.009761903297172123,1.3438284190233296,constant_log_futures
2022-12-23,416,0,-0.0024423658344997065,1.2365648696463117e-05,-0.0024423658344997065,1.2365648696463117e-05,0.0313651191377857,-0.6945479983311402,constant_log_futures
2022-12-23,417,1,-0.0035886629875890586,1.8513386277843672e-05,-0.0035886629875890586,1.8513386277843672e-05,0.02575393438152148,-0.5208214665221563,constant_log_futures
2022-12-23,418,2,-0.0025888406418109093,2.1607599162839892e-05,-0.0025888406418109093,2.1607599162839892e-05,0.01169772438151596,0.7255257134031228,constant_log_futures
2022-12-23,419,3,-0.00029149621590975755,2.427523822159487e-05,-0.00029149621590975755,2.427523822159487e-05,0.0006184789276693985,1.7482172496489545,constant_log_futures
2022-12-26,420,0,0.0008906601163681301,1.1769762924964273e-05,0.0008906601163681301,1.1769762924964273e-05,-0.012073392688545764,0.2596140232897342,constant_log_futures
2022-12-26,421,1,0.0004768392137292456,1.824388520395925e-05,0.0004768392137292456,1.824388520395925e-05,-0.0035257202469677553,-0.3620654848435138,constant_log_futures
2022-12-26,422,2,0.0021600582460175547,2.152392713276226e-05,0.0021600582460175547,2.152392713276226e-05,-0.009944419094873272,1.0704036581521805,constant_log_futures
2022-12-26,423,3,0.0019518437438877621,2.4246868990682544e-05,0.0019518437438877621,2.4246868990682544e-05,-0.004177630469373806,0.19390009985444104,constant_log_futures
2022-12-27,424,0,0.00038039426347931437,1.114958356544036e-05,0.00038039426347931437,1.114958356544036e-05,-0.005459776487585453,0.11392122216901164,constant_log_futures
2022-12-27,425,1,-0.00041778081057513607,1.7958363144484637e-05,-0.00041778081057513607,1.7958363144484637e-05,0.0031855786806354123,-0.5568348192127928,constant_log_futures
2022-12-27,426,2,2.7299257091783406e-05,2.143578598743724e-05,2.7299257091783406e-05,2.143578598743724e-05,-0.00012809651404606062,0.09744840320301462,constant_log_futures
2022-12-27,427,3,-0.0009089931254321702,2.4218742360892665e-05,-0.0009089931254321702,2.4218742360892665e-05,0.0019627816159774295,-0.524441967778358,constant_log_futures
2022-12-28,428,0,0.003001135912144783,1.0505908454380437e-05,0.003001135912144783,1.0505908454380437e-05,-0.04576732266020794,0.9259101770779062,constant_log_futures
2022-12-28,429,1,0.0025490473511022983,1.765597251137205e-05,0.0025490473511022983,1.765597251137205e-05,-0.020063469473192284,-0.6710454202944439,constant_log_futures
2022-12-28,430,2,0.0037903352610344954,2.134286887073899e-05,0.0037903352610344954,2.134286887073899e-05,-0.0181341530135768,0.4209963608190184,constant_log_futures
2022-12-28,431,3,0.003964084494381449,2.4190794230877484e-05,0.003964084494381449,2.4190794230877484e-05,-0.008636041219902442,0.2148492475177763,constant_log_futures
2022-12-29,432,0,-0.001723474119667257,9.839982979819676e-06,-0.001723474119667257,9.839982979819676e-06,0.028035179013254048,-0.5494239573012157,constant_log_futures
2022-12-29,433,1,-0.002410227614280901,1.733585886434441e-05,-0.002410227614280901,1.733585886434441e-05,0.01960318459615133,-0.18637226247004324,constant_log_futures
2022-12-29,434,2,-0.002445182395968389,2.124485070396273e-05,-0.002445182395968389,2.124485070396273e-05,0.011932490092325738,0.0808319975944553,constant_log_futures
2022-12-29,435,3,-0.003304643838185877,2.4163009605741806e-05,-0.003304643838185877,2.4163009605741806e-05,0.007264262130786973,-0.4572930175159604,constant_log_futures
2022-12-30,436,0,-0.00028675394997461075,9.153578920932435e-06,-0.00028675394997461075,9.153578920932435e-06,0.0049977116995575015,-0.09477939753245376,constant_log_futures
2022-12-30,437,1,-0.00034876063961882,1.6997161126732894e-05,-0.00034876063961882,1.6997161126732894e-05,0.0029343998643790374,0.006413063694719216,constant_log_futures
2022-12-30,438,2,-0.000871843892452957,2.1141386933618684e-05,-0.000871843892452957,2.1141386933618684e-05,0.004341426729765745,-0.35499607134191424,constant_log_futures
2022-12-30,439,3,-0.002686899060272821,2.4135385502235767e-05,-0.002686899060272821,2.4135385502235767e-05,0.005960030642786985,-1.2292191098402285,constant_log_futures
2023-01-03,440,0,-0.0008949883196851236,8.449094792786847e-06,-0.0008949883196851236,8.449094792786847e-06,0.016798242307936168,-0.30790183427959317,constant_log_futures
2023-01-03,441,1,-0.0023473397950143776,1.663901697813971e-05,-0.0023473397950143776,1.663901697813971e-05,0.020455389642268146,-0.7252751179274978,constant_log_futures
2023-01-03,442,2,-0.0029564243004256844,2.1032112264337076e-05,-0.0029564243004256844,2.1032112264337076e-05,0.015028490193830563,-0.5621084745522271,constant_log_futures
2023-01-03,443,3,-0.004843148696306981,2.410792194961142e-05,-0.004843148696306981,2.410792194961142e-05,0.010841543870632141,-1.251737197196181,constant_log_futures
2023-01-04,444,0,0.00018905876172147157,7.729675101693471e-06,0.00018905876172147157,7.729675101693471e-06,-0.003844194821669922,0.06800113932894611,constant_log_futures
2023-01-04,445,1,-0.0006474549328391002,1.6260570668619642e-05,-0.0006474549328391002,1.6260570668619642e-05,0.005851074207879277,-0.5309977906159089,constant_log_futures
2023-01-04,446,2,-0.0006431123510072193,2.091663922110238e-05,-0.0006431123510072193,2.091663922110238e-05,0.0033387109286332236,-0.17080447249746034,constant_log_futures
2023-01-04,447,3,-0.002174868157830351,2.4080619746680637e-05,-0.002174868157830351,2.4080619746680637e-05,0.004913591023246349,-0.9651092509243773,constant_log_futures
2023-01-05,448,0,0.0022945631770377563,6.999350190978389e-06,0.0022945631770377563,6.999350190978389e-06,-0.05089758319974659,0.8673036187665866,constant_log_futures
2023-01-05,449,1,0.0015995579914377688,1.5860982737032072e-05,0.0015995579914377688,1.5860982737032072e-05,-0.01501123653503137,-0.874149113111577,constant_log_futures
2023-01-05,450,2,0.0016584760502131755,2.0794556415954484e-05,0.0016584760502131755,2.0794556415954484e-05,-0.00879713383156554,-0.5148802529767443,constant_log_futures
2023-01-05,451,3,0.0006678554298202473,2.405347982635578e-05,0.0006678554298202473,2.405347982635578e-05,-0.001522960045571405,-0.7704857293157276,constant_log_futures
2023-01-06,452,0,0.0012278981204134822,6.26319977159655e-06,0.0012278981204134822,6.26319977159655e-06,-0.029960714138088967,0.4906414130663245,constant_log_futures
2023-01-06,453,1,0.0006278865443598678,1.5439441694199542e-05,0.0006278865443598678,1.5439441694199542e-05,-0.006128172672952309,-0.6134458948353697,constant_log_futures
2023-01-06,454,2,0.0006729248352512372,2.0665426367525805e-05,0.0006729248352512372,2.0665426367525805e-05,-0.003648747995584486,-0.3039082628508319,constant_log_futures
2023-01-06,455,3,0.0005043930361601154,2.4026502960438157e-05,0.0005043930361601154,2.4026502960438157e-05,-0.0011610556681421525,-0.1860031789731707,constant_log_futures
2023-01-09,456,0,-0.0025866770898989627,5.527544041308847e-06,-0.0025866770898989627,5.527544041308847e-06,0.07012768999281632,-1.1002113243781124,constant_log_futures
2023-01-09,457,1,-0.00397716068865705,1.4995177905819321e-05,-0.00397716068865705,1.4995177905819321e-05,0.040434467001346674,-0.12366324054566592,constant_log_futures
2023-01-09,458,2,-0.0036416251231607384,2.0528782663076226e-05,-0.0036416251231607384,2.0528782663076226e-05,0.020194466592073187,0.6827120707655698,constant_log_futures
2023-01-09,459,3,-0.004312144581061611,2.3999689469363013e-05,-0.004312144581061611,2.3999689469363013e-05,0.0100206026455146,-0.10188431879700056,constant_log_futures
2023-01-10,460,0,0.0006862155724581011,4.800167037722564e-06,0.0006862155724581011,4.800167037722564e-06,-0.020929574959972084,0.31320767393037363,constant_log_futures
2023-01-10,461,1,0.0016757564293901892,1.4527479996331935e-05,0.0016757564293901892,1.4527479996331935e-05,-0.017777589946574184,0.33643020987490907,constant_log_futures
2023-01-10,462,2,0.0018257829969459726,2.0384126166045564e-05,0.0018257829969459726,2.0384126166045564e-05,-0.010360257005925983,0.015287890159236867,constant_log_futures
2023-01-10,463,3,0.0010211342965742547,2.3973038819032755e-05,0.0010211342965742547,2.3973038819032755e-05,-0.00239573815734729,-0.5573093120194382,constant_log_futures
2023-01-11,464,0,0.002189785892758599,4.090577666954401e-06,0.002189785892758599,4.090577666954401e-06,-0.07632967969044259,1.0827029800035968,constant_log_futures
2023-01-11,465,1,0.0021588985877617423,1.4035714182759276e-05,0.0021588985877617423,1.4035714182759276e-05,-0.023944147973357505,-0.6353883098587026,constant_log_futures
2023-01-11,466,2,0.0022794034743608884,2.0230919856122033e-05,0.0022794034743608884,2.0230919856122033e-05,-0.013242248755810876,-0.4726842072670296,constant_log_futures
2023-01-11,467,3,0.002112952161754871,2.394654902727054e-05,0.002112952161754871,2.394654902727054e-05,-0.005005440072506685,-0.2899343173970136,constant_log_futures
2023-01-12,468,0,0.0004221024567524179,3.4103147020314202e-06,0.0004221024567524179,3.4103147020314202e-06,-0.01716549990793166,0.2285707488916339,constant_log_futures
2023-01-12,469,1,0.00019935728102584707,1.3519347079484294e-05,0.00019935728102584707,1.3519347079484294e-05,-0.0023163417414431755,-0.23130726154975528,constant_log_futures
2023-01-12,470,2,0.0013623590365998556,2.006858174487219e-05,0.0013623590365998556,2.006858174487219e-05,-0.00810769768122841,0.6755864125612784,constant_log_futures
2023-01-12,471,3,0.0011955356108753878,2.392021579590957e-05,0.0011955356108753878,2.392021579590957e-05,-0.002859908716211712,0.06426726557367776,constant_log_futures
2023-01-13,473,0,0.00424654119725463,1.2977972736835804e-05,0.00424654119725463,1.2977972736835804e-05,-0.051807802606506484,1.1787777044265124,constant_log_futures
2023-01-13,474,1,0.005571038768058672,1.9896475152201517e-05,0.005571038768058672,1.9896475152201517e-05,-0.0339833364851579,0.413334001522171,constant_log_futures
2023-01-13,475,2,0.00567533048976048,2.389403126334498e-05,0.00567533048976048,2.389403126334498e-05,-0.013710699401005515,-0.033542247229361846,constant_log_futures
2023-01-16,477,0,-0.0018063456732041415,1.2426960760052642e-05,-0.0018063456732041415,1.2426960760052642e-05,0.023197281276937397,-0.5124109473933516,constant_log_futures
2023-01-16,478,1,-0.0011344768016541258,1.9730177613200757e-05,-0.0011344768016541258,1.9730177613200757e-05,0.007097752297528377,0.6367493979632611,constant_log_futures
2023-01-16,479,2,-0.000610705630943854,2.3868237278907666e-05,-0.000610705630943854,2.3868237278907666e-05,0.0014901217395030038,0.5514052837602748,constant_log_futures
2023-01-17,481,0,0.0010284441225040615,1.183110188470744e-05,0.0010284441225040615,1.183110188470744e-05,-0.013941131438388389,0.2989978761078122,constant_log_futures
2023-01-17,482,1,0.0031676015772703872,1.9532262216309516e-05,0.0031676015772703872,1.9532262216309516e-05,-0.020339336443525643,1.2226766865650305,constant_log_futures
2023-01-17,483,2,0.00333331582503682,2.3844567576601777e-05,0.00333331582503682,2.3844567576601777e-05,-0.008215445063727112,0.3177901742020765,constant_log_futures
2023-01-18,485,0,0.0016274242527634653,1.1209808406729977e-05,0.0016274242527634653,1.1209808406729977e-05,-0.02335832456907562,0.48607321373056134,constant_log_futures
2023-01-18,486,1,0.004211798629942605,1.9322001500713554e-05,0.004211798629942605,1.9322001500713554e-05,-0.02777510447854042,1.387533508085473,constant_log_futures
2023-01-18,487,2,0.004102743146457567,2.3818783736284582e-05,0.004102743146457567,2.3818783736284582e-05,-0.010214993140159657,0.13913600799444076,constant_log_futures
2023-01-19,489,0,0.0020951050637256366,1.0564549435455633e-05,0.0020951050637256366,1.0564549435455633e-05,-0.031950352221815956,0.6445851807132229,constant_log_futures
2023-01-19,490,1,0.004149048350376873,1.909899224092378e-05,0.004149048350376873,1.909899224092378e-05,-0.02812132770810992,0.9443799989824815,constant_log_futures
2023-01-19,491,2,0.004055056288253856,2.3792320103135078e-05,0.004055056288253856,2.3792320103135078e-05,-0.010200347776638566,0.0067857353282296164,constant_log_futures
2023-01-20,493,0,0.00023868870373970532,9.896737633126068e-06,0.00023868870373970532,9.896737633126068e-06,-0.00388266958083254,0.07587275211066231,constant_log_futures
2023-01-20,494,1,0.0001408436438966659,1.8862583593634027e-05,0.0001408436438966659,1.8862583593634027e-05,-0.000981881403165328,-0.0993533933080521,constant_log_futures
2023-01-20,495,2,-0.000434308646011542,2.376570101049448e-05,-0.000434308646011542,2.376570101049448e-05,0.0011038678086126694,-0.37823867721603965,constant_log_futures
2023-01-30,496,0,-0.00416273763331247,9.208178899232797e-06,-0.00416273763331247,9.208178899232797e-06,0.07255057018058876,-1.3718043166847917,constant_log_futures
2023-01-30,497,1,-0.0028654103045593834,1.861204903563607e-05,-0.0028654103045593834,1.861204903563607e-05,0.020563532773896755,1.538325326130832,constant_log_futures
2023-01-30,498,2,-0.0017632319865261382,2.3739094703471496e-05,-0.0017632319865261382,2.3739094703471496e-05,0.004528722154867134,1.2529149780453321,constant_log_futures
2023-01-30,499,3,0.0025781148880340762,2.6985389028489883e-05,0.0025781148880340762,2.6985389028489883e-05,-0.003981392611900725,2.368559046482255,constant_log_futures
2023-01-31,500,0,-0.00032549717152818977,8.497681916604366e-06,-0.00032549717152818977,8.497681916604366e-06,0.006109331527144485,-0.11165983550290257,constant_log_futures
2023-01-31,501,1,0.003227878551403694,1.8344844088257812e-05,0.003227878551403694,1.8344844088257812e-05,-0.023866738380075796,2.1421682033503058,constant_log_futures
2023-01-31,502,2,0.002732853898422377,2.3360020427049094e-05,0.002732853898422377,2.3360020427049094e-05,-0.007093790970372978,0.1660871001452115,constant_log_futures
2023-01-31,503,3,0.0056679498636824244,2.5646377494494337e-05,0.0056679498636824244,2.5646377494494337e-05,-0.008808788323175233,1.7161168307854162,constant_log_futures
2023-02-01,504,0,-0.00215533049904172,7.764007629770597e-06,-0.00215533049904172,7.764007629770597e-06,0.04382505348051497,-0.7735188431392018,constant_log_futures
2023-02-01,505,1,-0.0009191719386179415,1.804747611401916e-05,-0.0009191719386179415,1.804747611401916e-05,0.007008686031961804,1.1830637691434045,constant_log_futures
2023-02-01,506,2,-0.003607114856770445,2.3333085341786862e-05,-0.003607114856770445,2.3333085341786862e-05,0.00946382822636547,-1.2382071523941682,constant_log_futures
2023-02-01,507,3,-0.0018870416695763708,2.5569781391057468e-05,-0.0018870416695763708,2.5569781391057468e-05,0.002951526713952785,0.8913616698820253,constant_log_futures
2023-02-02,508,0,-0.002146553393151359,7.029670454349695e-06,-0.002146553393151359,7.029670454349695e-06,0.04761445708444832,-0.8096069217061125,constant_log_futures
2023-02-02,509,1,-4.4866412489604716e-05,1.774646267207001e-05,-4.4866412489604716e-05,1.774646267207001e-05,0.00035314208540205,1.6851578707711106,constant_log_futures
2023-02-02,510,2,-0.0020838880320837192,2.3307301782962232e-05,-0.0020838880320837192,2.3307301782962232e-05,0.005526833476395951,-0.7359817376896499,constant_log_futures
2023-02-02,511,3,-0.0012083592025518876,2.553073355552968e-05,-0.0012083592025518876,2.553073355552968e-05,0.0019021912607913585,0.38513118505218874,constant_log_futures
2023-02-03,512,0,-0.0011990431035041641,6.290757301385951e-06,-0.0011990431035041641,6.290757301385951e-06,0.02925665172550161,-0.478061016226881,constant_log_futures
2023-02-03,513,1,-9.364435431085413e-05,1.7429980433118167e-05,-9.364435431085413e-05,1.7429980433118167e-05,0.000761640748394947,0.9091804578776189,constant_log_futures
2023-02-03,514,2,-0.0032966300897246514,2.3281721993159072e-05,-0.0032966300897246514,2.3281721993159072e-05,0.008839315844975987,-1.7010480295536514,constant_log_futures
2023-02-03,515,3,-0.004046714397089035,2.549677216824562e-05,-0.004046714397089035,2.549677216824562e-05,0.006411677356426782,-0.6750205382964628,constant_log_futures
2023-02-06,516,0,0.000612468323117421,5.5523208208793565e-06,0.000612468323117421,5.5523208208793565e-06,-0.016604696760072302,0.2599239844023271,constant_log_futures
2023-02-06,517,1,0.0030576728216520762,1.7095408523643335e-05,0.0030576728216520762,1.7095408523643335e-05,-0.02572662649941747,1.0901168771939238,constant_log_futures
2023-02-06,518,2,0.0007755289310986749,2.325627307363296e-05,0.0007755289310986749,2.325627307363296e-05,-0.0021025451020897407,-1.3611340474717109,constant_log_futures
2023-02-06,519,3,0.000699195577922921,2.546375444957629e-05,0.000699195577922921,2.546375444957629e-05,-0.001115057000086227,-0.21712999569052419,constant_log_futures
2023-02-07,520,0,-0.0022217218698783086,4.821974443250701e-06,-0.0022217218698783086,4.821974443250701e-06,0.06776251703128841,-1.0117593766188855,constant_log_futures
2023-02-07,521,1,-0.001869087705524064,1.6741574061492567e-05,-0.001869087705524064,1.6741574061492567e-05,0.016287764290995415,0.856134309051318,constant_log_futures
2023-02-07,522,2,-0.0030272505798290186,2.323094290946497e-05,-0.0030272505798290186,2.323094290946497e-05,0.008299428555935736,-0.27711475436820926,constant_log_futures
2023-02-07,523,3,-0.0035787034326512854,2.5431081217205224e-05,-0.0035787034326512854,2.5431081217205224e-05,0.005744760773466537,-0.416599386999111,constant_log_futures
2023-02-08,524,0,-0.0011399730939030005,4.10922119890276e-06,-0.0011399730939030005,4.10922119890276e-06,0.039736204987476015,-0.5623605423635711,constant_log_futures
2023-02-08,525,1,0.00014002587028757226,1.6367508015960988e-05,0.00014002587028757226,1.6367508015960988e-05,-0.0012654189759321345,0.974010435000087,constant_log_futures
2023-02-08,526,2,-9.765847864333724e-05,2.3205720889283356e-05,-9.765847864333724e-05,2.3205720889283356e-05,0.00027078032714743504,0.11049032575862344,constant_log_futures
2023-02-08,527,3,0.0009622653392691929,2.539866560161112e-05,0.0009622653392691929,2.539866560161112e-05,-0.0015549188263687622,0.6251189867471079,constant_log_futures
2023-02-09,528,0,0.0037329760884758888,3.4256369832263614e-06,0.0037329760884758888,3.4256369832263614e-06,-0.15180769426468615,2.0169008024107566,constant_log_futures
2023-02-09,529,1,0.007069584111698248,1.5972255582073316e-05,0.007069584111698248,1.5972255582073316e-05,-0.06634532781747587,0.18970862444325903,constant_log_futures
2023-02-09,530,2,0.007969580230208636,2.3180587428029947e-05,0.007969580230208636,2.3180587428029947e-05,-0.022351466392769047,-0.2109332073001965,constant_log_futures
2023-02-09,531,3,0.009071098970537806,2.5366495266920226e-05,0.009071098970537806,2.5366495266920226e-05,-0.014755654325408164,0.6908502128882242,constant_log_futures
2023-02-10,533,0,-0.0030394006450879087,1.5554844963326213e-05,-0.0030394006450879087,1.5554844963326213e-05,0.02966455029605799,-0.7706463182271005,constant_log_futures
2023-02-10,534,1,-0.003956052012101249,2.315550746731296e-05,-0.003956052012101249,2.315550746731296e-05,0.011224147569217496,-0.28640974544562653,constant_log_futures
2023-02-10,535,2,-0.0023562380739523946,2.533456575836219e-05,-0.0023562380739523946,2.533456575836219e-05,0.003858537517076405,0.9667444119460601,constant_log_futures
2023-02-13,537,0,-0.0032333303505105463,1.5144212175544145e-05,-0.0032333303505105463,1.5144212175544145e-05,0.03287219189685722,-0.8308578665094181,constant_log_futures
2023-02-13,538,1,-0.004098100676227399,2.31397344869912e-05,-0.004098100676227399,2.31397344869912e-05,0.01176395958822924,-0.21306248033013037,constant_log_futures
2023-02-13,539,2,-0.0031702538502130853,2.5303532468458158e-05,-0.0031702538502130853,2.5303532468458158e-05,0.005226634726026978,0.5516418416168795,constant_log_futures
2023-02-14,541,0,0.0006621911937576331,1.467276376905741e-05,0.0006621911937576331,1.467276376905741e-05,-0.007024984838124456,0.1728731072677128,constant_log_futures
2023-02-14,542,1,0.0006319787766782617,2.3112055222808936e-05,0.0006319787766782617,2.3112055222808936e-05,-0.0018357478751130458,-0.08195711315405667,constant_log_futures
2023-02-14,543,2,0.0004960641047675948,2.527460405879902e-05,0.0004960641047675948,2.527460405879902e-05,-0.0008233989221992731,-0.08918213694854085,constant_log_futures
2023-02-15,545,0,-0.0013355076736221063,1.4174501932667913e-05,-0.0013355076736221063,1.4174501932667913e-05,0.014811994198354269,-0.35472556083273055,constant_log_futures
2023-02-15,546,1,-0.0023395470504165416,2.308419618251638e-05,-0.0023395470504165416,2.308419618251638e-05,0.0068777045819474235,-0.42915518872797714,constant_log_futures
2023-02-15,547,2,-0.0029479344887796306,2.524294107911615e-05,-0.0029479344887796306,2.524294107911615e-05,0.004926685036042671,-0.40791413993337744,constant_log_futures
2023-02-16,549,0,0.0023913775024495916,1.3650958638661504e-05,0.0023913775024495916,1.3650958638661504e-05,-0.027785529076080968,0.6472418101176853,constant_log_futures
2023-02-16,550,1,0.0025699299080248345,2.3056161633306068e-05,0.0025699299080248345,2.3056161633306068e-05,-0.007647108506805605,-0.1804409505328213,constant_log_futures
2023-02-16,551,2,0.0031153808052692064,2.5210857762490543e-05,0.0031153808052692064,2.5210857762490543e-05,-0.005242433906797837,0.32453588259130967,constant_log_futures
2023-02-17,553,0,-0.00018314108547667993,1.3102191923864158e-05,-0.00018314108547667993,1.3102191923864158e-05,0.002234321242815495,-0.050595722916197815,constant_log_futures
2023-02-17,554,1,-0.0002811221120824891,2.3027939060796905e-05,-0.0002811221120824891,2.3027939060796905e-05,0.0008468369796065104,-0.031225326371880444,constant_log_futures
2023-02-17,555,2,0.0004608852917941629,2.517886026786516e-05,0.0004608852917941629,2.517886026786516e-05,-0.0007809445222067761,0.4510819892168246,constant_log_futures
2023-02-20,556,0,-0.0027264137972492185,1.2528149645093952e-05,-0.0027264137972492185,1.2528149645093952e-05,0.03501289297520049,-0.7702794377783801,constant_log_futures
2023-02-20,557,1,-0.0012286773937024136,2.0538958250424985e-05,-0.0012286773937024136,2.0538958250424985e-05,0.006972029861939277,1.2886806530926689,constant_log_futures
2023-02-20,558,2,-0.005560382991809484,2.2999515206806543e-05,-0.005560382991809484,2.2999515206806543e-05,0.01695916812501893,-2.5467287322995946,constant_log_futures
2023-02-20,559,3,-0.004757392877728712,2.51470569621044e-05,-0.004757392877728712,2.51470569621044e-05,0.008117509525635004,-0.07535100178724037,constant_log_futures
2023-02-21,560,0,-0.003272233366747872,1.1804906168281358e-05,-0.003272233366747872,1.1804906168281358e-05,0.04435694119369338,-0.9523859921139635,constant_log_futures
2023-02-21,561,1,-0.0014539610548331538,2.0228276983117296e-05,-0.0014539610548331538,2.0228276983117296e-05,0.00844682136617356,1.5892996051917692,constant_log_futures
2023-02-21,562,2,-0.0032167424101868583,2.2887381432841376e-05,-0.0032167424101868583,2.2887381432841376e-05,0.009935255039058144,-0.593803626788164,constant_log_futures
2023-02-21,563,3,-0.003142613671318451,2.511074269347062e-05,-0.003142613671318451,2.511074269347062e-05,0.005399984054941564,-0.21214074486112164,constant_log_futures
2023-02-22,564,0,0.001869903132374362,1.1179915691374635e-05,0.001869903132374362,1.1179915691374635e-05,-0.026838609664667314,0.5592420832733677,constant_log_futures
2023-02-22,565,1,0.004692192613480679,2.0059702683165705e-05,0.004692192613480679,2.0059702683165705e-05,-0.027924268236324042,1.451238004051054,constant_log_futures
2023-02-22,566,2,0.0011722473538473468,2.285577518864787e-05,0.0011722473538473468,2.285577518864787e-05,-0.0036670301838301615,-2.13845745268876,constant_log_futures
2023-02-22,567,3,0.0011541646081942337,2.5070048512211198e-05,0.0011541646081942337,2.5070048512211198e-05,-0.001997277761697823,-0.554925685633352,constant_log_futures
2023-02-23,568,0,0.0006557590444839097,1.0534212739419088e-05,0.0006557590444839097,1.0534212739419088e-05,-0.010000325428379623,0.20204273876202025,constant_log_futures
2023-02-23,569,1,0.0029422637299083097,1.9883073054357088e-05,0.0029422637299083097,1.9883073054357088e-05,-0.01794780875244069,1.2760780115359402,constant_log_futures
2023-02-23,570,2,0.000412317561518695,2.2823644121198414e-05,0.000412317561518695,2.2823644121198414e-05,-0.0013065647403969036,-1.4398760154638486,constant_log_futures
2023-02-23,571,3,0.0011338610519030234,2.503687645905796e-05,0.0011338610519030234,2.503687645905796e-05,-0.0019761578333166983,0.06268441532958909,constant_log_futures
2023-02-24,572,0,0.00023089272508070653,9.866601010346439e-06,0.00023089272508070653,9.866601010346439e-06,-0.0037558549946461596,0.07350662218579777,constant_log_futures
2023-02-24,573,1,0.0020889169686650203,1.969611020320191e-05,0.0020889169686650203,1.969611020320191e-05,-0.013069121547545253,1.0645918177373541,constant_log_futures
2023-02-24,574,2,-0.00011342350218200396,2.279094044278402e-05,-0.00011342350218200396,2.279094044278402e-05,0.0003641491385843285,-1.256344049672521,constant_log_futures
2023-02-24,575,3,0.001125962735223994,2.500531462068783e-05,0.001125962735223994,2.500531462068783e-05,-0.0019765101251413993,0.44404567532876627,constant_log_futures
2023-02-27,576,0,-0.000322600834049511,9.178477461037362e-06,-0.000322600834049511,9.178477461037362e-06,0.005622471679148621,-0.10648297174062044,constant_log_futures
2023-02-27,577,1,0.0018233810604193837,1.9497908555563374e-05,0.0018233810604193837,1.9497908555563374e-05,-0.011708025756377095,1.3184139682102467,constant_log_futures
2023-02-27,578,2,-0.0019205218598304895,2.2757609531893348e-05,-0.0019205218598304895,2.2757609531893348e-05,0.006248097783981859,-2.2393719042563403,constant_log_futures
2023-02-27,579,3,-0.0010258694118475825,2.4974212552453403e-05,-0.0010258694118475825,2.4974212552453403e-05,0.0018138560615276098,0.024439287925673403,constant_log_futures
2023-02-28,580,0,-0.0008868591087581453,8.472174624364098e-06,-0.0008868591087581453,8.472174624364098e-06,0.01664566327207596,-0.3046892849574303,constant_log_futures
2023-02-28,581,1,0.0011968968866401782,1.928773283195193e-05,0.0011968968866401782,1.928773283195193e-05,-0.007893049738924417,1.384786468371644,constant_log_futures
2023-02-28,582,2,-0.0011646685723663806,2.272359684316527e-05,-0.0011646685723663806,2.272359684316527e-05,0.0038402585359107685,-1.2210754344991805,constant_log_futures
2023-02-28,583,3,0.0002804347484397368,2.4943366158175423e-05,0.0002804347484397368,2.4943366158175423e-05,-0.0004994604278780714,0.5589293757969349,constant_log_futures
2023-03-01,584,0,-0.0014374159080324696,7.750826874402626e-06,-0.0014374159080324696,7.750826874402626e-06,0.029227456796660216,-0.51630749401576,constant_log_futures
2023-03-01,585,1,0.0005844264909697717,1.9064852128633056e-05,0.0005844264909697717,1.9064852128633056e-05,-0.003961112883239563,1.469379921653514,constant_log_futures
2023-03-01,586,2,-0.000963200483742219,2.2688843794768077e-05,-0.000963200483742219,2.2688843794768077e-05,0.0032194646305904306,-0.5988578698870544,constant_log_futures
2023-03-01,587,3,-0.0007871392675276347,2.491274109604901e-05,-0.0007871392675276347,2.491274109604901e-05,0.0014122204505642858,-0.11782136130944863,constant_log_futures
2023-03-02,588,0,0.00037955709657662645,7.0184675551089004e-06,0.00037955709657662645,7.0184675551089004e-06,-0.008419266505881533,0.14327023311748982,constant_log_futures
2023-03-02,589,1,0.0026691222612433858,1.8828508364451284e-05,0.0026691222612433858,1.8828508364451284e-05,-0.018607595192668178,1.1386658208963545,constant_log_futures
2023-03-02,590,2,0.0012755226357117743,2.2653286291129626e-05,0.0012755226357117743,2.2653286291129626e-05,-0.004322604487689902,-0.7403865883873573,constant_log_futures
2023-03-02,591,3,0.00221416291801034,2.4882333592540944e-05,0.00221416291801034,2.4882333592540944e-05,-0.004001894459218689,0.3584597365731258,constant_log_futures
2023-03-03,592,0,-0.0028237189121224525,6.280186267722033e-06,-0.0028237189121224525,6.280186267722033e-06,0.06889874145578785,-1.126769804459624,constant_log_futures
2023-03-03,593,1,-0.0009893133335674722,1.8577909128225523e-05,-0.0009893133335674722,1.8577909128225523e-05,0.007099778040895978,1.755411834471671,constant_log_futures
2023-03-03,594,2,-0.0026640345793888884,2.2616853268011895e-05,-0.0026640345793888884,2.2616853268011895e-05,0.009155273765787167,-0.5113253787416524,constant_log_futures
2023-03-03,595,3,-0.0017506153581719648,2.485214500642552e-05,-0.0017506153581719648,2.485214500642552e-05,0.0031876876671191,0.3463218111288882,constant_log_futures
2023-03-06,596,0,-0.003920633535297075,5.542320449050822e-06,-0.003920633535297075,5.542320449050822e-06,0.10629273140138736,-1.665368838541858,constant_log_futures
2023-03-06,597,1,-0.0017203481215464318,1.8312224773831052e-05,-0.0017203481215464318,1.8312224773831052e-05,0.012720149747191798,2.300424007291946,constant_log_futures
2023-03-06,598,2,-0.0037990715103926476,2.257946473215716e-05,-0.0037990715103926476,2.257946473215716e-05,0.013242477836225801,-0.5728171349389419,constant_log_futures
2023-03-06,599,3,-0.003854626524145137,2.482217681992607e-05,-0.003854626524145137,2.482217681992607e-05,0.007071645653318898,-0.2964528536796126,constant_log_futures
2023-03-07,600,0,0.0018541753155327822,4.812680681110558e-06,0.0018541753155327822,4.812680681110558e-06,-0.05655234712374985,0.8451956853432845,constant_log_futures
2023-03-07,601,1,0.00637108902143408,1.8030585836346138e-05,0.00637108902143408,1.8030585836346138e-05,-0.04857955378843486,1.553835059506676,constant_log_futures
2023-03-07,602,2,0.004707188580006894,2.2541029030000503e-05,0.004707188580006894,2.2541029030000503e-05,-0.016645710340893946,-1.1327239728818201,constant_log_futures
2023-03-07,603,3,0.0050011508588508335,2.4792429224015433e-05,0.0050011508588508335,2.4792429224015433e-05,-0.009244551587572753,-0.12817873656721052,constant_log_futures
2023-03-08,604,0,-0.0023243521072560127,4.100814171500323e-06,-0.0023243521072560127,4.100814171500323e-06,0.08102027345292387,-1.1478017260193754,constant_log_futures
2023-03-08,605,1,-0.0007242927339680787,1.773207987280589e-05,-0.0007242927339680787,1.773207987280589e-05,0.005700884744781006,1.5351643108389168,constant_log_futures
2023-03-08,606,2,-0.0030259560037591594,2.2501439055651516e-05,-0.0030259560037591594,2.2501439055651516e-05,0.010857842131135808,-1.0479344447023895,constant_log_futures
2023-03-08,607,3,-0.0024471319184099366,2.476290017662145e-05,-0.0024471319184099366,2.476290017662145e-05,0.004558016702992554,0.07377158430362411,constant_log_futures
2023-03-09,608,0,-0.0007740532453773634,3.4183122751648886e-06,-0.0007740532453773634,3.4183122751648886e-06,0.03147816531201278,-0.4186633734906755,constant_log_futures
2023-03-09,609,1,0.001655376444303522,1.741574745133439e-05,0.001655376444303522,1.741574745133439e-05,-0.013463728413668646,1.3130263738663526,constant_log_futures
2023-03-09,610,2,-0.00033551240339118986,2.246056704515103e-05,-0.00033551240339118986,2.246056704515103e-05,0.001221866066081348,-1.1134805734117756,constant_log_futures
2023-03-09,611,3,-5.7971373749965416e-05,2.4733584295413057e-05,-5.7971373749965416e-05,2.4733584295413057e-05,0.00010880780919224277,-0.10410572935526664,constant_log_futures
2023-03-10,613,0,0.0026216033204966996,1.7080577280839124e-05,0.0026216033204966996,1.7080577280839124e-05,-0.02205762793797223,0.6343306641472563,constant_log_futures
2023-03-10,614,1,0.0019471154381861411,2.2418257555732232e-05,0.0019471154381861411,2.2418257555732232e-05,-0.007198426771476037,-0.5765148524419207,constant_log_futures
2023-03-10,615,2,0.0022370997155854826,2.4704471398899963e-05,0.0022370997155854826,2.4704471398899963e-05,-0.004231413415526029,0.05166014796181264,constant_log_futures
2023-03-13,617,0,0.0002242140521647824,1.674899673986192e-05,0.0002242140521647824,1.674899673986192e-05,-0.0019538653117216753,0.05478585309448835,constant_log_futures
2023-03-13,618,1,-0.0009517103433413204,2.2385745922491004e-05,-0.0009517103433413204,2.2385745922491004e-05,0.0035725742119274177,-0.7694431739930903,constant_log_futures
2023-03-13,619,2,-0.00016669726719954064,2.467588341996674e-05,-0.00016669726719954064,2.467588341996674e-05,0.00031776666559912435,0.34070522138964277,constant_log_futures
2023-03-14,621,0,0.0013705581479804894,1.6367397958273896e-05,0.0013705581479804894,1.6367397958273896e-05,-0.012385784744712572,0.3387721066974868,constant_log_futures
2023-03-14,622,1,0.0006436908154442908,2.2336833440984597e-05,0.0006436908154442908,2.2336833440984597e-05,-0.0024540712338813587,-0.554853774101418,constant_log_futures
2023-03-14,623,2,0.0007626890012694468,2.4649927159901982e-05,0.0007626890012694468,2.4649927159901982e-05,-0.0014653237504704333,-0.03434629482077262,constant_log_futures
2023-03-15,625,0,-0.00010704360054049648,1.5962589513194845e-05,-0.00010704360054049648,1.5962589513194845e-05,0.001004563020456967,-0.02679224067705763,constant_log_futures
2023-03-15,626,1,0.00044602249059386666,2.2285819487272194e-05,0.00044602249059386666,2.2285819487272194e-05,-0.0017274521857921184,0.35967961362747947,constant_log_futures
2023-03-15,627,2,-0.0002778250425091548,2.4621092238677834e-05,-0.0002778250425091548,2.4621092238677834e-05,0.0005380103997796331,-0.3767327202577636,constant_log_futures
2023-03-16,629,0,0.002322886068040777,1.5535116906672232e-05,0.002322886068040777,1.5535116906672232e-05,-0.022671368024077983,0.5893464153587894,constant_log_futures
2023-03-16,630,1,0.0031766503711672042,2.2232654547412002e-05,0.0031766503711672042,2.2232654547412002e-05,-0.012501656299432224,0.3533570237541692,constant_log_futures
2023-03-16,631,2,0.0009220222703963214,2.4591629573423646e-05,0.0009220222703963214,2.4591629573423646e-05,-0.0017997874718136196,-1.325616412078247,constant_log_futures
2023-03-17,633,0,0.00031738666459842524,1.5084536294023721e-05,0.00031738666459842524,1.5084536294023721e-05,-0.0032267644234173234,0.08171893408917101,constant_log_futures
2023-03-17,634,1,0.0009144262573816207,2.2177200217210898e-05,0.0009144262573816207,2.2177200217210898e-05,-0.0036577050295264826,0.34700347440572477,constant_log_futures
2023-03-17,635,2,0.0022574003847934433,2.456214423430887e-05,0.0022574003847934433,2.456214423430887e-05,-0.0044419814023354855,0.8700008217398935,constant_log_futures
2023-03-20,636,0,0.0011577129546953106,1.4610243581259032e-05,0.0011577129546953106,1.4610243581259032e-05,-0.012281824388941556,0.30288109363801485,constant_log_futures
2023-03-20,637,1,0.0024232940264459577,1.9954513146985816e-05,0.0024232940264459577,1.9954513146985816e-05,-0.014782093561320344,0.7693734297737999,constant_log_futures
2023-03-20,638,2,0.0009068025295667168,2.2119295432129796e-05,0.0009068025295667168,2.2119295432129796e-05,-0.003687663620237982,-0.8896324301275077,constant_log_futures
2023-03-20,639,3,0.002171478231552504,2.4532788065558233e-05,0.002171478231552504,2.4532788065558233e-05,-0.004307647873974073,0.4580010695422159,constant_log_futures
2023-03-21,640,0,-0.0023153400657772646,1.4010596037519363e-05,-0.0023153400657772646,1.4010596037519363e-05,0.025679226184075116,-0.6185666215928795,constant_log_futures
2023-03-21,641,1,-0.0018823856524883822,1.96533493019639e-05,-0.0018823856524883822,1.96533493019639e-05,0.011776976902747826,0.4644533327987639,constant_log_futures
2023-03-21,642,2,-0.0027998508237673985,2.197154270300078e-05,-0.0027998508237673985,2.197154270300078e-05,0.01157904408473297,-0.4013599493004087,constant_log_futures
2023-03-21,643,3,-0.0009549536724377597,2.449284339192815e-05,-0.0009549536724377597,2.449284339192815e-05,0.0019099073448755194,1.0284458923238182,constant_log_futures
2023-03-22,644,0,0.0001504431305389349,1.3486874382608496e-05,0.0001504431305389349,1.3486874382608496e-05,-0.0017480058976904818,0.04096535339616797,constant_log_futures
2023-03-22,645,1,0.0008764107547700119,1.945135355531093e-05,0.0008764107547700119,1.945135355531093e-05,-0.005627479583260076,0.46702210357453217,constant_log_futures
2023-03-22,646,2,-6.620973953927294e-05,2.1906403992396004e-05,-6.620973953927294e-05,2.1906403992396004e-05,0.00027853752495832066,-0.5381414072729668,constant_log_futures
2023-03-22,647,3,8.165671283573775e-05,2.445636228568946e-05,8.165671283573775e-05,2.445636228568946e-05,-0.0001646631234042976,-0.10588712759846412,constant_log_futures
2023-03-23,648,0,-0.0006044801742595164,1.2940056541012716e-05,-0.0006044801742595164,1.2940056541012716e-05,0.007374658125966101,-0.16804050362043474,constant_log_futures
2023-03-23,649,1,-0.0008036320163486094,1.9238184706727318e-05,-0.0008036320163486094,1.9238184706727318e-05,0.005299627351055694,-0.07380861914179575,constant_log_futures
2023-03-23,650,2,-0.0013203559646051619,2.18381673261231e-05,-0.0013203559646051619,2.18381673261231e-05,0.005652050094099289,-0.39130609988483794,constant_log_futures
2023-03-23,651,3,-0.0007106805762989894,2.4425550457449334e-05,-0.0007106805762989894,2.4425550457449334e-05,0.0014450505051412784,0.2846583725043414,constant_log_futures
2023-03-24,652,0,0.001189252096886437,1.2368647522178513e-05,0.001189252096886437,1.2368647522178513e-05,-0.015272500612646876,0.3381526686678944,constant_log_futures
2023-03-24,653,1,0.0013270882257045112,1.9012329670624848e-05,0.0013270882257045112,1.9012329670624848e-05,-0.008994709085330576,-0.0339851602847967,constant_log_futures
2023-03-24,654,2,0.0009133228366980089,2.1766552083378628e-05,0.0009133228366980089,2.1766552083378628e-05,-0.003979478074184181,-0.40076567478775516,constant_log_futures
2023-03-24,655,3,0.0024537163448147964,2.439627190295703e-05,0.0024537163448147964,2.439627190295703e-05,-0.005031149480124456,0.8338129387187597,constant_log_futures
2023-03-27,656,0,-0.0020397585467689682,1.1772539010763052e-05,-0.0020397585467689682,1.1772539010763052e-05,0.027650060300646016,-0.5944888210382983,constant_log_futures
2023-03-27,657,1,-0.0019727298319319893,1.877290282379963e-05,-0.0019727298319319893,1.877290282379963e-05,0.013752745114040154,0.2771051111115148,constant_log_futures
2023-03-27,658,2,-0.0023278675351617205,2.1691315163490313e-05,-0.0023278675351617205,2.1691315163490313e-05,0.010327266883262905,-0.02852208599972882,constant_log_futures
2023-03-27,659,3,-0.0012348301889028995,2.43674732782681e-05,-0.0012348301889028995,2.43674732782681e-05,0.0025533776787483686,0.6856438780159673,constant_log_futures
2023-03-28,660,0,0.003646210179213674,1.1152124187384478e-05,0.003646210179213674,1.1152124187384478e-05,-0.052333840219302145,1.0918498044986626,constant_log_futures
2023-03-28,661,1,0.0047742473894509425,1.851909797601824e-05,0.0047742473894509425,1.851909797601824e-05,-0.03426224597135383,0.2549148013389245,constant_log_futures
2023-03-28,662,2,0.004473514096762748,2.1612201233828306e-05,0.004473514096762748,2.1612201233828306e-05,-0.02021365628907612,-0.3950796287338277,constant_log_futures
2023-03-28,663,3,0.005554697725063677,2.433891440992543e-05,0.005554697725063677,2.433891440992543e-05,-0.011584155939449035,0.47463101848344597,constant_log_futures
2023-03-29,664,0,7.275269646588468e-05,1.0508203353227605e-05,7.275269646588468e-05,1.0508203353227605e-05,-0.0011094786211047413,0.02244320415809321,constant_log_futures
2023-03-29,665,1,0.0006453449236326785,1.825010879322552e-05,0.0006453449236326785,1.825010879322552e-05,-0.004771641253526472,0.3487874609606049,constant_log_futures
2023-03-29,666,2,-0.0003308040358088052,2.1528939851905402e-05,-0.0003308040358088052,2.1528939851905402e-05,0.0015229468818367636,-0.6148123436984867,constant_log_futures
2023-03-29,667,3,0.001548024694079277,2.431054083093882e-05,0.001548024694079277,2.431054083093882e-05,-0.003256189873752962,0.9657336327534972,constant_log_futures
2023-03-30,668,0,0.002154783152266397,9.842023616657836e-06,0.002154783152266397,9.842023616657836e-06,-0.035051139276866726,0.6868491574382662,constant_log_futures
2023-03-30,669,1,0.002462834879130546,1.7965112388295696e-05,0.002462834879130546,1.7965112388295696e-05,-0.01877911595337041,-0.1405485207297078,constant_log_futures
2023-03-30,670,2,0.0015674541588385897,2.1441243970223073e-05,0.0015674541588385897,2.1441243970223073e-05,-0.007354977206857998,-0.9043475813524132,constant_log_futures
2023-03-30,671,3,0.0027178588940676048,2.4282340814164575e-05,0.0027178588940676048,2.4282340814164575e-05,-0.005766587566543439,0.4267777741598934,constant_log_futures
2023-03-31,672,0,-0.0014593033016838586,9.155358603268445e-06,-0.0014593033016838586,9.155358603268445e-06,0.02543357182934725,-0.48228958692929835,constant_log_futures
2023-03-31,673,1,-0.0022892353812899668,1.766326800267908e-05,-0.0022892353812899668,1.766326800267908e-05,0.018018497839830706,-0.2576884341851196,constant_log_futures
2023-03-31,674,2,-0.0028857093602822556,2.1348808693141152e-05,-0.0028857093602822556,2.1348808693141152e-05,0.013806138900173928,-0.38950612954890157,constant_log_futures
2023-03-31,675,3,-0.0017779408304463493,2.4254312592804765e-05,-0.0017779408304463493,2.4254312592804765e-05,0.0038054172160430634,0.6348028808980349,constant_log_futures
2023-04-03,676,0,-0.0026880029264949876,8.450609199231717e-06,-0.0026880029264949876,8.450609199231717e-06,0.050451747235752076,-0.9246677868867538,constant_log_futures
2023-04-03,677,1,-0.002833379598569415,1.7343719916530605e-05,-0.002833379598569415,1.7343719916530605e-05,0.02304482073503124,0.4112326884302202,constant_log_futures
2023-04-03,678,2,-0.004257078827954347,2.125130997532936e-05,-0.004257078827954347,2.125130997532936e-05,0.02077454468041721,-0.6446546344586456,constant_log_futures
2023-04-03,679,3,-0.001942061373729093,2.4226456751379755e-05,-0.001942061373729093,2.4226456751379755e-05,0.0041934776565477755,1.2899072099222448,constant_log_futures
2023-04-04,680,0,0.002078332188329861,7.730923038946782e-06,0.002078332188329861,7.730923038946782e-06,-0.04225942116270717,0.7474795042381799,constant_log_futures
2023-04-04,681,1,0.002925886321946029,1.7005602121932454e-05,0.002925886321946029,1.7005602121932454e-05,-0.02461780215706314,0.0718457173148728,constant_log_futures
2023-04-04,682,2,0.0020890279580481064,2.1148403117179382e-05,0.0020890279580481064,2.1148403117179382e-05,-0.010402506566606897,-0.8331136628724433,constant_log_futures
2023-04-04,683,3,0.0031275433203711185,2.4198774394100712e-05,0.0031275433203711185,2.4198774394100712e-05,-0.006813576519379937,0.3480491565438587,constant_log_futures
2023-04-06,684,0,-0.0024900517922290645,7.00033453595059e-06,-0.0024900517922290645,7.00033453595059e-06,0.05523387611853561,-0.9411286250157079,constant_log_futures
2023-04-06,685,1,-0.0032388575002790933,1.6648044276609686e-05,-0.0032388575002790933,1.6648044276609686e-05,0.02822432964528924,0.12751639489933983,constant_log_futures
2023-04-06,686,2,-0.004489646370161016,2.1039720936522706e-05,-0.004489646370161016,2.1039720936522706e-05,0.0228223690483185,-0.5585775563369371,constant_log_futures
2023-04-06,687,3,-0.004060556339282392,2.4171266619829255e-05,-0.004060556339282392,2.4171266619829255e-05,0.008925907628692826,0.17875173460598523,constant_log_futures
2023-04-07,688,0,0.00044918275881867,6.263928578785748e-06,0.00044918275881867,6.263928578785748e-06,-0.01096005931517555,0.17947323026130593,constant_log_futures
2023-04-07,689,1,0.0014912340558059524,1.627017893807993e-05,0.0014912340558059524,1.627017893807993e-05,-0.013476337393209348,0.465326148685092,constant_log_futures
2023-04-07,690,2,3.0514574379648593e-05,2.0924871469249752e-05,3.0514574379648593e-05,2.0924871469249752e-05,-0.00015841608826881398,-1.0091485548650894,constant_log_futures
2023-04-07,691,3,-0.0001548092374471996,2.4143934250829553e-05,-0.0001548092374471996,2.4143934250829553e-05,0.00034339503579197,-0.44283341043105046,constant_log_futures
2023-04-10,692,0,0.0025317974629900223,5.5280317788453085e-06,0.0025317974629900223,5.5280317788453085e-06,-0.06863984232995171,1.0768214421837083,constant_log_futures
2023-04-10,693,1,0.004129356810031677,1.5871150210104535e-05,0.004129356810031677,1.5871150210104535e-05,-0.03875242544798958,0.18468548153099074,constant_log_futures
2023-04-10,694,2,0.003973019719547967,2.080343499768821e-05,0.003973019719547967,2.080343499768821e-05,-0.02107427851238487,-0.4758522001351539,constant_log_futures
2023-04-10,695,3,0.006368984648494964,2.4116777546565502e-05,0.006368984648494964,2.4116777546565502e-05,-0.01425717664433735,1.230697424200459,constant_log_futures
2023-04-11,696,0,-0.0015901001260137319,4.800435864729977e-06,-0.0015901001260137319,4.800435864729977e-06,0.04849805384341882,-0.7257451398070341,constant_log_futures
2023-04-11,697,1,-0.002417181885519772,1.545012399148054e-05,-0.002417181885519772,1.545012399148054e-05,0.023591695202672975,0.02851741917058422,constant_log_futures
2023-04-11,698,2,-0.00393865591119626,2.067496012941917e-05,-0.00393865591119626,2.067496012941917e-05,0.021356267607375277,-0.7877315829037305,constant_log_futures
2023-04-11,699,3,-0.0021514934703695428,2.40897958083251e-05,-0.0021514934703695428,2.40897958083251e-05,0.004860781544168227,0.9536915735680476,constant_log_futures
2023-04-12,700,0,-0.0013390814262178937,4.090658571371612e-06,-0.0013390814262178937,4.090658571371612e-06,0.04667655257102372,-0.6620798490504063,constant_log_futures
2023-04-12,701,1,-0.0008794261096100428,1.5006300078077792e-05,-0.0008794261096100428,1.5006300078077792e-05,0.008940832114368769,0.6290234080956552,constant_log_futures
2023-04-12,702,2,-0.002089171887175538,2.0538958551403432e-05,-0.002089171887175538,2.0538958551403432e-05,0.011585407737973437,-0.5066153853014852,constant_log_futures
2023-04-12,703,3,-0.0012688559907154656,2.4062986810962623e-05,-0.0012688559907154656,2.4062986810962623e-05,0.0028934659975193796,0.37622996338465503,constant_log_futures
2023-04-13,704,0,0.001744648146960497,3.410248162702658e-06,0.001744648146960497,3.410248162702658e-06,-0.07094902464306022,0.9447455646731434,constant_log_futures
2023-04-13,705,1,0.0027989001350908686,1.4538926470248267e-05,0.0027989001350908686,1.4538926470248267e-05,-0.029692679694007476,-0.07201670480886456,constant_log_futures
2023-04-13,706,2,0.002770599916401958,2.039489796990168e-05,0.002770599916401958,2.039489796990168e-05,-0.015721543711676226,-0.41213986347013043,constant_log_futures
2023-04-13,707,3,0.0030142199863451066,2.4036345992562124e-05,0.0030142199863451066,2.4036345992562124e-05,-0.006938393176115151,-0.045653135710617944,constant_log_futures
2023-04-14,709,0,-0.00151935658807683,1.4047316422196572e-05,-0.00151935658807683,1.4047316422196572e-05,0.016851045795033933,-0.40538066495273645,constant_log_futures
2023-04-14,710,1,-0.0030725777373415133,2.0242192634110398e-05,-0.0030725777373415133,2.0242192634110398e-05,0.017850213521698317,-0.8910453643513628,constant_log_futures
2023-04-14,711,2,-0.002901330662535985,2.4009865317484767e-05,-0.002901330662535985,2.4009865317484767e-05,0.0067421398253217175,-0.055382149200523034,constant_log_futures
2023-04-17,713,0,0.0018321057554493542,1.3547240493207684e-05,0.0018321057554493542,1.3547240493207684e-05,-0.02128732401569726,0.49776587396027233,constant_log_futures
2023-04-17,714,1,0.0014560825099590264,2.009587709378575e-05,0.0014560825099590264,2.009587709378575e-05,-0.008665466644634207,-0.4174153230590605,constant_log_futures
2023-04-17,715,2,0.0020308893826181153,2.3983642397148053e-05,0.0020308893826181153,2.3983642397148053e-05,-0.004764778936142501,0.1710734886637872,constant_log_futures
2023-04-18,717,0,-0.0018937282842577676,1.3001352228308308e-05,-0.0018937282842577676,1.3001352228308308e-05,0.023103485067944768,-0.5251984112185989,constant_log_futures
2023-04-18,718,1,-0.002576994143653581,1.9919849462283555e-05,-0.002576994143653581,1.9919849462283555e-05,0.015719664276286845,-0.24447045959122837,constant_log_futures
2023-04-18,719,2,-0.0017375236765081997,2.3959780705694616e-05,-0.0017375236765081997,2.3959780705694616e-05,0.00411607550551457,0.531115643456562,constant_log_futures
2023-04-19,721,0,-1.795825194959551e-05,1.2429432978387604e-05,-1.795825194959551e-05,1.2429432978387604e-05,0.00023062176187901604,-0.005093759098876911,constant_log_futures
2023-04-19,722,1,-0.0002247374697286345,1.9732821788196354e-05,-0.0002247374697286345,1.9732821788196354e-05,0.0014060498106099183,-0.13017542089353973,constant_log_futures
2023-04-19,723,2,0.0011369399815123003,2.3933728268453056e-05,0.0011369399815123003,2.3933728268453056e-05,-0.0027197387793039336,0.7859095050100483,constant_log_futures
2023-04-20,725,0,-0.0003072251077471562,1.1832327338618077e-05,-0.0003072251077471562,1.1832327338618077e-05,0.004164607016128118,-0.08931442719793904,constant_log_futures
2023-04-20,726,1,-0.0001902812282716885,1.9534433566893586e-05,-0.0001902812282716885,1.9534433566893586e-05,0.0012218057815339997,0.11278908471745598,constant_log_futures
2023-04-20,727,2,0.0003542892198509749,2.390702802753554e-05,0.0003542892198509749,2.390702802753554e-05,-0.0008559066301350285,0.36562462965162656,constant_log_futures
2023-04-21,729,0,0.004040817852738941,1.1210655955251192e-05,0.004040817852738941,1.1210655955251192e-05,-0.057997620945194214,1.2068512981749762,constant_log_futures
2023-04-21,730,1,0.002841958395484562,1.9324082691639828e-05,0.002841958395484562,1.9324082691639828e-05,-0.01874156347292522,-1.310897171659594,constant_log_futures
2023-04-21,731,2,0.0031347756246145123,2.3880211621020724e-05,0.0031347756246145123,2.3880211621020724e-05,-0.00764885252405941,-0.33467598918706576,constant_log_futures
2023-04-24,732,0,0.001352460720106071,1.0565267271393288e-05,0.001352460720106071,1.0565267271393288e-05,-0.02062502598161758,0.41608725821199644,constant_log_futures
2023-04-24,733,1,-0.00020211301915082922,1.9101092703456327e-05,-0.00020211301915082922,1.9101092703456327e-05,0.0013698771298000648,-1.1641845653220935,constant_log_futures
2023-04-24,734,2,0.0009436252842278288,2.385344242831832e-05,0.0009436252842278288,2.385344242831832e-05,-0.0023257027207231338,0.35765085259820195,constant_log_futures
2023-04-24,735,3,-0.0019178387175041896,2.6829650549234677e-05,-0.0019178387175041896,2.6829650549234677e-05,0.0029617256143735582,-1.6402726260021536,constant_log_futures
2023-04-25,736,0,0.00258274703460619,9.894521885425948e-06,0.00258274703460619,9.894521885425948e-06,-0.042012685096260695,0.8210780927853885,constant_log_futures
2023-04-25,737,1,0.0033058166956818538,1.8861789346360997e-05,0.0033058166956818538,1.8861789346360997e-05,-0.023046264964182068,0.003460008517107986,constant_log_futures
2023-04-25,738,2,0.006447283219169155,2.3472087665758772e-05,0.006447283219169155,2.3472087665758772e-05,-0.01605241944364565,1.7786946341545185,constant_log_futures
2023-04-25,739,3,0.007228798237982399,2.5627932585485877e-05,0.007228798237982399,2.5627932585485877e-05,-0.011234565414443985,0.6698044237400629,constant_log_futures
2023-04-26,740,0,-0.0005326277293676313,9.193895461410654e-06,-0.0005326277293676313,9.193895461410654e-06,0.009282940426121574,-0.17566045042464234,constant_log_futures
2023-04-26,741,1,-0.001530771754253954,1.859741090549292e-05,-0.001530771754253954,1.859741090549292e-05,0.010985538471704847,-0.49695380301697917,constant_log_futures
2023-04-26,742,2,8.746712670351913e-05,2.344419860789268e-05,8.746712670351913e-05,2.344419860789268e-05,-0.0002200204011923574,0.9513945147780212,constant_log_futures
2023-04-26,743,3,0.0005372961479004762,2.5555596036973824e-05,0.0005372961479004762,2.5555596036973824e-05,-0.0008403862826135653,0.41333793703130906,constant_log_futures
2023-04-27,744,0,0.0016833199087820515,8.485702532660422e-06,0.0016833199087820515,8.485702532660422e-06,-0.031594619826370816,0.5778601662223506,constant_log_futures
2023-04-27,745,1,0.0011115226391217288,1.8329367825503193e-05,0.0011115226391217288,1.8329367825503193e-05,-0.008218531028657631,-0.6756258641556704,constant_log_futures
2023-04-27,746,2,0.0029809484220309898,2.3418057111331694e-05,0.0029809484220309898,2.3418057111331694e-05,-0.007576577239328766,0.8745312457146562,constant_log_futures
2023-04-27,747,3,0.0028993592350939797,2.5517050752957274e-05,0.0028993592350939797,2.5517050752957274e-05,-0.004564152602341491,0.08037827220909177,constant_log_futures
2023-04-28,748,0,0.0008723556170023299,7.763870574773634e-06,0.0008723556170023299,7.763870574773634e-06,-0.017737897545714042,0.3130793462503635,constant_log_futures
2023-04-28,749,1,-0.00040069598448266895,1.8047281232345604e-05,-0.00040069598448266895,1.8047281232345604e-05,0.0030553068816803505,-0.9196098340265445,constant_log_futures
2023-04-28,750,2,0.0005846228050750083,2.339220340768712e-05,0.0005846228050750083,2.339220340768712e-05,-0.0015015575204031793,0.349461557800854,constant_log_futures
2023-04-28,751,3,0.0023029595628058282,2.5483031935678016e-05,0.0023029595628058282,2.5483031935678016e-05,-0.003648845021588455,1.1816553243972623,constant_log_futures
2023-05-04,752,0,-0.0025584357119143733,7.031121352668817e-06,-0.0025584357119143733,7.031121352668817e-06,0.05675075579155519,-0.9648553553826037,constant_log_futures
2023-05-04,753,1,-0.004597112691348092,1.774882079462149e-05,-0.004597112691348092,1.774882079462149e-05,0.036183725699643045,-0.5121048638899544,constant_log_futures
2023-05-04,754,2,-0.004115662098008517,2.3366509812805774e-05,-0.004115662098008517,2.3366509812805774e-05,0.010683207999085939,0.500548145435572,constant_log_futures
2023-05-04,755,3,-0.003015152026300815,2.5449852547647702e-05,-0.003015152026300815,2.5449852547647702e-05,0.004808477741290188,0.7670187807440951,constant_log_futures
2023-05-05,756,0,0.0005981219188968413,6.292343617541222e-06,0.0005981219188968413,6.292343617541222e-06,-0.014594174821082929,0.23844240988056187,constant_log_futures
2023-05-05,757,1,0.0003166936331627343,1.7432900641693804e-05,0.0003166936331627343,1.7432900641693804e-05,-0.0025757748830569057,-0.3085106624585094,constant_log_futures
2023-05-05,758,2,0.0003894328787004443,2.3340962871135766e-05,0.0003894328787004443,2.3340962871135766e-05,-0.0010217378753000906,-0.07606126323010301,constant_log_futures
2023-05-05,759,3,0.0002613278911161518,2.5416991574396663e-05,0.0002613278911161518,2.5416991574396663e-05,-0.00041950003573908574,-0.0722569248298575,constant_log_futures
2023-05-08,760,0,-0.001367236534521998,5.553825456964456e-06,-0.001367236534521998,5.553825456964456e-06,0.03706730160259639,-0.5801596780718025,constant_log_futures
2023-05-08,761,1,-0.002463588033820671,1.7098602504649302e-05,-0.002463588033820671,1.7098602504649302e-05,0.020728120008698062,-0.17740402396569555,constant_log_futures
2023-05-08,762,2,-0.0025170117401408848,2.331556205242183e-05,-0.0025170117401408848,2.331556205242183e-05,0.006675552876025825,0.1382784718642104,constant_log_futures
2023-05-08,763,3,-0.0002164319786390808,2.538437785633985e-05,-0.0002164319786390808,2.538437785633985e-05,0.000349731144290965,1.473358783602484,constant_log_futures
2023-05-09,764,0,0.0021304625785829555,4.823349579512852e-06,0.0021304625785829555,4.823349579512852e-06,-0.06497910864678014,0.9700621077539467,constant_log_futures
2023-05-09,765,1,0.002687477098798689,1.6745016206637188e-05,0.002687477098798689,1.6745016206637188e-05,-0.02341944328953143,-0.37805405206494186,constant_log_futures
2023-05-09,766,2,0.0032868721568484584,2.3290305759443167e-05,0.0032868721568484584,2.3290305759443167e-05,-0.008813151717263998,-0.005734163840660763,constant_log_futures
2023-05-09,767,3,0.004213523029021933,2.5352005533422604e-05,0.004213523029021933,2.5352005533422604e-05,-0.0068539974605423435,0.6142446257377432,constant_log_futures
2023-05-10,768,0,-4.620619496279284e-05,4.1104415759035345e-06,-4.620619496279284e-05,4.1104415759035345e-06,0.0016106159387030649,-0.022790610891398045,constant_log_futures
2023-05-10,769,1,-0.0009757684696540391,1.6371215256717646e-05,-0.0009757684696540391,1.6371215256717646e-05,0.0088180557998365,-0.4213480068919122,constant_log_futures
2023-05-10,770,2,-0.0019068991205127396,2.326518740178443e-05,-0.0019068991205127396,2.326518740178443e-05,0.005169815393390093,-0.5721320267444067,constant_log_futures
2023-05-10,771,3,-0.0011621584704993929,2.531987737756891e-05,-0.0011621584704993929,2.531987737756891e-05,0.0019031319919587373,0.43008848193789656,constant_log_futures
2023-05-11,772,0,-0.00029286420737419474,3.426680330398406e-06,-0.00029286420737419474,3.426680330398406e-06,0.01190981109988392,-0.15820838652817829,constant_log_futures
2023-05-11,773,1,-0.00048036322726219445,1.597625195695627e-05,-0.00048036322726219445,1.597625195695627e-05,0.004508024132768287,0.017898953381554485,constant_log_futures
2023-05-11,774,2,-0.0005680839542436039,2.324019164384416e-05,-0.0005680839542436039,2.324019164384416e-05,0.001557443649836397,0.0062331697567271265,constant_log_futures
2023-05-11,775,3,-3.139046797138827e-05,2.5287995403331172e-05,-3.139046797138827e-05,2.5287995403331172e-05,5.175185260147795e-05,0.33600622012351816,constant_log_futures
2023-05-12,777,0,0.0014221459565190477,1.5559154349515473e-05,0.0014221459565190477,1.5559154349515473e-05,-0.013880144535625905,0.36053810877771536,constant_log_futures
2023-05-12,778,1,0.002326232639111141,2.3215289118397738e-05,0.002326232639111141,2.3215289118397738e-05,-0.0064500086811718,0.4075867502768564,constant_log_futures
2023-05-12,779,2,0.0029036991147852204,2.5256358032492183e-05,0.0029036991147852204,2.5256358032492183e-05,-0.004819745469439414,0.4019126049760243,constant_log_futures
2023-05-15,781,0,-0.0021550016042571345,1.5149726804054634e-05,-0.0021550016042571345,1.5149726804054634e-05,0.021909182976614202,-0.5536626119029565,constant_log_futures
2023-05-15,782,1,-0.0025562637588059834,2.319899046720487e-05,-0.0025562637588059834,2.319899046720487e-05,0.0071692914614788494,-0.040465236581616805,constant_log_futures
2023-05-15,783,2,-0.0019711414835823374,2.5225580582127025e-05,-0.0019711414835823374,2.5225580582127025e-05,0.0032942364520143173,0.36051208393015416,constant_log_futures
2023-05-16,785,0,0.0014628797633781027,1.467857398601946e-05,0.0014628797633781027,1.467857398601946e-05,-0.015519246185402482,0.3818270561077106,constant_log_futures
2023-05-16,786,1,0.0019449530456405106,2.317179076390495e-05,0.0019449530456405106,2.317179076390495e-05,-0.005518238873677727,0.13304668117973575,constant_log_futures
2023-05-16,787,2,0.002254243719252898,2.519700617787211e-05,0.002254243719252898,2.519700617787211e-05,-0.003793348051708325,0.2065905399900712,constant_log_futures
2023-05-17,789,0,-0.002721100808390988,1.4180427189962686e-05,-0.002721100808390988,1.4180427189962686e-05,0.030179481693063684,-0.7226033559286399,constant_log_futures
2023-05-17,790,1,-0.0033223550747495854,2.3144487049167192e-05,-0.0033223550747495854,2.3144487049167192e-05,0.00953711339104587,-0.050855902444753236,constant_log_futures
2023-05-17,791,2,-0.0029820926522425035,2.5165681610962747e-05,-0.0029820926522425035,2.5165681610962747e-05,0.0050529903274109085,0.20313854781553833,constant_log_futures
2023-05-18,793,0,-0.00013642774492656374,1.365694676314517e-05,-0.00013642774492656374,1.365694676314517e-05,0.0015851604648610264,-0.03691695671260936,constant_log_futures
2023-05-18,794,1,0.0003891801449327796,2.3117075958669478e-05,0.0003891801449327796,2.3117075958669478e-05,-0.0011304756590904549,0.3102538133005076,constant_log_futures
2023-05-18,795,2,0.0004384117081827534,2.5133916684896564e-05,0.0004384117081827534,2.5133916684896564e-05,-0.0007480591384377051,0.05548749701396441,constant_log_futures
2023-05-19,797,0,0.0025800098706021384,1.310822695596977e-05,0.0025800098706021384,1.310822695596977e-05,-0.03147612042134609,0.7126058633348824,constant_log_futures
2023-05-19,798,1,0.003404277540675178,2.3089547918624357e-05,0.003404277540675178,2.3089547918624357e-05,-0.010007755661743898,0.127657430882727,constant_log_futures
2023-05-19,799,2,0.0029809975578800364,2.5102231773963877e-05,0.0029809975578800364,2.5102231773963877e-05,-0.005122277493822034,-0.2467794912996561,constant_log_futures
2023-05-22,800,0,-0.0008715135138437084,1.2534224410527298e-05,-0.0008715135138437084,1.2534224410527298e-05,0.011192068283045519,-0.24616448319339015,constant_log_futures
2023-05-22,801,1,-0.00012392193684777572,2.038729591641814e-05,-0.00012392193684777572,2.038729591641814e-05,0.0007199274426394589,0.581153459643987,constant_log_futures
2023-05-22,802,2,-0.000646860559919026,2.306189410046704e-05,-0.000646860559919026,2.306189410046704e-05,0.001924804592929785,-0.14534047168725855,constant_log_futures
2023-05-22,803,3,-0.00032992826876411963,2.5070741475804078e-05,-0.00032992826876411963,2.5070741475804078e-05,0.0005709396991379091,0.11997186375633788,constant_log_futures
2023-05-23,804,0,-0.00022144253634705658,1.1806930239815611e-05,-0.00022144253634705658,1.1806930239815611e-05,0.003001776603815656,-0.06444549272387415,constant_log_futures
2023-05-23,805,1,-0.0004141091619466906,2.006220612259172e-05,-0.0004141091619466906,2.006220612259172e-05,0.002464454524755915,-0.09043105075023654,constant_log_futures
2023-05-23,806,2,0.0011630547056574823,2.2955351182293857e-05,0.0011630547056574823,2.2955351182293857e-05,-0.0035035228170422926,1.088362679402297,constant_log_futures
2023-05-23,807,3,0.0011069936606232216,2.5035231045864708e-05,0.0011069936606232216,2.5035231045864708e-05,-0.0019293318085147578,0.17633471750021268,constant_log_futures
2023-05-24,808,0,-0.00047918747618298264,1.1181649814259393e-05,-0.00047918747618298264,1.1181649814259393e-05,0.006877749658155751,-0.1433020870625364,constant_log_futures
2023-05-24,809,1,-8.287993193307813e-06,1.98830806579647e-05,-8.287993193307813e-06,1.98830806579647e-05,5.055675847917766e-05,0.3628059456687713,constant_log_futures
2023-05-24,810,2,-7.418649117324396e-05,2.2924807342699234e-05,-7.418649117324396e-05,2.2924807342699234e-05,0.0002262687980783941,0.08986271130372209,constant_log_futures
2023-05-24,811,3,0.00046331278253218446,2.4994379435482994e-05,0.00046331278253218446,2.4994379435482994e-05,-0.0008132972585457051,0.32965923342259845,constant_log_futures
2023-05-25,812,0,-0.0017014399589925663,1.0535910119113672e-05,-0.0017014399589925663,1.0535910119113672e-05,0.025946959374636633,-0.5241801848495492,constant_log_futures
2023-05-25,813,1,-0.0015071220522569512,1.9695524449798124e-05,-0.0015071220522569512,1.9695524449798124e-05,0.009429173865402464,0.3980618819710053,constant_log_futures
2023-05-25,814,2,-0.0013710547124349392,2.289387480487432e-05,-0.0013710547124349392,2.289387480487432e-05,0.004234649997900318,0.3122381595946993,constant_log_futures
2023-05-25,815,3,-0.0009674969997675795,2.4961376778352056e-05,-0.0009674969997675795,2.4961376778352056e-05,0.001710646869154271,0.28506907008667204,constant_log_futures
2023-05-26,816,0,0.001327588810695106,9.868307574416578e-06,0.001327588810695106,9.868307574416578e-06,-0.021595444653973728,0.4226124089362264,constant_log_futures
2023-05-26,817,1,0.001638696453556548,1.9497021258309715e-05,0.001638696453556548,1.9497021258309715e-05,-0.01052215617546836,-0.05301888403519002,constant_log_futures
2023-05-26,818,2,0.0007257607520327466,2.2862493835149205e-05,0.0007257607520327466,2.2862493835149205e-05,-0.0022703285063588484,-0.7352383233493842,constant_log_futures
2023-05-26,819,3,0.0007846697281509718,2.4930074265221417e-05,0.0007846697281509718,2.4930074265221417e-05,-0.0013975139683856724,-0.09818858778415769,constant_log_futures
2023-05-29,820,0,0.0005111617489519924,9.180196076749313e-06,0.0005111617489519924,9.180196076749313e-06,-0.008908819053163297,0.16870671489204025,constant_log_futures
2023-05-29,821,1,0.0010770574343495663,1.9286596759178776e-05,0.0010770574343495663,1.9286596759178776e-05,-0.007102757134629572,0.2313786022958084,constant_log_futures
2023-05-29,822,2,0.0002516706141385463,2.283061110981305e-05,0.0002516706141385463,2.283061110981305e-05,-0.0007975016863611076,-0.5453759860547089,constant_log_futures
2023-05-29,823,3,0.0009654427418335594,2.48992545366839e-05,0.0009654427418335594,2.48992545366839e-05,-0.0017321178603484449,0.33261608204961185,constant_log_futures
2023-05-30,824,0,0.0002909222653376647,8.47389708499483e-06,0.0002909222653376647,8.47389708499483e-06,-0.005460387134030015,0.0999390848015517,constant_log_futures
2023-05-30,825,1,-7.022182281295902e-05,1.906347888807557e-05,-7.022182281295902e-05,1.906347888807557e-05,0.00047594791017672224,-0.27006509238007276,constant_log_futures
2023-05-30,826,2,-0.00018602323261428548,2.2798180235327972e-05,-0.00018602323261428548,2.2798180235327972e-05,0.0005972324836563902,-0.17085855942277023,constant_log_futures
2023-05-30,827,3,0.0005010302986185617,2.486869726498573e-05,0.0005010302986185617,2.486869726498573e-05,-0.0009055658730587337,0.4238942284432886,constant_log_futures
2023-05-31,828,0,-0.001055120808197885,7.752540335588948e-06,-0.001055120808197885,7.752540335588948e-06,0.02145412310002366,-0.3789484810919294,constant_log_futures
2023-05-31,829,1,-0.0009089719114281544,1.8826907664258504e-05,-0.0009089719114281544,1.8826907664258504e-05,0.0063368327539562765,0.32998373821144755,constant_log_futures
2023-05-31,830,2,-0.001974030231245982,2.276515267384165e-05,-0.001974030231245982,2.276515267384165e-05,0.006422178352320261,-0.5601617772767038,constant_log_futures
2023-05-31,831,3,-0.002345731027519251,2.4838364630244176e-05,-0.002345731027519251,2.4838364630244176e-05,0.004271331124736546,-0.3631038802678677,constant_log_futures
2023-06-01,832,0,0.0007259098590252942,7.02015551718023e-06,0.0007259098590252942,7.02015551718023e-06,-0.016102000509288342,0.27397398602755724,constant_log_futures
2023-06-01,833,1,0.0008764081029554102,1.8576098888530126e-05,0.0008764081029554102,1.8576098888530126e-05,-0.006289516974150591,-0.10410040608470898,constant_log_futures
2023-06-01,834,2,0.0014096604756838704,2.2731475546433374e-05,0.0014096604756838704,2.2731475546433374e-05,-0.004648069676579249,0.27076830621283043,constant_log_futures
2023-06-01,835,3,0.0031055118883027465,2.4808252465609057e-05,0.0031055118883027465,2.4808252465609057e-05,-0.005697330080796016,1.1290352347329027,constant_log_futures
2023-06-02,836,0,-0.0010022879507328164,6.281828440640465e-06,-0.0010022879507328164,6.281828440640465e-06,0.024455825997880723,-0.39989822242947837,constant_log_futures
2023-06-02,837,1,-0.0011739519463870476,1.8310236429867786e-05,-0.0011739519463870476,1.8310236429867786e-05,0.008680129542983018,0.18850940299228378,constant_log_futures
2023-06-02,838,2,-0.0023179020869430592,2.269709020452961e-05,-0.0023179020869430592,2.269709020452961e-05,0.0077475083453987185,-0.630263454488839,constant_log_futures
2023-06-02,839,3,-0.0018545964926562062,2.477836252976613e-05,-0.0018545964926562062,2.477836252976613e-05,0.0034281935167281385,0.1639658506483398,constant_log_futures
2023-06-05,840,0,-0.0014596662645357554,5.543892490110969e-06,-0.0014596662645357554,5.543892490110969e-06,0.039573174282969366,-0.6199350210856945,constant_log_futures
2023-06-05,841,1,-0.0009053832037807649,1.802846971815973e-05,-0.0009053832037807649,1.802846971815973e-05,0.006903546928828332,0.7188716834139608,constant_log_futures
2023-06-05,842,2,-0.0018368178748618784,2.266193044868012e-05,-0.0018368178748618784,2.266193044868012e-05,0.006224771687031921,-0.33188885311633265,constant_log_futures
2023-06-05,843,3,-0.001316902493311168,2.474869698320027e-05,-0.001316902493311168,2.474869698320027e-05,0.0024528565524269083,0.22143517014253128,constant_log_futures
2023-06-06,844,0,-0.0012455565980600933,4.8141541386354906e-06,-0.0012455565980600933,4.8141541386354906e-06,0.03798947624083284,-0.5676798394545265,constant_log_futures
2023-06-06,845,1,0.0011541379924385688,1.7729911821228022e-05,0.0011541379924385688,1.7729911821228022e-05,-0.009084182908226154,1.55954993174656,constant_log_futures
2023-06-06,846,2,-0.0005921890419490553,2.2625920034943712e-05,-0.0005921890419490553,2.2625920034943712e-05,0.0020351285385291477,-0.7877800784921493,constant_log_futures
2023-06-06,847,3,-0.00024110657094187585,2.4719256865181755e-05,-0.00024110657094187585,2.4719256865181755e-05,0.00045253848699859775,-0.014000615824240649,constant_log_futures
2023-06-07,848,0,-0.0009069219649758685,4.102156908832543e-06,-0.0009069219649758685,4.102156908832543e-06,0.03161270849344456,-0.44777906605685713,constant_log_futures
2023-06-07,849,1,0.0005567803453627529,1.7413637050401134e-05,0.0005567803453627529,1.7413637050401134e-05,-0.0045284801422837235,0.980105587570347,constant_log_futures
2023-06-07,850,2,-0.0003563668824300313,2.2588969163201885e-05,-0.0003563668824300313,2.2588969163201885e-05,0.0012421931330418234,-0.3714402516028118,constant_log_futures
2023-06-07,851,3,-2.8040731283990837e-05,2.469004112689591e-05,-2.8040731283990837e-05,2.469004112689591e-05,5.3038282428633834e-05,0.08510013657153033,constant_log_futures
2023-06-08,852,0,0.0009328340510198169,3.4194897483380823e-06,0.0009328340510198169,3.4194897483380823e-06,-0.03793525140813922,0.5044565177353415,constant_log_futures
2023-06-08,853,1,0.002238722715977898,1.7078677768204094e-05,0.002238722715977898,1.7078677768204094e-05,-0.01883614974822783,0.22224561718846794,constant_log_futures
2023-06-08,854,2,0.0017728849046867185,2.255096958335771e-05,0.0017728849046867185,2.255096958335771e-05,-0.006269332126718251,-0.45245441420529436,constant_log_futures
2023-06-08,855,3,0.0017528956576421395,2.4661045501065636e-05,0.0017528956576421395,2.4661045501065636e-05,-0.0033414573473803284,-0.10294900395421014,constant_log_futures
2023-06-09,857,0,-0.0010484348431284093,1.6724020361081762e-05,-0.0010484348431284093,1.6724020361081762e-05,0.009136360775833281,-0.25637230130692945,constant_log_futures
2023-06-09,858,1,-0.0027075673296846443,2.2511787893558832e-05,-0.0027075673296846443,2.2511787893558832e-05,0.009715388653574313,-0.9927239778512827,constant_log_futures
2023-06-09,859,2,-0.0024360109636599805,2.4632260990750296e-05,-0.0024360109636599805,2.4632260990750296e-05,0.0046802100404176004,-0.0024387631256047827,constant_log_futures
2023-06-12,861,0,-0.0005910319653939606,1.6372856216621592e-05,-0.0005910319653939606,1.6372856216621592e-05,0.005341177761338014,-0.14606586870230337,constant_log_futures
2023-06-12,862,1,-0.0013257155801429154,2.248206306629201e-05,-0.0013257155801429154,2.248206306629201e-05,0.004827979127684646,-0.42554337409919496,constant_log_futures
2023-06-12,863,2,-0.0013833778364264948,2.4603973553963257e-05,-0.0013833778364264948,2.4603973553963257e-05,0.002678922159429085,-0.10600043276275482,constant_log_futures
2023-06-13,865,0,0.0001532920531621615,1.5970038674211912e-05,0.0001532920531621615,1.5970038674211912e-05,-0.0014385869604449002,0.038358945271580895,constant_log_futures
2023-06-13,866,1,8.200801643020415e-05,2.2437034077707296e-05,8.200801643020415e-05,2.2437034077707296e-05,-0.00030318115165105773,-0.05606465622236529,constant_log_futures
2023-06-13,867,2,-0.0007706296207180101,2.4578440305616485e-05,-0.0007706296207180101,2.4578440305616485e-05,0.0015042690196415559,-0.5378252595165023,constant_log_futures
2023-06-14,869,0,-0.0003708421231077533,1.5543025080366627e-05,-0.0003708421231077533,1.5543025080366627e-05,0.003619419121531672,-0.09406353261016201,constant_log_futures
2023-06-14,870,1,-0.0001426808450186402,2.2390249692866698e-05,-0.0001426808450186402,2.2390249692866698e-05,0.0005356019413007416,0.1726704941033869,constant_log_futures
2023-06-14,871,2,-0.0009684349031833309,2.4550006071838982e-05,-0.0009684349031833309,2.4550006071838982e-05,0.0019056299707801026,-0.4788694407556725,constant_log_futures
2023-06-15,873,0,0.00073719090733418,1.5092530918297807e-05,0.00073719090733418,1.5092530918297807e-05,-0.007494774224564163,0.18975749247441076,constant_log_futures
2023-06-15,874,1,0.001647710885224917,2.2341654015771063e-05,0.001647710885224917,2.2341654015771063e-05,-0.006281897749919996,0.4996024379722132,constant_log_futures
2023-06-15,875,2,0.000597702894930734,2.4520912268314532e-05,0.000597702894930734,2.4520912268314532e-05,-0.0011856870436024317,-0.5691895753868403,constant_log_futures
2023-06-16,877,0,-0.0015171916382953755,1.4618221853454457e-05,-0.0015171916382953755,1.4618221853454457e-05,0.016095424336698767,-0.3968196467598745,constant_log_futures
2023-06-16,878,1,-0.001141005544085607,2.229112645291761e-05,-0.001141005544085607,2.229112645291761e-05,0.0044191325834426675,0.38135773442023024,constant_log_futures
2023-06-16,879,2,-0.0011309473537644485,2.4491782546855698e-05,-0.0011309473537644485,2.4491782546855698e-05,0.002261894707528897,0.07867467443678984,constant_log_futures
2023-06-19,880,0,-0.002015671762461746,1.4119599852440861e-05,-0.002015671762461746,1.4119599852440861e-05,0.02235563227457573,-0.5364245151064901,constant_log_futures
2023-06-19,881,1,-0.0017694451581413556,2.0305036140447016e-05,-0.0017694451581413556,2.0305036140447016e-05,0.010279633775868827,0.3328212072687146,constant_log_futures
2023-06-19,882,2,-0.0029653678370635886,2.2238529641092102e-05,-0.0029653678370635886,2.2238529641092102e-05,0.011670157294250251,-0.7042617699998721,constant_log_futures
2023-06-19,883,3,-0.003128468019631854,2.4462778702583908e-05,-0.003128468019631854,2.4462778702583908e-05,0.006308646254464235,-0.3239361698075674,constant_log_futures
2023-06-20,884,0,-8.515323606672447e-06,1.3495801367342463e-05,-8.515323606672447e-06,1.3495801367342463e-05,9.893995047752748e-05,-0.0023179380155607015,constant_log_futures
2023-06-20,885,1,0.0007888185366007857,2.0024526812707868e-05,0.0007888185366007857,2.0024526812707868e-05,-0.004694432266599798,0.5211323131395376,constant_log_futures
2023-06-20,886,2,-0.0001347823867123097,2.2097025101019213e-05,-0.0001347823867123097,2.2097025101019213e-05,0.0005391295468492388,-0.49457456104395936,constant_log_futures
2023-06-20,887,3,-0.00018366099273808487,2.442079306104352e-05,-0.00018366099273808487,2.442079306104352e-05,0.0003734440185674392,-0.22799084051849733,constant_log_futures
2023-06-21,888,0,0.0020943263177012174,1.294681154766022e-05,0.0020943263177012174,1.294681154766022e-05,-0.025550781075954855,0.5820535426996676,constant_log_futures
2023-06-21,889,1,0.0034281685014034263,1.9845420938117137e-05,0.0034281685014034263,1.9845420938117137e-05,-0.0209118278585609,0.6445004114968934,constant_log_futures
2023-06-21,890,2,0.00312885133850162,2.20378679986591e-05,0.00312885133850162,2.20378679986591e-05,-0.012723995443239922,-0.06572866131340063,constant_log_futures
2023-06-21,891,3,0.0038245042277993205,2.438499173950231e-05,0.0038245042277993205,2.438499173950231e-05,-0.007841840601538103,0.3388202789925892,constant_log_futures
2023-06-26,892,0,0.004041934194102516,1.2374698762836156e-05,0.004041934194102516,1.2374698762836156e-05,-0.05190694438742178,1.1490050057130117,constant_log_futures
2023-06-26,893,1,0.006346881339194246,1.9656462522045948e-05,0.006346881339194246,1.9656462522045948e-05,-0.03970869350675374,1.011313016506581,constant_log_futures
2023-06-26,894,2,0.00541802040366311,2.1976024863396394e-05,0.00541802040366311,2.1976024863396394e-05,-0.02240672844904744,-0.5098699912772238,constant_log_futures
2023-06-26,895,3,0.005603806595158245,2.4354519107796642e-05,0.005603806595158245,2.4354519107796642e-05,-0.011587532281513659,-0.17833636339317974,constant_log_futures
2023-06-27,896,0,-0.0054448028248200294,1.1778162004144127e-05,-0.0054448028248200294,1.1778162004144127e-05,0.07380732718089374,-1.5865121239449818,constant_log_futures
2023-06-27,897,1,-0.006185662351052808,1.9456261840142367e-05,-0.006185662351052808,1.9456261840142367e-05,0.03971846351728645,0.2207904865074438,constant_log_futures
2023-06-27,898,2,-0.007142032133118654,2.19112667331568e-05,-0.007142032133118654,2.19112667331568e-05,0.030045790353119856,-0.3507361055261412,constant_log_futures
2023-06-27,899,3,-0.008155935522696545,2.4325560488701348e-05,-0.008155935522696545,2.4325560488701348e-05,0.017008959551606473,-0.7000735215472469,constant_log_futures
2023-06-28,900,0,0.0017863132462049795,1.1157369207121929e-05,0.0017863132462049795,1.1157369207121929e-05,-0.025638848945530295,0.5347819203887286,constant_log_futures
2023-06-28,901,1,0.0029628274017205825,1.924399903965977e-05,0.0029628274017205825,1.924399903965977e-05,-0.0195386455681033,0.4867252256868929,constant_log_futures
2023-06-28,902,2,0.0031861887780910364,2.1843382910043575e-05,0.0031861887780910364,2.1843382910043575e-05,-0.013639123892179174,0.2443957467779684,constant_log_futures
2023-06-28,903,3,0.0039483667847887444,2.4297090342719906e-05,0.0039483667847887444,2.4297090342719906e-05,-0.008305185305934945,0.48616891130345746,constant_log_futures
2023-06-29,904,0,-0.0027737380897281485,1.0513067935211617e-05,-0.0027737380897281485,1.0513067935211617e-05,0.042299505868354265,-0.855461984721752,constant_log_futures
2023-06-29,905,1,-0.0031053435745421183,1.9018923354851038e-05,-0.0031053435745421183,1.9018923354851038e-05,0.02104732867189658,0.22065679634215507,constant_log_futures
2023-06-29,906,2,-0.0030879035637248705,2.177215000071421e-05,-0.0030879035637248705,2.177215000071421e-05,0.013454436956229793,0.2684562202262006,constant_log_futures
2023-06-29,907,3,-0.0034653309645168795,2.4268863267192992e-05,-0.0034653309645168795,2.4268863267192992e-05,0.00735252830732277,-0.14004804071367377,constant_log_futures
2023-06-30,908,0,-0.0005544381869830527,9.846493411073914e-06,-0.0005544381869830527,9.846493411073914e-06,0.009018861174924325,-0.17669014917091067,constant_log_futures
2023-06-30,909,1,0.000728685754472891,1.8780279260718387e-05,0.000728685754472891,1.8780279260718387e-05,-0.005079980688325297,0.8718982712483349,constant_log_futures
2023-06-30,910,2,0.00013408430394583077,2.1697330431879167e-05,0.00013408430394583077,2.1697330431879167e-05,-0.0005948467302324128,-0.10679278292509073,constant_log_futures
2023-06-30,911,3,3.294458784536443e-05,2.4240820242694128e-05,3.294458784536443e-05,2.4240820242694128e-05,-7.051297749358701e-05,-0.16676449947484184,constant_log_futures
2023-07-03,912,0,-0.0012667991797964823,9.159417613010708e-06,-0.0012667991797964823,9.159417613010708e-06,0.02207849999073869,-0.4185755371204551,constant_log_futures
2023-07-03,913,1,7.246047112189095e-05,1.8527289268668013e-05,7.246047112189095e-05,1.8527289268668013e-05,-0.0005200104398159234,1.0316865110057085,constant_log_futures
2023-07-03,914,2,-0.0006453201056945161,2.1618671219730813e-05,-0.0006453201056945161,2.1618671219730813e-05,0.0029158908479529986,-0.09874273894177416,constant_log_futures
2023-07-03,915,3,-0.00041757928159962855,2.4212947042987507e-05,-0.00041757928159962855,2.4212947042987507e-05,0.0009016756169053925,0.04425811036505497,constant_log_futures
2023-07-04,916,0,-0.0005215642140064792,8.4542428812582e-06,-0.0005215642140064792,8.4542428812582e-06,0.009789359093660072,-0.17937851540603825,constant_log_futures
2023-07-04,917,1,0.0005860876619164694,1.8259150680474912e-05,0.0005860876619164694,1.8259150680474912e-05,-0.004333496651746016,0.7516993085943235,constant_log_futures
2023-07-04,918,2,-0.00020360565702305308,2.1535902665552405e-05,-0.00020360565702305308,2.1535902665552405e-05,0.0009373543455400934,-0.3069372411906807,constant_log_futures
2023-07-04,919,3,-0.0009779264089076443,2.4185240201309814e-05,-0.0009779264089076443,2.4185240201309814e-05,0.0021304825336916538,-0.6363342715755465,constant_log_futures
2023-07-05,920,0,0.0002097240356729894,7.734119867858543e-06,0.0002097240356729894,7.734119867858543e-06,-0.004264388725350785,0.0754123990196196,constant_log_futures
2023-07-05,921,1,0.0018868009891320116,1.7975036155557115e-05,0.0018868009891320116,1.7975036155557115e-05,-0.014386857542131587,0.9090828809109909,constant_log_futures
2023-07-05,922,2,0.0011606918733971672,2.144873684379092e-05,0.0011606918733971672,2.144873684379092e-05,-0.005446323405940554,-0.28945280123063344,constant_log_futures
2023-07-05,923,3,0.0002783705980456564,2.41576986801844e-05,0.0002783705980456564,2.41576986801844e-05,-0.0006119137470553168,-0.726670520623696,constant_log_futures
2023-07-06,924,0,-0.0027714450563533066,7.003087394064165e-06,-0.0027714450563533066,7.003087394064165e-06,0.06147569034092789,-1.047276841637179,constant_log_futures
2023-07-06,925,1,-0.0019676066851946573,1.767409560859789e-05,-0.0019676066851946573,1.767409560859789e-05,0.015486968747983753,1.1132013246922694,constant_log_futures
2023-07-06,926,2,-0.0020483215521182353,2.1356865762418052e-05,-0.0020483215521182353,2.1356865762418052e-05,0.009799812916016655,0.5262389301033806,constant_log_futures
2023-07-06,927,3,-0.0020877043133733283,2.4130321707029334e-05,-0.0020877043133733283,2.4130321707029334e-05,0.004630907749664474,0.09182248391779167,constant_log_futures
2023-07-07,928,0,0.0017607684954936268,6.2662363175329275e-06,0.0017607684954936268,6.2662363175329275e-06,-0.042962751290044496,0.7033943480768039,constant_log_futures
2023-07-07,929,1,0.0036526627074775107,1.7355458845861475e-05,0.0036526627074775107,1.7355458845861475e-05,-0.029708323354150423,0.5536990234332658,constant_log_futures
2023-07-07,930,2,0.00369396429009839,2.125995905431276e-05,0.00369396429009839,2.125995905431276e-05,-0.018026545735680143,-0.03950469647481074,constant_log_futures
2023-07-07,931,3,0.0038595902304120727,2.410310805463117e-05,0.0038595902304120727,2.410310805463117e-05,-0.008639816662573813,-0.003901431227790174,constant_log_futures
2023-07-10,932,0,5.824737335876658e-05,5.529901029453027e-06,5.824737335876658e-05,5.529901029453027e-06,-0.0015791510110598939,0.024769524326436886,constant_log_futures
2023-07-10,933,1,0.0001999270958195536,1.701823882224397e-05,0.0001999270958195536,1.701823882224397e-05,-0.0016821452199990029,0.05668555741919833,constant_log_futures
2023-07-10,934,2,-0.0003750607709539465,2.1157661014886783e-05,-0.0003750607709539465,2.1157661014886783e-05,0.0018676495533216928,-0.4083768208573435,constant_log_futures
2023-07-10,935,3,-0.0005335945983004154,2.4076055597065998e-05,-0.0005335945983004154,2.4076055597065998e-05,0.0012055285369009384,-0.22025724771397084,constant_log_futures
2023-07-11,936,0,-0.0003037019637614566,4.801883066715877e-06,-0.0003037019637614566,4.801883066715877e-06,0.009262909894724426,-0.13859316415652434,constant_log_futures
2023-07-11,937,1,0.00011713104056954048,1.666153552897353e-05,0.00011713104056954048,1.666153552897353e-05,-0.001020713353534567,0.30093399115934083,constant_log_futures
2023-07-11,938,2,-7.857204845044662e-05,2.1049586740077583e-05,-7.857204845044662e-05,2.1049586740077583e-05,0.000399407912956437,-0.04244904950291497,constant_log_futures
2023-07-11,939,3,-7.396833418818038e-05,2.4049160824657468e-05,-7.396833418818038e-05,2.4049160824657468e-05,0.00016867545366276647,-0.025781829652584635,constant_log_futures
2023-07-12,940,0,0.001004329858103977,4.091712078017967e-06,0.001004329858103977,4.091712078017967e-06,-0.03500806933962434,0.4965052455561171,constant_log_futures
2023-07-12,941,1,0.0015134823927659344,1.6284440580230307e-05,0.0015134823927659344,1.6284440580230307e-05,-0.013677396438329185,-0.0883299075755403,constant_log_futures
2023-07-12,942,2,0.0021188085239327034,2.0935317043921703e-05,0.0021188085239327034,2.0935317043921703e-05,-0.010999771911480419,0.25136868405885754,constant_log_futures
2023-07-12,943,3,0.0025757858946053903,2.4022418201366316e-05,0.0025757858946053903,2.4022418201366316e-05,-0.005929167530978446,0.32362124781115115,constant_log_futures
2023-07-13,944,0,0.0003096427199863377,3.410950113602802e-06,0.0003096427199863377,3.410950113602802e-06,-0.0125921372794444,0.1676575787305524,constant_log_futures
2023-07-13,945,1,-0.0001809863280926377,1.588604264428232e-05,-0.0001809863280926377,1.588604264428232e-05,0.0016984870790232155,-0.3224791709762533,constant_log_futures
2023-07-13,946,2,0.00032088434769349337,2.0814391754958515e-05,0.00032088434769349337,2.0814391754958515e-05,-0.0017020821921133128,0.2651580615321377,constant_log_futures
2023-07-13,947,3,0.0004063431351709994,2.3995819287753667e-05,0.0004063431351709994,2.3995819287753667e-05,-0.0009442640474449891,0.14179381035159777,constant_log_futures
2023-07-14,949,0,-0.0008915439934349649,1.546543401725765e-05,-0.0008915439934349649,1.546543401725765e-05,0.008701469375925258,-0.2267053254980333,constant_log_futures
2023-07-14,950,1,-0.000784920641424418,2.0686300927673203e-05,-0.000784920641424418,2.0686300927673203e-05,0.004256014144612399,0.12654597838754006,constant_log_futures
2023-07-14,951,2,-0.0006443589742234621,2.3969351553811924e-05,-0.0006443589742234621,2.3969351553811924e-05,0.0015117652856781229,0.14898134036541438,constant_log_futures
2023-07-17,953,0,-0.00044297914882097115,1.5038972674014445e-05,-0.00044297914882097115,1.5038972674014445e-05,0.00450362134634654,-0.11422842776023567,constant_log_futures
2023-07-17,954,1,-0.0006629379714424405,2.056481407314801e-05,-0.0006629379714424405,2.056481407314801e-05,0.0036762923870898973,-0.11592722900741502,constant_log_futures
2023-07-17,955,2,0.0003316362465885384,2.3943026176591003e-05,0.0003316362465885384,2.3943026176591003e-05,-0.0007856237297825569,0.5975541413478717,constant_log_futures
2023-07-18,957,0,0.0012295244793202157,1.456703701176814e-05,0.0012295244793202157,1.456703701176814e-05,-0.013043650998005769,0.32214512823444985,constant_log_futures
2023-07-18,958,1,0.0012871828152267717,2.0416868277889907e-05,0.0012871828152267717,2.0416868277889907e-05,-0.007304014114310054,-0.05584741896876025,constant_log_futures
2023-07-18,959,2,0.001252467299733784,2.3919334030103496e-05,0.001252467299733784,2.3919334030103496e-05,-0.002996098246421993,-0.07908694273624914,constant_log_futures
2023-07-19,961,0,0.00022843443125667354,1.406984092975069e-05,0.00022843443125667354,1.406984092975069e-05,-0.002533545510301288,0.06089995486092179,constant_log_futures
2023-07-19,962,1,0.0004244117165215853,2.0259745449579818e-05,0.0004244117165215853,2.0259745449579818e-05,-0.0024656299721730196,0.10928209122376346,constant_log_futures
2023-07-19,963,2,0.0005176763102250491,2.389322170668645e-05,0.0005176763102250491,2.389322170668645e-05,-0.001250623957375366,0.07554264711726175,constant_log_futures
2023-07-20,965,0,0.0012218815554360103,1.3547687062720583e-05,0.0012218815554360103,1.3547687062720583e-05,-0.014197099977446977,0.3319682361470186,constant_log_futures
2023-07-20,966,1,0.0017156561762984705,2.009311724082889e-05,0.0017156561762984705,2.009311724082889e-05,-0.010210246512605532,0.20685718730865293,constant_log_futures
2023-07-20,967,2,0.0019514249102759364,2.386633143219727e-05,0.0019514249102759364,2.386633143219727e-05,-0.004761476781073285,0.14392756331179732,constant_log_futures
2023-07-21,969,0,0.0009780952191049523,1.3000488012760935e-05,0.0009780952191049523,1.3000488012760935e-05,-0.01193276167308042,0.27126971337302974,constant_log_futures
2023-07-21,970,1,0.001572754048811429,1.9916453311855034e-05,0.001572754048811429,1.9916453311855034e-05,-0.009593799697749717,0.2823622437692626,constant_log_futures
2023-07-21,971,2,0.0022531836685099117,2.3839245989753476e-05,0.0022531836685099117,2.3839245989753476e-05,-0.005553301162792105,0.43823480602170517,constant_log_futures
2023-07-24,972,0,-0.000928413893280075,1.2428207049953197e-05,-0.000928413893280075,1.2428207049953197e-05,0.011922788945280963,-0.2633524669270747,constant_log_futures
2023-07-24,973,1,-0.000662898790543833,1.9729156773899818e-05,-0.000662898790543833,1.9729156773899818e-05,0.0041473667921203905,0.27605252210732256,constant_log_futures
2023-07-24,974,2,-0.00018574137960637109,2.38121489404782e-05,-0.00018574137960637109,2.38121489404782e-05,0.0004624581288158627,0.3994681267669103,constant_log_futures
2023-07-24,975,3,0.0014148063650299874,2.675241640937141e-05,0.0014148063650299874,2.675241640937141e-05,-0.0022129022632520314,0.9472956334812779,constant_log_futures
2023-07-25,976,0,-0.00025711722521920446,1.182815511855447e-05,-0.00025711722521920446,1.182815511855447e-05,0.003485366830749216,-0.07476058083942408,constant_log_futures
2023-07-25,977,1,-3.637725763520048e-05,1.9525731884273134e-05,-3.637725763520048e-05,1.9525731884273134e-05,0.0002335802858681294,0.17271107054224716,constant_log_futures
2023-07-25,978,2,-3.0223046098106247e-05,2.343838901125953e-05,-3.0223046098106247e-05,2.343838901125953e-05,7.602498193750437e-05,0.06530709123045103,constant_log_futures
2023-07-25,979,3,0.0012629699171122395,2.5559057761334412e-05,0.0012629699171122395,2.5559057761334412e-05,-0.001988159095325074,0.8212607221685223,constant_log_futures
2023-07-26,980,0,0.0017592286185204313,1.1192716821741795e-05,0.0017592286185204313,1.1192716821741795e-05,-0.02525010487758737,0.525841094573641,constant_log_futures
2023-07-26,981,1,0.0023922631876907357,1.930295638068341e-05,0.0023922631876907357,1.930295638068341e-05,-0.015776005886392958,0.15025022391391818,constant_log_futures
2023-07-26,982,2,0.0030851803496864485,2.3409763236327877e-05,0.0030851803496864485,2.3409763236327877e-05,-0.007841500055453057,0.37381918344474846,constant_log_futures
2023-07-26,983,3,0.0028756106999378163,2.5484778368732328e-05,0.0028756106999378163,2.5484778368732328e-05,-0.0045561624076936825,-0.09651670574221376,constant_log_futures
2023-07-27,984,0,0.0005530632223110328,1.0545622211356407e-05,0.0005530632223110328,1.0545622211356407e-05,-0.00843421414024325,0.17030942204197452,constant_log_futures
2023-07-27,985,1,0.0006244072396596138,1.9077574085535817e-05,0.0006244072396596138,1.9077574085535817e-05,-0.004232093513248493,-0.04106363604339707,constant_log_futures
2023-07-27,986,2,0.0014719544289974536,2.3383069297889583e-05,0.0014719544289974536,2.3383069297889583e-05,-0.0037805987439513545,0.49669584103512776,constant_log_futures
2023-07-27,987,3,0.0011535472685772151,2.5445968201923923e-05,0.0011535472685772151,2.5445968201923923e-05,-0.0018396440100185655,-0.13963617239110532,constant_log_futures
2023-07-28,988,0,-0.0006021303336685665,9.877853430949136e-06,-0.0006021303336685665,9.877853430949136e-06,0.009794653427675349,-0.191583991609234,constant_log_futures
2023-07-28,989,1,-0.0011906903524018914,1.8840331452972242e-05,-0.0011906903524018914,1.8840331452972242e-05,0.008300812742458901,-0.25597575217966423,constant_log_futures
2023-07-28,990,2,-0.0012808338799212729,2.3356632907022165e-05,-0.0012808338799212729,2.3356632907022165e-05,0.0033247177308594745,-0.07331352482796798,constant_log_futures
2023-07-28,991,3,-0.0018891801294501098,2.541198114349049e-05,-0.0018891801294501098,2.541198114349049e-05,0.003032631260433071,-0.3846524543979073,constant_log_futures
2023-07-31,992,0,0.0003878285660678959,9.18968914505313e-06,0.0003878285660678959,9.18968914505313e-06,-0.006759297865754757,0.12793500310741396,constant_log_futures
2023-07-31,993,1,-0.00022375000762698454,1.8589120414171e-05,-0.00022375000762698454,1.8589120414171e-05,0.0016057353488524773,-0.4367592986484941,constant_log_futures
2023-07-31,994,2,-0.00046982465885446684,2.3330289920657223e-05,-0.00046982465885446684,2.3330289920657223e-05,0.0012326582447364507,-0.29045706645670477,constant_log_futures
2023-07-31,995,3,-0.00032400872219740776,2.537887107737202e-05,-0.00032400872219740776,2.537887107737202e-05,0.0005235637630209768,0.0837477359819717,constant_log_futures
2023-08-01,996,0,-0.000509291557862436,8.48330338011336e-06,-0.000509291557862436,8.48330338011336e-06,0.009559010778341107,-0.17485738451488372,constant_log_futures
2023-08-01,997,1,-0.0004525924569902021,1.8322946519013438e-05,-0.0004525924569902021,1.8322946519013438e-05,0.003346441197139676,0.1364069210972728,constant_log_futures
2023-08-01,998,2,0.0006072386931456047,2.330401743383378e-05,0.0006072386931456047,2.330401743383378e-05,-0.0016105026209513864,0.7512088001272182,constant_log_futures
2023-08-01,999,3,0.0009067404209792014,2.5346071687010783e-05,0.0009067404209792014,2.5346071687010783e-05,-0.0014749644181261676,0.27355291475563054,constant_log_futures
2023-08-02,1000,0,-0.0005097903377538366,7.761795894538126e-06,-0.0005097903377538366,7.761795894538126e-06,0.010365736867661344,-0.18298289347350125,constant_log_futures
2023-08-02,1001,1,-0.00029794522816251447,1.8040961596459238e-05,-0.00029794522816251447,1.8040961596459238e-05,0.0022718323647391726,0.2338295047061019,constant_log_futures
2023-08-02,1002,2,0.00015947043372484672,2.3277810995987303e-05,0.00015947043372484672,2.3277810995987303e-05,-0.0004275910530644241,0.38813574957144187,constant_log_futures
2023-08-02,1003,3,0.0003489506267875945,2.5313504094399703e-05,0.0003489506267875945,2.5313504094399703e-05,-0.0005714359257461279,0.15360492035830403,constant_log_futures
2023-08-03,1004,0,-0.00083092117593199,7.029179383593477e-06,-0.00083092117593199,7.029179383593477e-06,0.018431342447945958,-0.31340614952506457,constant_log_futures
2023-08-03,1005,1,-0.0006088169383802996,1.774231975996086e-05,-0.0006088169383802996,1.774231975996086e-05,0.004791978482735261,0.3241066905277238,constant_log_futures
2023-08-03,1006,2,-0.0002554117973909845,2.325166826325688e-05,-0.0002554117973909845,2.325166826325688e-05,0.0006924497618155579,0.3746470569963708,constant_log_futures
2023-08-03,1007,3,-0.0010604097776105571,2.528116163476197e-05,-0.0010604097776105571,2.528116163476197e-05,0.001748243146871459,-0.4880495063368905,constant_log_futures
2023-08-04,1008,0,5.8360788678809465e-05,6.290522597560768e-06,5.8360788678809465e-05,6.290522597560768e-06,-0.001424003243762951,0.02326900370958558,constant_log_futures
2023-08-04,1009,1,0.0007857440275845322,1.7426156555312177e-05,0.0007857440275845322,1.7426156555312177e-05,-0.006390718091020862,0.37530714793208675,constant_log_futures
2023-08-04,1010,2,0.0013692083655362825,2.3225586242084596e-05,0.0013692083655362825,2.3225586242084596e-05,-0.0037537847324814935,0.4143405045426233,constant_log_futures
2023-08-04,1011,3,0.001339254597040919,2.524904855590603e-05,0.001339254597040919,2.524904855590603e-05,-0.0022229804195781242,0.011836110980870488,constant_log_futures
2023-08-07,1012,0,0.0015857420572651948,5.552140721270088e-06,0.0015857420572651948,5.552140721270088e-06,-0.042991229108078614,0.6729802393753903,constant_log_futures
2023-08-07,1013,1,0.002395760527483512,1.709158681234173e-05,0.002395760527483512,1.709158681234173e-05,-0.020157433403654376,-0.0328018588519058,constant_log_futures
2023-08-07,1014,2,0.0032944971111712983,2.31995599831276e-05,0.0032944971111712983,2.31995599831276e-05,-0.009134741990065871,0.327588861229372,constant_log_futures
2023-08-07,1015,3,0.003919697239821146,2.5217170581520046e-05,0.003919697239821146,2.5217170581520046e-05,-0.006550726893947669,0.4439877852217904,constant_log_futures
2023-08-08,1016,0,0.0007671424165252442,4.8218218992469474e-06,0.0007671424165252442,4.8218218992469474e-06,-0.023397843704019945,0.3493577755931114,constant_log_futures
2023-08-08,1017,1,0.0008089778345905518,1.6737705106068543e-05,0.0008089778345905518,1.6737705106068543e-05,-0.007049663987146237,-0.2145818527026431,constant_log_futures
2023-08-08,1018,2,0.0016529422524638208,2.3173580926705442e-05,0.0016529422524638208,2.3173580926705442e-05,-0.004635838041392785,0.37709945186199956,constant_log_futures
2023-08-08,1019,3,0.0022292754888941606,2.518553307683983e-05,0.0022292754888941606,2.518553307683983e-05,-0.003751332546828794,0.42108588073012176,constant_log_futures
2023-08-09,1020,0,0.000368625976908764,4.109093451494664e-06,0.000368625976908764,4.109093451494664e-06,-0.01284924833796263,0.18184984169205876,constant_log_futures
2023-08-09,1021,1,0.0007610309948789832,1.6363586078776245e-05,0.0007610309948789832,1.6363586078776245e-05,-0.006877465287054515,0.06367940887302541,constant_log_futures
2023-08-09,1022,2,0.002222069025058392,2.314763440402464e-05,0.002222069025058392,2.314763440402464e-05,-0.006304474908305205,0.8280038945445553,constant_log_futures
2023-08-09,1023,3,0.003518082018102356,2.515414014983597e-05,0.003518082018102356,2.515414014983597e-05,-0.005961194530673437,0.9126821364191454,constant_log_futures
2023-08-10,1024,0,-0.0020080676198921165,3.425534227068329e-06,-0.0020080676198921165,3.425534227068329e-06,0.0816614165422794,-1.0849611255660139,constant_log_futures
2023-08-10,1025,1,-0.0030333399410555116,1.5968283930681413e-05,-0.0030333399410555116,1.5968283930681413e-05,0.02846672867759788,0.23733229546531068,constant_log_futures
2023-08-10,1026,2,-0.0021098578981944968,2.3121695879156193e-05,-0.0021098578981944968,2.3121695879156193e-05,0.006056533260699497,0.9639375688030609,constant_log_futures
2023-08-10,1027,3,-0.0004620612690764761,2.51229935774558e-05,-0.0004620612690764761,2.51229935774558e-05,0.0007884122353472738,1.122759267723156,constant_log_futures
2023-08-11,1029,0,6.383480883705248e-05,1.555083082441896e-05,6.383480883705248e-05,1.555083082441896e-05,-0.0006230277342496322,0.01618753661545315,constant_log_futures
2023-08-11,1030,1,0.0005138849957103874,2.3095725422950888e-05,0.0005138849957103874,2.3095725422950888e-05,-0.0014927135589682683,0.2586240940740344,constant_log_futures
2023-08-11,1031,2,0.0011984412144751206,2.509209125401468e-05,0.0011984412144751206,2.509209125401468e-05,-0.0020592933544502073,0.46005480664985554,constant_log_futures
2023-08-14,1033,0,0.0001541757084537092,1.5139777548258203e-05,0.0001541757084537092,1.5139777548258203e-05,-0.0015674530359460436,0.03962380755653483,constant_log_futures
2023-08-14,1034,1,-0.000575152833714873,2.3078623417482715e-05,-0.000575152833714873,2.3078623417482715e-05,0.001690810740077458,-0.4375544695058731,constant_log_futures
2023-08-14,1035,2,-0.0007332698538843226,2.5061947044980506e-05,-0.0007332698538843226,2.5061947044980506e-05,0.0012689208818991112,-0.14391411998487366,constant_log_futures
2023-08-15,1037,0,0.0006794992131007103,1.4668557890512791e-05,0.0006794992131007103,1.4668557890512791e-05,-0.007208600347677101,0.17741700702665608,constant_log_futures
2023-08-15,1038,1,0.0012493182133170872,2.3049957094992533e-05,0.0012493182133170872,2.3049957094992533e-05,-0.003717483464016699,0.2624703759530626,constant_log_futures
2023-08-15,1039,2,0.0018189616649449342,2.5034194489159815e-05,0.0018189616649449342,2.5034194489159815e-05,-0.0031701903303325996,0.38296841876061555,constant_log_futures
2023-08-16,1041,0,0.0008557137765750344,1.4170435861216105e-05,0.0008557137765750344,1.4170435861216105e-05,-0.009490643703832199,0.22731961908124074,constant_log_futures
2023-08-16,1042,1,0.0011487761508740257,2.3021020524727573e-05,0.0011487761508740257,2.3021020524727573e-05,-0.0034605108742378063,0.07610707129636808,constant_log_futures
2023-08-16,1043,2,0.00180324319687627,2.5003654766195375e-05,0.00180324319687627,2.5003654766195375e-05,-0.0031654053240130204,0.41710802557231114,constant_log_futures
2023-08-17,1045,0,-0.0003966482504172788,1.3646977359636398e-05,-0.0003966482504172788,1.3646977359636398e-05,0.004608674909610287,-0.1073710765256331,constant_log_futures
2023-08-17,1046,1,-0.0010300287768827219,2.299180386759646e-05,-0.0010300287768827219,2.299180386759646e-05,0.003141587769492302,-0.3128551544486172,constant_log_futures
2023-08-17,1047,2,-0.0014495081051009145,2.4972628601295515e-05,-0.0014495081051009145,2.4972628601295515e-05,0.002562898388729153,-0.29213960519973703,constant_log_futures
2023-08-18,1049,0,0.0004293266203765529,1.3098280816957885e-05,0.0004293266203765529,1.3098280816957885e-05,-0.005237784768593946,0.11862621378323886,constant_log_futures
2023-08-18,1050,1,0.001557292756301355,2.2962285643129106e-05,0.001557292756301355,2.2962285643129106e-05,-0.004809866234652286,0.5787964380644548,constant_log_futures
2023-08-18,1051,2,0.002879936029222683,2.4941663378350665e-05,0.002879936029222683,2.4941663378350665e-05,-0.005129229132338209,0.8787968842638815,constant_log_futures
2023-08-21,1052,0,-0.0024344946194512843,1.252431047830512e-05,-0.0024344946194512843,1.252431047830512e-05,0.03126403616558491,-0.6879104493161243,constant_log_futures
2023-08-21,1053,1,-0.0029344825041287934,1.964236827149495e-05,-0.0029344825041287934,1.964236827149495e-05,0.018842466605458567,-0.05088579751810615,constant_log_futures
2023-08-21,1054,2,-0.002272258886602472,2.293244368556106e-05,-0.002272258886602472,2.293244368556106e-05,0.0071080919016795275,0.5852133759697219,constant_log_futures
2023-08-21,1055,3,-0.002030861485439057,2.491088499816011e-05,-0.002030861485439057,2.491088499816011e-05,0.0036436044297583087,0.253056149859219,constant_log_futures
2023-08-22,1056,0,-0.0022604369425317052,1.1800382790635656e-05,-0.0022604369425317052,1.1800382790635656e-05,0.03064147855431867,-0.658027961805497,constant_log_futures
2023-08-22,1057,1,-0.002115901714513779,1.9273948338620462e-05,-0.002115901714513779,1.9273948338620462e-05,0.013953514009226004,0.37059007016088485,constant_log_futures
2023-08-22,1058,2,-0.0026966906534361835,2.282385731101938e-05,-0.0026966906534361835,2.282385731101938e-05,0.008545357395304268,-0.14127642137570742,constant_log_futures
2023-08-22,1059,3,-0.0025746007961435,2.4876909847046043e-05,-0.0025746007961435,2.4876909847046043e-05,0.00465335255006677,0.02834481150256254,constant_log_futures
2023-08-23,1060,0,0.0020927758002590225,1.1175488526611148e-05,0.0020927758002590225,1.1175488526611148e-05,-0.030037487956658913,0.6260217845393014,constant_log_futures
2023-08-23,1061,1,0.0021483109497209153,1.904631846923537e-05,0.0021483109497209153,1.904631846923537e-05,-0.014560774214775092,-0.24919217468073085,constant_log_futures
2023-08-23,1062,2,0.0025644944542873188,2.279080571814806e-05,0.0025644944542873188,2.279080571814806e-05,-0.008233376932185602,0.06392671006721469,constant_log_futures
2023-08-23,1063,3,0.003469558671857384,2.4836014613003892e-05,0.003469558671857384,2.4836014613003892e-05,-0.006317703850247773,0.6024852497720711,constant_log_futures
2023-08-24,1064,0,-0.0015920911026569234,1.0530150121190607e-05,-0.0015920911026569234,1.0530150121190607e-05,0.024279389315518082,-0.490626084397044,constant_log_futures
2023-08-24,1065,1,-0.0016855681614303996,1.880761904863969e-05,-0.0016855681614303996,1.880761904863969e-05,0.011750818039686214,0.17976046992711772,constant_log_futures
2023-08-24,1066,2,-0.0031435308720580814,2.2757132045287244e-05,-0.0031435308720580814,2.2757132045287244e-05,0.010226953770428957,-0.8376666550091988,constant_log_futures
2023-08-24,1067,3,-0.0027021193695353635,2.480346258012329e-05,-0.0027021193695353635,2.480346258012329e-05,0.004957271625312998,0.11029226319631692,constant_log_futures
2023-08-25,1068,0,0.002013556699436438,9.862993326470572e-06,0.002013556699436438,9.862993326470572e-06,-0.03275385564416606,0.6411497742870782,constant_log_futures
2023-08-25,1069,1,0.0035588282134833503,1.8555030040676192e-05,0.0035588282134833503,1.8555030040676192e-05,-0.025539826002645222,0.613366943613673,constant_log_futures
2023-08-25,1070,2,0.0027951082394414763,2.272277002255966e-05,0.0027951082394414763,2.272277002255966e-05,-0.009216302843563787,-0.5297789113734797,constant_log_futures
2023-08-25,1071,3,0.0033550690311507907,2.4772772465926063e-05,0.0033550690311507907,2.4772772465926063e-05,-0.006201794269702976,0.2092123607454044,constant_log_futures
2023-08-28,1072,0,-0.00296962241735081,9.175357738328282e-06,-0.00296962241735081,9.175357738328282e-06,0.051756276416685544,-0.9803693610068721,constant_log_futures
2023-08-28,1073,1,-0.003902461714801624,1.828742083529398e-05,-0.003902461714801624,1.828742083529398e-05,0.028854565406412007,-0.02502863126115928,constant_log_futures
2023-08-28,1074,2,-0.00558140923751926,2.268765371645022e-05,-0.00558140923751926,2.268765371645022e-05,0.01865566923225616,-0.8845881728028313,constant_log_futures
2023-08-28,1075,3,-0.005888621749223591,2.4742607332939925e-05,-0.005888621749223591,2.4742607332939925e-05,0.010968119899317223,-0.35645230704943714,constant_log_futures
2023-08-29,1076,0,0.0006179889278192996,8.469556737719067e-06,0.0006179889278192996,8.469556737719067e-06,-0.011599176799069931,0.21234906509830892,constant_log_futures
2023-08-29,1077,1,0.0016814756994152774,1.800390441353504e-05,0.0016814756994152774,1.800390441353504e-05,-0.01282125220804149,0.5030985480135658,constant_log_futures
2023-08-29,1078,2,0.0024151430298383902,2.2651721748279073e-05,0.0024151430298383902,2.2651721748279073e-05,-0.008184651378896768,0.564913355418704,constant_log_futures
2023-08-29,1079,3,0.002043852416273076,2.471271415268227e-05,0.002043852416273076,2.471271415268227e-05,-0.003836153765927927,-0.160863135178138,constant_log_futures
2023-08-30,1080,0,-0.0008745830845371872,7.748714896030877e-06,-0.0008745830845371872,7.748714896030877e-06,0.017783189385589475,-0.31418556827614397,constant_log_futures
2023-08-30,1081,1,0.0002578855028314371,1.7703624540833122e-05,0.0002578855028314371,1.7703624540833122e-05,-0.0020298084738990534,0.8387334180783709,constant_log_futures
2023-08-30,1082,2,-0.0001219989333644555,2.2614909712201264e-05,-0.0001219989333644555,2.2614909712201264e-05,0.00041926394001305835,0.03431918469985108,constant_log_futures
2023-08-30,1083,3,-0.000784373171910626,2.4683047219384656e-05,-0.000784373171910626,2.4683047219384656e-05,0.0014836205732263004,-0.46155638123591214,constant_log_futures
2023-08-31,1084,0,0.002032914266376856,7.016856455650351e-06,0.002032914266376856,7.016856455650351e-06,-0.04509373463599572,0.7674458951409001,constant_log_futures
2023-08-31,1085,1,0.002914599603705806,1.7385716457960546e-05,0.002914599603705806,1.7385716457960546e-05,-0.023705410110140556,0.013723905451565611,constant_log_futures
2023-08-31,1086,2,0.002948007567499858,2.2577148208710442e-05,0.002948007567499858,2.2577148208710442e-05,-0.010275912092428077,-0.23405716287181763,constant_log_futures
2023-08-31,1087,3,0.002288408797182175,2.4653600960949294e-05,0.002288408797182175,2.4653600960949294e-05,-0.004362279269628521,-0.46603274591875804,constant_log_futures
2023-09-01,1088,0,-0.0012859927871898872,6.279060156700487e-06,-0.0012859927871898872,6.279060156700487e-06,0.03137822400743325,-0.5132053922059839,constant_log_futures
2023-09-01,1089,1,-0.0016568862252864303,1.7049301711039245e-05,-0.0016568862252864303,1.7049301711039245e-05,0.013940697895513415,0.12893719953501345,constant_log_futures
2023-09-01,1090,2,-0.0014504581548370659,2.2538361440599235e-05,-0.0014504581548370659,2.2538361440599235e-05,0.005129156373626726,0.3444039525415926,constant_log_futures
2023-09-01,1091,3,-0.002003719455916325,2.462437750627106e-05,-0.002003719455916325,2.462437750627106e-05,0.0038496657263274274,-0.28948547477266534,constant_log_futures
2023-09-04,1092,0,0.00015317528999383686,5.541650023660055e-06,0.00015317528999383686,5.541650023660055e-06,-0.0041527523064995775,0.06506825556254392,constant_log_futures
2023-09-04,1093,1,0.0005531756839148381,1.6693490196441938e-05,0.0005531756839148381,1.6693490196441938e-05,-0.004820530959829304,0.1660980277610941,constant_log_futures
2023-09-04,1094,2,0.0003974793284926229,2.2498465387764804e-05,0.0003974793284926229,2.2498465387764804e-05,-0.0014262493551794118,-0.10341431724447307,constant_log_futures
2023-09-04,1095,3,0.00023074068620754316,2.4595380076647673e-05,0.00023074068620754316,2.4595380076647673e-05,-0.0004468311701161947,-0.13306518452644173,constant_log_futures
2023-09-05,1096,0,-0.0008280464214057521,4.812420458068258e-06,-0.0008280464214057521,4.812420458068258e-06,0.025255415852875437,-0.3774617094679557,constant_log_futures
2023-09-05,1097,1,-0.000828073854679455,1.6317384039748915e-05,-0.000828073854679455,1.6317384039748915e-05,0.007483334094140259,0.24791561781733326,constant_log_futures
2023-09-05,1098,2,-0.0014190479124009362,2.2457365186380222e-05,-0.0014190479124009362,2.2457365186380222e-05,0.005167875979489976,-0.2155142622889925,constant_log_futures
2023-09-05,1099,3,-0.001741369543882528,2.4566611282552437e-05,-0.001741369543882528,2.4566611282552437e-05,0.003399153349658695,-0.2519715490173701,constant_log_futures
2023-09-06,1100,0,-0.002174377267467549,4.1009000005478795e-06,-0.002174377267467549,4.1009000005478795e-06,0.07579257903744027,-1.0737305485998847,constant_log_futures
2023-09-06,1101,1,-0.0011843340629589597,1.592008220880973e-05,-0.0011843340629589597,1.592008220880973e-05,0.0111145196677687,1.1646399707456832,constant_log_futures
2023-09-06,1102,2,-0.0014972603758530074,2.2414951345019197e-05,-0.0014972603758530074,2.2414951345019197e-05,0.005535326238002027,0.30672130497154776,constant_log_futures
2023-09-06,1103,3,-0.0015934711923806522,2.4538072204524313e-05,-0.0015934711923806522,2.4538072204524313e-05,0.0031355400882328963,-0.054764267232359456,constant_log_futures
2023-09-07,1104,0,-1.3961508366987121e-05,3.4186599249626672e-06,-1.3961508366987121e-05,3.4186599249626672e-06,0.000567768006924143,-0.007550998611723726,constant_log_futures
2023-09-07,1105,1,0.001132574531112122,1.550068568098957e-05,0.001132574531112122,1.550068568098957e-05,-0.011053927423654311,0.5168161186402085,constant_log_futures
2023-09-07,1106,2,0.0008636614370668081,2.2371094327561485e-05,0.0008636614370668081,2.2371094327561485e-05,-0.0032420521637584795,-0.16289894946929556,constant_log_futures
2023-09-07,1107,3,0.0007668544770522917,2.450976137257986e-05,0.0007668544770522917,2.450976137257986e-05,-0.0015212397756159284,-0.11193344679170221,constant_log_futures
2023-09-08,1109,0,-0.0030455706305661224,1.5058303334161089e-05,-0.0030455706305661224,1.5058303334161089e-05,0.030963301410755577,-0.7848391434499103,constant_log_futures
2023-09-08,1110,1,-0.003720445433074697,2.2325636909976616e-05,-0.003720445433074697,2.2325636909976616e-05,0.01418419821359728,-0.1451712257193394,constant_log_futures
2023-09-08,1111,2,-0.00460350436429811,2.4481673375027943e-05,-0.00460350436429811,2.4481673375027943e-05,0.00920700872859622,-0.5535600775568149,constant_log_futures
2023-09-11,1113,0,0.00017161424486080183,1.4614852174228457e-05,0.00017161424486080183,1.4614852174228457e-05,-0.0018206032933058979,0.04489067339538695,constant_log_futures
2023-09-11,1114,1,0.0010973618147346563,2.22904260273989e-05,0.0010973618147346563,2.22904260273989e-05,-0.004250099726908828,0.5539415211677663,constant_log_futures
2023-09-11,1115,2,0.0006654749098340254,2.445390944476358e-05,0.0006654749098340254,2.445390944476358e-05,-0.0013419494049545636,-0.17525595808376773,constant_log_futures
2023-09-12,1117,0,0.0005638989203947424,1.4118727899944681e-05,0.0005638989203947424,1.4118727899944681e-05,-0.006254151662559869,0.15007331604381982,constant_log_futures
2023-09-12,1118,1,0.001483005521617618,2.223795236531111e-05,0.001483005521617618,2.223795236531111e-05,-0.005836344310882239,0.5009231176624532,constant_log_futures
2023-09-12,1119,2,0.0008122683482522305,2.4429088803026797e-05,0.0008122683482522305,2.4429088803026797e-05,-0.0016516123081128688,-0.33565007919583434,constant_log_futures
2023-09-13,1121,0,-0.0007386395260867149,1.3595995793271552e-05,-0.0007386395260867149,1.3595995793271552e-05,0.008582287826912307,-0.20032125535681705,constant_log_futures
2023-09-13,1122,1,-0.0011279314443869625,2.2183136900149397e-05,-0.0011279314443869625,2.2183136900149397e-05,0.00451172577754785,-0.14800238193214782,constant_log_futures
2023-09-13,1123,2,-0.0018308972444073405,2.440152804162952e-05,-0.0018308972444073405,2.440152804162952e-05,0.0037541086355915216,-0.45215734505852523,constant_log_futures
2023-09-14,1125,0,0.0016684166446347714,1.3047740546596658e-05,0.0016684166446347714,1.3047740546596658e-05,-0.020354683064544212,0.4618881898061022,constant_log_futures
2023-09-14,1126,1,0.0014597293609199238,2.2125916704852746e-05,0.0014597293609199238,2.2125916704852746e-05,-0.0059362327344076905,-0.34305200668267655,constant_log_futures
2023-09-14,1127,2,-0.00035289251471097344,2.437331394193535e-05,-0.00035289251471097344,2.437331394193535e-05,0.0007297099456735383,-1.1838116112294825,constant_log_futures
2023-09-15,1129,0,7.335573220980472e-05,1.2474190361291342e-05,7.335573220980472e-05,1.2474190361291342e-05,-0.0009420420346943342,0.02076958757560271,constant_log_futures
2023-09-15,1130,1,-0.0009920962506259907,2.2066142029638215e-05,-0.0009920962506259907,2.2066142029638215e-05,0.004102906528012572,-0.6424677648840362,constant_log_futures
2023-09-15,1131,2,-0.0013726345157075155,2.43450606167159e-05,-0.0013726345157075155,2.43450606167159e-05,0.0028625882207917418,-0.33526155703378585,constant_log_futures
2023-09-18,1132,0,0.0021855640062778984,1.1875562830487778e-05,0.0021855640062778984,1.1875562830487778e-05,-0.029626534307322625,0.6342148823339786,constant_log_futures
2023-09-18,1133,1,0.0018574697370863833,1.9578316075956845e-05,0.0018574697370863833,1.9578316075956845e-05,-0.011926910943396776,-0.4836807312458374,constant_log_futures
2023-09-18,1134,2,0.0015059195294982609,2.2003640202559147e-05,0.0015059195294982609,2.2003640202559147e-05,-0.00633524767582027,-0.5615537584863731,constant_log_futures
2023-09-18,1135,3,0.0013516035014028275,2.431693577214405e-05,0.0013516035014028275,2.431693577214405e-05,-0.002843028054674913,-0.2306444017508002,constant_log_futures
2023-09-19,1136,0,0.0021041828771865257,1.1160678779374237e-05,0.0021041828771865257,1.1160678779374237e-05,-0.030201213060794842,0.6298515143394013,constant_log_futures
2023-09-19,1137,1,0.00207188628475642,1.924557162398915e-05,0.00207188628475642,1.924557162398915e-05,-0.013663250094069365,-0.3133659926261956,constant_log_futures
2023-09-19,1138,2,0.002049902561123438,2.184333771057921e-05,0.002049902561123438,2.184333771057921e-05,-0.008775021489721382,-0.25387347409685856,constant_log_futures
2023-09-19,1139,3,0.0032287101967918364,2.4276028058979093e-05,0.0032287101967918364,2.4276028058979093e-05,-0.006850480765367027,0.6787155548058075,constant_log_futures
2023-09-20,1140,0,1.792460663767488e-05,1.0513930164952914e-05,1.792460663767488e-05,1.0513930164952914e-05,-0.00027335025122454193,0.005527987975190717,constant_log_futures
2023-09-20,1141,1,8.250192908956571e-05,1.9018978138545088e-05,8.250192908956571e-05,1.9018978138545088e-05,-0.0005591797416070565,0.03707030506600151,constant_log_futures
2023-09-20,1142,2,-0.00018394020153224104,2.1771989289396563e-05,-0.00018394020153224104,2.1771989289396563e-05,0.0008014537352476216,-0.18812227894644387,constant_log_futures
2023-09-20,1143,3,0.0017929011172153411,2.4239986503993237e-05,0.0017929011172153411,2.4239986503993237e-05,-0.0038374374789521336,1.2032428983737433,constant_log_futures
2023-09-21,1144,0,-0.000315678102838978,9.846814547925393e-06,-0.000315678102838978,9.846814547925393e-06,0.0051350304728473755,-0.100599675209945,constant_log_futures
2023-09-21,1145,1,-0.0007039373741503613,1.8779998171905365e-05,-0.0007039373741503613,1.8779998171905365e-05,0.004907449122648233,-0.18247698006643576,constant_log_futures
2023-09-21,1146,2,-0.0011665361654560617,2.1697127144173888e-05,-0.0011665361654560617,2.1697127144173888e-05,0.005175178624932346,-0.38656423156030073,constant_log_futures
2023-09-21,1147,3,-0.0003165356544223251,2.4209916199247872e-05,-0.0003165356544223251,2.4209916199247872e-05,0.0006834929175136931,0.4509677514739643,constant_log_futures
2023-09-22,1148,0,0.0015579848324600175,9.159601948309594e-06,0.0015579848324600175,9.159601948309594e-06,-0.027153449937160304,0.5147838634554706,constant_log_futures
2023-09-22,1149,1,0.0018650261166926873,1.852691693535871e-05,0.0018650261166926873,1.852691693535871e-05,-0.013384305072735758,-0.10446854047143105,constant_log_futures
2023-09-22,1150,2,0.001870954455023719,2.161843077288344e-05,0.001870954455023719,2.161843077288344e-05,-0.008453942352329397,-0.14925021512294703,constant_log_futures
2023-09-22,1151,3,0.0029865226109153306,2.418160555052185e-05,0.0029865226109153306,2.418160555052185e-05,-0.006506352830922685,0.6482467266013607,constant_log_futures
2023-09-25,1152,0,-0.0005619145001024815,8.4543885495074e-06,-0.0005619145001024815,8.4543885495074e-06,0.010546702925000423,-0.19325428730699215,constant_log_futures
2023-09-25,1153,1,-0.0012353210854165633,1.825875175831577e-05,-0.0012353210854165633,1.825875175831577e-05,0.009133889237625498,-0.2794134069514576,constant_log_futures
2023-09-25,1154,2,-0.0018906771110518339,2.1535625350262546e-05,-0.0018906771110518339,2.1535625350262546e-05,0.00870424934144618,-0.5239524486194829,constant_log_futures
2023-09-25,1155,3,-0.0014159220008818163,2.415386100317622e-05,-0.0014159220008818163,2.415386100317622e-05,0.003112477191127596,0.1862480613079061,constant_log_futures
2023-09-26,1156,0,0.0015491626272424609,7.734250472084782e-06,0.0015491626272424609,7.734250472084782e-06,-0.03149964008726337,0.5570419404842837,constant_log_futures
2023-09-26,1157,1,0.001497286934214762,1.7974628291265712e-05,0.001497286934214762,1.7974628291265712e-05,-0.01141681287338756,-0.3716604456551058,constant_log_futures
2023-09-26,1158,2,0.00129750922411472,2.1448421232849063e-05,0.00129750922411472,2.1448421232849063e-05,-0.0060883125131536864,-0.39937684770723125,constant_log_futures
2023-09-26,1159,3,0.0012746380232908075,2.4126380932818586e-05,0.0012746380232908075,2.4126380932818586e-05,-0.002827378888026882,-0.13019312556889634,constant_log_futures
2023-09-27,1160,0,0.0015917335168466845,7.003208097937681e-06,0.0015917335168466845,7.003208097937681e-06,-0.03530754346459918,0.601480906393144,constant_log_futures
2023-09-27,1161,1,0.0008089104232906924,1.7673683935162053e-05,0.0008089104232906924,1.7673683935162053e-05,-0.006366907847836417,-0.8172383400485866,constant_log_futures
2023-09-27,1162,2,-0.00014720984374690538,2.135650978705479e-05,-0.00014720984374690538,2.135650978705479e-05,0.0007042980759655865,-1.0811465033705387,constant_log_futures
2023-09-27,1163,3,5.379452560808767e-05,2.4099087609227423e-05,5.379452560808767e-05,2.4099087609227423e-05,-0.00012042077292085681,-0.14774128870637274,constant_log_futures
2023-09-28,1164,0,-0.0019438609767587463,6.266347647717743e-06,-0.0019438609767587463,6.266347647717743e-06,0.047430207832913414,-0.776529499457522,constant_log_futures
2023-09-28,1165,1,-0.0039284124527694374,1.7355045183229627e-05,-0.0039284124527694374,1.7355045183229627e-05,0.03195108794919142,-0.5554632739573889,constant_log_futures
2023-09-28,1166,2,-0.0046447688163556485,2.12595603871508e-05,-0.0046447688163556485,2.12595603871508e-05,0.022666471823815565,-0.4286348750494018,constant_log_futures
2023-09-28,1167,3,-0.004166353702158069,2.4071959634911334e-05,-0.004166353702158069,2.4071959634911334e-05,0.009412873178949711,0.28253881514556484,constant_log_futures
2023-10-09,1168,0,-2.740211751103485e-05,5.530002308580027e-06,-2.740211751103485e-05,5.530002308580027e-06,0.0007429018525213893,-0.011652563227433453,constant_log_futures
2023-10-09,1169,1,-0.0005383727759687505,1.7017824175787398e-05,-0.0005383727759687505,1.7017824175787398e-05,0.004529757149530177,-0.25629324727430197,constant_log_futures
2023-10-09,1170,2,-0.0009534637640755768,2.1157217229773043e-05,-0.0009534637640755768,2.1157217229773043e-05,0.004747860376213076,-0.34849347272209624,constant_log_futures
2023-10-09,1171,3,0.00041135701403358224,2.404498928944115e-05,0.00041135701403358224,2.404498928944115e-05,-0.0009380477703195707,0.7857866974322804,constant_log_futures
2023-10-10,1172,0,-0.0006646620391084062,4.801973295008744e-06,-0.0006646620391084062,4.801973295008744e-06,0.020272192192806387,-0.3033129865620111,constant_log_futures
2023-10-10,1173,1,-0.0006168705431107227,1.6661120785027998e-05,-0.0006168705431107227,1.6661120785027998e-05,0.00537558616139344,0.22676665116208952,constant_log_futures
2023-10-10,1174,2,-0.0008599899134402264,2.104909541240241e-05,-0.0008599899134402264,2.104909541240241e-05,0.0043716153933211505,-0.03720341729687692,constant_log_futures
2023-10-10,1175,3,-0.001541304938760019,2.4018171227460958e-05,-0.001541304938760019,2.4018171227460958e-05,0.0035479094816740064,-0.4365337933038694,constant_log_futures
2023-10-11,1176,0,-0.002006522491201796,4.0917902005566755e-06,-0.002006522491201796,4.0917902005566755e-06,0.06994164112189118,-0.9919444529885164,constant_log_futures
2023-10-11,1177,1,-0.0016085445556880025,1.6284026706402564e-05,-0.0016085445556880025,1.6284026706402564e-05,0.014536476725476763,0.8407208771622858,constant_log_futures
2023-10-11,1178,2,-0.0016394985477262065,2.093477585170414e-05,-0.0016394985477262065,2.093477585170414e-05,0.008511439269046689,0.4161738307791889,constant_log_futures
2023-10-11,1179,3,-0.00221586208832816,2.3991499022581173e-05,-0.00221586208832816,2.3991499022581173e-05,0.0051492414243054395,-0.24729676058913796,constant_log_futures
2023-10-12,1180,0,-0.0002598006671985329,3.4110151649095046e-06,-0.0002598006671985329,3.4110151649095046e-06,0.010565227132740338,-0.14066901192783685,constant_log_futures
2023-10-12,1181,1,0.0008294554627857071,1.588563074512226e-05,0.0008294554627857071,1.588563074512226e-05,-0.007784120496912021,0.5695962217677623,constant_log_futures
2023-10-12,1182,2,0.0008839016490382471,2.0813798607129173e-05,0.0008839016490382471,2.0813798607129173e-05,-0.004688521790550702,0.13393305410969533,constant_log_futures
2023-10-12,1183,3,0.0007233321579264568,2.3964963538853407e-05,0.0007233321579264568,2.3964963538853407e-05,-0.001697048524365918,-0.10670527833946714,constant_log_futures
2023-10-13,1185,0,0.0021484566163111514,1.5465025336288174e-05,0.0021484566163111514,1.5465025336288174e-05,-0.02096893657519684,0.5463252466603584,constant_log_futures
2023-10-13,1186,1,0.0019363586562402735,2.068565413554511e-05,0.0019363586562402735,2.068565413554511e-05,-0.010499366936058371,-0.2748527955696174,constant_log_futures
2023-10-13,1187,2,0.002164422136568432,2.3938551526370167e-05,0.002164422136568432,2.3938551526370167e-05,-0.005127368944880557,0.0003192817392280124,constant_log_futures
2023-10-16,1189,0,-0.0021659179649517885,1.5038554266401775e-05,-0.0021659179649517885,1.5038554266401775e-05,0.02202016597700985,-0.558520296455594,constant_log_futures
2023-10-16,1190,1,-0.002384663141371093,2.0564012381498098e-05,-0.002384663141371093,2.0564012381498098e-05,0.013224041056694244,0.003303085235110462,constant_log_futures
2023-10-16,1191,2,-0.00225103540113522,2.391227768889356e-05,-0.00225103540113522,2.391227768889356e-05,0.005384829783107781,0.1554057207485694,constant_log_futures
2023-10-17,1193,0,0.0007619691116213063,1.4566642716127458e-05,0.0007619691116213063,1.4566642716127458e-05,-0.008083498401547772,0.19964462964906876,constant_log_futures
2023-10-17,1194,1,0.00023378105313411968,2.0416036554479105e-05,0.00023378105313411968,2.0416036554479105e-05,-0.0013265715573191907,-0.4073872136263139,constant_log_futures
2023-10-17,1195,2,-0.00012044750088974101,2.3888641053715366e-05,-0.00012044750088974101,2.3888641053715366e-05,0.00029098208135739414,-0.3493762351157215,constant_log_futures
2023-10-18,1197,0,-0.0004679871266711664,1.4069463188792502e-05,-0.0004679871266711664,1.4069463188792502e-05,0.005190402677625663,-0.12476568144203058,constant_log_futures
2023-10-18,1198,1,-0.0010236162938129553,2.0258888419729617e-05,-0.0010236162938129553,2.0258888419729617e-05,0.005946723230722883,-0.32503027272560786,constant_log_futures
2023-10-18,1199,2,-0.00027310288577532034,2.3862569288724935e-05,-0.00027310288577532034,2.3862569288724935e-05,0.0006663710412917816,0.3982641042199565,constant_log_futures
2023-10-19,1201,0,0.0012137592549467681,1.3547318948547443e-05,0.0012137592549467681,1.3547318948547443e-05,-0.014102726581286258,0.32976600018058805,constant_log_futures
2023-10-19,1202,1,0.0002939174514624873,2.009223372064549e-05,0.0002939174514624873,2.009223372064549e-05,-0.001749167272118217,-0.712896172818543,constant_log_futures
2023-10-19,1203,2,-0.00016929105179996494,2.383569281681592e-05,-0.00016929105179996494,2.383569281681592e-05,0.0004172425923150651,-0.5095146610585164,constant_log_futures
2023-10-20,1205,0,0.001242348020627127,1.300012604136433e-05,0.001242348020627127,1.300012604136433e-05,-0.015156645851650951,0.3445636750582371,constant_log_futures
2023-10-20,1206,1,-0.0001931995284502495,1.99155410792602e-05,-0.0001931995284502495,1.99155410792602e-05,0.001178517123546522,-1.055454730086603,constant_log_futures
2023-10-20,1207,2,-0.0004939891870137604,2.3808599611139382e-05,-0.0004939891870137604,2.3808599611139382e-05,0.0012299322615444647,-0.4932558364643262,constant_log_futures
2023-10-23,1208,0,-0.004223357489465058,1.242784997950539e-05,-0.004223357489465058,1.242784997950539e-05,0.054236801443656536,-1.1980083446920924,constant_log_futures
2023-10-23,1209,1,-0.005480725158995861,1.9728213438046295e-05,-0.005480725158995861,1.9728213438046295e-05,0.03428966509730744,-0.3200033605018326,constant_log_futures
2023-10-23,1210,2,-0.006943590964288074,2.3781477234082915e-05,-0.006943590964288074,2.3781477234082915e-05,0.01746635252872464,-0.7618619873494774,constant_log_futures
2023-10-23,1211,3,-0.008480819768754066,2.7106978266427888e-05,-0.008480819768754066,2.7106978266427888e-05,0.012852919401093118,-0.8632855483044566,constant_log_futures
2023-10-24,1212,0,-0.0018279244897010834,1.1826546715276232e-05,-0.0018279244897010834,1.1826546715276232e-05,0.024778531971503575,-0.5315318285762918,constant_log_futures
2023-10-24,1213,1,-0.0011508719372627912,1.952586522016469e-05,-0.0011508719372627912,1.952586522016469e-05,0.007389809281371606,0.6620004149840998,constant_log_futures
2023-10-24,1214,2,-0.0015833705583413286,2.3405382817114763e-05,-0.0015833705583413286,2.3405382817114763e-05,0.004024400169117544,0.007302739240273144,constant_log_futures
2023-10-24,1215,3,-0.0033239990673244284,2.575250402190282e-05,-0.0033239990673244284,2.575250402190282e-05,0.005069098577669753,-1.1343722653317116,constant_log_futures
2023-10-25,1216,0,-0.00033087153706473985,1.1190759147854611e-05,-0.00033087153706473985,1.1190759147854611e-05,0.004748979708458619,-0.09890759334337128,constant_log_futures
2023-10-25,1217,1,0.00015061490206930064,1.9302521202977122e-05,0.00015061490206930064,1.9302521202977122e-05,-0.0009932442190516042,0.34807063249731196,constant_log_futures
2023-10-25,1218,2,-1.2404246059369642e-05,2.3377363556978735e-05,-1.2404246059369642e-05,2.3377363556978735e-05,3.1859326720907295e-05,0.00881981543886936,constant_log_futures
2023-10-25,1219,3,-0.0026701525387727923,2.567376993729217e-05,-0.0026701525387727923,2.567376993729217e-05,0.004097592575223656,-1.6896694499157636,constant_log_futures
2023-10-26,1220,0,0.0006223039477499517,1.0543759044193556e-05,0.0006223039477499517,1.0543759044193556e-05,-0.009490135203186763,0.19164823318466948,constant_log_futures
2023-10-26,1221,1,0.001250016355409377,1.9077098618113926e-05,0.001250016355409377,1.9077098618113926e-05,-0.008472333075552443,0.2919183398737043,constant_log_futures
2023-10-26,1222,2,0.0009398921846789018,2.3350841320929968e-05,0.0009398921846789018,2.3350841320929968e-05,-0.0024397201389537455,-0.17053330751462625,constant_log_futures
2023-10-26,1223,3,-0.0006995500383922184,2.5634097926694645e-05,-0.0006995500383922184,2.5634097926694645e-05,0.001080317780808236,-1.064436143519409,constant_log_futures
2023-10-27,1224,0,0.003115310069607012,9.87604932528795e-06,0.003115310069607012,9.87604932528795e-06,-0.0506757104656074,0.9913103800244332,constant_log_futures
2023-10-27,1225,1,0.00441238821633652,1.8839791243615008e-05,0.00441238821633652,1.8839791243615008e-05,-0.030760649279603168,0.2617866699112465,constant_log_futures
2023-10-27,1226,2,0.00486849381134186,2.3324513582863895e-05,0.00486849381134186,2.3324513582863895e-05,-0.012773252580294773,0.11541275042838109,constant_log_futures
2023-10-27,1227,3,0.005184025727187402,2.5599430942237363e-05,0.005184025727187402,2.5599430942237363e-05,-0.008056702404036473,0.19680597989725382,constant_log_futures
2023-10-30,1228,0,-0.0036581313971212103,9.187931799549451e-06,-0.0036581313971212103,9.187931799549451e-06,0.06375600434982681,-1.2068420100302353,constant_log_futures
2023-10-30,1229,1,-0.004235706390460798,1.858848874777325e-05,-0.004235706390460798,1.858848874777325e-05,0.0303974223315422,0.3332134777627075,constant_log_futures
2023-10-30,1230,2,-0.0034927779197561496,2.3298266624814372e-05,-0.0034927779197561496,2.3298266624814372e-05,0.009263454482831527,0.8708339541523553,constant_log_futures
2023-10-30,1231,3,-0.002777400662682768,2.556562475696519e-05,-0.002777400662682768,2.556562475696519e-05,0.004344139498042278,0.5113843983557274,constant_log_futures
2023-10-31,1232,0,-7.348791086981719e-05,8.481596959206001e-06,-7.348791086981719e-05,8.481596959206001e-06,0.0013793115578642611,-0.02523347632060323,constant_log_futures
2023-10-31,1233,1,0.0007798706133553554,1.8322206807537643e-05,0.0007798706133553554,1.8322206807537643e-05,-0.00576631605026384,0.5135463402792663,constant_log_futures
2023-10-31,1234,2,0.0014521297853174056,2.3272085457740236e-05,0.0014521297853174056,2.3272085457740236e-05,-0.0038936227210708456,0.5495257494308661,constant_log_futures
2023-10-31,1235,3,0.00081253879619567,2.553211864690022e-05,0.00081253879619567,2.553211864690022e-05,-0.0012790933307854418,-0.37335952387003524,constant_log_futures
2023-11-01,1236,0,-0.0005351595816435314,7.760149948085073e-06,-0.0005351595816435314,7.760149948085073e-06,0.010881578160085139,-0.19210923782741157,constant_log_futures
2023-11-01,1237,1,8.031619487571147e-05,1.804009905783116e-05,8.031619487571147e-05,1.804009905783116e-05,-0.0006124109859273,0.46973116750830085,constant_log_futures
2023-11-01,1238,2,0.0006582052759946987,2.3245966924503964e-05,0.0006582052759946987,2.3245966924503964e-05,-0.001784467637141183,0.5181545646531769,constant_log_futures
2023-11-01,1239,3,-0.000483116672409991,2.5498839273736665e-05,-0.000483116672409991,2.5498839273736665e-05,0.0007654575848573883,-0.686867305302733,constant_log_futures
2023-11-02,1240,0,0.001512347565332855,7.027606018553038e-06,0.001512347565332855,7.027606018553038e-06,-0.03354661872192878,0.5704898322461969,constant_log_futures
2023-11-02,1241,1,0.0023715359258062916,1.7741318505220538e-05,0.0023715359258062916,1.7741318505220538e-05,-0.018666282770862425,0.11083500450301424,constant_log_futures
2023-11-02,1242,2,0.003074609113149801,2.321990889006035e-05,0.003074609113149801,2.321990889006035e-05,-0.008429265433803948,0.2900671248832231,constant_log_futures
2023-11-02,1243,3,0.001219105752850936,2.546578132953936e-05,0.001219105752850936,2.546578132953936e-05,-0.001944194795396264,-1.127280133761986,constant_log_futures
2023-11-03,1244,0,-0.0013049089672863986,6.2890360159804704e-06,-0.0013049089672863986,6.2890360159804704e-06,0.03183977880178813,-0.5203411526619404,constant_log_futures
2023-11-03,1245,1,-0.0010312441463856746,1.7424998772273387e-05,-0.0010312441463856746,1.7424998772273387e-05,0.008387452390603487,0.4902483009639088,constant_log_futures
2023-11-03,1246,2,0.0006721853474839366,2.3193908268202e-05,0.0006721853474839366,2.3193908268202e-05,-0.0018637866452963698,1.3164233862080563,constant_log_futures
2023-11-03,1247,3,-0.0003297084689571437,2.5432949150879122e-05,-0.0003297084689571437,2.5432949150879122e-05,0.0005292688580627833,-0.5220071621182735,constant_log_futures
2023-11-06,1248,0,-0.0003025167178530695,5.550757188601863e-06,-0.0003025167178530695,5.550757188601863e-06,0.008201564350683217,-0.12840243652897143,constant_log_futures
2023-11-06,1249,1,-8.453087929113728e-05,1.709025252330641e-05,-8.453087929113728e-05,1.709025252330641e-05,0.0007112253292081896,0.19893954167203182,constant_log_futures
2023-11-06,1250,2,0.0013800336530621262,2.3167959726092997e-05,0.0013800336530621262,2.3167959726092997e-05,-0.0038704392108868824,0.983797899221828,constant_log_futures
2023-11-06,1251,3,-5.120533372217524e-05,2.540034821041654e-05,-5.120533372217524e-05,2.540034821041654e-05,8.274239356430967e-05,-0.8026431154683432,constant_log_futures
2023-11-07,1252,0,-0.0019063371801891736,4.820559634278986e-06,-0.0019063371801891736,4.820559634278986e-06,0.05814328399576979,-0.8682623878849615,constant_log_futures
2023-11-07,1253,1,-0.0019515848797145197,1.6736172169327542e-05,-0.0019515848797145197,1.6736172169327542e-05,0.01700666823751224,0.5623975758881469,constant_log_futures
2023-11-07,1254,2,-0.000864529943395669,2.3142053868557316e-05,-0.000864529943395669,2.3142053868557316e-05,0.0024528523975412006,1.0336739680219382,constant_log_futures
2023-11-07,1255,3,-0.002700758780425895,2.536798348587929e-05,-0.002700758780425895,2.536798348587929e-05,0.004393234282826122,-1.0720933018988223,constant_log_futures
2023-11-08,1256,0,-0.0028960258031392296,4.107972205719738e-06,-0.0028960258031392296,4.107972205719738e-06,0.100947185137996,-1.4288567104706595,constant_log_futures
2023-11-08,1257,1,-0.0027158741020239722,1.636183045768366e-05,-0.0027158741020239722,1.636183045768366e-05,0.02454345484792034,1.0319717632407879,constant_log_futures
2023-11-08,1258,2,-0.0015403223720777109,2.311617447629356e-05,-0.0015403223720777109,2.311617447629356e-05,0.004421631279846606,1.3025496549494158,constant_log_futures
2023-11-08,1259,3,-0.0032714593914488065,2.533585859411524e-05,-0.0032714593914488065,2.533585859411524e-05,0.00535728920478865,-1.004746102339921,constant_log_futures
2023-11-09,1260,0,-0.0022745334149542502,3.4245743011144037e-06,-0.0022745334149542502,3.4245743011144037e-06,0.09249769220813951,-1.2291051113828226,constant_log_futures
2023-11-09,1261,1,-0.0006841600731234921,1.5966280383788807e-05,-0.0006841600731234921,1.5966280383788807e-05,0.006420579147774311,1.4832607770576434,constant_log_futures
2023-11-09,1262,2,0.0006052274523348734,2.3090294366291678e-05,0.0006052274523348734,2.3090294366291678e-05,-0.0017580416472584418,1.2576652094591176,constant_log_futures
2023-11-09,1263,3,-0.0008988565774130357,2.5303974719856564e-05,-0.0008988565774130357,2.5303974719856564e-05,0.0014818986816809508,-0.8769344447078693,constant_log_futures
2023-11-10,1265,0,-8.007497302209201e-05,1.5548554266471046e-05,-8.007497302209201e-05,1.5548554266471046e-05,0.0007815317366956179,-0.020307281738221203,constant_log_futures
2023-11-10,1266,1,0.00021256829950658165,2.3064369331821157e-05,0.00021256829950658165,2.3064369331821157e-05,-0.0006248995792723605,0.1792672556841784,constant_log_futures
2023-11-10,1267,2,-0.002488620175942098,2.52723290725188e-05,-0.002488620175942098,2.52723290725188e-05,0.004130770904284844,-1.644618568851296,constant_log_futures
2023-11-13,1269,0,-0.0016816642134969088,1.5136563941263791e-05,-0.0016816642134969088,1.5136563941263791e-05,0.01709691950388524,-0.43224067466845073,constant_log_futures
2023-11-13,1270,1,-0.0025561209682963618,2.3048165828970632e-05,-0.0025561209682963618,2.3048165828970632e-05,0.007606018491028199,-0.36097265292053526,constant_log_futures
2023-11-13,1271,2,-0.005235196513420333,2.5241528595473315e-05,-0.005235196513420333,2.5241528595473315e-05,0.008749232529277817,-1.6709809396563589,constant_log_futures
2023-11-14,1273,0,-0.0013521744128856617,1.4664968657310178e-05,-0.0013521744128856617,1.4664968657310178e-05,0.014344806814960934,-0.35309546847454804,constant_log_futures
2023-11-14,1274,1,-0.0023229629390889087,2.3019272105219607e-05,-0.0023229629390889087,2.3019272105219607e-05,0.0069975673720702935,-0.4307738299011183,constant_log_futures
2023-11-14,1275,2,-0.004411981840891007,2.5212901665702997e-05,-0.004411981840891007,2.5212901665702997e-05,0.007424300477085555,-1.3126226318082452,constant_log_futures
2023-11-15,1277,0,0.0004203336022195652,1.4166680147127278e-05,0.0004203336022195652,1.4166680147127278e-05,-0.004661881770071541,0.11167605537217233,constant_log_futures
2023-11-15,1278,1,0.00037444221709246987,2.2990056418539703e-05,0.00037444221709246987,2.2990056418539703e-05,-0.0011420487621320332,-0.07187958752304958,constant_log_futures
2023-11-15,1279,2,-0.0019607999488409945,2.518153214368242e-05,-0.0019607999488409945,2.518153214368242e-05,0.003322466579980574,-1.4290543763929577,constant_log_futures
2023-11-16,1281,0,-0.0009539498892113243,1.3643130843574698e-05,-0.0009539498892113243,1.3643130843574698e-05,0.011083989188931578,-0.2582667751749475,constant_log_futures
2023-11-16,1282,1,-0.0020216493486692622,2.2960524560747226e-05,-0.0020216493486692622,2.2960524560747226e-05,0.006244081532598734,-0.49688385252408884,constant_log_futures
2023-11-16,1283,2,-0.0031427944105417334,2.5149728092533017e-05,-0.0031427944105417334,2.5149728092533017e-05,0.005362530322882398,-0.724193376397137,constant_log_futures
2023-11-17,1285,0,0.0013770227935430588,1.3094366712396172e-05,0.0013770227935430588,1.3094366712396172e-05,-0.01679967808122532,0.3805387431321644,constant_log_futures
2023-11-17,1286,1,0.00046698866091430397,2.2930655680408675e-05,0.00046698866091430397,2.2930655680408675e-05,-0.0014608363238857714,-0.6942476225190356,constant_log_futures
2023-11-17,1287,2,-0.0017909018807930055,2.5118003200946404e-05,-0.0017909018807930055,2.5118003200946404e-05,0.003077324358545728,-1.4263840754917978,constant_log_futures
2023-11-20,1288,0,0.0011861796211365518,1.2520335990637793e-05,0.0011861796211365518,1.2520335990637793e-05,-0.015233043555648348,0.3352296832343253,constant_log_futures
2023-11-20,1289,1,0.001748185124832163,2.052912843356088e-05,0.001748185124832163,2.052912843356088e-05,-0.009919934196722041,0.20522402119269967,constant_log_futures
2023-11-20,1290,2,-0.00020563615602734765,2.2900426148855733e-05,-0.00020563615602734765,2.2900426148855733e-05,0.0006516262606580886,-1.3825301644587575,constant_log_futures
2023-11-20,1291,3,-0.0015032773310655508,2.5086468740147232e-05,-0.0015032773310655508,2.5086468740147232e-05,0.002601416090638258,-1.0768508699176622,constant_log_futures
2023-11-21,1292,0,-0.001946502012020959,1.1801887118445846e-05,-0.001946502012020959,1.1801887118445846e-05,0.026385916162950777,-0.5666033380351397,constant_log_futures
2023-11-21,1293,1,-0.00010222809618244677,2.0224033029021048e-05,-0.00010222809618244677,2.0224033029021048e-05,0.0005938965587742146,1.4208636214621932,constant_log_futures
2023-11-21,1294,2,-0.0015303875071614337,2.278343397865513e-05,-0.0015303875071614337,2.278343397865513e-05,0.004913349365097235,-0.47072900213291846,constant_log_futures
2023-11-21,1295,3,-0.0023101440849812235,2.504957787630589e-05,-0.0023101440849812235,2.504957787630589e-05,0.004026251119538704,-0.7156295989190046,constant_log_futures
2023-11-22,1296,0,2.313441963344362e-05,1.117715769743226e-05,2.313441963344362e-05,1.117715769743226e-05,-0.0003320469641506026,0.006919790078947571,constant_log_futures
2023-11-22,1297,1,0.00228784034189527,2.0055540324942602e-05,0.00228784034189527,2.0055540324942602e-05,-0.013615440083474291,1.390025975487819,constant_log_futures
2023-11-22,1298,2,0.003569438712962234,2.2749622095222932e-05,0.003569438712962234,2.2749622095222932e-05,-0.011612573946170468,1.3646146938381936,constant_log_futures
2023-11-22,1299,3,0.0020779091272645454,2.5009418806458132e-05,0.0020779091272645454,2.5009418806458132e-05,-0.0036475527126082668,-0.7895786703971477,constant_log_futures
2023-11-23,1300,0,0.0013954253929879322,1.0531540647096605e-05,0.0013954253929879322,1.0531540647096605e-05,-0.021280237243065964,0.4299922890675394,constant_log_futures
2023-11-23,1301,1,0.0034395112723776154,1.9878801898790763e-05,0.0034395112723776154,1.9878801898790763e-05,-0.020981018761503455,1.0051247222347823,constant_log_futures
2023-11-23,1302,2,0.003541943843636758,2.2715080097069943e-05,0.003541943843636758,2.2715080097069943e-05,-0.011678841862802283,0.30859017984783177,constant_log_futures
2023-11-23,1303,3,0.004032336163530548,2.4976527973313384e-05,0.004032336163530548,2.4976527973313384e-05,-0.00712963785435836,0.27134293350025984,constant_log_futures
2023-11-24,1304,0,-0.0030994725066834303,9.864006295411326e-06,-0.0030994725066834303,9.864006295411326e-06,0.05041808610871713,-0.986872660920388,constant_log_futures
2023-11-24,1305,1,-0.0028710659908575764,1.9691695875114193e-05,-0.0028710659908575764,1.9691695875114193e-05,0.017962566712032016,0.7045622162752908,constant_log_futures
2023-11-24,1306,2,-0.0028534809525895596,2.2679749303844667e-05,-0.0028534809525895596,2.2679749303844667e-05,0.009537662362080172,0.4095319966454713,constant_log_futures
2023-11-24,1307,3,-0.0021064803480391886,2.494523720722389e-05,-0.0021064803480391886,2.494523720722389e-05,0.003751687627164686,0.49086415027488517,constant_log_futures
2023-11-27,1308,0,-0.0006115425945791187,9.175970635463388e-06,-0.0006115425945791187,9.175970635463388e-06,0.010658313791236067,-0.20188344355407703,constant_log_futures
2023-11-27,1309,1,-0.0005256116931018949,1.9493335743424522e-05,-0.0005256116931018949,1.9493335743424522e-05,0.003374980345180588,0.17289894846136808,constant_log_futures
2023-11-27,1310,2,-0.0009601866789801274,2.264356288535972e-05,-0.0009601866789801274,2.264356288535972e-05,0.003253965967654876,-0.21864039865264123,constant_log_futures
2023-11-27,1311,3,-0.0030328125486411874,2.4914409778813376e-05,-0.0030328125486411874,2.4914409778813376e-05,0.005441222513738601,-1.3469193126724799,constant_log_futures
2023-11-28,1312,0,-0.003136336658541583,8.469769236258113e-06,-0.003136336658541583,8.469769236258113e-06,0.0588666265141651,-1.0776727099934416,constant_log_futures
2023-11-28,1313,1,-0.002301526991525518,1.9282987772583514e-05,-0.002301526991525518,1.9282987772583514e-05,0.015177637457627739,1.1643248864420164,constant_log_futures
2023-11-28,1314,2,-0.00299133934658412,2.2606450500836922e-05,-0.00299133934658412,2.2606450500836922e-05,0.010280095782627117,0.05584021779377529,constant_log_futures
2023-11-28,1315,3,-0.004661344548017865,2.4883838282520072e-05,-0.004661344548017865,2.4883838282520072e-05,0.008424948664565623,-1.118227652573336,constant_log_futures
2023-11-29,1316,0,-0.0006817805197792742,7.74853815426481e-06,-0.0006817805197792742,7.74853815426481e-06,0.013862870568845243,-0.2449258930359075,constant_log_futures
2023-11-29,1317,1,0.0011204518450054074,1.905992030236749e-05,0.0011204518450054074,1.905992030236749e-05,-0.007594173616147761,1.166291132976596,constant_log_futures
2023-11-29,1318,2,0.0009656854353730631,2.2568336168812627e-05,0.0009656854353730631,2.2568336168812627e-05,-0.003366103517586106,0.24080182079321508,constant_log_futures
2023-11-29,1319,3,-0.0010763856221214542,2.485348645756673e-05,-0.0010763856221214542,2.485348645756673e-05,0.001959985759683842,-1.312892742675608,constant_log_futures
2023-11-30,1320,0,-0.002562846245984477,7.016312445068491e-06,-0.002562846245984477,7.016312445068491e-06,0.056848589456382936,-0.9675381358767413,constant_log_futures
2023-11-30,1321,1,-0.0006413870528912992,1.882337432287104e-05,-0.0006413870528912992,1.882337432287104e-05,0.004471384025870772,1.7052780414586028,constant_log_futures
2023-11-30,1322,2,-0.0026650943935935655,2.252913698422671e-05,-0.0026650943935935655,2.252913698422671e-05,0.00942439176864971,-0.7877672432398433,constant_log_futures
2023-11-30,1323,3,-0.005453661138950464,2.482334965160585e-05,-0.005453661138950464,2.482334965160585e-05,0.010005212916570777,-2.0106118359382967,constant_log_futures
2023-12-01,1324,0,-0.0009344278570982464,6.278183397412218e-06,-0.0009344278570982464,6.278183397412218e-06,0.022800039713197214,-0.3729312510420196,constant_log_futures
2023-12-01,1325,1,0.0017358906324216761,1.8572556677436062e-05,0.0017358906324216761,1.8572556677436062e-05,-0.012457568067967323,1.6581693720087665,constant_log_futures
2023-12-01,1326,2,0.0004177977270720702,2.2488761558987383e-05,0.0004177977270720702,2.2488761558987383e-05,-0.0014991565500821345,-0.47420143655402125,constant_log_futures
2023-12-01,1327,3,-0.001962417612717225,2.4793428657257657e-05,-0.001962417612717225,2.4793428657257657e-05,0.0036274992235075976,-1.6872339219137216,constant_log_futures
2023-12-04,1328,0,-0.004833769797743159,5.5404898995499315e-06,-0.004833769797743159,5.5404898995499315e-06,0.13104887007214785,-2.0535812012310255,constant_log_futures
2023-12-04,1329,1,-0.0031645794475615076,1.8306637341990257e-05,-0.0031645794475615076,1.8306637341990257e-05,0.023398708642575993,2.3123760887193288,constant_log_futures
2023-12-04,1330,2,-0.004240385385661544,2.24471078882241e-05,-0.004240385385661544,2.24471078882241e-05,0.01544259752390174,0.22042156786876183,constant_log_futures
2023-12-04,1331,3,-0.006112764473867386,2.4763724451228102e-05,-0.006112764473867386,2.4763724451228102e-05,0.011385607111630856,-1.2658588130253539,constant_log_futures
2023-12-05,1332,0,-0.00010590434162150754,4.811043439232554e-06,-0.00010590434162150754,4.811043439232554e-06,0.00323008241945598,-0.048282986548109016,constant_log_futures
2023-12-05,1333,1,0.002116756837769948,1.802474708298989e-05,0.002116756837769948,1.802474708298989e-05,-0.016140270887995852,1.0983710018114856,constant_log_futures
2023-12-05,1334,2,-0.0006690104420282242,2.2404060405972238e-05,-0.0006690104420282242,2.2404060405972238e-05,0.002473311331134647,-1.7255933661822156,constant_log_futures
2023-12-05,1335,3,-0.004638157296337424,2.4734236720548956e-05,-0.004638157296337424,2.4734236720548956e-05,0.008705464463894856,-2.852287204153882,constant_log_futures
2023-12-06,1336,0,0.0002122832526805056,4.099391122509694e-06,0.0002122832526805056,4.099391122509694e-06,-0.007399587664863338,0.10484701130393752,constant_log_futures
2023-12-06,1337,1,0.0030496407015699785,1.7725974648355892e-05,0.0030496407015699785,1.7725974648355892e-05,-0.0240036235865508,1.2105269922691044,constant_log_futures
2023-12-06,1338,2,0.0003890921413598411,2.2359485940423867e-05,0.0003890921413598411,2.2359485940423867e-05,-0.0014605920383354034,-1.6949612390402924,constant_log_futures
2023-12-06,1339,3,-0.0015427604456012892,2.4704962926080722e-05,-0.0015427604456012892,2.4704962926080722e-05,0.002918089525013291,-1.5925421157477109,constant_log_futures
2023-12-07,1340,0,0.0021305870859074398,3.4171225177781502e-06,0.0021305870859074398,3.4171225177781502e-06,-0.08664387482690256,1.1525745220380939,constant_log_futures
2023-12-07,1341,1,0.00551409924657958,1.7409363250541045e-05,0.00551409924657958,1.7409363250541045e-05,-0.04484800720551392,0.6559383171232933,constant_log_futures
2023-12-07,1342,2,0.007984132714354265,2.2313228213452796e-05,0.007984132714354265,2.2313228213452796e-05,-0.030439505973475632,1.3708424054752348,constant_log_futures
2023-12-07,1343,3,0.012199895332622349,2.4675897231257234e-05,0.012199895332622349,2.4675897231257234e-05,-0.02325605047781135,2.7977794794478523,constant_log_futures
2023-12-08,1345,0,0.0011088238828018612,1.7073906368117116e-05,0.0011088238828018612,1.7073906368117116e-05,-0.00932941473805704,0.2683466165467652,constant_log_futures
2023-12-08,1346,1,4.96628624867268e-06,2.2265100485031758e-05,4.96628624867268e-06,2.2265100485031758e-05,-1.9234505471049744e-05,-0.7790572111089971,constant_log_futures
2023-12-08,1347,2,0.003374683810372904,2.4647029107301902e-05,0.003374683810372904,2.4647029107301902e-05,-0.006483644486070777,1.894780057203028,constant_log_futures
2023-12-11,1349,0,-0.0008312393255856722,1.6741058741522878e-05,-0.0008312393255856722,1.6741058741522878e-05,0.007243656980103715,-0.20315832392049013,constant_log_futures
2023-12-11,1350,1,-0.0019176068341878755,2.2226851543958397e-05,-0.0019176068341878755,2.2226851543958397e-05,0.007546710766803897,-0.6576878166148084,constant_log_futures
2023-12-11,1351,2,-0.00022064084195386885,2.461861875435612e-05,-0.00022064084195386885,2.461861875435612e-05,0.0004272727415614603,0.9128489930149616,constant_log_futures
2023-12-12,1353,0,0.0009466208145920327,1.6359348842376593e-05,0.0009466208145920327,1.6359348842376593e-05,-0.00855464736149837,0.23404159166887822,constant_log_futures
2023-12-12,1354,1,-6.744805834130521e-05,2.2171013399623162e-05,-6.744805834130521e-05,2.2171013399623162e-05,0.00026979223336522085,-0.716368948586197,constant_log_futures
2023-12-12,1355,2,0.001647176476269132,2.459287784791513e-05,0.001647176476269132,2.459287784791513e-05,-0.0032152884816773458,0.8957426793490155,constant_log_futures
2023-12-13,1357,0,-0.0004069324163042936,1.5954567501692357e-05,-0.0004069324163042936,1.5954567501692357e-05,0.0038189042145479863,-0.10187784956482321,constant_log_futures
2023-12-13,1358,1,-0.002086476240323272,2.2112513130810586e-05,-0.002086476240323272,2.2112513130810586e-05,0.00848500337731464,-1.0507163377641189,constant_log_futures
2023-12-13,1359,2,-0.0022190915713365886,2.4564298881592677e-05,-0.0022190915713365886,2.4564298881592677e-05,0.004366599543597804,-0.27012709648088784,constant_log_futures
2023-12-14,1361,0,0.0007179860903447971,1.5527155915279476e-05,0.0007179860903447971,1.5527155915279476e-05,-0.007007544241765219,0.18220910448858568,constant_log_futures
2023-12-14,1362,1,0.0002450289516321598,2.2051289849805466e-05,0.0002450289516321598,2.2051289849805466e-05,-0.0010133400711567287,-0.3589748090938242,constant_log_futures
2023-12-14,1363,2,0.0007894720544076722,2.4535087115712625e-05,0.0007894720544076722,2.4535087115712625e-05,-0.001566107164841236,0.2556533734335803,constant_log_futures
2023-12-15,1365,0,-0.0021680780325310615,1.5076650379964771e-05,-0.0021680780325310615,1.5076650379964771e-05,0.022042126664065794,-0.5583705150513358,constant_log_futures
2023-12-15,1366,1,-0.0030161970693216664,2.198717267033751e-05,-0.0030161970693216664,2.198717267033751e-05,0.01268882905024977,-0.3492570292351623,constant_log_futures
2023-12-15,1367,2,-0.0014312906228354308,2.450584541980416e-05,-0.0014312906228354308,2.450584541980416e-05,0.0028625812456708616,0.9156701265620522,constant_log_futures
2023-12-18,1368,0,0.0034184785135705086,1.4602443854469106e-05,0.0034184785135705086,1.4602443854469106e-05,-0.0362655981439654,0.8945818487478149,constant_log_futures
2023-12-18,1369,1,0.002895898662579109,1.9558103766941272e-05,0.002895898662579109,1.9558103766941272e-05,-0.01859471772813954,-0.5621484745349078,constant_log_futures
2023-12-18,1370,2,0.0031326718204135757,2.1919961697062156e-05,0.0031326718204135757,2.1919961697062156e-05,-0.013410033757559867,-0.22469797285518422,constant_log_futures
2023-12-18,1371,3,0.004640244569048858,2.4476727169070358e-05,0.004640244569048858,2.4476727169070358e-05,-0.009357187395437368,0.8743611635276746,constant_log_futures
2023-12-19,1372,0,0.0004500936634641698,1.4005559451936087e-05,0.0004500936634641698,1.4005559451936087e-05,-0.0049919479038753375,0.12026871426824372,constant_log_futures
2023-12-19,1373,1,-0.00023340956366345224,1.923503752877806e-05,-0.00023340956366345224,1.923503752877806e-05,0.001539241446861685,-0.4897639262381311,constant_log_futures
2023-12-19,1374,2,0.00042363378075644526,2.1761174836390364e-05,0.00042363378075644526,2.1761174836390364e-05,-0.0018458329018673685,0.27466297606916434,constant_log_futures
2023-12-19,1375,3,0.0018495459195975276,2.4437451495427582e-05,0.0018495459195975276,2.4437451495427582e-05,-0.0037607433698483065,1.003010097770658,constant_log_futures
2023-12-20,1376,0,0.0015741359399509308,1.3482167759512593e-05,0.0015741359399509308,1.3482167759512593e-05,-0.018289960445144148,0.4287087733374753,constant_log_futures
2023-12-20,1377,1,0.001530353098180958,1.900756896126784e-05,0.001530353098180958,1.900756896126784e-05,-0.010372393221004271,-0.14975911780553278,constant_log_futures
2023-12-20,1378,2,0.001674022535038397,2.1685372539480486e-05,0.001674022535038397,2.1685372539480486e-05,-0.007426572700897616,-0.04301447959448778,constant_log_futures
2023-12-20,1379,3,0.0017581686256521317,2.4401026591685033e-05,0.0017581686256521317,2.4401026591685033e-05,-0.0036049844089001692,0.025467565944709364,constant_log_futures
2023-12-21,1380,0,-0.0019611298435390167,1.2935601888209378e-05,-0.0019611298435390167,1.2935601888209378e-05,0.023925784091176006,-0.5452717879113005,constant_log_futures
2023-12-21,1381,1,-0.0032296406268541747,1.8767458419678118e-05,-0.0032296406268541747,1.8767458419678118e-05,0.022515208941497677,-0.6720794531624088,constant_log_futures
2023-12-21,1382,2,-0.0024071167798131766,2.160573959957778e-05,-0.0024071167798131766,2.160573959957778e-05,0.010876601745822502,0.47895298147202914,constant_log_futures
2023-12-21,1383,3,-0.0028206050226213496,2.4370368925242303e-05,-0.0028206050226213496,2.4370368925242303e-05,0.005832437504403469,-0.026064552353751224,constant_log_futures
2023-12-22,1384,0,0.00292599778290305,1.2364444050066942e-05,0.00292599778290305,1.2364444050066942e-05,-0.03757597152780759,0.8321214091759028,constant_log_futures
2023-12-22,1385,1,0.0025003957065538466,1.8513121193253123e-05,0.0025003957065538466,1.8513121193253123e-05,-0.017944016247033488,-0.5559004764525612,constant_log_futures
2023-12-22,1386,2,0.0032274875478980926,2.152191950987952e-05,0.0032274875478980926,2.152191950987952e-05,-0.014858621918625182,0.13398944174874944,constant_log_futures
2023-12-22,1387,3,0.0019042546873537618,2.434128335797002e-05,0.0019042546873537618,2.434128335797002e-05,-0.003971266185592461,-0.7966740903803547,constant_log_futures
2023-12-25,1388,0,-0.0006489004629946192,1.1768598499111371e-05,-0.0006489004629946192,1.1768598499111371e-05,0.008796206276149283,-0.1891540788669512,constant_log_futures
2023-12-25,1389,1,-0.0018160483860257559,1.824361529051931e-05,-0.0018160483860257559,1.824361529051931e-05,0.01342775170273589,-0.6900534872638787,constant_log_futures
2023-12-25,1390,2,-0.002540464240812116,2.1433614170017916e-05,-0.002540464240812116,2.1433614170017916e-05,0.011920639899195314,-0.7723450088506566,constant_log_futures
2023-12-25,1391,3,-0.003524040619387405,2.431268775778686e-05,-0.003524040619387405,2.431268775778686e-05,0.007412637164918336,-0.7674125618116617,constant_log_futures
2023-12-26,1392,0,0.0010862646008010174,1.1148460263602251e-05,0.0010862646008010174,1.1148460263602251e-05,-0.015591091917379311,0.3253330478561274,constant_log_futures
2023-12-26,1393,1,0.0001782971920986495,1.795808669885684e-05,0.0001782971920986495,1.795808669885684e-05,-0.0013595160897522023,-0.7092539538982084,constant_log_futures
2023-12-26,1394,2,0.001064144441604682,2.1340513290277065e-05,0.001064144441604682,2.1340513290277065e-05,-0.0050912008578733806,0.3164049384080036,constant_log_futures
2023-12-26,1395,3,4.046712287772425e-05,2.4284332198013557e-05,4.046712287772425e-05,2.4284332198013557e-05,-8.586067810578014e-05,-0.510867417803969,constant_log_futures
2023-12-27,1396,0,-0.0010252157436188066,1.050482944780099e-05,-0.0010252157436188066,1.050482944780099e-05,0.0156345400901868,-0.31631571141518905,constant_log_futures
2023-12-27,1397,1,-0.0015504742021444466,1.7655689023742646e-05,-0.0015504742021444466,1.7655689023742646e-05,0.012203732429782095,-0.20202975867844108,constant_log_futures
2023-12-27,1398,2,-0.0009309284388348792,2.124228946444239e-05,-0.0009309284388348792,2.124228946444239e-05,0.00454293078151421,0.4851003063714157,constant_log_futures
2023-12-27,1399,3,-0.0023720486945997127,2.425615932346569e-05,-0.0023720486945997127,2.425615932346569e-05,0.005077016504230964,-0.7114244838852474,constant_log_futures
2023-12-28,1400,0,0.0034061348848758322,9.838952309618901e-06,0.0034061348848758322,9.838952309618901e-06,-0.055406460793980206,1.0858939525896707,constant_log_futures
2023-12-28,1401,1,0.0034808743504730474,1.7335568254830536e-05,0.0034808743504730474,1.7335568254830536e-05,-0.028311111383847454,-0.4343468265704868,constant_log_futures
2023-12-28,1402,2,0.005153005718584064,2.113859615182948e-05,0.005153005718584064,2.113859615182948e-05,-0.025659865210908402,0.772559000002808,constant_log_futures
2023-12-28,1403,3,0.005668673735325459,2.422815673176732e-05,0.005668673735325459,2.422815673176732e-05,-0.012240322047959398,0.48414076997805694,constant_log_futures
2023-12-29,1404,0,0.0020726052496431767,9.152601080050047e-06,0.0020726052496431767,9.152601080050047e-06,-0.03612254863663822,0.6850847920787124,constant_log_futures
2023-12-29,1405,1,0.0012824630217126926,1.699686352450445e-05,0.0012824630217126926,1.699686352450445e-05,-0.01079037852751369,-0.8091351954079239,constant_log_futures
2023-12-29,1406,2,0.002718155973224028,2.1029066305755467e-05,0.002718155973224028,2.1029066305755467e-05,-0.01381729286388881,0.5825711226184569,constant_log_futures
2023-12-29,1407,3,0.003319439291311342,2.4200322706391796e-05,0.003319439291311342,2.4200322706391796e-05,-0.00723163559892828,0.5422947955259024,constant_log_futures
2024-01-02,1408,0,-0.00412057293308555,8.448174590156776e-06,-0.00412057293308555,8.448174590156776e-06,0.07733998428252879,-1.4176733168417894,constant_log_futures
2024-01-02,1409,1,-0.005885716735087618,1.6638712682823298e-05,-0.005885716735087618,1.6638712682823298e-05,0.051289817262906386,-0.3624578118421747,constant_log_futures
2024-01-02,1410,2,-0.00456110607029396,2.091331106770888e-05,-0.00456110607029396,2.091331106770888e-05,0.023678933641526092,1.352520904977697,constant_log_futures
2024-01-02,1411,3,-0.004016999037980331,2.41726581797728e-05,-0.004016999037980331,2.41726581797728e-05,0.00883016004745226,0.8803796737507013,constant_log_futures
2024-01-03,1412,0,0.00017743763210334353,7.728817589815936e-06,0.00017743763210334353,7.728817589815936e-06,-0.003607898519434652,0.06382476206484966,constant_log_futures
2024-01-03,1413,1,-0.0008053303582749687,1.6260260177397317e-05,-0.0008053303582749687,1.6260260177397317e-05,0.007277800274781199,-0.6154711261709122,constant_log_futures
2024-01-03,1414,2,0.0003956888645228361,2.0790918314169003e-05,0.0003956888645228361,2.0790918314169003e-05,-0.002098871368338522,0.6829184349301137,constant_log_futures
2024-01-03,1415,3,0.00022046889126350888,2.4145164797182055e-05,0.00022046889126350888,2.4145164797182055e-05,-0.0004890400860754197,0.12809123674060302,constant_log_futures
2024-01-04,1416,0,-0.0005502919752520114,6.998560584797617e-06,-0.0005502919752520114,6.998560584797617e-06,0.012206476541953707,-0.20801220437898515,constant_log_futures
2024-01-04,1417,1,-0.0007277039177110327,1.5860666804195685e-05,-0.0007277039177110327,1.5860666804195685e-05,0.006829221381595846,0.010711149002230467,constant_log_futures
2024-01-04,1418,2,-0.0012657006292130634,2.066145091812221e-05,-0.0012657006292130634,2.066145091812221e-05,0.0068629100783997215,-0.30969901636472835,constant_log_futures
2024-01-04,1419,3,-0.0014293020865380965,2.4117844381872693e-05,-0.0014293020865380965,2.4117844381872693e-05,0.0031995386157366566,-0.16492076280321133,constant_log_futures
2024-01-05,1420,0,0.0008778954030666526,6.262483326430866e-06,0.0008778954030666526,6.262483326430866e-06,-0.021420647834826324,0.35080799593032763,constant_log_futures
2024-01-05,1421,1,-0.0003224586008168783,1.5439121417141487e-05,-0.0003224586008168783,1.5439121417141487e-05,0.003147195943972732,-0.8723052565141693,constant_log_futures
2024-01-05,1422,2,-0.0008136807680486887,2.052444457120295e-05,-0.0008136807680486887,2.052444457120295e-05,0.004512229713724546,-0.6930579967789812,constant_log_futures
2024-01-05,1423,3,-0.0013795117926933345,2.4090698681088338e-05,-0.0013795117926933345,2.4090698681088338e-05,0.0031166747908997557,-0.49694122538206503,constant_log_futures
2024-01-08,1424,0,-0.008828039527863377,5.526905864532683e-06,-0.008828039527863377,5.526905864532683e-06,0.2393379605331849,-3.755114943568382,constant_log_futures
2024-01-08,1425,1,-0.012074989288040756,1.4994854840718408e-05,-0.012074989288040756,1.4994854840718408e-05,0.12276239109508102,0.3935917058366789,constant_log_futures
2024-01-08,1426,2,-0.013378216682018582,2.0379404956293385e-05,-0.013378216682018582,2.0379404956293385e-05,0.07591360163750079,0.7144367837507091,constant_log_futures
2024-01-08,1427,3,-0.014314207568846736,2.406372910332682e-05,-0.014314207568846736,2.406372910332682e-05,0.032641744362603774,0.018524014553428152,constant_log_futures
2024-01-09,1428,0,0.0009633080057171615,4.799611805459432e-06,0.0009633080057171615,4.799611805459432e-06,-0.029380894174373423,0.4397057178399185,constant_log_futures
2024-01-09,1429,1,0.0019906021177219495,1.4527156310510903e-05,0.0019906021177219495,1.4527156310510903e-05,-0.02111769203148503,0.28287218740256515,constant_log_futures
2024-01-09,1430,2,0.0028220677108264335,2.022580397463276e-05,0.0028220677108264335,2.022580397463276e-05,-0.016394869558134517,0.43675521395337025,constant_log_futures
2024-01-09,1431,3,0.0016236914416657526,2.403693634357933e-05,0.0016236914416657526,2.403693634357933e-05,-0.003737553884589091,-0.6941322682042024,constant_log_futures
2024-01-10,1432,0,0.0010567548345187978,4.0901092102355905e-06,0.0010567548345187978,4.0901092102355905e-06,-0.0368354542317981,0.5225246598426427,constant_log_futures
2024-01-10,1433,1,0.002102271553964986,1.4035392852299514e-05,0.002102271553964986,1.4035392852299514e-05,-0.023316102689429845,0.2235006878882017,constant_log_futures
2024-01-10,1434,2,0.002550210615218252,2.0063074616222696e-05,0.002550210615218252,2.0063074616222696e-05,-0.015176863173493989,0.09906210023933988,constant_log_futures
2024-01-10,1435,3,0.0010494076272136062,2.401031982471571e-05,0.0010494076272136062,2.401031982471571e-05,-0.0024386234384773326,-0.9724790054715151,constant_log_futures
2024-01-11,1436,0,0.0014339834291362784,3.409935420295176e-06,0.0014339834291362784,3.409935420295176e-06,-0.05831532611820865,0.7765529174966008,constant_log_futures
2024-01-11,1437,1,0.0028666788596584322,1.3519032140374183e-05,0.0028666788596584322,1.3519032140374183e-05,-0.03330807817888845,0.250719288782172,constant_log_futures
2024-01-11,1438,2,0.004550502988718938,1.9890603919639226e-05,0.004550502988718938,1.9890603919639226e-05,-0.027758068231185522,0.8049415765192024,constant_log_futures
2024-01-11,1439,3,0.005222280480912375,2.398387687434647e-05,0.005222280480912375,2.398387687434647e-05,-0.012252273435986727,0.4796805100732521,constant_log_futures
2024-01-12,1441,0,-0.002538055489507229,1.2977669594083596e-05,-0.002538055489507229,1.2977669594083596e-05,0.030964276971988197,-0.7045352975313144,constant_log_futures
2024-01-12,1442,1,-0.002778978419785423,1.9707723311851226e-05,-0.002778978419785423,1.9707723311851226e-05,0.017386429087888285,0.10001800695108949,constant_log_futures
2024-01-12,1443,2,-0.004536958779193596,2.3957601534801707e-05,-0.004536958779193596,2.3957601534801707e-05,0.010747747010905216,-0.9075393815339377,constant_log_futures
2024-01-15,1445,0,-0.002953575290010658,1.2426561916936446e-05,-0.002953575290010658,1.2426561916936446e-05,0.03793012477697897,-0.8378621116511058,constant_log_futures
2024-01-15,1446,1,-0.002364833625108958,1.953032299999978e-05,-0.002364833625108958,1.953032299999978e-05,0.015184721171752255,0.7071971785768173,constant_log_futures
2024-01-15,1447,2,-0.0036774793310824436,2.393173951109028e-05,-0.0036774793310824436,2.393173951109028e-05,0.008797107419452119,-0.4671553984204187,constant_log_futures
2024-01-16,1449,0,-0.0026022868836538347,1.183071485812179e-05,-0.0026022868836538347,1.183071485812179e-05,0.035275444422863095,-0.7565709803957212,constant_log_futures
2024-01-16,1450,1,-0.002102695041999284,1.9320168904158415e-05,-0.002102695041999284,1.9320168904158415e-05,0.013866421358049334,0.6370308577174888,constant_log_futures
2024-01-16,1451,2,-0.002610954416063356,2.3907953461039647e-05,-0.002610954416063356,2.3907953461039647e-05,0.0063076522526679096,-0.013924916088186346,constant_log_futures
2024-01-17,1453,0,-0.0125984086950703,1.12094837488787e-05,-0.0125984086950703,1.12094837488787e-05,0.18082421891747963,-3.762901819652429,constant_log_futures
2024-01-17,1454,1,-0.015787510765638658,1.9096912360234855e-05,-0.015787510765638658,1.9096912360234855e-05,0.10700423963377313,-0.2981997370686148,constant_log_futures
2024-01-17,1455,2,-0.013492640474868919,2.3882118892269103e-05,-0.013492640474868919,2.3882118892269103e-05,0.03292204275868016,2.069295228275962,constant_log_futures
2024-01-18,1457,0,0.0022424715467006043,1.0564314469325455e-05,0.0022424715467006043,1.0564314469325455e-05,-0.034197691087184214,0.6899319880181218,constant_log_futures
2024-01-18,1458,1,0.00474528388911305,1.8860146198783754e-05,0.00474528388911305,1.8860146198783754e-05,-0.03308140768410241,1.2159910173011261,constant_log_futures
2024-01-18,1459,2,0.0019227654690425339,2.3855674659995382e-05,0.0019227654690425339,2.3855674659995382e-05,-0.004738937115619983,-1.5666430099740307,constant_log_futures
2024-01-19,1461,0,-0.00016345870470571566,9.896605769691063e-06,-0.00016345870470571566,9.896605769691063e-06,0.002658928263212975,-0.05195949456793685,constant_log_futures
2024-01-19,1462,1,0.003278977513090666,1.8609197216452754e-05,0.003278977513090666,1.8609197216452754e-05,-0.023531485682180078,2.125041445074297,constant_log_futures
2024-01-19,1463,2,0.0011698542125253356,2.3829128429642492e-05,0.0011698542125253356,2.3829128429642492e-05,-0.0029126982434304273,-0.8140214490345304,constant_log_futures
2024-01-22,1465,0,-0.03129006994050185,1.8343314787418324e-05,-0.03129006994050185,1.8343314787418324e-05,0.23135688077219546,-7.305797399104585,constant_log_futures
2024-01-22,1466,1,-0.03734248819859626,2.380263918527346e-05,-0.03734248819859626,2.380263918527346e-05,0.09393368165420089,-2.3313037455468217,constant_log_futures
2024-01-22,1467,2,-0.02896855148762842,2.702567715569336e-05,-0.02896855148762842,2.702567715569336e-05,0.044177041018633345,5.105979988308212,constant_log_futures
2024-01-23,1468,0,0.01583835598116035,8.57221094621921e-06,0.01583835598116035,8.57221094621921e-06,-0.29727375841562503,5.409581585374695,constant_log_futures
2024-01-23,1469,1,0.024345149988738102,1.818741605466622e-05,0.024345149988738102,1.818741605466622e-05,-0.185631768664128,1.8750608933119757,constant_log_futures
2024-01-23,1470,2,0.021008474302348347,2.344193339803752e-05,0.021008474302348347,2.344193339803752e-05,-0.05339653885180205,-3.1153069774107958,constant_log_futures
2024-01-23,1471,3,0.018753916775517555,2.571836986675117e-05,0.018753916775517555,2.571836986675117e-05,-0.028779595554882288,-1.5092696726103862,constant_log_futures
2024-01-24,1472,0,0.00515231833396986,7.768267954823798e-06,0.00515231833396986,7.768267954823798e-06,-0.10476380612405382,1.8485899564426922,constant_log_futures
2024-01-24,1473,1,0.009041533881387627,1.7751055068574243e-05,0.009041533881387627,1.7751055068574243e-05,-0.07116562151801874,1.1194947391942662,constant_log_futures
2024-01-24,1474,2,0.00527631396927962,2.3391328916345678e-05,0.00527631396927962,2.3391328916345678e-05,-0.013551795878991866,-2.6832823585936376,constant_log_futures
2024-01-24,1475,3,0.007259429109131889,2.5646792898234725e-05,0.007259429109131889,2.5646792898234725e-05,-0.011210763940684688,0.9883268025711369,constant_log_futures
2024-01-25,1476,0,0.007796058973206026,7.031268412746827e-06,0.007796058973206026,7.031268412746827e-06,-0.1729307626783882,2.9400741058721334,constant_log_futures
2024-01-25,1477,1,0.01130025329811455,1.7428035797089614e-05,0.01130025329811455,1.7428035797089614e-05,-0.09190872682466501,0.11791513030155329,constant_log_futures
2024-01-25,1478,2,0.009596972538684745,2.3365667601517143e-05,0.009596972538684745,2.3365667601517143e-05,-0.024911290419564656,-1.9791092648711508,constant_log_futures
2024-01-25,1479,3,0.01357205236496609,2.5599634972334146e-05,0.01357205236496609,2.5599634972334146e-05,-0.021092871191412267,2.3486764964933466,constant_log_futures
2024-01-26,1480,0,-0.007107678507432562,6.292046399816594e-06,-0.007107678507432562,6.292046399816594e-06,0.17342735558135453,-2.8335561128377402,constant_log_futures
2024-01-26,1481,1,-0.008933882408004912,1.709223342564321e-05,-0.008933882408004912,1.709223342564321e-05,0.0751678381914896,0.8375569141466322,constant_log_futures
2024-01-26,1482,2,-0.013928686869622436,2.3340352077179907e-05,-0.013928686869622436,2.3340352077179907e-05,0.03654408167943951,-1.9801032366120577,constant_log_futures
2024-01-26,1483,3,-0.013962734242739302,2.5564234196592527e-05,-0.013962734242739302,2.5564234196592527e-05,0.021839148430951215,-0.2539230602670095,constant_log_futures
2024-01-29,1484,0,-0.005608269106552426,5.553569146666906e-06,-0.005608269106552426,5.553569146666906e-06,0.15204640688875465,-2.3798125628894535,constant_log_futures
2024-01-29,1485,1,-0.004733726794453073,1.6737951355265602e-05,-0.004733726794453073,1.6737951355265602e-05,0.041251047780233925,2.018438712326466,constant_log_futures
2024-01-29,1486,2,-0.008363097055667033,2.3315238850158127e-05,-0.008363097055667033,2.3315238850158127e-05,0.02218038784329083,-1.1279923224175483,constant_log_futures
2024-01-29,1487,3,-0.005658328386964867,2.5530761259540395e-05,-0.005658328386964867,2.5530761259540395e-05,0.008907304041415662,1.4849788001625979,constant_log_futures
2024-01-30,1488,0,-0.0059978311442799356,4.823192485481557e-06,-0.0059978311442799356,4.823192485481557e-06,0.18293384990053801,-2.7310329369768436,constant_log_futures
2024-01-30,1489,1,-0.0051885860166566745,1.6363624726462038e-05,-0.0051885860166566745,1.6363624726462038e-05,0.046889444002378836,2.204207559930086,constant_log_futures
2024-01-30,1490,2,-0.009294404807066309,2.3290306828310608e-05,-0.009294404807066309,2.3290306828310608e-05,0.024921261240925047,-1.2819106542929002,constant_log_futures
2024-01-30,1491,3,-0.008610038258926152,2.5497776991432986e-05,-0.008610038258926152,2.5497776991432986e-05,0.013641878799857019,0.20428217343397226,constant_log_futures
2024-01-31,1492,0,-0.0010399798849456115,4.110379717830198e-06,-0.0010399798849456115,4.110379717830198e-06,0.03625072741810417,-0.5129605512400464,constant_log_futures
2024-01-31,1493,1,0.0023922445941373972,1.5968245379916297e-05,0.0023922445941373972,1.5968245379916297e-05,-0.022450295421904805,1.9620612408984441,constant_log_futures
2024-01-31,1494,2,-0.0013064201749071816,2.326555055782259e-05,-0.0013064201749071816,2.326555055782259e-05,0.003541850251970581,-1.930666335125829,constant_log_futures
2024-01-31,1495,3,-0.0020868506590799377,2.546507541116212e-05,-0.0020868506590799377,2.546507541116212e-05,0.0033280494170948027,-0.7090644014692304,constant_log_futures
2024-02-01,1496,0,-0.0018214857366694159,3.426696598952886e-06,-0.0018214857366694159,3.426696598952886e-06,0.07407375329122291,-0.9839837991763164,constant_log_futures
2024-02-01,1497,1,0.0021401058221312656,1.5550883096800905e-05,0.0021401058221312656,1.5550883096800905e-05,-0.020887432824001153,2.3822738761552826,constant_log_futures
2024-02-01,1498,2,-0.00025255005336328323,2.3240958128187285e-05,-0.00025255005336328323,2.3240958128187285e-05,0.0006923844159622596,-1.0411055549567048,constant_log_futures
2024-02-01,1499,3,0.00043979544025350703,2.5432628055259224e-05,0.00043979544025350703,2.5432628055259224e-05,-0.0007059874172490508,0.2671193691003825,constant_log_futures
2024-02-02,1501,0,-0.0051185470869938784,1.5110613674552312e-05,-0.0051185470869938784,1.5110613674552312e-05,0.05203856205110443,-1.3167570481820232,constant_log_futures
2024-02-02,1502,1,-0.009564930923514271,2.3216503325620717e-05,-0.009564930923514271,2.3216503325620717e-05,0.026520944833380477,-2.0946918640527743,constant_log_futures
2024-02-02,1503,2,-0.01059269623747025,2.54004296590305e-05,-0.01059269623747025,2.54004296590305e-05,0.017116674714852592,-0.8011284353041235,constant_log_futures
2024-02-05,1506,0,-0.036428274709346745,2.3201435051884637e-05,-0.036428274709346745,2.3201435051884637e-05,0.10216665550667363,-7.562774987008344,constant_log_futures
2024-02-05,1507,1,-0.03501826962453561,2.5369148807762405e-05,-0.03501826962453561,2.5369148807762405e-05,0.056963051922577924,0.635332688846153,constant_log_futures
2024-02-06,1509,0,0.04467439561477037,1.4602190044003882e-05,0.04467439561477037,1.4602190044003882e-05,-0.4954796604547259,11.6909468902599,constant_log_futures
2024-02-06,1510,1,0.05359570687351788,2.3334413256381457e-05,0.05359570687351788,2.3334413256381457e-05,-0.15206223810626004,0.6832561023619936,constant_log_futures
2024-02-06,1511,2,0.056701416469754885,2.5340845273325724e-05,0.056701416469754885,2.5340845273325724e-05,-0.09285332629946438,2.4375578207026836,constant_log_futures
2024-02-07,1513,0,0.006382819813047835,1.3683150951769065e-05,0.006382819813047835,1.3683150951769065e-05,-0.07416228735160342,1.7255181246138047,constant_log_futures
2024-02-07,1514,1,0.01184223093346027,2.3148052757049278e-05,0.01184223093346027,2.3148052757049278e-05,-0.03399416879722713,2.305401110263539,constant_log_futures
2024-02-07,1515,2,0.015295781111883976,2.5336525528338263e-05,0.015295781111883976,2.5336525528338263e-05,-0.02521736886013304,2.25297662183175,constant_log_futures
2024-02-08,1517,0,-0.0023683921265059593,1.3114345369361494e-05,-0.0023683921265059593,1.3114345369361494e-05,0.028894383943372706,-0.6540038429740261,constant_log_futures
2024-02-08,1518,1,-0.003813695016951748,2.312077041652597e-05,-0.003813695016951748,2.312077041652597e-05,0.011077876001621745,-0.49788920695280936,constant_log_futures
2024-02-08,1519,2,-0.0016471281809257443,2.528179734531974e-05,-0.0016471281809257443,2.528179734531974e-05,0.002734008681264501,1.2882314159307278,constant_log_futures
2024-02-19,1521,0,-0.012368474694212829,1.2536576606653088e-05,-0.012368474694212829,1.2536576606653088e-05,0.15883725396778578,-3.4932258510332894,constant_log_futures
2024-02-19,1522,1,-0.017330710818575186,2.3093682754511494e-05,-0.017330710818575186,2.3093682754511494e-05,0.050948113731715004,-0.9867287311750905,constant_log_futures
2024-02-19,1523,2,-0.018281092267953724,2.5244820771426638e-05,-0.018281092267953724,2.5244820771426638e-05,0.030551962420415812,-0.6812133016641115,constant_log_futures
2024-02-20,1524,0,0.0022817627350065883,1.1936602515882695e-05,0.0022817627350065883,1.1936602515882695e-05,-0.030930561518978196,0.660435054994258,constant_log_futures
2024-02-20,1525,1,0.005292626011717771,2.0231840248217094e-05,0.005292626011717771,2.0231840248217094e-05,-0.03149757919168625,1.5752233037234389,constant_log_futures
2024-02-20,1526,2,0.0017461217781527677,2.3066549201710198e-05,0.0017461217781527677,2.3066549201710198e-05,-0.0051957769984057964,-2.088071415319074,constant_log_futures
2024-02-20,1527,3,0.0023595211892068826,2.521184285645486e-05,0.0023595211892068826,2.521184285645486e-05,-0.003970504621837788,-0.07136163104508514,constant_log_futures
2024-02-21,1528,0,-0.004150742997316718,1.118513558976407e-05,-0.004150742997316718,1.118513558976407e-05,0.05957537007913407,-1.2410955468119078,constant_log_futures
2024-02-21,1529,1,-0.0025101210192185718,1.988854997864012e-05,-0.0025101210192185718,1.988854997864012e-05,0.015311738217233289,1.636272089877717,constant_log_futures
2024-02-21,1530,2,-0.004702819221469701,2.2956153676604027e-05,-0.004702819221469701,2.2956153676604027e-05,0.014166517160970457,-0.8112744279988091,constant_log_futures
2024-02-21,1531,3,-0.00443340925384237,2.517674271274809e-05,-0.00443340925384237,2.517674271274809e-05,0.007512165680121793,-0.10821895819122909,constant_log_futures
2024-02-22,1532,0,0.006272717934961819,1.0536291018260943e-05,0.006272717934961819,1.0536291018260943e-05,-0.09565894850816772,1.9324660829857347,constant_log_futures
2024-02-22,1533,1,0.009932487057968762,1.9698560245038658e-05,0.009932487057968762,1.9698560245038658e-05,-0.062141713901137895,1.196091792137181,constant_log_futures
2024-02-22,1534,2,0.008185820419582546,2.2925894437066955e-05,0.008185820419582546,2.2925894437066955e-05,-0.024966752279726768,-1.238896464147601,constant_log_futures
2024-02-22,1535,3,0.008990994624541664,2.513490223875959e-05,0.008990994624541664,2.513490223875959e-05,-0.015341277541175985,0.18688837270244835,constant_log_futures
2024-02-23,1536,0,0.003669027316329449,9.868226442262674e-06,0.003669027316329449,9.868226442262674e-06,-0.0596828443456257,1.1679692041511955,constant_log_futures
2024-02-23,1537,1,0.0051158071423203205,1.9499714529812824e-05,0.0051158071423203205,1.9499714529812824e-05,-0.03284886691384627,0.2044586581945132,constant_log_futures
2024-02-23,1538,2,0.0025121575813936634,2.2895251157775157e-05,0.0025121575813936634,2.2895251157775157e-05,-0.007759068985570302,-1.9868767526598499,constant_log_futures
2024-02-23,1539,3,0.004541283825970941,2.5101381858702172e-05,0.004541283825970941,2.5101381858702172e-05,-0.007803332771386688,0.9099202615494651,constant_log_futures
2024-02-26,1540,0,-0.0053680261336258505,9.180038910406357e-06,-0.0053680261336258505,9.180038910406357e-06,0.09355702690033625,-1.7717088741638012,constant_log_futures
2024-02-26,1541,1,-0.005827332387853209,1.9289255625358688e-05,-0.005827332387853209,1.9289255625358688e-05,0.03842889466584278,0.78963976829716,constant_log_futures
2024-02-26,1542,2,-0.007400992282225917,2.2864178861762434e-05,-0.007400992282225917,2.2864178861762434e-05,0.023151822011065686,-0.49078110104164935,constant_log_futures
2024-02-26,1543,3,-0.007468903467381667,2.5069569382640405e-05,-0.007468903467381667,2.5069569382640405e-05,0.012924910964830685,-0.18675531793487835,constant_log_futures
2024-02-27,1544,0,0.004664820222751245,8.473728495568047e-06,0.004664820222751245,8.473728495568047e-06,-0.0875550872577926,1.6024985261650573,constant_log_futures
2024-02-27,1545,1,0.007812770742261067,1.90661584852271e-05,0.007812770742261067,1.90661584852271e-05,-0.052953223919769456,0.8016766818339071,constant_log_futures
2024-02-27,1546,2,0.005653676601740033,2.283263089384072e-05,0.005653676601740033,2.283263089384072e-05,-0.017915546634085296,-1.6498745552111356,constant_log_futures
2024-02-27,1547,3,0.007645953859662238,2.5038229130338973e-05,0.007645953859662238,2.5038229130338973e-05,-0.013325805298268472,0.9003107796295989,constant_log_futures
2024-02-28,1548,0,-0.00490074771756072,7.752372179182355e-06,-0.00490074771756072,7.752372179182355e-06,0.09964853692373464,-1.7601311913510589,constant_log_futures
2024-02-28,1549,1,-0.00612500106334363,1.88296179347731e-05,-0.00612500106334363,1.88296179347731e-05,0.04270000741302417,0.46792491010639453,constant_log_futures
2024-02-28,1550,2,-0.008442980912915397,2.2800563196316022e-05,-0.008442980912915397,2.2800563196316022e-05,0.027106412404623116,-1.0469254877823093,constant_log_futures
2024-02-28,1551,3,-0.006599605160243816,2.5007149307601554e-05,-0.006599605160243816,2.5007149307601554e-05,0.011584918410787706,0.9364524797660826,constant_log_futures
2024-02-29,1552,0,0.0034444306161931313,7.01999105702366e-06,0.0034444306161931313,7.01999105702366e-06,-0.076403733668284,1.3000173888713717,constant_log_futures
2024-02-29,1553,1,0.006086036329514473,1.8578841123643816e-05,0.006086036329514473,1.8578841123643816e-05,-0.04367626071769211,0.5536478652163336,constant_log_futures
2024-02-29,1554,2,0.0037459576045576377,2.2767928274184195e-05,0.0037459576045576377,2.2767928274184195e-05,-0.012186848740160848,-1.805051906682703,constant_log_futures
2024-02-29,1555,3,0.0067646071649888825,2.4976295638799116e-05,0.0067646071649888825,2.4976295638799116e-05,-0.011960609769980344,1.5351937555499486,constant_log_futures
2024-03-01,1556,0,0.0005128287296695816,6.281669755413018e-06,0.0005128287296695816,6.281669755413018e-06,-0.012513021003937792,0.20461374154818893,constant_log_futures
2024-03-01,1557,1,0.0016765062587638362,1.8313009746476364e-05,0.0016765062587638362,1.8313009746476364e-05,-0.01239598567085988,0.4689121831308818,constant_log_futures
2024-03-01,1558,2,-0.0009853495684039731,2.2734673234982383e-05,-0.0009853495684039731,2.2734673234982383e-05,0.003248990468791479,-1.7630618840041437,constant_log_futures
2024-03-01,1559,3,0.0016754158873415678,2.494566467505841e-05,0.0016754158873415678,2.494566467505841e-05,-0.002983952383294471,1.3252372888646495,constant_log_futures
2024-03-04,1560,0,-0.006456026920579638,5.543741755921812e-06,-0.006456026920579638,5.543741755921812e-06,0.17503006318015907,-2.7419771857854918,constant_log_futures
2024-03-04,1561,1,-0.007138237770422031,1.8031272093613744e-05,-0.007138237770422031,1.8031272093613744e-05,0.05442906299946799,1.597491193821389,constant_log_futures
2024-03-04,1562,2,-0.009912347121185494,2.2700737920771623e-05,-0.009912347121185494,2.2700737920771623e-05,0.033131680788620006,-0.8197715819799751,constant_log_futures
2024-03-04,1563,3,-0.008343429143177108,2.491525775237026e-05,-0.008343429143177108,2.491525775237026e-05,0.014969093462758931,0.7293368415028361,constant_log_futures
2024-03-05,1564,0,-0.006532801832498785,4.814013861377537e-06,-0.006532801832498785,4.814013861377537e-06,0.19925045589121293,-2.9774591801556376,constant_log_futures
2024-03-05,1565,1,-0.00409432482792711,1.7732740108966672e-05,-0.00409432482792711,1.7732740108966672e-05,0.032226298645619836,3.287660375647619,constant_log_futures
2024-03-05,1566,2,-0.006523828558727362,2.2666052363751596e-05,-0.006523828558727362,2.2666052363751596e-05,0.022108530115687173,-0.2966173728042455,constant_log_futures
2024-03-05,1567,3,-0.005683722193642778,2.488507588588848e-05,-0.005683722193642778,2.488507588588848e-05,0.010272801594435835,0.2686063719115661,constant_log_futures
2024-03-06,1568,0,0.0001934609242279263,4.1020299351834425e-06,0.0001934609242279263,4.1020299351834425e-06,-0.006743495073087717,0.09551989700981811,constant_log_futures
2024-03-06,1569,1,0.005354866081935736,1.741648679060208e-05,0.005354866081935736,1.741648679060208e-05,-0.04355291079974399,2.28953385085165,constant_log_futures
2024-03-06,1570,2,0.0033418234572807903,2.263053320224665e-05,0.0033418234572807903,2.263053320224665e-05,-0.01148457638840159,-1.13813169988987,constant_log_futures
2024-03-06,1571,3,0.004044593109761026,2.485511817928697e-05,0.004044593109761026,2.485511817928697e-05,-0.007364781483445449,0.12196109844271658,constant_log_futures
2024-03-07,1572,0,-0.00047621253346231095,3.4193791589559604e-06,-0.00047621253346231095,3.4193791589559604e-06,0.019365976360800646,-0.25752962251682665,constant_log_futures
2024-03-07,1573,1,0.002889476317387769,1.7081542960230848e-05,0.002889476317387769,1.7081542960230848e-05,-0.024311455911814335,1.6117555440253242,constant_log_futures
2024-03-07,1574,2,0.0002670601679957037,2.2594078678566016e-05,0.0002670601679957037,2.2594078678566016e-05,-0.0009308954427278814,-1.549739950193538,constant_log_futures
2024-03-07,1575,3,0.0009167263519515162,2.4825380601499058e-05,0.0009167263519515162,2.4825380601499058e-05,-0.0016818137584674432,0.06642577065728321,constant_log_futures
2024-03-08,1577,0,0.0013466570632431236,1.6726893257637636e-05,0.0013466570632431236,1.6726893257637636e-05,-0.011735154408261506,0.3292678823655151,constant_log_futures
2024-03-08,1578,1,-0.001391724372069008,2.2556561783192298e-05,-0.001391724372069008,2.2556561783192298e-05,0.004921460098330985,-1.8214073089863447,constant_log_futures
2024-03-08,1579,2,-0.0006698955545991203,2.4795854488813215e-05,-0.0006698955545991203,2.4795854488813215e-05,0.0012382917827438284,0.13376752908783357,constant_log_futures
2024-03-11,1581,0,0.003352873851926473,1.637592574169557e-05,0.003352873851926473,1.637592574169557e-05,-0.030300045180372572,0.82854153338031,constant_log_futures
2024-03-11,1582,1,6.36706163951277e-05,2.252894295220292e-05,6.36706163951277e-05,2.252894295220292e-05,-0.0002284651529472229,-2.300454714759133,constant_log_futures
2024-03-11,1583,2,0.000749927494514864,2.4766900525351455e-05,0.000749927494514864,2.4766900525351455e-05,-0.001396811516500968,0.03659804915601065,constant_log_futures
2024-03-12,1585,0,0.0017924383331300083,1.597294944999219e-05,0.0017924383331300083,1.597294944999219e-05,-0.016821344357066233,0.4484888646110783,constant_log_futures
2024-03-12,1586,1,-0.0012512065165034038,2.2485756928638006e-05,-0.0012512065165034038,2.2485756928638006e-05,0.00455663268696762,-2.043003948522642,constant_log_futures
2024-03-12,1587,2,0.00043582789316912174,2.4740512579701235e-05,0.00043582789316912174,2.4740512579701235e-05,-0.00081801543025589,0.6991926849065411,constant_log_futures
2024-03-13,1589,0,0.0012249299123356545,1.5545829723910815e-05,0.0012249299123356545,1.5545829723910815e-05,-0.011955315944395988,0.31067355486138803,constant_log_futures
2024-03-13,1590,1,-0.0014141845849137032,2.244094484683793e-05,-0.0014141845849137032,2.244094484683793e-05,0.00522819755634763,-1.7467598445523866,constant_log_futures
2024-03-13,1591,2,0.0008351372873115909,2.4711273337796544e-05,0.0008351372873115909,2.4711273337796544e-05,-0.001579639520186265,1.091298951546035,constant_log_futures
2024-03-14,1593,0,0.0005020559591820371,1.5095269002485313e-05,0.0005020559591820371,1.5095269002485313e-05,-0.005104235585017378,0.12922058355958507,constant_log_futures
2024-03-14,1594,1,-0.0023036187451046554,2.239447177764204e-05,-0.0023036187451046554,2.239447177764204e-05,0.008647430366239014,-1.7845442657268886,constant_log_futures
2024-03-14,1595,2,-0.0010732228797145915,2.4681445487206796e-05,-0.0010732228797145915,2.4681445487206796e-05,0.00204583111445594,0.4717242416723588,constant_log_futures
2024-03-15,1597,0,0.0055168747338361235,1.4620907641024819e-05,0.0055168747338361235,1.4620907641024819e-05,-0.0585268450024354,1.4427994102234138,constant_log_futures
2024-03-15,1598,1,0.0034993659720733428,2.2346229302875074e-05,0.0034993659720733428,2.2346229302875074e-05,-0.01334133276852962,-1.7882285998317375,constant_log_futures
2024-03-15,1599,2,0.006521540360766569,2.465161707246796e-05,0.006521540360766569,2.465161707246796e-05,-0.012529573606512148,1.5295742396077336,constant_log_futures
2024-03-18,1600,0,0.004001054010220651,1.4122235459373302e-05,0.004001054010220651,1.4122235459373302e-05,-0.044375326295174496,1.0646888106289296,constant_log_futures
2024-03-18,1601,1,0.003645765791562703,1.977845724359469e-05,0.003645765791562703,1.977845724359469e-05,-0.022809406490802552,-0.5400340869750886,constant_log_futures
2024-03-18,1602,2,0.0017397151072049508,2.2296091522762694e-05,0.0017397151072049508,2.2296091522762694e-05,-0.006737944224730286,-1.8561464986992786,constant_log_futures
2024-03-18,1603,3,0.005360180773147306,2.462193157876166e-05,0.005360180773147306,2.462193157876166e-05,-0.010380032608317004,1.7962010989525938,constant_log_futures
2024-03-19,1604,0,-0.0018505181992588592,1.3493724996229476e-05,-0.0018505181992588592,1.3493724996229476e-05,0.021501259077102937,-0.5037643531255438,constant_log_futures
2024-03-19,1605,1,-0.00352456234195651,1.945822839334603e-05,-0.00352456234195651,1.945822839334603e-05,0.022631400300983907,-0.9498964966256347,constant_log_futures
2024-03-19,1606,2,-0.004856515493646284,2.2157196992950054e-05,-0.004856515493646284,2.2157196992950054e-05,0.01911273839434989,-1.2841739452740812,constant_log_futures
2024-03-19,1607,3,-0.0017980160755684711,2.4584050441431008e-05,-0.0017980160755684711,2.4584050441431008e-05,0.0035097273795096557,1.673162594852179,constant_log_futures
2024-03-20,1608,0,-1.1885510189934244e-05,1.2944783814058148e-05,-1.1885510189934244e-05,1.2944783814058148e-05,0.00014500322431719779,-0.003303470461081271,constant_log_futures
2024-03-20,1609,1,-0.001367615736315074,1.9243850923299127e-05,-0.001367615736315074,1.9243850923299127e-05,0.009018871342185894,-0.887584798788867,constant_log_futures
2024-03-20,1610,2,-0.003037413215906313,2.21008952862507e-05,-0.003037413215906313,2.21008952862507e-05,0.012149652863625252,-1.604532037809016,constant_log_futures
2024-03-20,1611,3,-0.00019758059512006015,2.4546492334075298e-05,-0.00019758059512006015,2.4546492334075298e-05,0.00038878762265560224,1.4269653668080018,constant_log_futures
2024-03-21,1612,0,0.0005940941289287148,1.237289954731173e-05,0.0005940941289287148,1.237289954731173e-05,-0.007629419339926653,0.1688960594325522,constant_log_futures
2024-03-21,1613,1,-6.205266591917738e-05,1.901784474595621e-05,-6.205266591917738e-05,1.901784474595621e-05,0.0004205791801188689,-0.48785561126590327,constant_log_futures
2024-03-21,1614,2,-0.0017069520626361266,2.2042128912790988e-05,-0.0017069520626361266,2.2042128912790988e-05,0.006941605054720248,-1.4601211824695524,constant_log_futures
2024-03-21,1615,3,0.0004668281911377331,2.451527379958375e-05,0.0004668281911377331,2.451527379958375e-05,-0.0009260656799805438,1.0072754693194683,constant_log_futures
2024-03-22,1616,0,-0.0006056448615937848,1.1776602092679705e-05,-0.0006056448615937848,1.1776602092679705e-05,0.008209852568271305,-0.1764850962982914,constant_log_futures
2024-03-22,1617,1,-0.0017005907777769575,1.877845314645609e-05,-0.0017005907777769575,1.877845314645609e-05,0.011855547136502219,-0.6342659590276469,constant_log_futures
2024-03-22,1618,2,-0.004040317764121722,2.198068221967611e-05,-0.004040317764121722,2.198068221967611e-05,0.016709110753316953,-1.9435304107776725,constant_log_futures
2024-03-22,1619,3,-0.0016307572938879349,2.4485685538944924e-05,-0.0016307572938879349,2.4485685538944924e-05,0.0032615145877758697,1.0527921979253807,constant_log_futures
2024-03-25,1620,0,0.0015436801397229263,1.1156048985828538e-05,0.0015436801397229263,1.1156048985828538e-05,-0.022156350240729063,0.4621703820271938,constant_log_futures
2024-03-25,1621,1,-0.000102360255724172,1.8524728289013448e-05,-0.000102360255724172,1.8524728289013448e-05,0.0007345853646087638,-1.2411865504991535,constant_log_futures
2024-03-25,1622,2,-0.0028204514428345692,2.1916361356119115e-05,-0.0028204514428345692,2.1916361356119115e-05,0.01186534744916612,-2.5887089557702367,constant_log_futures
2024-03-25,1623,3,-0.0014886454673034497,2.4456593148799114e-05,-0.0014886454673034497,2.4456593148799114e-05,0.003001896644810262,0.23209821143935927,constant_log_futures
2024-03-26,1624,0,-0.0016190887740367595,1.051198992550685e-05,-0.0016190887740367595,1.051198992550685e-05,0.02469110380406058,-0.4993766062964512,constant_log_futures
2024-03-26,1625,1,-0.0023546400183934897,1.8255832581394606e-05,-0.0023546400183934897,1.8255832581394606e-05,0.017410065590545802,-0.23523839946612016,constant_log_futures
2024-03-26,1626,2,-0.005239996847853999,2.184896129507698e-05,-0.005239996847853999,2.184896129507698e-05,0.022430863699585538,-2.08554862641284,constant_log_futures
2024-03-26,1627,3,-0.0035958321167793433,2.4427750108228707e-05,-0.0035958321167793433,2.4427750108228707e-05,0.007311525304117998,0.5223995805078125,constant_log_futures
2024-03-27,1628,0,-0.0008417146494857806,9.845660137513226e-06,-0.0008417146494857806,9.845660137513226e-06,0.013691891631635365,-0.26825168937328603,constant_log_futures
2024-03-27,1629,1,-0.0023264408742570165,1.7970936032927646e-05,-0.0023264408742570165,1.7970936032927646e-05,0.01773911166620975,-0.7878148568804504,constant_log_futures
2024-03-27,1630,2,-0.0035868916161159274,2.1778264316058875e-05,-0.0035868916161159274,2.1778264316058875e-05,0.015628599184505113,-1.1120740656155177,constant_log_futures
2024-03-27,1631,3,-0.0036554345459218346,2.4399103626694043e-05,-0.0036554345459218346,2.4399103626694043e-05,0.007495176716007796,-0.2559375262358871,constant_log_futures
2024-03-28,1632,0,0.0033523700436962397,9.158829560070689e-06,0.0033523700436962397,9.158829560070689e-06,-0.05842702076156303,1.1077250135496373,constant_log_futures
2024-03-28,1633,1,0.003634595661920202,1.7669196093527483e-05,0.003634595661920202,1.7669196093527483e-05,-0.028607785209952555,-0.39443271995925866,constant_log_futures
2024-03-28,1634,2,0.0012781836678618583,2.1704038871887582e-05,0.0012781836678618583,2.1704038871887582e-05,-0.005670487544696244,-2.190006443884435,constant_log_futures
2024-03-28,1635,3,0.0023053756050147936,2.4370643571313776e-05,0.0023053756050147936,2.4370643571313776e-05,-0.004767047861217031,0.04812862896745722,constant_log_futures
2024-03-29,1636,0,0.0014262437814861638,8.45389714174319e-06,0.0014262437814861638,8.45389714174319e-06,-0.026769498667894152,0.49052967344437515,constant_log_futures
2024-03-29,1637,1,0.0017297184451766801,1.7349756299169815e-05,0.0017297184451766801,1.7349756299169815e-05,-0.014068376687436998,-0.08346440207017976,constant_log_futures
2024-03-29,1638,2,-0.0018878317572074282,2.1626038420304823e-05,-0.0018878317572074282,2.1626038420304823e-05,0.00853020275478912,-2.818872515043871,constant_log_futures
2024-03-29,1639,3,0.0009856121863470874,2.4342369321436614e-05,0.0009856121863470874,2.4342369321436614e-05,-0.0020554647305016183,1.0394701832143334,constant_log_futures
2024-04-01,1640,0,0.0027752394578715363,7.734009012739337e-06,0.0027752394578715363,7.734009012739337e-06,-0.05642986897672124,0.9979255100729404,constant_log_futures
2024-04-01,1641,1,0.002810623806094474,1.701174991797114e-05,0.002810623806094474,1.701174991797114e-05,-0.02364800719610523,-0.542726816097877,constant_log_futures
2024-04-01,1642,2,0.0013494894412948051,2.154400005951235e-05,0.0013494894412948051,2.154400005951235e-05,-0.006212743842942122,-1.5442219323718662,constant_log_futures
2024-04-01,1643,3,0.0057520802935442095,2.4314282374519412e-05,0.0057520802935442095,2.4314282374519412e-05,-0.012099203376075751,2.3151348137829943,constant_log_futures
2024-04-02,1644,0,-0.0005073764903467189,7.0031983293178825e-06,-0.0005073764903467189,7.0031983293178825e-06,0.011254533058599945,-0.19172649247445664,constant_log_futures
2024-04-02,1645,1,-0.0011339648629305737,1.6654305585825602e-05,-0.0011339648629305737,1.6654305585825602e-05,0.009881693805537856,-0.2430563697116898,constant_log_futures
2024-04-02,1646,2,-0.0032178788421349056,2.1457642834144176e-05,-0.0032178788421349056,2.1457642834144176e-05,0.015099277643863788,-1.485319004220754,constant_log_futures
2024-04-02,1647,3,-0.0003599318216231523,2.4286384597238772e-05,-0.0003599318216231523,2.4286384597238772e-05,0.0007636814302265143,1.4190637875511458,constant_log_futures
2024-04-03,1648,0,-0.00026656941658206477,6.2665490755985485e-06,-0.00026656941658206477,6.2665490755985485e-06,0.006504293764602381,-0.10648687908054884,constant_log_futures
2024-04-03,1649,1,-0.0014578334559061153,1.627655435620483e-05,-0.0014578334559061153,1.627655435620483e-05,0.013174494934855265,-0.5917348861371928,constant_log_futures
2024-04-03,1650,2,-0.004006476337840532,2.1366665554403136e-05,-0.004006476337840532,2.1366665554403136e-05,0.01916823973398215,-1.8984837198100277,constant_log_futures
2024-04-03,1651,3,-0.003073711310586539,2.42586776806615e-05,-0.003073711310586539,2.42586776806615e-05,0.00657882069985189,0.15316452078361406,constant_log_futures
2024-04-08,1652,0,-0.004527418251764912,5.530387550203402e-06,-0.004527418251764912,5.530387550203402e-06,0.12274333927007094,-1.925186617958343,constant_log_futures
2024-04-08,1653,1,-0.0049957520206356364,1.5877638157462963e-05,-0.0049957520206356364,1.5877638157462963e-05,0.046883211270580594,0.9404375676763043,constant_log_futures
2024-04-08,1654,2,-0.008437922350001802,2.127074391669139e-05,-0.008437922350001802,2.127074391669139e-05,0.041177061068008794,-1.489281043505203,constant_log_futures
2024-04-08,1655,3,-0.008275511664976684,2.4231162790109344e-05,-0.008275511664976684,2.4231162790109344e-05,0.0178692464270293,-0.21399661331718697,constant_log_futures
2024-04-09,1656,0,0.0005780528885577976,4.802506123246185e-06,0.0005780528885577976,4.802506123246185e-06,-0.017630613101012823,0.2637749880819247,constant_log_futures
2024-04-09,1657,1,0.002552357044579649,1.545671980736436e-05,0.002552357044579649,1.545671980736436e-05,-0.024911004755097374,0.8438954737645202,constant_log_futures
2024-04-09,1658,2,0.0005326847534006772,2.116952663421864e-05,0.0005326847534006772,2.116952663421864e-05,-0.0026525526495870455,-1.3951309201238518,constant_log_futures
2024-04-09,1659,3,0.002203188006229012,2.4203840152197146e-05,0.002203188006229012,2.4203840152197146e-05,-0.004799802442141776,0.6015709073318392,constant_log_futures
2024-04-10,1660,0,-0.001191163387576911,4.092424639876091e-06,-0.001191163387576911,4.092424639876091e-06,0.04152055236696661,-0.5888178820034082,constant_log_futures
2024-04-10,1661,1,-0.0008707554335243631,1.5012994818675775e-05,-0.0008707554335243631,1.5012994818675775e-05,0.008852680240831025,0.5166497607286731,constant_log_futures
2024-04-10,1662,2,-0.003144628403006309,2.106263018178928e-05,-0.003144628403006309,2.106263018178928e-05,0.015985194381948738,-1.2623521264588795,constant_log_futures
2024-04-10,1663,3,-0.0026050891503442072,2.4176708479127453e-05,-0.0026050891503442072,2.4176708479127453e-05,0.005726502276432312,0.02832795550819237,constant_log_futures
2024-04-11,1664,0,0.00066762301839343,3.411695645379589e-06,0.00066762301839343,3.411695645379589e-06,-0.027150002747999488,0.36144827908973926,constant_log_futures
2024-04-11,1665,1,0.0015448939746409273,1.4545705340513749e-05,0.0015448939746409273,1.4545705340513749e-05,-0.016389309991842883,0.18978535926665818,constant_log_futures
2024-04-11,1666,2,-0.0009321797931369849,2.0949631634910678e-05,-0.0009321797931369849,2.0949631634910678e-05,0.004839401479264347,-1.8290534454038578,constant_log_futures
2024-04-11,1667,3,-4.9236463983644285e-05,2.4149764153361924e-05,-4.9236463983644285e-05,2.4149764153361924e-05,0.00010921542920008368,0.06658236360537226,constant_log_futures
2024-04-12,1669,0,-0.00134159140710843,1.4054156778015059e-05,-0.00134159140710843,1.4054156778015059e-05,0.014879468333384403,-0.3578638838799881,constant_log_futures
2024-04-12,1670,1,-0.004460266210905967,2.0830058957532076e-05,-0.004460266210905967,2.0830058957532076e-05,0.023658803379588176,-1.8923595398907154,constant_log_futures
2024-04-12,1671,2,-0.0035830526949572478,2.4123000087566926e-05,-0.0035830526949572478,2.4123000087566926e-05,0.008020778509812554,0.1391701742685998,constant_log_futures
2024-04-15,1673,0,-0.00101666757639092,1.3555004819234094e-05,-0.00101666757639092,1.3555004819234094e-05,0.011812708982827833,-0.27613988209224344,constant_log_futures
2024-04-15,1674,1,-0.0051219775925633974,2.0718757646252808e-05,-0.0051219775925633974,2.0718757646252808e-05,0.027772500724121532,-2.528897876314013,constant_log_futures
2024-04-15,1675,2,-0.003883379256451776,2.4096438137929066e-05,-0.003883379256451776,2.4096438137929066e-05,0.008773560542354012,0.217436893179788,constant_log_futures
2024-04-16,1677,0,0.0016388660138703555,1.3008937395641466e-05,0.0016388660138703555,1.3008937395641466e-05,-0.019994165369218338,0.45438348407756896,constant_log_futures
2024-04-16,1678,1,-0.0007230574618909275,2.058042970954562e-05,-0.0007230574618909275,2.058042970954562e-05,0.0040096822886678705,-1.688410199024648,constant_log_futures
2024-04-16,1679,2,0.0009477645714135105,2.4072462216037894e-05,0.0009477645714135105,2.4072462216037894e-05,-0.002161257527335482,0.5844846060539352,constant_log_futures
2024-04-17,1681,0,0.005400653098476656,1.2436680758143652e-05,0.005400653098476656,1.2436680758143652e-05,-0.06935575558043705,1.5314190276267263,constant_log_futures
2024-04-17,1682,1,0.002525080290081614,2.0433549712700092e-05,0.002525080290081614,2.0433549712700092e-05,-0.014328362576277065,-2.487290552572112,constant_log_futures
2024-04-17,1683,2,0.005050861230614899,2.404618804650391e-05,0.005050861230614899,2.404618804650391e-05,-0.011626510757264485,0.7956937997695804,constant_log_futures
2024-04-18,1685,0,0.0016943819622132934,1.1839183156921007e-05,0.0016943819622132934,1.1839183156921007e-05,-0.022968288821113535,0.49243674252271386,constant_log_futures
2024-04-18,1686,1,-0.0009838954143627128,2.0277850454053022e-05,-0.0009838954143627128,2.0277850454053022e-05,0.005715963835821475,-1.8986228495122766,constant_log_futures
2024-04-18,1687,2,0.0014171858630667514,2.401927828430682e-05,0.0014171858630667514,2.401927828430682e-05,-0.0032932700056027366,0.9785593749762687,constant_log_futures
2024-04-19,1689,0,-0.003347985506693636,1.1217087178516885e-05,-0.003347985506693636,1.1217087178516885e-05,0.04805343903724984,-0.9996397602591038,constant_log_futures
2024-04-19,1690,1,-0.007235157143139607,2.011284223411195e-05,-0.007235157143139607,2.011284223411195e-05,0.04305800836405035,-1.875874494679271,constant_log_futures
2024-04-19,1691,2,-0.004831455858749889,2.3992281408514177e-05,-0.004831455858749889,2.3992281408514177e-05,0.011335338745528587,1.1991263367112617,constant_log_futures
2024-04-22,1692,0,0.0026497083792320787,1.057124534939329e-05,0.0026497083792320787,1.057124534939329e-05,-0.0404080527832892,0.8149575787394613,constant_log_futures
2024-04-22,1693,1,0.0005831885460643345,1.9937966518394238e-05,0.0005831885460643345,1.9937966518394238e-05,-0.0035574501309924406,-1.6893266323279474,constant_log_futures
2024-04-22,1694,2,0.0021731243128314537,2.3965360382748785e-05,0.0021731243128314537,2.3965360382748785e-05,-0.005147983809037618,0.49790627575797924,constant_log_futures
2024-04-22,1695,3,0.0060021814972515755,2.699685917855531e-05,0.0060021814972515755,2.699685917855531e-05,-0.008984860646192543,2.5004064916594992,constant_log_futures
2024-04-23,1696,0,-0.0014119480327681629,9.898620298233589e-06,-0.0014119480327681629,9.898620298233589e-06,0.02296768799969545,-0.4487778151848878,constant_log_futures
2024-04-23,1697,1,-0.004061195222650308,1.9748410685037354e-05,-0.004061195222650308,1.9748410685037354e-05,0.02540850344427372,-1.320334613461357,constant_log_futures
2024-04-23,1698,2,-0.004584774351077604,2.3581829692946972e-05,-0.004584774351077604,2.3581829692946972e-05,0.010967499428067995,-0.5487021625861972,constant_log_futures
2024-04-23,1699,3,-0.0024484643957233612,2.5801396185534892e-05,-0.0024484643957233612,2.5801396185534892e-05,0.003687810571336421,1.4005787430725483,constant_log_futures
2024-04-24,1700,0,0.0069068697351647775,9.19746564025494e-06,0.0069068697351647775,9.19746564025494e-06,-0.12037687252715755,2.2774412272259075,constant_log_futures
2024-04-24,1701,1,0.005485148314085853,1.9539079746859073e-05,0.005485148314085853,1.9539079746859073e-05,-0.03522042601676179,-2.2208647416129446,constant_log_futures
2024-04-24,1702,2,0.005661743149284745,2.3553664922288853e-05,0.005661743149284745,2.3553664922288853e-05,-0.013677874538866115,-0.8085208939569771,constant_log_futures
2024-04-24,1703,3,0.009303170468834096,2.5729624893316617e-05,0.009303170468834096,2.5729624893316617e-05,-0.01409921487202186,2.4144303209189317,constant_log_futures
2024-04-25,1704,0,0.0010367281283097203,8.488869377624113e-06,0.0010367281283097203,8.488869377624113e-06,-0.019458589485197828,0.3558278663087739,constant_log_futures
2024-04-25,1705,1,-0.0017562700350192972,1.932849111114909e-05,-0.0017562700350192972,1.932849111114909e-05,0.011581888879586716,-1.8247946975130107,constant_log_futures
2024-04-25,1706,2,-0.0027385733623998577,2.3527379788556283e-05,-0.0027385733623998577,2.3527379788556283e-05,0.0066821190042556525,-1.0653768770251777,constant_log_futures
2024-04-25,1707,3,-0.0004493163578983411,2.5690767627797782e-05,-0.0004493163578983411,2.5690767627797782e-05,0.0006852074457949702,1.4762816143857345,constant_log_futures
2024-04-26,1708,0,0.00619245824117902,7.766575844307955e-06,0.00619245824117902,7.766575844307955e-06,-0.1259133175706401,2.2220216839493663,constant_log_futures
2024-04-26,1709,1,0.005542693823657258,1.910691570560511e-05,0.005542693823657258,1.910691570560511e-05,-0.037567147027010306,-1.84636155533045,constant_log_futures
2024-04-26,1710,2,0.006005670227947017,2.3501416055052295e-05,0.006005670227947017,2.3501416055052295e-05,-0.014801853895142141,-0.5402379974272217,constant_log_futures
2024-04-26,1711,3,0.009559077130163622,2.565616038406584e-05,0.009559077130163622,2.565616038406584e-05,-0.014669275595974363,2.3485254045921353,constant_log_futures
2024-04-29,1712,0,0.0055105537408663505,7.0333446341012145e-06,0.0055105537408663505,7.0333446341012145e-06,-0.1222341011610354,2.077850479969382,constant_log_futures
2024-04-29,1713,1,0.004474375134652975,1.8872248616927306e-05,0.004474375134652975,1.8872248616927306e-05,-0.03119278665300931,-1.9978666935222194,constant_log_futures
2024-04-29,1714,2,0.00804195814051261,2.3475637730228267e-05,0.00804195814051261,2.3475637730228267e-05,-0.020022834553929357,1.4007082967225548,constant_log_futures
2024-04-29,1715,3,0.008792652991605143,2.562232482498162e-05,0.008792652991605143,2.562232482498162e-05,-0.01357852740475731,0.7614613387112696,constant_log_futures
2024-04-30,1716,0,-0.0008095031649563419,6.294084979982113e-06,-0.0008095031649563419,6.294084979982113e-06,0.019751877224934745,-0.3226652902125044,constant_log_futures
2024-04-30,1717,1,-0.004206729541670626,1.8623511128705263e-05,-0.004206729541670626,1.8623511128705263e-05,0.03018947082845979,-1.5459245026885915,constant_log_futures
2024-04-30,1718,2,-0.0033717700999955826,2.3450029562791597e-05,-0.0033717700999955826,2.3450029562791597e-05,0.008481566024731156,0.35253110699567414,constant_log_futures
2024-04-30,1719,3,-0.000726730680579598,2.558878875985625e-05,-0.000726730680579598,2.558878875985625e-05,0.001129441312493133,1.798791985739068,constant_log_futures
2024-05-06,1720,0,-0.0012810320547498473,5.555098856550755e-06,-0.0012810320547498473,5.555098856550755e-06,0.03473020237321808,-0.5435182123381141,constant_log_futures
2024-05-06,1721,1,-0.0027955020113189146,1.835985190178725e-05,-0.0027955020113189146,1.835985190178725e-05,0.02066977244732773,-0.36824461925571383,constant_log_futures
2024-05-06,1722,2,-0.0016295870275582526,2.3424589175561452e-05,-0.0016295870275582526,2.3424589175561452e-05,0.0041418670283772255,0.8039514024583518,constant_log_futures
2024-05-06,1723,3,0.0013749917168788123,2.555548954342152e-05,0.0013749917168788123,2.555548954342152e-05,-0.002150628069989937,1.9959198928696116,constant_log_futures
2024-05-07,1724,0,-0.0007188958676121056,4.824183683707034e-06,-0.0007188958676121056,4.824183683707034e-06,0.02192632396216922,-0.32730607748710594,constant_log_futures
2024-05-07,1725,1,-0.002833990558341158,1.8080400159920654e-05,-0.002833990558341158,1.8080400159920654e-05,0.021609178007351328,-0.7764008573719374,constant_log_futures
2024-05-07,1726,2,-0.004072030828453192,2.3399312626316962e-05,-0.004072030828453192,2.3399312626316962e-05,0.01045868970676399,-0.7541858453415544,constant_log_futures
2024-05-07,1727,3,-0.002620406283132183,2.5522420961772348e-05,-0.002620406283132183,2.5522420961772348e-05,0.004125026665059695,0.8788673680080417,constant_log_futures
2024-05-08,1728,0,0.0003238252691644362,4.11088242044682e-06,0.0003238252691644362,4.11088242044682e-06,-0.01128762366801749,0.15971408124957726,constant_log_futures
2024-05-08,1729,1,-0.0021011532210731976,1.7784238812886632e-05,-0.0021011532210731976,1.7784238812886632e-05,0.016538109223930973,-1.2113135465048583,constant_log_futures
2024-05-08,1730,2,-0.0039025451115971763,2.3374190596028055e-05,-0.0039025451115971763,2.3374190596028055e-05,0.010130010715209692,-1.227394617936512,constant_log_futures
2024-05-08,1731,3,-0.0037528777594530785,2.5489583119406808e-05,-0.0037528777594530785,2.5489583119406808e-05,0.005946118008484098,0.03298717438489009,constant_log_futures
2024-05-09,1732,0,0.0018420125916278067,3.4267938007105305e-06,0.0018420125916278067,3.4267938007105305e-06,-0.07490851205953081,0.9950584872779671,constant_log_futures
2024-05-09,1733,1,0.0017402564935602178,1.747039314441867e-05,0.0017402564935602178,1.747039314441867e-05,-0.014154086147623104,-0.7180531041113685,constant_log_futures
2024-05-09,1734,2,0.0018968223890077698,2.3349204977982497e-05,0.0018968223890077698,2.3349204977982497e-05,-0.0049766092786870525,-0.20939049827556502,constant_log_futures
2024-05-09,1735,3,0.003693089268480044,2.5456974189460206e-05,0.003693089268480044,2.5456974189460206e-05,-0.005889632558883208,1.157449187597276,constant_log_futures
2024-05-10,1737,0,-0.002072375175837868,1.7137819580392307e-05,-0.002072375175837868,1.7137819580392307e-05,0.017436535962222065,-0.5005997151810191,constant_log_futures
2024-05-10,1738,1,-0.0036824446911081048,2.332432428510261e-05,-0.0036824446911081048,2.332432428510261e-05,0.009766483745982366,-0.8366011770627121,constant_log_futures
2024-05-10,1739,2,-0.0027686635499967853,2.5424587666969252e-05,-0.0027686635499967853,2.5424587666969252e-05,0.004444433593415892,0.4967766802652147,constant_log_futures
2024-05-13,1741,0,-0.001609095672823838,1.6817430475361024e-05,-0.001609095672823838,1.6817430475361024e-05,0.01402211943460773,-0.3923756484736074,constant_log_futures
2024-05-13,1742,1,-0.00351413724093572,2.3306964105520082e-05,-0.00351413724093572,2.3306964105520082e-05,0.009422521832838633,-1.0202842702132493,constant_log_futures
2024-05-13,1743,2,-0.003209017326245435,2.5393299385031135e-05,-0.003209017326245435,2.5393299385031135e-05,0.0051854319708866635,0.10075129057233037,constant_log_futures
2024-05-14,1745,0,-0.0010587865027374983,1.643676552693553e-05,-0.0010587865027374983,1.643676552693553e-05,0.009568292839553688,-0.26115612524262555,constant_log_futures
2024-05-14,1746,1,-0.0016709339540423099,2.328005528018101e-05,-0.0016709339540423099,2.328005528018101e-05,0.004530087608736928,-0.2874016330735999,constant_log_futures
2024-05-14,1747,2,-0.0008745906270271192,2.53637906877123e-05,-0.0008745906270271192,2.53637906877123e-05,0.001422667419964114,0.47253967640846684,constant_log_futures
2024-05-15,1749,0,0.0006310804145624634,1.6031975323947405e-05,0.0006310804145624634,1.6031975323947405e-05,-0.005922446967432349,0.15761269109519307,constant_log_futures
2024-05-15,1750,1,-0.001123948367895592,2.325309660974987e-05,-0.001123948367895592,2.325309660974987e-05,0.003081386536702522,-1.0629728965422327,constant_log_futures
2024-05-15,1751,2,0.0001591554843711207,2.5331484989009282e-05,0.0001591554843711207,2.5331484989009282e-05,-0.0002606304576278755,0.7114923341972559,constant_log_futures
2024-05-16,1753,0,-0.00032262449095814445,1.560439845961844e-05,-0.00032262449095814445,1.560439845961844e-05,0.0031488150317514896,-0.08167211767563605,constant_log_futures
2024-05-16,1754,1,-0.0011971172646852435,2.322607795590453e-05,-0.0011971172646852435,2.322607795590453e-05,0.003319279688445448,-0.478464374532682,constant_log_futures
2024-05-16,1755,2,-0.00023385699349898897,2.529874944075512e-05,-0.00023385699349898897,2.529874944075512e-05,0.00038554801630914397,0.56044303312433,constant_log_futures
2024-05-17,1757,0,0.007017904050361104,1.5153673913420528e-05,0.007017904050361104,1.5153673913420528e-05,-0.07134869117867122,1.8028037692118963,constant_log_futures
2024-05-17,1758,1,0.00670700182226075,2.3198987990342086e-05,0.00670700182226075,2.3198987990342086e-05,-0.018810441892317505,-0.7945119205350467,constant_log_futures
2024-05-17,1759,2,0.008317982763010875,2.526608491310351e-05,0.008317982763010875,2.526608491310351e-05,-0.01380671968826295,0.946632442191745,constant_log_futures
2024-05-20,1760,0,-0.003796185495472405,1.4679191281998024e-05,-0.003796185495472405,1.4679191281998024e-05,0.04027257656066378,-0.9908236417740166,constant_log_futures
2024-05-20,1761,1,-0.004823810437702081,2.0532973124372823e-05,-0.004823810437702081,2.0532973124372823e-05,0.027372319693007154,-0.3912608231792049,constant_log_futures
2024-05-20,1762,2,-0.005459446925333483,2.3171815542731426e-05,-0.005459446925333483,2.3171815542731426e-05,0.015489593602108952,-0.43347194988932974,constant_log_futures
2024-05-20,1763,3,-0.003702167664104885,2.523359406530157e-05,-0.003702167664104885,2.523359406530157e-05,0.006187184315353369,1.0649154400238068,constant_log_futures
2024-05-21,1764,0,-0.001014476588906429,1.4041787137847222e-05,-0.001014476588906429,1.4041787137847222e-05,0.011251467622416758,-0.2707265423901892,constant_log_futures
2024-05-21,1765,1,-0.0028730990826967423,2.0224775910934568e-05,-0.0028730990826967423,2.0224775910934568e-05,0.01669133752804774,-1.1379663837441532,constant_log_futures
2024-05-21,1766,2,-0.002573474731265183,2.3075235092904882e-05,-0.002573474731265183,2.3075235092904882e-05,0.007387386287396525,-0.13229325516801066,constant_log_futures
2024-05-21,1767,3,-0.0018097553948214669,2.5198053635191928e-05,-0.0018097553948214669,2.5198053635191928e-05,0.0030453814919754337,0.5559254006648311,constant_log_futures
2024-05-22,1768,0,-3.664455305545447e-06,1.3516061309612391e-05,-3.664455305545447e-06,1.3516061309612391e-05,4.257748069300424e-05,-0.0009967456581336284,constant_log_futures
2024-05-22,1769,1,-0.000360463951906715,2.0055200601386634e-05,-0.000360463951906715,2.0055200601386634e-05,0.0021452001040302066,-0.23288645696918553,constant_log_futures
2024-05-22,1770,2,-0.0007944185924945724,2.3046067243727577e-05,-0.0007944185924945724,2.3046067243727577e-05,0.0023075968639128053,-0.38172179340056334,constant_log_futures
2024-05-22,1771,3,6.265683922302562e-05,2.5156907201073383e-05,6.265683922302562e-05,2.5156907201073383e-05,-0.00010616853312790452,0.495975037166297,constant_log_futures
2024-05-23,1772,0,0.00042608148744970216,1.2968501787128823e-05,0.00042608148744970216,1.2968501787128823e-05,-0.0051981941468863665,0.11831716694390658,constant_log_futures
2024-05-23,1773,1,-0.0008264232983736103,1.987754385309626e-05,-0.0008264232983736103,1.987754385309626e-05,0.005041182120079023,-0.8559999720780139,constant_log_futures
2024-05-23,1774,2,-0.0009907652162239808,2.3016691946149397e-05,-0.0009907652162239808,2.3016691946149397e-05,0.0029126109970921844,-0.41769302571047706,constant_log_futures
2024-05-23,1775,3,-0.00020364138067187343,2.5123199463165338e-05,-0.00020364138067187343,2.5123199463165338e-05,0.0003474720061813784,0.4918059159963533,constant_log_futures
2024-05-24,1776,0,-0.0010685532309380932,1.2396405113649703e-05,-0.0010685532309380932,1.2396405113649703e-05,0.01372247307099446,-0.3034927225224223,constant_log_futures
2024-05-24,1777,1,-0.0025185997387338985,1.9689475551481448e-05,-0.0025185997387338985,1.9689475551481448e-05,0.015757393237206953,-0.806714373463519,constant_log_futures
2024-05-24,1778,2,-0.0029795810958292528,2.298702805899013e-05,-0.0029795810958292528,2.298702805899013e-05,0.008866070577833387,-0.5187751855694802,constant_log_futures
2024-05-24,1779,3,-0.0018030502126962222,2.5090991643654387e-05,-0.0018030502126962222,2.5090991643654387e-05,0.0030981989570273115,0.7183536004440854,constant_log_futures
2024-05-27,1780,0,-0.0019739812778057156,1.1799537071938426e-05,-0.0019739812778057156,1.1799537071938426e-05,0.026758412876921923,-0.5746594392693541,constant_log_futures
2024-05-27,1781,1,-0.00334881027734015,1.9490095554794537e-05,-0.00334881027734015,1.9490095554794537e-05,0.021502887043973594,-0.6209875781418505,constant_log_futures
2024-05-27,1782,2,-0.0038352492052315876,2.2957026221325157e-05,-0.0038352492052315876,2.2957026221325157e-05,0.011553096371314906,-0.4093541082311248,constant_log_futures
2024-05-27,1783,3,-0.003070412744321502,2.5059198246059863e-05,-0.003070412744321502,2.5059198246059863e-05,0.005313338366059904,0.46193331324833287,constant_log_futures
2024-05-28,1784,0,-0.0008292821980094688,1.1178278702992675e-05,-0.0008292821980094688,1.1178278702992675e-05,0.011902638606724142,-0.24803608958236165,constant_log_futures
2024-05-28,1785,1,-0.0016813644785970625,1.927867652793737e-05,-0.0016813644785970625,1.927867652793737e-05,0.011087917102099547,-0.4176248085799336,constant_log_futures
2024-05-28,1786,2,-0.0029566052279313103,2.2926651061530165e-05,-0.0029566052279313103,2.2926651061530165e-05,0.009017645945190497,-0.9525382625721386,constant_log_futures
2024-05-28,1787,3,-0.003525324491447636,2.502763798528192e-05,-0.003525324491447636,2.502763798528192e-05,0.006144136970808737,-0.49644739034210195,constant_log_futures
2024-05-29,1788,0,-0.00028101000643846255,1.0533424899600346e-05,-0.00028101000643846255,1.0533424899600346e-05,0.004285402598186554,-0.08658386799107463,constant_log_futures
2024-05-29,1789,1,-0.001000671073983661,1.9054496968161157e-05,-0.001000671073983661,1.9054496968161157e-05,0.0067823261681114804,-0.4011127262707873,constant_log_futures
2024-05-29,1790,2,-0.002500898712096914,2.2895867813273153e-05,-0.002500898712096914,2.2895867813273153e-05,0.007724294756349961,-1.12976029548625,constant_log_futures
2024-05-29,1791,3,-0.0015175587062081358,2.4996282972443572e-05,-0.0015175587062081358,2.4996282972443572e-05,0.0026639160022646413,0.4539386462465513,constant_log_futures
2024-05-30,1792,0,0.004006356171726332,9.866215458895175e-06,0.004006356171726332,9.866215458895175e-06,-0.065170060393415,1.2754817779666077,constant_log_futures
2024-05-30,1793,1,0.004107059948007832,1.8816812770264364e-05,0.004107059948007832,1.8816812770264364e-05,-0.02863207506611174,-0.614736719435242,constant_log_futures
2024-05-30,1794,2,0.002220201129204756,2.2864640081853887e-05,0.002220201129204756,2.2864640081853887e-05,-0.006945244558025134,-1.787464948371625,constant_log_futures
2024-05-30,1795,3,0.0033523113152257034,2.496513174739009e-05,0.0033523113152257034,2.496513174739009e-05,-0.005927275079094722,0.44385941197200934,constant_log_futures
2024-05-31,1796,0,0.0008736687250356801,9.178415529460495e-06,0.0008736687250356801,9.178415529460495e-06,-0.015226797779193281,0.288378535338008,constant_log_futures
2024-05-31,1797,1,-3.512203682113496e-05,1.8564852857616368e-05,-3.512203682113496e-05,1.8564852857616368e-05,0.0002520522642457921,-0.7036453867810032,constant_log_futures
2024-05-31,1798,2,-0.0010554841919767945,2.2832929290118517e-05,-0.0010554841919767945,2.2832929290118517e-05,0.003344651205744647,-0.9584825908403002,constant_log_futures
2024-05-31,1799,3,0.0009759933937264834,2.4934187607125522e-05,0.0009759933937264834,2.4934187607125522e-05,-0.0017382656063449776,1.1631393424187477,constant_log_futures
2024-06-03,1800,0,-0.004021796962349353,8.472417197164125e-06,-0.004021796962349353,8.472417197164125e-06,0.07548603529332633,-1.381708646113773,constant_log_futures
2024-06-03,1801,1,-0.00465393688568491,1.8297819299051096e-05,-0.00465393688568491,1.8297819299051096e-05,0.03441092727597327,0.44527836350301936,constant_log_futures
2024-06-03,1802,2,-0.007974184396357116,2.2800694280210907e-05,-0.007974184396357116,2.2800694280210907e-05,0.02560132885146232,-1.7558010479943165,constant_log_futures
2024-06-03,1803,3,-0.006396741852836063,2.4903454833624738e-05,-0.006396741852836063,2.4903454833624738e-05,0.011476507441852938,0.667658807286097,constant_log_futures
2024-06-04,1804,0,0.0018544320027511843,7.75135963780718e-06,0.0018544320027511843,7.75135963780718e-06,-0.037706784055940745,0.6660732154580484,constant_log_futures
2024-06-04,1805,1,0.0024448485422990784,1.801488847878718e-05,0.0024448485422990784,1.801488847878718e-05,-0.01864197013503047,-0.07388678429019761,constant_log_futures
2024-06-04,1806,2,0.0002871509081392547,2.2767890789570966e-05,0.0002871509081392547,2.2767890789570966e-05,-0.0009341976211463752,-1.6736901563203705,constant_log_futures
2024-06-04,1807,3,0.0021846281312323246,2.487293797107833e-05,0.0021846281312323246,2.487293797107833e-05,-0.003948513066819905,0.913159063424488,constant_log_futures
2024-06-05,1808,0,0.0016913110644647608,7.019269933745268e-06,0.0016913110644647608,7.019269933745268e-06,-0.037516354520854694,0.6383774211600555,constant_log_futures
2024-06-05,1809,1,0.0015291518315199825,1.771521269652083e-05,0.0015291518315199825,1.771521269652083e-05,-0.012035904738415346,-0.4983486596425665,constant_log_futures
2024-06-05,1810,2,-0.0006105108252708671,2.273447068498837e-05,-0.0006105108252708671,2.273447068498837e-05,0.0020130356941363728,-1.7389510644944426,constant_log_futures
2024-06-05,1811,3,0.0009751492415921437,2.4842641588856594e-05,0.0009751492415921437,2.4842641588856594e-05,-0.0017756448876752465,0.7317286614529723,constant_log_futures
2024-06-06,1812,0,0.0011372765172546493,6.281227888145093e-06,0.0011372765172546493,6.281227888145093e-06,-0.027749547021013444,0.4537783761966418,constant_log_futures
2024-06-06,1813,1,0.0008770868823867583,1.739792205269109e-05,0.0008770868823867583,1.739792205269109e-05,-0.007133639976745634,-0.4384239040369238,constant_log_futures
2024-06-06,1814,2,-0.0012402789673121445,2.270038083047311e-05,-0.0012402789673121445,2.270038083047311e-05,0.004145589972933743,-1.6393298825824352,constant_log_futures
2024-06-06,1815,3,0.0006009761912145056,2.4812570063834732e-05,0.0006009761912145056,2.4812570063834732e-05,-0.0011025427868897697,0.9049164856086712,constant_log_futures
2024-06-07,1816,0,-0.001685326637453544,5.543558906999485e-06,-0.001685326637453544,5.543558906999485e-06,0.0456910777265183,-0.7157967986220177,constant_log_futures
2024-06-07,1817,1,-0.002312643103124996,1.7062126536787e-05,-0.002312643103124996,1.7062126536787e-05,0.01945810059181031,0.15512285761311373,constant_log_futures
2024-06-07,1818,2,-0.0034322975599386484,2.2665561417556962e-05,-0.0034322975599386484,2.2665561417556962e-05,0.01163167506423653,-0.4674713452944956,constant_log_futures
2024-06-07,1819,3,-0.0022196853785995674,2.4782727269969505e-05,-0.0022196853785995674,2.4782727269969505e-05,0.004103054790744655,0.6728390568035858,constant_log_futures
2024-06-11,1820,0,0.0014678887340269066,4.814059747592666e-06,0.0014678887340269066,4.814059747592666e-06,-0.04477060638782065,0.669017378614129,constant_log_futures
2024-06-11,1821,1,0.0012614361972619077,1.6706918228406585e-05,0.0012614361972619077,1.6706918228406585e-05,-0.010992515433282338,-0.5517615673558538,constant_log_futures
2024-06-11,1822,2,0.0001804813610722794,2.2629943517594366e-05,0.0001804813610722794,2.2629943517594366e-05,-0.0006202458042483969,-1.0133895683580105,constant_log_futures
2024-06-11,1823,3,0.001606261605121742,2.4753116113179362e-05,0.001606261605121742,2.4753116113179362e-05,-0.002991815508776375,0.7522270048183085,constant_log_futures
2024-06-12,1824,0,-0.001967449660130849,4.1022627178995175e-06,-0.001967449660130849,4.1022627178995175e-06,0.06857967386741816,-0.9713861211279221,constant_log_futures
2024-06-12,1825,1,-0.002328253263378441,1.6331373517596637e-05,-0.002328253263378441,1.6331373517596637e-05,0.02104051097275332,0.4732489955158515,constant_log_futures
2024-06-12,1826,2,-0.004601817523885658,2.259344552553534e-05,-0.004601817523885658,2.259344552553534e-05,0.016040621083258582,-1.0741714400925184,constant_log_futures
2024-06-12,1827,3,-0.00399193752823352,2.4723737843219828e-05,-0.00399193752823352,2.4723737843219828e-05,0.007492559668376761,0.18278508691983403,constant_log_futures
2024-06-13,1828,0,-0.0008681809072590644,3.419744709795084e-06,-0.0008681809072590644,3.419744709795084e-06,0.03530602356186862,-0.4694759912206981,constant_log_futures
2024-06-13,1829,1,-0.0005661673890374423,1.5934555297426948e-05,-0.0005661673890374423,1.5934555297426948e-05,0.005313263189428304,0.43108745994652076,constant_log_futures
2024-06-13,1830,2,-0.0030888909870652494,2.2555968056606092e-05,-0.0030888909870652494,2.2555968056606092e-05,0.010923034794839434,-1.4272123089194764,constant_log_futures
2024-06-13,1831,3,-0.0032544000469729023,2.4694591054962173e-05,-0.0032544000469729023,2.4694591054962173e-05,0.006155609391173552,-0.3501785656749866,constant_log_futures
2024-06-14,1833,0,0.006701098185794773,1.551551524554142e-05,0.006701098185794773,1.551551524554142e-05,-0.06540271829335698,1.701229402887123,constant_log_futures
2024-06-14,1834,1,0.005318512222872558,2.2517386746432637e-05,0.005318512222872558,2.2517386746432637e-05,-0.019084073270307415,-1.4102165684113526,constant_log_futures
2024-06-14,1835,2,0.0064941282815546356,2.4665670269467003e-05,0.0064941282815546356,2.4665670269467003e-05,-0.012379432036713524,0.4648598825580779,constant_log_futures
2024-06-17,1837,0,-0.00026543734954391843,1.5097415383967904e-05,-0.00026543734954391843,1.5097415383967904e-05,0.002698613053696504,-0.06831415960682041,constant_log_futures
2024-06-17,1838,1,-0.0025895232481523596,2.248901653992019e-05,-0.0025895232481523596,2.248901653992019e-05,0.00943050257536083,-1.4060776872855683,constant_log_futures
2024-06-17,1839,2,-0.0025103472286595457,2.4637189537148734e-05,-0.0025103472286595457,2.4637189537148734e-05,0.004823029321204167,-0.16596693469357635,constant_log_futures
2024-06-18,1841,0,0.0024632901810959385,1.4625579630745285e-05,0.0024632901810959385,1.4625579630745285e-05,-0.026132295834235177,0.6441085029122076,constant_log_futures
2024-06-18,1842,1,0.0017754045896652589,2.2444646639001982e-05,0.0017754045896652589,2.2444646639001982e-05,-0.00656361696785338,-0.6643596910184353,constant_log_futures
2024-06-18,1843,2,0.0032956213336284984,2.4611496901752145e-05,0.0032956213336284984,2.4611496901752145e-05,-0.006381996868296457,0.8227974138295168,constant_log_futures
2024-06-19,1845,0,-0.0015329233366613041,1.4127493973102638e-05,-0.0015329233366613041,1.4127493973102638e-05,0.017001513370243554,-0.40783817097847147,constant_log_futures
2024-06-19,1846,1,-0.0033097704941625165,2.2398576168690518e-05,-0.0033097704941625165,2.2398576168690518e-05,0.012424369239625446,-0.9090354901442389,constant_log_futures
2024-06-19,1847,2,-0.003460716520813544,2.458302368629273e-05,-0.003460716520813544,2.458302368629273e-05,0.006755318648628039,-0.21975183527815373,constant_log_futures
2024-06-20,1849,0,-0.00020612794516134195,1.360418863295978e-05,-0.00020612794516134195,1.360418863295978e-05,0.0023950104104460686,-0.055885681502126444,constant_log_futures
2024-06-20,1850,1,-0.001157575117496163,2.2350766811205554e-05,-0.001157575117496163,2.2350766811205554e-05,0.0044132551354541215,-0.546428710163661,constant_log_futures
2024-06-20,1851,2,-0.0010794324889968343,2.4553948263826423e-05,-0.0010794324889968343,2.4553948263826423e-05,0.002124044575122803,-0.030838409178900447,constant_log_futures
2024-06-21,1853,0,-0.0018006178211539044,1.3055698924024023e-05,-0.0018006178211539044,1.3055698924024023e-05,0.021967537418077637,-0.4983351039195525,constant_log_futures
2024-06-21,1854,1,-0.001997042484286015,2.2301108269104574e-05,-0.001997042484286015,2.2301108269104574e-05,0.007734577240726788,0.11994274026995792,constant_log_futures
2024-06-21,1855,2,-0.0016990597014419212,2.4524867207373482e-05,-0.0016990597014419212,2.4524867207373482e-05,0.003370492415868527,0.20924837890359893,constant_log_futures
2024-06-24,1856,0,-1.2320854090142053e-05,1.2481994886531839e-05,-1.2320854090142053e-05,1.2481994886531839e-05,0.00015822570515761373,-0.0034873763202074174,constant_log_futures
2024-06-24,1857,1,9.367672889694367e-05,1.9787251028428386e-05,9.367672889694367e-05,1.9787251028428386e-05,-0.0005860800474578014,0.06930367422210429,constant_log_futures
2024-06-24,1858,2,-0.0015427205897529904,2.2249473014452493e-05,-0.0015427205897529904,2.2249473014452493e-05,0.006071351998382736,-1.2019341821521976,constant_log_futures
2024-06-24,1859,3,-0.002409744125999383,2.4495933683287175e-05,-0.002409744125999383,2.4495933683287175e-05,0.004819488251998766,-0.8632958670099454,constant_log_futures
2024-06-25,1860,0,0.0025003594495088986,1.1784308660566679e-05,0.0025003594495088986,1.1784308660566679e-05,-0.03389376142667618,0.7283672201639975,constant_log_futures
2024-06-25,1861,1,0.002011745951233433,1.946292222550179e-05,0.002011745951233433,1.946292222550179e-05,-0.012917526634235727,-0.6263465481710911,constant_log_futures
2024-06-25,1862,2,0.0015152760733139863,2.2103810341989235e-05,0.0015152760733139863,2.2103810341989235e-05,-0.006061104293255945,-0.7428249453061948,constant_log_futures
2024-06-25,1863,3,0.0010106076258143346,2.4456736988464116e-05,0.0010106076258143346,2.4456736988464116e-05,-0.0020379195099065922,-0.48682830879804445,constant_log_futures
2024-06-26,1864,0,0.0019874242622621077,1.116085650316682e-05,0.0019874242622621077,1.116085650316682e-05,-0.028525383528938488,0.594897063443245,constant_log_futures
2024-06-26,1865,1,0.0017823877146101782,1.924914764598608e-05,0.0017823877146101782,1.924914764598608e-05,-0.011754124388240094,-0.40553180833422636,constant_log_futures
2024-06-26,1866,2,0.0016292981252082409,2.2045177113654295e-05,0.0016292981252082409,2.2045177113654295e-05,-0.006625812375846846,-0.3812787115752381,constant_log_futures
2024-06-26,1867,3,0.002476264403703174,2.4419731850355628e-05,0.002476264403703174,2.4419731850355628e-05,-0.005035070954196454,0.44757762279792185,constant_log_futures
2024-06-27,1868,0,0.0005562487241722253,1.0515937343282153e-05,0.0005562487241722253,1.0515937343282153e-05,-0.008482793043626435,0.1715319532441244,constant_log_futures
2024-06-27,1869,1,0.0010262905921835444,1.902384424744245e-05,0.0010262905921835444,1.902384424744245e-05,-0.006955969569244024,0.20461056443609288,constant_log_futures
2024-06-27,1870,2,-0.001249962837717368,2.1983921857038858e-05,-0.001249962837717368,2.1983921857038858e-05,0.005169337837339623,-1.6600752829760144,constant_log_futures
2024-06-27,1871,3,-0.0003685686237745872,2.4389050495591273e-05,-0.0003685686237745872,2.4389050495591273e-05,0.0007557205395041956,0.08155054031361629,constant_log_futures
2024-06-28,1872,0,-0.0031550484642856027,9.849139483171287e-06,-0.0031550484642856027,9.849139483171287e-06,0.05132212168571247,-1.0053259450409782,constant_log_futures
2024-06-28,1873,1,-0.00440181001911725,1.8785224899506855e-05,-0.00440181001911725,1.8785224899506855e-05,0.030686904133274545,-0.22556425695624838,constant_log_futures
2024-06-28,1874,2,-0.0036796580246404795,2.1919811403983443e-05,-0.0036796580246404795,2.1919811403983443e-05,0.015479940655384087,0.6913112245316293,constant_log_futures
2024-06-28,1875,3,-0.002937711972965884,2.436009829625324e-05,-0.002937711972965884,2.436009829625324e-05,0.0060745908593531845,0.7161909566203597,constant_log_futures
2024-07-01,1876,0,-0.0015149712757139607,9.161920254711007e-06,-0.0015149712757139607,9.161920254711007e-06,0.026403785091014743,-0.5005081398623135,constant_log_futures
2024-07-01,1877,1,-0.0006928305713432316,1.8532324933859585e-05,-0.0006928305713432316,1.8532324933859585e-05,0.004972078217874956,0.7696007183885852,constant_log_futures
2024-07-01,1878,2,-0.0008479859287201692,2.185263890774756e-05,-0.0008479859287201692,2.185263890774756e-05,0.00362997485276704,0.25190749793792816,constant_log_futures
2024-07-01,1879,3,-0.0004443438988451093,2.433168750471241e-05,-0.0004443438988451093,2.433168750471241e-05,0.0009266659087026211,0.276795513369326,constant_log_futures
2024-07-02,1880,0,-0.0005832182000251214,8.456610262630353e-06,-0.0005832182000251214,8.456610262630353e-06,0.010946556985086895,-0.20055473054757422,constant_log_futures
2024-07-02,1881,1,-0.0006395561150588248,1.8264296519885458e-05,-0.0006395561150588248,1.8264296519885458e-05,0.00472883915376828,0.0850027034431074,constant_log_futures
2024-07-02,1882,2,0.00015649845738972823,2.1782184912563284e-05,0.00015649845738972823,2.1782184912563284e-05,-0.0006818861357695301,0.6603845778015711,constant_log_futures
2024-07-02,1883,3,-0.0010520861237293955,2.4303542258497457e-05,-0.0010520861237293955,2.4303542258497457e-05,0.0022130087430170045,-0.5821435690871263,constant_log_futures
2024-07-03,1884,0,0.00028135525787851765,7.736342956512783e-06,0.00028135525787851765,7.736342956512783e-06,-0.005720890243529859,0.10115495902785733,constant_log_futures
2024-07-03,1885,1,5.287193257257246e-05,1.7980300974180553e-05,5.287193257257246e-05,1.7980300974180553e-05,-0.000403148485865865,-0.1923550735311799,constant_log_futures
2024-07-03,1886,2,0.000599009891020328,2.1708215133883763e-05,0.000599009891020328,2.1708215133883763e-05,-0.0026574256983447277,0.31611312341994,constant_log_futures
2024-07-03,1887,3,-0.0001666687954560292,2.4275598301055984e-05,-0.0001666687954560292,2.4275598301055984e-05,0.000353627705141488,-0.3852945619148671,constant_log_futures
2024-07-04,1888,0,-0.00034571870396944097,7.005152483497508e-06,-0.00034571870396944097,7.005152483497508e-06,0.007668669433503963,-0.13062132344017627,constant_log_futures
2024-07-04,1889,1,5.563440620795848e-05,1.767948492627212e-05,5.563440620795848e-05,1.767948492627212e-05,-0.00043789661660457644,0.30576912546209856,constant_log_futures
2024-07-04,1890,2,-0.0007310974127075209,2.1630478489363757e-05,-0.0007310974127075209,2.1630478489363757e-05,0.0033034771981599095,-0.4525071275433273,constant_log_futures
2024-07-04,1891,3,-0.002364580678349819,2.4247840721942892e-05,-0.002364580678349819,2.4247840721942892e-05,0.005061032329099612,-1.1630979921759446,constant_log_futures
2024-07-05,1892,0,-0.0006956301557119555,6.268128116340203e-06,-0.0006956301557119555,6.268128116340203e-06,0.016973375799371717,-0.2778494031470115,constant_log_futures
2024-07-05,1893,1,0.00021039955136782987,1.736097659089829e-05,0.00021039955136782987,1.736097659089829e-05,-0.0017112496844583496,0.6686255977897698,constant_log_futures
2024-07-05,1894,2,-2.7737808718942408e-05,2.1548704821533427e-05,-2.7737808718942408e-05,2.1548704821533427e-05,0.00012769859108343297,0.06711347437954819,constant_log_futures
2024-07-05,1895,3,-0.0003594676325437002,2.4220265852980054e-05,-0.0003594676325437002,2.4220265852980054e-05,0.0007761955959350693,-0.23082947663602837,constant_log_futures
2024-07-08,1896,0,-0.0011489276771964336,5.531603745525655e-06,-0.0011489276771964336,5.531603745525655e-06,0.03114870591510331,-0.48850291605825247,constant_log_futures
2024-07-08,1897,1,-0.0010712439771218326,1.7023887332780176e-05,-0.0010712439771218326,1.7023887332780176e-05,0.009013225186818179,0.36646579707423743,constant_log_futures
2024-07-08,1898,2,-0.001982755278584606,2.1462602017924832e-05,-0.001982755278584606,2.1462602017924832e-05,0.00930369784566623,-0.4194791779734831,constant_log_futures
2024-07-08,1899,3,-0.0034324986349371783,2.4192871992777855e-05,-0.0034324986349371783,2.4192871992777855e-05,0.007477943454684567,-1.017871590436664,constant_log_futures
2024-07-09,1900,0,-0.0008739254381998109,4.8033812548062225e-06,-0.0008739254381998109,4.8033812548062225e-06,0.02665472586509423,-0.3987501427247569,constant_log_futures
2024-07-09,1901,1,0.000687411432878194,1.666731497385016e-05,0.000687411432878194,1.666731497385016e-05,-0.0059902996293671185,1.0393822153643029,constant_log_futures
2024-07-09,1902,2,0.0005110258285414976,2.1371852235552324e-05,0.0005110258285414976,2.1371852235552324e-05,-0.002444907885571086,0.17778710120798974,constant_log_futures
2024-07-09,1903,3,0.0008729675379467103,2.4165656812346427e-05,0.0008729675379467103,2.4165656812346427e-05,-0.0019189556689999758,0.20879099685307093,constant_log_futures
2024-07-10,1904,0,0.0004788565441435711,4.09299174777083e-06,0.0004788565441435711,4.09299174777083e-06,-0.01669157096729019,0.23669277012442871,constant_log_futures
2024-07-10,1905,1,0.0018233856645020474,1.6290348030717782e-05,0.0018233856645020474,1.6290348030717782e-05,-0.016478003782907393,0.4750521071786863,constant_log_futures
2024-07-10,1906,2,0.0014949485130286676,2.1276106883241035e-05,0.0014949485130286676,2.1276106883241035e-05,-0.007295348743579897,-0.2527849038919992,constant_log_futures
2024-07-10,1907,3,0.0027271983997485885,2.4138616203913258e-05,0.0027271983997485885,2.4138616203913258e-05,-0.006049421904896869,0.6479921639924653,constant_log_futures
2024-07-11,1908,0,0.0008253624578354532,3.4120003240472026e-06,0.0008253624578354532,3.4120003240472026e-06,-0.0335647399519751,0.44682779324816435,constant_log_futures
2024-07-11,1909,1,0.0015244151799505053,1.5892070803852852e-05,0.0015244151799505053,1.5892070803852852e-05,-0.014306050150304743,0.025975740589560026,constant_log_futures
2024-07-11,1910,2,0.0019123343243638829,2.1174979938966914e-05,0.0019123343243638829,2.1174979938966914e-05,-0.009522644390709947,0.11100462663485933,constant_log_futures
2024-07-11,1911,3,0.003128383757688199,2.41117432808122e-05,0.003128383757688199,2.41117432808122e-05,-0.0070029874942745,0.7519009158011691,constant_log_futures
2024-07-12,1913,0,-0.0005361370691928102,1.5471569562146312e-05,-0.0005361370691928102,1.5471569562146312e-05,0.005232697795321828,-0.13630401502645123,constant_log_futures
2024-07-12,1914,1,-0.0008547893411175837,2.1068039111904083e-05,-0.0008547893411175837,2.1068039111904083e-05,0.00434517915068105,-0.17491562886694814,constant_log_futures
2024-07-12,1915,2,0.00040732514615870324,2.4085027161241122e-05,0.00040732514615870324,2.4085027161241122e-05,-0.0009202531079881814,0.7492187317078144,constant_log_futures
2024-07-15,1917,0,-0.002927853950171767,1.5045963184027979e-05,-0.002927853950171767,1.5045963184027979e-05,0.02976651516007963,-0.754813070091503,constant_log_futures
2024-07-15,1918,1,-0.003070706224681608,2.0968928017038656e-05,-0.003070706224681608,2.0968928017038656e-05,0.015941538698347073,0.12519750100638857,constant_log_futures
2024-07-15,1919,2,-0.0038152336030858915,2.405845454630911e-05,-0.0038152336030858915,2.405845454630911e-05,0.008700158870588389,-0.34885694259573335,constant_log_futures
2024-07-16,1921,0,-0.002044579927963785,1.4573930342295638e-05,-0.002044579927963785,1.4573930342295638e-05,0.02169032619231146,-0.5355693910862237,constant_log_futures
2024-07-16,1922,1,-0.00274751534145206,2.0845125272807828e-05,-0.00274751534145206,2.0845125272807828e-05,0.014573777028571797,-0.2900478737124885,constant_log_futures
2024-07-16,1923,2,-0.0034461868542297464,2.4034630264065385e-05,-0.0034461868542297464,2.4034630264065385e-05,0.00793273200407602,-0.43819061082442023,constant_log_futures
2024-07-17,1925,0,-0.0005136618397505056,1.4076518782179874e-05,-0.0005136618397505056,1.4076518782179874e-05,0.0056969767681419705,-0.13690826627758423,constant_log_futures
2024-07-17,1926,1,-0.0016762214531234748,2.0713760685048283e-05,-0.0016762214531234748,2.0713760685048283e-05,0.009088845212491729,-0.7074369671762881,constant_log_futures
2024-07-17,1927,2,-0.0030060781214761925,2.400832861977993e-05,-0.0030060781214761925,2.400832861977993e-05,0.006985552968001819,-0.9606966258229392,constant_log_futures
2024-07-18,1929,0,0.0019269975964740609,1.355411507393325e-05,0.0019269975964740609,1.355411507393325e-05,-0.022389876835222422,0.5234143061161021,constant_log_futures
2024-07-18,1930,1,0.0008520507073021787,2.0574574961136918e-05,0.0008520507073021787,2.0574574961136918e-05,-0.004725008467766627,-0.8873301867770422,constant_log_futures
2024-07-18,1931,2,0.0012087865964424058,2.3981292268239185e-05,0.0012087865964424058,2.3981292268239185e-05,-0.0028359993224225674,-0.04975117172083714,constant_log_futures
2024-07-19,1933,0,-0.0018297300846491105,1.3006646594547317e-05,-0.0018297300846491105,1.3006646594547317e-05,0.02232270703271915,-0.5073461379907807,constant_log_futures
2024-07-19,1934,1,-0.002230133050752821,2.042711936419962e-05,-0.002230133050752821,2.042711936419962e-05,0.012654708474039262,-0.050727803081031385,constant_log_futures
2024-07-19,1935,2,-0.0016756424061825786,2.3954110235845545e-05,-0.0016756424061825786,2.3954110235845545e-05,0.0039694829816364,0.39054529417455774,constant_log_futures
2024-07-22,1936,0,-0.00027013025459316636,1.2434077471607203e-05,-0.00027013025459316636,1.2434077471607203e-05,0.0034690411642490835,-0.0766066451172047,constant_log_futures
2024-07-22,1937,1,-0.0005349874796073302,2.0270884050157207e-05,-0.0005349874796073302,2.0270884050157207e-05,0.003108022500575918,-0.13388902733972155,constant_log_futures
2024-07-22,1938,2,-0.0009375673371152249,2.3926961275742838e-05,-0.0009375673371152249,2.3926961275742838e-05,0.002242808139765832,-0.2628340220740642,constant_log_futures
2024-07-22,1939,3,0.0007800982827817007,2.685324763454355e-05,0.0007800982827817007,2.685324763454355e-05,-0.0011896498812420937,1.0632449444490706,constant_log_futures
2024-07-23,1940,0,-0.0030692272173401744,1.1832828253002122e-05,-0.0030692272173401744,1.1832828253002122e-05,0.04160508005727792,-0.8922463094467573,constant_log_futures
2024-07-23,1941,1,-0.004141294352779504,2.0099161786673046e-05,-0.004141294352779504,2.0099161786673046e-05,0.024645751758004854,-0.25263411621732473,constant_log_futures
2024-07-23,1942,2,-0.0054157843579418705,2.355028979753576e-05,-0.0054157843579418705,2.355028979753576e-05,0.013083677062750657,-0.7404117507670803,constant_log_futures
2024-07-23,1943,3,-0.005213585198017998,2.5692223123134868e-05,-0.005213585198017998,2.5692223123134868e-05,0.008000721939096801,0.0618606345133003,constant_log_futures
2024-07-24,1944,0,0.000735585070351449,1.1197211322906295e-05,0.000735585070351449,1.1197211322906295e-05,-0.010557809245044328,0.21982544893679776,constant_log_futures
2024-07-24,1945,1,0.00040817912877036053,1.9912403878086904e-05,0.00040817912877036053,1.9912403878086904e-05,-0.0024898926854991996,-0.31303081017742834,constant_log_futures
2024-07-24,1946,2,-0.001118320245945846,2.3521442773772715e-05,-0.001118320245945846,2.3521442773772715e-05,0.0027287014001078644,-1.1001516685914643,constant_log_futures
2024-07-24,1947,3,-0.0011613019760174093,2.5619717384010052e-05,-0.0011613019760174093,2.5619717384010052e-05,0.0017934030515711888,-0.13715128483216293,constant_log_futures
2024-07-25,1948,0,0.0010884941358850347,1.0549877626798016e-05,0.0010884941358850347,1.0549877626798016e-05,-0.01659953557224678,0.33512157052210495,constant_log_futures
2024-07-25,1949,1,0.0006797914066588931,1.9724466175249285e-05,0.0006797914066588931,1.9724466175249285e-05,-0.0042530539288402535,-0.4284385710600746,constant_log_futures
2024-07-25,1950,2,-0.0007569373916284788,2.3494732956740232e-05,-0.0007569373916284788,2.3494732956740232e-05,0.0018655830662358468,-1.089887202049877,constant_log_futures
2024-07-25,1951,3,0.0006101581588653024,2.5580849668654763e-05,0.0006101581588653024,2.5580849668654763e-05,-0.000948271278746075,0.7793484847578254,constant_log_futures
2024-07-26,1952,0,0.003272802166367052,9.88178326237316e-06,0.003272802166367052,9.88178326237316e-06,-0.05323758190623738,1.041123122314237,constant_log_futures
2024-07-26,1953,1,0.003153585768895014,1.95267325160195e-05,0.003153585768895014,1.95267325160195e-05,-0.020249340200273247,-0.6624790349950009,constant_log_futures
2024-07-26,1954,2,0.0021918046421865317,2.3468338364658777e-05,0.0021918046421865317,2.3468338364658777e-05,-0.00545714625197463,-0.9759867509526088,constant_log_futures
2024-07-26,1955,3,0.0034144000697506685,2.5546415478790714e-05,0.0034144000697506685,2.5546415478790714e-05,-0.005340471903968994,0.7195433972311275,constant_log_futures
2024-07-29,1956,0,-0.0017646085659541646,9.193257501129702e-06,-0.0017646085659541646,9.193257501129702e-06,0.030754606435201153,-0.5819875184741131,constant_log_futures
2024-07-29,1957,1,-0.003560810006160377,1.9317303385791212e-05,-0.003560810006160377,1.9317303385791212e-05,0.023482098419003568,-0.7064314035978667,constant_log_futures
2024-07-29,1958,2,-0.0045245016400159155,2.3442083386761065e-05,-0.0045245016400159155,2.3442083386761065e-05,0.01138122062024622,-0.6526560481030811,constant_log_futures
2024-07-29,1959,3,-0.004404497200559375,2.55127778458619e-05,-0.004404497200559375,2.55127778458619e-05,0.006933531077009597,0.04175040234715427,constant_log_futures
2024-07-30,1960,0,-0.00029119637127744333,8.486490633369432e-06,-0.00029119637127744333,8.486490633369432e-06,0.005465531891668937,-0.09995899721140246,constant_log_futures
2024-07-30,1961,1,-0.0003507461251408203,1.9095291040623838e-05,-0.0003507461251408203,1.9095291040623838e-05,0.0023772792926211156,0.028681108778745336,constant_log_futures
2024-07-30,1962,2,-0.0016074673142855642,2.3415945617532992e-05,-0.0016074673142855642,2.3415945617532992e-05,0.004085646090475809,-0.7696294705308999,constant_log_futures
2024-07-30,1963,3,0.0004872406408711269,2.5479433579304348e-05,0.0004872406408711269,2.5479433579304348e-05,-0.0007719916647568503,1.2496877808327012,constant_log_futures
2024-07-31,1964,0,0.010338957692720458,7.76458825767754e-06,0.010338957692720458,7.76458825767754e-06,-0.210225473085316,3.7103727589988718,constant_log_futures
2024-07-31,1965,1,0.013659515544250378,1.885992772500968e-05,0.013659515544250378,1.885992772500968e-05,-0.09522633693705979,-0.5766458789633792,constant_log_futures
2024-07-31,1966,2,0.016651467056318058,2.338992205129289e-05,0.016651467056318058,2.338992205129289e-05,-0.042767978544648484,0.9174151026475065,constant_log_futures
2024-07-31,1967,3,0.01976597967501764,2.5446315432205925e-05,0.01976597967501764,2.5446315432205925e-05,-0.03152221595231571,2.1715016162473493,constant_log_futures
2024-08-01,1968,0,-0.0034396681248083246,7.031567657045986e-06,-0.0034396681248083246,7.031567657045986e-06,0.07629809295029374,-1.2971507823069819,constant_log_futures
2024-08-01,1969,1,-0.005955812119423122,1.861043532693897e-05,-0.005955812119423122,1.861043532693897e-05,0.04274171050409535,-0.4860089519655992,constant_log_futures
2024-08-01,1970,2,-0.006817705568422955,2.3364011687920995e-05,-0.006817705568422955,2.3364011687920995e-05,0.017697022964842563,-0.3114951745083936,constant_log_futures
2024-08-01,1971,3,-0.005539517146108577,2.5413418297303542e-05,-0.005539517146108577,2.5413418297303542e-05,0.008892382787174295,0.7958944259446493,constant_log_futures
2024-08-02,1972,0,-3.9843716384875376e-05,6.292503316494985e-06,-3.9843716384875376e-05,6.292503316494985e-06,0.0009721866797909592,-0.015883569713168597,constant_log_futures
2024-08-02,1973,1,-0.0011938738316675385,1.8346004787573556e-05,-0.0011938738316675385,1.8346004787573556e-05,0.00882743075535998,-0.5956341359485348,constant_log_futures
2024-08-02,1974,2,-0.0025561038619155187,2.333821267598047e-05,-0.0025561038619155187,2.333821267598047e-05,0.00670633701405792,-0.9413995563629445,constant_log_futures
2024-08-02,1975,3,-0.0019089331447794539,2.538074592426199e-05,-0.0019089331447794539,2.538074592426199e-05,0.0030846336909018993,0.3372715459314358,constant_log_futures
2024-08-05,1976,0,0.002027960585932977,5.5537180803478445e-06,0.002027960585932977,5.5537180803478445e-06,-0.054980264774182934,0.8605331298905361,constant_log_futures
2024-08-05,1977,1,0.0008944372392271447,1.8065791098600582e-05,0.0008944372392271447,1.8065791098600582e-05,-0.006820083949106978,-1.1836342968736568,constant_log_futures
2024-08-05,1978,2,-0.000630782658284007,2.3312521014735553e-05,-0.000630782658284007,2.3312521014735553e-05,0.0016729453111010623,-1.3381931156248301,constant_log_futures
2024-08-05,1979,3,-8.557436523528444e-05,2.5348302908410247e-05,-8.557436523528444e-05,2.5348302908410247e-05,0.00013920096744939603,0.26650348717970457,constant_log_futures
2024-08-06,1980,0,-0.0013253069253765424,4.8230100908981795e-06,-0.0013253069253765424,4.8230100908981795e-06,0.04042186122398454,-0.6034723580317055,constant_log_futures
2024-08-06,1981,1,-0.0028434284317214505,1.776890973674681e-05,-0.0028434284317214505,1.776890973674681e-05,0.022380533462581738,-0.30317403023732414,constant_log_futures
2024-08-06,1982,2,-0.003174910770958432,2.3286928973635203e-05,-0.003174910770958432,2.3286928973635203e-05,0.00851294756169074,-0.06602707416241364,constant_log_futures
2024-08-06,1983,3,-0.0014418302317411522,2.5316093039168146e-05,-0.0014418302317411522,2.5316093039168146e-05,0.002361117963388196,1.100929597600038,constant_log_futures
2024-08-07,1984,0,-0.0014798448736090368,4.10991921039641e-06,-0.0014798448736090368,4.10991921039641e-06,0.05158316416580071,-0.7299608192174017,constant_log_futures
2024-08-07,1985,1,-0.0024284145432729495,1.7454432053088902e-05,-0.0024284145432729495,1.7454432053088902e-05,0.019751104951953324,0.07691991674667299,constant_log_futures
2024-08-07,1986,2,-0.003984090330735213,2.3261422778264254e-05,-0.003984090330735213,2.3261422778264254e-05,0.010801311563326576,-0.7328964048923451,constant_log_futures
2024-08-07,1987,3,-0.003697084437290596,2.5284118344303894e-05,-0.003697084437290596,2.5284118344303894e-05,0.006095193261479091,0.08714511911319815,constant_log_futures
2024-08-08,1988,0,0.0031795331566952167,3.4260392131460502e-06,0.0031795331566952167,3.4260392131460502e-06,-0.12930101503893882,1.717778621768772,constant_log_futures
2024-08-08,1989,1,0.004373276192438734,1.712137886338461e-05,0.004373276192438734,1.712137886338461e-05,-0.036795841067415555,-0.6382489192782621,constant_log_futures
2024-08-08,1990,2,0.003951511773710593,2.323597922761345e-05,0.003951511773710593,2.323597922761345e-05,-0.010833358121184099,-0.7945889311909035,constant_log_futures
2024-08-08,1991,3,0.005313294863982056,2.5252377906289566e-05,0.005313294863982056,2.5252377906289566e-05,-0.008819346576949808,0.8277589184623505,constant_log_futures
2024-08-09,1993,0,-0.004441828061770186,1.6768711863457784e-05,-0.004441828061770186,1.6768711863457784e-05,0.03870735882399734,-1.0847056250572784,constant_log_futures
2024-08-09,1994,1,-0.006402611844036527,2.3210560858475412e-05,-0.006402611844036527,2.3210560858475412e-05,0.017752696476646734,-0.893931592185413,constant_log_futures
2024-08-09,1995,2,-0.00540971176608393,2.522086619506498e-05,-0.00540971176608393,2.522086619506498e-05,0.00904088815701698,0.5341533944830145,constant_log_futures
2024-08-12,1997,0,0.0039978256728402314,1.6426211770424427e-05,0.0039978256728402314,1.6426211770424427e-05,-0.03612849867307469,0.9864047247238544,constant_log_futures
2024-08-12,1998,1,0.0037888566102647937,2.3192988908929887e-05,0.0037888566102647937,2.3192988908929887e-05,-0.010626218539133444,-0.38643741010271343,constant_log_futures
2024-08-12,1999,2,0.0046165586491682745,2.5190287877660008e-05,0.0046165586491682745,2.5190287877660008e-05,-0.007768553864807302,0.4809211171263113,constant_log_futures
2024-08-13,2001,0,-0.001848281686959323,1.6024091791661885e-05,-0.001848281686959323,1.6024091791661885e-05,0.01734541275454134,-0.4617229358469696,constant_log_futures
2024-08-13,2002,1,-0.0023405048239129173,2.3165254871272602e-05,-0.0023405048239129173,2.3165254871272602e-05,0.006640502058543626,-0.15389665664778873,constant_log_futures
2024-08-13,2003,2,-0.0014211174785183217,2.5161797352013342e-05,-0.0014211174785183217,2.5161797352013342e-05,0.0024080046163782675,0.5612751319071622,constant_log_futures
2024-08-14,2005,0,-0.0008126693630599053,1.5597059183600647e-05,-0.0008126693630599053,1.5597059183600647e-05,0.007931652983464675,-0.2057749607298489,constant_log_futures
2024-08-14,2006,1,-0.0025877329152091885,2.3137361326014663e-05,-0.0025877329152091885,2.3137361326014663e-05,0.007428315662482847,-0.9682716217769258,constant_log_futures
2024-08-14,2007,2,-0.002946958270781841,2.513047778345636e-05,-0.002946958270781841,2.513047778345636e-05,0.0050283763501452385,-0.3213741443688609,constant_log_futures
2024-08-15,2009,0,0.0009089461041551852,1.5146455171145279e-05,0.0009089461041551852,1.5146455171145279e-05,-0.00924095205891105,0.2335514837188539,constant_log_futures
2024-08-15,2010,1,-0.00041343708726793854,2.310929305883714e-05,-0.00041343708726793854,2.310929305883714e-05,0.001200936301111631,-0.845429016224954,constant_log_futures
2024-08-15,2011,2,-0.0003249520368887662,2.509868184087605e-05,-0.0003249520368887662,2.509868184087605e-05,0.0005583682887384434,-0.02614279634318189,constant_log_futures
2024-08-16,2013,0,0.000944292118122558,1.4672006125720222e-05,0.000944292118122558,1.4672006125720222e-05,-0.010017707687908876,0.24652536749742476,constant_log_futures
2024-08-16,2014,1,0.0004054929980732147,2.3081031309491622e-05,0.0004054929980732147,2.3081031309491622e-05,-0.0011920517051790891,-0.4014225616569398,constant_log_futures
2024-08-16,2015,2,0.00026503133475055257,2.50669427641918e-05,0.00026503133475055257,2.50669427641918e-05,-0.000458635784958403,-0.12540244416338742,constant_log_futures
2024-08-19,2016,0,0.0016427852384360304,1.4173204538332555e-05,0.0016427852384360304,1.4173204538332555e-05,-0.018219981735381426,0.43636184008412876,constant_log_futures
2024-08-19,2017,1,-0.0003979259572911651,1.9425127152740747e-05,-0.0003979259572911651,1.9425127152740747e-05,0.0026241603670011967,-1.483499092468038,constant_log_futures
2024-08-19,2018,2,0.001206246549119338,2.3052557062552217e-05,0.001206246549119338,2.3052557062552217e-05,-0.0035893189998185177,0.5028451651273771,constant_log_futures
2024-08-19,2019,3,0.001671778659873134,2.503537693414785e-05,0.001671778659873134,2.503537693414785e-05,-0.0029136713786360336,0.46390011386893565,constant_log_futures
2024-08-20,2020,0,1.8148863063210258e-06,1.351371042903597e-05,1.8148863063210258e-06,1.351371042903597e-05,-2.1087250416301444e-05,0.0004936988544279911,constant_log_futures
2024-08-20,2021,1,-0.002146273669581804,1.904467387439194e-05,-0.002146273669581804,1.904467387439194e-05,0.014546965982721115,-1.4332908252691725,constant_log_futures
2024-08-20,2022,2,-0.0015650244387842953,2.295537961278843e-05,-0.0015650244387842953,2.295537961278843e-05,0.004714394605720594,-0.08330328905978128,constant_log_futures
2024-08-20,2023,3,-0.0017268828509831718,2.5002106758489383e-05,-0.0017268828509831718,2.5002106758489383e-05,0.00303136270244528,-0.03420357105510277,constant_log_futures
2024-08-21,2024,0,0.003941085806464004,1.2963308423952728e-05,0.003941085806464004,1.2963308423952728e-05,-0.04808124683886085,1.094606350916665,constant_log_futures
2024-08-21,2025,1,0.002098442175983914,1.8802345702275817e-05,0.002098442175983914,1.8802345702275817e-05,-0.014629139741145,-1.55617191103546,constant_log_futures
2024-08-21,2026,2,0.0034644022036730733,2.2924614032943994e-05,0.0034644022036730733,2.2924614032943994e-05,-0.010566426721202874,0.13950215213024333,constant_log_futures
2024-08-21,2027,3,0.0036121430029774013,2.4960542340907967e-05,0.0036121430029774013,2.4960542340907967e-05,-0.006386687628452797,0.19837120802462196,constant_log_futures
2024-08-22,2028,0,0.0026372773368225945,1.2391173650057253e-05,0.0026372773368225945,1.2391173650057253e-05,-0.033868193167616474,0.7492031265833554,constant_log_futures
2024-08-22,2029,1,-0.0001757356366996806,1.8548210436274833e-05,-0.0001757356366996806,1.8548210436274833e-05,0.0012611616280800608,-2.095951798656815,constant_log_futures
2024-08-22,2030,2,0.0007561198226861479,2.289349044488488e-05,0.0007561198226861479,2.289349044488488e-05,-0.0023353574270306337,-0.2441209255086736,constant_log_futures
2024-08-22,2031,3,0.00023348565211471495,2.4927402008595633e-05,0.00023348565211471495,2.4927402008595633e-05,-0.00041584305924080616,-0.26639642904965394,constant_log_futures
2024-08-23,2032,0,0.0011371418413021247,1.1794723212147186e-05,0.0011371418413021247,1.1794723212147186e-05,-0.01541458940431769,0.3311088301841329,constant_log_futures
2024-08-23,2033,1,-0.0016644974079016144,1.8279311547675925e-05,-0.0016644974079016144,1.8279311547675925e-05,0.012307192955393753,-1.9401661855401957,constant_log_futures
2024-08-23,2034,2,0.0006670042803162968,2.2861918371699482e-05,0.0006670042803162968,2.2861918371699482e-05,-0.00208652621022021,0.9003795482872007,constant_log_futures
2024-08-23,2035,3,0.0011306313910293964,2.489600991640866e-05,0.0011306313910293964,2.489600991640866e-05,-0.0020284857309645055,0.5573639249759088,constant_log_futures
2024-08-26,2036,0,0.00018754191620073144,1.1173980853061224e-05,0.00018754191620073144,1.1173980853061224e-05,-0.002691778091351675,0.05610407257098505,constant_log_futures
2024-08-26,2037,1,-0.002165467049944997,1.799450112181528e-05,-0.002165467049944997,1.799450112181528e-05,0.0165116862558306,-1.534350786721561,constant_log_futures
2024-08-26,2038,2,-0.0006675992887329417,2.282983877848437e-05,-0.0006675992887329417,2.282983877848437e-05,0.0021155094344264646,0.5485050742642986,constant_log_futures
2024-08-26,2039,3,6.782612861790799e-05,2.4865092316873713e-05,6.782612861790799e-05,2.4865092316873713e-05,-0.00012258944727977443,0.645342900915285,constant_log_futures
2024-08-27,2040,0,0.0019140404846339776,1.0529676569190636e-05,0.0019140404846339776,1.0529676569190636e-05,-0.029189117390668158,0.5898527434570906,constant_log_futures
2024-08-27,2041,1,-0.0009661048249565082,1.7692883838445885e-05,-0.0009661048249565082,1.7692883838445885e-05,0.0076041799125609036,-2.07412768858373,constant_log_futures
2024-08-27,2042,2,0.0009131841764755885,2.279720717247833e-05,0.0009131841764755885,2.279720717247833e-05,-0.002931801829737416,0.4888132648982783,constant_log_futures
2024-08-27,2043,3,0.00025909025410959796,2.4834425645152574e-05,0.00025909025410959796,2.4834425645152574e-05,-0.00047177628360255147,-0.22759397935697756,constant_log_futures
2024-08-28,2044,0,0.0005691722859184631,9.863035630750924e-06,0.0005691722859184631,9.863035630750924e-06,-0.009258535850940334,0.18123348606749876,constant_log_futures
2024-08-28,2045,1,-0.0016775856486986127,1.7373599651538078e-05,-0.0016775856486986127,1.7373599651538078e-05,0.013644363276082051,-1.4872037273794527,constant_log_futures
2024-08-28,2046,2,-0.0005836675289999892,2.276397973384243e-05,-0.0005836675289999892,2.276397973384243e-05,0.0018988650276799647,0.2743307052895152,constant_log_futures
2024-08-28,2047,3,-0.0010671816810709153,2.480397347323647e-05,-0.0010671816810709153,2.480397347323647e-05,0.001957837069032356,-0.18602377708813056,constant_log_futures
2024-08-29,2048,0,0.0019209401250763485,9.175816438641627e-06,0.0019209401250763485,9.175816438641627e-06,-0.03347924217990207,0.6341492305146662,constant_log_futures
2024-08-29,2049,1,-3.0757365913590407e-06,1.7035788972353506e-05,-3.0757365913590407e-06,1.7035788972353506e-05,2.5878611320400207e-05,-1.4848742627123854,constant_log_futures
2024-08-29,2050,2,0.0023740881399531184,2.2730110986214303e-05,0.0023740881399531184,2.2730110986214303e-05,-0.007828074407412984,0.9868511390028198,constant_log_futures
2024-08-29,2051,3,0.0022700651214629178,2.477373337018549e-05,0.0022700651214629178,2.477373337018549e-05,-0.004196180982098121,0.17131392262776612,constant_log_futures
2024-08-30,2052,0,0.002226597347817329,8.47040422333836e-06,0.002226597347817329,8.47040422333836e-06,-0.04179151945134064,0.7650496474385182,constant_log_futures
2024-08-30,2053,1,0.0006744688382759323,1.6678591679358132e-05,0.0006744688382759323,1.6678591679358132e-05,-0.005877514162118839,-1.3207358475765851,constant_log_futures
2024-08-30,2054,2,0.0019134329416393807,2.2695553246502544e-05,0.0019134329416393807,2.2695553246502544e-05,-0.006395584078904231,0.21559000939591774,constant_log_futures
2024-08-30,2055,3,0.002594546210095288,2.4743709447755293e-05,0.002594546210095288,2.4743709447755293e-05,-0.004832589887505728,0.5253691994035734,constant_log_futures
2024-09-02,2056,0,-0.0009580843849121801,7.749929429893591e-06,-0.0009580843849121801,7.749929429893591e-06,0.019481049159880998,-0.34415563755182,constant_log_futures
2024-09-02,2057,1,-0.0031879943108167963,1.630115345520867e-05,-0.0031879943108167963,1.630115345520867e-05,0.02881002266071475,-1.1410879634807976,constant_log_futures
2024-09-02,2058,2,-0.0029048269582808567,2.2660256223408498e-05,-0.0029048269582808567,2.2660256223408498e-05,0.009844135803062903,0.09365785435634373,constant_log_futures
2024-09-02,2059,3,-0.003471174888904291,2.471390736184942e-05,-0.003471174888904291,2.471390736184942e-05,0.006515128253020361,-0.28845188126877863,constant_log_futures
2024-09-03,2060,0,-0.0014117779893359265,7.0184078369021905e-06,-0.0014117779893359265,7.0184078369021905e-06,0.031315802672542366,-0.532901700386928,constant_log_futures
2024-09-03,2061,1,-0.003392109455370272,1.5902634711774293e-05,-0.003392109455370272,1.5902634711774293e-05,0.031833642581167165,-0.8543647452104002,constant_log_futures
2024-09-03,2062,2,-0.003111697047380988,2.2624166432525187e-05,-0.003111697047380988,2.2624166432525187e-05,0.010693719430436071,0.26497180250458474,constant_log_futures
2024-09-03,2063,3,-0.0035552417091784597,2.4684333345581498e-05,-0.0035552417091784597,2.4684333345581498e-05,0.006724643232864684,-0.19603057403805108,constant_log_futures
2024-09-04,2064,0,0.0020493426458440315,6.280904879647317e-06,0.0020493426458440315,6.280904879647317e-06,-0.05000396055859437,0.8177178337163213,constant_log_futures
2024-09-04,2065,1,0.0008516451056446647,1.5482221354761887e-05,0.0008516451056446647,1.5482221354761887e-05,-0.008312056231091927,-1.1351673028212603,constant_log_futures
2024-09-04,2066,2,0.0017943095086626927,2.2587226256553382e-05,0.0017943095086626927,2.2587226256553382e-05,-0.006254450287338529,0.060388070343412543,constant_log_futures
2024-09-04,2067,3,0.0013621862509156785,2.4654993928485083e-05,0.0013621862509156785,2.4654993928485083e-05,-0.002596667540808012,-0.21847348244163478,constant_log_futures
2024-09-05,2068,0,0.0018018610369974443,5.543728174500225e-06,0.0018018610369974443,5.543728174500225e-06,-0.0488504547808196,0.7652799420094101,constant_log_futures
2024-09-05,2069,1,0.00019904683245825124,1.5039137386583522e-05,0.00019904683245825124,1.5039137386583522e-05,-0.0020236427966588877,-1.3137868645771424,constant_log_futures
2024-09-05,2070,2,0.0015921278602698645,2.254937244234522e-05,0.0015921278602698645,2.254937244234522e-05,-0.005630133302983289,0.37307169950393454,constant_log_futures
2024-09-05,2071,3,0.0018281380562636604,2.462589570101986e-05,0.0018281380562636604,2.462589570101986e-05,-0.0035123282340813636,0.2568970344611736,constant_log_futures
2024-09-06,2072,0,0.00045984057680823224,4.814653185164505e-06,0.00045984057680823224,4.814653185164505e-06,-0.014025137592651083,0.20956791216904405,constant_log_futures
2024-09-06,2073,1,-0.002083665225188231,1.4572659500682246e-05,-0.002083665225188231,1.4572659500682246e-05,0.022104970215040366,-1.4532888611309431,constant_log_futures
2024-09-06,2074,2,-0.001795504542143788,2.251053373126706e-05,-0.001795504542143788,2.251053373126706e-05,0.006442692768868887,-0.02906800685441857,constant_log_futures
2024-09-06,2075,3,-0.003086022844472361,2.4597044962253025e-05,-0.003086022844472361,2.4597044962253025e-05,0.005976107730565524,-0.7595281511126262,constant_log_futures
2024-09-09,2076,0,-0.0008891544771812876,4.103187913951314e-06,-0.0008891544771812876,4.103187913951314e-06,0.03099338463317631,-0.438951478548152,constant_log_futures
2024-09-09,2077,1,-0.003009648248284467,1.4082133887305927e-05,-0.003009648248284467,1.4082133887305927e-05,0.033379735117336815,-0.8079010730556146,constant_log_futures
2024-09-09,2078,2,-0.001571021880678175,2.2470627178278103e-05,-0.001571021880678175,2.2470627178278103e-05,0.005721333416201115,1.1175605363834844,constant_log_futures
2024-09-09,2079,3,-0.0022849098950054256,2.4568447156969563e-05,-0.0022849098950054256,2.4568447156969563e-05,0.004460144115050591,-0.24363123970160142,constant_log_futures
2024-09-10,2080,0,0.00040113716659733335,3.4208835094843215e-06,0.00040113716659733335,3.4208835094843215e-06,-0.01631291144162489,0.21688212501311954,constant_log_futures
2024-09-10,2081,1,-0.0009133103779153471,1.3566995576538963e-05,-0.0009133103779153471,1.3566995576538963e-05,0.010611796771968794,-0.7421489317305998,constant_log_futures
2024-09-10,2082,2,0.000666356157129986,2.2429552522601417e-05,0.000666356157129986,2.2429552522601417e-05,-0.002463498520298736,0.8911829478654475,constant_log_futures
2024-09-10,2083,3,-6.138633837534518e-05,2.454010599382228e-05,-6.138633837534518e-05,2.454010599382228e-05,0.00012079247228696955,-0.2951572845047334,constant_log_futures
2024-09-11,2085,0,-0.001127058139838065,1.3026790877147335e-05,-0.001127058139838065,1.3026790877147335e-05,0.013750109306024393,-0.3122680845043367,constant_log_futures
2024-09-11,2086,1,-0.00016203599743607258,2.238718372980599e-05,-0.00016203599743607258,2.238718372980599e-05,0.0006082582057600263,0.7195418194145083,constant_log_futures
2024-09-11,2087,2,-0.0013007740361742279,2.451202209772859e-05,-0.0013007740361742279,2.451202209772859e-05,0.0025803972750122897,-0.5942237432753456,constant_log_futures
2024-09-12,2089,0,0.0011840735244301572,1.2483832054410618e-05,0.0011840735244301572,1.2483832054410618e-05,-0.015205996840050438,0.33512336780128055,constant_log_futures
2024-09-12,2090,1,0.002285835753667167,2.235659497836844e-05,0.002285835753667167,2.235659497836844e-05,-0.008714748810856073,0.4721008525228204,constant_log_futures
2024-09-12,2091,2,0.0011036963144227113,2.44842582410554e-05,0.0011036963144227113,2.44842582410554e-05,-0.0022073926288454226,-0.6687800912372932,constant_log_futures
2024-09-13,2093,0,0.0006029023050960584,1.1887681084108384e-05,0.0006029023050960584,1.1887681084108384e-05,-0.008172675691302126,0.17486317979300342,constant_log_futures
2024-09-13,2094,1,0.0016095256803254424,2.2307738647905378e-05,0.0016095256803254424,2.2307738647905378e-05,-0.00623371850792711,0.4846930222309707,constant_log_futures
2024-09-13,2095,2,-0.000182477794240396,2.445958542712619e-05,-0.000182477794240396,2.445958542712619e-05,0.00036797175036906303,-1.0394694527111996,constant_log_futures
2024-09-18,2097,0,-0.0007239838363675812,1.1264879786576542e-05,-0.0007239838363675812,1.1264879786576542e-05,0.010391297416099402,-0.21570767087557602,constant_log_futures
2024-09-18,2098,1,-0.0014249490667679957,2.2256831244586095e-05,-0.0014249490667679957,2.2256831244586095e-05,0.0056078640692159825,-0.2730598284235722,constant_log_futures
2024-09-18,2099,2,-0.004031291419555348,2.4432221779153123e-05,-0.004031291419555348,2.4432221779153123e-05,0.008196959219762542,-1.6327244163731158,constant_log_futures
2024-09-19,2101,0,0.0010982060191473087,1.061769619997481e-05,0.0010982060191473087,1.061769619997481e-05,-0.01674764179199646,0.33703008682218377,constant_log_futures
2024-09-19,2102,1,0.0018416460776508707,2.2203855496826782e-05,0.0018416460776508707,2.2203855496826782e-05,-0.007366584310603483,0.20816249081391366,constant_log_futures
2024-09-19,2103,2,0.0003840228709737839,2.440423881817608e-05,0.0003840228709737839,2.440423881817608e-05,-0.000787408239643725,-0.8717445601220335,constant_log_futures
2024-09-20,2105,0,-0.003207988857069603,9.947702450920371e-06,-0.003207988857069603,9.947702450920371e-06,0.05218328540833221,-1.0171182757638164,constant_log_futures
2024-09-20,2106,1,-0.0028987259616885253,2.2148694739081634e-05,-0.0028987259616885253,2.2148694739081634e-05,0.011788152244200004,0.8311270281693302,constant_log_futures
2024-09-20,2107,2,-0.004129480504398937,2.4376250098017476e-05,-0.004129480504398937,2.4376250098017476e-05,0.008538925788757125,-0.6296281065632733,constant_log_futures
2024-09-23,2108,0,0.0004738505484765806,9.256722055455146e-06,0.0004738505484765806,9.256722055455146e-06,-0.008258538130591834,0.15574452043591278,constant_log_futures
2024-09-23,2109,1,0.0013769012619139296,1.8680747228656887e-05,0.0013769012619139296,1.8680747228656887e-05,-0.009881291409029378,0.4508239652674709,constant_log_futures
2024-09-23,2110,2,0.0024502322167166794,2.2091208002556845e-05,0.0024502322167166794,2.2091208002556845e-05,-0.010133163743709657,0.8828149542019835,constant_log_futures
2024-09-23,2111,3,0.0013167050519947293,2.4348425539230255e-05,0.0013167050519947293,2.4348425539230255e-05,-0.0027459489973223417,-0.5329380354730693,constant_log_futures
2024-09-24,2112,0,0.008446025400801197,8.462275572838621e-06,0.008446025400801197,8.462275572838621e-06,-0.1585253998304225,2.9034128941803172,constant_log_futures
2024-09-24,2113,1,0.010377215898552491,1.827034537949652e-05,0.010377215898552491,1.827034537949652e-05,-0.07672850543172145,-0.5790163476132414,constant_log_futures
2024-09-24,2114,2,0.012097746272604225,2.1926384395344538e-05,0.012097746272604225,2.1926384395344538e-05,-0.05089396707785226,0.3160145908115133,constant_log_futures
2024-09-24,2115,3,0.01330365926082424,2.431197960009598e-05,0.01330365926082424,2.431197960009598e-05,-0.027983559134837195,0.7893640568339073,constant_log_futures
2024-09-25,2116,0,-0.0020689698321987716,7.739013208913846e-06,-0.0020689698321987716,7.739013208913846e-06,0.04206905325470836,-0.743723259972697,constant_log_futures
2024-09-25,2117,1,-0.003494619825227343,1.7983746631895362e-05,-0.003494619825227343,1.7983746631895362e-05,0.02664647616735849,-0.35524217363600485,constant_log_futures
2024-09-25,2118,2,-0.0024523559475347206,2.185957034059719e-05,-0.0024523559475347206,2.185957034059719e-05,0.010497804406990734,0.8638287383134055,constant_log_futures
2024-09-25,2119,3,-0.0013721105776545069,2.427364199115003e-05,-0.0013721105776545069,2.427364199115003e-05,0.0029112607038930404,0.9647200421499896,constant_log_futures
2024-09-26,2120,0,0.013990062645686682,7.007083983830677e-06,0.013990062645686682,7.007083983830677e-06,-0.31032502595886824,5.285073090602466,constant_log_futures
2024-09-26,2121,1,0.012194929014887213,1.768242014357301e-05,0.012194929014887213,1.768242014357301e-05,-0.09598589289137033,-4.366788229475218,constant_log_futures
2024-09-26,2122,2,0.01680001447987442,2.1789618300730355e-05,0.01680001447987442,2.1789618300730355e-05,-0.0732000630908814,0.6579549801294322,constant_log_futures
2024-09-26,2123,3,0.020739829821491116,2.4243167717093545e-05,0.020739829821491116,2.4243167717093545e-05,-0.04439051295126169,2.7918285968957117,constant_log_futures
2024-09-27,2125,0,0.02748633725806743,1.7363853153607876e-05,0.02748633725806743,1.7363853153607876e-05,-0.22355554303228178,6.59620005514979,constant_log_futures
2024-09-27,2126,1,0.02951906280821392,2.171620316777553e-05,0.02951906280821392,2.171620316777553e-05,-0.1309572968218945,0.25566766573252425,constant_log_futures
2024-09-27,2127,2,0.030908594491101508,2.4214934463022714e-05,0.030908594491101508,2.4214934463022714e-05,-0.0667406819099891,0.4620057172220727,constant_log_futures
2024-09-30,2128,0,-0.0005618178237369945,5.553116623498431e-06,-0.0005618178237369945,5.553116623498431e-06,0.015231505443536294,-0.23841145375872716,constant_log_futures
2024-09-30,2129,1,-0.0158437420054591,1.7076310219247264e-05,-0.0158437420054591,1.7076310219247264e-05,0.13330596721834553,-7.739392831040927,constant_log_futures
2024-09-30,2130,2,-0.017246619068246493,2.1670795741203596e-05,-0.017246619068246493,2.1670795741203596e-05,0.07792916764170638,-2.389853842718476,constant_log_futures
2024-09-30,2131,3,-0.014770858348636425,2.418740642929381e-05,-0.014770858348636425,2.418740642929381e-05,0.03217936997381507,1.5541013656397524,constant_log_futures
2024-10-08,2132,0,-0.0070812723336346264,4.805837000600684e-06,-0.0070812723336346264,4.805837000600684e-06,0.2159788061758561,-3.23018040700809,constant_log_futures
2024-10-08,2133,1,-0.015088922767730046,1.667254152081545e-05,-0.015088922767730046,1.667254152081545e-05,0.1314891841187904,-1.795339182155494,constant_log_futures
2024-10-08,2134,2,-0.013833533415487423,2.1558135771935926e-05,-0.013833533415487423,2.1558135771935926e-05,0.06368645572413077,1.694281107856594,constant_log_futures
2024-10-08,2135,3,-0.006093412077040283,2.4167052334234657e-05,-0.006093412077040283,2.4167052334234657e-05,0.01339452744862909,5.5543101402324355,constant_log_futures
2024-10-09,2136,0,0.001023230198230573,4.094360325030895e-06,0.001023230198230573,4.094360325030895e-06,-0.03566688119546568,0.5056852879346848,constant_log_futures
2024-10-09,2137,1,-3.5865437212016966e-05,1.6294077225023004e-05,-3.5865437212016966e-05,1.6294077225023004e-05,0.0003241172844345237,-0.8307998611839349,constant_log_futures
2024-10-09,2138,2,0.00011351945345177425,2.1472510803770498e-05,0.00011351945345177425,2.1472510803770498e-05,-0.0005326682046583254,-0.16861707450805397,constant_log_futures
2024-10-09,2139,3,0.001717364441229904,2.4135118423962587e-05,0.001717364441229904,2.4135118423962587e-05,-0.0038094265787281508,1.0003747513260233,constant_log_futures
2024-10-10,2140,0,-0.0007681712483327834,3.4129787368576362e-06,-0.0007681712483327834,3.4129787368576362e-06,0.031238964098866524,-0.4158064834275231,constant_log_futures
2024-10-10,2141,1,-0.0041288134271021265,1.5895504702274405e-05,-0.0041288134271021265,1.5895504702274405e-05,0.03874732600818919,-1.220188802011783,constant_log_futures
2024-10-10,2142,2,-0.002492660769522302,2.1382357946953568e-05,-0.002492660769522302,2.1382357946953568e-05,0.011925671132616503,1.1920223549947502,constant_log_futures
2024-10-10,2143,3,-0.0003425002389174014,2.410686760596474e-05,-0.0003425002389174014,2.410686760596474e-05,0.0007666977825306967,1.7492045597792618,constant_log_futures
2024-10-11,2145,0,-0.0034047017703327876,1.5474997076085153e-05,-0.0034047017703327876,1.5474997076085153e-05,0.033229889278448006,-0.8654934564232611,constant_log_futures
2024-10-11,2146,1,-0.002117694868437097,2.128718946850678e-05,-0.002117694868437097,2.128718946850678e-05,0.010334350957973032,1.0875116402325409,constant_log_futures
2024-10-11,2147,2,-0.001868264761962786,2.407980337658119e-05,-0.001868264761962786,2.407980337658119e-05,0.00422089446221222,0.49551114467463087,constant_log_futures
2024-10-14,2149,0,-0.0009096544259015618,1.5049993526530196e-05,-0.0009096544259015618,1.5049993526530196e-05,0.009248153329999212,-0.2344813362340035,constant_log_futures
2024-10-14,2150,1,-0.0029965251525779463,2.1200247178243555e-05,-0.0029965251525779463,2.1200247178243555e-05,0.014921472188347324,-1.2930985610319727,constant_log_futures
2024-10-14,2151,2,-0.0034313800758320866,2.4053161662539873e-05,-0.0034313800758320866,2.4053161662539873e-05,0.007824829331804012,-0.5541988111103251,constant_log_futures
2024-10-15,2153,0,-0.0060200251507498675,1.457798056677693e-05,-0.0060200251507498675,1.457798056677693e-05,0.06386461464273772,-1.5767020133876737,constant_log_futures
2024-10-15,2154,1,-0.00775598324211237,2.1090034161512476e-05,-0.00775598324211237,2.1090034161512476e-05,0.03942624814740455,-0.6067413328088943,constant_log_futures
2024-10-15,2155,2,-0.008902632468310115,2.4029435924806005e-05,-0.008902632468310115,2.4029435924806005e-05,0.020492852096864793,-0.7012796897961201,constant_log_futures
2024-10-16,2157,0,0.005470263354915522,1.4080488930009053e-05,0.005470263354915522,1.4080488930009053e-05,-0.06067019357269942,1.4578047713826738,constant_log_futures
2024-10-16,2158,1,0.007142729073955373,2.0973214177659255e-05,0.007142729073955373,2.0973214177659255e-05,-0.03708140200095981,0.5551112034161538,constant_log_futures
2024-10-16,2159,2,0.006253645330020277,2.4003182021602886e-05,0.006253645330020277,2.4003182021602886e-05,-0.014532280576428074,-0.5634871747717156,constant_log_futures
2024-10-17,2161,0,-0.0025359803209156987,1.355796417188285e-05,-0.0025359803209156987,1.355796417188285e-05,0.029465676109687165,-0.688729425248677,constant_log_futures
2024-10-17,2162,1,-0.0028355249856378438,2.0849553293484217e-05,-0.0028355249856378438,2.0849553293484217e-05,0.015040610793383346,0.07572917477052818,constant_log_futures
2024-10-17,2163,2,-0.005729632368893768,2.3976165513330393e-05,-0.005729632368893768,2.3976165513330393e-05,0.013442599019327688,-1.6879742513056337,constant_log_futures
2024-10-18,2165,0,0.0034701009569877385,1.3010352938504158e-05,0.0034701009569877385,1.3010352938504158e-05,-0.04233523167525041,0.9620498385500259,constant_log_futures
2024-10-18,2166,1,0.009807622386465991,2.071865048318612e-05,0.009807622386465991,2.071865048318612e-05,-0.05317910805106004,3.6062682342452765,constant_log_futures
2024-10-18,2167,2,0.009989048133665232,2.3948989637444897e-05,0.009989048133665232,2.3948989637444897e-05,-0.023663376161304043,0.7984666407992866,constant_log_futures
2024-10-21,2168,0,-0.0029137058318074865,1.2437625626956311e-05,-0.0029137058318074865,1.2437625626956311e-05,0.037418116997948773,-0.8261843479436219,constant_log_futures
2024-10-21,2169,1,-0.0007949782099996691,2.0580050287060214e-05,-0.0007949782099996691,2.0580050287060214e-05,0.004408515528179983,1.697829895097853,constant_log_futures
2024-10-21,2170,2,6.64063344565629e-05,2.3921839252243127e-05,6.64063344565629e-05,2.3921839252243127e-05,-0.0001588543687000132,0.9887355068308341,constant_log_futures
2024-10-21,2171,3,-0.0008745027785820939,2.6977619147323962e-05,-0.0008745027785820939,2.6977619147323962e-05,0.0013171523331730304,-0.774486879401328,constant_log_futures
2024-10-22,2172,0,-0.0007076212209519428,1.1834952092088304e-05,-0.0007076212209519428,1.1834952092088304e-05,0.009592198772904114,-0.20569209257716037,constant_log_futures
2024-10-22,2173,1,0.0006211059018510759,2.0426083260480122e-05,0.0006211059018510759,2.0426083260480122e-05,-0.003524414884922384,0.9266070425131667,constant_log_futures
2024-10-22,2174,2,0.0017460295885263332,2.354721001754906e-05,0.0017460295885263332,2.354721001754906e-05,-0.004218130887132924,0.9962312004500763,constant_log_futures
2024-10-22,2175,3,-0.0015699748187384364,2.5769217235753468e-05,-0.0015699748187384364,2.5769217235753468e-05,0.002379340719081854,-2.0838368005029113,constant_log_futures
2024-10-23,2176,0,-0.000549157159645218,1.1198605039512346e-05,-0.000549157159645218,1.1198605039512346e-05,0.007882020409025484,-0.16410230685015534,constant_log_futures
2024-10-23,2177,1,0.0004906604564042611,2.0259599378549774e-05,0.0004906604564042611,2.0259599378549774e-05,-0.0028505036038723743,0.7236202728695962,constant_log_futures
2024-10-23,2178,2,0.002579026123220852,2.3518545883567614e-05,0.002579026123220852,2.3518545883567614e-05,-0.006292823740658878,1.5655906565294586,constant_log_futures
2024-10-23,2179,3,-0.00028620053488979946,2.5694860569132893e-05,-0.00028620053488979946,2.5694860569132893e-05,0.0004364558157069442,-1.7051830349615134,constant_log_futures
2024-10-24,2180,0,0.0007134584450897836,1.0551049795436793e-05,0.0007134584450897836,1.0551049795436793e-05,-0.0108802412876192,0.2196447598802881,constant_log_futures
2024-10-24,2181,1,0.0012066726042058188,2.009300568661308e-05,0.0012066726042058188,2.009300568661308e-05,-0.007181173546980971,0.1762419518591631,constant_log_futures
2024-10-24,2182,2,0.0031787857880457536,2.34918625589957e-05,0.0031787857880457536,2.34918625589957e-05,-0.007834583154375392,1.285770405975222,constant_log_futures
2024-10-24,2183,3,0.0002039569526232632,2.5655592499206193e-05,0.0002039569526232632,2.5655592499206193e-05,-0.0003129905436482781,-1.7601764414987882,constant_log_futures
2024-10-25,2184,0,0.0037053300388597225,9.882776009391345e-06,0.0037053300388597225,9.882776009391345e-06,-0.06027336863211815,1.1786569492311028,constant_log_futures
2024-10-25,2185,1,0.005643233001407262,1.9917894233899696e-05,0.005643233001407262,1.9917894233899696e-05,-0.0344237213085843,0.45831250683708863,constant_log_futures
2024-10-25,2186,2,0.008061016663010697,2.3465471866255e-05,0.008061016663010697,2.3465471866255e-05,-0.020070286385455206,1.469274615390834,constant_log_futures
2024-10-25,2187,3,0.005378072522652773,2.5620898826425857e-05,0.005378072522652773,2.5620898826425857e-05,-0.008305377819792889,-1.5659364938859364,constant_log_futures
2024-10-28,2188,0,-0.005470419535883302,9.194070076081684e-06,-0.005470419535883302,9.194070076081684e-06,0.0953415976253947,-1.8041254361358081,constant_log_futures
2024-10-28,2189,1,-0.006777495584643085,1.9732458140656986e-05,-0.006777495584643085,1.9732458140656986e-05,0.042402792888536225,0.35675696608531826,constant_log_futures
2024-10-28,2190,2,-0.004430017438076845,2.343921422542349e-05,-0.004430017438076845,2.343921422542349e-05,0.011143549019492272,1.9181650776694545,constant_log_futures
2024-10-28,2191,3,-0.006487521657224434,2.558701491897221e-05,-0.006487521657224434,2.558701491897221e-05,0.010082517734794662,-1.1235771052371735,constant_log_futures
2024-10-29,2192,0,-0.00015020043552318635,8.487120585872654e-06,-0.00015020043552318635,8.487120585872654e-06,0.0028191466359736516,-0.05155739970304546,constant_log_futures
2024-10-29,2193,1,0.00019467444584916676,1.9535875263680183e-05,0.00019467444584916676,1.9535875263680183e-05,-0.0012500148628209655,0.22971567352071148,constant_log_futures
2024-10-29,2194,2,0.0012217330180918171,2.341306871039048e-05,0.0012217330180918171,2.341306871039048e-05,-0.0031052380876500354,0.7176464518971665,constant_log_futures
2024-10-29,2195,3,-0.001713508467948311,2.5553425050042215e-05,-0.001713508467948311,2.5553425050042215e-05,0.0026801029883294094,-1.8021685582703353,constant_log_futures
2024-10-30,2196,0,-0.001563722551371048,7.765035644593094e-06,-0.001563722551371048,7.765035644593094e-06,0.03179569187787798,-0.5611616358918315,constant_log_futures
2024-10-30,2197,1,-0.0018957267218864468,1.932743666990641e-05,-0.0018957267218864468,1.932743666990641e-05,0.012501549192980892,0.19620794351772486,constant_log_futures
2024-10-30,2198,2,-0.001375810008716477,2.338703144636281e-05,-0.001375810008716477,2.338703144636281e-05,0.003533659390808636,0.48468729543799827,constant_log_futures
2024-10-30,2199,3,-0.003501480417054885,2.5520060674130047e-05,-0.003501480417054885,2.5520060674130047e-05,0.005512007882331561,-1.314304847107096,constant_log_futures
2024-10-31,2200,0,-0.0018417010315798104,7.031836120470276e-06,-0.0018417010315798104,7.031836120470276e-06,0.04085227742777034,-0.6945200070188385,constant_log_futures
2024-10-31,2201,1,-0.0014274214179386784,1.9106419502660795e-05,-0.0014274214179386784,1.9106419502660795e-05,0.00967474516602882,0.7099498933410263,constant_log_futures
2024-10-31,2202,2,-0.000954718025696126,2.336109994947358e-05,-0.000954718025696126,2.336109994947358e-05,0.0024782042369133487,0.5790466549807913,constant_log_futures
2024-10-31,2203,3,-0.0032269521591821136,2.5486916190374126e-05,-0.0032269521591821136,2.5486916190374126e-05,0.00511283329117166,-1.4297864392283957,constant_log_futures
2024-11-01,2204,0,0.00021416798514383752,6.2926011126738676e-06,0.00021416798514383752,6.2926011126738676e-06,-0.005225698837509635,0.08537671675276569,constant_log_futures
2024-11-01,2205,1,0.0018909004077290069,1.8872065988124377e-05,0.0018909004077290069,1.8872065988124377e-05,-0.013182277128167934,0.8093906071595783,constant_log_futures
2024-11-01,2206,2,0.003005957287145488,2.333527046606583e-05,0.003005957287145488,2.333527046606583e-05,-0.007886597613586012,0.8188550309518476,constant_log_futures
2024-11-01,2207,3,0.0010643783127136132,2.545399471196712e-05,0.0010643783127136132,2.545399471196712e-05,-0.0016974399235432786,-1.185881089842344,constant_log_futures
2024-11-04,2208,0,0.003251230348731881,5.5536592455409425e-06,0.003251230348731881,5.5536592455409425e-06,-0.08814446723228656,1.3796156922833438,constant_log_futures
2024-11-04,2209,1,0.003940883794305376,1.8623577148548508e-05,0.003940883794305376,1.8623577148548508e-05,-0.02828163664148564,-0.6636504794232833,constant_log_futures
2024-11-04,2210,2,0.005522445956422286,2.3309536637636804e-05,0.005522445956422286,2.3309536637636804e-05,-0.014646487101815629,0.5741259596053294,constant_log_futures
2024-11-04,2211,3,0.00276727284163485,2.5421299952658438e-05,0.00276727284163485,2.5421299952658438e-05,-0.0044422011405191005,-1.6228707012605232,constant_log_futures
2024-11-05,2212,0,0.0018098067096818152,4.822815655963088e-06,0.0018098067096818152,4.822815655963088e-06,-0.055199104645295365,0.824103698000027,constant_log_futures
2024-11-05,2213,1,0.0018116984634104418,1.8360107571664016e-05,0.0018116984634104418,1.8360107571664016e-05,-0.013395588638549932,-0.601213808219176,constant_log_futures
2024-11-05,2214,2,0.0026843084317680933,2.3283887848148673e-05,0.0026843084317680933,2.3283887848148673e-05,-0.007197486344521041,0.27202397850590443,constant_log_futures
2024-11-05,2215,3,0.0016527329512050874,2.5388834513066443e-05,0.0016527329512050874,2.5388834513066443e-05,-0.002670641325126102,-0.5779000594759537,constant_log_futures
2024-11-06,2216,0,-0.00146229659056231,4.109618266299054e-06,-0.00146229659056231,4.109618266299054e-06,0.05097148115674338,-0.7213312142641499,constant_log_futures
2024-11-06,2217,1,-0.0031506230487989345,1.808075882762193e-05,-0.0031506230487989345,1.808075882762193e-05,0.024023500747091874,-0.2412996116090042,constant_log_futures
2024-11-06,2218,2,-0.002392956687350187,2.3258306844253202e-05,-0.002392956687350187,2.3258306844253202e-05,0.006487571463482729,0.6347223837184214,constant_log_futures
2024-11-06,2219,3,-0.004344776165682879,2.5356598848207397e-05,-0.004344776165682879,2.5356598848207397e-05,0.00706750256284415,-1.1603605110295276,constant_log_futures
2024-11-07,2220,0,0.0003752229348188761,3.4256694577550813e-06,0.0003752229348188761,3.4256694577550813e-06,-0.015259066015967628,0.20272935944185477,constant_log_futures
2024-11-07,2221,1,0.0014197315050137763,1.7784570783835142e-05,0.0014197315050137763,1.7784570783835142e-05,-0.011174660878172949,0.30010027357659613,constant_log_futures
2024-11-07,2222,2,0.002470932045363172,2.3232766323222937e-05,0.002470932045363172,2.3232766323222937e-05,-0.006774240663692291,0.6080944069910743,constant_log_futures
2024-11-07,2223,3,0.001952711592453804,2.5324589998128322e-05,0.001952711592453804,2.5324589998128322e-05,-0.0031977290507297198,-0.26862672058141085,constant_log_futures
2024-11-08,2225,0,-0.004102565187655274,1.747051044851635e-05,-0.004102565187655274,1.747051044851635e-05,0.03336753019292956,-0.9815280003500604,constant_log_futures
2024-11-08,2226,1,-0.003448735999135928,2.3207224151056226e-05,-0.003448735999135928,2.3207224151056226e-05,0.009562404361240527,0.5969665092799235,constant_log_futures
2024-11-08,2227,2,-0.004644981048994412,2.5292799840243307e-05,-0.004644981048994412,2.5292799840243307e-05,0.0076579417294232194,-0.6760617462843184,constant_log_futures
2024-11-11,2229,0,-0.007729330190243395,1.7168233265832718e-05,-0.007729330190243395,1.7168233265832718e-05,0.06503298504894443,-1.8654304330058917,constant_log_futures
2024-11-11,2230,1,-0.0075212673782835485,2.3189458712952186e-05,-0.0075212673782835485,2.3189458712952186e-05,0.021094129198864206,0.5417105000050974,constant_log_futures
2024-11-11,2231,2,-0.009057565903970288,2.5262070639792426e-05,-0.009057565903970288,2.5262070639792426e-05,0.015034327078698981,-0.8973148985280945,constant_log_futures
2024-11-12,2233,0,-0.0008241031211072766,1.6808074730652492e-05,-0.0008241031211072766,1.6808074730652492e-05,0.007181470055363411,-0.20101227266294783,constant_log_futures
2024-11-12,2234,1,-0.0003921725898926552,2.3161520259606596e-05,-0.0003921725898926552,2.3161520259606596e-05,0.0011126757201605567,0.30670591386785845,constant_log_futures
2024-11-12,2235,2,-0.0008258073336186306,2.5233242881685454e-05,-0.0008258073336186306,2.5233242881685454e-05,0.0013801163657736018,-0.23861817793062404,constant_log_futures
2024-11-13,2237,0,0.000211076291307467,1.6424744949523452e-05,0.000211076291307467,1.6424744949523452e-05,-0.0019075042621859981,0.052082297943785855,constant_log_futures
2024-11-13,2238,1,0.0009613020917405742,2.3133395512446064e-05,0.0009613020917405742,2.3133395512446064e-05,-0.0027595024751141187,0.4311398148699268,constant_log_futures
2024-11-13,2239,2,0.00014034242323275603,2.520152989429972e-05,0.00014034242323275603,2.520152989429972e-05,-0.00023616242254339634,-0.46768556640171904,constant_log_futures
2024-11-14,2241,0,0.005931406453672226,1.601943853856145e-05,0.005931406453672226,1.601943853856145e-05,-0.05566396825753935,1.4819516687146619,constant_log_futures
2024-11-14,2242,1,0.006461584018818365,2.310506727975029e-05,0.006461584018818365,2.310506727975029e-05,-0.018769363102281916,-0.12089031301821963,constant_log_futures
2024-11-14,2243,2,0.0036660298624919888,2.5169336278369553e-05,0.0036660298624919888,2.5169336278369553e-05,-0.006211883933666981,-1.7509688098837404,constant_log_futures
2024-11-15,2245,0,0.0019393727800498676,1.559174135536069e-05,0.0019393727800498676,1.559174135536069e-05,-0.018928278333286707,0.49114981509188405,constant_log_futures
2024-11-15,2246,1,0.002294690278241524,2.3076513170777323e-05,0.002294690278241524,2.3076513170777323e-05,-0.006745836480613636,0.05202724066111496,constant_log_futures
2024-11-15,2247,2,0.0013236559364791407,2.5137194134087536e-05,0.0013236559364791407,2.5137194134087536e-05,-0.0022585457937126597,-0.5978219586521805,constant_log_futures
2024-11-18,2248,0,0.000404923319570124,1.5140977068978989e-05,0.000404923319570124,1.5140977068978989e-05,-0.004116720415629594,0.1040628791885902,constant_log_futures
2024-11-18,2249,1,0.0013817933474906535,2.051617997937956e-05,0.0013817933474906535,2.051617997937956e-05,-0.007840873878784174,0.6276912896992171,constant_log_futures
2024-11-18,2250,2,0.00041817853755663804,2.3047709928953607e-05,0.00041817853755663804,2.3047709928953607e-05,-0.0012443361361441426,-0.4751588477806048,constant_log_futures
2024-11-18,2251,3,-0.0006357282644520977,2.510521639370137e-05,-0.0006357282644520977,2.510521639370137e-05,0.0010923781445514918,-0.8007165329018452,constant_log_futures
2024-11-19,2252,0,-0.0029112188079477947,1.4533414986724192e-05,-0.0029112188079477947,1.4533414986724192e-05,0.030884234310402693,-0.7636441182352877,constant_log_futures
2024-11-19,2253,1,-0.001748353767698085,2.0217231047305128e-05,-0.001748353767698085,2.0217231047305128e-05,0.010157102840912684,0.9909274530471465,constant_log_futures
2024-11-19,2254,2,-0.00185026033481887,2.2947720532593563e-05,-0.00185026033481887,2.2947720532593563e-05,0.005573623724639559,0.4114167450795737,constant_log_futures
2024-11-19,2255,3,-0.001887387426305908,2.5069332039735103e-05,-0.001887387426305908,2.5069332039735103e-05,0.00326611724835916,-0.016058785524213706,constant_log_futures
2024-11-20,2256,0,-0.0046844000626708494,1.4032639219230973e-05,-0.0046844000626708494,1.4032639219230973e-05,0.05195425524053124,-1.2505017341154732,constant_log_futures
2024-11-20,2257,1,-0.0042392845581734825,2.004756567227493e-05,-0.0042392845581734825,2.004756567227493e-05,0.025228912980349506,0.6815667117293871,constant_log_futures
2024-11-20,2258,2,-0.004578719358672795,2.2916710666723435e-05,-0.004578719358672795,2.2916710666723435e-05,0.013965094043952025,0.22223042688501946,constant_log_futures
2024-11-20,2259,3,-0.005683581965017059,2.5028944627686732e-05,-0.005683581965017059,2.5028944627686732e-05,0.009905671424744019,-0.7001121994174256,constant_log_futures
2024-11-21,2260,0,-0.0037247177006350836,1.3510102962333088e-05,-0.0037247177006350836,1.3510102962333088e-05,0.043277672331188594,-1.0133606436190172,constant_log_futures
2024-11-21,2261,1,-0.0025407199135795873,1.9869552019099487e-05,-0.0025407199135795873,1.9869552019099487e-05,0.015498391472835483,1.1179697470706695,constant_log_futures
2024-11-21,2262,2,-0.0027556989211665675,2.2885269313457147e-05,-0.0027556989211665675,2.2885269313457147e-05,0.008511272617273954,0.4280939241261555,constant_log_futures
2024-11-21,2263,3,-0.00428041839491574,2.4995715624033848e-05,-0.00428041839491574,2.4995715624033848e-05,0.007513827973808925,-0.9616526889081182,constant_log_futures
2024-11-22,2264,0,-0.003044149606328348,1.2963125200245338e-05,-0.003044149606328348,1.2963125200245338e-05,0.03713862519720585,-0.8454951768173524,constant_log_futures
2024-11-22,2265,1,-0.0018478845603665719,1.9681074438179508e-05,-0.0018478845603665719,1.9681074438179508e-05,0.011561123916139577,1.0863631516320247,constant_log_futures
2024-11-22,2266,2,-0.0026528782909258225,2.2853327962237354e-05,-0.0026528782909258225,2.2853327962237354e-05,0.008298747474178213,-0.03172913253832258,constant_log_futures
2024-11-22,2267,3,-0.0074018096837239755,2.49640078682396e-05,-0.0074018096837239755,2.49640078682396e-05,0.013087257701656885,-3.0962265828303455,constant_log_futures
2024-11-25,2268,0,0.001598225296645571,1.2391243681304924e-05,0.001598225296645571,1.2391243681304924e-05,-0.020524577493764174,0.4540258200626666,constant_log_futures
2024-11-25,2269,1,0.003652830416581052,1.9481252862443876e-05,0.003652830416581052,1.9481252862443876e-05,-0.023455016359099384,1.144342274863338,constant_log_futures
2024-11-25,2270,2,0.003629170922777824,2.2820828323253062e-05,0.003629170922777824,2.2820828323253062e-05,-0.011500229937114142,0.2664458547114066,constant_log_futures
2024-11-25,2271,3,0.0016234387008762993,2.4932727910891012e-05,0.0016234387008762993,2.4932727910891012e-05,-0.002891379876013263,-1.3098308825890703,constant_log_futures
2024-11-26,2272,0,-0.002842128399323936,1.1794542093126282e-05,-0.002842128399323936,1.1794542093126282e-05,0.0385266294130578,-0.8275669760952167,constant_log_futures
2024-11-26,2273,1,-0.0016697076890704182,1.926935994781332e-05,-0.0016697076890704182,1.926935994781332e-05,0.011011045300896811,1.0972952522109716,constant_log_futures
2024-11-26,2274,2,-0.0014705760669465953,2.2787720119517813e-05,-0.0014705760669465953,2.2787720119517813e-05,0.004721323162302227,0.6825617251700793,constant_log_futures
2024-11-26,2275,3,-0.0032423066831792635,2.4901682083440795e-05,-0.0032423066831792635,2.4901682083440795e-05,0.00581707963746868,-1.0628457970706624,constant_log_futures
2024-11-27,2276,0,0.004223579069699064,1.1173454660279206e-05,0.004223579069699064,1.1173454660279206e-05,-0.06062078194156304,1.2635338859835819,constant_log_futures
2024-11-27,2277,1,0.006661394366427837,1.904467265263347e-05,0.006661394366427837,1.904467265263347e-05,-0.04514945070578867,0.9600917964993999,constant_log_futures
2024-11-27,2278,2,0.00840271912995819,2.275395194758058e-05,0.00840271912995819,2.275395194758058e-05,-0.02733684623613064,1.2200012652575087,constant_log_futures
2024-11-27,2279,3,0.008454930225020904,2.4870838051778128e-05,0.008454930225020904,2.4870838051778128e-05,-0.01528150351781556,0.1887505541624913,constant_log_futures
2024-11-28,2280,0,-0.003821205626969729,1.0528786258773734e-05,-0.003821205626969729,1.0528786258773734e-05,0.05827338581128837,-1.177636489410405,constant_log_futures
2024-11-28,2281,1,-0.0031396772338581477,1.8806445749101644e-05,-0.0031396772338581477,1.8806445749101644e-05,0.021888035573182515,0.9935821183580118,constant_log_futures
2024-11-28,2282,2,-0.0031849219066114667,2.2719469617362017e-05,-0.0031849219066114667,2.2719469617362017e-05,0.010501634394772945,0.5673943440842806,constant_log_futures
2024-11-28,2283,3,-0.00590988629477196,2.4840192798097643e-05,-0.00590988629477196,2.4840192798097643e-05,0.01076128549197282,-1.6722241177368744,constant_log_futures
2024-11-29,2284,0,0.0010660170584953178,9.86177955280246e-06,0.0010660170584953178,9.86177955280246e-06,-0.017340544151523838,0.3394583604210049,constant_log_futures
2024-11-29,2285,1,0.002798952826110878,1.855390775113754e-05,0.002798952826110878,1.855390775113754e-05,-0.020086602634442775,0.8834125114856649,constant_log_futures
2024-11-29,2286,2,0.004448052481627409,2.2684215669588713e-05,0.004448052481627409,2.2684215669588713e-05,-0.014867463089275175,1.3106989611543558,constant_log_futures
2024-11-29,2287,3,0.003641680429831533,2.48097488354303e-05,0.003641680429831533,2.48097488354303e-05,-0.006680977630668376,-0.3215270912147762,constant_log_futures
2024-12-02,2288,0,-0.0032669485947118505,9.174201377820956e-06,-0.0032669485947118505,9.174201377820956e-06,0.056938246936406534,-1.0785944133363023,constant_log_futures
2024-12-02,2289,1,-0.0024651585264078534,1.8286261335306843e-05,-0.0024651585264078534,1.8286261335306843e-05,0.018227232740712612,1.0690850450896296,constant_log_futures
2024-12-02,2290,2,-0.0010389403271260957,2.2648129005483332e-05,-0.0010389403271260957,2.2648129005483332e-05,0.003520853330816213,1.5885311722939877,constant_log_futures
2024-12-02,2291,3,-0.0027387277077971575,2.477950986519936e-05,-0.0027387277077971575,2.477950986519936e-05,0.005062496671988685,-0.8316357695257003,constant_log_futures
2024-12-03,2292,0,-0.0006232171368071113,8.468445261198225e-06,-0.0006232171368071113,8.468445261198225e-06,0.011697306260071937,-0.21415959872765936,constant_log_futures
2024-12-03,2293,1,0.0010702685027000388,1.8002684972262783e-05,0.0010702685027000388,1.8002684972262783e-05,-0.008160797333087796,1.1181613740952163,constant_log_futures
2024-12-03,2294,2,0.0020394331361462993,2.2611144424308332e-05,0.0020394331361462993,2.2611144424308332e-05,-0.007008756129854888,1.016344757874709,constant_log_futures
2024-12-03,2295,3,0.0008856487959120127,2.474947994499378e-05,0.0008856487959120127,2.474947994499378e-05,-0.0016496053908590161,-0.6041243582321864,constant_log_futures
2024-12-04,2296,0,-0.0009034991722709777,7.747651646891679e-06,-0.0009034991722709777,7.747651646891679e-06,0.018371149836176548,-0.32459566556192393,constant_log_futures
2024-12-04,2297,1,-0.00013387898448196517,1.7702335182350402e-05,-0.00013387898448196517,1.7702335182350402e-05,0.0010537571681806291,0.6367232309100225,constant_log_futures
2024-12-04,2298,2,0.0008699881187347984,2.257319198282952e-05,0.0008699881187347984,2.257319198282952e-05,-0.0030325300138755833,0.9403243413784714,constant_log_futures
2024-12-04,2299,3,-0.0008632295304350779,2.4719663271227904e-05,-0.0008632295304350779,2.4719663271227904e-05,0.0016202154263550692,-0.9493266441496386,constant_log_futures
2024-12-05,2300,0,-0.0006625692908943134,7.01584859689111e-06,-0.0006625692908943134,7.01584859689111e-06,0.014696991543473861,-0.250144638570722,constant_log_futures
2024-12-05,2301,1,0.00017811592837720623,1.7384349323626454e-05,0.00017811592837720623,1.7384349323626454e-05,-0.0014486762174679441,0.6256876735335914,constant_log_futures
2024-12-05,2302,2,0.0003821245958284085,2.2534196084265034e-05,0.0003821245958284085,2.2534196084265034e-05,-0.0013512811794511837,0.35437289404796113,constant_log_futures
2024-12-05,2303,3,-0.0016815863213423335,2.4690064032987597e-05,-0.0016815863213423335,2.4690064032987597e-05,0.003180674902383949,-1.2629519233824034,constant_log_futures
2024-12-06,2304,0,0.0012261360597457995,6.278116399648728e-06,0.0012261360597457995,6.278116399648728e-06,-0.02991771985779751,0.48935494710289784,constant_log_futures
2024-12-06,2305,1,0.0017463204395715172,1.7047848902497594e-05,0.0017463204395715172,1.7047848902497594e-05,-0.014693178870877593,-0.03280996770891146,constant_log_futures
2024-12-06,2306,2,0.003452540932246161,2.2494074167770993e-05,0.003452540932246161,2.2494074167770993e-05,-0.01238852922747152,0.9716554348968642,constant_log_futures
2024-12-06,2307,3,0.0019545482258893077,2.466068621649548e-05,0.0019545482258893077,2.466068621649548e-05,-0.0037258575556014927,-0.7600919294722963,constant_log_futures
2024-12-09,2308,0,-0.003982217818778069,5.5407801505743304e-06,-0.003982217818778069,5.5407801505743304e-06,0.10796234975353877,-1.6917631157488304,constant_log_futures
2024-12-09,2309,1,-0.004005849029388049,1.6691943400891457e-05,-0.004005849029388049,1.6691943400891457e-05,0.03490811297038157,1.094438885514921,constant_log_futures
2024-12-09,2310,2,-0.003640901178376458,2.2452734814457462e-05,-0.003640901178376458,2.2452734814457462e-05,0.013259401306326203,1.0404881580914933,constant_log_futures
2024-12-09,2311,3,-0.005163009739903253,2.4631533309414715e-05,-0.005163009739903253,2.4631533309414715e-05,0.009919483279814125,-0.8082324251711469,constant_log_futures
2024-12-10,2312,0,0.0033303210656194667,4.811635076692614e-06,0.0033303210656194667,4.811635076692614e-06,-0.10157479250139373,1.5182376719846145,constant_log_futures
2024-12-10,2313,1,0.004755960266531963,1.6315734608345405e-05,0.004755960266531963,1.6315734608345405e-05,-0.04297978907532589,-0.28501351696827865,constant_log_futures
2024-12-10,2314,2,0.007143602223608419,2.2410075010598567e-05,0.007143602223608419,2.2410075010598567e-05,-0.026409680947885667,0.9585909533598088,constant_log_futures
2024-12-10,2315,3,0.005956219985265757,2.4602607856211206e-05,0.005956219985265757,2.4602607856211206e-05,-0.011534267273054321,-0.5628137247575189,constant_log_futures
2024-12-11,2316,0,-0.0015344409099494645,4.1002101577245025e-06,-0.0015344409099494645,4.1002101577245025e-06,0.05348622600395276,-0.7577869294681363,constant_log_futures
2024-12-11,2317,1,-0.0019930998631617217,1.591832145986174e-05,-0.0019930998631617217,1.591832145986174e-05,0.01870447563890231,0.2725957362837166,constant_log_futures
2024-12-11,2318,2,-0.0011276578555975431,2.2365976210695875e-05,-0.0011276578555975431,2.2365976210695875e-05,0.004233054104089239,0.8922111114358242,constant_log_futures
2024-12-11,2319,3,-0.0021577179250115985,2.4573910802034396e-05,-0.0021577179250115985,2.4573910802034396e-05,0.004211865389622641,-0.4894066607775031,constant_log_futures
2024-12-12,2320,0,-0.0002609230311292699,3.4180763983073676e-06,-0.0002609230311292699,3.4180763983073676e-06,0.010610869932590309,-0.14113071192034074,constant_log_futures
2024-12-12,2321,1,0.0006436811397548467,1.5498805444935245e-05,0.0006436811397548467,1.5498805444935245e-05,-0.006282327924007304,0.4916585212070234,constant_log_futures
2024-12-12,2322,2,0.0013056446955220617,2.232029872470958e-05,0.0013056446955220617,2.232029872470958e-05,-0.00497777040167786,0.4952903103173375,constant_log_futures
2024-12-12,2323,3,-0.0004214817292021132,2.4545440543033842e-05,-0.0004214817292021132,2.4545440543033842e-05,0.000829367273591255,-1.0049184911974574,constant_log_futures
2024-12-13,2325,0,0.0014794305983172884,1.5056296830954594e-05,0.0014794305983172884,1.5056296830954594e-05,-0.015040877749559098,0.38127252684233476,constant_log_futures
2024-12-13,2326,1,0.0012488365075625334,2.2272873830244244e-05,0.0012488365075625334,2.2272873830244244e-05,-0.004836763616591399,-0.2771003843965244,constant_log_futures
2024-12-13,2327,2,-0.0010332521609180828,2.4517191579620805e-05,-0.0010332521609180828,2.4517191579620805e-05,0.0020497034736911566,-1.4709986980609768,constant_log_futures
2024-12-16,2329,0,-0.0023645159981095037,1.46123388751945e-05,-0.0023645159981095037,1.46123388751945e-05,0.025084430588639954,-0.6185607929224808,constant_log_futures
2024-12-16,2330,1,-0.0025235632472469707,2.2235924347456416e-05,-0.0025235632472469707,2.2235924347456416e-05,0.009931442456907432,0.13429085212572145,constant_log_futures
2024-12-16,2331,2,-0.005011081233660106,2.448926613199608e-05,-0.005011081233660106,2.448926613199608e-05,0.010022162467320211,-1.487819530489467,constant_log_futures
2024-12-17,2333,0,0.0014110912554827658,1.4116099586446792e-05,0.0014110912554827658,1.4116099586446792e-05,-0.01565028483353613,0.3755759234723296,constant_log_futures
2024-12-17,2334,1,0.0022649778070999473,2.2181053661976223e-05,0.0022649778070999473,2.2181053661976223e-05,-0.009059911228399789,0.3716438283012318,constant_log_futures
2024-12-17,2335,2,0.0012829549445379992,2.446423381665209e-05,0.0012829549445379992,2.446423381665209e-05,-0.0025871157559278664,-0.5512582605876127,constant_log_futures
2024-12-18,2337,0,-0.0012535327378109312,1.3593338537117873e-05,-0.0012535327378109312,1.3593338537117873e-05,0.014564856572660344,-0.33999506565640264,constant_log_futures
2024-12-18,2338,1,-0.0007375992445983245,2.212363739221378e-05,-0.0007375992445983245,2.212363739221378e-05,0.0029995702613665196,0.46291816941284336,constant_log_futures
2024-12-18,2339,2,-0.0015091626468366412,2.443649150595071e-05,-0.0015091626468366412,2.443649150595071e-05,0.0030686307152345037,-0.3865037104096106,constant_log_futures
2024-12-19,2341,0,0.0023390893543259383,1.3045088168800389e-05,0.0023390893543259383,1.3045088168800389e-05,-0.02853689012277645,0.6476245492284589,constant_log_futures
2024-12-19,2342,1,0.0033208232494097017,2.206361637623822e-05,0.0033208232494097017,2.206361637623822e-05,-0.013733574116202836,0.28620334603796777,constant_log_futures
2024-12-19,2343,2,0.003055963678751085,2.4408120639783815e-05,0.003055963678751085,2.4408120639783815e-05,-0.006266009559792141,-0.13652283419881459,constant_log_futures
2024-12-20,2345,0,-0.0030845929301632972,1.2471557754973468e-05,-0.0030845929301632972,1.2471557754973468e-05,0.03961266710314971,-0.8734489110784137,constant_log_futures
2024-12-20,2346,1,-0.0029363205809248283,2.200083108080923e-05,-0.0029363205809248283,2.200083108080923e-05,0.012352796926649279,0.5295654195649052,constant_log_futures
2024-12-20,2347,2,-0.003349952672791763,2.4379722337958333e-05,-0.003349952672791763,2.4379722337958333e-05,0.0069270207810270355,-0.1401696869182019,constant_log_futures
2024-12-23,2348,0,0.0008852058769322647,1.1872958830838804e-05,0.0008852058769322647,1.1872958830838804e-05,-0.011999457442859587,0.2569004160580116,constant_log_futures
2024-12-23,2349,1,0.0021533026259309383,1.936418595591372e-05,0.0021533026259309383,1.936418595591372e-05,-0.014200157857490512,0.6981582143915844,constant_log_futures
2024-12-23,2350,2,0.002974741131257584,2.1935095688244315e-05,0.002974741131257584,2.1935095688244315e-05,-0.01273397957941843,0.8373710070624729,constant_log_futures
2024-12-23,2351,3,0.0022180759689823075,2.4351457915301856e-05,0.0022180759689823075,2.4351457915301856e-05,-0.0046257310806126755,-0.3150056074280619,constant_log_futures
2024-12-24,2352,0,-0.0009442114491334838,1.1158582436626065e-05,-0.0009442114491334838,1.1158582436626065e-05,0.013552211387562945,-0.28266025674309564,constant_log_futures
2024-12-24,2353,1,-0.0006695139510983165,1.901836151380793e-05,-0.0006695139510983165,1.901836151380793e-05,0.004537816779666367,0.30052322736142456,constant_log_futures
2024-12-24,2354,2,0.0004837839479809175,2.177022586923327e-05,0.0004837839479809175,2.177022586923327e-05,-0.002107915773345426,1.0404052552744176,constant_log_futures
2024-12-24,2355,3,-0.00024634519247573525,2.4311437772234168e-05,-0.00024634519247573525,2.4311437772234168e-05,0.0005181743703799948,-0.1755945697881566,constant_log_futures
2024-12-25,2356,0,0.002283942347426704,1.0512023135631305e-05,0.002283942347426704,1.0512023135631305e-05,-0.03483012079825723,0.7044367147032015,constant_log_futures
2024-12-25,2357,1,0.002593632127317916,1.8777875233394616e-05,0.002593632127317916,1.8777875233394616e-05,-0.018081321116159187,-0.1484527892434108,constant_log_futures
2024-12-25,2358,2,0.0033922338508714147,2.1695138187146545e-05,0.0033922338508714147,2.1695138187146545e-05,-0.015049182902047731,0.39126680904567035,constant_log_futures
2024-12-25,2359,3,0.0029246486225014932,2.4275102099700524e-05,0.0029246486225014932,2.4275102099700524e-05,-0.0062053414251336024,-0.20681547519793111,constant_log_futures
2024-12-26,2360,0,-0.0022145368000397957,9.845067822087922e-06,-0.0022145368000397957,9.845067822087922e-06,0.03602313194731401,-0.705786822287142,constant_log_futures
2024-12-26,2361,1,-0.0022393876453036185,1.852425989099029e-05,-0.0022393876453036185,1.852425989099029e-05,0.01607089957217891,0.347495104934997,constant_log_futures
2024-12-26,2362,2,-0.001941546253723345,2.1616295026794046e-05,-0.001941546253723345,2.1616295026794046e-05,0.00877291270200919,0.5081779001107604,constant_log_futures
2024-12-26,2363,3,-0.002104309258941995,2.4244911936445568e-05,-0.002104309258941995,2.4244911936445568e-05,0.004503960168261814,0.05248618665162395,constant_log_futures
2024-12-27,2364,0,-0.0006047604589803509,9.158005374931365e-06,-0.0006047604589803509,9.158005374931365e-06,0.010540110856514687,-0.19984023923017263,constant_log_futures
2024-12-27,2365,1,0.00013806752903680608,1.8255734297438203e-05,0.00013806752903680608,1.8255734297438203e-05,-0.0010208629419691116,0.5539158867879121,constant_log_futures
2024-12-27,2366,2,0.0007274471264449023,2.1533340721843973e-05,0.0007274471264449023,2.1533340721843973e-05,-0.003349001865142569,0.669901377654412,constant_log_futures
2024-12-27,2367,3,0.00020180552076003166,2.4216491728050632e-05,0.00020180552076003166,2.4216491728050632e-05,-0.00043575705367652855,-0.17672050108663795,constant_log_futures
2024-12-30,2368,0,0.001630628553021333,8.452942174927201e-06,0.001630628553021333,8.452942174927201e-06,-0.03060564361055425,0.5608556428274495,constant_log_futures
2024-12-30,2369,1,0.0019418254652765338,1.7971288378144062e-05,0.0019418254652765338,1.7971288378144062e-05,-0.01480641917273357,-0.1383291713191062,constant_log_futures
2024-12-30,2370,2,0.002898812293079497,2.144598067341556e-05,0.002898812293079497,2.144598067341556e-05,-0.013602119221373025,0.5170120221122504,constant_log_futures
2024-12-30,2371,3,0.0022146553542811663,2.4188634477653162e-05,0.0022146553542811663,2.4188634477653162e-05,-0.004824784878969684,-0.306237081895913,constant_log_futures
2024-12-31,2372,0,-0.003191866966180719,7.732957764376346e-06,-0.003191866966180719,7.732957764376346e-06,0.06490129497900796,-1.1478151772628769,constant_log_futures
2024-12-31,2373,1,-0.004208083854599033,1.7670029287654525e-05,-0.004208083854599033,1.7670029287654525e-05,0.033121692274908514,0.10462503976052286,constant_log_futures
2024-12-31,2374,2,-0.0036227339084063965,2.135390654436363e-05,-0.0036227339084063965,2.135390654436363e-05,0.017332295561787465,0.780426267962535,constant_log_futures
2024-12-31,2375,3,-0.004138678976192731,2.41610426844599e-05,-0.004138678976192731,2.41610426844599e-05,0.009097636668387624,-0.03608298673555683,constant_log_futures
2025-01-02,2376,0,0.0008790146840185957,7.002072755497998e-06,0.0008790146840185957,7.002072755497998e-06,-0.01949814390004885,0.332187143829208,constant_log_futures
2025-01-02,2377,1,0.0015470116573715496,1.735108123631779e-05,0.0015470116573715496,1.735108123631779e-05,-0.01258236147995527,0.1662371370969946,constant_log_futures
2025-01-02,2378,2,0.0016677679966917037,2.125679067216075e-05,0.0016677679966917037,2.125679067216075e-05,-0.008138707823855514,0.034469410854898214,constant_log_futures
2025-01-02,2379,3,-9.840064826183159e-05,2.4133642015750385e-05,-9.840064826183159e-05,2.4133642015750385e-05,0.00021827052887169916,-1.135427728609,constant_log_futures
2025-01-03,2380,0,0.003024609020286198,6.2653721191683905e-06,0.003024609020286198,6.2653721191683905e-06,-0.07380046009498323,1.2083585182216139,constant_log_futures
2025-01-03,2381,1,0.003506155721693492,1.701356353732429e-05,0.003506155721693492,1.701356353732429e-05,-0.029500068830800415,-0.5137046996915267,constant_log_futures
2025-01-03,2382,2,0.004355323532942001,2.1154282682885324e-05,0.004355323532942001,2.1154282682885324e-05,-0.021687733510976494,0.11772612162414298,constant_log_futures
2025-01-03,2383,3,0.004248618059424888,2.4106413077487213e-05,0.004248618059424888,2.4106413077487213e-05,-0.009510667949538282,-0.0774057698533832,constant_log_futures
2025-01-06,2384,0,-0.0010640185780850912,5.529186873257739e-06,-0.0010640185780850912,5.529186873257739e-06,0.028846725894751363,-0.4524999929640557,constant_log_futures
2025-01-06,2385,1,-0.0021173361570040097,1.6656588700696987e-05,-0.0021173361570040097,1.6656588700696987e-05,0.018451072225320657,-0.25402399649443785,constant_log_futures
2025-01-06,2386,2,-0.001541988504318196,2.1046006180092182e-05,-0.001541988504318196,2.1046006180092182e-05,0.007838441563617496,0.5065915293692717,constant_log_futures
2025-01-06,2387,3,-0.0022488057869365675,2.407934957917423e-05,-0.0022488057869365675,2.407934957917423e-05,0.0050806352964122455,-0.2437556066097447,constant_log_futures
2025-01-07,2388,0,-0.0017225676465963125,4.801315257966905e-06,-0.0017225676465963125,4.801315257966905e-06,0.05253831322118753,-0.786133266430584,constant_log_futures
2025-01-07,2389,1,-0.0024869060796081826,1.627926637688217e-05,-0.0024869060796081826,1.627926637688217e-05,0.022474262349051723,0.1332230087263057,constant_log_futures
2025-01-07,2390,2,-0.0016634482548727788,2.093155474994825e-05,-0.0016634482548727788,2.093155474994825e-05,0.008635773918914002,0.8731469906735058,constant_log_futures
2025-01-07,2391,3,-0.0022891245124989773,2.4052447509381005e-05,-0.0022891245124989773,2.4052447509381005e-05,0.005220059635978976,-0.09977205968566637,constant_log_futures
2025-01-08,2392,0,-0.001543208910077891,4.0912830774854156e-06,-0.001543208910077891,4.0912830774854156e-06,0.05379185343700077,-0.7629480324592752,constant_log_futures
2025-01-08,2393,1,-0.0011598631958655145,1.5880709622102555e-05,-0.0011598631958655145,1.5880709622102555e-05,0.010884869991968676,0.6741428891118488,constant_log_futures
2025-01-08,2394,2,-0.0003854082992307221,2.0810486788244343e-05,-0.0003854082992307221,2.0810486788244343e-05,0.0020443396741803522,0.8972038766199825,constant_log_futures
2025-01-08,2395,3,-0.0010266404168534186,2.4025701892046032e-05,-0.0010266404168534186,2.4025701892046032e-05,0.0023632100161531523,-0.1545887965722765,constant_log_futures
2025-01-09,2396,0,-0.0033374348106079473,3.4106478818691112e-06,-0.0033374348106079473,3.4106478818691112e-06,0.13572234896472318,-1.8071506116987792,constant_log_futures
2025-01-09,2397,1,-0.0027033966780575704,1.5460042743250004e-05,-0.0027033966780575704,1.5460042743250004e-05,0.026385151577841888,1.4014915953649125,constant_log_futures
2025-01-09,2398,2,-0.002443685301747857,2.068231867343036e-05,-0.002443685301747857,2.068231867343036e-05,0.013250204747255046,0.9382798926370387,constant_log_futures
2025-01-09,2399,3,-0.003102722406267005,2.399910525882744e-05,-0.003102722406267005,2.399910525882744e-05,0.007210135877420469,-0.13662417028385151,constant_log_futures
2025-01-10,2401,0,0.002259661985565417,1.5016410839057598e-05,0.002259661985565417,1.5016410839057598e-05,-0.02297323018658174,0.5831233183117048,constant_log_futures
2025-01-10,2402,1,0.003740730049746604,2.0546515766771427e-05,0.003740730049746604,2.0546515766771427e-05,-0.02074404845768571,0.830100758862017,constant_log_futures
2025-01-10,2403,2,0.0025509080752575894,2.3972646305266433e-05,0.0025509080752575894,2.3972646305266433e-05,-0.005984822791950499,-0.5951693053199312,constant_log_futures
2025-01-13,2405,0,0.0011369446864850277,1.4565956443047399e-05,0.0011369446864850277,1.4565956443047399e-05,-0.012061500152275946,0.29789954017999504,constant_log_futures
2025-01-13,2406,1,0.0022872254302347683,2.0417209740094712e-05,0.0022872254302347683,2.0417209740094712e-05,-0.012978674534355429,0.6737449154031099,constant_log_futures
2025-01-13,2407,2,0.0021631161302430764,2.3946360570268597e-05,0.0021631161302430764,2.3946360570268597e-05,-0.005124275104653501,0.05355278234189595,constant_log_futures
2025-01-14,2409,0,0.002500831075700423,1.4069778156901066e-05,0.002500831075700423,1.4069778156901066e-05,-0.027736490112313782,0.6667157771880313,constant_log_futures
2025-01-14,2410,1,0.00339920066021335,2.026045693014267e-05,0.00339920066021335,2.026045693014267e-05,-0.01974773716885851,0.37767709984473347,constant_log_futures
2025-01-14,2411,2,0.00316222907511517,2.3922618512430145e-05,0.00316222907511517,2.3922618512430145e-05,-0.007564547983608838,-0.14692343686489895,constant_log_futures
2025-01-15,2413,0,-0.0021620201471288505,1.3547912880149708e-05,-0.0021620201471288505,1.3547912880149708e-05,0.025120615042830453,-0.5873859295295871,constant_log_futures
2025-01-15,2414,1,-0.0015340352864778575,2.009394968878053e-05,-0.0015340352864778575,2.009394968878053e-05,0.00912938072928286,0.6121248309409547,constant_log_futures
2025-01-15,2415,2,-0.0023414245321506343,2.389653212862198e-05,-0.0023414245321506343,2.389653212862198e-05,0.005656510750938166,-0.2539606229783613,constant_log_futures
2025-01-16,2417,0,-0.0024158304651920913,1.3000802137119374e-05,-0.0024158304651920913,1.3000802137119374e-05,0.029473131675343517,-0.6700101460937622,constant_log_futures
2025-01-16,2418,1,-0.0010307042671464598,1.99173460314848e-05,-0.0010307042671464598,1.99173460314848e-05,0.006287296029593405,1.1450796548758635,constant_log_futures
2025-01-16,2419,2,-0.0016303626987620862,2.3869705012045184e-05,-0.0016303626987620862,2.3869705012045184e-05,0.00397808498497949,0.015012758110254681,constant_log_futures
2025-01-17,2421,0,0.0018938836412280965,1.2428546471626553e-05,0.0018938836412280965,1.2428546471626553e-05,-0.024321453076823974,0.537208805296129,constant_log_futures
2025-01-17,2422,1,0.0034337819319676622,1.973009109275762e-05,0.0034337819319676622,1.973009109275762e-05,-0.021483148497438705,0.7674037268148434,constant_log_futures
2025-01-17,2423,2,0.0033226182563637734,2.3842703063201786e-05,0.0033226182563637734,2.3842703063201786e-05,-0.008189079338916775,0.017685190602782036,constant_log_futures
2025-01-20,2424,0,-0.0006651506950462907,1.1831347409559227e-05,-0.0006651506950462907,1.1831347409559227e-05,0.009016487199516384,-0.1933761661689351,constant_log_futures
2025-01-20,2425,1,0.0005132176086026646,1.9531561074970633e-05,0.0005132176086026646,1.9531561074970633e-05,-0.003295397276290794,0.8289704554519208,constant_log_futures
2025-01-20,2426,2,0.0005244743993230369,2.3815703556734025e-05,0.0005244743993230369,2.3815703556734025e-05,-0.0013058342187226633,0.22757838121668497,constant_log_futures
2025-01-20,2427,3,0.0015081773146589303,2.718834755346813e-05,0.0015081773146589303,2.718834755346813e-05,-0.002257639661207233,0.4888905772194184,constant_log_futures
2025-01-21,2428,0,-0.00011062635712449269,1.1205436190408481e-05,-0.00011062635712449269,1.1205436190408481e-05,0.0015878135963750717,-0.03304792741365206,constant_log_futures
2025-01-21,2429,1,0.0003086022608926216,1.931816121927919e-05,0.0003086022608926216,1.931816121927919e-05,-0.002035106801562153,0.27815359063647066,constant_log_futures
2025-01-21,2430,2,-0.0007809448630546646,2.3435233594562e-05,-0.0007809448630546646,2.3435233594562e-05,0.001964438624591115,-0.6200306334184532,constant_log_futures
2025-01-21,2431,3,0.0007358381950700738,2.582327404167368e-05,0.0007358381950700738,2.582327404167368e-05,-0.0011082995036857902,0.8726709232251203,constant_log_futures
2025-01-22,2432,0,0.002075033540365412,1.0546632504662209e-05,0.002075033540365412,1.0546632504662209e-05,-0.031644261490572534,0.6389519711394973,constant_log_futures
2025-01-22,2433,1,0.0023739656799311665,1.908176362261268e-05,0.0023739656799311665,1.908176362261268e-05,-0.016090211830644574,-0.13494131463591344,constant_log_futures
2025-01-22,2434,2,0.001526832382870106,2.340750197128591e-05,0.001526832382870106,2.340750197128591e-05,-0.003880698973128186,-0.7270569562433303,constant_log_futures
2025-01-22,2435,3,0.003304925390732981,2.5745458463176722e-05,0.003304925390732981,2.5745458463176722e-05,-0.005008706803346878,1.0540192546125597,constant_log_futures
2025-01-23,2436,0,-0.000823473456648724,9.877347724625524e-06,-0.000823473456648724,9.877347724625524e-06,0.013395168228152577,-0.2620169780388648,constant_log_futures
2025-01-23,2437,1,-0.0005624150382222068,1.8842943846186402e-05,-0.0005624150382222068,1.8842943846186402e-05,0.003920836266463385,0.2979176894143251,constant_log_futures
2025-01-23,2438,2,-0.0014311744415998542,2.338122869538574e-05,-0.0014311744415998542,2.338122869538574e-05,0.00367585856579331,-0.42100256905457634,constant_log_futures
2025-01-23,2439,3,-0.0015144890774016553,2.5705834777497668e-05,-0.0015144890774016553,2.5705834777497668e-05,0.0023095958430375246,-0.11150988444438512,constant_log_futures
2025-01-24,2440,0,0.004265823819222391,9.188999825923197e-06,0.004265823819222391,9.188999825923197e-06,-0.07434721513501881,1.4072420156017886,constant_log_futures
2025-01-24,2441,1,0.006287583781354964,1.85915032717483e-05,0.006287583781354964,1.85915032717483e-05,-0.045122660077959155,0.4158389536573953,constant_log_futures
2025-01-24,2442,2,0.00529266768854901,2.3355173981813747e-05,0.00529266768854901,2.3355173981813747e-05,-0.01373841400006339,-0.9054964634785511,constant_log_futures
2025-01-24,2443,3,0.006240964884319564,2.5670999149905776e-05,0.006240964884319564,2.5670999149905776e-05,-0.00957732975958474,0.4891223634962923,constant_log_futures
2025-01-27,2444,0,-0.003991304649281202,8.482604004870094e-06,-0.003991304649281202,8.482604004870094e-06,0.07491371803266256,-1.3704092500142595,constant_log_futures
2025-01-27,2445,1,-0.005580249078971494,1.832528092755879e-05,-0.005580249078971494,1.832528092755879e-05,0.04126002349300135,-0.11858945761397838,constant_log_futures
2025-01-27,2446,2,-0.005702390559726028,2.3329237074782514e-05,-0.005702390559726028,2.3329237074782514e-05,0.014961110715840331,0.2729619910515655,constant_log_futures
2025-01-27,2447,3,-0.0047725058429519615,2.5636984182463682e-05,-0.0047725058429519615,2.5636984182463682e-05,0.007370198896710624,0.6025099120527885,constant_log_futures
2025-02-05,2448,0,0.0002517207024253546,7.761112756250763e-06,0.0002517207024253546,7.761112756250763e-06,-0.0051183209493155446,0.0903559878690857,constant_log_futures
2025-02-05,2449,1,0.0007015189079905438,1.8043267984729835e-05,0.0007015189079905438,1.8043267984729835e-05,-0.005349081673427896,0.20074337106624374,constant_log_futures
2025-02-05,2450,2,-8.288261147596301e-05,2.3303407610037147e-05,-8.288261147596301e-05,2.3303407610037147e-05,0.00021981910000146713,-0.4829761993253096,constant_log_futures
2025-02-05,2451,3,0.00020140333431094282,2.560326563486737e-05,0.00020140333431094282,2.560326563486737e-05,-0.00031300900364248437,0.12229024410254472,constant_log_futures
2025-02-06,2452,0,-0.00048789992973974025,7.0285204631600095e-06,-0.00048789992973974025,7.0285204631600095e-06,0.010822507532408784,-0.18403431065862277,constant_log_futures
2025-02-06,2453,1,-0.0002664679615436141,1.7744594983836872e-05,-0.0002664679615436141,1.7744594983836872e-05,0.0020973607295690917,0.24087046920559962,constant_log_futures
2025-02-06,2454,2,-0.001058652196208175,2.327768552675005e-05,-0.001058652196208175,2.327768552675005e-05,0.0028385839107120292,-0.3995053521149219,constant_log_futures
2025-02-06,2455,3,-0.00037460556044597443,2.5569777060310895e-05,-0.00037460556044597443,2.5569777060310895e-05,0.0005859215176206266,0.37447464517040446,constant_log_futures
2025-02-07,2456,0,0.0015747554275586662,6.28989433265303e-06,0.0015747554275586662,6.28989433265303e-06,-0.038424032432431456,0.6279013822207826,constant_log_futures
2025-02-07,2457,1,0.002611361703499451,1.7428392757424307e-05,0.002611361703499451,1.7428392757424307e-05,-0.0212390751884622,0.14242197497841413,constant_log_futures
2025-02-07,2458,2,0.002308570880472094,2.3252071166841426e-05,0.002308570880472094,2.3252071166841426e-05,-0.006258792164835454,-0.36936613748717545,constant_log_futures
2025-02-07,2459,3,0.0029568656961719703,2.5536514439245967e-05,0.0029568656961719703,2.5536514439245967e-05,-0.004654678902361037,0.36855331487467907,constant_log_futures
2025-02-10,2460,0,-0.0034414297329660487,5.551550292303568e-06,-0.0034414297329660487,5.551550292303568e-06,0.093300983871524,-1.4606015840713698,constant_log_futures
2025-02-10,2461,1,-0.004326495685249889,1.7093773869465332e-05,-0.004326495685249889,1.7093773869465332e-05,0.03640223955865424,0.5230386703731222,constant_log_futures
2025-02-10,2462,2,-0.005282825148912356,2.3226563088721058e-05,-0.005282825148912356,2.3226563088721058e-05,0.014483250970051853,-0.03528618317915401,constant_log_futures
2025-02-10,2463,3,-0.00422490024438147,2.5503482193314336e-05,-0.00422490024438147,2.5503482193314336e-05,0.006693997789799212,0.6106703008165394,constant_log_futures
2025-02-11,2464,0,0.001569647679266898,4.821277568694254e-06,0.001569647679266898,4.821277568694254e-06,-0.04787425421764038,0.714860193998163,constant_log_futures
2025-02-11,2465,1,0.0013996045802132416,1.673983077046783e-05,0.0013996045802132416,1.673983077046783e-05,-0.012196554199001106,-0.5657305046872779,constant_log_futures
2025-02-11,2466,2,0.0005825798399666168,2.3201156198900965e-05,0.0005825798399666168,2.3201156198900965e-05,-0.0016153350108165285,-0.8062832061998209,constant_log_futures
2025-02-11,2467,3,0.0013190524225542288,2.5470685299034505e-05,0.0013190524225542288,2.5470685299034505e-05,-0.002103586869955764,0.4181545033214494,constant_log_futures
2025-02-12,2468,0,-0.0003614396413705995,4.108604520250604e-06,-0.0003614396413705995,4.108604520250604e-06,0.012598753213489468,-0.1783153017549477,constant_log_futures
2025-02-12,2469,1,-0.0007811758736400798,1.636563584550421e-05,-0.0007811758736400798,1.636563584550421e-05,0.007059515302525166,-0.07882120813023144,constant_log_futures
2025-02-12,2470,2,-0.0012139378200930369,2.3175839048446106e-05,-0.0012139378200930369,2.3175839048446106e-05,0.0034046072195712757,-0.20284958807123804,constant_log_futures
2025-02-12,2471,3,-0.0015193675808404458,2.543812754317946e-05,-0.0015193675808404458,2.543812754317946e-05,0.0024389848008228208,-0.20511931798139335,constant_log_futures
2025-02-13,2472,0,0.002775774387250881,3.4251107005613316e-06,0.002775774387250881,3.4251107005613316e-06,-0.1128814917482025,1.4998466513905728,constant_log_futures
2025-02-13,2473,1,0.0035027557879802476,1.59702410002587e-05,0.0035027557879802476,1.59702410002587e-05,-0.03287201585643002,-0.6329799602054191,constant_log_futures
2025-02-13,2474,2,0.0028789556458638232,2.3150589778934217e-05,0.0028789556458638232,2.3150589778934217e-05,-0.008168199739427591,-0.9429102378841507,constant_log_futures
2025-02-13,2475,3,0.002320762887686491,2.5405810320096303e-05,0.002320762887686491,2.5405810320096303e-05,-0.0037501069178510183,-0.3785760823526575,constant_log_futures
2025-02-14,2477,0,-0.0007726269081959891,1.5552676340699825e-05,-0.0007726269081959891,1.5552676340699825e-05,0.007540838623992853,-0.1959148076422996,constant_log_futures
2025-02-14,2478,1,-0.001993563024251136,2.3125370166262293e-05,-0.001993563024251136,2.3125370166262293e-05,0.005722698563732673,-0.652260969698724,constant_log_futures
2025-02-14,2479,2,-0.001717661704562383,2.5373731056077632e-05,-0.001717661704562383,2.5373731056077632e-05,0.0027940630394214763,0.11379498533670077,constant_log_futures
2025-02-17,2481,0,-0.0028301176442353873,1.514144709152728e-05,-0.0028301176442353873,1.514144709152728e-05,0.028772862716393104,-0.7273120739726239,constant_log_futures
2025-02-17,2482,1,-0.00425532554939342,2.310980157416283e-05,-0.00425532554939342,2.310980157416283e-05,0.012360707548238032,-0.5757371398818502,constant_log_futures
2025-02-17,2483,2,-0.0046379527502191376,2.53425617409298e-05,-0.0046379527502191376,2.53425617409298e-05,0.007595036718479662,-0.2800003857356283,constant_log_futures
2025-02-18,2485,0,0.004495001721205977,1.4669858013701148e-05,0.004495001721205977,1.4669858013701148e-05,-0.04768610521627211,1.1735913697067437,constant_log_futures
2025-02-18,2486,1,0.0038546628723051847,2.3081824578323256e-05,0.0038546628723051847,2.3081824578323256e-05,-0.011331780010150182,-0.8101265609456506,constant_log_futures
2025-02-18,2487,2,0.0039012612931900587,2.5313447787860058e-05,0.0039012612931900587,2.5313447787860058e-05,-0.00643180915904307,-0.02924358631348359,constant_log_futures
2025-02-19,2489,0,-0.0018745231471564549,1.4171543886541043e-05,-0.0018745231471564549,1.4171543886541043e-05,0.020790165813917044,-0.4979459730878326,constant_log_futures
2025-02-19,2490,1,-0.002900160667127883,2.3053623273021835e-05,-0.002900160667127883,2.3053623273021835e-05,0.008629746375356141,-0.3853974820936606,constant_log_futures
2025-02-19,2491,2,-0.0026581516178809036,2.5281612649029294e-05,-0.0026581516178809036,2.5281612649029294e-05,0.004412170032400956,0.11631886220315169,constant_log_futures
2025-02-20,2493,0,-0.005183264796654127,1.3647973548246264e-05,-0.005183264796654127,1.3647973548246264e-05,0.06022460049445748,-1.403037600813926,constant_log_futures
2025-02-20,2494,1,-0.005946111121610989,2.3025207092222e-05,-0.005946111121610989,2.3025207092222e-05,0.017911742144112116,0.17961153370542363,constant_log_futures
2025-02-20,2495,2,-0.004995258515506529,2.524936817140442e-05,-0.004995258515506529,2.524936817140442e-05,0.008348240258791733,0.5829044705860911,constant_log_futures
2025-02-21,2497,0,0.003637135665442448,1.3099187688686615e-05,0.003637135665442448,1.3099187688686615e-05,-0.04437305511839787,1.004933486651371,constant_log_futures
2025-02-21,2498,1,0.0037429942768908223,2.299656199495214e-05,0.0037429942768908223,2.299656199495214e-05,-0.011416132544517009,-0.4120254778504342,constant_log_futures
2025-02-21,2499,2,0.004261152345744493,2.5217212359705483e-05,0.004261152345744493,2.5217212359705483e-05,-0.007170490843873491,0.29116531154838315,constant_log_futures
2025-02-24,2500,0,-0.007296191976311047,1.2525130113766628e-05,-0.007296191976311047,1.2525130113766628e-05,0.0936984653799945,-2.0616034366728506,constant_log_futures
2025-02-24,2501,1,-0.0074219041298455475,1.9649188154485313e-05,-0.0074219041298455475,1.9649188154485313e-05,0.04765643704427141,0.7327115164808088,constant_log_futures
2025-02-24,2502,2,-0.009212797549095032,2.296767214169489e-05,-0.009212797549095032,2.296767214169489e-05,0.02845471648074921,-0.5951869571961208,constant_log_futures
2025-02-24,2503,3,-0.00899944016767859,2.518525029064644e-05,-0.00899944016767859,2.518525029064644e-05,0.015249051395233167,-0.02931674906036972,constant_log_futures
2025-02-25,2504,0,0.000740054679003125,1.179951247428813e-05,0.000740054679003125,1.179951247428813e-05,-0.010031852315375693,0.21544269690987222,constant_log_futures
2025-02-25,2505,1,0.002680567288632609,1.9276897277575326e-05,0.002680567288632609,1.9276897277575326e-05,-0.017677254552063693,1.1448948293996324,constant_log_futures
2025-02-25,2506,2,-0.00016277940510717182,2.2856360300137842e-05,-0.00016277940510717182,2.2856360300137842e-05,0.0005092073698224348,-1.677741690674425,constant_log_futures
2025-02-25,2507,3,-0.0010252254800539873,2.515123594688296e-05,-0.0010252254800539873,2.515123594688296e-05,0.001749335784148062,-0.897829655750435,constant_log_futures
2025-02-26,2508,0,-0.004647338121409604,1.1174877705274566e-05,-0.004647338121409604,1.1174877705274566e-05,0.06670297068376138,-1.3902179178136893,constant_log_futures
2025-02-26,2509,1,-0.004174483727387147,1.9049354981078468e-05,-0.004174483727387147,1.9049354981078468e-05,0.02829372304117955,0.9292236022111262,constant_log_futures
2025-02-26,2510,2,-0.0068718813271016616,2.2824286701917666e-05,-0.0068718813271016616,2.2824286701917666e-05,0.02177583173782864,-1.2624294366545166,constant_log_futures
2025-02-26,2511,3,-0.008614088209390178,2.510932116533057e-05,-0.008614088209390178,2.510932116533057e-05,0.014801672697825376,-1.3490324242830634,constant_log_futures
2025-02-27,2512,0,0.0010040434447123481,1.0529649402094027e-05,0.0010040434447123481,1.0529649402094027e-05,-0.015311662531863309,0.3094179821019251,constant_log_futures
2025-02-27,2513,1,0.0031828854338740303,1.8810734875321722e-05,0.0031828854338740303,1.8810734875321722e-05,-0.02218925845329324,1.2019856498858763,constant_log_futures
2025-02-27,2514,2,0.0008775967682069091,2.2791653133327728e-05,0.0008775967682069091,2.2791653133327728e-05,-0.0028175475189800765,-1.3286205711318961,constant_log_futures
2025-02-27,2515,3,0.0017172849289158326,2.5075832015737017e-05,0.0017172849289158326,2.5075832015737017e-05,-0.0029717554798259797,0.21061468208775874,constant_log_futures
2025-02-28,2516,0,0.005273183915797418,9.862527500840222e-06,0.005273183915797418,9.862527500840222e-06,-0.08577712503030467,1.6791086739818384,constant_log_futures
2025-02-28,2517,1,0.007142349375763472,1.855818067735505e-05,0.007142349375763472,1.855818067735505e-05,-0.05125686022606727,0.27582981438995646,constant_log_futures
2025-02-28,2518,2,0.00484627363682022,2.27584118355821e-05,0.00484627363682022,2.27584118355821e-05,-0.01576654356512178,-1.972065099848737,constant_log_futures
2025-02-28,2519,3,0.005684299964207981,2.5044047285791672e-05,0.005684299964207981,2.5044047285791672e-05,-0.009906922794762482,0.15997898745641012,constant_log_futures
2025-03-03,2520,0,-0.0025665441456415574,9.1749057290885e-06,-0.0025665441456415574,9.1749057290885e-06,0.04473119796689572,-0.847320928399845,constant_log_futures
2025-03-03,2521,1,-0.0016686553403056185,1.8290588172470715e-05,-0.0016686553403056185,1.8290588172470715e-05,0.012337936455593057,1.001080420743299,constant_log_futures
2025-03-03,2522,2,-0.004225912991408794,2.272450927404619e-05,-0.004225912991408794,2.272450927404619e-05,0.013934091485185752,-1.2513683564898168,constant_log_futures
2025-03-03,2523,3,-0.0028012173941427895,2.501272691219533e-05,-0.0028012173941427895,2.501272691219533e-05,0.0049172449220923784,0.6107371056008613,constant_log_futures
2025-03-04,2524,0,-0.004443790456230649,8.469115031307652e-06,-0.004443790456230649,8.469115031307652e-06,0.08340652856309834,-1.5269842446883513,constant_log_futures
2025-03-04,2525,1,-0.0034948162772801463,1.8007081325424926e-05,-0.0034948162772801463,1.8007081325424926e-05,0.026647974114261116,1.4349379688242825,constant_log_futures
2025-03-04,2526,2,-0.005546330460284018,2.268989203947729e-05,-0.005546330460284018,2.268989203947729e-05,0.01853841962067535,-0.5817294382787955,constant_log_futures
2025-03-04,2527,3,-0.004785516626851019,2.4981661137821796e-05,-0.004785516626851019,2.4981661137821796e-05,0.008461348238780064,0.2893020685866863,constant_log_futures
2025-03-05,2528,0,-0.0034407613613941235,7.748284888844851e-06,-0.0034407613613941235,7.748284888844851e-06,0.0699621476816805,-1.2360947513662102,constant_log_futures
2025-03-05,2529,1,-0.0010899928307649548,1.7706806592033425e-05,-0.0010899928307649548,1.7706806592033425e-05,0.008579298409891902,2.092462484763474,constant_log_futures
2025-03-05,2530,2,-0.004263464682742982,2.265450326331159e-05,-0.004263464682742982,2.265450326331159e-05,0.014448408091517883,-1.283397259323388,constant_log_futures
2025-03-05,2531,3,-0.004221744577699055,2.495081713789589e-05,-0.004221744577699055,2.495081713789589e-05,0.007519019539843572,-0.3075989326782723,constant_log_futures
2025-03-06,2532,0,0.001476680171402768,7.016441137483348e-06,0.001476680171402768,7.016441137483348e-06,-0.032755451074752306,0.557478342608151,constant_log_futures
2025-03-06,2533,1,0.004854422546025746,1.73888991436473e-05,0.004854422546025746,1.73888991436473e-05,-0.03948263670767607,1.5390523782380956,constant_log_futures
2025-03-06,2534,2,0.0024421395640887647,2.2618281368137705e-05,0.0024421395640887647,2.2618281368137705e-05,-0.008392704980812094,-1.5053056835152385,constant_log_futures
2025-03-06,2535,3,0.00280702023561568,2.4920192825217604e-05,0.00280702023561568,2.4920192825217604e-05,-0.005036124540369309,-0.1143133000092693,constant_log_futures
2025-03-07,2536,0,-0.00083241948971497,6.278663385102242e-06,-0.00083241948971497,6.278663385102242e-06,0.02031103554904527,-0.33220689336028,constant_log_futures
2025-03-07,2537,1,0.0009059926418348487,1.7052479542026794e-05,0.0009059926418348487,1.7052479542026794e-05,-0.0076228346416449344,1.1545649630408386,constant_log_futures
2025-03-07,2538,2,-0.002906280036509643,2.258115875293186e-05,-0.002906280036509643,2.258115875293186e-05,0.0101304618415479,-2.2343716641473006,constant_log_futures
2025-03-07,2539,3,-0.0030493577711628653,2.4889791359617235e-05,-0.0030493577711628653,2.4889791359617235e-05,0.005511431823435105,-0.5114419011531589,constant_log_futures
2025-03-10,2540,0,-0.007290231922355045,5.541276420262673e-06,-0.007290231922355045,5.541276420262673e-06,0.1976462876727368,-3.0969659975867763,constant_log_futures
2025-03-10,2541,1,-0.006128849708595299,1.6696656280906004e-05,-0.006128849708595299,1.6696656280906004e-05,0.05340854746061618,2.6330930461839217,constant_log_futures
2025-03-10,2542,2,-0.009583421616764308,2.254305992106836e-05,-0.009583421616764308,2.254305992106836e-05,0.033889201079572336,-0.7485060023234169,constant_log_futures
2025-03-10,2543,3,-0.009310201890392604,2.4859616414785545e-05,-0.009310201890392604,2.4859616414785545e-05,0.01695290493474474,-0.08216582176557975,constant_log_futures
2025-03-11,2544,0,0.00043006980830142573,4.812075410337617e-06,0.00043006980830142573,4.812075410337617e-06,-0.013117129153193484,0.1960526617910003,constant_log_futures
2025-03-11,2545,1,0.003691716974505304,1.632052978749207e-05,0.003691716974505304,1.632052978749207e-05,-0.03336218302886275,1.5005811701078962,constant_log_futures
2025-03-11,2546,2,0.001137416137599788,2.250389874912178e-05,0.001137416137599788,2.250389874912178e-05,-0.004081316729034534,-1.5954406130198433,constant_log_futures
2025-03-11,2547,3,0.0015389819748929598,2.482967095269182e-05,0.0015389819748929598,2.482967095269182e-05,-0.002823395502811144,-0.08370866975573711,constant_log_futures
2025-03-12,2548,0,-0.0005754984790219183,4.1005896047254805e-06,-0.0005754984790219183,4.1005896047254805e-06,0.020060232697335437,-0.28419800631939374,constant_log_futures
2025-03-12,2549,1,0.0009144203084811148,1.592319708414952e-05,0.0009144203084811148,1.592319708414952e-05,-0.008581482894976617,0.8911205552152272,constant_log_futures
2025-03-12,2550,2,-0.0022188668003349857,2.2463574524547042e-05,-0.0022188668003349857,2.2463574524547042e-05,0.008080649243010992,-1.8693931676626352,constant_log_futures
2025-03-12,2551,3,-0.0014088190742163748,2.4799956440276812e-05,-0.0014088190742163748,2.4799956440276812e-05,0.00260418071294542,0.16001342766944582,constant_log_futures
2025-03-13,2552,0,0.00018796376329166878,3.4183907610578223e-06,0.00018796376329166878,3.4183907610578223e-06,-0.007643859707194531,0.10166308364536164,constant_log_futures
2025-03-13,2553,1,0.0033396617136613304,1.550375702751954e-05,0.0033396617136613304,1.550375702751954e-05,-0.03259509832533458,1.3446354973332932,constant_log_futures
2025-03-13,2554,2,0.0011636512129349838,2.2421966261177656e-05,0.0011636512129349838,2.2421966261177656e-05,-0.004301983272062667,-1.4271265521452432,constant_log_futures
2025-03-13,2555,3,0.0034240710952502945,2.4770471895522856e-05,0.0034240710952502945,2.4770471895522856e-05,-0.006377659139244824,1.0936697812147966,constant_log_futures
2025-03-14,2557,0,0.006988044055271713,1.506131634469006e-05,0.006988044055271713,1.506131634469006e-05,-0.07104511456192908,1.8006287042389966,constant_log_futures
2025-03-14,2558,1,0.0065869797641757155,2.2378924673985142e-05,0.0065869797641757155,2.2378924673985142e-05,-0.024726508653213453,-0.8842691774483242,constant_log_futures
2025-03-14,2559,2,0.009628314319301473,2.474121256569244e-05,0.009628314319301473,2.474121256569244e-05,-0.01807160533776584,1.6573210415566628,constant_log_futures
2025-03-17,2561,0,-0.006980873196727928,1.4617924931087042e-05,-0.006980873196727928,1.4617924931087042e-05,0.07405795913050497,-1.8258575250793356,constant_log_futures
2025-03-17,2562,1,-0.009442404835541526,2.234700136780814e-05,-0.009442404835541526,2.234700136780814e-05,0.03599916843550207,-0.8230238469016371,constant_log_futures
2025-03-17,2563,2,-0.00939425909459747,2.4712362139826586e-05,-0.00939425909459747,2.4712362139826586e-05,0.017768986194432426,-0.05032244511877163,constant_log_futures
2025-03-18,2565,0,0.0008102167288698472,1.4121506431624903e-05,0.0008102167288698472,1.4121506431624903e-05,-0.008986040083829213,0.21560592525772057,constant_log_futures
2025-03-18,2566,1,6.862113956544041e-05,2.2297127826630032e-05,6.862113956544041e-05,2.2297127826630032e-05,-0.00026577076276138826,-0.5415961208044585,constant_log_futures
2025-03-18,2567,2,0.00024828550575664576,2.468621510941852e-05,0.00024828550575664576,2.468621510941852e-05,-0.000473294245348606,0.024197460622893116,constant_log_futures
2025-03-19,2569,0,0.002605072199809504,1.3598584056285683e-05,0.002605072199809504,1.3598584056285683e-05,-0.03026845794064376,0.7064361569247802,constant_log_futures
2025-03-19,2570,1,0.0010780460308139582,2.2245073058680207e-05,0.0010780460308139582,2.2245073058680207e-05,-0.0042426327664291255,-1.2369657196505193,constant_log_futures
2025-03-19,2571,2,0.0011870151702581613,2.465739444944526e-05,0.0011870151702581613,2.465739444944526e-05,-0.0022805645790786723,-0.12861012558227622,constant_log_futures
2025-03-20,2573,0,0.0005565366564519083,1.3050205909921204e-05,0.0005565366564519083,1.3050205909921204e-05,-0.0067897472087132815,0.15405829690159584,constant_log_futures
2025-03-20,2574,1,-0.00202428749836912,2.2190815477544062e-05,-0.00202428749836912,2.2190815477544062e-05,0.00809714999347648,-1.620193028801728,constant_log_futures
2025-03-20,2575,2,-0.000777429334057278,2.4628032892243673e-05,-0.000777429334057278,2.4628032892243673e-05,0.0015054980754759986,0.5144864537245634,constant_log_futures
2025-03-21,2577,0,-0.0007581509879140951,1.247655668561436e-05,-0.0007581509879140951,1.247655668561436e-05,0.009736254792159957,-0.21463885018782491,constant_log_futures
2025-03-21,2578,1,-0.002819378684772351,2.213422394853275e-05,-0.002819378684772351,2.213422394853275e-05,0.011465473318074227,-1.1122905479891088,constant_log_futures
2025-03-21,2579,2,-0.0015004561653153559,2.4598692041261875e-05,-0.0015004561653153559,2.4598692041261875e-05,0.002928890434695575,0.6399243502390592,constant_log_futures
2025-03-24,2580,0,0.0007188490448383662,1.1877833571570811e-05,0.0007188490448383662,1.1877833571570811e-05,-0.00974439816336452,0.2085782801469694,constant_log_futures
2025-03-24,2581,1,0.0011694022028886225,1.89087080681243e-05,0.0011694022028886225,1.89087080681243e-05,-0.008152403928709254,0.20725697541729093,constant_log_futures
2025-03-24,2582,2,-0.0004268850340816942,2.2075141563551268e-05,-0.0004268850340816942,2.2075141563551268e-05,0.0017654228528124303,-1.1654290623356294,constant_log_futures
2025-03-24,2583,3,0.0010203038025542455,2.4569510995958324e-05,0.0010203038025542455,2.4569510995958324e-05,-0.0020076945792196444,0.5776935715164038,constant_log_futures
2025-03-25,2584,0,0.0025511080336597623,1.1158943348577617e-05,0.0025511080336597623,1.1158943348577617e-05,-0.03661590354194012,0.7636903695459409,constant_log_futures
2025-03-25,2585,1,0.00243940933116173,1.8527810844667035e-05,0.00243940933116173,1.8527810844667035e-05,-0.017506349317748887,-0.3939606658066927,constant_log_futures
2025-03-25,2586,2,0.0014351133006085016,2.1916822297876737e-05,0.0014351133006085016,2.1916822297876737e-05,-0.006037373195663352,-1.0850233403469314,constant_log_futures
2025-03-25,2587,3,0.00307874435521633,2.4533008016708503e-05,0.00307874435521633,2.4533008016708503e-05,-0.006107427826608005,0.7375439759526629,constant_log_futures
2025-03-26,2588,0,-0.0019246431133258194,1.0512389293355603e-05,-0.0019246431133258194,1.0512389293355603e-05,0.029350807478218745,-0.593607654438634,constant_log_futures
2025-03-26,2589,1,-0.0022841439819615977,1.825697297850226e-05,-0.0022841439819615977,1.825697297850226e-05,0.016888822169655447,0.04320851254546088,constant_log_futures
2025-03-26,2590,2,-0.003330594083675864,2.1849360983830478e-05,-0.003330594083675864,2.1849360983830478e-05,0.014257279937138786,-0.60006393403435,constant_log_futures
2025-03-26,2591,3,-0.001636282458806461,2.4494937513246695e-05,-0.001636282458806461,2.4494937513246695e-05,0.003272564917612922,0.9160747600545348,constant_log_futures
2025-03-27,2592,0,0.003176630463250396,9.845585868275092e-06,0.003176630463250396,9.845585868275092e-06,-0.051673188868873114,1.0123854952521745,constant_log_futures
2025-03-27,2593,1,0.003124403059880215,1.7971697942116154e-05,0.003124403059880215,1.7971697942116154e-05,-0.023823573331586637,-0.5201977717004048,constant_log_futures
2025-03-27,2594,2,0.001580980033484839,2.1778710680358367e-05,0.001580980033484839,2.1778710680358367e-05,-0.006888555860183942,-1.6034199344746876,constant_log_futures
2025-03-27,2595,3,0.0022383942341880417,2.4463931202325725e-05,0.0022383942341880417,2.4463931202325725e-05,-0.004513786720180844,-0.009818974784357696,constant_log_futures
2025-03-28,2596,0,-0.0008424305188284827,9.158660105509346e-06,-0.0008424305188284827,9.158660105509346e-06,0.014682360471010698,-0.2783672382802903,constant_log_futures
2025-03-28,2597,1,-0.00041667940751846134,1.7669871176371178e-05,-0.00041667940751846134,1.7669871176371178e-05,0.003279670175306599,0.4007802645785517,constant_log_futures
2025-03-28,2598,2,-0.0028009645281307227,2.1704547352508743e-05,-0.0028009645281307227,2.1704547352508743e-05,0.01242609717934357,-1.539286991767179,constant_log_futures
2025-03-28,2599,3,-0.0015106815997436296,2.4434745625976703e-05,-0.0015106815997436296,2.4434745625976703e-05,0.003071719252812047,0.3880082710631243,constant_log_futures
2025-03-31,2600,0,0.0014292491497562712,8.453714116180259e-06,0.0014292491497562712,8.453714116180259e-06,-0.026825907118502322,0.49156863445087684,constant_log_futures
2025-03-31,2601,1,0.0010710162696855891,1.735041081164949e-05,0.0010710162696855891,1.735041081164949e-05,-0.008710932326776125,-0.47819779823048025,constant_log_futures
2025-03-31,2602,2,-0.00013992626659144192,2.1626616620557094e-05,-0.00013992626659144192,2.1626616620557094e-05,0.0006322594268205894,-1.1820699392273808,constant_log_futures
2025-03-31,2603,3,-7.471231375405507e-05,2.4406110403396328e-05,-7.471231375405507e-05,2.4406110403396328e-05,0.000153191634924281,-0.24560515477766928,constant_log_futures
2025-04-01,2604,0,-0.0017745733111710314,7.733830955649201e-06,-0.0017745733111710314,7.733830955649201e-06,0.03608299066047764,-0.6381115536970544,constant_log_futures
2025-04-01,2605,1,-0.0027769051484791644,1.7012398778663807e-05,-0.0027769051484791644,1.7012398778663807e-05,0.023364305387204003,-0.2235411894164085,constant_log_futures
2025-04-01,2606,2,-0.004118531848705646,2.154465368423327e-05,-0.004118531848705646,2.154465368423327e-05,0.01896078813366373,-0.8131985448478453,constant_log_futures
2025-04-01,2607,3,-0.0038785321983230148,2.4377747397354015e-05,-0.0038785321983230148,2.4377747397354015e-05,0.008020015732125556,-0.0026327184447155097,constant_log_futures
2025-04-02,2608,0,0.0021261574341596857,7.003030259625079e-06,0.0021261574341596857,7.003030259625079e-06,-0.04716203763045121,0.8034380910952575,constant_log_futures
2025-04-02,2609,1,0.0017371544343210352,1.6654951655864247e-05,0.0017371544343210352,1.6654951655864247e-05,-0.015138060070511878,-0.6928128400643713,constant_log_futures
2025-04-02,2610,2,0.001620905769803737,2.145837726233791e-05,0.001620905769803737,2.145837726233791e-05,-0.007605788612155997,-0.5426676040497218,constant_log_futures
2025-04-02,2611,3,0.0026532322565208724,2.4349596430419068e-05,0.0026532322565208724,2.4349596430419068e-05,-0.005533236500778572,0.5032074254668188,constant_log_futures
2025-04-03,2612,0,0.0007326616444764894,6.266393154984261e-06,0.0007326616444764894,6.266393154984261e-06,-0.017876944125226342,0.2926810718594673,constant_log_futures
2025-04-03,2613,1,-4.9163958216882214e-05,1.6277197504071295e-05,-4.9163958216882214e-05,1.6277197504071295e-05,0.00044429651129330593,-0.6080309062946586,constant_log_futures
2025-04-03,2614,2,-0.0006644772014025545,2.136748625644446e-05,-0.0006644772014025545,2.136748625644446e-05,0.003179067394945555,-0.6793582725022285,constant_log_futures
2025-04-03,2615,3,0.0002534424121154871,2.432164550321524e-05,0.0002534424121154871,2.432164550321524e-05,-0.0005331030047946454,0.42239597582231236,constant_log_futures
2025-04-07,2616,0,0.0161201934014396,5.530245384538499e-06,0.0161201934014396,5.530245384538499e-06,-0.4370363544390292,6.854851437706317,constant_log_futures
2025-04-07,2617,1,0.015034400805339302,1.5878277365198632e-05,0.015034400805339302,1.5878277365198632e-05,-0.14109206909626115,-4.813722884752114,constant_log_futures
2025-04-07,2618,2,0.01502056918928114,2.1271656522803475e-05,0.01502056918928114,2.1271656522803475e-05,-0.07330037764369196,-3.5989471184646398,constant_log_futures
2025-04-07,2619,3,0.015404868346283448,2.4293893003068203e-05,0.015404868346283448,2.4293893003068203e-05,-0.03268511196950575,-0.7071786013450941,constant_log_futures
2025-04-08,2620,0,-0.01465126894616879,4.802379236809918e-06,-0.01465126894616879,4.802379236809918e-06,0.4468637028581481,-6.685701988076121,constant_log_futures
2025-04-08,2621,1,-0.024625200058696752,1.545735365368127e-05,-0.024625200058696752,1.545735365368127e-05,0.2403419525728803,-0.9368663933955407,constant_log_futures
2025-04-08,2622,2,-0.029776097909720037,2.1170536872366407e-05,-0.029776097909720037,2.1170536872366407e-05,0.1482728140810549,-0.9543059193372865,constant_log_futures
2025-04-08,2623,3,-0.02896461077228489,2.4266338913061163e-05,-0.02896461077228489,2.4266338913061163e-05,0.06199443007401327,0.7842179878754001,constant_log_futures
2025-04-09,2624,0,-0.0014783908035369189,4.09231452341383e-06,-0.0014783908035369189,4.09231452341383e-06,0.0515324794375726,-0.7308104517884725,constant_log_futures
2025-04-09,2625,1,-0.0013972406120023352,1.5013621584468133e-05,-0.0013972406120023352,1.5013621584468133e-05,0.014205279555357074,0.4874050883614656,constant_log_futures
2025-04-09,2626,2,-0.0027347908145841926,2.1063743734104496e-05,-0.0027347908145841926,2.1063743734104496e-05,0.013901853307469646,-0.5612946222388526,constant_log_futures
2025-04-09,2627,3,-0.00048735162011141753,2.423898235090684e-05,-0.00048735162011141753,2.423898235090684e-05,0.0010523344717450077,1.240923150881049,constant_log_futures
2025-04-10,2628,0,0.0012486476142341482,3.411603667102629e-06,0.0012486476142341482,3.411603667102629e-06,-0.05077833631218869,0.6760216511245251,constant_log_futures
2025-04-10,2629,1,0.0028593596565594827,1.4546323037315326e-05,0.0028593596565594827,1.4546323037315326e-05,-0.03033407635654408,0.34112736852569187,constant_log_futures
2025-04-10,2630,2,0.0013978820031320185,2.095085391044344e-05,0.0013978820031320185,2.095085391044344e-05,-0.007257089548174735,-1.2737600315901096,constant_log_futures
2025-04-10,2631,3,0.003046002677163276,2.4211820341973824e-05,0.003046002677163276,2.4211820341973824e-05,-0.0066359344038199935,0.6246091277967751,constant_log_futures
2025-04-11,2633,0,0.003137971382535326,1.4054763181075983e-05,0.003137971382535326,1.4054763181075983e-05,-0.03480295533357362,0.8370226543178108,constant_log_futures
2025-04-11,2634,1,0.0009546580290481152,2.083139476097407e-05,0.0009546580290481152,2.083139476097407e-05,-0.005063838241037829,-1.709644499138907,constant_log_futures
2025-04-11,2635,2,0.00252114465651726,2.4184846613473145e-05,0.00252114465651726,2.4184846613473145e-05,-0.005541975641353256,0.46578982711234074,constant_log_futures
2025-04-14,2637,0,-0.007412716053159558,1.3555615453523755e-05,-0.007412716053159558,1.3555615453523755e-05,0.08612870080813963,-2.013342886045682,constant_log_futures
2025-04-14,2638,1,-0.011664632533622692,2.0720411644396587e-05,-0.011664632533622692,2.0720411644396587e-05,0.06324822973786526,-1.9599611961603713,constant_log_futures
2025-04-14,2639,2,-0.011667519878123686,2.4158075876677637e-05,-0.011667519878123686,2.4158075876677637e-05,0.025880680456928904,-0.20326233147725914,constant_log_futures
2025-04-15,2641,0,0.003059323332623761,1.3009498393293971e-05,0.003059323332623761,1.3009498393293971e-05,-0.03732374465800989,0.8481938184842137,constant_log_futures
2025-04-15,2642,1,-0.0009956875447054286,2.0582153181098326e-05,-0.0009956875447054286,2.0582153181098326e-05,0.005521540020639195,-2.927850593293479,constant_log_futures
2025-04-15,2643,2,-0.0003271878677397616,2.413387523555786e-05,-0.0003271878677397616,2.413387523555786e-05,0.0007324205479679067,-0.32434817042172503,constant_log_futures
2025-04-16,2645,0,0.0003464198684828175,1.2437209795842326e-05,0.0003464198684828175,1.2437209795842326e-05,-0.004448760416305656,0.09822935952296155,constant_log_futures
2025-04-16,2646,1,-0.003600565869380387,2.0435335281724374e-05,-0.003600565869380387,2.0435335281724374e-05,0.020431117956484057,-2.526566505489833,constant_log_futures
2025-04-16,2647,2,-0.00203631928174014,2.410740087778228e-05,-0.00203631928174014,2.410740087778228e-05,0.0046005731920795755,0.3922219188230581,constant_log_futures
2025-04-17,2649,0,0.00562447045907875,1.183969313734317e-05,0.00562447045907875,1.183969313734317e-05,-0.07624282177862306,1.6345997075993912,constant_log_futures
2025-04-17,2650,1,0.0049219085616283124,2.0279702169762947e-05,0.0049219085616283124,2.0279702169762947e-05,-0.028593944977078768,-1.2144601339184,constant_log_futures
2025-04-17,2651,2,0.007613689759793693,2.4080331259145863e-05,0.007613689759793693,2.4080331259145863e-05,-0.01736205889149216,1.1323551064486344,constant_log_futures
2025-04-18,2653,0,-0.0007550218546197134,1.1217583487845506e-05,-0.0007550218546197134,1.1217583487845506e-05,0.010836784266306475,-0.22542904308294134,constant_log_futures
2025-04-18,2654,1,-0.0031643082816378357,2.0114765838285594e-05,-0.0031643082816378357,2.0114765838285594e-05,0.018831493188283706,-1.3632966796385377,constant_log_futures
2025-04-18,2655,2,-0.0012262659657991878,2.4053203166465674e-05,-0.0012262659657991878,2.4053203166465674e-05,0.0028227254307075646,0.9091505261614681,constant_log_futures
2025-04-21,2656,0,0.0011890589776752288,1.0571729216721864e-05,0.0011890589776752288,1.0571729216721864e-05,-0.018133149409547238,0.3657045645049277,constant_log_futures
2025-04-21,2657,1,-0.0006047850708454199,1.993996801999491e-05,-0.0006047850708454199,1.993996801999491e-05,0.0036891889321570615,-1.2819462318403516,constant_log_futures
2025-04-21,2658,2,0.001094986883007798,2.402617215522148e-05,0.001094986883007798,2.402617215522148e-05,-0.002544540947180026,0.7043325275663381,constant_log_futures
2025-04-21,2659,3,0.003451900698556054,2.6987383612947483e-05,0.003451900698556054,2.6987383612947483e-05,-0.005135754697851691,1.566525651228602,constant_log_futures
2025-04-22,2660,0,0.0007856591867084362,9.899393689292522e-06,0.0007856591867084362,9.899393689292522e-06,-0.012780056103790563,0.24970652737652774,constant_log_futures
2025-04-22,2661,1,-0.0018962670618969217,1.9750572528055972e-05,-0.0018962670618969217,1.9750572528055972e-05,0.011863824694944843,-1.7435658240358598,constant_log_futures
2025-04-22,2662,2,-0.0015047273522831237,2.3639554697423748e-05,-0.0015047273522831237,2.3639554697423748e-05,0.0035303218649719442,-0.18691461536435458,constant_log_futures
2025-04-22,2663,3,-0.0006965737266624444,2.5830665757942175e-05,-0.0006965737266624444,2.5830665757942175e-05,0.0010427238607707758,0.6276498388160234,constant_log_futures
2025-04-23,2664,0,0.0020236159403257334,9.198610818165594e-06,0.0020236159403257334,9.198610818165594e-06,-0.03526873495996278,0.6672167944626316,constant_log_futures
2025-04-23,2665,1,0.0005665095074916283,1.9541614051525977e-05,0.0005665095074916283,1.9541614051525977e-05,-0.0036375873638936134,-1.2592475025352057,constant_log_futures
2025-04-23,2666,2,0.001713167175642509,2.361111224665085e-05,0.001713167175642509,2.361111224665085e-05,-0.004058376610259924,0.31928933909805873,constant_log_futures
2025-04-23,2667,3,0.004011331351701897,2.576070477621185e-05,0.004011331351701897,2.576070477621185e-05,-0.006041758332192981,1.597084343997426,constant_log_futures
2025-04-24,2668,0,0.0023183806413818384,8.490049584456653e-06,0.0023183806413818384,8.490049584456653e-06,-0.04351422126901297,0.7956638528353983,constant_log_futures
2025-04-24,2669,1,-0.0004220616678615105,1.9331199929584937e-05,-0.0004220616678615105,1.9331199929584937e-05,0.002783325593465096,-2.0765554683282206,constant_log_futures
2025-04-24,2670,2,0.0003905339723069695,2.3584706746596525e-05,0.0003905339723069695,2.3584706746596525e-05,-0.0009342185219892212,-0.07479541194857439,constant_log_futures
2025-04-24,2671,3,0.0013788523220050475,2.5722009622094946e-05,0.0013788523220050475,2.5722009622094946e-05,-0.0020896892333492644,0.7685953046453337,constant_log_futures
2025-04-25,2672,0,0.0008534422883176556,7.767721307042158e-06,0.0008534422883176556,7.767721307042158e-06,-0.017353326529125666,0.306215620397744,constant_log_futures
2025-04-25,2673,1,-0.002072048323045462,1.910975853688483e-05,-0.002072048323045462,1.910975853688483e-05,0.014043883078419242,-1.8347177870850473,constant_log_futures
2025-04-25,2674,2,-0.0010014150160253116,2.3558653317980285e-05,-0.0010014150160253116,2.3558653317980285e-05,0.002419260038714614,0.2528052829751674,constant_log_futures
2025-04-25,2675,3,0.0009299193886279644,2.568730398273114e-05,0.0009299193886279644,2.568730398273114e-05,-0.001418127067657646,1.3789718921041183,constant_log_futures
2025-04-28,2676,0,0.0012768368069290478,7.034435782141811e-06,0.0012768368069290478,7.034435782141811e-06,-0.028322561899153425,0.4814162646191707,constant_log_futures
2025-04-28,2677,1,-0.0017138819546185027,1.8875226951070138e-05,-0.0017138819546185027,1.8875226951070138e-05,0.011948205626483277,-1.950693129587009,constant_log_futures
2025-04-28,2678,2,-0.0006510538018227388,2.3532804828195833e-05,-0.0006510538018227388,2.3532804828195833e-05,0.0015885712764474827,0.21247038913865707,constant_log_futures
2025-04-28,2679,3,0.0004315275525912099,2.565332591022849e-05,0.0004315275525912099,2.565332591022849e-05,-0.0006622183825928001,0.8336363710001429,constant_log_futures
2025-04-29,2680,0,0.002894028062278538,6.295110104065098e-06,0.002894028062278538,6.295110104065098e-06,-0.07061428471959634,1.153456106942141,constant_log_futures
2025-04-29,2681,1,0.001033597670548246,1.8626636223950677e-05,0.001033597670548246,1.8626636223950677e-05,-0.007417583282758002,-1.7913614655337258,constant_log_futures
2025-04-29,2682,2,0.001023002827602204,2.3507146061809756e-05,0.001023002827602204,2.3507146061809756e-05,-0.002521340302373109,-0.5517068077070321,constant_log_futures
2025-04-29,2683,3,0.0008901779942961305,2.5619639538203482e-05,0.0008901779942961305,2.5619639538203482e-05,-0.0013747052570142774,-0.02428518617198689,constant_log_futures
2025-04-30,2684,0,-0.0005169447725972883,5.556046582428078e-06,-0.0005169447725972883,5.556046582428078e-06,0.01401494716819315,-0.21931140083441972,constant_log_futures
2025-04-30,2685,1,-0.004593776880513212,1.836313771751505e-05,-0.004593776880513212,1.836313771751505e-05,0.033966107843794655,-1.88799891924689,constant_log_futures
2025-04-30,2686,2,-0.005965714897749393,2.3481676163458308e-05,-0.005965714897749393,2.3481676163458308e-05,0.014853412602559712,-1.0289015011704021,constant_log_futures
2025-04-30,2687,3,-0.004724097499679468,2.5586188378577286e-05,-0.004724097499679468,2.5586188378577286e-05,0.007341909489947708,0.7871464763639824,constant_log_futures
2025-05-06,2688,0,0.0008292384931113802,4.825041866717657e-06,0.0008292384931113802,4.825041866717657e-06,-0.025291774039897096,0.3775103915421751,constant_log_futures
2025-05-06,2689,1,-0.001129186686889879,1.8083861755280165e-05,-0.001129186686889879,1.8083861755280165e-05,0.008610048487535327,-1.210058476790806,constant_log_futures
2025-05-06,2690,2,-0.0018796596416696676,2.3456393179882102e-05,-0.0018796596416696676,2.3456393179882102e-05,0.004728216005849473,-0.6783000581258168,constant_log_futures
2025-05-06,2691,3,-0.0010297815520904918,2.555296739819703e-05,-0.0010297815520904918,2.555296739819703e-05,0.0016106839660902563,0.5395414028612088,constant_log_futures
2025-05-07,2692,0,-0.0004380639169329556,4.111638346478489e-06,-0.0004380639169329556,4.111638346478489e-06,0.015269656533091595,-0.21603794035205603,constant_log_futures
2025-05-07,2693,1,-0.002489792245734885,1.7787891634478657e-05,-0.002489792245734885,1.7787891634478657e-05,0.019597074450300383,-0.7759434421944916,constant_log_futures
2025-05-07,2694,2,-0.0032827724401216993,2.3431290236124732e-05,-0.0032827724401216993,2.3431290236124732e-05,0.008343713285309319,-0.4758026308305337,constant_log_futures
2025-05-07,2695,3,-0.002269741113854029,2.5519977100779973e-05,-0.002269741113854029,2.5519977100779973e-05,0.0035730118179379557,0.6283270864638415,constant_log_futures
2025-05-08,2696,0,0.001910161647261638,3.427434945390431e-06,0.001910161647261638,3.427434945390431e-06,-0.07767990698863994,1.0317762117974247,constant_log_futures
2025-05-08,2697,1,0.0015876606182699884,1.7474252181725964e-05,0.0015876606182699884,1.7474252181725964e-05,-0.012912973028595906,-0.8367151800602204,constant_log_futures
2025-05-08,2698,2,0.00011821334544817597,2.340635226863876e-05,0.00011821334544817597,2.340635226863876e-05,-0.0003036216451511046,-1.1927596709786514,constant_log_futures
2025-05-08,2699,3,0.0006754776535327217,2.5487215971772765e-05,0.0006754776535327217,2.5487215971772765e-05,-0.0010702373211817148,0.2931094626894492,constant_log_futures
2025-05-09,2701,0,-0.0007395876622852751,1.714189805613312e-05,-0.0007395876622852751,1.714189805613312e-05,0.00622273757233128,-0.17863238786864089,constant_log_futures
2025-05-09,2702,1,-0.0017270547460826804,2.3381551643672357e-05,-0.0017270547460826804,2.3381551643672357e-05,0.004482993170682703,-0.5377227746095139,constant_log_futures
2025-05-09,2703,2,-0.0011863757650074636,2.545467784324984e-05,-0.0011863757650074636,2.545467784324984e-05,0.0018919979520380466,0.292112778071268,constant_log_futures
2025-05-12,2705,0,0.00046367284192715477,1.68224173084393e-05,0.00046367284192715477,1.68224173084393e-05,-0.0040405776225080625,0.11304919084684822,constant_log_futures
2025-05-12,2706,1,-0.0011418820358410978,2.3363953662522063e-05,-0.0011418820358410978,2.3363953662522063e-05,0.0029959055564002996,-0.9600215014950102,constant_log_futures
2025-05-12,2707,2,-0.0005743131792294992,2.542325305900143e-05,-0.0005743131792294992,2.542325305900143e-05,0.0009219237877105119,0.27486125792600685,constant_log_futures
2025-05-13,2709,0,-0.004593079457368858,1.6441864097612023e-05,-0.004593079457368858,1.6441864097612023e-05,0.04150782917029635,-1.1327352910299875,constant_log_futures
2025-05-13,2710,1,-0.00623003220669454,2.3337305848680767e-05,-0.00623003220669454,2.3337305848680767e-05,0.016523128896015954,-0.6478836560476537,constant_log_futures
2025-05-13,2711,2,-0.005737534143288134,2.5393571625396335e-05,-0.005737534143288134,2.5393571625396335e-05,0.009271247224915926,0.2525184808378076,constant_log_futures
2025-05-14,2713,0,0.004836950886491161,1.603710869205444e-05,0.004836950886491161,1.603710869205444e-05,-0.045392923703993976,1.2078378677117503,constant_log_futures
2025-05-14,2714,1,0.004208343804301844,2.3310654533058394e-05,0.004208343804301844,2.3310654533058394e-05,-0.01128391085988626,-0.7085381446122533,constant_log_futures
2025-05-14,2715,2,0.004555145442973085,2.536111247306399e-05,0.004555145442973085,2.536111247306399e-05,-0.007409703253902885,0.16396690612087095,constant_log_futures
2025-05-15,2717,0,0.0008828144262060487,1.5609556084105503e-05,0.0008828144262060487,1.5609556084105503e-05,-0.008616268799771036,0.2234468029421625,constant_log_futures
2025-05-15,2718,1,-0.0012202101678571373,2.3283991698311243e-05,-0.0012202101678571373,2.3283991698311243e-05,0.0033081253439682387,-1.2728824686744682,constant_log_futures
2025-05-15,2719,2,-0.0012848142383494326,2.532823351559283e-05,-0.0012848142383494326,2.532823351559283e-05,0.002103991101726588,-0.14220181219528957,constant_log_futures
2025-05-16,2721,0,-0.004554949355495604,1.5158853885717231e-05,-0.004554949355495604,1.5158853885717231e-05,0.04630865178087198,-1.1699043860350282,constant_log_futures
2025-05-16,2722,1,-0.007080697103329328,2.3257309690602218e-05,-0.007080697103329328,2.3257309690602218e-05,0.01941224823834108,-1.0390307141628208,constant_log_futures
2025-05-16,2723,2,-0.007291990375709448,2.529542894537868e-05,-0.007291990375709448,2.529542894537868e-05,0.012021930078872332,-0.22160093580899984,constant_log_futures
2025-05-19,2724,0,0.0015053862361155482,1.4684392283091294e-05,0.0015053862361155482,1.4684392283091294e-05,-0.01597018441792147,0.3928438440057337,constant_log_futures
2025-05-19,2725,1,-0.0006875360277779526,2.053877814219485e-05,-0.0006875360277779526,2.053877814219485e-05,0.0039013672273911725,-1.5705705109345118,constant_log_futures
2025-05-19,2726,2,-0.002981572726491563,2.323060108210019e-05,-0.002981572726491563,2.323060108210019e-05,0.00826708801436297,-2.1706007499424067,constant_log_futures
2025-05-19,2727,3,-0.004409192541632079,2.526279932088765e-05,-0.004409192541632079,2.526279932088765e-05,0.007318659728967533,-1.1082465296231243,constant_log_futures
2025-05-20,2728,0,-0.0004851487334271501,1.4043843277318951e-05,-0.0004851487334271501,1.4043843277318951e-05,0.00538074049801021,-0.12945890066245289,constant_log_futures
2025-05-20,2729,1,-0.0037288439244472227,2.022726289804385e-05,-0.0037288439244472227,2.022726289804385e-05,0.021662807561074342,-2.0960066474825347,constant_log_futures
2025-05-20,2730,2,-0.0057108346795292295,2.313665830097398e-05,-0.0057108346795292295,2.313665830097398e-05,0.016016593813852092,-2.056852624699158,constant_log_futures
2025-05-20,2731,3,-0.006937001062796114,2.5227414010692192e-05,-0.006937001062796114,2.5227414010692192e-05,0.01159334424193323,-0.9698130967637139,constant_log_futures
2025-05-21,2732,0,-0.0003094013356633764,1.3517975884027494e-05,-0.0003094013356633764,1.3517975884027494e-05,0.0035949488524697065,-0.08415236978962196,constant_log_futures
2025-05-21,2733,1,-0.002262663172516541,2.00576274930803e-05,-0.002262663172516541,2.00576274930803e-05,0.013465605221805756,-1.247593790013845,constant_log_futures
2025-05-21,2734,2,-0.003264428991679509,2.3108082966544394e-05,-0.003264428991679509,2.3108082966544394e-05,0.00926186830197442,-1.091206480633986,constant_log_futures
2025-05-21,2735,3,-0.0027486937039025577,2.5186042366011106e-05,-0.0027486937039025577,2.5186042366011106e-05,0.004625388025877407,0.23688050607125183,constant_log_futures
2025-05-22,2736,0,0.002024275557424675,1.2970386732335486e-05,0.002024275557424675,1.2970386732335486e-05,-0.024696161800581037,0.5620735754220505,constant_log_futures
2025-05-22,2737,1,0.0005164782793263129,1.9880020612644627e-05,0.0005164782793263129,1.9880020612644627e-05,-0.0031505175038905086,-1.188659069037066,constant_log_futures
2025-05-22,2738,2,-0.00020075464484933803,2.30794028485085e-05,-0.00020075464484933803,2.30794028485085e-05,0.0005762839216851586,-0.9850279697722084,constant_log_futures
2025-05-22,2739,3,0.0005906247186442531,2.515220107319169e-05,0.0005906247186442531,2.515220107319169e-05,-0.0010007807732583178,0.4220723791718723,constant_log_futures
2025-05-23,2740,0,-0.0006211349564833255,1.2398267733803207e-05,-0.0006211349564833255,1.2398267733803207e-05,0.007976680493785863,-0.17640279666714478,constant_log_futures
2025-05-23,2741,1,-0.0026754003756822055,1.96920195849903e-05,-0.0026754003756822055,1.96920195849903e-05,0.016738402350422003,-1.2459439191623878,constant_log_futures
2025-05-23,2742,2,-0.002675209060195853,2.3050517241474564e-05,-0.002675209060195853,2.3050517241474564e-05,0.007770845365330812,-0.3565701739904385,constant_log_futures
2025-05-23,2743,3,-0.0017775715069784787,2.5119854968850363e-05,-0.0017775715069784787,2.5119854968850363e-05,0.003033059074844397,0.6043347540731381,constant_log_futures
2025-05-26,2744,0,0.001957072124653087,1.1801373885280986e-05,0.001957072124653087,1.1801373885280986e-05,-0.02652919991196407,0.5696925581191598,constant_log_futures
2025-05-26,2745,1,0.0005493830283796255,1.9492714108071306e-05,0.0005493830283796255,1.9492714108071306e-05,-0.003527617340121806,-1.141621065803918,constant_log_futures
2025-05-26,2746,2,-0.0021401246898020906,2.302137691580671e-05,-0.0021401246898020906,2.302137691580671e-05,0.0062914508953218085,-2.320788250756307,constant_log_futures
2025-05-26,2747,3,-0.002722646103362078,2.508791926094962e-05,-0.002722646103362078,2.508791926094962e-05,0.00467834964239681,-0.6893897060656274,constant_log_futures
2025-05-27,2748,0,0.001954025604271166,1.118008481515262e-05,0.001954025604271166,1.118008481515262e-05,-0.028046014555421443,0.5843966275211673,constant_log_futures
2025-05-27,2749,1,0.0007871968383984136,1.928137628132535e-05,0.0007871968383984136,1.928137628132535e-05,-0.005191244015384133,-1.0040707676972151,constant_log_futures
2025-05-27,2750,2,0.0003083224396706122,2.299195150763315e-05,0.0003083224396706122,2.299195150763315e-05,-0.0009174472595076753,-0.7562575784532474,constant_log_futures
2025-05-27,2751,3,0.00014041339850816292,2.505621568324404e-05,0.00014041339850816292,2.505621568324404e-05,-0.00024298488819852305,-0.1668414551841795,constant_log_futures
2025-05-28,2752,0,0.0011759439593252794,1.0535194654151884e-05,0.0011759439593252794,1.0535194654151884e-05,-0.01793314537971051,0.3622975051361138,constant_log_futures
2025-05-28,2753,1,0.00011982102818683393,1.9057285199219734e-05,0.00011982102818683393,1.9057285199219734e-05,-0.0008121203021552078,-0.8328151433063422,constant_log_futures
2025-05-28,2754,2,0.00028317572655112144,2.2962212351652e-05,0.00028317572655112144,2.2962212351652e-05,-0.0008530231762774523,-0.211227396173405,constant_log_futures
2025-05-28,2755,3,0.0016195098751053266,2.502471743604542e-05,0.0016195098751053266,2.502471743604542e-05,-0.002822574353754998,0.8705985879898451,constant_log_futures
2025-05-29,2756,0,0.004345458136777258,9.867942311304463e-06,0.004345458136777258,9.867942311304463e-06,-0.07068611902491007,1.3833187686707553,constant_log_futures
2025-05-29,2757,1,0.0035153637021568193,1.881969751508717e-05,0.0035153637021568193,1.881969751508717e-05,-0.024507106952178972,-1.2374883562256036,constant_log_futures
2025-05-29,2758,2,0.00363473303723591,2.2932129703146583e-05,0.00363473303723591,2.2932129703146583e-05,-0.011085935763569525,-0.6032651674611843,constant_log_futures
2025-05-29,2759,3,0.00661628845273006,2.499342344710754e-05,0.00661628845273006,2.499342344710754e-05,-0.011614204190403845,1.8726778933326222,constant_log_futures
2025-05-30,2760,0,0.0002428007753093129,9.18009189459046e-06,0.0002428007753093129,9.18009189459046e-06,-0.004231670655390882,0.08013579594428147,constant_log_futures
2025-05-30,2761,1,-0.0019989208569000036,1.8567842970748357e-05,-0.0019989208569000036,1.8567842970748357e-05,0.014345196737752967,-1.382035751504777,constant_log_futures
2025-05-30,2762,2,-0.0031061068039947293,2.290167213735195e-05,-0.0031061068039947293,2.290167213735195e-05,0.009593545065502708,-1.1266040246003668,constant_log_futures
2025-05-30,2763,3,-0.0012541466647418703,2.49623372343044e-05,-0.0012541466647418703,2.49623372343044e-05,0.0022174767115725824,1.0750748729101751,constant_log_futures
2025-06-03,2764,0,-0.001406776386066554,8.474034308598262e-06,-0.001406776386066554,8.474034308598262e-06,0.02640411063078763,-0.4832590109384661,constant_log_futures
2025-06-03,2765,1,-0.0029372754538753015,1.8300924498758226e-05,-0.0029372754538753015,1.8300924498758226e-05,0.021718036689259805,-0.6090282804751659,constant_log_futures
2025-06-03,2766,2,-0.004977765003325502,2.2870806186959712e-05,-0.004977765003325502,2.2870806186959712e-05,0.015571470010402851,-1.3848935503564108,constant_log_futures
2025-06-03,2767,3,-0.004232947155725239,2.4931463282800827e-05,-0.004232947155725239,2.4931463282800827e-05,0.007538971576620134,0.27928683670886945,constant_log_futures
2025-06-04,2768,0,0.00011386878703712779,7.75290741996954e-06,0.00011386878703712779,7.75290741996954e-06,-0.002315332003088265,0.040895205555866974,constant_log_futures
2025-06-04,2769,1,-0.0005945407443858144,1.8018119372015266e-05,-0.0005945407443858144,1.8018119372015266e-05,0.004533373175941835,-0.42914305483728343,constant_log_futures
2025-06-04,2770,2,-0.0019357903755095468,2.2839495875486664e-05,-0.0019357903755095468,2.2839495875486664e-05,0.006134192878238044,-1.005708535145744,constant_log_futures
2025-06-04,2771,3,-0.00131697313344796,2.4900806361142055e-05,-0.00131697313344796,2.4900806361142055e-05,0.00236280473942134,0.2509651473507717,constant_log_futures
2025-06-05,2772,0,0.00014512197946122546,7.020736901405272e-06,0.00014512197946122546,7.020736901405272e-06,-0.0032190693625944555,0.05476988692893704,constant_log_futures
2025-06-05,2773,1,-0.00035094666065042454,1.7718580765344096e-05,-0.00035094666065042454,1.7718580765344096e-05,0.0027622898451194707,-0.31015127429089223,constant_log_futures
2025-06-05,2774,2,-0.001426661277707901,2.2807702023904385e-05,-0.001426661277707901,2.2807702023904385e-05,0.004580333575799051,-0.7950316086321657,constant_log_futures
2025-06-05,2775,3,-0.0007623679519610099,2.487037129645117e-05,-0.0007623679519610099,2.487037129645117e-05,0.0013779094835443437,0.3069782003076754,constant_log_futures
2025-06-06,2776,0,0.0013736031096592861,6.282601103595396e-06,0.0013736031096592861,6.282601103595396e-06,-0.033515915875686586,0.5480138343847233,constant_log_futures
2025-06-06,2777,1,0.000926397191879761,1.740143957543781e-05,0.000926397191879761,1.740143957543781e-05,-0.007534697160622056,-0.6009556626938701,constant_log_futures
2025-06-06,2778,2,0.0004504402722087242,2.277538120899621e-05,0.0004504402722087242,2.277538120899621e-05,-0.0014654323522523827,-0.6005760350160229,constant_log_futures
2025-06-06,2779,3,0.001924048072549145,2.4840162762757458e-05,0.001924048072549145,2.4840162762757458e-05,-0.003503490520164114,0.8646931449943852,constant_log_futures
2025-06-09,2780,0,9.886534524266698e-05,5.544824045457213e-06,9.886534524266698e-05,5.544824045457213e-06,-0.002680349359912305,0.04198558441417678,constant_log_futures
2025-06-09,2781,1,-0.00016988464715708348,1.706580640420027e-05,-0.00016988464715708348,1.706580640420027e-05,0.0014293742726320129,-0.16710392315901396,constant_log_futures
2025-06-09,2782,2,-0.00032873180872465546,2.2742484207127922e-05,-0.00032873180872465546,2.2742484207127922e-05,0.0010839265044434586,-0.1428037448502175,constant_log_futures
2025-06-09,2783,3,0.0017987193554274278,2.4810184974208573e-05,0.0017987193554274278,2.4810184974208573e-05,-0.003299906185896935,1.323356817878584,constant_log_futures
2025-06-10,2784,0,-0.00039978342184602764,4.815201350478051e-06,-0.00039978342184602764,4.815201350478051e-06,0.012193394366303843,-0.18218707143853946,constant_log_futures
2025-06-10,2785,1,-0.0012976404422193506,1.6710773596580255e-05,-0.0012976404422193506,1.6710773596580255e-05,0.011308009567911484,-0.3217169786967823,constant_log_futures
2025-06-10,2786,2,-0.0022197292501020677,2.2708953689396447e-05,-0.0022197292501020677,2.2708953689396447e-05,0.007419369000341158,-0.5680781428950038,constant_log_futures
2025-06-10,2787,3,-0.0005967798219723569,2.478044122071253e-05,-0.0005967798219723569,2.478044122071253e-05,0.0011031384587973868,0.9428945292668649,constant_log_futures
2025-06-11,2788,0,8.920270454895393e-05,4.10326475520711e-06,8.920270454895393e-05,4.10326475520711e-06,-0.003109351415706394,0.04403654643165785,constant_log_futures
2025-06-11,2789,1,9.341076242188814e-05,1.633541721378296e-05,9.341076242188814e-05,1.633541721378296e-05,-0.0008441565196644706,-0.027165636756643977,constant_log_futures
2025-06-11,2790,2,-0.0005440166186885531,2.2674720844896926e-05,-0.0005440166186885531,2.2674720844896926e-05,0.001843611874444541,-0.4284627535099794,constant_log_futures
2025-06-11,2791,3,0.001389135952924378,2.4750933175329455e-05,0.001389135952924378,2.4750933175329455e-05,-0.0025873982634622003,1.1443694315744284,constant_log_futures
2025-06-12,2792,0,0.00020132805646418377,3.420591629287959e-06,0.00020132805646418377,3.420591629287959e-06,-0.008187340962876807,0.10885632960047681,constant_log_futures
2025-06-12,2793,1,-0.0004877891800615687,1.5938798861573245e-05,-0.0004877891800615687,1.5938798861573245e-05,0.004577713843654722,-0.37320897178953216,constant_log_futures
2025-06-12,2794,2,-0.0012887754996633999,2.263970050076081e-05,-0.0012887754996633999,2.263970050076081e-05,0.004429031294617881,-0.5585706017375581,constant_log_futures
2025-06-12,2795,3,-0.000463094953063084,2.4721659881686348e-05,-0.000463094953063084,2.4721659881686348e-05,0.0008691936042107115,0.4446347023031873,constant_log_futures
2025-06-13,2797,0,0.0012852456352901963,1.5519967451489598e-05,0.0012852456352901963,1.5519967451489598e-05,-0.012543997400432315,0.3262426488595234,constant_log_futures
2025-06-13,2798,1,0.00033869729583034525,2.2603784194685788e-05,0.00033869729583034525,2.2603784194685788e-05,-0.001180602002608632,-0.6890540919925727,constant_log_futures
2025-06-13,2799,2,0.0009645462316951459,2.4692616305412463e-05,0.0009645462316951459,2.4692616305412463e-05,-0.001824413027392369,0.27667068394809546,constant_log_futures
2025-06-16,2801,0,0.0007441177157315841,1.5102777842969943e-05,0.0007441177157315841,1.5102777842969943e-05,-0.0075651967766044385,0.1914755065640822,constant_log_futures
2025-06-16,2802,1,0.00015838257471922218,2.2577891595880727e-05,0.00015838257471922218,2.2577891595880727e-05,-0.0005600775106013074,-0.42496731202947263,constant_log_futures
2025-06-16,2803,2,0.0006703159483404247,2.4664044387463658e-05,0.0006703159483404247,2.4664044387463658e-05,-0.0012777897765239347,0.25128303312261485,constant_log_futures
2025-06-17,2805,0,0.0005638380921918935,1.4631049667054936e-05,0.0005638380921918935,1.4631049667054936e-05,-0.005981586717166175,0.147406512265634,constant_log_futures
2025-06-17,2806,1,-3.834938237187724e-05,2.2536761504335534e-05,-3.834938237187724e-05,2.2536761504335534e-05,0.00013760660733438303,-0.4210043083364731,constant_log_futures
2025-06-17,2807,2,0.0006320098299176236,2.4638251921271496e-05,0.0006320098299176236,2.4638251921271496e-05,-0.0012142551062984265,0.3509785049019989,constant_log_futures
2025-06-18,2809,0,-9.032400312135834e-05,1.413296503145961e-05,-9.032400312135834e-05,1.413296503145961e-05,0.0010017753073459743,-0.024026280049429388,constant_log_futures
2025-06-18,2810,1,-0.0016225607518147028,2.249420834276908e-05,-0.0016225607518147028,2.249420834276908e-05,0.005909027215563992,-0.9114614710517457,constant_log_futures
2025-06-18,2811,2,-0.0013897054965721078,2.4609658671214855e-05,-0.0013897054965721078,2.4609658671214855e-05,0.00269117572352059,0.013735244376704552,constant_log_futures
2025-06-19,2813,0,0.0032209449705342345,1.3609632302129082e-05,0.0032209449705342345,1.3609632302129082e-05,-0.037424312990969204,0.8730922015058992,constant_log_futures
2025-06-19,2814,1,0.0018840014656900939,2.2450197023252632e-05,0.0018840014656900939,2.2450197023252632e-05,-0.006965096327702771,-1.182782959275679,constant_log_futures
2025-06-19,2815,2,0.0030299381263986513,2.4580465110970712e-05,0.0030299381263986513,2.4580465110970712e-05,-0.005914439222730168,0.5265315130625935,constant_log_futures
2025-06-20,2817,0,0.0022205833129543724,1.3061102608166512e-05,0.0022205833129543724,1.3061102608166512e-05,-0.027091116418043345,0.6144367046049687,constant_log_futures
2025-06-20,2818,1,0.0032841416116146313,2.2404633274003204e-05,0.0032841416116146313,2.2404633274003204e-05,-0.012328162357445691,0.33550479445253895,constant_log_futures
2025-06-20,2819,2,0.00553351510903817,2.4551269808424926e-05,0.00553351510903817,2.4551269808424926e-05,-0.010888529730688013,1.4200561483058483,constant_log_futures
2025-06-23,2820,0,-0.0025732474983419604,1.2487348318344632e-05,-0.0025732474983419604,1.2487348318344632e-05,0.033045915241865176,-0.7281929101887098,constant_log_futures
2025-06-23,2821,1,-0.0035411217002676333,1.9793159718872407e-05,-0.0035411217002676333,1.9793159718872407e-05,0.022154710124751346,-0.32503752304070116,constant_log_futures
2025-06-23,2822,2,-0.0031601331387816935,2.235740914942554e-05,-0.0031601331387816935,2.235740914942554e-05,0.012048007591605205,0.29431057998472,constant_log_futures
2025-06-23,2823,3,-0.0026733275617693356,2.4522225784685165e-05,-0.0026733275617693356,2.4522225784685165e-05,0.005303186382696894,0.42144088491237214,constant_log_futures
2025-06-24,2824,0,0.0021079986229871703,1.178670294885217e-05,0.0021079986229871703,1.178670294885217e-05,-0.028575092444937198,0.6140081752273269,constant_log_futures
2025-06-24,2825,1,0.0025454504263458418,1.946563283336473e-05,0.0025454504263458418,1.946563283336473e-05,-0.01634447115864172,0.009999196046194356,constant_log_futures
2025-06-24,2826,2,0.00459309913170404,2.221829631900635e-05,0.00459309913170404,2.221829631900635e-05,-0.01778914584342517,1.4064371464875298,constant_log_futures
2025-06-24,2827,3,0.005416500236427882,2.4483842830365422e-05,0.005416500236427882,2.4483842830365422e-05,-0.010833000472855764,0.8723909198056864,constant_log_futures
2025-06-25,2828,0,0.0030517361623521155,1.1163020042989956e-05,0.0030517361623521155,1.1163020042989956e-05,-0.043801389624348014,0.913389745954297,constant_log_futures
2025-06-25,2829,1,0.004097396740775364,1.9251774499630386e-05,0.004097396740775364,1.9251774499630386e-05,-0.027020670398626725,0.22842869647505976,constant_log_futures
2025-06-25,2830,2,0.007614409728184685,2.2164805584060254e-05,0.007614409728184685,2.2164805584060254e-05,-0.029966386672210694,2.497342779625129,constant_log_futures
2025-06-25,2831,3,0.00886716475758969,2.4446427589164904e-05,0.00886716475758969,2.4446427589164904e-05,-0.0178808942219164,1.4066721441058798,constant_log_futures
2025-06-26,2832,0,-0.0007410860473978831,1.051800617730179e-05,-0.0007410860473978831,1.051800617730179e-05,0.011301562222817717,-0.2285082719243719,constant_log_futures
2025-06-26,2833,1,-0.0006306948217405014,1.9026511322675512e-05,-0.0006306948217405014,1.9026511322675512e-05,0.004274709347352287,0.1817385903370278,constant_log_futures
2025-06-26,2834,2,0.001961710183243367,2.210905752408491e-05,0.001961710183243367,2.210905752408491e-05,-0.007846840732973467,2.0270615823902434,constant_log_futures
2025-06-26,2835,3,0.002750957011121373,2.4415593197197034e-05,0.002750957011121373,2.4415593197197034e-05,-0.005593612589280125,1.0266129717563661,constant_log_futures
2025-06-27,2836,0,-0.0027556599339152764,9.851130583973284e-06,-0.0027556599339152764,9.851130583973284e-06,0.0448254015916885,-0.8779758775972356,constant_log_futures
2025-06-27,2837,1,-0.0031269723360651206,1.8787959339654525e-05,-0.0031269723360651206,1.8787959339654525e-05,0.021799464285711126,0.2385492727807279,constant_log_futures
2025-06-27,2838,2,-0.001727511298616171,2.2050861855719042e-05,-0.001727511298616171,2.2050861855719042e-05,0.007025212614372429,1.3134706057429628,constant_log_futures
2025-06-27,2839,3,-0.0026135990317852423,2.4386532279441138e-05,-0.0026135990317852423,2.4386532279441138e-05,0.005358976166013438,-0.20796654481662574,constant_log_futures
2025-06-30,2840,0,-0.005365483475577741,9.16382920880639e-06,-0.005365483475577741,9.16382920880639e-06,0.09351271200292634,-1.7724352084873796,constant_log_futures
2025-06-30,2841,1,-0.005936544567365894,1.8535136346816038e-05,-0.005936544567365894,1.8535136346816038e-05,0.04260343748344936,0.6501158238910907,constant_log_futures
2025-06-30,2842,2,-0.005790430090233594,2.1990040648866605e-05,-0.005790430090233594,2.1990040648866605e-05,0.023946863424016897,0.7514394829489145,constant_log_futures
2025-06-30,2843,3,-0.008017537853055819,2.4358021736922906e-05,-0.008017537853055819,2.4358021736922906e-05,0.016578637594454406,-1.205449394199002,constant_log_futures
2025-07-01,2844,0,-0.0042529813663598984,8.458427937772562e-06,-0.0042529813663598984,8.458427937772562e-06,0.07982518872244733,-1.462340988312163,constant_log_futures
2025-07-01,2845,1,-0.005066999265311858,1.8267191019450823e-05,-0.005066999265311858,1.8267191019450823e-05,0.03746508547685131,0.3845649468951376,constant_log_futures
2025-07-01,2846,2,-0.005071426949732651,2.1926404052698895e-05,-0.005071426949732651,2.1926404052698895e-05,0.021334968547151154,0.49622181066538396,constant_log_futures
2025-07-01,2847,3,-0.008004951266128373,2.432978102179503e-05,-0.008004951266128373,2.432978102179503e-05,0.01669408640115661,-1.7024999033284083,constant_log_futures
2025-07-02,2848,0,0.004140529987763493,7.738058573114466e-06,0.004140529987763493,7.738058573114466e-06,-0.08419077641785769,1.4884694587380256,constant_log_futures
2025-07-02,2849,1,0.005703505891864025,1.798328402874832e-05,0.005703505891864025,1.798328402874832e-05,-0.04348923242546319,-0.024340803128948377,constant_log_futures
2025-07-02,2850,2,0.007307111162181235,2.1859748921898474e-05,0.007307111162181235,2.1859748921898474e-05,-0.03127956357144248,0.7354135499010057,constant_log_futures
2025-07-02,2851,3,0.005515324507056225,2.4301745762183398e-05,0.005515324507056225,2.4301745762183398e-05,-0.011601199825187234,-0.9959174249025605,constant_log_futures
2025-07-03,2852,0,-0.0028743911397196512,7.006754210346327e-06,-0.0028743911397196512,7.006754210346327e-06,0.06375922164469044,-1.0858939760626338,constant_log_futures
2025-07-03,2853,1,-0.003147301622646703,1.7682561836390177e-05,-0.003147301622646703,1.7682561836390177e-05,0.024772309545993406,0.5416358570414692,constant_log_futures
2025-07-03,2854,2,-0.001959752104477925,2.1789857171168007e-05,-0.001959752104477925,2.1789857171168007e-05,0.008538919883796672,1.3072528747788834,constant_log_futures
2025-07-03,2855,3,-0.003488711780321091,2.4273901444722985e-05,-0.003488711780321091,2.4273901444722985e-05,0.007402136299116053,-0.6262870609955317,constant_log_futures
2025-07-04,2856,0,-4.168103845377663e-05,6.269603295249741e-06,-4.168103845377663e-05,6.269603295249741e-06,0.00101701733827215,-0.01664632998616163,constant_log_futures
2025-07-04,2857,1,0.00015642611711980114,1.7364152409250966e-05,0.00015642611711980114,1.7364152409250966e-05,-0.0012722657525743827,0.11725117946541086,constant_log_futures
2025-07-04,2858,2,0.0011986932716385838,2.171649368109473e-05,0.0011986932716385838,2.171649368109473e-05,-0.005317839241451172,0.7730142890976883,constant_log_futures
2025-07-04,2859,3,-0.00038048231956791523,2.4246244797781802e-05,-0.00038048231956791523,2.4246244797781802e-05,0.000814365666443608,-0.8036834994341001,constant_log_futures
2025-07-07,2860,0,-0.0026797038821337587,5.532939175268456e-06,-0.0026797038821337587,5.532939175268456e-06,0.07264974969340413,-1.1392232964400857,constant_log_futures
2025-07-07,2861,1,-0.003186404144620115,1.7027166581416868e-05,-0.003186404144620115,1.7027166581416868e-05,0.026809745216803727,0.49922047432017075,constant_log_futures
2025-07-07,2862,2,-0.0024516125183899236,2.163940356413965e-05,-0.0024516125183899236,2.163940356413965e-05,0.011077656564576693,0.9851340354643127,constant_log_futures
2025-07-07,2863,3,-0.004640689638387832,2.4218774488696724e-05,-0.004640689638387832,2.4218774488696724e-05,0.010020604174925937,-1.111211204235487,constant_log_futures
2025-07-08,2864,0,0.0030159127515285004,4.804563672612401e-06,0.0030159127515285004,4.804563672612401e-06,-0.09198533892161925,1.3759156070076182,constant_log_futures
2025-07-08,2865,1,0.005630336414500694,1.6670701199139837e-05,0.005630336414500694,1.6670701199139837e-05,-0.049064360183506045,0.3707952351634251,constant_log_futures
2025-07-08,2866,2,0.007540541023388369,2.155830852842337e-05,0.007540541023388369,2.155830852842337e-05,-0.03471494357937287,0.9245094850410175,constant_log_futures
2025-07-08,2867,3,0.005871612698888327,2.419148853673752e-05,0.005871612698888327,2.419148853673752e-05,-0.012791727665435284,-0.9044209852096122,constant_log_futures
2025-07-09,2868,0,-0.0010735325648670141,4.094008617115068e-06,-0.0010735325648670141,4.094008617115068e-06,0.03742027797536449,-0.5305677481178603,constant_log_futures
2025-07-09,2869,1,-0.0013472092639898962,1.629384316109472e-05,-0.0013472092639898962,1.629384316109472e-05,0.012174780015316099,0.22156884396142257,constant_log_futures
2025-07-09,2870,2,-0.0003727273978491076,2.1472901999380498e-05,-0.0003727273978491076,2.1472901999380498e-05,0.0017489516360611973,0.8859365484414948,constant_log_futures
2025-07-09,2871,3,-0.0017534439421552153,2.4164383155026733e-05,-0.0017534439421552153,2.4164383155026733e-05,0.00385441731428714,-0.6332513245177606,constant_log_futures
2025-07-10,2872,0,-0.0012020093405311328,3.4128410585679346e-06,-0.0012020093405311328,3.4128410585679346e-06,0.0488817131815994,-0.6506535609891568,constant_log_futures
2025-07-10,2873,1,-0.0010961655032846376,1.589567425016539e-05,-0.0010961655032846376,1.589567425016539e-05,0.010287091646209676,0.4582347074130936,constant_log_futures
2025-07-10,2874,2,0.0005256652057132848,2.1382842573002728e-05,0.0005256652057132848,2.1382842573002728e-05,-0.0025149472587066954,1.3728742562544944,constant_log_futures
2025-07-10,2875,3,-0.00041720060724986796,2.413745172890102e-05,-0.00041720060724986796,2.413745172890102e-05,0.0009254268015360707,-0.25382817750323555,constant_log_futures
2025-07-11,2877,0,0.0035943422393177934,1.5475276989230448e-05,0.0035943422393177934,1.5475276989230448e-05,-0.03508078025574166,0.9136928176286209,constant_log_futures
2025-07-11,2878,1,0.0059036063180333,2.1287745299682052e-05,0.0059036063180333,2.1287745299682052e-05,-0.028809598832002504,1.265710609895673,constant_log_futures
2025-07-11,2879,2,0.005408641312741408,2.411068356395357e-05,0.005408641312741408,2.411068356395357e-05,-0.0121074172505404,-0.08150587830624054,constant_log_futures
2025-07-14,2881,0,-0.0035677106910585628,1.5050298428596139e-05,-0.0035677106910585628,1.5050298428596139e-05,0.03627172535909539,-0.9196383509781031,constant_log_futures
2025-07-14,2882,1,-0.002476360672039754,2.1200973949109537e-05,-0.002476360672039754,2.1200973949109537e-05,0.0123312653873,0.9922354929945781,constant_log_futures
2025-07-14,2883,2,-0.0030424527219920852,2.4084062261989047e-05,-0.0030424527219920852,2.4084062261989047e-05,0.006873689483019156,-0.034560838935491896,constant_log_futures
2025-07-15,2885,0,-0.001690878509209251,1.457826720986429e-05,-0.001690878509209251,1.457826720986429e-05,0.01793801548900249,-0.4428528574118101,constant_log_futures
2025-07-15,2886,1,-0.0008569493464890832,2.1090797214050857e-05,-0.0008569493464890832,2.1090797214050857e-05,0.004356159177986173,0.6875248045407496,constant_log_futures
2025-07-15,2887,2,-0.0011333929730418454,2.4060263841840147e-05,-0.0011333929730418454,2.4060263841840147e-05,0.002584559676843087,0.029721336328286718,constant_log_futures
2025-07-16,2889,0,-0.0010869423868564189,1.4080760014399343e-05,-0.0010869423868564189,1.4080760014399343e-05,0.012055179199680282,-0.2896633017336916,constant_log_futures
2025-07-16,2890,1,5.2534528036055766e-05,2.0974007269829266e-05,5.2534528036055766e-05,2.0974007269829266e-05,-0.0002727324434212257,0.837857327185167,constant_log_futures
2025-07-16,2891,2,-0.001127962424501007,2.4033929357070882e-05,-0.001127962424501007,2.4033929357070882e-05,0.002596441807341941,-0.5049511464495543,constant_log_futures
2025-07-17,2893,0,0.0019362334546743718,1.3558225521867378e-05,0.0019362334546743718,1.3558225521867378e-05,-0.022497188711454605,0.5258432372589705,constant_log_futures
2025-07-17,2894,1,0.0032873617500575776,2.0850376987086176e-05,0.0032873617500575776,2.0850376987086176e-05,-0.017437310152479325,0.6590354198202708,constant_log_futures
2025-07-17,2895,2,0.0021117823805735653,2.4006849011636785e-05,0.0021117823805735653,2.4006849011636785e-05,-0.004907380008189999,-0.6266577890060239,constant_log_futures
2025-07-18,2897,0,0.0004982257249266028,1.3010607723010367e-05,0.0004982257249266028,1.3010607723010367e-05,-0.006078353844104555,0.13812661099612586,constant_log_futures
2025-07-18,2898,1,0.0013107451391732375,2.0719506784479507e-05,0.0013107451391732375,2.0719506784479507e-05,-0.007107151421294887,0.4562417758590666,constant_log_futures
2025-07-18,2899,2,0.0005701514552823861,2.3979624432924833e-05,0.0005701514552823861,2.3979624432924833e-05,-0.0013376630297009828,-0.36743594445531375,constant_log_futures
2025-07-21,2900,0,-0.0027844571818669787,1.2437875005725553e-05,-0.0027844571818669787,1.2437875005725553e-05,0.03575829223029173,-0.7895278424285964,constant_log_futures
2025-07-21,2901,1,-0.0014232400389201372,2.058094156936283e-05,-0.0014232400389201372,2.058094156936283e-05,0.007892512943102578,1.2075731565040855,constant_log_futures
2025-07-21,2902,2,-0.0018772211320368937,2.3952437599263544e-05,-0.0018772211320368937,2.3952437599263544e-05,0.004447009283660214,0.07381362985452869,constant_log_futures
2025-07-21,2903,3,-0.0012693563556064602,2.681894192066046e-05,-0.0012693563556064602,2.681894192066046e-05,0.001935768442299852,0.23389482406217754,constant_log_futures
2025-07-22,2904,0,0.002876606872342146,1.1835982865476887e-05,0.002876606872342146,1.1835982865476887e-05,-0.038994004269526865,0.8361387479654271,constant_log_futures
2025-07-22,2905,1,0.004370413619744634,2.0426434849804013e-05,0.004370413619744634,2.0426434849804013e-05,-0.024799556353899785,0.5215789235749251,constant_log_futures
2025-07-22,2906,2,0.004165293476349197,2.3578267944981195e-05,0.004165293476349197,2.3578267944981195e-05,-0.009964035374796117,-0.1138206420009501,constant_log_futures
2025-07-22,2907,3,0.004582707875287091,2.568823304474774e-05,0.004582707875287091,2.568823304474774e-05,-0.007032583154528618,0.21762709991085838,constant_log_futures
2025-07-23,2908,0,0.0008083590567969151,1.1199934802427907e-05,0.0008083590567969151,1.1199934802427907e-05,-0.01160232999167337,0.24154417086547106,constant_log_futures
2025-07-23,2909,1,0.0021769341901158434,2.026028999361126e-05,0.0021769341901158434,2.026028999361126e-05,-0.012646951009244423,0.7139321423102256,constant_log_futures
2025-07-23,2910,2,0.002089729724934923,2.354922674928575e-05,0.002089729724934923,2.354922674928575e-05,-0.005048455969149715,0.08756431704812637,constant_log_futures
2025-07-23,2911,3,0.002262965392877528,2.5616368429042618e-05,0.002262965392877528,2.5616368429042618e-05,-0.0034947060497602326,0.06783980904485426,constant_log_futures
2025-07-24,2912,0,0.0014367242909121137,1.0552355706222469e-05,0.0014367242909121137,1.0552355706222469e-05,-0.021910045436409734,0.442281448598398,constant_log_futures
2025-07-24,2913,1,0.0041384256538507195,2.009375880053892e-05,0.0041384256538507195,2.009375880053892e-05,-0.02462867950096526,1.3872514750881968,constant_log_futures
2025-07-24,2914,2,0.003990749111621714,2.3522416392759617e-05,0.003990749111621714,2.3522416392759617e-05,-0.009737427832356982,0.1734199559068387,constant_log_futures
2025-07-24,2915,3,0.00394026528638141,2.5577548392904633e-05,0.00394026528638141,2.5577548392904633e-05,-0.006123724394121427,-0.11468692629401309,constant_log_futures
2025-07-25,2916,0,-0.0028784761896608734,9.884048721066919e-06,-0.0028784761896608734,9.884048721066919e-06,0.04682321268515021,-0.9155776921500646,constant_log_futures
2025-07-25,2917,1,-0.002015007459305152,1.9918706109860982e-05,-0.002015007459305152,1.9918706109860982e-05,0.012291545501761428,1.0503616944801089,constant_log_futures
2025-07-25,2918,2,-0.002379844158555522,2.3495937864737106e-05,-0.002379844158555522,2.3495937864737106e-05,0.005865474491793407,0.16783847881083036,constant_log_futures
2025-07-25,2919,3,-0.002407350474664831,2.554313656828028e-05,-0.002407350474664831,2.554313656828028e-05,0.0037653430501167866,-0.08019794373098164,constant_log_futures
2025-07-28,2920,0,-0.003820857918765559,9.195308570060819e-06,-0.003820857918765559,9.195308570060819e-06,0.0665920951556283,-1.2600208588753514,constant_log_futures
2025-07-28,2921,1,-0.0037402153241680117,1.9733339310308897e-05,-0.0037402153241680117,1.9733339310308897e-05,0.02340032151530756,0.8272961310851837,constant_log_futures
2025-07-28,2922,2,-0.004287331981962968,2.3469603345812132e-05,-0.004287331981962968,2.3469603345812132e-05,0.010674581669377185,0.06149546021057373,constant_log_futures
2025-07-28,2923,3,-0.004916485131106943,2.5509525258521678e-05,-0.004916485131106943,2.5509525258521678e-05,0.007739499174129639,-0.4671227887069336,constant_log_futures
2025-07-29,2924,0,0.00034854801365020657,8.488319660770314e-06,0.00034854801365020657,8.488319660770314e-06,-0.006541978102357723,0.11963320808640697,constant_log_futures
2025-07-29,2925,1,0.002494786114821122,1.953683536455238e-05,0.002494786114821122,1.953683536455238e-05,-0.016019152947798782,1.1432995501439969,constant_log_futures
2025-07-29,2926,2,0.0013900287389696786,2.3443387873825336e-05,0.0013900287389696786,2.3443387873825336e-05,-0.003496567137202078,-0.484618703266078,constant_log_futures
2025-07-29,2927,3,0.0006151408727554791,2.5476209424965052e-05,0.0006151408727554791,2.5476209424965052e-05,-0.000974638785404785,-0.638895110572858,constant_log_futures
2025-07-30,2928,0,-0.0011815249178599328,7.766187953283081e-06,-0.0011815249178599328,7.766187953283081e-06,0.0240243399964853,-0.42397371902609654,constant_log_futures
2025-07-30,2929,1,1.8773973582306494e-05,1.9328485600166274e-05,1.8773973582306494e-05,1.9328485600166274e-05,-0.00012380674470494012,0.9525069896902241,constant_log_futures
2025-07-30,2930,2,-0.0009213273662805749,2.3417287298899358e-05,-0.0009213273662805749,2.3417287298899358e-05,0.002341707055963128,-0.3233934914667274,constant_log_futures
2025-07-30,2931,3,-0.0015293851696720415,2.5443120498211297e-05,-0.0015293851696720415,2.5443120498211297e-05,0.002439019486274367,-0.4990830247105848,constant_log_futures
2025-07-31,2932,0,-0.0022341332072917013,7.032932897214404e-06,-0.0022341332072917013,7.032932897214404e-06,0.04955713659810683,-0.8424435837146564,constant_log_futures
2025-07-31,2933,1,-0.001246783455123508,1.910756817060094e-05,-0.001246783455123508,1.910756817060094e-05,0.00845042119583711,1.1218441273566075,constant_log_futures
2025-07-31,2934,2,-0.0017426972073090463,2.3391299523501606e-05,-0.0017426972073090463,2.3391299523501606e-05,0.0044759801956148135,0.06832141518766563,constant_log_futures
2025-07-31,2935,3,-0.002869575438724424,2.5410252736447597e-05,-0.002869575438724424,2.5410252736447597e-05,0.004606423730583943,-0.7956608164570598,constant_log_futures
2025-08-01,2936,0,-0.002470060660461045,6.293632296282746e-06,-0.002470060660461045,6.293632296282746e-06,0.0602694801152495,-0.9845934357665724,constant_log_futures
2025-08-01,2937,1,-0.0006269070438908488,1.8873326559240692e-05,-0.0006269070438908488,1.8873326559240692e-05,0.004370437677410488,1.6657880913712864,constant_log_futures
2025-08-01,2938,2,-0.0003741484404625392,2.3365421413019603e-05,-0.0003741484404625392,2.3365421413019603e-05,0.0009711938241793571,0.648525375790349,constant_log_futures
2025-08-01,2939,3,-0.002007466767998199,2.5377609329244895e-05,-0.002007466767998199,2.5377609329244895e-05,0.0032438535853745736,-1.0793909306527407,constant_log_futures
2025-08-04,2940,0,0.0014568193040968998,5.554613527584287e-06,0.0014568193040968998,5.554613527584287e-06,-0.03949599002218262,0.618128494045807,constant_log_futures
2025-08-04,2941,1,0.004735265253334786,1.8624963096579595e-05,0.004735265253334786,1.8624963096579595e-05,-0.033982491818049645,1.1833292852247546,constant_log_futures
2025-08-04,2942,2,0.004805654660613917,2.3339647462017175e-05,0.004805654660613917,2.3339647462017175e-05,-0.01260838427085802,0.06497931972335547,constant_log_futures
2025-08-04,2943,3,0.0033702066280596743,2.5345194167535815e-05,0.0033702066280596743,2.5345194167535815e-05,-0.005482202781643737,-0.9688396807887308,constant_log_futures
2025-08-05,2944,0,-0.0017772108389141816,4.823680643940248e-06,-0.0017772108389141816,4.823680643940248e-06,0.054204930586882534,-0.8091884582657952,constant_log_futures
2025-08-05,2945,1,-0.0008820921582168607,1.8361633587401822e-05,-0.0008820921582168607,1.8361633587401822e-05,0.006522135957724667,1.016734777461112,constant_log_futures
2025-08-05,2946,2,-0.0011651815618229575,2.3313968237042363e-05,-0.0011651815618229575,2.3313968237042363e-05,0.0030902641422261047,0.13812952454834676,constant_log_futures
2025-08-05,2947,3,-0.003042567082650688,2.531301009396037e-05,-0.003042567082650688,2.531301009396037e-05,0.004982458846756832,-1.2474800289530246,constant_log_futures
2025-08-06,2948,0,-0.0006745319260921833,4.110380889835427e-06,-0.0006745319260921833,4.110380889835427e-06,0.023512255709498962,-0.33270664588494503,constant_log_futures
2025-08-06,2949,1,0.0012185629016813453,1.8082440532312517e-05,0.0012185629016813453,1.8082440532312517e-05,-0.009291542125320258,1.089387394649459,constant_log_futures
2025-08-06,2950,2,0.002344250575939011,2.3288368145381826e-05,0.002344250575939011,2.3288368145381826e-05,-0.006285682862957347,0.8697007477288022,constant_log_futures
2025-08-06,2951,3,0.0016686806972374887,2.5281057866442765e-05,0.0016686806972374887,2.5281057866442765e-05,-0.0027510681765266706,-0.38324215050513105,constant_log_futures
2025-08-07,2952,0,-0.002582639563345729,3.426316774631203e-06,-0.002582639563345729,3.426316774631203e-06,0.10502734224272631,-1.3952436139992388,constant_log_futures
2025-08-07,2953,1,-0.0023388388912902233,1.7786424137555957e-05,-0.0023388388912902233,1.7786424137555957e-05,0.018408925466929498,1.0598958204844429,constant_log_futures
2025-08-07,2954,2,-0.002305278586724649,2.3262822230077646e-05,-0.002305278586724649,2.3262822230077646e-05,0.006249866390675715,0.4353225989011909,constant_log_futures
2025-08-07,2955,3,-0.004137945923462165,2.524933488911421e-05,-0.004137945923462165,2.524933488911421e-05,0.006868427247107268,-1.1823545738422234,constant_log_futures
2025-08-08,2957,0,0.000985701012497165,1.747255069289125e-05,0.000985701012497165,1.747255069289125e-05,-0.00801703490164361,0.2358126224579064,constant_log_futures
2025-08-08,2958,1,0.0013507526661190386,2.3237291666692058e-05,0.0013507526661190386,2.3237291666692058e-05,-0.0037031870846409598,0.17042076567427483,constant_log_futures
2025-08-08,2959,2,-0.00010329821041104442,2.521783345807993e-05,-0.00010329821041104442,2.521783345807993e-05,0.0001726353653444852,-0.905666359962037,constant_log_futures
2025-08-11,2961,0,0.0012825155402880675,1.7170957483086696e-05,0.0012825155402880675,1.7170957483086696e-05,-0.010790820407940983,0.30950336827910396,constant_log_futures
2025-08-11,2962,1,0.003188804046291134,2.321908451769946e-05,0.003188804046291134,2.321908451769946e-05,-0.008841683946534508,1.0668129029114148,constant_log_futures
2025-08-11,2963,2,0.001899907217017681,2.518734698364542e-05,0.001899907217017681,2.518734698364542e-05,-0.003197085247946994,-0.6969101552896314,constant_log_futures
2025-08-12,2965,0,0.0009988238410489052,1.6811002443800762e-05,0.0009988238410489052,1.6811002443800762e-05,-0.00870403632914046,0.2436083074540151,constant_log_futures
2025-08-12,2966,1,0.002349051499901056,2.3191338660575103e-05,0.002349051499901056,2.3191338660575103e-05,-0.00658814443650411,0.7412038536776736,constant_log_futures
2025-08-12,2967,2,0.0015123110010176744,2.5158863540397946e-05,0.0015123110010176744,2.5158863540397946e-05,-0.002562526973946615,-0.4477546544788669,constant_log_futures
2025-08-13,2969,0,0.0020340446412935725,1.6427756012830376e-05,0.0020340446412935725,1.6427756012830376e-05,-0.01838173675835673,0.5018470298643823,constant_log_futures
2025-08-13,2970,1,0.0049503455480408715,2.316343831760434e-05,0.0049503455480408715,2.316343831760434e-05,-0.014045166438627589,1.5872199735994212,constant_log_futures
2025-08-13,2971,2,0.005481109616587078,2.5127479686389915e-05,0.005481109616587078,2.5127479686389915e-05,-0.00935238284228844,0.505123612071217,constant_log_futures
2025-08-14,2973,0,0.0011218216530588009,1.6022494982671845e-05,0.0011218216530588009,1.6022494982671845e-05,-0.010527864744090286,0.2802584696685916,constant_log_futures
2025-08-14,2974,1,0.003196863863752876,2.313536455817026e-05,0.003196863863752876,2.313536455817026e-05,-0.009176879797125902,1.13683924250001,constant_log_futures
2025-08-14,2975,2,0.003044784027382459,2.5095594455449485e-05,0.003044784027382459,2.5095594455449485e-05,-0.005231882413248733,0.025122494764898494,constant_log_futures
2025-08-15,2977,0,0.0017845654878214986,1.559483264715189e-05,0.0017845654878214986,1.559483264715189e-05,-0.017417359161137826,0.45189978063259884,constant_log_futures
2025-08-15,2978,1,0.005155834326440026,2.3107096889935698e-05,0.005155834326440026,2.3107096889935698e-05,-0.014976471138706742,1.8253956561663371,constant_log_futures
2025-08-15,2979,2,0.005868814162322614,2.5063753359129986e-05,0.005868814162322614,2.5063753359129986e-05,-0.010155962096501544,0.6408354436454878,constant_log_futures
2025-08-18,2980,0,-0.003840481369873549,1.5144100571017568e-05,-0.003840481369873549,1.5144100571017568e-05,0.03904489392704775,-0.9868790284519482,constant_log_futures
2025-08-18,2981,1,-0.004927346370666988,1.9630963968721886e-05,-0.004927346370666988,1.9630963968721886e-05,0.03163875038007224,-0.5465653762605476,constant_log_futures
2025-08-18,2982,2,-0.0007415155648249211,2.3078614142273293e-05,-0.0007415155648249211,2.3078614142273293e-05,0.002179877082135913,2.9221326323279375,constant_log_futures
2025-08-18,2983,3,0.0014462888203609775,2.5032075136672126e-05,0.0014462888203609775,2.5032075136672126e-05,-0.002520674801200561,1.894171699406832,constant_log_futures
2025-08-19,2984,0,-0.0025801136136200343,1.4530881674509558e-05,-0.0025801136136200343,1.4530881674509558e-05,0.027371640074925582,-0.6768506449931463,constant_log_futures
2025-08-19,2985,1,-0.0042541137163318275,1.9267915191899045e-05,-0.0042541137163318275,1.9267915191899045e-05,0.028054155318512592,-0.987985505966489,constant_log_futures
2025-08-19,2986,2,-0.0016225590257099819,2.2985015137953595e-05,-0.0016225590257099819,2.2985015137953595e-05,0.004828102466746776,1.6460537537124293,constant_log_futures
2025-08-19,2987,3,-0.0029426688268294407,2.499859468781956e-05,-0.0029426688268294407,2.499859468781956e-05,0.0051655481564488025,-0.4861881898614699,constant_log_futures
2025-08-20,2988,0,0.004692822666033977,1.4030096907064468e-05,0.004692822666033977,1.4030096907064468e-05,-0.052047669568740476,1.2528636467671233,constant_log_futures
2025-08-20,2989,1,0.003885298405169638,1.9039138264163077e-05,0.003885298405169638,1.9039138264163077e-05,-0.026333689190594214,-0.847852466921935,constant_log_futures
2025-08-20,2990,2,0.00706888638099273,2.2954514785589547e-05,0.00706888638099273,2.2954514785589547e-05,-0.02129392934521267,1.6082256116402334,constant_log_futures
2025-08-20,2991,3,0.007229798736319931,2.495722765125049e-05,0.007229798736319931,2.495722765125049e-05,-0.012783122403348285,0.4329008105326034,constant_log_futures
2025-08-21,2992,0,-0.0026495469742505344,1.3507917227668466e-05,-0.0026495469742505344,1.3507917227668466e-05,0.030785212462720497,-0.7209039883301699,constant_log_futures
2025-08-21,2993,1,-0.004560380978439507,1.8799146631014653e-05,-0.004560380978439507,1.8799146631014653e-05,0.031792370249692566,-1.08955521759164,constant_log_futures
2025-08-21,2994,2,-0.0023409064394980528,2.292370626868962e-05,-0.0023409064394980528,2.292370626868962e-05,0.007139764640469061,1.3642452722181964,constant_log_futures
2025-08-21,2995,3,-0.003073825867734789,2.4924048653727335e-05,-0.003073825867734789,2.4924048653727335e-05,0.005474551180491157,-0.15406001476527836,constant_log_futures
2025-08-22,2996,0,0.004991693219313961,1.2961370239072438e-05,0.004991693219313961,1.2961370239072438e-05,-0.06089865727563033,1.3865081551553373,constant_log_futures
2025-08-22,2997,1,0.003960737073298678,1.854514217466197e-05,0.003960737073298678,1.854514217466197e-05,-0.0284241131142611,-1.0874167575515536,constant_log_futures
2025-08-22,2998,2,0.006219348880870924,2.289248117377737e-05,0.006219348880870924,2.289248117377737e-05,-0.019209128189019056,0.8085708299612199,constant_log_futures
2025-08-22,2999,3,0.005146663977125029,2.489257141123918e-05,0.005146663977125029,2.489257141123918e-05,-0.009233720664841965,-0.4955883087141756,constant_log_futures
2025-08-25,3000,0,-0.00589669317255802,1.2389946360751004e-05,-0.00589669317255802,1.2389946360751004e-05,0.07572595442653457,-1.6752275911492274,constant_log_futures
2025-08-25,3001,1,-0.007782567383441888,1.827601900770746e-05,-0.007782567383441888,1.827601900770746e-05,0.0575438315624188,-0.716577336148536,constant_log_futures
2025-08-25,3002,2,-0.005031963217874767,2.286077644407627e-05,-0.005031963217874767,2.286077644407627e-05,0.015741013143095426,2.17518852704564,constant_log_futures
2025-08-25,3003,3,-0.005529429686358854,2.4861554796261078e-05,-0.005529429686358854,2.4861554796261078e-05,0.00999393217386341,0.128715513369921,constant_log_futures
2025-08-26,3004,0,-0.00048528830170369887,1.1793719144593575e-05,-0.00048528830170369887,1.1793719144593575e-05,0.006578352534205696,-0.14131049957378625,constant_log_futures
2025-08-26,3005,1,-0.002068662605495356,1.7990903531424818e-05,-0.002068662605495356,1.7990903531424818e-05,0.01577355236690209,-0.9866491261211044,constant_log_futures
2025-08-26,3006,2,0.00010642504824639673,2.282854729375185e-05,0.00010642504824639673,2.282854729375185e-05,-0.00033724301002754285,1.233564491926648,constant_log_futures
2025-08-26,3007,3,-0.0018201932750596464,2.4830780128194664e-05,-0.0018201932750596464,2.4830780128194664e-05,0.0033143817844369676,-0.9583945761035328,constant_log_futures
2025-08-27,3008,0,0.001231005008914667,1.1173118367527334e-05,0.001231005008914667,1.1173118367527334e-05,-0.01766854248089287,0.368275323959365,constant_log_futures
2025-08-27,3009,1,-0.00018423109763710498,1.7688950343925632e-05,-0.00018423109763710498,1.7688950343925632e-05,0.0014500770265630197,-1.0507003318284118,constant_log_futures
2025-08-27,3010,2,0.0009439871064453112,2.2795750310435653e-05,0.0009439871064453112,2.2795750310435653e-05,-0.0030306954470086305,0.3318648724344498,constant_log_futures
2025-08-27,3011,3,-0.0012767850402145842,2.48002112762695e-05,-0.0012767850402145842,2.48002112762695e-05,0.0023423725549801392,-1.3100736547144087,constant_log_futures
2025-08-28,3012,0,-0.00427323442177723,1.0528944492822714e-05,-0.00427323442177723,1.0528944492822714e-05,0.06516682493210275,-1.316934878664944,constant_log_futures
2025-08-28,3013,1,-0.006346924871395401,1.736930912804944e-05,-0.006346924871395401,1.736930912804944e-05,0.05162165562068259,-0.8051996441258288,constant_log_futures
2025-08-28,3014,2,-0.005851457292173994,2.276234064765404e-05,-0.005851457292173994,2.276234064765404e-05,0.019036741057206062,0.5831957932861835,constant_log_futures
2025-08-28,3015,3,-0.008445879793327865,2.476984528166633e-05,-0.008445879793327865,2.476984528166633e-05,0.015612080830090901,-1.501806874692257,constant_log_futures
2025-08-29,3016,0,0.0007535791173573191,9.862434562476874e-06,0.0007535791173573191,9.862434562476874e-06,-0.01225822030901239,0.23995885875220574,constant_log_futures
2025-08-29,3017,1,-0.0004609451084491168,1.7031123218565244e-05,-0.0004609451084491168,1.7031123218565244e-05,0.0038782967745373967,-0.8671286661130241,constant_log_futures
2025-08-29,3018,2,0.0005217369084756299,2.2728271522538397e-05,0.0005217369084756299,2.2728271522538397e-05,-0.0017203216982169416,0.33982371902660974,constant_log_futures
2025-08-29,3019,3,-0.0030061778385913965,2.473968557756927e-05,-0.0030061778385913965,2.473968557756927e-05,0.005599293073406876,-2.1481863370024983,constant_log_futures
2025-09-01,3020,0,-0.006654863649894293,9.175348072166482e-06,-0.006654863649894293,9.175348072166482e-06,0.11598476646958625,-2.1969890254483326,constant_log_futures
2025-09-01,3021,1,-0.008381756606946015,1.667353503506461e-05,-0.008381756606946015,1.667353503506461e-05,0.07304102186052956,-0.08559388671032435,constant_log_futures
2025-09-01,3022,2,-0.007507621570281547,2.2693494044848408e-05,-0.007507621570281547,2.2693494044848408e-05,0.02509396798833832,1.4572463348321263,constant_log_futures
2025-09-01,3023,3,-0.011270477756262796,2.470973715588878e-05,-0.011270477756262796,2.470973715588878e-05,0.021153819788677863,-2.118671192623849,constant_log_futures
2025-09-02,3024,0,0.005182157017560356,8.470069076835816e-06,0.005182157017560356,8.470069076835816e-06,-0.09726510094497899,1.7806029629993256,constant_log_futures
2025-09-02,3025,1,0.007913516114992648,1.6295693976999173e-05,0.007913516114992648,1.6295693976999173e-05,-0.07151473822437801,0.8204523071791533,constant_log_futures
2025-09-02,3026,2,0.008567699227287114,2.2657957028604717e-05,0.008567699227287114,2.2657957028604717e-05,-0.02903498071469522,-0.1357482852751909,constant_log_futures
2025-09-02,3027,3,0.006133046358647365,2.4680005695150976e-05,0.006133046358647365,2.4680005695150976e-05,-0.011600490786898893,-1.6174000087384632,constant_log_futures
2025-09-03,3028,0,-0.0010831509672302696,7.749725991648244e-06,-0.0010831509672302696,7.749725991648244e-06,0.02202406966701548,-0.38908619153019103,constant_log_futures
2025-09-03,3029,1,-0.003061899796454959,1.5896766123872626e-05,-0.003061899796454959,1.5896766123872626e-05,0.028734751935961925,-0.9889617863257437,constant_log_futures
2025-09-03,3030,2,-0.0022894562998606177,2.2621606680167508e-05,-0.0022894562998606177,2.2621606680167508e-05,0.007867990664309729,0.48327105785422936,constant_log_futures
2025-09-03,3031,3,-0.004621166478036148,2.4650497394635156e-05,-0.004621166478036148,2.4650497394635156e-05,0.008809098598756407,-1.3507133040017356,constant_log_futures
2025-09-04,3032,0,0.0030836167442702704,7.0183318751019666e-06,0.0030836167442702704,7.0183318751019666e-06,-0.06840022596381327,1.1639744432613321,constant_log_futures
2025-09-04,3033,1,0.002936519355811837,1.5475945789406323e-05,0.002936519355811837,1.5475945789406323e-05,-0.028660428912723527,-0.6933107622729812,constant_log_futures
2025-09-04,3034,2,0.0041637423083763225,2.2584386066665283e-05,0.0041637423083763225,2.2584386066665283e-05,-0.014513616046340326,0.12857018488911257,constant_log_futures
2025-09-04,3035,3,0.0021731720137148913,2.462121890806972e-05,0.0021731720137148913,2.462121890806972e-05,-0.004175228120838059,-1.21642595854379,constant_log_futures
2025-09-05,3036,0,0.003019260609770914,6.2809486933832365e-06,0.003019260609770914,6.2809486933832365e-06,-0.07366995887841031,1.2047251537604526,constant_log_futures
2025-09-05,3037,1,0.0031312576094291444,1.5032469123064427e-05,0.0031312576094291444,1.5032469123064427e-05,-0.03183445236252964,-0.5867934166037043,constant_log_futures
2025-09-05,3038,2,0.005150419903301222,2.2546234226659112e-05,0.005150419903301222,2.2546234226659112e-05,-0.018213079078340553,0.6255597651765797,constant_log_futures
2025-09-05,3039,3,0.004263624415129695,2.459217724542307e-05,0.004263624415129695,2.459217724542307e-05,-0.008256542518187663,-0.44049072658041505,constant_log_futures
2025-09-08,3040,0,-0.007180980012431046,5.543879767428962e-06,-0.007180980012431046,5.543879767428962e-06,0.19468434700368614,-3.0498383169789265,constant_log_futures
2025-09-08,3041,1,-0.009328110232828115,1.4565629995025879e-05,-0.009328110232828115,1.4565629995025879e-05,0.09895908247000262,0.5021508079519229,constant_log_futures
2025-09-08,3042,2,-0.008334455134017225,2.2507084712867932e-05,-0.008334455134017225,2.2507084712867932e-05,0.029905986069120635,2.2841887673529264,constant_log_futures
2025-09-08,3043,3,-0.009223919017752436,2.4563379588804672e-05,-0.009223919017752436,2.4563379588804672e-05,0.018005089922652755,-0.19024303317510435,constant_log_futures
2025-09-09,3044,0,-0.00134353626138426,4.814895418090202e-06,-0.00134353626138426,4.814895418090202e-06,0.04097785597221992,-0.6122883033138018,constant_log_futures
2025-09-09,3045,1,-0.001260671387033183,1.4074798434189953e-05,-0.001260671387033183,1.4074798434189953e-05,0.013981991747095301,0.3852754221479969,constant_log_futures
2025-09-09,3046,2,-0.00012605192337806354,2.2466863248948796e-05,-0.00012605192337806354,2.2466863248948796e-05,0.0004590547657350373,1.0766008968002514,constant_log_futures
2025-09-09,3047,3,-0.002285236434590915,2.4534832968281965e-05,-0.002285236434590915,2.4534832968281965e-05,0.0044967555648401875,-1.1950090715286328,constant_log_futures
2025-09-10,3048,0,-0.004536704990492708,4.1034977738094264e-06,-0.004536704990492708,4.1034977738094264e-06,0.15813657395431724,-2.239563795483513,constant_log_futures
2025-09-10,3049,1,-0.0036187358478266783,1.3559441946642616e-05,-0.0036187358478266783,1.3559441946642616e-05,0.042046264136652835,1.7012327218877468,constant_log_futures
2025-09-10,3050,2,-0.0030113587821796114,2.2425484026574036e-05,-0.0030113587821796114,2.2425484026574036e-05,0.011132902164421593,1.6526663449760688,constant_log_futures
2025-09-10,3051,3,-0.006313272030058589,2.4506543722268834e-05,-0.006313272030058589,2.4506543722268834e-05,0.01252388923036013,-1.8563863720870097,constant_log_futures
2025-09-11,3052,0,0.005315286319713179,3.421231761710896e-06,0.005315286319713179,3.421231761710896e-06,-0.2161549770016693,2.8736602200944668,constant_log_futures
2025-09-11,3053,1,0.00844838818861553,1.3019150164173378e-05,0.00844838818861553,1.3019150164173378e-05,-0.10307033590110948,-0.01593201004096602,constant_log_futures
2025-09-11,3054,2,0.012129008788052315,2.2382843952667157e-05,0.012129008788052315,2.2382843952667157e-05,-0.04553043298899638,0.6204711821918726,constant_log_futures
2025-09-11,3055,3,0.00986344301247128,2.447851663346657e-05,0.00986344301247128,2.447851663346657e-05,-0.01972688602494256,-1.3328310033084114,constant_log_futures
2025-09-12,3057,0,-0.0038469189993715087,1.2453663532476454e-05,-0.0038469189993715087,1.2453663532476454e-05,0.04940253872877095,-1.090095327006801,constant_log_futures
2025-09-12,3058,1,-0.003963743029621641,2.233881387484349e-05,-0.003963743029621641,2.233881387484349e-05,0.015111770300432504,0.4897585025461481,constant_log_futures
2025-09-12,3059,2,-0.007374067284697819,2.4450753585070127e-05,-0.007374067284697819,2.4450753585070127e-05,0.014870019979060064,-2.0287633035833976,constant_log_futures
2025-09-15,3061,0,-0.003645555194252914,1.1885025365015068e-05,-0.003645555194252914,1.1885025365015068e-05,0.049417525966539505,-1.0574592035830894,constant_log_futures
2025-09-15,3062,1,-0.0027575543964647696,2.2306919485996856e-05,-0.0027575543964647696,2.2306919485996856e-05,0.010680051948212758,1.0870976480308456,constant_log_futures
2025-09-15,3063,2,-0.0065368352384436515,2.4423291158305277e-05,-0.0065368352384436515,2.4423291158305277e-05,0.013291564984835426,-2.168085928015202,constant_log_futures
2025-09-16,3065,0,0.00139080259622088,1.1264259554172676e-05,0.00139080259622088,1.1264259554172676e-05,-0.01996210785164087,0.41439467703252386,constant_log_futures
2025-09-16,3066,1,0.005324151176923829,2.2256126441680377e-05,0.005324151176923829,2.2256126441680377e-05,-0.02095311108337765,1.9929168525386984,constant_log_futures
2025-09-16,3067,2,0.0027599109823268214,2.4399001620770363e-05,0.0027599109823268214,2.4399001620770363e-05,-0.005658977140233146,-1.3182033591400095,constant_log_futures
2025-09-17,3069,0,0.0004893566413912281,1.061761216297979e-05,0.0004893566413912281,1.061761216297979e-05,-0.007462688781216229,0.15017998549412295,constant_log_futures
2025-09-17,3070,1,0.00377074335494117,2.220313226832002e-05,0.00377074335494117,2.220313226832002e-05,-0.01508297341976468,1.740693803894424,constant_log_futures
2025-09-17,3071,2,0.0020305593876251624,2.4372029568294193e-05,0.0020305593876251624,2.4372029568294193e-05,-0.004198783818479149,-0.8439848744173399,constant_log_futures
2025-09-18,3073,0,-0.006068466377885304,9.947773811688637e-06,-0.006068466377885304,9.947773811688637e-06,0.09871371974693427,-1.9240484287736712,constant_log_futures
2025-09-18,3074,1,-0.0050416855302823325,2.2147921440601287e-05,-0.0050416855302823325,2.2147921440601287e-05,0.020502854489814818,1.813485651380511,constant_log_futures
2025-09-18,3075,2,-0.008506535581571967,2.4344417833239195e-05,-0.008506535581571967,2.4344417833239195e-05,0.017740125486355212,-1.8601026959699918,constant_log_futures
2025-09-19,3077,0,-0.0011834362895814885,9.256843738746253e-06,-0.0011834362895814885,9.256843738746253e-06,0.020625603904134513,-0.38896759021022126,constant_log_futures
2025-09-19,3078,1,0.002870008336450826,2.209037105474892e-05,0.002870008336450826,2.209037105474892e-05,-0.011869187018542398,2.4437899948460196,constant_log_futures
2025-09-19,3079,2,7.229971701665922e-05,2.4316790884548623e-05,7.229971701665922e-05,2.4316790884548623e-05,-0.00015207871510400733,-1.4039164190466382,constant_log_futures
2025-09-22,3080,0,-0.0025246913191699916,8.547273241468378e-06,-0.0025246913191699916,8.547273241468378e-06,0.04738651399057523,-0.8635639275627937,constant_log_futures
2025-09-22,3081,1,0.0007505900758736188,1.961679392826923e-05,0.0007505900758736188,1.961679392826923e-05,-0.004819578381925342,2.417311772054344,constant_log_futures
2025-09-22,3082,2,-0.0003587373726369851,2.203033089630122e-05,-0.0003587373726369851,2.203033089630122e-05,0.0015091710159211098,0.07322204504380485,constant_log_futures
2025-09-22,3083,3,-0.00295544035541688,2.4289326492870273e-05,-0.00295544035541688,2.4289326492870273e-05,0.006270673449754076,-1.856708235801618,constant_log_futures
2025-09-23,3084,0,-0.00435290889353742,7.744397842813971e-06,-0.00435290889353742,7.744397842813971e-06,0.08850914750192755,-1.5641764747545024,constant_log_futures
2025-09-23,3085,1,-0.0026648531720361336,1.926426186962939e-05,-0.0026648531720361336,1.926426186962939e-05,0.017573626323697744,1.9858110017396144,constant_log_futures
2025-09-23,3086,2,-0.003582124825990598,2.1855817557770415e-05,-0.003582124825990598,2.1855817557770415e-05,0.015334008027047472,0.19207352767098906,constant_log_futures
2025-09-23,3087,3,-0.006516240084939895,2.4248035461588807e-05,-0.006516240084939895,2.4248035461588807e-05,0.013947040181801177,-1.9641134363016584,constant_log_futures
2025-09-24,3088,0,0.002402559973534453,7.00997731520319e-06,0.002402559973534453,7.00997731520319e-06,-0.05329314850385514,0.9074358464408463,constant_log_futures
2025-09-24,3089,1,0.007380922453035652,1.903861567167626e-05,0.007380922453035652,1.903861567167626e-05,-0.05002625218168609,2.0401123770670946,constant_log_futures
2025-09-24,3090,2,0.007288275561582368,2.1785351637079144e-05,0.007288275561582368,2.1785351637079144e-05,-0.03175605780403746,0.31864159184125856,constant_log_futures
2025-09-24,3091,3,0.005947405565247137,2.421114718623802e-05,0.005947405565247137,2.421114718623802e-05,-0.01284218546832125,-1.0025444290401595,constant_log_futures
2025-09-25,3092,0,-0.001954980769542765,6.271763624195061e-06,-0.001954980769542765,6.271763624195061e-06,0.047701530776843463,-0.7806343343837113,constant_log_futures
2025-09-25,3093,1,0.0007776250741372698,1.880107736332296e-05,0.0007776250741372698,1.880107736332296e-05,-0.005421157659699824,1.9751686905506065,constant_log_futures
2025-09-25,3094,2,0.0007066065396218006,2.1711489234239254e-05,0.0007066065396218006,2.1711489234239254e-05,-0.0031347635575948974,0.6061705837479405,constant_log_futures
2025-09-25,3095,3,-0.0007035539371213553,2.418113502950569e-05,-0.0007035539371213553,2.418113502950569e-05,0.001532742505871524,-0.8847888677931698,constant_log_futures
2025-09-26,3096,0,0.00016614024328349877,5.53449708309585e-06,0.00016614024328349877,5.53449708309585e-06,-0.004504246595685967,0.07062130858916313,constant_log_futures
2025-09-26,3097,1,0.002630773280297625,1.854957207816861e-05,0.002630773280297625,1.854957207816861e-05,-0.01887966707037119,1.1760449638675619,constant_log_futures
2025-09-26,3098,2,0.0019338943213955372,2.1633847244627718e-05,0.0019338943213955372,2.1633847244627718e-05,-0.008738337304083538,-0.25162112209730736,constant_log_futures
2025-09-26,3099,3,2.571274098766424e-05,2.415322171751048e-05,2.571274098766424e-05,2.415322171751048e-05,-5.652170090982049e-05,-1.402010800852425,constant_log_futures
2025-09-29,3100,0,0.0023871842835055876,4.805656095644923e-06,0.0023871842835055876,4.805656095644923e-06,-0.07280912064692041,1.0889541700429666,constant_log_futures
2025-09-29,3101,1,0.005095165038520989,1.828299943875131e-05,0.005095165038520989,1.828299943875131e-05,-0.03767334149694307,0.4951833787307886,constant_log_futures
2025-09-29,3102,2,0.006828186984833909,2.155212450425839e-05,0.006828186984833909,2.155212450425839e-05,-0.03143542687357498,1.09838614551691,constant_log_futures
2025-09-29,3103,3,0.005367975855095547,2.412598616683673e-05,0.005367975855095547,2.412598616683673e-05,-0.011907146442211941,-0.7096967187462379,constant_log_futures
2025-09-30,3104,0,-0.0008903559332893126,4.094704751650752e-06,-0.0008903559332893126,4.094704751650752e-06,0.031035263960370325,-0.4399996803031456,constant_log_futures
2025-09-30,3105,1,-0.0004959354443350387,1.8000404944843608e-05,-0.0004959354443350387,1.8000404944843608e-05,0.0037815077630546697,0.49083344361746084,constant_log_futures
2025-09-30,3106,2,1.9977835852443698e-05,2.1465998098276058e-05,1.9977835852443698e-05,2.1465998098276058e-05,-9.374215284608198e-05,0.5492981873683903,constant_log_futures
2025-09-30,3107,3,-0.000626130848729825,2.4099046806533158e-05,-0.000626130848729825,2.4099046806533158e-05,0.0014016140100007093,-0.2779245217747152,constant_log_futures
2025-10-09,3108,0,-0.0037839107685847867,3.4132058647308593e-06,-0.0037839107685847867,3.4132058647308593e-06,0.153879037922448,-2.0481400255823234,constant_log_futures
2025-10-09,3109,1,-0.0035019006643983858,1.7700840968319488e-05,-0.0035019006643983858,1.7700840968319488e-05,0.02756334716494213,1.5153231133187468,constant_log_futures
2025-10-09,3110,2,-0.0034531889532368708,2.137511188128548e-05,-0.0034531889532368708,2.137511188128548e-05,0.016521139305682282,0.7095602875983537,constant_log_futures
2025-10-09,3111,3,-0.004121380303445818,2.4072291893006184e-05,-0.004121380303445818,2.4072291893006184e-05,0.0093112666114887,-0.26041007394180693,constant_log_futures
2025-10-10,3113,0,0.0007307741463017953,1.7383326498793533e-05,0.0007307741463017953,1.7383326498793533e-05,-0.005943629723254602,0.17527369030163145,constant_log_futures
2025-10-10,3114,1,0.00037517373061379117,2.1279066848628752e-05,0.00037517373061379117,2.1279066848628752e-05,-0.0018308478053953008,-0.267989590843888,constant_log_futures
2025-10-10,3115,2,-0.0007893808284526044,2.404567756442367e-05,-0.0007893808284526044,2.404567756442367e-05,0.0018000833845087428,-0.8259422644075063,constant_log_futures
2025-10-13,3117,0,-0.0018062257885954613,1.706545019067845e-05,-0.0018062257885954613,1.706545019067845e-05,0.015197210083354918,-0.4372332327288377,constant_log_futures
2025-10-13,3118,1,-0.003144038478809997,2.119041224020769e-05,-0.003144038478809997,2.119041224020769e-05,0.015656028343462025,-0.8425656085256286,constant_log_futures
2025-10-13,3119,2,-0.005054897658480467,2.4019193105938183e-05,-0.005054897658480467,2.4019193105938183e-05,0.011635802157256925,-1.3863104668390451,constant_log_futures
2025-10-14,3121,0,-0.0027457262851040415,1.670442817384547e-05,-0.0027457262851040415,1.670442817384547e-05,0.02392704334162093,-0.6718022198419348,constant_log_futures
2025-10-14,3122,1,-0.0030607394528307692,2.107915492289148e-05,-0.0030607394528307692,2.107915492289148e-05,0.015558758885223078,-0.094669191566172,constant_log_futures
2025-10-14,3123,2,-0.004002517501962954,2.399570459106584e-05,-0.004002517501962954,2.399570459106584e-05,0.009301088290275818,-0.5452411977339835,constant_log_futures
2025-10-15,3125,0,0.0025074858687831377,1.632163687269034e-05,0.0025074858687831377,1.632163687269034e-05,-0.022660242666040206,0.6206641179242492,constant_log_futures
2025-10-15,3126,1,0.0024228846507533715,2.0961183593941324e-05,0.0024228846507533715,2.0961183593941324e-05,-0.012578379889017504,-0.17991050793445348,constant_log_futures
2025-10-15,3127,2,0.0037553640026121854,2.3969412294213927e-05,0.0037553640026121854,2.3969412294213927e-05,-0.008810661698436282,0.7150046548892676,constant_log_futures
2025-10-16,3129,0,0.0009684360589547209,1.59170934558146e-05,0.0009684360589547209,1.59170934558146e-05,-0.009088399937882767,0.24273872618965994,constant_log_futures
2025-10-16,3130,1,0.00020914398999521966,2.083625800742707e-05,0.00020914398999521966,2.083625800742707e-05,-0.0011093724686702957,-0.563936201016489,constant_log_futures
2025-10-16,3131,2,-0.0004808904914885975,2.3942214496736483e-05,-0.0004808904914885975,2.3942214496736483e-05,0.0011391968924584252,-0.6070731205873451,constant_log_futures
2025-10-17,3133,0,0.002793885794524442,1.5490242607801943e-05,0.002793885794524442,1.5490242607801943e-05,-0.027268325354558556,0.7098711718395048,constant_log_futures
2025-10-17,3134,1,0.0030630220047761607,2.070396983666508e-05,0.0030630220047761607,2.070396983666508e-05,-0.01660838598145296,0.008175533392286338,constant_log_futures
2025-10-17,3135,2,0.003115616698901459,2.3914779231563696e-05,0.003115616698901459,2.3914779231563696e-05,-0.007453043867960353,-0.05073054951948923,constant_log_futures
2025-10-20,3136,0,-0.002375721963125854,1.504041623445227e-05,-0.002375721963125854,1.504041623445227e-05,0.024153173291779517,-0.6125840503698238,constant_log_futures
2025-10-20,3137,1,-0.0023526713940750094,2.056385394957141e-05,-0.0023526713940750094,2.056385394957141e-05,0.013046632276234142,0.17837572621518255,constant_log_futures
2025-10-20,3138,2,-0.002499776423846925,2.3887317260226147e-05,-0.002499776423846925,2.3887317260226147e-05,0.006039063835828215,0.033456947844449754,constant_log_futures
2025-10-20,3139,3,-0.0015493414826846935,2.703258364868907e-05,-0.0015493414826846935,2.703258364868907e-05,0.002333576060339909,0.5506543950478184,constant_log_futures
2025-10-21,3140,0,0.0019368994497174531,1.4563517317259125e-05,0.0019368994497174531,1.4563517317259125e-05,-0.02054797677091559,0.5075442798026474,constant_log_futures
2025-10-21,3141,1,0.0024568252424426625,2.0408981361522778e-05,0.0024568252424426625,2.0408981361522778e-05,-0.013941054864093248,0.19593882190885775,constant_log_futures
2025-10-21,3142,2,0.0028748215011775574,2.3513218072610988e-05,0.0028748215011775574,2.3513218072610988e-05,-0.00701456446287324,0.25954507628106815,constant_log_futures
2025-10-21,3143,3,0.0027060259844178675,2.577584140831599e-05,0.0027060259844178675,2.577584140831599e-05,-0.004101058013651924,-0.0935693221067573,constant_log_futures
2025-10-22,3144,0,0.0005661854707626375,1.4050684936230596e-05,0.0005661854707626375,1.4050684936230596e-05,-0.00627951158482198,0.15104625873451377,constant_log_futures
2025-10-22,3145,1,0.0012170103842623625,2.0241384439008413e-05,0.0012170103842623625,2.0241384439008413e-05,-0.0070702508038099155,0.3806199141227349,constant_log_futures
2025-10-22,3146,2,0.0013239225254773473,2.3484045399755543e-05,0.0013239225254773473,2.3484045399755543e-05,-0.003263000971883563,0.16257408263681725,constant_log_futures
2025-10-22,3147,3,0.0012633207618870795,2.5698453090526056e-05,0.0012633207618870795,2.5698453090526056e-05,-0.0019265641618777965,-0.04731188723417986,constant_log_futures
2025-10-23,3148,0,0.001533733170619632,1.352641985015589e-05,0.001533733170619632,1.352641985015589e-05,-0.01782051874434239,0.41702143519086277,constant_log_futures
2025-10-23,3149,1,0.0025814171590787527,2.00730665500928e-05,0.0025814171590787527,2.00730665500928e-05,-0.015362580166224772,0.5397573841965362,constant_log_futures
2025-10-23,3150,2,0.003179183192321154,2.3456999508184735e-05,0.003179183192321154,2.3456999508184735e-05,-0.007915517335983282,0.48502056975685615,constant_log_futures
2025-10-23,3151,3,0.002016594516092235,2.565865204485211e-05,0.002016594516092235,2.565865204485211e-05,-0.0030946481882170146,-0.7210743201892623,constant_log_futures
2025-10-24,3152,0,0.0007642323549133549,1.2979032244066442e-05,0.0007642323549133549,1.2979032244066442e-05,-0.00932363472994293,0.21213106120371952,constant_log_futures
2025-10-24,3153,1,0.0013399854713126245,1.9895969613552824e-05,0.0013399854713126245,1.9895969613552824e-05,-0.00817391137500701,0.29311445254073665,constant_log_futures
2025-10-24,3154,2,0.0011694124793090802,2.3430221298453755e-05,0.0011694124793090802,2.3430221298453755e-05,-0.002941614896406346,-0.06512713845625064,constant_log_futures
2025-10-24,3155,3,0.0006428491705311873,2.5623643130653345e-05,0.0006428491705311873,2.5623643130653345e-05,-0.0009927544152506943,-0.36446299687549943,constant_log_futures
2025-10-27,3156,0,-0.006407899343758966,1.2406870707084948e-05,-0.006407899343758966,1.2406870707084948e-05,0.08229091788827303,-1.8192171978978493,constant_log_futures
2025-10-27,3157,1,-0.0067436954783422435,1.9708376843468257e-05,-0.0067436954783422435,1.9708376843468257e-05,0.04219132555680788,0.5254144971486283,constant_log_futures
2025-10-27,3158,2,-0.006338788284661341,2.340352718114299e-05,-0.006338788284661341,2.340352718114299e-05,0.01611108689018091,0.7715967752783371,constant_log_futures
2025-10-27,3159,3,-0.005949464527038692,2.5589439887730223e-05,-0.005949464527038692,2.5589439887730223e-05,0.009246301557945483,0.3063474183937322,constant_log_futures
2025-10-28,3160,0,0.001862016921798315,1.1809871582595672e-05,0.001862016921798315,1.1809871582595672e-05,-0.025240673828821603,0.5418274904627065,constant_log_futures
2025-10-28,3161,1,0.0032104830491902943,1.950948377237131e-05,0.0032104830491902943,1.950948377237131e-05,-0.020614680631642943,0.6185442960237447,constant_log_futures
2025-10-28,3162,2,0.004258973529054438,2.3376890219804527e-05,0.004258973529054438,2.3376890219804527e-05,-0.010938837274624032,0.7479449274691166,constant_log_futures
2025-10-28,3163,3,0.003939149485791618,2.555550846012918e-05,0.003939149485791618,2.555550846012918e-05,-0.006161233811109967,-0.15405068688428125,constant_log_futures
2025-10-29,3164,0,0.0017976981576672954,1.1188447317260166e-05,0.0017976981576672954,1.1188447317260166e-05,-0.02580225591004824,0.5374423218267296,constant_log_futures
2025-10-29,3165,1,0.0026484985363170455,1.9298587954247663e-05,0.0026484985363170455,1.9298587954247663e-05,-0.017465774131388084,0.2812229368293165,constant_log_futures
2025-10-29,3166,2,0.004090156725874004,2.3350303310692434e-05,0.004090156725874004,2.3350303310692434e-05,-0.01061700256503465,0.900157974766814,constant_log_futures
2025-10-29,3167,3,0.0041425435363771634,2.5521779212583538e-05,0.0041425435363771634,2.5521779212583538e-05,-0.0065211653088775995,0.12401087967549206,constant_log_futures
2025-10-30,3168,0,-0.00023185821381836984,1.0543395051834648e-05,-0.00023185821381836984,1.0543395051834648e-05,0.00353583776073014,-0.07140559561922234,constant_log_futures
2025-10-30,3169,1,-0.0004235124706730188,1.9074976585046877e-05,-0.0004235124706730188,1.9074976585046877e-05,0.00287047341233935,-0.08268694722708037,constant_log_futures
2025-10-30,3170,2,0.0002852425168740347,2.332376205590858e-05,0.0002852425168740347,2.332376205590858e-05,-0.0007483782163146716,0.45662944841643527,constant_log_futures
2025-10-30,3171,3,0.0005339986876745778,2.5488246335878806e-05,0.0005339986876745778,2.5488246335878806e-05,-0.0008460758428090713,0.21740073243643943,constant_log_futures
2025-10-31,3172,0,-0.0030877282366851546,9.875950559577534e-06,-0.0030877282366851546,9.875950559577534e-06,0.05022704598341185,-0.9825385880498232,constant_log_futures
2025-10-31,3173,1,-0.002940435465066768,1.8837911065838866e-05,-0.002940435465066768,1.8837911065838866e-05,0.020499035813608325,0.6112581874894676,constant_log_futures
2025-10-31,3174,2,-0.0018900015829290753,2.329726257388902e-05,-0.0018900015829290753,2.329726257388902e-05,0.005012612893855374,1.0742755584270685,constant_log_futures
2025-10-31,3175,3,-0.001605965549521561,2.545491316394763e-05,-0.001605965549521561,2.545491316394763e-05,0.0025611476737468033,0.26555682379079715,constant_log_futures
2025-11-03,3176,0,-0.0014649588607137725,9.187873154881828e-06,-0.0014649588607137725,9.187873154881828e-06,0.025532140143868606,-0.48330126681603935,constant_log_futures
2025-11-03,3177,1,-0.0008546219654018382,1.8586625426260296e-05,-0.0008546219654018382,1.8586625426260296e-05,0.006133169398766134,0.6355521916687896,constant_log_futures
2025-11-03,3178,2,-0.000289561233512009,2.327080118008554e-05,-0.000289561233512009,2.327080118008554e-05,0.0007764059448014308,0.6394159834002575,constant_log_futures
2025-11-03,3179,3,-0.000450631088389955,2.542178461409228e-05,-0.000450631088389955,2.542178461409228e-05,0.0007233814839944015,-0.06715522503434146,constant_log_futures
2025-11-04,3180,0,-0.0020349706432859866,8.481548110711346e-06,-0.0020349706432859866,8.481548110711346e-06,0.038194833612444676,-0.6987480090656987,constant_log_futures
2025-11-04,3181,1,-0.0023470286740322494,1.8320326945318384e-05,-0.0023470286740322494,1.8320326945318384e-05,0.01735378777163239,0.23036619656145438,constant_log_futures
2025-11-04,3182,2,-0.003072890217448436,2.3244374241379697e-05,-0.003072890217448436,2.3244374241379697e-05,0.008330946811749092,-0.22352166711794147,constant_log_futures
2025-11-04,3183,3,-0.004670126061485154,2.5388866113964055e-05,-0.004670126061485154,2.5388866113964055e-05,0.0075464288675654145,-1.0520118796441071,constant_log_futures
2025-11-05,3184,0,-0.001449792346369657,7.760107005500223e-06,-0.001449792346369657,7.760107005500223e-06,0.02947911104284969,-0.5204415334211285,constant_log_futures
2025-11-05,3185,1,-0.0007471893268464133,1.803819729050659e-05,-0.0007471893268464133,1.803819729050659e-05,0.0056973186172039015,0.7221205169170956,constant_log_futures
2025-11-05,3186,2,-0.0015933744320459423,2.32179779452367e-05,-0.0015933744320459423,2.32179779452367e-05,0.00436835237549674,-0.244466676432841,constant_log_futures
2025-11-05,3187,3,-0.002359243227061311,2.5356163407170833e-05,-0.002359243227061311,2.5356163407170833e-05,0.0038377023160197326,-0.5542973868458759,constant_log_futures
2025-11-06,3188,0,-0.00020531462712182653,7.0275687099520135e-06,-0.00020531462712182653,7.0275687099520135e-06,0.004554251728884152,-0.07744927210116805,constant_log_futures
2025-11-06,3189,1,0.0009223307382321133,1.7739393886429624e-05,0.0009223307382321133,1.7739393886429624e-05,-0.007259635488020505,0.6751553193363532,constant_log_futures
2025-11-06,3190,2,0.0007282240549565874,2.3191607888669623e-05,0.0007282240549565874,2.3191607888669623e-05,-0.0020191666978341743,0.021881435746785426,constant_log_futures
2025-11-06,3191,3,-4.681929053679257e-05,2.5323682439813452e-05,-4.681929053679257e-05,2.5323682439813452e-05,7.667051604682811e-05,-0.5211592012120486,constant_log_futures
2025-11-07,3192,0,0.0007221331886950282,6.289004525129665e-06,0.0007221331886950282,6.289004525129665e-06,-0.01762004980415869,0.2879561455687941,constant_log_futures
2025-11-07,3193,1,0.0018594101075197662,1.7423051387567777e-05,0.0018594101075197662,1.7423051387567777e-05,-0.015123202207827433,0.4208816090157518,constant_log_futures
2025-11-07,3194,2,0.0013989399561306903,2.3165258383508636e-05,0.0013989399561306903,2.3165258383508636e-05,-0.003923463785010212,-0.3180061258413178,constant_log_futures
2025-11-07,3195,3,0.0002715229995298718,2.5291429191842e-05,0.0002715229995298718,2.5291429191842e-05,-0.0004476460262519508,-0.7620867522978177,constant_log_futures
2025-11-10,3196,0,-0.001579555005734228,5.5507316716760825e-06,-0.001579555005734228,5.5507316716760825e-06,0.04282349126657241,-0.6704395677347892,constant_log_futures
2025-11-10,3197,1,-0.0018312127581538457,1.708828310784478e-05,-0.0018312127581538457,1.708828310784478e-05,0.015407445275501324,0.31981629868358713,constant_log_futures
2025-11-10,3198,2,-0.0021353369599254393,2.3138921331028564e-05,-0.0021353369599254393,2.3138921331028564e-05,0.006058397886300084,0.07757305130253338,constant_log_futures
2025-11-10,3199,3,-0.0026246707330882108,2.525940939939967e-05,-0.0026246707330882108,2.525940939939967e-05,0.004356596318867507,-0.32007651253701486,constant_log_futures
2025-11-11,3200,0,-0.002659503852979946,4.820540097177531e-06,-0.002659503852979946,4.820540097177531e-06,0.08111486751588835,-1.2113029475191377,constant_log_futures
2025-11-11,3201,1,-0.001816132873539874,1.6734182206298006e-05,-0.001816132873539874,1.6734182206298006e-05,0.015826300755133187,1.2329155061689947,constant_log_futures
2025-11-11,3202,2,-0.002092996374575877,2.3112584454594715e-05,-0.002092996374575877,2.3112584454594715e-05,0.006008130769370752,0.3731032504176249,constant_log_futures
2025-11-11,3203,3,-0.002954186483296928,2.52276281107871e-05,-0.002954186483296928,2.52276281107871e-05,0.0049371335748250025,-0.5641022284377435,constant_log_futures
2025-11-12,3204,0,0.002267620888586951,4.107958424681903e-06,0.002267620888586951,4.107958424681903e-06,-0.07904278525931659,1.1188128071104517,constant_log_futures
2025-11-12,3205,1,0.003913540722903343,1.63598223808079e-05,0.003913540722903343,1.63598223808079e-05,-0.035366812458830214,0.031165780149341085,constant_log_futures
2025-11-12,3206,2,0.004232950006490453,2.308622859224907e-05,0.004232950006490453,2.308622859224907e-05,-0.012295711923615126,-0.21240559228014005,constant_log_futures
2025-11-12,3207,3,0.001623106514133027,2.519608899755689e-05,0.001623106514133027,2.519608899755689e-05,-0.0027312964789548864,-1.6402888157121287,constant_log_futures
2025-11-13,3208,0,0.00043085482504977594,3.424565751759363e-06,0.00043085482504977594,3.424565751759363e-06,-0.017521429552024223,0.23282424662369394,constant_log_futures
2025-11-13,3209,1,0.00044011974041814096,1.5964257821762723e-05,0.00044011974041814096,1.5964257821762723e-05,-0.004130354487001015,-0.14390321959700278,constant_log_futures
2025-11-13,3210,2,-0.0001677871475090284,2.3059823642140406e-05,-0.0001677871475090284,2.3059823642140406e-05,0.0004932537830385895,-0.459201605299286,constant_log_futures
2025-11-13,3211,3,-0.002184074209262976,2.5164793312981423e-05,-0.002184074209262976,2.5164793312981423e-05,0.003700792410140043,-1.2978920611893474,constant_log_futures
2025-11-14,3213,0,-0.0029855117587187646,1.5546522305494858e-05,-0.0029855117587187646,1.5546522305494858e-05,0.02913859476509514,-0.7571852736797298,constant_log_futures
2025-11-14,3214,1,-0.003269541024264383,2.3033322632377382e-05,-0.003269541024264383,2.3033322632377382e-05,0.00972887816976231,0.07763440949617549,constant_log_futures
2025-11-14,3215,2,-0.0038859956234569143,2.5133738356153485e-05,-0.0038859956234569143,2.5133738356153485e-05,0.00663064987498942,-0.37133992847241065,constant_log_futures
2025-11-17,3217,0,-0.000690873482361418,1.5134355019379808e-05,-0.000690873482361418,1.5134355019379808e-05,0.00702388040400775,-0.17758920574770656,constant_log_futures
2025-11-17,3218,1,-0.00020187995690493232,2.3016262263359983e-05,-0.00020187995690493232,2.3016262263359983e-05,0.0006081322158617714,0.3485033861525152,constant_log_futures
2025-11-17,3219,2,-0.0016574504589121908,2.5103453280882186e-05,-0.0016574504589121908,2.5103453280882186e-05,0.00284801346460968,-0.8656621345187528,constant_log_futures
2025-11-18,3221,0,0.00319355911385469,1.4662895182110586e-05,0.00319355911385469,1.4662895182110586e-05,-0.03387949668611063,0.8339981638651073,constant_log_futures
2025-11-18,3222,1,0.0035060710717122953,2.298673987808133e-05,0.0035060710717122953,2.298673987808133e-05,-0.0106935167687225,-0.13199096499221247,constant_log_futures
2025-11-18,3223,2,0.0028837626875513472,2.5075505646301627e-05,0.0028837626875513472,2.5075505646301627e-05,-0.004990341104698785,-0.39573686522857515,constant_log_futures
2025-11-19,3225,0,0.0006363903550778323,1.4164687304683305e-05,0.0006363903550778323,1.4164687304683305e-05,-0.0070581475744995945,0.16909084451241463,constant_log_futures
2025-11-19,3226,1,0.001007473805758545,2.2956843147742944e-05,0.001007473805758545,2.2956843147742944e-05,-0.0031116912481656323,0.145554080767934,constant_log_futures
2025-11-19,3227,2,0.00023650472180937465,2.504478191010755e-05,0.00023650472180937465,2.504478191010755e-05,-0.0004121939437249101,-0.4609035605585568,constant_log_futures
2025-11-20,3229,0,0.0010645158880503072,1.3641187206924498e-05,0.0010645158880503072,1.3641187206924498e-05,-0.012368660794489283,0.2882212936919182,constant_log_futures
2025-11-20,3230,1,0.0014012921562712721,2.2926568118910843e-05,0.0014012921562712721,2.2926568118910843e-05,-0.004383529309361415,0.06660913415396984,constant_log_futures
2025-11-20,3231,2,0.0009392060434313398,2.5013584803608207e-05,0.0009392060434313398,2.5013584803608207e-05,-0.0016486782345125678,-0.2772480930532883,constant_log_futures
2025-11-21,3233,0,0.0031082305184055763,1.3092463923034875e-05,0.0031082305184055763,1.3092463923034875e-05,-0.037920412324548035,0.8590185205079898,constant_log_futures
2025-11-21,3234,1,0.004022120044074248,2.28958884304926e-05,0.004022120044074248,2.28958884304926e-05,-0.012745419360443072,0.11403794315233876,constant_log_futures
2025-11-21,3235,2,0.0024996520218074428,2.498245247089466e-05,0.0024996520218074428,2.498245247089466e-05,-0.004419674589282725,-0.9217368075404081,constant_log_futures
2025-11-24,3236,0,-0.0015324403901194336,1.2518474808628705e-05,-0.0015324403901194336,1.2518474808628705e-05,0.019679760799428514,-0.43311964272463666,constant_log_futures
2025-11-24,3237,1,-0.0012657713866141302,1.942446986580037e-05,-0.0012657713866141302,1.942446986580037e-05,0.008347249144158048,0.33747330168895,constant_log_futures
2025-11-24,3238,2,6.049212751373795e-05,2.286477518340316e-05,6.049212751373795e-05,2.286477518340316e-05,-0.00019421156728094814,1.139670720603841,constant_log_futures
2025-11-24,3239,3,4.9408052615516895e-05,2.495150648686454e-05,4.9408052615516895e-05,2.495150648686454e-05,-8.799682363639505e-05,0.1597296606024987,constant_log_futures
2025-11-25,3240,0,-0.003202550677994918,1.179715570555998e-05,-0.003202550677994918,1.179715570555998e-05,0.04341235363504223,-0.9324109284794725,constant_log_futures
2025-11-25,3241,1,-0.0032029460570394113,1.90451181972658e-05,-0.0032029460570394113,1.90451181972658e-05,0.02170885660882268,0.38159117668978265,constant_log_futures
2025-11-25,3242,2,-0.0027625094881820605,2.275199992061897e-05,-0.0027625094881820605,2.275199992061897e-05,0.008987364201552304,0.6603192501435736,constant_log_futures
2025-11-25,3243,3,-0.003679277482480439,2.4917757395482857e-05,-0.003679277482480439,2.4917757395482857e-05,0.006601056659744318,-0.47144019276984445,constant_log_futures
2025-11-26,3244,0,-0.0004765723813048659,1.1172594236444506e-05,-0.0004765723813048659,1.1172594236444506e-05,0.006840215355199252,-0.1425777828467099,constant_log_futures
2025-11-26,3245,1,0.00023753068295729457,1.880362664756598e-05,0.00023753068295729457,1.880362664756598e-05,-0.001655928189759425,0.5141693000504352,constant_log_futures
2025-11-26,3246,2,0.001048837759431237,2.2717402953530002e-05,0.001048837759431237,2.2717402953530002e-05,-0.0034583299094759707,0.7686927835733522,constant_log_futures
2025-11-26,3247,3,-0.0005861743239281153,2.4876681451692083e-05,-0.0005861743239281153,2.4876681451692083e-05,0.0010594558150997047,-0.9169630785539392,constant_log_futures
2025-11-27,3248,0,-0.002014324448654332,1.0527445274199303e-05,-0.002014324448654332,1.0527445274199303e-05,0.030718447841978563,-0.6208231852943183,constant_log_futures
2025-11-27,3249,1,-0.0022715596928574618,1.855022922885013e-05,-0.0022715596928574618,1.855022922885013e-05,0.016301781325212376,0.13109741204174458,constant_log_futures
2025-11-27,3250,2,-0.0014275751280729138,2.2682029771283695e-05,-0.0014275751280729138,2.2682029771283695e-05,0.004771620976024534,0.8012564971816947,constant_log_futures
2025-11-27,3251,3,-0.003179686517278457,2.4844002117670217e-05,-0.003179686517278457,2.4844002117670217e-05,0.005789876941910026,-0.9526188108953888,constant_log_futures
2025-11-28,3252,0,-0.0003779136274146555,9.860452259576576e-06,-0.0003779136274146555,9.860452259576576e-06,0.006147395005945063,-0.12034945704709839,constant_log_futures
2025-11-28,3253,1,8.931445343559816e-05,1.8282105438701016e-05,8.931445343559816e-05,1.8282105438701016e-05,-0.0006603856557056348,0.34712057383350164,constant_log_futures
2025-11-28,3254,2,-3.31751160369681e-05,2.2645817782510737e-05,-3.31751160369681e-05,2.2645817782510737e-05,0.00011242678212528078,0.04909499408361033,constant_log_futures
2025-11-28,3255,3,-0.0018187540489927045,2.4813162762263446e-05,-0.0018187540489927045,2.4813162762263446e-05,0.0033366615635655635,-1.1329318603982987,constant_log_futures
2025-12-01,3256,0,-0.0040861377642081274,9.172982546819435e-06,-0.0040861377642081274,9.172982546819435e-06,0.07121554389048451,-1.3491421824168954,constant_log_futures
2025-12-01,3257,1,-0.0033414787624880572,1.7998112091264018e-05,-0.0033414787624880572,1.7998112091264018e-05,0.025478775563971434,1.1634498925178514,constant_log_futures
2025-12-01,3258,2,-0.00275219136635127,2.260869711440372e-05,-0.00275219136635127,2.260869711440372e-05,0.009458235118164928,1.1394197003633066,constant_log_futures
2025-12-01,3259,3,-0.004658272595522928,2.4782837694492732e-05,-0.004658272595522928,2.4782837694492732e-05,0.00861074631293632,-1.0425554146490195,constant_log_futures
2025-12-02,3260,0,0.0005156314535905912,8.467356142492974e-06,0.0005156314535905912,8.467356142492974e-06,-0.009678005744315713,0.17720072240996523,constant_log_futures
2025-12-02,3261,1,0.002336614724591235,1.7697346274120885e-05,0.002336614724591235,1.7697346274120885e-05,-0.018391419122589073,0.9785229412757633,constant_log_futures
2025-12-02,3262,2,0.003251578796701904,2.2570597488967494e-05,0.003251578796701904,2.2570597488967494e-05,-0.011334074662789495,0.8194641031059733,constant_log_futures
2025-12-02,3263,3,0.0019032032443134228,2.4752781028831686e-05,0.0019032032443134228,2.4752781028831686e-05,-0.003544897645896757,-0.7534155961247777,constant_log_futures
2025-12-03,3264,0,0.0011315285173242014,7.746698959131674e-06,0.0011315285173242014,7.746698959131674e-06,-0.02300774651892543,0.4065436331849597,constant_log_futures
2025-12-03,3265,1,0.002196350269991973,1.737893816887727e-05,0.002196350269991973,1.737893816887727e-05,-0.01786364886260138,0.3782994686929777,constant_log_futures
2025-12-03,3266,2,0.0033544057121177306,2.2531444256279518e-05,0.0033544057121177306,2.2531444256279518e-05,-0.011861956431256903,0.7401894862895774,constant_log_futures
2025-12-03,3267,3,0.0021095167604650855,2.4722949496791008e-05,0.0021095167604650855,2.4722949496791008e-05,-0.003959400688872929,-0.6676283319519473,constant_log_futures
2025-12-04,3268,0,0.0015231222966632868,7.015035065970358e-06,0.0015231222966632868,7.015035065970358e-06,-0.03378562185325836,0.5750688618630254,constant_log_futures
2025-12-04,3269,1,0.0015260991359452233,1.7042014750501697e-05,0.0015260991359452233,1.7042014750501697e-05,-0.012840282385194293,-0.34737460843981965,constant_log_futures
2025-12-04,3270,2,0.0029818936095490772,2.2491157013774245e-05,0.0029818936095490772,2.2491157013774245e-05,-0.010699735893087866,0.708831230244293,constant_log_futures
2025-12-04,3271,3,0.0015318205707315485,2.4693338322829596e-05,0.0015318205707315485,2.4693338322829596e-05,-0.002897397048515487,-0.7602281413404399,constant_log_futures
2025-12-05,3272,0,0.0016388817179188286,6.277442284316844e-06,0.0016388817179188286,6.277442284316844e-06,-0.03998871391721942,0.6541182201908886,constant_log_futures
2025-12-05,3273,1,0.0009138974760347501,1.66856966713489e-05,0.0009138974760347501,1.66856966713489e-05,-0.007963963719731394,-0.8049452370947351,constant_log_futures
2025-12-05,3274,2,0.0015797259822597429,2.2449648228826053e-05,0.0015797259822597429,2.2449648228826053e-05,-0.00575303193539369,0.05551872875976771,constant_log_futures
2025-12-05,3275,3,0.0006605346572938556,2.466395000678482e-05,0.0006605346572938556,2.466395000678482e-05,-0.0012591441904664122,-0.5236615937205957,constant_log_futures
2025-12-08,3276,0,-0.002140430469910431,5.540243009408162e-06,-0.002140430469910431,5.540243009408162e-06,0.058029448295349464,-0.9093618227382588,constant_log_futures
2025-12-08,3277,1,-0.0032261191203186816,1.6309102293788575e-05,-0.0032261191203186816,1.6309102293788575e-05,0.02915455797621327,0.007919550184376614,constant_log_futures
2025-12-08,3278,2,-0.002628755307201615,2.240682131068951e-05,-0.002628755307201615,2.240682131068951e-05,0.009718428711472635,0.764101881461361,constant_log_futures
2025-12-08,3279,3,-0.0036557201487990923,2.463478808907842e-05,-0.0036557201487990923,2.463478808907842e-05,0.007023588317377784,-0.49331221294155747,constant_log_futures
2025-12-09,3280,0,0.00016976047406463838,4.811229142168562e-06,0.00016976047406463838,4.811229142168562e-06,-0.00517769445897147,0.07739422552767529,constant_log_futures
2025-12-09,3281,1,0.00027946970303810437,1.5911353827594184e-05,0.00027946970303810437,1.5911353827594184e-05,-0.0026227156746652875,0.005811011053159918,constant_log_futures
2025-12-09,3282,2,0.0010925861495580946,2.236256781095791e-05,0.0010925861495580946,2.236256781095791e-05,-0.004101400315264232,0.5056790751475491,constant_log_futures
2025-12-09,3283,3,0.0004062684533907776,2.460585556869811e-05,0.0004062684533907776,2.460585556869811e-05,-0.0007867420843440455,-0.3368400933843448,constant_log_futures
2025-12-10,3284,0,-0.001159706142084476,4.0999256231177924e-06,-0.001159706142084476,4.0999256231177924e-06,0.04042404266694459,-0.5727432349825899,constant_log_futures
2025-12-10,3285,1,-0.0018492850480227169,1.5491584628750472e-05,-0.0018492850480227169,1.5491584628750472e-05,0.018049022068701716,0.03051974269187021,constant_log_futures
2025-12-10,3286,2,-0.0021877415034158784,2.231676336483077e-05,-0.0021877415034158784,2.231676336483077e-05,0.008340764481773035,0.028313660930466524,constant_log_futures
2025-12-10,3287,3,-0.0032145487181444513,2.4577154045187205e-05,-0.0032145487181444513,2.4577154045187205e-05,0.006274799097817969,-0.6259446628525207,constant_log_futures
2025-12-11,3288,0,0.0030003894661133185,3.417898780556281e-06,0.0030003894661133185,3.417898780556281e-06,-0.12201583828860829,1.62292344236879,constant_log_futures
2025-12-11,3289,1,0.0032093418532359065,1.5048947597601158e-05,0.0032093418532359065,1.5048947597601158e-05,-0.03262830884123172,-0.8890637270151079,constant_log_futures
2025-12-11,3290,2,0.004252989315849373,2.2269261856978368e-05,0.004252989315849373,2.2269261856978368e-05,-0.01647189512805154,-0.05045149566881562,constant_log_futures
2025-12-11,3291,3,0.003647194129396611,2.4548682754121187e-05,0.003647194129396611,2.4548682754121187e-05,-0.007176736835264299,-0.3565491543276411,constant_log_futures
2025-12-12,3293,0,1.9305329408048424e-05,1.458262496662207e-05,1.9305329408048424e-05,1.458262496662207e-05,-0.00020480436415494852,0.00505544468684386,constant_log_futures
2025-12-12,3294,1,-0.00026317202342831386,2.2219887151289498e-05,-0.00026317202342831386,2.2219887151289498e-05,0.0010357092534920738,-0.17707304889047773,constant_log_futures
2025-12-12,3295,2,4.9375825431935416e-05,2.4520437242935166e-05,4.9375825431935416e-05,2.4520437242935166e-05,-9.794879191375807e-05,0.16168599523306829,constant_log_futures
2025-12-15,3297,0,0.0010990378262184831,1.4113822412754541e-05,0.0010990378262184831,1.4113822412754541e-05,-0.01218932861805954,0.292543407536664,constant_log_futures
2025-12-15,3298,1,0.0012439118839723505,2.2181388942142883e-05,0.0012439118839723505,2.2181388942142883e-05,-0.004975647535889402,-0.03011450035158299,constant_log_futures
2025-12-15,3299,2,0.0005579826546485631,2.449249628055817e-05,0.0005579826546485631,2.449249628055817e-05,-0.0011159653092971261,-0.43259221990887725,constant_log_futures
2025-12-16,3301,0,0.0009869250270699657,1.359277402085836e-05,0.0009869250270699657,1.359277402085836e-05,-0.011467128885955791,0.26768874635187123,constant_log_futures
2025-12-16,3302,1,0.0013714310630664646,2.212418055896919e-05,0.0013714310630664646,2.212418055896919e-05,-0.005577152989803623,0.11663888976539892,constant_log_futures
2025-12-16,3303,2,0.0005260445372545497,2.4467453023645454e-05,0.0005260445372545497,2.4467453023645454e-05,-0.0010607840255381002,-0.5043340532242258,constant_log_futures
2025-12-17,3305,0,0.0003925905693418323,1.3044937042700961e-05,0.0003925905693418323,1.3044937042700961e-05,-0.004789604945970354,0.10869732820696847,constant_log_futures
2025-12-17,3306,1,0.0014549280278078197,2.2064237238075665e-05,0.0014549280278078197,2.2064237238075665e-05,-0.006016990487883187,0.5888962835478214,constant_log_futures
2025-12-17,3307,2,0.0014048725342433246,2.443974534777326e-05,0.0014048725342433246,2.443974534777326e-05,-0.0028565741529614267,0.05870438103527049,constant_log_futures
2025-12-18,3309,0,-0.0004492490715114622,1.2471509795892871e-05,-0.0004492490715114622,1.2471509795892871e-05,0.005769303865726146,-0.12721188036019576,constant_log_futures
2025-12-18,3310,1,0.0011932535492673,2.200150577189204e-05,0.0011932535492673,2.200150577189204e-05,-0.005019894241745194,1.042939338917234,constant_log_futures
2025-12-18,3311,2,0.0008783771963781148,2.4411427910280693e-05,0.0008783771963781148,2.4411427910280693e-05,-0.0018010423186240337,-0.02587118516024843,constant_log_futures
2025-12-19,3313,0,0.0011604370222820333,1.1872933106714565e-05,0.0011604370222820333,1.1872933106714565e-05,-0.01573036852426756,0.33677710977143144,constant_log_futures
2025-12-19,3314,1,0.003181497328907785,2.1935819465967616e-05,0.003181497328907785,2.1935819465967616e-05,-0.013619041197429816,1.0070101642274123,constant_log_futures
2025-12-19,3315,2,0.003522864091714699,2.438309269586619e-05,0.003522864091714699,2.438309269586619e-05,-0.007284566426935479,0.34717715383720654,constant_log_futures
2025-12-22,3316,0,-0.0026088373168792153,1.1249710504803826e-05,-0.0026088373168792153,1.1249710504803826e-05,0.03744448854814874,-0.7778150188222368,constant_log_futures
2025-12-22,3317,1,-0.002286364467067493,1.9580390298758606e-05,-0.002286364467067493,1.9580390298758606e-05,0.014680866578012323,0.5729267236275336,constant_log_futures
2025-12-22,3318,2,-0.001740949944995667,2.1866982129855257e-05,-0.001740949944995667,2.1866982129855257e-05,0.007585567617481121,0.7610470306862407,constant_log_futures
2025-12-22,3319,3,-0.0016068510699811453,2.4354898298478084e-05,-0.0016068510699811453,2.4354898298478084e-05,0.0033510398382512775,0.2726691439267958,constant_log_futures
2025-12-23,3320,0,1.5487682844200247e-05,1.0515405654124947e-05,1.5487682844200247e-05,1.0515405654124947e-05,-0.00023618716337405377,0.004776100216833686,constant_log_futures
2025-12-23,3321,1,0.0006037975027292468,1.9246809473013272e-05,0.0006037975027292468,1.9246809473013272e-05,-0.003981799747728006,0.35849564974033626,constant_log_futures
2025-12-23,3322,2,0.0014383674270840134,2.1694387061702913e-05,0.0014383674270840134,2.1694387061702913e-05,-0.0063811209492454415,0.7613438949187893,constant_log_futures
2025-12-23,3323,3,0.0013285724975833357,2.431313892128336e-05,0.0013285724975833357,2.431313892128336e-05,-0.0027945835293994303,0.11873932399259104,constant_log_futures
2025-12-24,3324,0,0.00029601061247191626,9.84652626479692e-06,0.00029601061247191626,9.84652626479692e-06,-0.004815105962876504,0.09433345906996678,constant_log_futures
2025-12-24,3325,1,0.0014010504377000594,1.902050733429127e-05,0.0014010504377000594,1.902050733429127e-05,-0.009496008522189292,0.6159501730969998,constant_log_futures
2025-12-24,3326,2,0.00286374984227512,2.1615335977838594e-05,0.00286374984227512,2.1615335977838594e-05,-0.012939906694724616,1.3004058600346662,constant_log_futures
2025-12-24,3327,3,0.0029286656440385556,2.4277191533897068e-05,0.0029286656440385556,2.4277191533897068e-05,-0.006213864496916587,0.35944512358510744,constant_log_futures
2025-12-25,3328,0,0.0003249772022331878,9.158931945404732e-06,0.0003249772022331878,9.158931945404732e-06,-0.005663888381778416,0.1073817505100934,constant_log_futures
2025-12-25,3329,1,0.0009227547271883907,1.8781784472768414e-05,0.0009227547271883907,1.8781784472768414e-05,-0.006432918669541924,0.29275256195779564,constant_log_futures
2025-12-25,3330,2,0.0033335626949323634,2.153227855674142e-05,0.0033335626949323634,2.153227855674142e-05,-0.015346967878556541,1.8841284201760233,constant_log_futures
2025-12-25,3331,3,0.0035901595677354237,2.424713133131242e-05,0.0035901595677354237,2.424713133131242e-05,-0.007684201180065292,0.6833906626188057,constant_log_futures
2025-12-26,3332,0,0.0020023751011402236,8.45361343831447e-06,0.0020023751011402236,8.45361343831447e-06,-0.03758304035986266,0.6886907405468773,constant_log_futures
2025-12-26,3333,1,0.0030200925815633403,1.8528954375137207e-05,0.0030200925815633403,1.8528954375137207e-05,-0.021673605585336913,0.17620411655689405,constant_log_futures
2025-12-26,3334,2,0.004714218257701967,2.1444811878264206e-05,0.004714218257701967,2.1444811878264206e-05,-0.022120562593832306,1.1682951344995833,constant_log_futures
2025-12-26,3335,3,0.003949092136630222,2.42187904448721e-05,0.003949092136630222,2.42187904448721e-05,-0.008527243197679418,-0.19735518650653555,constant_log_futures
2025-12-29,3336,0,-0.0016407682088916162,7.733441580530883e-06,-0.0016407682088916162,7.733441580530883e-06,0.03336228691412953,-0.5900119774788786,constant_log_futures
2025-12-29,3337,1,-0.0028204441534377357,1.8261041128403695e-05,-0.0028204441534377357,1.8261041128403695e-05,0.020854193134509317,-0.2969991020310207,constant_log_futures
2025-12-29,3338,2,-0.001948102890354974,2.135261531262841e-05,-0.001948102890354974,2.135261531262841e-05,0.009320335396992424,0.6944364228794152,constant_log_futures
2025-12-29,3339,3,-0.0023681246452763663,2.419100340080934e-05,-0.0023681246452763663,2.419100340080934e-05,0.005159128691494941,0.007554387482759996,constant_log_futures
2025-12-30,3340,0,0.0021575027202559356,7.00239015734528e-06,0.0021575027202559356,7.00239015734528e-06,-0.047857333067495296,0.8153201945896434,constant_log_futures
2025-12-30,3341,1,0.0015982685105905454,1.797716898291941e-05,0.0015982685105905454,1.797716898291941e-05,-0.012186797393252909,-0.8390769723200938,constant_log_futures
2025-12-30,3342,2,0.002697002403660744,2.1255354912925172e-05,0.002697002403660744,2.1255354912925172e-05,-0.013161371729864431,0.3748878328208659,constant_log_futures
2025-12-30,3343,3,0.0025523880135158786,2.4163480269736973e-05,0.0025523880135158786,2.4163480269736973e-05,-0.0056106547324132824,0.04318824242808705,constant_log_futures
2025-12-31,3344,0,-0.0005056791994189264,6.265536078661136e-06,-0.0005056791994189264,6.265536078661136e-06,0.012338572465821806,-0.202020746794289,constant_log_futures
2025-12-31,3345,1,-0.0024164555773062077,1.7676469767020068e-05,-0.0024164555773062077,1.7676469767020068e-05,0.019019843898797247,-0.882088960163456,constant_log_futures
2025-12-31,3346,2,-0.0025279643430043425,2.1152675222864753e-05,-0.0025279643430043425,2.1152675222864753e-05,0.012588230605980808,-0.25289116850137927,constant_log_futures
2025-12-31,3347,3,-0.0038183713440260447,2.41361471776836e-05,-0.0038183713440260447,2.41361471776836e-05,0.008469841890385044,-0.7792594501812364,constant_log_futures
2026-01-05,3348,0,0.0030653304183063087,5.529212225465293e-06,0.0030653304183063087,5.529212225465293e-06,-0.08310451356297104,1.3036039420219627,constant_log_futures
2026-01-05,3349,1,0.004494566772946805,1.7358061070076146e-05,0.004494566772946805,1.7358061070076146e-05,-0.03655580975330068,-0.15590046037846522,constant_log_futures
2026-01-05,3350,2,0.006224469477133784,2.104419460226763e-05,0.006224469477133784,2.104419460226763e-05,-0.03164105317543007,0.8650107374954368,constant_log_futures
2026-01-05,3351,3,0.006860968728220819,2.4108983459562475e-05,0.006860968728220819,2.4108983459562475e-05,-0.015358498804457613,0.5596645715314825,constant_log_futures
2026-01-06,3352,0,0.0011871746864039671,4.801221668403541e-06,0.0011871746864039671,4.801221668403541e-06,-0.03620882793532099,0.5417996860514018,constant_log_futures
2026-01-06,3353,1,0.0002273339872165157,1.7021042464819684e-05,0.0002273339872165157,1.7021042464819684e-05,-0.0019127411338217184,-0.8404749301952517,constant_log_futures
2026-01-06,3354,2,0.0023908602703296058,2.0929500798008662e-05,0.0023908602703296058,2.0929500798008662e-05,-0.012412125658732422,1.2395747548502352,constant_log_futures
2026-01-06,3355,3,0.004101678740961345,2.4081980757480354e-05,0.004101678740961345,2.4081980757480354e-05,-0.009266755674023781,1.4541609003158815,constant_log_futures
2026-01-07,3356,0,-0.0036248002931483225,4.091096140833452e-06,-0.0036248002931483225,4.091096140833452e-06,0.12635018164688439,-1.7921082599079163,constant_log_futures
2026-01-07,3357,1,-0.0062347587137047975,1.66644967630869e-05,-0.0062347587137047975,1.66644967630869e-05,0.05433146879085609,-0.008402725327590167,constant_log_futures
2026-01-07,3358,2,-0.005017760154248993,2.0808145669801638e-05,-0.005017760154248993,2.0808145669801638e-05,0.0266159451660164,1.3904493191893357,constant_log_futures
2026-01-07,3359,3,-0.004197266919340657,2.4055132203906303e-05,-0.004197266919340657,2.4055132203906303e-05,0.009571337647842246,1.0503208046119146,constant_log_futures
2026-01-08,3360,0,-0.0005507468258342549,3.4103993392342243e-06,-0.0005507468258342549,3.4103993392342243e-06,0.022397037583926367,-0.29822866544253707,constant_log_futures
2026-01-08,3361,1,-0.0011877966710579259,1.6287493033261588e-05,-0.0011877966710579259,1.6287493033261588e-05,0.010734162508819775,-0.08598622515126335,constant_log_futures
2026-01-08,3362,2,-0.0001482954197742272,2.0679638461893597e-05,-0.0001482954197742272,2.0679638461893597e-05,0.0008040907205535875,0.812126052314604,constant_log_futures
2026-01-08,3363,3,0.00031204212408416504,2.4028428972011332e-05,0.00031204212408416504,2.4028428972011332e-05,-0.0007182856441182667,0.5447011020760908,constant_log_futures
2026-01-09,3365,0,0.00681631944813007,1.5889090736232492e-05,0.00681631944813007,1.5889090736232492e-05,-0.06396853635937451,1.7100169411277846,constant_log_futures
2026-01-09,3366,1,0.009174907359647932,2.0543437132232036e-05,0.009174907359647932,2.0543437132232036e-05,-0.05087903172168399,1.2515943853901843,constant_log_futures
2026-01-09,3367,2,0.009900662689216112,2.4001858464109938e-05,0.009900662689216112,2.4001858464109938e-05,-0.023007254249226016,0.5574842102670423,constant_log_futures
2026-01-12,3369,0,0.003129200599888189,1.5485438993907596e-05,0.003129200599888189,1.5485438993907596e-05,-0.030540997854908724,0.7951913441774964,constant_log_futures
2026-01-12,3370,1,0.00537164225285037,2.04133982199378e-05,0.00537164225285037,2.04133982199378e-05,-0.030480946737104428,1.3338690811146048,constant_log_futures
2026-01-12,3371,2,0.008200232138663378,2.397542516270723e-05,0.008200232138663378,2.397542516270723e-05,-0.019239006171479466,1.9772799058482244,constant_log_futures
2026-01-13,3373,0,-0.0006404851101065858,1.5037159734883154e-05,-0.0006404851101065858,1.5037159734883154e-05,0.0065115986194169565,-0.16516808413829814,constant_log_futures
2026-01-13,3374,1,0.0008414601953547506,2.025614122378577e-05,0.0008414601953547506,2.025614122378577e-05,-0.00488848303967998,1.0346309602400945,constant_log_futures
2026-01-13,3375,2,0.002305243427540408,2.395160071391268e-05,0.002305243427540408,2.395160071391268e-05,-0.00546096501281417,1.1892482695309856,constant_log_futures
2026-01-14,3377,0,-0.005313779496723027,1.4564273427985414e-05,-0.005313779496723027,1.4564273427985414e-05,0.05637226944349646,-1.3923842973694223,constant_log_futures
2026-01-14,3378,1,-0.006440770819212811,2.008907695062965e-05,-0.006440770819212811,2.008907695062965e-05,0.03833044097287624,-0.373269592578237,constant_log_futures
2026-01-14,3379,2,-0.004803348599337974,2.392537236442344e-05,-0.004803348599337974,2.392537236442344e-05,0.011490363316063389,1.1176181747595813,constant_log_futures
2026-01-15,3381,0,0.004798378453504302,1.4066920429504933e-05,0.004798378453504302,1.4066920429504933e-05,-0.05321837921159316,1.2793665243060888,constant_log_futures
2026-01-15,3382,1,0.006112854406468816,1.991186447885414e-05,0.006112854406468816,1.991186447885414e-05,-0.03728841187945978,0.49056094982465037,constant_log_futures
2026-01-15,3383,2,0.007923399915998348,2.3898393137353117e-05,0.007923399915998348,2.3898393137353117e-05,-0.019141679004986107,1.0123010621435375,constant_log_futures
2026-01-16,3385,0,-0.0007928688300598199,1.3544842380104645e-05,-0.0007928688300598199,1.3544842380104645e-05,0.009212380692123621,-0.21543406047298957,constant_log_futures
2026-01-16,3386,1,-0.0007222202193274308,1.972394583432687e-05,-0.0007222202193274308,1.972394583432687e-05,0.0045185059875870025,0.11601134871383524,constant_log_futures
2026-01-16,3387,2,-0.0015736631435880437,2.387123821496488e-05,-0.0015736631435880437,2.387123821496488e-05,0.0038397380703548267,-0.4492579940551946,constant_log_futures
2026-01-19,3388,0,-0.003143432355568523,1.2997801736214021e-05,-0.003143432355568523,1.2997801736214021e-05,0.03834987473793598,-0.8719049936967393,constant_log_futures
2026-01-19,3389,1,-0.002547292692003296,1.9524692814003044e-05,-0.002547292692003296,1.9524692814003044e-05,0.016356300443389583,0.6939640712115196,constant_log_futures
2026-01-19,3390,2,-0.0009679430746626083,2.3844085905292737e-05,-0.0009679430746626083,2.3844085905292737e-05,0.0023856374769462264,1.2857777916403617,constant_log_futures
2026-01-19,3391,3,0.003307795459221441,2.7150921107394117e-05,0.003307795459221441,2.7150921107394117e-05,-0.004951546576994059,2.418528005208088,constant_log_futures
2026-01-20,3392,0,0.0009661626314597714,1.2422385919017823e-05,0.0009661626314597714,1.2422385919017823e-05,-0.012407562214536011,0.27412442114029745,constant_log_futures
2026-01-20,3393,1,0.0017915147336430657,1.9310563323013558e-05,0.0017915147336430657,1.9310563323013558e-05,-0.011814313378619136,0.4296412720162967,constant_log_futures
2026-01-20,3394,2,0.002255993918173993,2.3462013475777084e-05,0.002255993918173993,2.3462013475777084e-05,-0.005616964449331166,0.3597798465236445,constant_log_futures
2026-01-20,3395,3,0.003109332054248362,2.581891784654407e-05,0.003109332054248362,2.581891784654407e-05,-0.004683191489114817,0.5365693825352712,constant_log_futures
2026-01-21,3396,0,0.003771226889179445,1.1811685312375566e-05,0.003771226889179445,1.1811685312375566e-05,-0.05112107560887692,1.0973034073522507,constant_log_futures
2026-01-21,3397,1,0.005718860391771742,1.9074082060169854e-05,0.005718860391771742,1.9074082060169854e-05,-0.03876116487756403,0.7962032423115172,constant_log_futures
2026-01-21,3398,2,0.005306089671754704,2.343383780518031e-05,0.005306089671754704,2.343383780518031e-05,-0.013347277112455131,-0.3054157928832901,constant_log_futures
2026-01-21,3399,3,0.00678985384893321,2.574191385240738e-05,0.00678985384893321,2.574191385240738e-05,-0.010290213286582008,0.8544169592369236,constant_log_futures
2026-01-22,3400,0,-0.00021379046935145413,1.1188622397573227e-05,-0.00021379046935145413,1.1188622397573227e-05,0.0030685220306914595,-0.06391459364704315,constant_log_futures
2026-01-22,3401,1,0.000971381943294975,1.8834576670140127e-05,0.000971381943294975,1.8834576670140127e-05,-0.006771919833256397,0.7780462525857804,constant_log_futures
2026-01-22,3402,2,0.0006778404056818343,2.340734735867703e-05,0.0006778404056818343,2.340734735867703e-05,-0.001722844364441329,0.03410282420565146,constant_log_futures
2026-01-22,3403,3,0.001300107942292697,2.5702349220155535e-05,0.001300107942292697,2.5702349220155535e-05,-0.001982664611996363,0.3475844645849393,constant_log_futures
2026-01-23,3404,0,0.005948322285925841,1.054352039733576e-05,0.005948322285925841,1.054352039733576e-05,-0.09071191486036907,1.8318996079574466,constant_log_futures
2026-01-23,3405,1,0.008233653989628942,1.8582290682834156e-05,0.008233653989628942,1.8582290682834156e-05,-0.05908857569027829,0.5633303045785403,constant_log_futures
2026-01-23,3406,2,0.010957800889300514,2.338109345186408e-05,0.010957800889300514,2.338109345186408e-05,-0.028144246494624478,1.4044090947701964,constant_log_futures
2026-01-23,3407,3,0.014387709013812942,2.5667417205267783e-05,0.014387709013812942,2.5667417205267783e-05,-0.02207925156836703,2.2568328629237406,constant_log_futures
2026-01-26,3408,0,-0.011033820630590708,9.876233014348862e-06,-0.011033820630590708,9.876233014348862e-06,0.17948348225760885,-3.5109953614992975,constant_log_futures
2026-01-26,3409,1,-0.014102219914769279,1.8315154769908766e-05,-0.014102219914769279,1.8315154769908766e-05,0.10427095936980921,-0.1259290746428169,constant_log_futures
2026-01-26,3410,2,-0.01412409300224195,2.335495252907604e-05,-0.01412409300224195,2.335495252907604e-05,0.03666253928241528,0.942325173113399,constant_log_futures
2026-01-26,3411,3,-0.014695431186940028,2.5633267127205633e-05,-0.014695431186940028,2.5633267127205633e-05,0.02269421018742637,-0.27438295245290867,constant_log_futures
2026-01-27,3412,0,0.0036072017702069286,9.188338581476001e-06,0.0036072017702069286,9.188338581476001e-06,-0.06286837370932076,1.1900136427973258,constant_log_futures
2026-01-27,3413,1,0.005518831173829458,1.8032181715562478e-05,0.005518831173829458,1.8032181715562478e-05,-0.04208108770044961,0.5227130989862975,constant_log_futures
2026-01-27,3414,2,0.008165894136401806,2.3328911614880027e-05,0.008165894136401806,2.3328911614880027e-05,-0.021424496443892913,1.4473636126985425,constant_log_futures
2026-01-27,3415,3,0.00747740671029665,2.5599398610175788e-05,0.00747740671029665,2.5599398610175788e-05,-0.011620937817276323,-0.31750080183321144,constant_log_futures
2026-01-28,3416,0,0.0003456242917482383,8.48219540739428e-06,0.0003456242917482383,8.48219540739428e-06,-0.006487102091274627,0.11867250836224064,constant_log_futures
2026-01-28,3417,1,0.0002487185603225382,1.7732514458402517e-05,0.0002487185603225382,1.7732514458402517e-05,-0.001957655765119333,-0.12371988569278644,constant_log_futures
2026-01-28,3418,2,0.0019126910255130962,2.3302971359671525e-05,0.0019126910255130962,2.3302971359671525e-05,-0.005072789241578212,0.9883709959168843,constant_log_futures
2026-01-28,3419,3,-3.289012217065623e-05,2.5565749777288565e-05,-3.289012217065623e-05,2.5565749777288565e-05,5.144352442077e-05,-1.1167571769104008,constant_log_futures
2026-01-29,3420,0,0.0015190881829441056,7.760927346463978e-06,0.0015190881829441056,7.760927346463978e-06,-0.03088812638653015,0.5452882963701037,constant_log_futures
2026-01-29,3421,1,0.0020408340147489413,1.7415299670031802e-05,0.0020408340147489413,1.7415299670031802e-05,-0.016598783319958055,-0.017512646549724915,constant_log_futures
2026-01-29,3422,2,0.004309436627462941,2.3277134555250887e-05,0.004309436627462941,2.3277134555250887e-05,-0.011554972935175357,1.241128912157251,constant_log_futures
2026-01-29,3423,3,0.004334858764952529,2.5532317795630213e-05,0.004334858764952529,2.5532317795630213e-05,-0.006823906700957529,0.13371445975626117,constant_log_futures
2026-01-30,3424,0,0.0013285530268172976,7.028547037539605e-06,0.0013285530268172976,7.028547037539605e-06,-0.02946972168576551,0.501125053199771,constant_log_futures
2026-01-30,3425,1,0.0008685792694803104,1.7079673491932173e-05,0.0008685792694803104,1.7079673491932173e-05,-0.007308046267351578,-0.5641245602761853,constant_log_futures
2026-01-30,3426,2,0.003583479710292754,2.3251404480206468e-05,0.003583479710292754,2.3251404480206468e-05,-0.009715211659015911,1.4232685038531683,constant_log_futures
2026-01-30,3427,3,0.003415306652943456,2.5499108191579845e-05,0.003415306652943456,2.5499108191579845e-05,-0.005411265086481839,0.05331072081984094,constant_log_futures
2026-02-02,3428,0,-0.010824196788798233,6.290118564158369e-06,-0.010824196788798233,6.290118564158369e-06,0.2641104016466769,-4.315849218898436,constant_log_futures
2026-02-02,3429,1,-0.014292893810876447,1.6724763165725315e-05,-0.014292893810876447,1.6724763165725315e-05,0.12455236035192332,0.8131034661275003,constant_log_futures
2026-02-02,3430,2,-0.020076925990326795,2.322578416572539e-05,-0.020076925990326795,2.322578416572539e-05,0.055042358894828516,-1.8777931541776174,constant_log_futures
2026-02-02,3431,3,-0.022685910273659807,2.5466127861114596e-05,-0.022685910273659807,2.5466127861114596e-05,0.03617883729916989,-1.8655017027749685,constant_log_futures
2026-02-03,3432,0,0.006156362262650672,5.5519505548819285e-06,0.006156362262650672,5.5519505548819285e-06,-0.1669058213429738,2.61277115334088,constant_log_futures
2026-02-03,3433,1,0.010658109738815237,1.6349691245227455e-05,0.010658109738815237,1.6349691245227455e-05,-0.09631773245447844,0.7007250523239515,constant_log_futures
2026-02-03,3434,2,0.012154248192371252,2.3200275371041858e-05,0.012154248192371252,2.3200275371041858e-05,-0.03370041544248392,-0.00820356479161126,constant_log_futures
2026-02-03,3435,3,0.012974837394524485,2.5433383900901596e-05,0.012974837394524485,2.5433383900901596e-05,-0.020828028449105095,0.5100986276291686,constant_log_futures
2026-02-04,3436,0,0.0029282941988195573,4.821823043251333e-06,0.0029282941988195573,4.821823043251333e-06,-0.08931297306399649,1.3335492917425784,constant_log_futures
2026-02-04,3437,1,0.0031408752360335673,1.5953580403509347e-05,0.0031408752360335673,1.5953580403509347e-05,-0.029475906061238094,-0.7494288483592263,constant_log_futures
2026-02-04,3438,2,0.001816848644228465,2.317487690904955e-05,0.001816848644228465,2.317487690904955e-05,-0.005095529530939603,-1.402018023597615,constant_log_futures
2026-02-04,3439,3,0.0009851860905473186,2.5400883097022613e-05,0.0009851860905473186,2.5400883097022613e-05,-0.0015919563317453361,-0.5904048311429383,constant_log_futures
2026-02-05,3440,0,0.0001796977096310884,4.10925384235443e-06,0.0001796977096310884,4.10925384235443e-06,-0.006263748735712224,0.08864639052001161,constant_log_futures
2026-02-05,3441,1,-0.002326595390797265,1.5535558391739273e-05,-0.002326595390797265,1.5535558391739273e-05,0.022707571014181308,-1.2595433651446444,constant_log_futures
2026-02-05,3442,2,-0.0038328960277372592,2.3149581968206696e-05,-0.0038328960277372592,2.3149581968206696e-05,0.010874728264742922,-0.9905729418993615,constant_log_futures
2026-02-05,3443,3,-0.004569365495972283,2.5368631288047717e-05,-0.004569365495972283,2.5368631288047717e-05,0.007432834540114913,-0.49614744492271995,constant_log_futures
2026-02-06,3444,0,-0.003004553935847926,3.425811381365387e-06,-0.003004553935847926,3.425811381365387e-06,0.122185193391149,-1.623298101261493,constant_log_futures
2026-02-06,3445,1,-0.003981620583903492,1.5094762934311218e-05,-0.003981620583903492,1.5094762934311218e-05,0.04047980926968551,0.5451585083255661,constant_log_futures
2026-02-06,3446,2,-0.0044630025796356144,2.3124373950164865e-05,-0.0044630025796356144,2.3124373950164865e-05,0.012811442699189293,0.3992725368071947,constant_log_futures
2026-02-06,3447,3,-0.006542939270834991,2.5336632386604358e-05,-0.006542939270834991,2.5336632386604358e-05,0.010714611960293543,-1.2894613463175684,constant_log_futures
2026-02-09,3449,0,0.007236621385148238,1.463034650836923e-05,0.007236621385148238,1.463034650836923e-05,-0.07677111382505088,1.891945166039933,constant_log_futures
2026-02-09,3450,1,0.007511505507204476,2.3099220174294036e-05,0.007511505507204476,2.3099220174294036e-05,-0.02181913504473681,-0.5580813047379345,constant_log_futures
2026-02-09,3451,2,0.006773623120838103,2.5304886882461785e-05,0.006773623120838103,2.5304886882461785e-05,-0.01116732460462498,-0.5026929085233824,constant_log_futures
2026-02-10,3453,0,-0.0013298769576006652,1.4170621146127112e-05,-0.0013298769576006652,1.4170621146127112e-05,0.01474954443884374,-0.3532783453064184,constant_log_futures
2026-02-10,3454,1,-0.0018067562592044405,2.3084305820454563e-05,-0.0018067562592044405,2.3084305820454563e-05,0.00531142803910703,-0.12914716194393178,constant_log_futures
2026-02-10,3455,2,-0.0025731759123765845,2.527396759032681e-05,-0.0025731759123765845,2.527396759032681e-05,0.0042711219225842634,-0.48010646618503616,constant_log_futures
2026-02-11,3457,0,0.002888056619566257,1.3649997892748784e-05,0.002888056619566257,1.3649997892748784e-05,-0.03355646738924604,0.7816987384000942,constant_log_futures
2026-02-11,3458,1,0.004525723909347225,2.3056357391575726e-05,0.004525723909347225,2.3056357391575726e-05,-0.013466788218057597,0.5859209136573214,constant_log_futures
2026-02-11,3459,2,0.0053110114219764686,2.524531348441215e-05,0.0053110114219764686,2.524531348441215e-05,-0.008875936897001769,0.526620966617518,constant_log_futures
2026-02-12,3461,0,0.0027334253683856274,1.310179372036843e-05,0.0027334253683856274,1.310179372036843e-05,-0.033347789494304655,0.7551649803153402,constant_log_futures
2026-02-12,3462,1,0.0029935217832999014,2.302818574567726e-05,0.0029935217832999014,2.302818574567726e-05,-0.00901752240895279,-0.20744568443651062,constant_log_futures
2026-02-12,3463,2,0.002241709806694081,2.5213938506333595e-05,0.002241709806694081,2.5213938506333595e-05,-0.003772256502299005,-0.4672566716067173,constant_log_futures
2026-02-13,3465,0,-0.0038545518436867614,1.2527858446309936e-05,-0.0038545518436867614,1.2527858446309936e-05,0.04950056051892472,-1.0890190390968244,constant_log_futures
2026-02-13,3466,1,-0.0058341528436910255,2.2999810894954108e-05,-0.0058341528436910255,2.2999810894954108e-05,0.01779416617325763,-0.5515552155447048,constant_log_futures
2026-02-13,3467,2,-0.005646095150112145,2.5182146389476584e-05,-0.005646095150112145,2.5182146389476584e-05,0.009566994559912246,0.06697739078146596,constant_log_futures
2026-02-24,3469,0,-0.0013811091256917417,1.1928678892799482e-05,-0.0013811091256917417,1.1928678892799482e-05,0.018721701481599164,-0.3998819680731361,constant_log_futures
2026-02-24,3470,1,-0.000706700215561365,2.297122444805842e-05,-0.000706700215561365,2.297122444805842e-05,0.002182719653126241,0.5835602236747064,constant_log_futures
2026-02-24,3471,2,-0.001440242067098571,2.5150450286636853e-05,-0.001440242067098571,2.5150450286636853e-05,0.0024574759746297296,-0.40974775995598783,constant_log_futures
2026-02-25,3472,0,0.0005027206201650568,1.1304732888729086e-05,0.0005027206201650568,1.1304732888729086e-05,-0.007215519489427875,0.1495190560336434,constant_log_futures
2026-02-25,3473,1,0.0026683638362399644,1.922449034903908e-05,0.0026683638362399644,1.922449034903908e-05,-0.018085577112293093,1.2944856068063968,constant_log_futures
2026-02-25,3474,2,0.0020933950833626983,2.2942416130319935e-05,0.0020933950833626983,2.2942416130319935e-05,-0.006548569235134595,-0.04075073484035659,constant_log_futures
2026-02-25,3475,3,0.0018574126041301375,2.5118962985184665e-05,0.0018574126041301375,2.5118962985184665e-05,-0.0031916103901954477,-0.24250529060318854,constant_log_futures
2026-02-26,3476,0,-0.003916715186611065,1.0534951148693118e-05,-0.003916715186611065,1.0534951148693118e-05,0.059729906595818734,-1.2067178275801114,constant_log_futures
2026-02-26,3477,1,-0.003832324614077031,1.8816097603798515e-05,-0.003832324614077031,1.8816097603798515e-05,0.02671677730956559,0.6375606384849085,constant_log_futures
2026-02-26,3478,2,-0.005847197740083026,2.2827156409236935e-05,-0.005847197740083026,2.2827156409236935e-05,0.018528782449094262,-0.8998251382382628,constant_log_futures
2026-02-26,3479,3,-0.006985813927973532,2.508583513222635e-05,-0.006985813927973532,2.508583513222635e-05,0.012088926229968381,-0.8908711955207078,constant_log_futures
2026-02-27,3480,0,0.0012993601580115885,9.864185053172212e-06,0.0012993601580115885,9.864185053172212e-06,-0.02113625857032184,0.4137127833625169,constant_log_futures
2026-02-27,3481,1,0.0028352240607008193,1.8560189392162277e-05,0.0028352240607008193,1.8560189392162277e-05,-0.02034690208267647,0.7248009910614398,constant_log_futures
2026-02-27,3482,2,-0.00020639174295428858,2.2794685972232456e-05,-0.00020639174295428858,2.2794685972232456e-05,0.0006626261221164001,-2.008642485047654,constant_log_futures
2026-02-27,3483,3,-0.0021687906934050732,2.5043412067819344e-05,-0.0021687906934050732,2.5043412067819344e-05,0.003779892351363128,-1.599689500755817,constant_log_futures
2026-03-02,3484,0,-0.002822383339610957,9.17597107316052e-06,-0.002822383339610957,9.17597107316052e-06,0.049190109633219535,-0.9317297913366286,constant_log_futures
2026-03-02,3485,1,-0.001267160815785543,1.8292100215367858e-05,-0.001267160815785543,1.8292100215367858e-05,0.009369310274293106,1.4415334928131698,constant_log_futures
2026-03-02,3486,2,-0.0029224120056792965,2.2761625428599584e-05,-0.0029224120056792965,2.2761625428599584e-05,0.009507580391809978,-0.485891441161771,constant_log_futures
2026-03-02,3487,3,-0.003670106648081435,2.5010117362979293e-05,-0.003670106648081435,2.5010117362979293e-05,0.00644248936785518,-0.63338164059296,constant_log_futures
2026-03-03,3488,0,0.0031336258289382545,8.470049798960677e-06,0.0031336258289382545,8.470049798960677e-06,-0.058815746327764165,1.076723412044292,constant_log_futures
2026-03-03,3489,1,0.005701733372213658,1.8008549600355543e-05,0.005701733372213658,1.8008549600355543e-05,-0.043475716963129137,0.8909402860854801,constant_log_futures
2026-03-03,3490,2,0.005153788138768177,2.272792704597443e-05,0.005153788138768177,2.272792704597443e-05,-0.01699357170080318,-0.4826457607436709,constant_log_futures
2026-03-03,3491,3,0.00635329725708994,2.4978705356672342e-05,0.00635329725708994,2.4978705356672342e-05,-0.011233366164709751,0.6029206262426746,constant_log_futures
2026-03-04,3492,0,-0.0022928733303325755,7.749162988106003e-06,-0.0022928733303325755,7.749162988106003e-06,0.04662175771676237,-0.823668893960367,constant_log_futures
2026-03-04,3493,1,-0.002158262258639114,1.7708318904670172e-05,-0.002158262258639114,1.7708318904670172e-05,0.016987612616385282,0.5723431708244091,constant_log_futures
2026-03-04,3494,2,-0.004071027879198354,2.2693536227549324e-05,-0.004071027879198354,2.2693536227549324e-05,0.013607271267457513,-0.9023624729811829,constant_log_futures
2026-03-04,3495,3,-0.004219447324446582,2.4947805125411463e-05,-0.004219447324446582,2.4947805125411463e-05,0.007514928081496102,-0.2696475243109442,constant_log_futures
2026-03-05,3496,0,-0.001961617216166519,7.017269895967865e-06,-0.001961617216166519,7.017269895967865e-06,0.04351223643133005,-0.740508715177946,constant_log_futures
2026-03-05,3497,1,-0.0017342555473986434,1.7390476831738094e-05,-0.0017342555473986434,1.7390476831738094e-05,0.014105278452175633,0.5893502615477324,constant_log_futures
2026-03-05,3498,2,-0.0033749690834409714,2.265839673134311e-05,-0.0033749690834409714,2.265839673134311e-05,0.011437395227216625,-0.7336217906443182,constant_log_futures
2026-03-05,3499,3,-0.003615132091523497,2.4917177792297356e-05,-0.003615132091523497,2.4917177792297356e-05,0.0064859722818509805,-0.29803492416318306,constant_log_futures
2026-03-06,3500,0,-0.00037073181029509796,6.279437972184722e-06,-0.00037073181029509796,6.279437972184722e-06,0.00904585617120039,-0.14794471802087844,constant_log_futures
2026-03-06,3501,1,0.0013579529191963483,1.7054131787948724e-05,0.0013579529191963483,1.7054131787948724e-05,-0.01142553490634169,1.030868103739664,constant_log_futures
2026-03-06,3502,2,-0.0009095883520380717,2.2622447062104277e-05,-0.0009095883520380717,2.2622447062104277e-05,0.003125909266159007,-1.2810085763553656,constant_log_futures
2026-03-06,3503,3,-0.0011920147197078262,2.4886784076167262e-05,-0.0011920147197078262,2.4886784076167262e-05,0.0021544562341385895,-0.4350445940835086,constant_log_futures
2026-03-09,3504,0,0.0020539605279598448,5.541989269643779e-06,0.0020539605279598448,5.541989269643779e-06,-0.05568515209135579,0.872487579130582,constant_log_futures
2026-03-09,3505,1,0.002625577912411986,1.669839016261851e-05,0.002625577912411986,1.669839016261851e-05,-0.022880036093875875,-0.272936916994478,constant_log_futures
2026-03-09,3506,2,0.0005711880098403961,2.2585618399434895e-05,0.0005711880098403961,2.2585618399434895e-05,-0.001990998205729381,-1.728961223631045,constant_log_futures
2026-03-09,3507,3,7.283541857674297e-05,2.4856620033137074e-05,7.283541857674297e-05,2.4856620033137074e-05,-0.00013262568755765137,-0.5668678209506752,constant_log_futures
2026-03-10,3508,0,-0.0020332175664700817,4.812717999759927e-06,-0.0020332175664700817,4.812717999759927e-06,0.06201313577733749,-0.9268055924871567,constant_log_futures
2026-03-10,3509,1,-0.0012190496340237006,1.6322352023973082e-05,-0.0012190496340237006,1.6322352023973082e-05,0.011016596692658627,1.0158398910092374,constant_log_futures
2026-03-10,3510,2,-0.0023166730777483616,2.2547831931967e-05,-0.0023166730777483616,2.2547831931967e-05,0.008192293202472467,-0.24781773952846853,constant_log_futures
2026-03-10,3511,3,-0.0002887943708069912,2.4826687364595295e-05,-0.0002887943708069912,2.4826687364595295e-05,0.0005298182441872621,1.1561661735159328,constant_log_futures
2026-03-11,3512,0,-0.0031911638364877895,4.1011530616919206e-06,-0.0031911638364877895,4.1011530616919206e-06,0.11123485372900295,-1.5757819179389814,constant_log_futures
2026-03-11,3513,1,-0.003282675533274179,1.5925114093996445e-05,-0.003282675533274179,1.5925114093996445e-05,0.030806647312265373,0.9766964386498491,constant_log_futures
2026-03-11,3514,2,-0.004376768987508016,2.2508995004712004e-05,-0.004376768987508016,2.2508995004712004e-05,0.015704876955175823,-0.008623511552379958,constant_log_futures
2026-03-11,3515,3,-0.0037903654051450256,2.4796987463031307e-05,-0.0037903654051450256,2.4796987463031307e-05,0.007006433021631713,0.3146209974106928,constant_log_futures
2026-03-12,3516,0,-0.003183911563059596,3.4188665036300423e-06,-0.003183911563059596,3.4188665036300423e-06,0.12947907023109023,-1.7219475726896514,constant_log_futures
2026-03-12,3517,1,-0.0010673096305979738,1.5505774496239753e-05,-0.0010673096305979738,1.5505774496239753e-05,0.010416941994636225,2.0147908963484134,constant_log_futures
2026-03-12,3518,2,-0.0032796948785193854,2.2468995571016745e-05,-0.0032796948785193854,2.2468995571016745e-05,0.01194396343819,-0.6800665362800935,constant_log_futures
2026-03-12,3519,3,-0.003188743554199444,2.4767519491514857e-05,-0.003188743554199444,2.4767519491514857e-05,0.005939339139119575,-0.13223773691170265,constant_log_futures
2026-03-13,3521,0,0.003616773570353801,1.5063438461598102e-05,0.003616773570353801,1.5063438461598102e-05,-0.036770531298596976,0.9318784349540364,constant_log_futures
2026-03-13,3522,1,0.0019958851885594556,2.242769433168652e-05,0.0019958851885594556,2.242769433168652e-05,-0.007378727060734956,-1.3327487431881977,constant_log_futures
2026-03-13,3523,2,0.001788582278749798,2.4738278858794037e-05,0.001788582278749798,2.4738278858794037e-05,-0.003357031353961159,-0.3534694229506602,constant_log_futures
2026-03-16,3525,0,0.001311375598261489,1.4620501822837618e-05,0.001311375598261489,1.4620501822837618e-05,-0.013911984607643623,0.3429619647895518,constant_log_futures
2026-03-16,3526,1,-0.0006824693684525894,2.239739862552094e-05,-0.0006824693684525894,2.239739862552094e-05,0.002561885013883566,-1.3545275457547208,constant_log_futures
2026-03-16,3527,2,-0.0008901663675538393,2.4709459687314462e-05,-0.0008901663675538393,2.4709459687314462e-05,0.001683725532427417,-0.3312012779610125,constant_log_futures
2026-03-17,3529,0,0.0028928911995611036,1.4124146292986992e-05,0.0028928911995611036,1.4124146292986992e-05,-0.03208479330422315,0.769752302639401,constant_log_futures
2026-03-17,3530,1,-0.0007673177100303123,2.2349626249126445e-05,-0.0007673177100303123,2.2349626249126445e-05,0.0029253987694905655,-2.5443970324381504,constant_log_futures
2026-03-17,3531,2,-0.0005158358696794735,2.4683360786249682e-05,-0.0005158358696794735,2.4683360786249682e-05,0.0009833121265764963,-0.22895000290145598,constant_log_futures
2026-03-18,3533,0,0.0007373578385154889,1.3601225018675433e-05,0.0007373578385154889,1.3601225018675433e-05,-0.00856739583798949,0.19993521248704105,constant_log_futures
2026-03-18,3534,1,-0.0019120147626363534,2.2299849195441757e-05,-0.0019120147626363534,2.2299849195441757e-05,0.007405263525131273,-1.686762423422632,constant_log_futures
2026-03-18,3535,2,-0.0024460310558655288,2.465456623728523e-05,-0.0024460310558655288,2.465456623728523e-05,0.004699461241190465,-0.5637329627927278,constant_log_futures
2026-03-19,3537,0,0.004295266868876554,1.3052828295928925e-05,0.004295266868876554,1.3052828295928925e-05,-0.05240225580029396,1.1888795028638781,constant_log_futures
2026-03-19,3538,1,0.001131673665809886,2.2248046098977355e-05,0.001131673665809886,2.2248046098977355e-05,-0.004453683458993745,-2.454977933090628,constant_log_futures
2026-03-19,3539,2,-0.0004634679585335047,2.4625222615004402e-05,-0.0004634679585335047,2.4625222615004402e-05,0.000897509380017263,-1.326342647557212,constant_log_futures
2026-03-20,3541,0,0.00048283160421480533,1.247915145246733e-05,0.00048283160421480533,1.247915145246733e-05,-0.006200574285705921,0.1366794308761948,constant_log_futures
2026-03-20,3542,1,-0.0008867732337617569,2.21940954976122e-05,-0.0008867732337617569,2.21940954976122e-05,0.0035470929350470276,-0.8784593459244483,constant_log_futures
2026-03-20,3543,2,0.0007776860734286031,2.459589762065865e-05,0.0007776860734286031,2.459589762065865e-05,-0.0015180432153326334,0.8760607962502213,constant_log_futures
2026-03-23,3544,0,0.0013006197194060922,1.1880393947057851e-05,0.0013006197194060922,1.1880393947057851e-05,-0.01763062286306036,0.37734179703210413,constant_log_futures
2026-03-23,3545,1,0.0004531974503600173,1.8911406143047584e-05,0.0004531974503600173,1.8911406143047584e-05,-0.0031594336539384066,-0.6936053606379087,constant_log_futures
2026-03-23,3546,2,-0.002144133581698855,2.2137852606875924e-05,-0.002144133581698855,2.2137852606875924e-05,0.008719476565575344,-2.2755712902037004,constant_log_futures
2026-03-23,3547,3,-0.0028084607453113877,2.4566732541875824e-05,-0.0028084607453113877,2.4566732541875824e-05,0.005526325982709504,-0.9022291178718606,constant_log_futures
2026-03-24,3548,0,0.0007806164373724738,1.1160148154943657e-05,0.0007806164373724738,1.1160148154943657e-05,-0.011204141806993154,0.23366986729475916,constant_log_futures
2026-03-24,3549,1,-0.0014130547861459907,1.8529034300919257e-05,-0.0014130547861459907,1.8529034300919257e-05,0.010140746112341817,-1.4924470550992774,constant_log_futures
2026-03-24,3550,2,-5.884549363127656e-05,2.1983725578927818e-05,-5.884549363127656e-05,2.1983725578927818e-05,0.00024336102450900815,0.4161788734055017,constant_log_futures
2026-03-24,3551,3,0.002386309174350877,2.4530547129918585e-05,0.002386309174350877,2.4530547129918585e-05,-0.004733816573509057,1.7254813050133346,constant_log_futures
2026-03-25,3552,0,-0.006195636047600359,1.051346473884131e-05,-0.006195636047600359,1.051346473884131e-05,0.09448344972590546,-1.9107900304946581,constant_log_futures
2026-03-25,3553,1,-0.006266996832722284,1.825813876453936e-05,-0.006266996832722284,1.825813876453936e-05,0.0463377947631587,0.8198963361427856,constant_log_futures
2026-03-25,3554,2,-0.008236413215393278,2.1919571093087484e-05,-0.008236413215393278,2.1919571093087484e-05,0.0346497383544131,-0.6500513461603566,constant_log_futures
2026-03-25,3555,3,-0.007935203712055042,2.4492321988810152e-05,-0.007935203712055042,2.4492321988810152e-05,0.015870407424110083,0.04001454075894675,constant_log_futures
2026-03-26,3556,0,0.0006087245041711056,9.846602968327398e-06,0.0006087245041711056,9.846602968327398e-06,-0.00990191860118332,0.19398920856456864,constant_log_futures
2026-03-26,3557,1,0.0007069424698523813,1.7972873538474835e-05,0.0007069424698523813,1.7972873538474835e-05,-0.005390436332624407,-0.032825677669657834,constant_log_futures
2026-03-26,3558,2,-0.0005554011936571741,2.185244917084696e-05,-0.0005554011936571741,2.185244917084696e-05,0.002377506864076324,-0.9957213935596085,constant_log_futures
2026-03-26,3559,3,-0.0002904751770813688,2.446128636386632e-05,-0.0002904751770813688,2.446128636386632e-05,0.0005857515967591238,-0.09167571380317582,constant_log_futures
2026-03-27,3560,0,0.00400915909944893,9.1596300877878e-06,0.00400915909944893,9.1596300877878e-06,-0.06987391573325277,1.3246902005863783,constant_log_futures
2026-03-27,3561,1,0.005592535834548246,1.7671072377299514e-05,0.005592535834548246,1.7671072377299514e-05,-0.04401866914934748,0.28478248392308375,constant_log_futures
2026-03-27,3562,2,0.004480103448182959,2.1782067409776124e-05,0.004480103448182959,2.1782067409776124e-05,-0.019520450738511462,-1.135182764641388,constant_log_futures
2026-03-27,3563,3,0.005752452667255159,2.4432103478815146e-05,0.005752452667255159,2.4432103478815146e-05,-0.011696653756752157,0.4195954938486146,constant_log_futures
2026-03-30,3564,0,-0.0030034967295316023,8.454635591876465e-06,-0.0030034967295316023,8.454635591876465e-06,0.05637332323120854,-1.03295099092472,constant_log_futures
2026-03-30,3565,1,-0.0037517471522340445,1.7351642746091655e-05,-0.0037517471522340445,1.7351642746091655e-05,0.03051421017150356,0.11082630399286607,constant_log_futures
2026-03-30,3566,2,-0.006126767266970312,2.170819030169728e-05,-0.006126767266970312,2.170819030169728e-05,0.02718056751165011,-1.3546590899078423,constant_log_futures
2026-03-30,3567,3,-0.005554229693431681,2.440347938905158e-05,-0.005554229693431681,2.440347938905158e-05,0.01138850458149017,0.0597045615954609,constant_log_futures
2026-03-31,3568,0,0.002450561904920312,7.73469932426187e-06,0.002450561904920312,7.73469932426187e-06,-0.04982809206671301,0.8811380588217179,constant_log_futures
2026-03-31,3569,1,0.0025693608411289075,1.701366400010251e-05,0.0025693608411289075,1.701366400010251e-05,-0.021618070525360463,-0.4283220382043991,constant_log_futures
2026-03-31,3570,2,2.1038173366204338e-05,2.163057133131472e-05,2.1038173366204338e-05,2.163057133131472e-05,-9.506137595099739e-05,-2.2560594554422084,constant_log_futures
2026-03-31,3571,3,0.0015001565984212317,2.437513013830584e-05,0.0015001565984212317,2.437513013830584e-05,-0.0031020187289388184,0.34274457391557617,constant_log_futures
2026-04-01,3572,0,-0.0006534579506712185,7.0038398513321085e-06,-0.0006534579506712185,7.0038398513321085e-06,0.014494885451252482,-0.24691617628620557,constant_log_futures
2026-04-01,3573,1,0.0005277959197676155,1.66562520013423e-05,0.0005277959197676155,1.66562520013423e-05,-0.004599364443689221,0.8156020388317103,constant_log_futures
2026-04-01,3574,2,-0.002409398114188322,2.1548948179177834e-05,-0.002409398114188322,2.1548948179177834e-05,0.01109232339362171,-1.813296306787178,constant_log_futures
2026-04-01,3575,3,0.0004283931404329977,2.4346994101380756e-05,0.0004283931404329977,2.4346994101380756e-05,-0.000893401079193602,1.253680604422474,constant_log_futures
2026-04-02,3576,0,0.00010191158180478631,6.267137782307133e-06,0.00010191158180478631,6.267137782307133e-06,-0.002486642596036786,0.04070885816589083,constant_log_futures
2026-04-02,3577,1,-0.0004034206744789083,1.6278534457924595e-05,-0.0004034206744789083,1.6278534457924595e-05,0.0036457275767723565,-0.30305183412617936,constant_log_futures
2026-04-02,3578,2,-0.003910644415892586,2.146303972989084e-05,-0.003910644415892586,2.146303972989084e-05,0.018349946874572903,-2.5643196651436306,constant_log_futures
2026-04-02,3579,3,-0.002100699818100092,2.4319058914608498e-05,-0.002100699818100092,2.4319058914608498e-05,0.004418713410486401,0.5105766634723117,constant_log_futures
2026-04-03,3580,0,0.0027624784158685844,5.530918589143215e-06,0.0027624784158685844,5.530918589143215e-06,-0.0748938592746594,1.1746277602381265,constant_log_futures
2026-04-03,3581,1,0.0031818681580461743,1.587965202298198e-05,0.0031818681580461743,1.587965202298198e-05,-0.029860608867817946,-0.5028485758950568,constant_log_futures
2026-04-03,3582,2,0.0002300857954638559,2.1372542973814688e-05,0.0002300857954638559,2.1372542973814688e-05,-0.0011008026292780556,-2.6297600950834443,constant_log_futures
2026-04-03,3583,3,0.0020667549354515882,2.429132286145135e-05,0.0020667549354515882,2.429132286145135e-05,-0.004385114819566848,0.4636635349228238,constant_log_futures
2026-04-07,3584,0,-0.0003793110196923192,4.802974553260796e-06,-0.0003793110196923192,4.802974553260796e-06,0.011568986100615734,-0.17307738189690525,constant_log_futures
2026-04-07,3585,1,-0.0004387446928761883,1.545876653551563e-05,-0.0004387446928761883,1.545876653551563e-05,0.004282148202471598,0.07721626815734962,constant_log_futures
2026-04-07,3586,2,-0.0025884041160460884,2.1277129085037147e-05,-0.0025884041160460884,2.1277129085037147e-05,0.012631412086304911,-1.4073989163655207,constant_log_futures
2026-04-07,3587,3,-0.0004280997992426039,2.4263785868366558e-05,-0.0004280997992426039,2.4263785868366558e-05,0.0009162837808350468,0.9904628495003551,constant_log_futures
2026-04-08,3588,0,0.003682323967732674,4.092825873949886e-06,0.003682323967732674,4.092825873949886e-06,-0.12835529258953893,1.8201633298344801,constant_log_futures
2026-04-08,3589,1,0.005964679225116683,1.5015072340911896e-05,0.005964679225116683,1.5015072340911896e-05,-0.060640905455352945,-0.0061466305045690004,constant_log_futures
2026-04-08,3590,2,0.00596560368986886,2.1176438149303594e-05,0.00596560368986886,2.1176438149303594e-05,-0.029706271435265344,-0.7865658522790614,constant_log_futures
2026-04-08,3591,3,0.010479803608348798,2.4236446980377932e-05,0.010479803608348798,2.4236446980377932e-05,-0.02262895646404519,2.4462883999782434,constant_log_futures
2026-04-09,3592,0,-0.0007902105141862716,3.412025966507595e-06,-0.0007902105141862716,3.412025966507595e-06,0.03213522757690838,-0.4277959217995587,constant_log_futures
2026-04-09,3593,1,-0.0032553846521914858,1.454781003735613e-05,-0.0032553846521914858,1.454781003735613e-05,0.034535385005857504,-0.8792784999345193,constant_log_futures
2026-04-09,3594,2,-0.006331188746782644,2.1070071976911478e-05,-0.006331188746782644,2.1070071976911478e-05,0.03218354279614511,-1.9153777915213799,constant_log_futures
2026-04-09,3595,3,-0.004336151099772666,2.420930310469965e-05,-0.004336151099772666,2.420930310469965e-05,0.009446614895933307,0.8684656463093221,constant_log_futures
2026-04-10,3597,0,0.00029553773140763955,1.4056282957350608e-05,0.00029553773140763955,1.4056282957350608e-05,-0.0032777821119756383,0.07882748848329355,constant_log_futures
2026-04-10,3598,1,-0.001974318437867526,2.0957584332283545e-05,-0.001974318437867526,2.0957584332283545e-05,0.010249653166801626,-1.4927543019344467,constant_log_futures
2026-04-10,3599,2,0.0002533957409687898,2.4182347778869566e-05,0.0002533957409687898,2.4182347778869566e-05,-0.000557014061228691,1.0053952311327914,constant_log_futures
2026-04-13,3601,0,-0.0016722766892581214,1.3557394344843835e-05,-0.0016722766892581214,1.3557394344843835e-05,0.019430262484713412,-0.45417165017245054,constant_log_futures
2026-04-13,3602,1,-0.004147472923084029,2.0853860479081402e-05,-0.004147472923084029,2.0853860479081402e-05,0.021999638983315285,-1.4060425061952488,constant_log_futures
2026-04-13,3603,2,-0.0026295737520960483,2.4155588457872543e-05,-0.0026295737520960483,2.4155588457872543e-05,0.005832872686467598,0.6551583094133954,constant_log_futures
2026-04-14,3605,0,0.0003442559011976945,1.3011267595393887e-05,0.0003442559011976945,1.3011267595393887e-05,-0.0041999219946118735,0.09543805703074192,constant_log_futures
2026-04-14,3606,1,-0.00177964992965602,2.0723599401969866e-05,-0.00177964992965602,2.0723599401969866e-05,0.009649657396357085,-1.3850854893276818,constant_log_futures
2026-04-14,3607,2,-1.050706647991173e-05,2.4131450443700914e-05,-1.050706647991173e-05,2.4131450443700914e-05,2.352040569815103e-05,0.7562796491880603,constant_log_futures
2026-04-15,3609,0,0.002537410545007654,1.2438919983784898e-05,0.002537410545007654,1.2438919983784898e-05,-0.032585693314835136,0.7194479895437059,constant_log_futures
2026-04-15,3610,1,0.0016497555906179566,2.058532179600537e-05,0.0016497555906179566,2.058532179600537e-05,-0.009148644638881395,-0.8807887673016092,constant_log_futures
2026-04-15,3611,2,0.004099651118580079,2.4105000448487503e-05,0.004099651118580079,2.4105000448487503e-05,-0.009262174749384624,1.1968193593740497,constant_log_futures
2026-04-16,3613,0,0.003356952930012377,1.1841324426455605e-05,0.003356952930012377,1.1841324426455605e-05,-0.04550536194016778,0.9755400681228721,constant_log_futures
2026-04-16,3614,1,0.0012419791608499035,2.0438788107936143e-05,0.0012419791608499035,2.0438788107936143e-05,-0.007047509656915731,-1.7811890778539126,constant_log_futures
2026-04-16,3615,2,0.002702123889401206,2.407793793830147e-05,0.002702123889401206,2.407793793830147e-05,-0.006161852607606489,0.3928448839200488,constant_log_futures
2026-04-17,3617,0,0.0015379962753939947,1.1219125069609841e-05,0.0015379962753939947,1.1219125069609841e-05,-0.022074770070360867,0.4591724141947112,constant_log_futures
2026-04-17,3618,1,-0.0008544278625732156,2.0283536884130983e-05,-0.0008544278625732156,2.0283536884130983e-05,0.004963819011139634,-1.6984938152760318,constant_log_futures
2026-04-17,3619,2,0.0007188424207166533,2.4050809123077345e-05,0.0007188424207166533,2.4050809123077345e-05,-0.0016546938741024849,0.5441875573357245,constant_log_futures
2026-04-20,3620,0,-0.0020975670728441715,1.0573173114677555e-05,-0.0020975670728441715,1.0573173114677555e-05,0.03198789786087362,-0.6450794180015025,constant_log_futures
2026-04-20,3621,1,-0.0044020742226890015,2.011903909374703e-05,-0.0044020742226890015,2.011903909374703e-05,0.026197710008197962,-1.0314404917206186,constant_log_futures
2026-04-20,3622,2,-0.0018633801626630128,2.402377295906477e-05,-0.0018633801626630128,2.402377295906477e-05,0.004330140568474049,1.397489353814049,constant_log_futures
2026-04-20,3623,3,-0.0012832832148049686,2.6988739118527504e-05,-0.0012832832148049686,2.6988739118527504e-05,0.0019092750269049533,0.44251168017087766,constant_log_futures
2026-04-21,3624,0,0.0008162697859391554,9.90037600573619e-06,0.0008162697859391554,9.90037600573619e-06,-0.013277988517943595,0.25942264143669436,constant_log_futures
2026-04-21,3625,1,0.00014979246394960719,1.9940035624431643e-05,0.00014979246394960719,1.9940035624431643e-05,-0.0009137340300926039,-0.5480644553006033,constant_log_futures
2026-04-21,3626,2,0.0016842125501289953,2.3638809670772302e-05,0.0016842125501289953,2.3638809670772302e-05,-0.00395142175222572,0.7958813249294889,constant_log_futures
2026-04-21,3627,3,0.0015977276124678405,2.583113111284033e-05,0.0015977276124678405,2.583113111284033e-05,-0.0023916904137555404,0.06326908020072157,constant_log_futures
2026-04-22,3628,0,0.0031766071477465755,9.199288419796441e-06,0.0031766071477465755,9.199288419796441e-06,-0.05536372457501174,1.047336866708099,constant_log_futures
2026-04-22,3629,1,0.0017289583689766297,1.9742876455230652e-05,0.0017289583689766297,1.9742876455230652e-05,-0.010817072872571734,-1.4919121314384107,constant_log_futures
2026-04-22,3630,2,0.00289294634861529,2.361034091393157e-05,0.00289294634861529,2.361034091393157e-05,-0.006853193291865347,0.2242697579640808,constant_log_futures
2026-04-22,3631,3,0.0023209898849756855,2.5760835447986972e-05,0.0023209898849756855,2.5760835447986972e-05,-0.0034958119255189338,-0.22845860105853616,constant_log_futures
2026-04-23,3632,0,0.0022455311369724918,8.49059396844689e-06,0.0022455311369724918,8.49059396844689e-06,-0.04214689210932985,0.7706373343281342,constant_log_futures
2026-04-23,3633,1,0.00018318434463271242,1.954483024023165e-05,0.00018318434463271242,1.954483024023165e-05,-0.001176236318167943,-1.6746996414086623,constant_log_futures
2026-04-23,3634,2,0.001729786155562199,2.3583901589253983e-05,0.001729786155562199,2.3583901589253983e-05,-0.004137919823109574,0.4817753115603101,constant_log_futures
2026-04-23,3635,3,0.0018952111075347597,2.5722084582832544e-05,0.0018952111075347597,2.5722084582832544e-05,-0.0028722454052079586,0.27780591202729876,constant_log_futures
2026-04-24,3636,0,0.0004017347443320326,7.768160764319779e-06,0.0004017347443320326,7.768160764319779e-06,-0.008168606468084663,0.1441385972532325,constant_log_futures
2026-04-24,3637,1,-0.0013512492029717459,1.9336483194238557e-05,-0.0013512492029717459,1.9336483194238557e-05,0.00891094068986773,-1.0695181357777446,constant_log_futures
2026-04-24,3638,2,0.0013668309364194761,2.355781030809725e-05,0.0013668309364194761,2.355781030809725e-05,-0.003302047014716358,1.4607133415635534,constant_log_futures
2026-04-24,3639,3,0.0007526202686807468,2.5687382983670463e-05,0.0007526202686807468,2.5687382983670463e-05,-0.001147745909738139,-0.17176515368810713,constant_log_futures
2026-04-27,3640,0,8.10462868279212e-05,7.034775278783708e-06,8.10462868279212e-05,7.034775278783708e-06,-0.001797753998728434,0.030556809583738558,constant_log_futures
2026-04-27,3641,1,-0.0013851436767033723,1.911580998895795e-05,-0.0013851436767033723,1.911580998895795e-05,0.009388196030989523,-0.8101093921808984,constant_log_futures
2026-04-27,3642,2,0.0002012324331957735,2.35319183231016e-05,0.0002012324331957735,2.35319183231016e-05,-0.0004910071369976873,0.8359523601094072,constant_log_futures
2026-04-27,3643,3,-0.0007394431353545325,2.5653420447210918e-05,-0.0007394431353545325,2.5653420447210918e-05,0.001134742924695006,-0.46593101593027575,constant_log_futures
2026-04-28,3644,0,0.0015564604190409,6.295352514202076e-06,0.0015564604190409,6.295352514202076e-06,-0.03797763422459796,0.6203375265635823,constant_log_futures
2026-04-28,3645,1,0.0005667966828807533,1.888186858865128e-05,0.0005667966828807533,1.888186858865128e-05,-0.003951382589225823,-0.960813782750178,constant_log_futures
2026-04-28,3646,2,0.003086375552222846,2.3506209162160148e-05,0.003086375552222846,2.3506209162160148e-05,-0.007606824593357318,1.2682385430435625,constant_log_futures
2026-04-28,3647,3,0.002822158616741878,2.5619751483483012e-05,0.002822158616741878,2.5619751483483012e-05,-0.00435827026889252,0.02259683472230844,constant_log_futures
2026-04-29,3648,0,0.00198935039524772,5.556196749948961e-06,0.00198935039524772,5.556196749948961e-06,-0.05393349960449374,0.8439611913000903,constant_log_futures
2026-04-29,3649,1,0.0019216852661456986,1.8633834865958564e-05,0.0019216852661456986,1.8633834865958564e-05,-0.01379091779233972,-0.6505243440394548,constant_log_futures
2026-04-29,3650,2,0.004659509949310043,2.3480680712661672e-05,0.004659509949310043,2.3480680712661672e-05,-0.011601228853384188,1.3974929212434375,constant_log_futures
2026-04-29,3651,3,0.0037231901110276605,2.558631752593306e-05,0.0037231901110276605,2.558631752593306e-05,-0.005786359153444262,-0.4112482706219286,constant_log_futures
2026-04-30,3652,0,0.00020181717281248196,4.825107807981023e-06,0.00020181717281248196,4.825107807981023e-06,-0.0061554237707807,0.09187653486393708,constant_log_futures
2026-04-30,3653,1,-0.0017668517099546574,1.83708607676494e-05,-0.0017668517099546574,1.83708607676494e-05,0.01306399446148292,-1.0031178486484862,constant_log_futures
2026-04-30,3654,2,-2.39350088144831e-05,2.345532961029287e-05,-2.39350088144831e-05,2.345532961029287e-05,6.020765103849357e-05,0.9316342744409911,constant_log_futures
2026-04-30,3655,3,0.0001228145532712263,2.5553112717496975e-05,0.0001228145532712263,2.5553112717496975e-05,-0.000192094557680636,0.23570167496128108,constant_log_futures
2026-05-06,3656,0,-0.0017028570302218041,4.111631957879955e-06,-0.0017028570302218041,4.111631957879955e-06,0.05935673076773146,-0.8397907179928102,constant_log_futures
2026-05-06,3657,1,-0.002116330133257717,1.809204729564982e-05,-0.002116330133257717,1.809204729564982e-05,0.01613701726609009,0.4170034479623746,constant_log_futures
2026-05-06,3658,2,0.0006641733206813362,2.343014738757852e-05,0.0006641733206813362,2.343014738757852e-05,-0.0016881071900650628,1.9273522514962,constant_log_futures
2026-05-06,3659,3,0.0005059510375642895,2.5520136803221945e-05,0.0005059510375642895,2.5520136803221945e-05,-0.0007964648591334622,0.05248311034807065,constant_log_futures
2026-05-07,3660,0,0.0012320910753506578,3.4273724591202526e-06,0.0012320910753506578,3.4273724591202526e-06,-0.05010503706426009,0.6655216077837968,constant_log_futures
2026-05-07,3661,1,0.002011978408411938,1.779643193641101e-05,0.002011978408411938,1.779643193641101e-05,-0.015836217150081062,-0.12905036437934872,constant_log_futures
2026-05-07,3662,2,0.0037946516245755506,2.3405117234085866e-05,0.0037946516245755506,2.3405117234085866e-05,-0.009746263119962467,0.8949057661834051,constant_log_futures
2026-05-07,3663,3,0.003985906978612813,2.548738732985202e-05,0.003985906978612813,2.548738732985202e-05,-0.006315333134944976,0.222844189174878,constant_log_futures
2026-05-08,3665,0,-0.0021018718739002126,1.748297570675463e-05,-0.0021018718739002126,1.748297570675463e-05,0.017095224574388397,-0.5026880505428981,constant_log_futures
2026-05-08,3666,1,-0.0015132857449297425,2.338020970096719e-05,-0.0015132857449297425,2.338020970096719e-05,0.003928103423009119,0.4496068941903103,constant_log_futures
2026-05-08,3667,2,-0.0018360994967385053,2.5454856933661564e-05,-0.0018360994967385053,2.5454856933661564e-05,0.002928158674537224,-0.15750114651444966,constant_log_futures
2026-05-11,3669,0,-0.00566745777510636,1.7183255817690112e-05,-0.00566745777510636,1.7183255817690112e-05,0.047684817142274204,-1.3672110673255706,constant_log_futures
2026-05-11,3670,1,-0.0054824815844718815,2.336236121941873e-05,-0.0054824815844718815,2.336236121941873e-05,0.01438414523237784,0.4095055684734969,constant_log_futures
2026-05-11,3671,2,-0.006924635183673006,2.542348504237194e-05,-0.006924635183673006,2.542348504237194e-05,0.01111586174221193,-0.8706777848452538,constant_log_futures
2026-05-12,3673,0,0.001405874853027931,1.6823319850448707e-05,0.001405874853027931,1.6823319850448707e-05,-0.012251195147814826,0.34276053479507174,constant_log_futures
2026-05-12,3674,1,0.002400049122690512,2.3335597550924814e-05,0.002400049122690512,2.3335597550924814e-05,-0.006365347673222662,0.49663193162266905,constant_log_futures
2026-05-12,3675,2,0.0006805660396372246,2.539380528403297e-05,0.0006805660396372246,2.539380528403297e-05,-0.0010997226070959126,-1.0366953327645967,constant_log_futures
2026-05-13,3677,0,0.00344458018389311,1.6440038435176772e-05,0.00344458018389311,1.6440038435176772e-05,-0.031128798698885882,0.8495420586850982,constant_log_futures
2026-05-13,3678,1,0.005364921987442827,2.3308817328851674e-05,0.005364921987442827,2.3308817328851674e-05,-0.0143850655487478,0.8896984824485163,constant_log_futures
2026-05-13,3679,2,0.004651564003145002,2.5361312285899414e-05,0.004651564003145002,2.5361312285899414e-05,-0.007566544111782536,-0.3693913560287195,constant_log_futures
2026-05-14,3681,0,-0.0012570472730546066,1.6034770438974214e-05,-0.0012570472730546066,1.6034770438974214e-05,0.011796905177897077,-0.3139209043885664,constant_log_futures
2026-05-14,3682,1,-0.0005673098816761403,2.3282010803200228e-05,-0.0005673098816761403,2.3282010803200228e-05,0.0015380401236553137,0.48856702748841907,constant_log_futures
2026-05-14,3683,2,-0.0010900967617815116,2.5328388205620718e-05,-0.0010900967617815116,2.5328388205620718e-05,0.0017851248984878446,-0.28742551530739047,constant_log_futures
2026-05-15,3685,0,-0.002124061777558941,1.5607112081562064e-05,-0.002124061777558941,1.5607112081562064e-05,0.020730842948975262,-0.5376576992397977,constant_log_futures
2026-05-15,3686,1,-0.001424127236054222,2.3255168488540547e-05,-0.001424127236054222,2.3255168488540547e-05,0.0039043488269351703,0.570450513649008,constant_log_futures
2026-05-15,3687,2,-0.002446362404138487,2.529553262073045e-05,-0.002446362404138487,2.529553262073045e-05,0.004033192071687776,-0.5949218096429713,constant_log_futures
2026-05-18,3688,0,0.0005490376973547942,1.5156383893705106e-05,0.0005490376973547942,1.5156383893705106e-05,-0.005581883256440407,0.1410276814545719,constant_log_futures
2026-05-18,3689,1,0.0007122702208008595,2.0534200239357176e-05,0.0007122702208008595,2.0534200239357176e-05,-0.004041719392451388,0.07294994864605987,constant_log_futures
2026-05-18,3690,2,0.0006403549943893513,2.3228280803830097e-05,0.0006403549943893513,2.3228280803830097e-05,-0.0017755297571704742,-0.04543247826324893,constant_log_futures
2026-05-18,3691,3,-0.0007527626319024303,2.5262846848920544e-05,-0.0007527626319024303,2.5262846848920544e-05,0.0012494835522734217,-0.8939824990245194,constant_log_futures
2026-05-19,3692,0,-0.000623271280207653,1.4539323882711631e-05,-0.000623271280207653,1.4539323882711631e-05,0.006612095320463797,-0.16345755929996336,constant_log_futures
2026-05-19,3693,1,-0.0018169389709243016,2.0225087317055838e-05,-0.0018169389709243016,2.0225087317055838e-05,0.010555550212036418,-0.7486807963605018,constant_log_futures
2026-05-19,3694,2,-0.0007188973778864752,2.3135563687516705e-05,-0.0007188973778864752,2.3135563687516705e-05,0.002016217933382758,0.5356521743641373,constant_log_futures
2026-05-19,3695,3,-0.0025885078112652185,2.5227513568452004e-05,-0.0025885078112652185,2.5227513568452004e-05,0.004325999355813105,-1.0442643934793034,constant_log_futures
2026-05-20,3696,0,-0.0017626404409056533,1.4038199713709834e-05,-0.0017626404409056533,1.4038199713709834e-05,0.019549284890044517,-0.4704440951434617,constant_log_futures
2026-05-20,3697,1,-0.0028045819720070725,2.0055255852133642e-05,-0.0028045819720070725,2.0055255852133642e-05,0.016690682955359165,-0.5433424130037657,constant_log_futures
2026-05-20,3698,2,-0.0015003716728898345,2.3106913720492228e-05,-0.0015003716728898345,2.3106913720492228e-05,0.004256868467268833,0.8080624451527488,constant_log_futures
2026-05-20,3699,3,-0.004448163825283236,2.518616310503672e-05,-0.004448163825283236,2.518616310503672e-05,0.007485186023235237,-1.7006091189765125,constant_log_futures
2026-05-21,3700,0,0.002727128601737421,1.351560543362086e-05,0.002727128601737421,1.351560543362086e-05,-0.03168663708685384,0.7418017709915804,constant_log_futures
2026-05-21,3701,1,0.0031116966861086826,1.9877383297196625e-05,0.0031116966861086826,1.9877383297196625e-05,-0.018981349785262964,0.0023803161900970405,constant_log_futures
2026-05-21,3702,2,0.005161988552615265,2.307815537252612e-05,0.005161988552615265,2.307815537252612e-05,-0.01481794360986029,1.2848264137858776,constant_log_futures
2026-05-21,3703,3,0.003302735262337604,2.5152287387552885e-05,0.003302735262337604,2.5152287387552885e-05,-0.005596301416738718,-0.9688860290924982,constant_log_futures
2026-05-22,3704,0,-0.003924535877594731,1.2968575888190386e-05,-0.003924535877594731,1.2968575888190386e-05,0.04787933770665572,-1.0897883472702758,constant_log_futures
2026-05-22,3705,1,-0.004368597369059752,1.9689087554111297e-05,-0.004368597369059752,1.9689087554111297e-05,0.02733173738591229,0.1089916428618733,constant_log_futures
2026-05-22,3706,2,-0.003679240102866608,2.3049184040696327e-05,-0.003679240102866608,2.3049184040696327e-05,0.010687316489279194,0.7320582474127978,constant_log_futures
2026-05-22,3707,3,-0.006456353655892755,2.511989191032433e-05,-0.006456353655892755,2.511989191032433e-05,0.011016435608656169,-1.647938658175944,constant_log_futures
2026-05-25,3708,0,-0.00513622416295908,1.2396629332556653e-05,-0.00513622416295908,1.2396629332556653e-05,0.06595993135589555,-1.4587879315420569,constant_log_futures
2026-05-25,3709,1,-0.00483606909610344,1.9489463882991684e-05,-0.00483606909610344,1.9489463882991684e-05,0.03105265419603261,0.7682240718163282,constant_log_futures
2026-05-25,3710,2,-0.0039299374212450125,2.3019949089619935e-05,-0.0039299374212450125,2.3019949089619935e-05,0.011553069045587748,1.1804481837288672,constant_log_futures
2026-05-25,3711,3,-0.006171088974072522,2.508790101629245e-05,-0.006171088974072522,2.508790101629245e-05,0.010603843025871095,-1.2723792556059774,constant_log_futures
2026-05-26,3712,0,0.0029525145860833154,1.1799849295658555e-05,0.0029525145860833154,1.1799849295658555e-05,-0.0400229755002405,0.859515714869438,constant_log_futures
2026-05-26,3713,1,0.004272320487389444,1.9277784861969286e-05,0.004272320487389444,1.9277784861969286e-05,-0.028174221592514172,0.4764667070274771,constant_log_futures
2026-05-26,3714,2,0.0047841045661236314,2.299041921751752e-05,0.0047841045661236314,2.299041921751752e-05,-0.014235628221148367,0.30416159995822956,constant_log_futures
2026-05-26,3715,3,0.0032043258022855375,2.5056138096287334e-05,0.0032043258022855375,2.5056138096287334e-05,-0.005545074437997667,-0.9905146178305273,constant_log_futures
2026-05-27,3716,0,-0.0027000837315083234,1.1178669077103758e-05,-0.0027000837315083234,1.1178669077103758e-05,0.03875414296988417,-0.8075737283216696,constant_log_futures
2026-05-27,3717,1,-0.002230929270445575,1.905332934890519e-05,-0.002230929270445575,1.905332934890519e-05,0.01512074283302001,0.6621059529945633,constant_log_futures
2026-05-27,3718,2,-0.002281342233602105,2.2960564914517444e-05,-0.002281342233602105,2.2960564914517444e-05,0.006872191419739675,0.35616886669417297,constant_log_futures
2026-05-27,3719,3,-0.004514704742919311,2.5024576513580008e-05,-0.004514704742919311,2.5024576513580008e-05,0.007868485409087942,-1.4017159511630313,constant_log_futures
2026-05-28,3720,0,-0.00244987047130993,1.0533891585208214e-05,-0.00244987047130993,1.0533891585208214e-05,0.037360524687476436,-0.7548292152772434,constant_log_futures
2026-05-28,3721,1,-0.0013011684311701292,1.8815354041392285e-05,-0.0013011684311701292,1.8815354041392285e-05,0.00907100277730033,1.0789212094582639,constant_log_futures
2026-05-28,3722,2,-0.0010684331399222619,2.293035565741666e-05,-0.0010684331399222619,2.293035565741666e-05,0.003258721076762899,0.6593246131680016,constant_log_futures
2026-05-28,3723,3,-0.002864803426923794,2.4993215059178876e-05,-0.002864803426923794,2.4993215059178876e-05,0.00502886356956407,-1.0977773387824956,constant_log_futures
2026-05-29,3724,0,0.0034532923720643847,9.866756941147232e-06,0.0034532923720643847,9.866756941147232e-06,-0.056173555918913994,1.099375702700446,constant_log_futures
2026-05-29,3725,1,0.0046953805671739665,1.8563089411698773e-05,0.0046953805671739665,1.8563089411698773e-05,-0.03369626054089553,0.1918021208589549,constant_log_futures
2026-05-29,3726,2,0.0056429242948974855,2.28997593685397e-05,0.0056429242948974855,2.28997593685397e-05,-0.017428778834873246,0.39960014095764296,constant_log_futures
2026-05-29,3727,3,0.0038039198442568756,2.4962057079029734e-05,0.0038039198442568756,2.4962057079029734e-05,-0.006725771318830998,-1.1143162195468068,constant_log_futures
2026-06-01,3728,0,0.002444447269317729,9.179029018200443e-06,0.002444447269317729,9.179029018200443e-06,-0.042603223836680415,0.8068304901558948,constant_log_futures
2026-06-01,3729,1,0.0028808175827837335,1.8295740174772907e-05,0.0028808175827837335,1.8295740174772907e-05,-0.02130059061209791,-0.17846625561181328,constant_log_futures
2026-06-01,3730,2,0.004003630912415214,2.2868742161987206e-05,0.004003630912415214,2.2868742161987206e-05,-0.012524178751657847,0.4832355653877152,constant_log_futures
2026-06-01,3731,3,0.0032857552880728655,2.4931106931851468e-05,0.0032857552880728655,2.4931106931851468e-05,-0.0058520021189034975,-0.364323767016158,constant_log_futures
2026-06-02,3732,0,-0.00253199898233146,8.473098003749776e-06,-0.00253199898233146,8.473098003749776e-06,0.047523673206836634,-0.8698460826210579,constant_log_futures
2026-06-02,3733,1,-0.0028193134569517303,1.8012486901476982e-05,-0.0028193134569517303,1.8012486901476982e-05,0.021497265109256942,0.3307945291933397,constant_log_futures
2026-06-02,3734,2,-0.0015135137483323277,2.283726804328619e-05,-0.0015135137483323277,2.283726804328619e-05,0.004796069540169973,1.2220860523926782,constant_log_futures
2026-06-02,3735,3,-0.002778454922564788,2.490036935810215e-05,-0.002778454922564788,2.490036935810215e-05,0.0049848750081309436,-0.6157066267209134,constant_log_futures
2026-06-03,3736,0,-0.0018188639220491146,7.75210066029903e-06,-0.0018188639220491146,7.75210066029903e-06,0.03698356641499866,-0.6532666792014792,constant_log_futures
2026-06-03,3737,1,-0.001750502219349935,1.7712488205173244e-05,-0.001750502219349935,1.7712488205173244e-05,0.01377814650068981,0.43188750929800535,constant_log_futures
2026-06-03,3738,2,-0.0010502904569414835,2.2805298462703675e-05,-0.0010502904569414835,2.2805298462703675e-05,0.0033719851512331836,0.7726753051373294,constant_log_futures
2026-06-03,3739,3,-0.004090491448289685,2.486984931842757e-05,-0.004090491448289685,2.486984931842757e-05,0.00739318454357543,-1.8171596939357697,constant_log_futures
2026-06-04,3740,0,-0.0015076189235545476,7.02006110854903e-06,-0.0015076189235545476,7.02006110854903e-06,0.033441728849755416,-0.569011617865523,constant_log_futures
2026-06-04,3741,1,-0.0005027506493466474,1.739488340546971e-05,-0.0005027506493466474,1.739488340546971e-05,0.004089038614686066,0.9166695048523245,constant_log_futures
2026-06-04,3742,2,0.00046761346315495403,2.2772791634576378e-05,0.00046761346315495403,2.2772791634576378e-05,-0.0015213024667974505,1.0175650006365156,constant_log_futures
2026-06-04,3743,3,-0.001682965484217612,2.4839551870776864e-05,-0.001682965484217612,2.4839551870776864e-05,0.003064504314545502,-1.239767327299328,constant_log_futures
2026-06-05,3744,0,5.50338475676683e-05,6.282055604971909e-06,5.50338475676683e-05,6.282055604971909e-06,-0.0013428258806511065,0.021957302672801646,constant_log_futures
2026-06-05,3745,1,0.0003972416279415178,1.7058795638199305e-05,0.0003972416279415178,1.7058795638199305e-05,-0.0033423088695769087,0.17112540999364798,constant_log_futures
2026-06-05,3746,2,0.0014930602798735627,2.2739701503014803e-05,0.0014930602798735627,2.2739701503014803e-05,-0.0049230636255290445,0.7440696599995109,constant_log_futures
2026-06-05,3747,3,-0.0017367234603466244,2.4809481990658088e-05,-0.0017367234603466244,2.4809481990658088e-05,0.0031861693558238825,-1.9211064963954534,constant_log_futures
2026-06-08,3748,0,0.003965646065352898,5.5444054345859865e-06,0.003965646065352898,5.5444054345859865e-06,-0.10751307110512302,1.6841720686263668,constant_log_futures
2026-06-08,3749,1,0.00462613769803591,1.670333537083614e-05,0.00462613769803591,1.670333537083614e-05,-0.04031348565431293,-0.7580713772606925,constant_log_futures
2026-06-08,3750,2,0.005742579237145457,2.2705976181761663e-05,0.005742579237145457,2.2705976181761663e-05,-0.019194374436486184,-0.0028613195640482063,constant_log_futures
2026-06-08,3751,3,0.003893539416984379,2.477964428736681e-05,0.003893539416984379,2.477964428736681e-05,-0.007197148619274154,-1.1224007421294389,constant_log_futures
2026-06-09,3752,0,-0.008186627104207297,4.814902771654474e-06,-0.008186627104207297,4.814902771654474e-06,0.24969212667832255,-3.730879720805933,constant_log_futures
2026-06-09,3753,1,-0.010424599836123191,1.632760426205514e-05,-0.010424599836123191,1.632760426205514e-05,0.09420749481533551,1.3344192634817431,constant_log_futures
2026-06-09,3754,2,-0.009669166598552426,2.2671555622441208e-05,-0.009669166598552426,2.2671555622441208e-05,0.03276773125064989,2.0766287879207104,constant_log_futures
2026-06-09,3755,3,-0.012352499775872765,2.4750042564711188e-05,-0.012352499775872765,2.4750042564711188e-05,0.023007709506205763,-1.4219401986188263,constant_log_futures
2026-06-10,3756,0,0.0017071897115549647,4.1030751756920725e-06,0.0017071897115549647,4.1030751756920725e-06,-0.05950775565991591,0.8428048919512289,constant_log_futures
2026-06-10,3757,1,0.004073843926815333,1.5930699299020303e-05,0.004073843926815333,1.5930699299020303e-05,-0.03823145839011313,0.5775253313511801,constant_log_futures
2026-06-10,3758,2,0.005957381518272499,2.2636368167851154e-05,0.005957381518272499,2.2636368167851154e-05,-0.020473254795189997,0.9023263085282509,constant_log_futures
2026-06-10,3759,3,0.0029474214844139243,2.4720679157193785e-05,0.0029474214844139243,2.4720679157193785e-05,-0.005532083401515365,-1.7636259515367758,constant_log_futures
2026-06-11,3760,0,-0.0004656173739986096,3.4204952339209167e-06,-0.0004656173739986096,3.4204952339209167e-06,0.018935106542610124,-0.25175881303958064,constant_log_futures
2026-06-11,3761,1,0.0002357581171067505,1.551171719228327e-05,0.0002357581171067505,1.551171719228327e-05,-0.002300999222961885,0.46968241368528896,constant_log_futures
2026-06-11,3762,2,0.0017571870432507297,2.2600325525963716e-05,0.0017571870432507297,2.2600325525963716e-05,-0.006125051979331116,1.0717904128533604,constant_log_futures
2026-06-11,3763,3,-0.0005980278102270045,2.4691553948609115e-05,-0.0005980278102270045,2.4691553948609115e-05,0.0011311533774836366,-1.3232614901464614,constant_log_futures
2026-06-12,3765,0,0.0029615340517915936,1.5069759174056631e-05,0.0029615340517915936,1.5069759174056631e-05,-0.030108929526547867,0.762892902545365,constant_log_futures
2026-06-12,3766,1,0.004527489886342464,2.2563315568229904e-05,0.004527489886342464,2.2563315568229904e-05,-0.01601025409083422,0.6882233388215809,constant_log_futures
2026-06-12,3767,2,0.0030146529516654683,2.4662662952630454e-05,0.0030146529516654683,2.4662662952630454e-05,-0.005746682189112298,-0.8493555879827539,constant_log_futures
2026-06-15,3769,0,-0.004607844992168768,1.4628357033804561e-05,-0.004607844992168768,1.4628357033804561e-05,0.04888322513431215,-1.204758738880998,constant_log_futures
2026-06-15,3770,1,-0.0022569827445177056,2.2536640058739627e-05,-0.0022569827445177056,2.2536640058739627e-05,0.008098585142092943,1.8837853573022358,constant_log_futures
2026-06-15,3771,2,-0.0036298511565927075,2.4634204969564384e-05,-0.0036298511565927075,2.4634204969564384e-05,0.006973887261485202,-0.5553106879949474,constant_log_futures
2026-06-16,3773,0,-0.0024426740547010047,1.4132314411757354e-05,-0.0024426740547010047,1.4132314411757354e-05,0.02709147587941114,-0.649768830031391,constant_log_futures
2026-06-16,3774,1,-0.0012162313209055746,2.2494181269666658e-05,-0.0012162313209055746,2.2494181269666658e-05,0.004429260332850152,1.0041846417430358,constant_log_futures
2026-06-16,3775,2,-0.003431713290268791,2.4608582761840875e-05,-0.003431713290268791,2.4608582761840875e-05,0.006645540022425278,-1.2135635715648414,constant_log_futures
2026-06-17,3777,0,0.0021638547533057648,1.3609467194193318e-05,0.0021638547533057648,1.3609467194193318e-05,-0.02514193141936222,0.5865533834208502,constant_log_futures
2026-06-17,3778,1,0.005207143935135362,2.245018900125144e-05,0.005207143935135362,2.245018900125144e-05,-0.019250653335954975,1.554296446623999,constant_log_futures
2026-06-17,3779,2,0.003061570960947002,2.4580190006115834e-05,0.003061570960947002,2.4580190006115834e-05,-0.005976186515768548,-1.1106254854349427,constant_log_futures
2026-06-18,3781,0,-0.0011072505060214146,1.3061060250536837e-05,-0.0011072505060214146,1.3061060250536837e-05,0.01350845617346126,-0.3063773609852218,constant_log_futures
2026-06-18,3782,1,0.0010457166028828117,2.2404630852130552e-05,0.0010457166028828117,2.2404630852130552e-05,-0.0039254592477447085,1.415932309675541,constant_log_futures
2026-06-18,3783,2,-0.00033288585203319204,2.4551198778409168e-05,-0.00033288585203319204,2.4551198778409168e-05,0.0006550334507749908,-0.6467294161555552,constant_log_futures
2026-06-22,3785,0,-0.009052607164953846,1.2487337330262542e-05,-0.009052607164953846,1.2487337330262542e-05,0.11625453411835465,-2.5617618440452343,constant_log_futures
2026-06-22,3786,1,-0.008407301150635843,2.235740840891029e-05,-0.008407301150635843,2.235740840891029e-05,0.03205283563679915,1.6815127537523062,constant_log_futures
2026-06-22,3787,2,-0.010243300370680199,2.4522207208352747e-05,-0.010243300370680199,2.4522207208352747e-05,0.020320043011755842,-0.8586830819085358,constant_log_futures
2026-06-23,3788,0,0.005853132450261648,1.188851118752849e-05,0.005853132450261648,1.188851118752849e-05,-0.07934246210354678,1.69755797977143,constant_log_futures
2026-06-23,3789,1,0.01041463919670449,2.048444595712907e-05,0.01041463919670449,2.048444595712907e-05,-0.05909702241850919,2.0064609361890073,constant_log_futures
2026-06-23,3790,2,0.007078437417504711,2.2308408014278112e-05,0.007078437417504711,2.2308408014278112e-05,-0.02741490047414523,-1.984228516741911,constant_log_futures
2026-06-23,3791,3,0.004321500210158334,2.4493370061679953e-05,0.004321500210158334,2.4493370061679953e-05,-0.008643000420316668,-2.560287681043006,constant_log_futures
2026-06-24,3792,0,-0.005868730976439806,1.1170123461600626e-05,-0.005868730976439806,1.1170123461600626e-05,0.08423355048537133,-1.7559624119287702,constant_log_futures
2026-06-24,3793,1,-0.004564654866094583,2.0204106696199464e-05,-0.004564654866094583,2.0204106696199464e-05,0.026518471126835197,1.7057396800202234,constant_log_futures
2026-06-24,3794,2,-0.005636128809945223,2.2162259076432764e-05,-0.005636128809945223,2.2162259076432764e-05,0.022180894026236037,0.04989496268738961,constant_log_futures
2026-06-24,3795,3,-0.007048487972459411,2.445000088898673e-05,-0.007048487972459411,2.445000088898673e-05,0.014213479878347902,-1.0296551797593956,constant_log_futures
2026-06-25,3796,0,0.00038727845348782326,1.052277477858965e-05,0.00038727845348782326,1.052277477858965e-05,-0.005905996415689304,0.11938731848570056,constant_log_futures
2026-06-25,3797,1,0.0029714068484088703,2.0036177208917766e-05,0.0029714068484088703,2.0036177208917766e-05,-0.01768349441492108,1.4915005105851034,constant_log_futures
2026-06-25,3798,2,0.0019341583799296104,2.2106307545768777e-05,0.0019341583799296104,2.2106307545768777e-05,-0.007736633519718442,-0.2699267701548109,constant_log_futures
2026-06-25,3799,3,0.0008761786281562753,2.441411614133075e-05,0.0008761786281562753,2.441411614133075e-05,-0.0017815632105844265,-0.9216108409116045,constant_log_futures
2026-06-26,3800,0,0.0016932260954326712,9.855081770312372e-06,0.0016932260954326712,9.855081770312372e-06,-0.027543144485704787,0.5393675780547057,constant_log_futures
2026-06-26,3801,1,0.003001390390677462,1.9859217252697024e-05,0.003001390390677462,1.9859217252697024e-05,-0.01830848138313252,0.46016617248950564,constant_log_futures
2026-06-26,3802,2,0.000927483251448806,2.2047928751235658e-05,0.000927483251448806,2.2047928751235658e-05,-0.003771765222558478,-1.4775424119317975,constant_log_futures
2026-06-26,3803,3,-0.0006343706591377604,2.4383752361590678e-05,-0.0006343706591377604,2.4383752361590678e-05,0.0013007263935261642,-1.490205353259978,constant_log_futures
2026-06-29,3804,0,-0.0020135988824723184,9.167250415332571e-06,-0.0020135988824723184,9.167250415332571e-06,0.03509415195166041,-0.6650486467622944,constant_log_futures
2026-06-29,3805,1,-0.0010624339693665087,1.9671778376003645e-05,-0.0010624339693665087,1.9671778376003645e-05,0.006647022782703285,0.9614790948804995,constant_log_futures
2026-06-29,3806,2,-0.0018698410935107344,2.1986897617981225e-05,-0.0018698410935107344,2.1986897617981225e-05,0.007732902149434224,-0.17801251352443442,constant_log_futures
2026-06-29,3807,3,-0.002907533144834995,2.4354972541443416e-05,-0.002907533144834995,2.4354972541443416e-05,0.006012187180845245,-0.7920193561497461,constant_log_futures
2026-06-30,3808,0,-0.0036926592964801825,8.461379025871633e-06,-0.0036926592964801825,8.461379025871633e-06,0.06930837448778189,-1.2694589577308666,constant_log_futures
2026-06-30,3809,1,-0.0006444381669712257,1.947305134642224e-05,-0.0006444381669712257,1.947305134642224e-05,0.004137971387920502,2.550046536058722,constant_log_futures
2026-06-30,3810,2,-0.001558155066512617,2.1923017296687804e-05,-0.001558155066512617,2.1923017296687804e-05,0.006554997176363423,0.3389111754141386,constant_log_futures
2026-06-30,3811,3,-0.0022945806370465796,2.4326712760162117e-05,-0.0022945806370465796,2.4326712760162117e-05,0.004785279277259534,-0.5915451032088119,constant_log_futures
2026-07-01,3812,0,-0.008214945068289481,7.740550500399667e-06,-0.008214945068289481,7.740550500399667e-06,0.1670372163885528,-2.952696026060801,constant_log_futures
2026-07-01,3813,1,-0.005381040215891787,1.926230427303309e-05,-0.005381040215891787,1.926230427303309e-05,0.03548577872101611,3.555717829995216,constant_log_futures
2026-07-01,3814,2,-0.006319121945915333,2.1856077951715577e-05,-0.006319121945915333,2.1856077951715577e-05,0.027050276400058616,0.8980494528105496,constant_log_futures
2026-07-01,3815,3,-0.007756951712411288,2.4298717546939553e-05,-0.007756951712411288,2.4298717546939553e-05,0.01631634670541685,-0.9088705245484598,constant_log_futures
2026-07-02,3816,0,0.005259730021564647,7.0087916390614145e-06,0.005259730021564647,7.0087916390614145e-06,-0.11667037502379762,1.9867438533445063,constant_log_futures
2026-07-02,3817,1,0.011713822814729111,1.9038798379506044e-05,0.011713822814729111,1.9038798379506044e-05,-0.0793936879664973,2.0801560795331246,constant_log_futures
2026-07-02,3818,2,0.010953379144039585,2.1785854086058414e-05,0.010953379144039585,2.1785854086058414e-05,-0.04772543769902962,-0.36708519912698073,constant_log_futures
2026-07-02,3819,3,0.009945155631838287,2.427092438483818e-05,0.009945155631838287,2.427092438483818e-05,-0.021101025862335147,-1.029521426931463,constant_log_futures
2026-07-03,3820,0,-0.0010459754979280506,6.271196098686887e-06,-0.0010459754979280506,6.271196098686887e-06,0.025521802149444436,-0.41768253942239136,constant_log_futures
2026-07-03,3821,1,0.0009649963903579847,1.880176624406661e-05,0.0009649963903579847,1.880176624406661e-05,-0.006727403407067094,1.3416487986267183,constant_log_futures
2026-07-03,3822,2,0.0005227168677293219,2.171210203218807e-05,0.0005227168677293219,2.171210203218807e-05,-0.0023189621041082645,0.10286435283049711,constant_log_futures
2026-07-03,3823,3,-0.00012265803265908842,2.424331667163413e-05,-0.00012265803265908842,2.424331667163413e-05,0.0002625312277966454,-0.49318785738471316,constant_log_futures
2026-07-06,3824,0,0.0028266280859010427,5.534106808170052e-06,0.0028266280859010427,5.534106808170052e-06,-0.07663302810665049,1.201558448659652,constant_log_futures
2026-07-06,3825,1,0.004918322095847874,1.855040502250319e-05,0.004918322095847874,1.855040502250319e-05,-0.03529619386432004,0.16933590648851965,constant_log_futures
2026-07-06,3826,2,0.004144955894286886,2.1634556985189897e-05,0.004144955894286886,2.1634556985189897e-05,-0.018729059966777782,-0.7775884478318132,constant_log_futures
2026-07-06,3827,3,0.004208802616687934,2.4215887985038867e-05,0.004208802616687934,2.4215887985038867e-05,-0.009088033968777486,-0.24741023834958,constant_log_futures
2026-07-07,3828,0,0.0015003693447146094,4.805337897311798e-06,0.0015003693447146094,4.805337897311798e-06,-0.045761265013795585,0.6844413140858198,constant_log_futures
2026-07-07,3829,1,0.001223545853847095,1.8283873160533685e-05,0.001223545853847095,1.8283873160533685e-05,-0.009046823889051247,-0.628637647733045,constant_log_futures
2026-07-07,3830,2,0.001480319561204483,2.155292924716524e-05,0.001480319561204483,2.155292924716524e-05,-0.006815056093092337,-0.09319138295051958,constant_log_futures
2026-07-07,3831,3,0.0020259985519377813,2.4188632918570797e-05,0.0020259985519377813,2.4188632918570797e-05,-0.004413782559578737,0.34555894374958235,constant_log_futures
2026-07-08,3832,0,0.0029866187401369733,4.094435631724009e-06,0.0029866187401369733,4.094435631724009e-06,-0.1041049960847745,1.4759877798250365,constant_log_futures
2026-07-08,3833,1,0.0030694937952542647,1.8001287636231154e-05,0.0030694937952542647,1.8001287636231154e-05,-0.023404890188813768,-1.0153716338525423,constant_log_futures
2026-07-08,3834,2,0.004572426643344788,2.146689936994448e-05,0.004572426643344788,2.146689936994448e-05,-0.02145523271107939,0.5610299430643074,constant_log_futures
2026-07-08,3835,3,0.0058287520733710865,2.4161544212622074e-05,0.0058287520733710865,2.4161544212622074e-05,-0.012812752305428334,0.9698587583268915,constant_log_futures
2026-07-09,3836,0,-0.002253718860374963,3.412982817659657e-06,-0.002253718860374963,3.412982817659657e-06,0.0916512336552485,-1.2199237549734998,constant_log_futures
2026-07-09,3837,1,-0.0031832841341854975,1.770172095156642e-05,-0.0031832841341854975,1.770172095156642e-05,0.025055526733589076,0.4413736071280817,constant_log_futures
2026-07-09,3838,2,-0.0029814774981949885,2.1376111864886806e-05,-0.0029814774981949885,2.1376111864886806e-05,0.014264323716854453,0.4885254326481008,constant_log_futures
2026-07-09,3839,3,-0.0015131761730665105,2.4134611234519873e-05,-0.0015131761730665105,2.4134611234519873e-05,0.0033564998748020778,1.0740469761171467,constant_log_futures
2026-07-10,3841,0,-0.0013409126163764495,1.738419776545495e-05,-0.0013409126163764495,1.738419776545495e-05,0.010906089279861789,-0.3216052650315868,constant_log_futures
2026-07-10,3842,1,-0.0012568729737155067,2.1280167145612807e-05,-0.0012568729737155067,2.1280167145612807e-05,0.006133540111731672,0.1028804554850729,constant_log_futures
2026-07-10,3843,2,-0.0019287135053158919,2.4107818553366996e-05,-0.0019287135053158919,2.4107818553366996e-05,0.004317487112817226,-0.3602390794706922,constant_log_futures
2026-07-13,3845,0,0.006996979095527014,1.7066322724395573e-05,0.006996979095527014,1.7066322724395573e-05,-0.058871134458916945,1.693716036124468,constant_log_futures
2026-07-13,3846,1,0.008680957366097307,2.119181191329355e-05,0.008680957366097307,2.119181191329355e-05,-0.043227624435260056,0.8797285787998967,constant_log_futures
2026-07-13,3847,2,0.008868603032279994,2.4081170943396393e-05,0.008868603032279994,2.4081170943396393e-05,-0.02003647351737332,0.19150939662000102,constant_log_futures
2026-07-14,3849,0,-0.004040570527450748,1.6705244833091535e-05,-0.004040570527450748,1.6705244833091535e-05,0.03521068602492795,-0.9885901276812155,constant_log_futures
2026-07-14,3850,1,-0.0032874610735955465,2.1080603058121193e-05,-0.0032874610735955465,2.1080603058121193e-05,0.01671126045744403,0.6868983612176193,constant_log_futures
2026-07-14,3851,2,-0.0032376518104517207,2.4057470895639587e-05,-0.0032376518104517207,2.4057470895639587e-05,0.007383056464955326,0.3155703849196879,constant_log_futures
2026-07-15,3853,0,0.00338399754415297,1.6322418011225193e-05,0.00338399754415297,1.6322418011225193e-05,-0.03058131113975277,0.8376021651482487,constant_log_futures
2026-07-15,3854,1,0.005573177808666702,2.0962669960799132e-05,0.005573177808666702,2.0962669960799132e-05,-0.02893309330456756,1.314120240405766,constant_log_futures
2026-07-15,3855,2,0.0052774479602263405,2.4031002023534505e-05,0.0052774479602263405,2.4031002023534505e-05,-0.012148087757502143,0.07636745072625227,constant_log_futures
2026-07-16,3857,0,0.00012086776755336481,1.591785598779178e-05,0.00012086776755336481,1.591785598779178e-05,-0.0011342975108854236,0.03029480874467753,constant_log_futures
2026-07-16,3858,1,0.002831524245779495,2.083778347622534e-05,0.002831524245779495,2.083778347622534e-05,-0.015019389477612975,1.8171092744646884,constant_log_futures
2026-07-16,3859,2,0.003897206724912658,2.400368186471006e-05,0.003897206724912658,2.400368186471006e-05,-0.009056366103606559,1.131099250359045,constant_log_futures
2026-07-17,3861,0,-0.003825159926630683,1.5490995136792498e-05,-0.003825159926630683,1.5490995136792498e-05,0.03733356088391546,-0.9718739433873476,constant_log_futures
2026-07-17,3862,1,-0.003006579936402308,2.070553720037241e-05,-0.003006579936402308,2.070553720037241e-05,0.016302344544048067,0.7834452624470997,constant_log_futures
2026-07-17,3863,2,-0.004032288609926334,2.397616365114082e-05,-0.004032288609926334,2.397616365114082e-05,0.009460369430981014,-0.31141558542434133,constant_log_futures
2026-07-20,3864,0,-0.0017908996236416404,1.5041162320829277e-05,-0.0017908996236416404,1.5041162320829277e-05,0.018207479507023346,-0.46177513733378467,constant_log_futures
2026-07-20,3865,1,-0.0016416724467674029,2.0565466272895376e-05,-0.0016416724467674029,2.0565466272895376e-05,0.009103819932073778,0.22231998439589046,constant_log_futures
2026-07-20,3866,2,-0.0033650541732611963,2.3948647826287428e-05,-0.0033650541732611963,2.3948647826287428e-05,0.007971584643453707,-0.9436060143195572,constant_log_futures
2026-07-20,3867,3,0.0010457695209895451,2.733264547288097e-05,0.0010457695209895451,2.733264547288097e-05,-0.001518855732865768,2.6133942635688876,constant_log_futures
2026-07-21,3868,0,0.0024264430045525093,1.4563470001984839e-05,0.0024264430045525093,1.4563470001984839e-05,-0.025741395352644015,0.6358250904356298,constant_log_futures
2026-07-21,3869,1,0.0036966864633888076,2.041191130916104e-05,0.0036966864633888076,2.041191130916104e-05,-0.02097654644341556,0.6563881265258324,constant_log_futures
2026-07-21,3870,2,0.0034441213501293436,2.356707276737787e-05,0.0034441213501293436,2.356707276737787e-05,-0.008238878523838821,-0.06136262929391194,constant_log_futures
2026-07-21,3871,3,0.006617736347781629,2.599761884534591e-05,0.006617736347781629,2.599761884534591e-05,-0.009669027957237829,1.9264178416382038,constant_log_futures
2026-07-22,3872,0,-0.004208327970325984,1.405100724185536e-05,-0.004208327970325984,1.405100724185536e-05,0.04667418294361546,-1.1226796480146657,constant_log_futures
2026-07-22,3873,1,-0.004821459778914527,2.0244285474541733e-05,-0.004821459778914527,2.0244285474541733e-05,0.028010385382265347,-0.043245594175341955,constant_log_futures
2026-07-22,3874,2,-0.00784011923522569,2.3538152949069748e-05,-0.00784011923522569,2.3538152949069748e-05,0.018940486073218497,-1.8143132897419654,constant_log_futures
2026-07-22,3875,3,-0.005370258624481955,2.5919562000575834e-05,-0.005370258624481955,2.5919562000575834e-05,0.007893633158877091,1.3747396888643215,constant_log_futures
2026-07-23,3876,0,0.0010689170576324613,1.3526929572401854e-05,0.0010689170576324613,1.3526929572401854e-05,-0.012419798193443837,0.2906326441499204,constant_log_futures
2026-07-23,3877,1,0.0011737747371163947,2.0076102484396368e-05,0.0011737747371163947,2.0076102484396368e-05,-0.006985391118448788,-0.03292655114359957,constant_log_futures
2026-07-23,3878,2,-0.00033422018152336197,2.3511220054923623e-05,-0.00033422018152336197,2.3511220054923623e-05,0.0008154972429170032,-1.0501549096858764,constant_log_futures
2026-07-23,3879,3,0.0007968333021467905,2.5879337708139882e-05,0.0007968333021467905,2.5879337708139882e-05,-0.001178347428629193,0.604810099718765,constant_log_futures
2026-07-24,3880,0,0.000916721619527527,1.2979578396471032e-05,0.000916721619527527,1.2979578396471032e-05,-0.011184003758235831,0.2544527686518825,constant_log_futures
2026-07-24,3881,1,0.0007518210434488554,1.9899072810361686e-05,0.0007518210434488554,1.9899072810361686e-05,-0.004586108365038018,-0.20309454266478877,constant_log_futures
2026-07-24,3882,2,-0.001399807281456833,2.3484552973692407e-05,-0.001399807281456833,2.3484552973692407e-05,0.003450030067428962,-1.5152539823083202,constant_log_futures
2026-07-24,3883,3,-5.257989893366066e-05,2.5843600266541168e-05,-5.257989893366066e-05,2.5843600266541168e-05,7.822863012081221e-05,0.7057764355073792,constant_log_futures
2026-07-27,3884,0,0.004739687868978128,1.2407416152381462e-05,0.004739687868978128,1.2407416152381462e-05,-0.06086757052792965,1.3455785883857123,constant_log_futures
2026-07-27,3885,1,0.005670828627971329,1.9711527948259774e-05,0.005670828627971329,1.9711527948259774e-05,-0.03547903039038472,0.04921687131604659,constant_log_futures
2026-07-27,3886,2,0.004592963954733537,2.345799730351016e-05,0.004592963954733537,2.345799730351016e-05,-0.011435542907703908,-0.952452518013844,constant_log_futures
2026-07-27,3887,3,0.0063408997798416675,2.5808581544288315e-05,0.0063408997798416675,2.5808581544288315e-05,-0.009491899056940901,0.9956372028347611,constant_log_futures
2026-07-28,3888,0,-8.044652053883564e-06,1.1810408286113225e-05,-8.044652053883564e-06,1.1810408286113225e-05,0.00010904972784153275,-0.002340856596138923,constant_log_futures
2026-07-28,3889,1,-0.0003654229164883529,1.951268107079746e-05,-0.0003654229164883529,1.951268107079746e-05,0.0023463997795567923,-0.2257867452627709,constant_log_futures
2026-07-28,3890,2,-0.0013343945372926332,2.343153352014336e-05,-0.0013343945372926332,2.343153352014336e-05,0.0033566213103031184,-0.6930854081183733,constant_log_futures
2026-07-28,3891,3,0.0012208478327217567,2.577381425897982e-05,0.0012208478327217567,2.577381425897982e-05,-0.0018388078468154856,1.5470536772548658,constant_log_futures
2026-07-29,3892,0,0.003181485456530728,1.1188972755417687e-05,0.003181485456530728,1.1188972755417687e-05,-0.04566367361138222,0.9511189489281148,constant_log_futures
2026-07-29,3893,1,0.005109466986307425,1.930183381823975e-05,0.005109466986307425,1.930183381823975e-05,-0.03369486336916248,0.7621556744324955,constant_log_futures
2026-07-29,3894,2,0.007777190261493597,2.340515807508506e-05,0.007777190261493597,2.340515807508506e-05,-0.019767025247962894,1.727513901077123,constant_log_futures
2026-07-29,3895,3,0.01060667548429576,2.573924268308065e-05,0.01060667548429576,2.573924268308065e-05,-0.016074713156324007,1.89265951950968,constant_log_futures
2026-07-30,3896,0,-0.001940390179876435,1.0543907448681548e-05,-0.001940390179876435,1.0543907448681548e-05,0.029590950243115633,-0.5975692970672795,constant_log_futures
2026-07-30,3897,1,-0.001500200756983039,1.9078274322282835e-05,-0.001500200756983039,1.9078274322282835e-05,0.010168027352885042,0.5708373367146781,constant_log_futures
2026-07-30,3898,2,-0.000302390026815931,2.337886966556508e-05,-0.000302390026815931,2.337886966556508e-05,0.0007766649109798649,1.0603031368024667,constant_log_futures
2026-07-30,3899,3,0.0008432189292057052,2.570486357416473e-05,0.0008432189292057052,2.570486357416473e-05,-0.0012859088670387005,0.781661392086104,constant_log_futures
2026-07-31,3900,0,-0.0030365852295668573,9.87644801386947e-06,-0.0030365852295668573,9.87644801386947e-06,0.04939511973428755,-0.9662401599752894,constant_log_futures
2026-07-31,3901,1,-0.004511977956197057,1.8841264289653203e-05,-0.004511977956197057,1.8841264289653203e-05,0.03145493203748805,-0.38341611397861264,constant_log_futures
2026-07-31,3902,2,-0.003873803586050193,2.3352667630154963e-05,-0.003873803586050193,2.3352667630154963e-05,0.010055405053151565,0.5550288475645008,constant_log_futures
2026-07-31,3903,3,-0.0034934112126777384,2.567068073125453e-05,-0.0034934112126777384,2.567068073125453e-05,0.005360958087379674,0.31225831723930647,constant_log_futures
2026-08-03,3904,0,0.002488322136502531,9.18835346930254e-06,0.002488322136502531,9.18835346930254e-06,-0.043367900093329824,0.8208952755604996,constant_log_futures
2026-08-03,3905,1,0.0037468625112066006,1.8590037914047773e-05,0.0037468625112066006,1.8590037914047773e-05,-0.026889248609835607,0.2898621021470093,constant_log_futures
2026-08-03,3906,2,0.004545049009468907,2.3326551736276925e-05,0.004545049009468907,2.3326551736276925e-05,-0.011924644713015199,0.36565655820997844,constant_log_futures
2026-08-03,3907,3,0.004595370472116188,2.5636699173738315e-05,0.004595370472116188,2.5636699173738315e-05,-0.007096648070862973,0.0531582480934268,constant_log_futures
2026-08-04,3908,0,-0.0015138124184761702,8.482008743649343e-06,-0.0015138124184761702,8.482008743649343e-06,0.02841309462370658,-0.519783759204654,constant_log_futures
2026-08-04,3909,1,-0.0013429288036427341,1.8323802569010406e-05,-0.0013429288036427341,1.8323802569010406e-05,0.009929534184509913,0.40701216294057263,constant_log_futures
2026-08-04,3910,2,-0.0013026415797124796,2.3300522065719774e-05,-0.0013026415797124796,2.3300522065719774e-05,0.0034548320157591853,0.25675179485805155,constant_log_futures
2026-08-04,3911,3,-0.0007110053222210075,2.5602924371499507e-05,-0.0007110053222210075,2.5602924371499507e-05,0.001105001902050483,0.36583648594167506,constant_log_futures
2026-08-05,3912,0,0.0007018862046829586,7.76054505119697e-06,0.0007018862046829586,7.76054505119697e-06,-0.014271686161886826,0.251953615262958,constant_log_futures
2026-08-05,3913,1,0.001381061821142021,1.8041739935761197e-05,0.001381061821142021,1.8041739935761197e-05,-0.010530596386207909,0.2317470054198747,constant_log_futures
2026-08-05,3914,2,0.0016570212047686515,2.327457880261657e-05,0.0016570212047686515,2.327457880261657e-05,-0.004443001911687373,0.14798538506880932,constant_log_futures
2026-08-05,3915,3,0.0019880654746366674,2.556936210126832e-05,0.0019880654746366674,2.556936210126832e-05,-0.0031095383064829924,0.20873450137181618,constant_log_futures
2026-08-06,3916,0,-0.0012070590309604108,7.027980898009483e-06,-0.0012070590309604108,7.027980898009483e-06,0.026774763959485474,-0.4553163266984523,constant_log_futures
2026-08-06,3917,1,-0.0025549730861681138,1.7743007336885984e-05,-0.0025549730861681138,1.7743007336885984e-05,0.020110110742742573,-0.4557587670168238,constant_log_futures
2026-08-06,3918,2,-0.005031501610502576,2.3248721837285093e-05,-0.005031501610502576,2.3248721837285093e-05,0.013640959921806984,-1.505214414524684,constant_log_futures
2026-08-06,3919,3,-0.006606054788536139,2.5536018341193684e-05,-0.006606054788536139,2.5536018341193684e-05,0.010399208828405277,-1.0977821051439012,constant_log_futures
2026-08-07,3920,0,4.146844749487559e-05,6.289387247227979e-06,4.146844749487559e-05,6.289387247227979e-06,-0.0010118301188749646,0.01653535824793174,constant_log_futures
2026-08-07,3921,1,-0.0008150615082527513,1.742673915824032e-05,-0.0008150615082527513,1.742673915824032e-05,0.006629166933789044,-0.4709476664227834,constant_log_futures
2026-08-07,3922,2,-0.0023298259727997615,2.3222950081528372e-05,-0.0023298259727997615,2.3222950081528372e-05,0.00638738806026002,-1.0279666958829552,constant_log_futures
2026-08-07,3923,3,-0.0024565769750126906,2.5502899102816196e-05,-0.0024565769750126906,2.5502899102816196e-05,0.0038922388435266007,-0.14983187030989245,constant_log_futures
2026-08-10,3924,0,-0.003251768298005888,5.551081049898503e-06,-0.003251768298005888,5.551081049898503e-06,0.0881590516348263,-1.3801643603687823,constant_log_futures
2026-08-10,3925,1,-0.004918479826997011,1.709204820967427e-05,-0.004918479826997011,1.709204820967427e-05,0.04138307164783692,0.06465318089040692,constant_log_futures
2026-08-10,3926,2,-0.006155478279308891,2.3197260345033907e-05,-0.006155478279308891,2.3197260345033907e-05,0.017067462501720105,-0.2950797227112915,constant_log_futures
2026-08-10,3927,3,-0.007077889766546996,2.547001015215999e-05,-0.007077889766546996,2.547001015215999e-05,0.011287615052532465,-0.6159821422303999,constant_log_futures
2026-08-11,3928,0,0.003563070130477767,4.820852114248722e-06,0.003563070130477767,4.820852114248722e-06,-0.10867363897957188,1.6227905346448703,constant_log_futures
2026-08-11,3929,1,0.004923089850629777,1.6738026819777537e-05,0.004923089850629777,1.6738026819777537e-05,-0.04290121155548805,-0.42023593922559493,constant_log_futures
2026-08-11,3930,2,0.003922383021779805,2.317164555612382e-05,0.003922383021779805,2.317164555612382e-05,-0.011000706405911177,-1.2302956169377772,constant_log_futures
2026-08-11,3931,3,0.0034860154020024403,2.5437356563085617e-05,0.0034860154020024403,2.5437356563085617e-05,-0.005595972092688127,-0.3414188172923493,constant_log_futures
2026-08-12,3932,0,-0.0023558460178583996,4.108229143122853e-06,-0.0023558460178583996,4.108229143122853e-06,0.08211806119392136,-1.1623035687558712,constant_log_futures
2026-08-12,3933,1,-0.0038235657265499948,1.6363747412351125e-05,-0.0038235657265499948,1.6363747412351125e-05,0.03455370508437773,0.08160877327406275,constant_log_futures
2026-08-12,3934,2,-0.005004265206433975,2.314609202088377e-05,-0.005004265206433975,2.314609202088377e-05,0.01419814779499872,-0.29224414697076095,constant_log_futures
2026-08-12,3935,3,-0.004418530528623295,2.5404942023976605e-05,-0.004418530528623295,2.5404942023976605e-05,0.00713987714558996,0.31583192417336636,constant_log_futures
2026-08-13,3936,0,0.002990198786266972,3.424791656143546e-06,0.002990198786266972,3.424791656143546e-06,-0.1216014173081902,1.6157828064607234,constant_log_futures
2026-08-13,3937,1,0.003884948062706667,1.5968262313577726e-05,0.003884948062706667,1.5968262313577726e-05,-0.036458743357708726,-0.6325300869416471,constant_log_futures
2026-08-13,3938,2,0.0036444347257350573,2.3120575302563335e-05,0.0036444347257350573,2.3120575302563335e-05,-0.0104616714479924,-0.7579434621472874,constant_log_futures
2026-08-13,3939,3,0.0036109491594956966,2.5372767789357276e-05,0.0036109491594956966,2.5372767789357276e-05,-0.0058738106327796665,-0.041459502090719434,constant_log_futures
2026-08-14,3941,0,-0.005066234396057178,1.5550602670597216e-05,-0.005066234396057178,1.5550602670597216e-05,0.04944644770551805,-1.284729411626992,constant_log_futures
2026-08-14,3942,1,-0.006562289354070931,2.3095054178354225e-05,-0.006562289354070931,2.3095054178354225e-05,0.01906188812372985,-0.4631913003374792,constant_log_futures
2026-08-14,3943,2,-0.0063338553395865665,2.5340831134201974e-05,-0.0063338553395865665,2.5340831134201974e-05,0.010372219482275988,0.10403839997923568,constant_log_futures
2026-08-17,3945,0,0.0029271550091741136,1.5138951458535671e-05,0.0029271550091741136,1.5138951458535671e-05,-0.029759409259936823,0.7523117122604106,constant_log_futures
2026-08-17,3946,1,0.0022034897059651226,2.3079281392456547e-05,0.0022034897059651226,2.3079281392456547e-05,-0.0064777287741625295,-0.684064418869766,constant_log_futures
2026-08-17,3947,2,0.002134871343705637,2.5309780753562182e-05,0.002134871343705637,2.5309780753562182e-05,-0.0035196527558390227,-0.0969578530867813,constant_log_futures
2026-08-18,3949,0,-0.005792987763810837,1.4667332391500732e-05,-0.005792987763810837,1.4667332391500732e-05,0.06145604410303671,-1.5126102678065845,constant_log_futures
2026-08-18,3950,1,-0.007388151700695213,2.3050888078988096e-05,-0.007388151700695213,2.3050888078988096e-05,0.021984256280117465,-0.35437564527974796,constant_log_futures
2026-08-18,3951,2,-0.006671390715449588,2.5280823465715245e-05,-0.006671390715449588,2.5280823465715245e-05,0.011073600915440133,0.4041709036842866,constant_log_futures
2026-08-19,3953,0,0.009911784729337868,1.4169018162749658e-05,0.009911784729337868,1.4169018162749658e-05,-0.10993070336174726,2.633188699830427,constant_log_futures
2026-08-19,3954,1,0.010695872375405285,2.3022223011225664e-05,0.010695872375405285,2.3022223011225664e-05,-0.032219664933319625,-0.6194701394607975,constant_log_futures
2026-08-19,3955,2,0.011920636557717995,2.5249139302466397e-05,0.011920636557717995,2.5249139302466397e-05,-0.019922159726597197,0.7056352397544864,constant_log_futures
2026-08-20,3957,0,-0.0024133532101391995,1.364545087270639e-05,-0.0024133532101391995,1.364545087270639e-05,0.028040865870188794,-0.6533214891763849,constant_log_futures
2026-08-20,3958,1,-0.003928277661314459,2.2993295377177004e-05,-0.003928277661314459,2.2993295377177004e-05,0.011981246867009101,-0.5770878956097132,constant_log_futures
2026-08-20,3959,2,-0.0022395389076053096,2.5217038167958722e-05,-0.0022395389076053096,2.5217038167958722e-05,0.0037686034031427277,0.9776433506863047,constant_log_futures
2026-08-21,3961,0,-0.0004663938831866521,1.3096669939586097e-05,-0.0004663938831866521,1.3096669939586097e-05,0.005690005374877156,-0.12887610578552305,constant_log_futures
2026-08-21,3962,1,-0.002734911789484585,2.2964088176608165e-05,-0.002734911789484585,2.2964088176608165e-05,0.008447069324484033,-1.2195496934911505,constant_log_futures
2026-08-21,3963,2,-0.0030731413461829726,2.518502260712041e-05,-0.0030731413461829726,2.518502260712041e-05,0.005207267281032259,-0.2967518567271964,constant_log_futures
