date,mean_carry_residual,mean_abs_carry_residual,carry_rmse,mean_futures_residual,futures_rmse,n_contracts
2022-07-22,0.0005164821978217195,0.0013748181882222259,0.0018772001456429622,-0.13121972015255778,1.5008225642104407,4
2022-07-25,0.0012245868965011543,0.002549188112728435,0.003105110979721927,-0.17507779639868204,4.269329573466814,4
2022-07-26,-0.0012066581720402737,0.0017517083536109472,0.002542008199816894,0.5755939366865732,2.1997340603694466,4
2022-07-27,0.0005935840260006854,0.001008439506293448,0.00132460505528264,-0.027048263000551742,2.2276529964525396,4
2022-07-28,0.0022968393773523006,0.0028907646537899463,0.00409719383158405,-0.3389519514287258,3.388057661476631,4
2022-07-29,0.0011230522701008126,0.0021057468814711273,0.0031908060819602108,-0.22952897572190523,1.781918061758659,4
2022-08-01,0.0012830951126061967,0.002782020715503899,0.0037660228047328146,-0.4717526462402475,3.188226342327719,4
2022-08-02,-0.00019340705641327817,0.0026689994761803313,0.0028876155705533494,0.4765804050537099,5.669832678778981,4
2022-08-03,0.003585132245121924,0.005916452720422839,0.00904680765622016,-0.9087223313495087,4.843988871400114,4
2022-08-04,0.01176518811365574,0.014667607821830166,0.026137165656226685,-2.4055550384371145,9.072602134881318,4
2022-08-05,-0.005542894824202352,0.006612640922048017,0.012090071712475245,1.512485710283272,3.630706533786758,4
2022-08-08,0.00808953882076243,0.009638586164803627,0.017397625544213827,-1.6388439637005376,5.3532187749744615,4
2022-08-09,0.009412319352811022,0.012276040066023532,0.02149349346384912,-1.4676295024733008,5.711638883224919,4
2022-08-10,0.012866243549262916,0.015880934460215188,0.028414005034105873,-1.6887903094188914,6.806977949260741,4
2022-08-11,-0.006066308954661141,0.007002155459708392,0.012717168437833467,1.121307067818634,2.5650938386394375,4
2022-08-12,0.0005923406176913901,0.001019847019278583,0.0014398908012182596,-0.035095451038614556,1.3022681541792052,3
2022-08-15,0.0009966754005520894,0.00149408675999739,0.0021475069559351856,-0.35413511204145226,1.778624279851895,3
2022-08-16,-9.64264350445295e-06,0.001273005967051169,0.0013540339469117347,0.012631819816003068,3.516666930107183,3
2022-08-17,0.001440162896549746,0.0032005229907747235,0.003975348616731246,-0.08460732911407831,4.514285979608133,3
2022-08-18,0.0003639294353882892,0.0007740131467536502,0.0010410191277376649,0.12654722493061854,1.0200296891509508,3
2022-08-19,0.002236701417745693,0.0029037414139906764,0.004482226408041864,-0.623618644790137,2.7671886216643413,3
2022-08-22,0.00141441102080141,0.0025347916749329617,0.003716010336041498,-0.4260877173319386,3.4716411297118412,4
2022-08-23,0.00013189664102707457,0.0022897538248978742,0.0023763209194513,-0.06962572789507249,4.324857714722219,4
2022-08-24,0.0017736639216679381,0.004285889544546215,0.005798355809200796,-0.623976543944309,4.152001066005491,4
2022-08-25,0.0033549490053255,0.007903080540537788,0.010973794147009289,-0.7479169190723951,6.935396340774788,4
2022-08-26,0.0039888744441702005,0.00715319471387461,0.010785048975794869,-0.7013403616542746,6.123247633980659,4
2022-08-29,0.0061418718287549814,0.009711106767635792,0.015328955656273988,-1.1605036248581655,8.137765095267978,4
2022-08-30,-0.0004604354051406037,0.001959866637302285,0.0020208722426678506,0.4043293741656271,3.837066404596603,4
2022-08-31,0.0037972352618559357,0.006125516268389801,0.009446343754351202,-0.6774658966435254,4.842890255533997,4
2022-09-01,0.0033695846818610313,0.004750859144226394,0.007882264394856517,-0.48432717654486623,3.1380563144661853,4
2022-09-02,0.01046149718096169,0.011660383797070475,0.022136535814540167,-1.6779417412030853,5.690206159595557,4
2022-09-05,0.013085036579051124,0.015304830260537212,0.028191137073266273,-1.7712836028858874,7.0518000786359085,4
2022-09-06,0.015448239476499027,0.01715959320590649,0.03181754189595436,-1.9783115521879608,7.053055588810908,4
2022-09-07,0.022418854112092053,0.024534370976746205,0.04582400490823661,-2.776135942057408,8.780281555704946,4
2022-09-08,-3.0871209352472305e-05,0.0016642940489479906,0.001803789737668739,0.2053788154174375,3.1513765861851035,3
2022-09-09,0.0008244963323670399,0.0022654823618070605,0.002948959553692883,0.22865169774771252,2.8539002204742596,3
2022-09-13,0.000670414213874107,0.001149902005444269,0.0015041709323756907,-0.3796967297012088,1.259104074891169,3
2022-09-14,-0.00014630121305483912,0.0010987745659971997,0.0012319552499246822,0.00930243079559053,2.441863526522768,3
2022-09-15,0.001757280300531359,0.0033428915088060582,0.004114228563211376,-1.0077739601792928,3.5618201226849995,3
2022-09-16,0.0015506601670061033,0.002309161818415386,0.003396774755261737,-0.37841093114669394,1.9868487502371641,3
2022-09-19,-0.0007173915390338986,0.002310212517249305,0.0028634730222404227,-0.1027684100110946,4.170409109979554,4
2022-09-20,-0.0013782584404543191,0.0025742077426399307,0.0030986052206947667,0.2245815479795965,3.4995561255847742,4
2022-09-21,-0.0024327860858443656,0.003476748442797939,0.005064555607003297,0.6334868977442056,2.76100732261638,4
2022-09-22,0.0011845491450877023,0.0025689002365739573,0.00261641389325951,0.08740500730914391,4.788427458691323,4
2022-09-23,0.001988323468270492,0.0032252628769631475,0.0034549922431644526,-0.16430713766089866,4.1771134600278295,4
2022-09-26,0.0003368376402286856,0.0023666300814555556,0.002473021358282015,0.06769159630994181,3.2402615966513966,4
2022-09-27,-0.0034835210388178897,0.006475219228819121,0.009547095929064702,0.7621279404113466,4.883249273673306,4
2022-09-28,0.00043293062270169033,0.004029083458981678,0.004169941262513906,0.07833659658899705,5.057068081779298,4
2022-09-29,-0.005810853275710511,0.009327097341326012,0.014827308606229122,0.9497205283025778,5.092946639535635,4
2022-09-30,0.0011467991756276934,0.003741421420683292,0.004602039178981508,-0.4658769681177546,2.9336391294026662,4
2022-10-10,-0.007090935136408202,0.008024975357938611,0.01509964602259414,0.9523200366932087,3.478010417547343,4
2022-10-11,0.0014373742764992176,0.0017889779865656388,0.0029704329009937755,-0.37650539516153003,0.6954091951300226,4
2022-10-12,0.00303370743256862,0.00879565425848072,0.012178496685636555,-0.25960831741736,4.964330963754733,4
2022-10-13,-0.003215292191399044,0.006519222519175451,0.009480871262384082,0.41800883621226603,3.034357745414922,4
2022-10-14,-0.0015355772613941943,0.00209063992571476,0.0027742582959044237,0.5832986360865107,2.2304687880081926,3
2022-10-17,0.0022110236794994076,0.004489615169188471,0.006063497561912255,-0.8843544965699645,4.265029748325839,3
2022-10-18,-0.0009233850959726638,0.0013909306751318424,0.0018311726050892153,0.16199643089536644,1.532246487343396,3
2022-10-19,-0.0007764804943371275,0.0015058982379997227,0.0018661040468160475,0.24024919946805312,2.5083342566473092,3
2022-10-20,0.0003810884761614776,0.0014190231316171854,0.0016930042585516598,-0.3005283807181816,1.8712003365794325,3
2022-10-21,-0.0012516338479471912,0.0018753271143621085,0.0027348760605526113,0.2741477251217172,1.5840042576111886,3
2022-10-24,-0.0014017098746638042,0.0038355137047428357,0.004587122440984059,0.6807019540340207,4.713107660038727,4
2022-10-25,0.0007663509675030818,0.001314690128811467,0.0015894084562278325,-0.0025576723303402105,1.6171837405532097,4
2022-10-26,-0.0004475302592603738,0.0010154373581154849,0.001300520157847938,0.4069171959445157,1.1224303998132976,4
2022-10-27,0.002323369338198476,0.0036106932171825075,0.00434654321737369,-0.23220801961360849,4.037003551238701,4
2022-10-28,0.007159124214413386,0.009491738949428799,0.014397141023467827,-1.3616577466248145,7.997833204893034,4
2022-10-31,-0.0016732743295727933,0.0023985268356503924,0.0032420369710559325,0.21117188571429324,3.508601517456976,4
2022-11-01,-0.006366649689370812,0.009479831090531285,0.01575316807447578,1.5116385036801603,6.016631032913955,4
2022-11-02,0.0027468939568362958,0.003995217613434318,0.004954372716617193,-0.5637297744256102,4.42017967635958,4
2022-11-03,0.0008579073164982024,0.0016257442223233127,0.0020651171099846694,-0.3217459120592139,2.592972263037137,4
2022-11-04,-0.0077271442200425085,0.013008132282185164,0.020624010200771148,1.7310232126728806,7.220838108683037,4
2022-11-07,0.008388352441748119,0.009841997481294634,0.013864555249300393,-1.5916625991280853,6.261171991309645,4
2022-11-08,-0.0030926456588030622,0.007093007665474299,0.010280104264430065,0.503798001636369,3.9901399378432436,4
2022-11-09,0.009400876585340444,0.010735376297142248,0.01657264535333108,-1.2502944583852695,5.067457174649791,4
2022-11-10,-0.00440686980105698,0.009506224666411956,0.013871639179212596,0.5450707590762249,4.665381325583796,4
2022-11-11,0.0035808851288434257,0.0059564532267601085,0.008476615679953144,-0.6292614453226028,7.266446857920247,3
2022-11-14,0.003343827124421284,0.0049832190576431954,0.007314803832919988,-0.689972161672813,5.4374338002985905,3
2022-11-15,0.000979401732239835,0.0019038562278467612,0.0025380407077049303,-0.049253897084175456,2.3816017326489067,3
2022-11-16,0.0018192528629518746,0.003971913635904549,0.004856736327415108,-0.42748137085194077,5.338443320765252,3
2022-11-17,0.0023159721284702777,0.004388500079835468,0.0058116686622385035,-0.21107563756171052,5.154018308282899,3
2022-11-18,0.004071183663730063,0.006788806188820486,0.009356013673639037,-0.7203074937633573,7.157284232148308,3
2022-11-21,0.0029793299002366103,0.006257921307261664,0.009114027743104054,-0.4234604104963182,6.2393132208725905,4
2022-11-22,0.0017769469555337005,0.0068526696003164324,0.008258769929404728,-0.6993255832278464,8.072419512069423,4
2022-11-23,0.0019018499311819273,0.004644890545887879,0.006288916804356206,-0.22086004364177825,4.826036191785557,4
2022-11-24,0.0033805970866146,0.007148424934962119,0.010440866211740993,-0.7593218669451289,5.920714911504718,4
2022-11-25,0.0021570132259429494,0.005732205822971478,0.0076639313545043145,-0.2630902896239604,5.145137747835595,4
2022-11-28,0.00041324136906130925,0.0023075672033185998,0.002856753766130181,0.0832274906379098,2.2585443067818933,4
2022-11-29,0.0025233942861082655,0.003269208177264735,0.005824300857585418,-0.2911521001155961,2.3503788665679024,4
2022-11-30,0.002213358728141577,0.0034540570756712886,0.005587394860680978,-0.5203879327848426,2.173659505885538,4
2022-12-01,0.0018271717820919132,0.0023984976664819233,0.004252637215245796,-0.08098795963655903,1.561899851234468,4
2022-12-02,0.0029533180488399723,0.0033178510850675144,0.006149421563706522,-0.4338150311195932,1.815226003005672,4
2022-12-05,0.005897822485693498,0.009888342715565294,0.015267121166909365,-1.0118463564119793,5.774133790673983,4
2022-12-06,0.0031249476270885385,0.005962090640004641,0.0087042897781221,-0.3739039888134812,3.7868344413790282,4
2022-12-07,0.0076691431304995155,0.009647553722939057,0.016858836524625668,-0.9932208168831949,4.559715042689468,4
2022-12-08,-0.002516816969468691,0.002973988561870179,0.004513442599813348,0.38222754002435977,2.141764859157444,4
2022-12-09,-9.607897089776904e-06,0.00046353531683435145,0.0004965019641466308,-0.019474453882139642,0.9230612680231389,3
2022-12-12,-0.00045943552389083225,0.0008271409944836337,0.001153753124852696,0.15988083037245815,0.989802311858359,3
2022-12-13,0.00014129907101505015,0.0006030405100224887,0.0007285514282778927,0.1724902381981034,0.7558731093218987,3
2022-12-14,-0.00020088331834119724,0.000713814466084583,0.0007184785983185443,-0.2590938762781055,1.604976163321199,3
2022-12-15,0.0007200757763450213,0.001332274304906465,0.0018257098108465796,-0.0779513608764925,1.4191268454002341,3
2022-12-16,-0.0007913588987137487,0.0007913588987137487,0.001194438958208585,0.7835170271882816,0.9657531196576488,3
2022-12-19,-0.0005212719835054436,0.002666451792679114,0.003510338634452412,0.29456202987807956,2.841177822268429,4
2022-12-20,0.001249372926805924,0.0026182758387621654,0.0029712364070145973,-0.30405890209863173,2.900754412052703,4
2022-12-21,0.0011486861985362095,0.0016848185783965627,0.0025327861691510256,-0.07911995274866968,2.0142013762646624,4
2022-12-22,0.002093975396683417,0.003431878813201277,0.004258947448687451,-0.1779389637931672,3.552032884919434,4
2022-12-23,0.0019887069494786,0.0030991827571796586,0.003951483797292954,-0.46347379509597886,4.4767639911241135,4
2022-12-26,0.0007539091505434805,0.002480553200848202,0.003312758041843709,-0.03545774737062857,3.291596952704985,4
2022-12-27,-0.0011590012239263742,0.0025920021059919686,0.0033757003273648827,0.1764657929772966,2.096113184498294,4
2022-12-28,-0.0013194106356637014,0.003897203963831016,0.005264492827342935,0.44897420637107643,2.895586701560673,4
2022-12-29,0.00010685354612942474,0.0006827883422805699,0.0007360838526621104,-0.19460157534058453,1.1352771939053992,4
2022-12-30,-0.0015042930031390891,0.0023138969654268584,0.0025085645408139718,0.16750506798121023,2.760289739279834,4
2023-01-03,-0.0032881539492518423,0.004118437814715107,0.006696323973849475,0.324914777898357,3.283111942556002,4
2023-01-04,-0.002705950467957222,0.003432807339399142,0.0055335484258932375,0.3587542031398243,2.617688647352141,4
2023-01-05,-0.006118581689726026,0.006974388658782768,0.013105555421105943,1.0471833890303515,4.095047223063743,4
2023-01-06,-0.004064586177097736,0.005133210357155993,0.009224166109230368,0.644831237466633,2.541972174733542,4
2023-01-09,0.0042355754156776886,0.00562508028944091,0.008009641703523678,-0.9055107477111051,2.826018624268014,4
2023-01-10,-0.00020046068615291526,0.0019098957940799216,0.002102658525910848,0.16533739471287845,1.5897594724417878,4
2023-01-11,-0.00961921142692024,0.010371484494391006,0.019747136975167775,1.3383518906605332,3.7668569874336466,4
2023-01-12,-0.00010348210121242755,0.003253821741775376,0.003974618189165953,0.00820387378507803,2.2254408640938834,4
2023-01-13,-0.0006248796526489806,0.0006560880051970364,0.0009584526438689896,0.5913292476307106,1.0135110480311114,3
2023-01-16,0.0024766892755342163,0.0036059476242459505,0.005313267192782942,-0.5572191344008388,3.0046255734366367,3
2023-01-17,0.0024864545370369344,0.005331839302561904,0.00712577523507749,-0.20585945934605357,4.062094985923661,3
2023-01-18,0.0025539203108746046,0.0060319517402729755,0.007981256054264004,-0.13143963068826756,4.518448571641134,3
2023-01-19,0.0013095663316662644,0.0037969696890765826,0.004916695278164176,0.11223993778336687,2.885322625536162,3
2023-01-20,-0.0010334087508937957,0.0013955676773186783,0.001736465984910752,0.17769812364046325,1.1594523590429455,3
2023-01-30,0.006730024894215623,0.008565148983568305,0.014518541531098593,-1.3600241100421044,7.523903100544426,4
2023-01-31,0.005971143474759223,0.01040775298794639,0.015783018321249852,-0.8105327980699712,7.8480197281920185,4
2023-02-01,0.0025697533550998507,0.007493823362052113,0.009731090334828912,-0.5833549077210591,6.753812974042337,4
2023-02-02,0.0055717424216667885,0.010587637298932553,0.01607396370129344,-0.9794746473114628,6.814598919201293,4
2023-02-03,0.0007211564925681691,0.006355161998552452,0.008209573776906664,-0.2073534835767532,5.679203045694903,4
2023-02-06,0.0006821027786338119,0.006006557417820727,0.007828679473996956,0.08875486179795189,5.154802491780897,4
2023-02-07,0.006685179688421068,0.009297472043160919,0.015987062271698223,-1.0950191544498011,4.187469928454138,4
2023-02-08,0.008121152171693735,0.009922075604975277,0.017734328707001784,-1.0184796208770877,3.9721143874130425,4
2023-02-09,-0.009788475502913728,0.010479979334075176,0.01923312068154122,1.7725440832641652,4.017114326042491,4
2023-02-10,0.0005260128872760066,0.0011462024740809516,0.0012801251662722256,-0.40961074915442924,3.5066651503730704,3
2023-02-13,0.0005440929806767974,0.0008984215922469216,0.00093936126796035,-0.44713242438107653,2.127602566342693,3
2023-02-14,-0.0003264924711941554,0.00038404212963695505,0.0006115347744220108,0.12271847327156138,0.45387653217516377,3
2023-02-15,-0.0006180435155823116,0.0009055715165480668,0.0013393924031034725,-0.08544146097544096,1.2572499265733537,3
2023-02-16,-0.0008736373741809028,0.0014140812379780261,0.00186682752444811,0.4212474344212751,1.6819530726649363,3
2023-02-17,0.00016982119332152137,0.00046568995455329815,0.0005299039748569449,-0.03661488850836273,1.4343445394174723,3
2023-02-20,-0.0001115325165402456,0.005571444969899933,0.006858687572288078,-0.25810310665337965,9.100726084538204,4
2023-02-21,0.0027061574318581506,0.006368275286216942,0.009268225888091222,-0.7279826884957856,6.253979224128066,4
2023-02-22,-0.0007366535463927733,0.00515627867866855,0.006591566408791736,0.2950502036942453,8.12600099828173,4
2023-02-23,0.0004153719475641481,0.004845397164426274,0.005949222804915664,0.013134938285475073,6.266642980078285,4
2023-02-24,0.0005936102054526788,0.004490794857174607,0.0052816253251180955,-0.04834949679820966,5.657691288658252,4
2023-02-27,1.912382123528747e-06,0.006035212128524677,0.0074249070554500635,-0.017717636365659928,8.316066815312363,4
2023-02-28,0.002370356475028002,0.006976074833712846,0.008902693326973308,-0.4159232296819937,6.548478008996913,4
2023-03-01,0.004181295248550968,0.007945924931577012,0.012110995205420248,-0.746223392549382,5.650380552755733,4
2023-03-02,0.0022739750331298193,0.005721673458477291,0.007701926688121732,-0.22527412701447247,4.549981226793432,4
2023-03-03,0.008339210597418406,0.012487730233232013,0.020383529689389345,-1.4385011085425958,7.090878627681741,4
2023-03-06,0.013161706681530251,0.018555492939991716,0.031619741349954225,-2.166272245749269,9.515199559056224,4
2023-03-07,0.002298457154007911,0.007545257759046815,0.010138131821047799,0.13090414680368667,5.558013011440964,4
2023-03-08,0.010994601719321609,0.016027096200292724,0.026271129193160506,-1.4871804215156317,7.094783305486124,4
2023-03-09,0.00807258786735834,0.013016669541206009,0.02048217113318433,-0.8064452207329396,5.793057392187225,4
2023-03-10,-0.0010177435869842242,0.001949929701878644,0.002662752030388082,0.3999590573815415,2.5135211872526995,3
2023-03-13,-0.0007401497700970672,0.0023172899190134605,0.0027965787604868775,0.11684867033848907,3.187570636860463,3
2023-03-14,-0.0009511777162213922,0.0017920622556132151,0.0024785585262410838,0.2663702953344303,2.16283869537333,3
2023-03-15,0.00026171359744931827,0.0012822259028908618,0.0014273135410052715,-0.04962310916168159,1.9113901077181936,3
2023-03-16,-0.0008205804194489653,0.0018143633239246064,0.002125741436891693,0.3463517607645675,4.305673450929407,3
2023-03-17,0.0010424787504339159,0.0016990849370556286,0.002039142176448735,-0.08889482200296091,2.406255443650904,3
2023-03-20,-5.4361033342693356e-05,0.0026962628517347145,0.0031599979818061424,0.1245422397519178,4.021476552558541,4
2023-03-21,0.0010576052036057534,0.0025602153693417874,0.002829430658988161,-0.33620590225586966,3.4957079916079343,4
2023-03-22,-0.0001253678318597403,0.0016915800887425444,0.002105846766497918,0.03934243528601655,2.314990532307944,4
2023-03-23,-0.00019315845397382958,0.0010364200902259271,0.0011924966728854435,-0.022128926545065042,1.542761202732809,4
2023-03-24,-0.0002806227321624898,0.001614577304482846,0.0019632781036574894,0.16859292439289675,2.755278688229833,4
2023-03-27,0.0013357857536046742,0.0019356341092504996,0.0027503315655251167,-0.3846388022411702,2.1481392017805727,4
2023-03-28,-0.0009232267790229547,0.001980110400310762,0.002213688399135709,0.5161656608222529,2.190770132517018,4
2023-03-29,0.00037518757269634296,0.0021933466542743995,0.0024169660874005195,-0.020565928791711485,3.541151718116428,4
2023-03-30,-0.00214793824181637,0.004046281458699646,0.005291006403934856,0.5597587135137019,3.642716527873321,4
2023-03-31,-2.00115969384183e-05,0.0015487535742324697,0.001780754189121718,-0.15341759140437716,2.2463521840184377,4
2023-04-03,0.002283701770436637,0.0044110753083600185,0.005178204305428512,-0.6108169795550111,4.624204048976714,4
2023-04-04,-0.0024003254965447775,0.004187531897292358,0.005244314581485998,0.6238996770835001,3.345680781369893,4
2023-04-06,0.00125386381079556,0.0028549088551714057,0.003501057472659172,-0.4810042702138162,2.2049879540578115,4
2023-04-07,-0.0015431230970878312,0.0031642621873863713,0.004334937783405318,0.328002754208228,3.732662308951449,4
2023-04-10,-0.00215569176604596,0.004323768394283382,0.005625852442336122,0.6815264406943697,3.989926684186664,4
2023-04-11,0.0014072328364261866,0.0034509798895311257,0.0037692063810820706,-0.4011688095752106,3.8593873955316167,4
2023-04-12,0.004986919285101431,0.007897342494445497,0.01191177920062328,-0.719743397357206,3.4851081885936854,4
2023-04-13,-0.006821135694331625,0.0075615984068286,0.013206713066496316,1.0572703532166088,2.546831690063837,4
2023-04-14,-0.0009289222427382587,0.00304049338780465,0.00387408153468662,-0.05631331143376883,3.043818320058531,3
2023-04-17,-0.0009244428640340525,0.0022371736850318805,0.002845848623411554,0.3613670516833736,2.0909266513774463,3
2023-04-18,0.0008302039132796063,0.0013080017751464178,0.0014858680395524158,-0.3533193101499516,1.9459348514819292,3
2023-04-19,0.0008202560679725865,0.0015320647256556695,0.0017129942937024883,-0.11120210174491756,2.4350660864798006,3
2023-04-20,0.0008503301861350713,0.0011837784846051025,0.00149144669369081,-0.15955587307265282,1.1510587602173332,3
2023-04-21,-0.0049783401002193,0.008057683795521796,0.01154501547888998,1.2382155281314529,5.903842453720995,3
2023-04-24,-0.002050875831201504,0.005391114116434604,0.006750153002434868,0.40940846003104525,6.146592270010147,4
2023-04-25,0.0016162488592093714,0.0027924028137484053,0.003456810262328076,0.06515042302271468,3.9204589295043104,4
2023-04-26,0.00066715748220555,0.0020714298398697892,0.002885831199351876,-0.1476712944306655,2.8921381696448787,4
2023-04-27,-0.0011048745700696465,0.00406425335013539,0.0054412051374745155,0.3347668524565961,3.4754755031394104,4
2023-04-28,-0.0022849323342396585,0.005748245172622063,0.008050743686965404,0.41049784478514084,4.50906475674214,4
2023-05-04,0.0013871770792518584,0.0017567760650504319,0.0024162609039216957,-0.5181007026938005,2.5079751629561233,4
2023-05-05,-0.0018298444867755892,0.002331954829314614,0.004187343892788529,0.30018834591419363,1.2030392296844874,4
2023-05-08,0.0014092004114577682,0.0021262164012179636,0.002193448236741736,-0.36230971930990563,3.876690958015775,4
2023-05-09,-0.004917364398343066,0.006318888621832637,0.01099036399920944,0.8725294101172949,2.9642605409881035,4
2023-05-10,-0.00370463995804672,0.004465049118267408,0.007575578095558439,0.3755478539756041,2.491928488398848,4
2023-05-11,0.0010133575558289708,0.001179237836484404,0.0018875118442941148,-0.14881155673583635,0.9306707289409468,4
2023-05-12,0.0004891475677778709,0.0007636260170419082,0.0011091048485360004,0.10523980592248942,1.1475966609763657,3
2023-05-15,0.0005228915466781262,0.0007616383426707896,0.000861717531022686,-0.29624146920286876,1.2457977239430973,3
2023-05-16,-2.9101298869578518e-05,0.00010836610053734329,0.00013688484833659405,0.17228561287053404,0.4778549792903577,3
2023-05-17,0.0006566979485043445,0.0007926118204523135,0.0010574257610378713,-0.3894330342612496,0.9108451284450116,3
2023-05-18,0.0006703977261430932,0.000968284077181622,0.001437330735065214,-0.10016779627252011,0.9539906951917673,3
2023-05-19,-0.000587829257235444,0.0007548023110750535,0.0008997488967172799,0.3818864423137711,1.0387943458206639,3
2023-05-22,0.0009197665402730024,0.002150091032328636,0.0030798488203607026,-0.2036456435018863,2.041427169599053,4
2023-05-23,0.001203177343913918,0.002259730704881502,0.00263437283324323,-0.17307023958983336,2.9765166051997656,4
2023-05-24,0.0009732516716576302,0.001521729656123804,0.0023858128130075334,-0.1712558596971121,1.3393988573647428,4
2023-05-25,0.0018263016958545049,0.0021998142371663053,0.004032033361384551,-0.40876010351371406,1.8147402782541926,4
2023-05-26,-0.0016766487702084363,0.002414406136015316,0.0032446662997068863,0.36192504651126,2.185725383571495,4
2023-05-29,-0.0003974252315659191,0.0012177352721842692,0.0014742370214042631,0.11636034027310416,2.1462158326729517,4
2023-05-30,-0.0009912894283288804,0.0018946893765911816,0.0027418513104257975,0.17200907355891104,1.6555057170284864,4
2023-05-31,0.0005424629383686871,0.002351474368359018,0.0030169081966414657,-0.19741002306318478,2.082659172775043,4
2023-06-01,-1.1810579156055698e-05,0.0018762568538594083,0.0019853120432244725,0.11219172208870987,2.7782517711140984,4
2023-06-02,0.00042974069909959903,0.002060860708551455,0.002421576114055405,-0.17449378997412168,2.1713761070345834,4
2023-06-05,0.004128111924202772,0.006161396206399673,0.009950809300879543,-0.6699432856637486,3.108218257518008,4
2023-06-06,0.007715622592259939,0.012305080080831908,0.019727476562799662,-0.9545401090858832,5.76176810876463,4
2023-06-07,0.006545975391721257,0.009161557230993463,0.015452005484177985,-0.7549330325612118,3.59868503423427,4
2023-06-08,-0.0024204542865766555,0.0028883307071655793,0.004071926172377187,0.43033462208450146,1.543868342694242,4
2023-06-09,-0.0010186012254652377,0.0024526887019540263,0.0032520563111440495,0.0017029039499902865,3.147691342242828,3
2023-06-12,-0.0004974281233412828,0.0010736651604756088,0.0014284181403062962,-0.00833974732298278,1.260296683137382,3
2023-06-13,-0.0004201584810895609,0.0008312469840792425,0.0008486156781643828,0.05470334749528168,1.5088987512647605,3
2023-06-14,3.0611706768636504e-05,0.0008705082180218449,0.0009185315016814805,-0.054856704243320564,1.6672655943608126,3
2023-06-15,0.0002507955222032718,0.0017051581056338125,0.0018584399692394742,0.03693089492844592,2.6400349939836705,3
2023-06-16,0.0010275488399912325,0.0015660900460030176,0.0022844756412666125,-0.3041272765846467,1.5806749332145982,3
2023-06-19,-3.284209512655588e-05,0.0017185469607275492,0.002053009342911132,-0.17451743312608414,2.490254687012998,4
2023-06-20,2.413103433437057e-05,0.0018199409122685428,0.002211679711669873,-0.004552989359808635,2.333936583782772,4
2023-06-21,0.00043754741399911964,0.0017436518270886256,0.0021605017953209875,0.1370304309182302,1.7578395437546783,4
2023-06-26,-0.0002633117692241258,0.002546708377742025,0.003272268373766542,0.40407758207516054,3.1542364026699423,4
2023-06-27,0.0010285541176555217,0.002511035715473571,0.0034415402655685145,-0.6583465552844245,2.4717096901039173,4
2023-06-28,0.000824673186840737,0.0013624461866434765,0.00218551837112211,0.06940692764442247,1.3681284701384584,4
2023-06-29,0.0016161815712211116,0.00222891908891981,0.0037955044873846833,-0.5006790014138005,1.8085405609708722,4
2023-06-30,0.0016957703321755693,0.00375522724391209,0.005707442761187336,-0.2860157605327913,2.9140947532263217,4
2023-07-03,0.0027356553699156468,0.005011196922546035,0.007879204562727357,-0.4980883836749399,3.5295122877373726,4
2023-07-04,0.0011895289408656202,0.003896706384593305,0.005371022487783749,-0.21503976627582233,3.12015457443944,4
2023-07-05,0.0013536056875585421,0.004597236475009987,0.0062790717660921305,-0.1399631516117097,3.4635515613516086,4
2023-07-06,0.0066750867592913436,0.008607746216705984,0.015341651942469576,-1.1816263144999084,4.720274564532422,4
2023-07-07,0.00027435451251215694,0.0015155560245348181,0.0021259394921809187,0.2203648988909208,1.0964042398720417,4
2023-07-10,-0.000957758804956613,0.0015767817254834452,0.0018595114577712067,0.13369885693896322,1.285227271657977,4
2023-07-11,0.0017637483834579831,0.0025121895779718108,0.004278592617197489,-0.22679855767182744,1.0708655600502492,4
2023-07-12,-0.00152007990834792,0.00269157747985385,0.004078671164498566,0.30700757904742204,1.2724273734439875,4
2023-07-13,-0.0020561904162262816,0.0036059735103287113,0.005488810825639439,0.20908974331655372,1.4488431522070273,4
2023-07-14,0.0004669056856703967,0.0006684272918871687,0.000991944578226137,-0.1522109661715755,0.7374674481000939,3
2023-07-17,0.0005742871119618931,0.0011263754822253395,0.0012246697635856154,-0.11241744829446058,1.8009945595227195,3
2023-07-18,-0.00044107282564157896,0.0005203364960068707,0.0008350516380623363,0.1923702938823529,0.5381524140679774,3
2023-07-19,0.00018148240429543988,0.0003912114341015985,0.0005140264142239424,0.0039881133643575595,0.35852263576178517,3
2023-07-20,0.00015413746376091256,0.0005521839357738728,0.0006630003334612886,0.12284982014322547,0.5168070282279806,3
2023-07-21,0.0007298134741325705,0.001146616711432637,0.0016086971470437525,0.026828927896228077,1.2436836696832803,3
2023-07-24,0.0010082231381048643,0.0014359856781831467,0.0019611845535105117,-0.19686517934519543,2.206778154064742,4
2023-07-25,0.000543352694817555,0.000936026060933241,0.0011651652034687782,-0.08250347458147189,2.1092633303410535,4
2023-07-26,0.0001662549279943296,0.0005232361869540593,0.000591750145993457,0.14956930201515206,0.9686155753401969,4
2023-07-27,0.00038237418330954636,0.0008684036812375115,0.0010206593499189308,0.005408337041217237,1.467632066996715,4
2023-07-28,-0.00046003865120209254,0.0009191277996941343,0.0012340719755538833,-0.008833247579559611,1.0521158002684992,4
2023-07-31,-0.0015767792608473528,0.0022846410206859005,0.003854211467890806,0.24931660697575353,1.6515566322800992,4
2023-08-01,0.0019136228061713565,0.002456710166915027,0.0034413363813205174,-0.301587151368949,1.885733612968703,4
2023-08-02,0.001696783570200487,0.001975618831031191,0.0033924285575193595,-0.2729693198214136,1.2465398298601054,4
2023-08-03,0.002264820311731833,0.0030146596928620198,0.00508531101815234,-0.39086260352951285,2.3520939516400308,4
2023-08-04,0.002163302626724678,0.002497541138114583,0.004579083220622827,-0.24878453929295574,1.4519632235490314,4
2023-08-07,-0.0011370616437221264,0.0021473348537187,0.0032124104396305414,0.3603158694006652,1.3599666394455736,4
2023-08-08,-0.0011600130075064825,0.0026421233864423574,0.0038856893261051133,0.2317799545080561,1.566465549479997,4
2023-08-09,0.0020254370726293415,0.0024901979942264525,0.003216344393782599,-0.15331821531822243,2.423738268527387,4
2023-08-10,0.010278848745313027,0.010853384920860912,0.018727424607199162,-1.329462490357173,4.028321381078245,4
2023-08-11,0.0005692680070298282,0.0008846643887178637,0.001133438995716944,-0.04510323980897132,1.2773366600303362,3
2023-08-14,-0.0007975527480364192,0.0012176691306619136,0.0017693466952823568,0.10240010123713243,1.2777039253218463,3
2023-08-15,0.00045409941709191143,0.0007183558718998015,0.0009420923183054177,0.03274864864245804,1.0059026661621238,3
2023-08-16,0.00010491794869783681,0.00039436937201235527,0.0004216206176253376,0.0936470221192091,1.1020633844644918,3
2023-08-17,-0.0006376663788802047,0.0008633445465935329,0.0013119893013841886,0.022639593347472935,0.9373665194233108,3
2023-08-18,0.0014962348378925426,0.0021132106053178257,0.0028942118784172958,-0.1012305753486847,2.3941594282663816,3
2023-08-21,0.001271922801876776,0.0018246967219410605,0.0023298182738061618,-0.35231939871277973,1.6727591105959903,4
2023-08-22,0.0009875898459692535,0.0019500864508258699,0.0029297285945165145,-0.32184636152760504,1.5541632837943111,4
2023-08-23,-0.0007307029118107408,0.0020073123267092398,0.0026141664256365015,0.2901049432337004,1.8232599816089714,4
2023-08-24,-0.0002856500001826431,0.0015150878156131265,0.0020157135161215987,-0.10780628599536612,2.355279103168831,4
2023-08-25,-0.0003169111435839245,0.0019160619324409044,0.002403630194123862,0.238222509809475,2.2325157717855193,4
2023-08-28,-0.00030827616232774815,0.0014592752515186144,0.0019244806399271973,-0.258741572064082,1.9624073701997495,4
2023-08-29,0.0018273468815022233,0.0026296649492295538,0.004431946887490866,-0.15978499267998814,1.9848708128293284,4
2023-08-30,0.0027060078489987843,0.005091211462319218,0.007802900655759867,-0.4214318914487194,2.962863857698937,4
2023-08-31,-0.002176736207060129,0.0024433382901706433,0.0038014367339598435,0.491304525009582,1.4713930690870212,4
2023-09-01,0.002275405564683206,0.002910045329260461,0.004723854665847154,-0.4286043999618414,1.7034177219245226,4
2023-09-04,0.00018055147002474237,0.0008656265940029401,0.0011874482078200607,0.00829176188085512,0.5885645403001162,4
2023-09-05,0.0017131158565155558,0.002948675210160614,0.004660099543304017,-0.28355312487906303,1.3215184560646935,4
2023-09-06,0.011667827201115834,0.013715006505634373,0.02540737936126545,-1.4227321433904763,4.674788043835374,4
2023-09-07,0.002828003678474125,0.004448324557263279,0.007307864329216709,-0.19769567937851207,1.4864706008341346,4
2023-09-08,6.573229467025238e-05,0.0005344821033591782,0.0005726938391467291,-0.3359913439871889,1.3145793563483397,3
2023-09-11,0.0007556585736919799,0.0018146075857757016,0.0023000219695977118,-0.0762468471518029,1.9345466524354888,3
2023-09-12,0.0005130318903840669,0.001708301636962439,0.00199741253834149,-0.011461452296619731,1.9978830587080296,3
2023-09-13,-0.000404937529271313,0.0007668728382652529,0.0008279453642411449,-0.045022638089297594,1.103984139434761,3
2023-09-14,-0.0020807441067920616,0.003034681480598813,0.0037263416114101397,0.4039605709722309,3.26507534375841,3
2023-09-15,-0.0017096277443377171,0.0025215190441680627,0.0037014946819958696,0.21222857233533432,1.9811266271803858,3
2023-09-18,-0.002057887374525159,0.002858849005856675,0.004866936774254272,0.4460212549906828,2.397763155039665,4
2023-09-19,-0.0010705053873570286,0.0026838471881541846,0.003542978134636004,0.33919234189988856,2.380072982301683,4
2023-09-20,0.0005442701508091802,0.0013249363697881984,0.001606902113285629,-0.038231096799108855,2.8652356093731752,4
2023-09-21,-0.0004938977925113414,0.0015005023394152727,0.0019932824285508154,0.04245862491461594,1.6864996744848186,4
2023-09-22,-0.0007277020026931411,0.0019565086525238683,0.0024735516798615608,0.2619241047959804,1.8305522599065638,4
2023-09-25,-0.001121021837986604,0.002139567958725506,0.0030192466101303483,0.08453958292443531,1.6659815544407082,4
2023-09-26,-0.002804772129668692,0.0034231445814460445,0.006094981733184092,0.501950526421524,1.9351863811868404,4
2023-09-27,-0.005965255706544985,0.0077144819131398515,0.013031245705098355,0.8826277293264866,4.139012162599585,4
2023-09-28,-0.0008616257153771303,0.002262664819679617,0.003129970082448541,-0.14872693972165507,1.555062042856222,4
2023-10-09,-0.0011349811920410256,0.0028861948749897143,0.0038064979927232285,0.1251624383271519,2.3449335133060836,4
2023-10-10,0.0015875231169680433,0.0029317283059517377,0.004353868805611142,-0.24714412215439552,1.3977968049502798,4
2023-10-11,0.009637007070203143,0.011404938808170886,0.020909542146195243,-1.1975645857037307,3.8561767135110276,4
2023-10-12,0.004772661015339866,0.00595659918152084,0.010693473703753936,-0.42324538205843965,1.7433653797200996,4
2023-10-13,-0.0007339375229966291,0.0013659525113730055,0.0018988936126456285,0.3001190334804657,1.2859393566779846,3
2023-10-16,0.0006281767974200617,0.0007737881988015583,0.0010382542163743704,-0.2897819944892035,0.709282397169755,3
2023-10-17,-0.0010794201325590354,0.001813825968504763,0.002546084680137219,0.1975610704663874,1.6233984175512663,3
2023-10-18,0.00011731515050948198,0.0013275541230259175,0.0014805762537615779,-0.05590597819445975,1.5381656691469328,3
2023-10-19,-0.0020201931608202404,0.003385548139301651,0.004761570634093731,0.3539614619197285,2.6554750994504235,3
2023-10-20,-0.002732589782935379,0.0049679552924776745,0.006853131748149993,0.4428406017201875,3.5896219508057174,3
2023-10-23,-0.00013696425532201684,0.0005028604629730739,0.0006742099064637449,-0.33600895925837904,1.4312709651458528,4
2023-10-24,0.0013174469912581623,0.003672122896851329,0.004837494472034965,-0.31995558386302037,3.4527976377095375,4
2023-10-25,0.00038353803866700287,0.0027026354449962084,0.0029394418236121664,-0.09494201677966885,4.058878562418965,4
2023-10-26,-0.00011301840916079671,0.001647095651487707,0.0017437970837311974,0.05520445029355869,2.467298633515566,4
2023-10-27,-0.0004917237617941654,0.0005356983134898741,0.0007219009566622286,0.3578582894053852,0.48723274788663246,4
2023-10-30,0.003841810405864449,0.00442571221256279,0.007369024647521917,-0.8226972495399423,2.881756306524316,4
2023-10-31,0.0021676138129316635,0.003057409245399023,0.005106968645466605,-0.2690557726436964,2.336632224139293,4
2023-11-01,0.0024547309210023217,0.0035728119753061782,0.005791322811758833,-0.3521860902849312,2.861435854294469,4
2023-11-02,-0.0004220849556249816,0.0009541978730852885,0.0012270297055537035,0.2047862621557215,2.9637736829688555,4
2023-11-03,0.005643226894874807,0.0071183150381702864,0.011134372018405772,-0.7966460824661681,4.37982421141587,4
2023-11-06,0.0032749643920741422,0.0046913060225151695,0.0064110706680181135,-0.4168358091239952,3.7910104244591674,4
2023-11-07,0.007927414614265917,0.009598370279271108,0.0161733633972019,-1.1064942474993131,5.197377921382257,4
2023-11-08,0.014943028686450286,0.016799589675575235,0.030440184771012173,-1.8930181696036925,6.870871361905865,4
2023-11-09,0.01975299859308495,0.021484602565341578,0.040657721168266485,-2.072469368251177,7.216288049679327,4
2023-11-10,-0.00036643674814483784,0.0015405575077347248,0.0018932422913646683,0.006277270790633338,4.717642743105713,3
2023-11-13,-0.0008866359193584819,0.00196808359254793,0.0019846606352850503,-0.10381954534356434,4.194492926040945,3
2023-11-14,-0.000962406086361727,0.0018159031530695137,0.001939464518075584,-0.055145852216204126,3.226600772745326,3
2023-11-15,-0.0008273227057689949,0.0017615726391198433,0.001792635731082756,0.11630120435620483,3.8734158953099063,3
2023-11-16,-0.0010340547724384669,0.001510129801786243,0.0020480446807665206,0.007407404557246385,1.8233074385041979,3
2023-11-17,-0.0025073271204368816,0.003450214019667779,0.004586281998343139,0.43771041830041213,3.877620019148137,3
2023-11-20,-0.0016898932209679259,0.0029453831179494967,0.0034400294656797433,0.2960137676291197,3.878843382696652,4
2023-11-21,0.002063224762554758,0.005505734571244189,0.007985030185106472,-0.45284839978717173,5.048335000159295,4
2023-11-22,0.003808458462683302,0.006681297500077794,0.01033216986826949,-0.49808680790897597,6.0005639079533015,4
2023-11-23,0.001929763985976581,0.0033787336627454072,0.005438561907317486,-0.113944691018105,2.5122615461210325,4
2023-11-24,0.0034234734222782746,0.004132080357127265,0.007569106962650556,-0.7267639892618263,2.9794496743477596,4
2023-11-27,-7.798720375525037e-05,0.002040156881911427,0.0021107325420561805,-0.07048690362626076,3.0441865001600847,4
2023-11-28,0.004418590039525525,0.007900910732107743,0.012047520229031794,-0.8917068978507814,5.149958407505445,4
2023-11-29,0.0038089537977950214,0.007452061191226836,0.010912607187128378,-0.5475743132572006,4.9616115154526526,4
2023-11-30,0.0054398119050571535,0.011721779903247641,0.017068608205844008,-0.9273484848740736,7.455447538924516,4
2023-12-01,0.005563523970664421,0.011169743482487251,0.01657224933008915,-0.7300846392051881,6.504578252915174,4
2023-12-04,0.01557138535624425,0.02117850551118431,0.03634482570655183,-2.2971432573792754,9.307746062343139,4
2023-12-05,0.0005331339861264182,0.008163422343464868,0.010325042813734735,0.010610134233502322,7.537905699402521,4
2023-12-06,0.001696326333106079,0.008605663595529455,0.011199031652822017,-0.010281801748533326,6.146626700194487,4
2023-12-07,0.0033409372062997086,0.004890730606882866,0.005557367623793059,0.0595793592717655,5.701759961715486,4
2023-12-08,0.00014868553148829808,0.0033424152751302207,0.0036083082861500357,0.10089476699158695,6.010562004397017,3
2023-12-11,-4.4315804219818844e-05,0.0022094412696247734,0.0023919521924563093,-0.06732135755495013,3.4925069484279994,3
2023-12-12,-0.00045773905046989544,0.002729923498357531,0.002993789447224767,0.1532125210345233,3.724845321855098,3
2023-12-13,-0.0014646037205328366,0.0030690169697146683,0.004113210900608029,0.12327285102643752,3.1068383326568254,3
2023-12-14,-0.0004610584603948198,0.001387386276080362,0.0016508102046087563,0.12757547585139642,1.5216815070856584,3
2023-12-15,0.00060896926709376,0.001307745433672643,0.0016603236486038113,-0.2708941760280747,2.762209927683576,3
2023-12-18,-0.0007757493194827762,0.0031802590360642292,0.003875967209297717,0.35208968696724696,3.037534319341404,4
2023-12-19,0.0003185092536606704,0.002135663851870799,0.002504376036774943,-0.0014780156550386891,2.620866337401929,4
2023-12-20,-0.0004956667456199413,0.0008564284378463263,0.00136668668110845,0.17918875038594706,0.7099647877726449,4
2023-12-21,0.00021572683276486343,0.0020415249043798864,0.002590578820758458,-0.19179338906451449,2.1680432680850976,4
2023-12-22,-0.0017541831937165336,0.003171571370232827,0.004243429360089775,0.4326146943915319,2.5963845878064147,4
2023-12-25,-0.0022005309618819534,0.0033053277148622755,0.00522774927311481,0.2112496233114598,2.639587117932836,4
2023-12-26,-0.0012987676433511546,0.0034851291187991598,0.004341705668376048,0.22984027156962838,2.481599864486352,4
2023-12-27,0.000174951865815582,0.0016854856771440253,0.001883401560310263,-0.12478077887385552,2.1942148274873325,4
2023-12-28,-0.0005079642742311591,0.0035286644896922155,0.0042430980014158065,0.357515187144827,2.716300868581785,4
2023-12-29,-0.001078632271551395,0.004775950189151529,0.006242346474743896,0.3088025689214646,3.2726040674248433,4
2024-01-02,0.00464497837710965,0.006793768409914906,0.008373425121585513,-1.0072783696505212,4.433290643316752,4
2024-01-03,-0.00016389936896740384,0.003497222011069275,0.004288064358377599,0.002786263725511162,2.5680880991859087,4
2024-01-04,-0.0003993328925787805,0.0009116939216572105,0.0011149727853962282,-0.005964847709719834,0.7880517437690168,4
2024-01-05,-0.005852180673033116,0.006948601988092733,0.012716068942302886,0.7168061887177828,3.148635557011657,4
2024-01-08,0.013659192907382104,0.015021587895684179,0.027654687633754945,-2.42416006036774,5.760130560113436,4
2024-01-09,0.00018537841169807834,0.0019626425655660945,0.0024126703381373246,0.11824228372051948,1.9101387217867518,4
2024-01-10,-0.0019711189093628706,0.002621462154952743,0.002760834662983177,0.35837499622357427,2.0722269376273172,4
2024-01-11,0.0010393519907533101,0.002353625614372714,0.0030925525976777044,0.10254418417912348,1.8041059032451474,4
2024-01-12,-0.00027432960976653264,0.0015875511128814561,0.0018125984235457342,-0.22603296793840855,2.151753478197463,3
2024-01-15,0.0015668396135111496,0.0042668241992330535,0.0052502385421324595,-0.4827152076074223,2.938918661737814,3
2024-01-16,0.002150947474340086,0.003867241140585273,0.005409179838971947,-0.5184781290233028,2.4282367153168747,3
2024-01-17,0.007669513277455307,0.009561485189484381,0.011622497865644992,-2.150216542092494,6.141538059883773,3
2024-01-18,-0.0007544477761767809,0.005770071195281297,0.006562463767806397,0.32787599904198333,5.081520752341032,3
2024-01-19,0.004172008364010886,0.011790535956280365,0.014745804242167227,-0.4611438239750593,6.504681757467129,3
2024-01-22,0.0026497785460521395,0.0055619230591644015,0.00664941014032189,-2.454487069220098,13.504008588291278,3
2024-01-23,-0.008852748244462316,0.010767106730501217,0.013945124980602028,2.269203514086712,7.588469999372209,4
2024-01-24,-0.004878649507332099,0.007600165046825411,0.009115327230770492,1.0236512622739156,7.247148468513011,4
2024-01-25,-0.00902121522264168,0.012190425679839368,0.017230783142231035,1.7684635318926212,8.575443320993704,4
2024-01-26,0.005240274563533133,0.011353301978103254,0.016386911134665817,-1.2115116417962781,5.6002501964718805,4
2024-01-29,0.01231949622027272,0.01952209913693249,0.030671662919212944,-1.6530452659019375,7.91320454256582,4
2024-01-30,0.01619822998949096,0.024055727863914935,0.03989857076398712,-1.9304574381319526,7.816903095880659,4
2024-01-31,0.0075159488647847245,0.01682670495629611,0.024878831639924538,-0.5237073297901134,5.885400483191015,4
2024-02-01,0.017579783450209018,0.025431199178657236,0.04272551979600092,-1.2457453625479502,6.32001671493652,4
2024-02-02,-0.0026103425548725614,0.004420503815295074,0.006208083009214935,-0.1445763769415862,3.3930231314108683,3
2024-02-05,0.0023036111257737912,0.0029069646508841085,0.003709052129625379,-2.933348760720037,5.255830556708752,2
2024-02-06,-0.009028525099030793,0.010917670996914033,0.016110352884516826,4.314012948270526,7.863286833785023,3
2024-02-07,0.0035575928584904923,0.004990511646837423,0.007473652452911888,0.2261899084663431,4.628259556747952,3
2024-02-08,0.00010748221540463065,0.001767470782988297,0.0019157050968620585,-0.20838984794378726,3.446094244810316,3
2024-02-19,0.0014957304167918194,0.0014957304167918194,0.0020216462600419123,-1.2925583651670725,1.382801878032455,3
2024-02-20,-0.0005002363201794154,0.0052822892157660985,0.006707050047721282,0.21087583853136493,5.908046815478051,4
2024-02-21,0.0030684747295324187,0.007241579970206632,0.010424889219454878,-0.6336833158813988,4.896602726844902,4
2024-02-22,-0.0014466785742538422,0.002831988899210238,0.004230228093265467,0.6528179292160985,3.973602085493964,4
2024-02-23,-0.0035155921321034355,0.006211430621768722,0.007392756129278068,0.7046128728638905,5.662293065091412,4
2024-02-26,0.0034745883840225505,0.005826233602335869,0.009157396625028206,-0.8349794597793334,3.2926903375254146,4
2024-02-27,-0.002745002774154062,0.005137108066278545,0.005794757838216747,0.7606462517262571,5.343775250194278,4
2024-02-28,0.0028922564281798485,0.005741766200390415,0.007457811767446859,-0.731877574932696,3.969158113921232,4
2024-02-29,-0.0036410557985892007,0.006738770921071802,0.007622327998165102,0.7716021584164992,6.314619540233195,4
2024-03-01,-0.0018361233760000283,0.004752874831027407,0.005277432284989204,0.2876958312099305,5.811242808640587,4
2024-03-04,0.012776914281930056,0.017484103193898794,0.02916257746903209,-1.943998618448859,6.961126268058693,4
2024-03-05,0.02542598176428449,0.032030519601812475,0.05728766629587088,-3.01467602597927,10.868969725167974,4
2024-03-06,0.0099028305491548,0.016651471478508047,0.026131965058329897,-0.6748229894881206,6.1658920332191345,4
2024-03-07,0.007970539009804586,0.014638120658565248,0.0219725059210057,-0.5250721361733213,5.559898838806176,4
2024-03-08,-0.0023506548660600043,0.005093042046560761,0.006792499468209931,0.34385528185672837,5.226693880466482,3
2024-03-11,-0.0035093145598588623,0.00685072090988303,0.009405497547788374,0.6508486263322387,6.86477833293896,3
2024-03-12,-0.0027154694663167702,0.006495519544162849,0.008230756106615614,0.45183932850795827,6.617968952306384,3
2024-03-13,-0.0021340395690485577,0.00599147476690889,0.007207244506647494,0.35379439667970775,6.325954073111574,3
2024-03-14,-0.0025815749186230883,0.005784764247733508,0.00748566654683618,0.33683805706156517,5.484307621639735,3
2024-03-15,-0.0032614945800337448,0.00781221440956219,0.009522579270356742,0.9090758079840574,7.693838762008302,3
2024-03-18,-0.002201373728235376,0.006200675381288838,0.00791232070145274,0.5749066257872073,7.295685341375333,4
2024-03-19,-0.0010851370484860692,0.005159411911767851,0.006288150479580063,0.0069276430101581354,5.79649144279852,4
2024-03-20,-0.0020017926589859514,0.005602913864305073,0.007647840899534286,0.258889029025795,6.16466944307589,4
2024-03-21,-0.0018951120541931127,0.004844252263483076,0.006225407345350426,0.29402481962620186,4.978388392903068,4
2024-03-22,-0.002512200770678933,0.00625299158817123,0.007937384402219715,0.2782907173912008,6.019643666171044,4
2024-03-25,-0.005651370071925718,0.00970373268680226,0.014184934985451127,0.8091807218181657,7.370665671534623,4
2024-03-26,-0.0024903198052875775,0.006090284596886181,0.007059902407679062,0.18771533479934988,5.363504310543887,4
2024-03-27,-0.003014827408444911,0.004639077403809342,0.00726515235629196,0.2741210241629233,2.905426440715622,4
2024-03-28,-0.005943667851802097,0.009370573255824879,0.012747765411752843,0.999030668974001,5.92692251759392,4
2024-03-29,-0.005276270127599986,0.010647994025248964,0.01261529711954189,0.7871014665633993,7.898381376233352,4
2024-04-01,-0.004421145179694431,0.009061770502560188,0.012551263129682797,0.8044489168582913,7.309347460839583,4
2024-04-02,-0.002370155489106955,0.006123480602012177,0.007160547361179118,0.2381720065097852,5.203754416030212,4
2024-04-03,-0.006057720489618307,0.0092752094807034,0.012795291855957043,0.6400629464476424,4.923319806513025,4
2024-04-08,0.004979109316049397,0.011419150079270406,0.015617528959845311,-0.9146247463297641,5.1646471358690995,4
2024-04-09,-0.0003417916741311859,0.005536713602581563,0.006639040370487868,0.20614771956002187,4.469312178049682,4
2024-04-10,0.0013243664090394416,0.006437935101494076,0.00789135436763784,-0.17767014332503095,3.535012353811912,4
2024-04-11,-0.006808936786223206,0.00993638292219421,0.012507141924663677,0.7586073982513426,4.71129173015744,4
2024-04-12,-0.00238987625227279,0.00671705629358571,0.008639092582384301,0.14687946373821129,5.201634241068003,3
2024-04-15,-0.0036368466678550946,0.00955011210455329,0.012369103601283479,0.3184928814216619,6.9903422206906,3
2024-04-16,-0.00283008101711126,0.0075469518634557935,0.009484261175376266,0.45780874180794245,5.1171938604052025,3
2024-04-17,-0.005636082899727386,0.012586694543981827,0.01634129915351056,1.1671804665129457,8.360525167534039,3
2024-04-18,-0.0034007077321610104,0.009429597802051168,0.011631507427096753,0.5629786284565247,6.341566029833838,3
2024-04-19,-0.00139878582748638,0.00787103167055761,0.009099892271658845,-0.1680586560169104,5.808956510011735,3
2024-04-22,-0.003845001671951908,0.009278539082190788,0.012824154906913155,0.653768483219892,7.048552872231785,4
2024-04-23,-0.002840380552986292,0.006056268463935317,0.008601204047815912,0.2036625071493745,4.578345032478777,4
2024-04-24,-0.00921499504508046,0.014786484498920883,0.02327163594628623,1.6236156953934824,9.492218327115818,4
2024-04-25,-0.006765863408404592,0.010505222933945513,0.016813215344001042,0.831811812732667,6.540275638708413,4
2024-04-26,-0.009921762444269334,0.014968130482815176,0.02410302728695313,1.683392318725737,8.777129911664064,4
2024-04-29,-0.008331502399501646,0.01456801962030274,0.022905011822101376,1.463478207331491,7.583051191467059,4
2024-04-30,-0.004301579175616101,0.009179200011374327,0.013289786178517882,0.33542462639320547,5.422079667849336,4
2024-05-06,0.0016209715042299448,0.002560873709527258,0.00308419234806443,-0.3254207879851947,4.201299848451258,4
2024-05-07,-0.00433026835669599,0.005568264017573113,0.009564794754120457,0.30857318085440966,3.3684524371685,4
2024-05-08,-0.010487709901701166,0.011429487033976848,0.021358660122036938,0.938832929489763,3.9172333556910908,4
2024-05-09,-0.01055394798948818,0.012556434363877232,0.022608868754144258,1.1169482843827154,4.230811497896259,4
2024-05-10,-0.0005351994466638171,0.0018407643750625081,0.002128739131526889,-0.13021883123049824,2.7398425996132274,3
2024-05-13,-0.0010108983136515963,0.0021231661281789307,0.0028279959301666492,-0.044644013669919026,2.5444735468663437,3
2024-05-14,-4.903359682011573e-05,0.0008025893548019211,0.0008485815497081432,-0.08598517446413705,1.5775732614119211,3
2024-05-15,-0.0014006412332693886,0.0031802135144676363,0.003907420904054672,0.2007274234071398,3.850938578208143,3
2024-05-16,-0.0004702347854088675,0.0015204663849995071,0.0017058508025599537,0.023825791786597012,2.158137853542625,3
2024-05-17,-0.002439925269363217,0.004215883664170648,0.005475509234660594,0.9206672732101046,4.4665929797974355,3
2024-05-20,0.00013074009341668136,0.001544675785688475,0.0016312607557318268,-0.2733496504467894,2.875923632555374,4
2024-05-21,-0.000984268712350942,0.0036032751785213223,0.0048275784445941305,0.040980951707069835,3.1801359632070065,4
2024-05-22,-0.0005158456874681944,0.0013377733602145461,0.0017749822496451644,0.06194861994435996,1.7272418978153385,4
2024-05-23,-0.001467914317858695,0.0034387474481220905,0.004874600994858652,0.19968894581916175,2.779772119786304,4
2024-05-24,-0.0012135443396748477,0.0033125089770048785,0.0044266487650272334,0.06329801700599091,2.8618521976498266,4
2024-05-27,-0.0007425987146584649,0.0022571472094457153,0.0029692807302428258,-0.06201900872247279,1.9415516711096816,4
2024-05-28,-0.001822264616452289,0.0026688567160066054,0.003763763894877131,0.13845333700442097,1.9538577900523968,4
2024-05-29,-0.002049481252708381,0.0035328757778008008,0.004800952276689714,0.21634744996413247,3.0813170770843215,4
2024-05-30,-0.005305077164313037,0.0074655744347609625,0.011231677910094282,0.93999345987163,5.224951979176292,4
2024-05-31,-0.0030883918108191646,0.005197669922116323,0.00792086493891672,0.43282580083905486,4.269794125906154,4
2024-06-03,0.00043976043149845587,0.004714532083823438,0.005372205226712484,-0.3789894875110349,4.794011105535423,4
2024-06-04,-0.004126804102417319,0.006598616007139995,0.008367981990627393,0.6441489911239842,4.946726758239597,4
2024-06-05,-0.006043857063904784,0.00846053862312876,0.012316320524064376,0.8109986162228324,5.001604036406927,4
2024-06-06,-0.005825245901063706,0.008298615536355119,0.01185957494021687,0.7085013604821597,4.79186039497558,4
2024-06-07,0.0017652989824236548,0.0032125529058622607,0.004218404678324332,-0.3324313105899819,2.087735294597623,4
2024-06-11,-0.007125758527319507,0.00884309653169386,0.014693745108829702,0.8202721346876842,3.74604117663089,4
2024-06-12,0.0036897229885814176,0.007484564274807308,0.010615299661158782,-0.49983744028327237,3.1965544909719874,4
2024-06-13,0.0007840648746083867,0.005838896775636468,0.0073554835987176565,-0.08518036951318209,3.355017361033853,4
2024-06-14,-0.0031308861693438487,0.005666570034990766,0.007646019181905593,0.8874381108219799,4.992231925765581,3
2024-06-17,-0.002236108296835159,0.004155311409429305,0.005750249242024344,0.20676808971256833,3.53523428030801,3
2024-06-18,-0.0011730420273644525,0.0031289169800716395,0.0036504534535500965,0.3516113090105743,3.134916163186665,3
2024-06-19,-0.0013845230861332103,0.0025858881647415066,0.0035562658987318995,0.010053490293103096,2.0194758536524477,3
2024-06-20,-0.0010156638282473641,0.0017916947683430245,0.0025171528865716416,0.08924139001131455,1.3441963234103647,3
2024-06-21,0.0009245233318676457,0.0010851942190799602,0.0016659393395258575,-0.2567459554323553,0.7659291491178805,3
2024-06-24,-0.001590568040230271,0.0030945640930262683,0.003498672484747724,0.16131658262315796,2.6629539503917634,4
2024-06-25,-0.002715189912236196,0.0036700111367551913,0.006179902568226408,0.45209148933668075,2.4146375648495053,4
2024-06-26,-0.0015009890998519022,0.0028713524370518433,0.004233830305913928,0.30929634061112665,1.9357942332751552,4
2024-06-27,-0.0019880620845222803,0.0044821987176388335,0.0051800342456439705,0.2637854748270456,3.7929582107444215,4
2024-06-28,0.0021948688964590693,0.0030448360365903163,0.003809953994991904,-0.47108592453173515,2.0706007392264016,4
2024-07-01,0.002945217388648353,0.004156621592689296,0.007162542306438276,-0.42008870097583895,2.128270884266932,4
2024-07-02,0.0012454865057244698,0.0027676463738910313,0.0034024931902680838,-0.18463052320112183,2.0628016755594754,4
2024-07-03,-0.0004000258837105995,0.0014128729151199441,0.001517817672873775,0.05497290970038193,1.1736756139389841,4
2024-07-04,-0.0004827678474087771,0.002386834425203252,0.0028670850325086504,0.02605203763323516,2.2119275234744777,4
2024-07-05,0.003014679589135802,0.004750629544587125,0.007754957856555089,-0.3268358416689807,1.7639852096454458,4
2024-07-08,0.0010748443562558184,0.003997211451993093,0.005171659010832604,-0.18250276888988992,2.128748760605804,4
2024-07-09,0.006900061396782887,0.008605300849237076,0.015577993142724435,-0.6286498180998024,2.5730173853201577,4
2024-07-10,0.0015511916697126746,0.0030650151652140203,0.0038821919168547064,-0.03371549031248833,1.5435384882339194,4
2024-07-11,-0.0011232785362748424,0.0026861435924127944,0.003537009382897545,0.17917143091176513,1.35335965928753,4
2024-07-12,0.0005930984455992985,0.0012543609675816313,0.0014301963736986286,-0.09668820510281269,1.694305540514675,3
2024-07-15,0.00045139728800366874,0.0012427219121059947,0.00140727360971955,-0.27826981413848745,1.000480780324839,3
2024-07-16,-0.0003677031929401331,0.0007580404278265765,0.0010045248394885773,-0.13207621984626408,0.8023519744949664,3
2024-07-17,-0.0019346262361652166,0.0028611994575270666,0.004220225186255047,0.14436699720439114,2.303265492024004,3
2024-07-18,-0.0020066905363753987,0.0039760625652861216,0.005442794321619634,0.3632428443546208,2.550106067735951,3
2024-07-19,0.0009097863193298037,0.001265438621961476,0.0014224192192771057,-0.2465892823483955,0.943549715013845,3
2024-07-22,-0.0003918637743736478,0.001401333503735669,0.0016780497867924882,0.024843707683658067,2.3114244576863903,4
2024-07-23,-0.000364746297080238,0.0009496995473082838,0.0010917841924846872,-0.1667146550284997,1.1905008887924158,4
2024-07-24,-0.0020778384956544223,0.002872457372913289,0.004121463609048928,0.2529029504300979,1.9794628645182888,4
2024-07-25,-0.0024328425749605663,0.0037671756185586706,0.005463057907237347,0.31646653090842847,3.077540047585869,4
2024-07-26,-0.0038611044864240752,0.005080302913359366,0.008641860434696003,0.6245637789522789,3.439261951584161,4
2024-07-29,-0.0017739710944709997,0.0025792083580860603,0.004373857766142522,0.039454309402344734,1.4983303463888944,4
2024-07-30,-0.0007588213756030658,0.002201925464724707,0.0023125432069288003,0.05631412888124032,3.1415001915485963,4
2024-07-31,-0.006288997699705106,0.010419984605377764,0.016062008262788478,1.5302440492050664,5.595406537376509,4
2024-08-01,0.0005452062687544695,0.0009331357554793959,0.0010682606142454994,-0.372359536302838,1.8753800625557968,4
2024-08-02,-0.003922217693214793,0.004893212907754133,0.0081467605389358,0.35257516023875723,2.414237616262255,4
2024-08-05,-0.01010837208060812,0.011345231802035135,0.020932521541065254,1.0527441625799838,4.193442076179814,4
2024-08-06,0.0004918668668494434,0.0011137707815978386,0.0012631468777214822,-0.1950406720554838,2.131912971179453,4
2024-08-07,0.001675492161295325,0.0034667824854910864,0.004871106730865796,-0.28422749653691426,1.599414924131439,4
2024-08-08,-0.01524660811382613,0.01648655988902375,0.0308216896466303,1.462469096495397,4.299126114227326,4
2024-08-09,-0.00021992842723822978,0.0016816071697671232,0.0018671961267007155,-0.307957844735635,2.335894135156829,3
2024-08-12,-0.0010434153247480076,0.0019327359361546077,0.00243992437985171,0.3867976067595009,1.862362348643518,3
2024-08-13,0.000330017867574491,0.0007080536236038215,0.0007626585176275602,-0.166161205776613,1.340785708084217,3
2024-08-14,-0.0014297433043613712,0.0023390609748111433,0.0033237348936244046,0.06488039535421801,1.8622773380171058,3
2024-08-15,-0.0015678514962395584,0.002457727507232906,0.003567151970739188,0.21471928369495194,1.9789950421762972,3
2024-08-16,-0.0009573410743459789,0.001339455161458165,0.0020069330795141078,0.16218995247345447,0.9674348820897938,3
2024-08-19,-0.0009683662555480116,0.004977786815104447,0.006856692900050291,0.18306926192440187,3.6835544352673053,4
2024-08-20,-0.0015089340969388354,0.0045228513239713025,0.006709636663767896,0.13620358612524797,3.0596362349105815,4
2024-08-21,-0.002303535163379014,0.006019752816922019,0.009015625060523022,0.45249363488119343,3.8772209142865877,4
2024-08-22,-0.003518181019168294,0.007885460770472377,0.012145650088685048,0.487033863459601,4.748658569923194,4
2024-08-23,-0.0013535746591052597,0.007551592546601614,0.010222716235850403,0.18287903862028543,4.693039040597718,4
2024-08-26,-0.0011735527868141325,0.006003624804885917,0.008316201218022647,0.10941981624364416,3.6268517611862405,4
2024-08-27,-0.0032474193005983983,0.009105392194365496,0.013016546417970835,0.41104479193654697,4.773924505631684,4
2024-08-28,-0.002445468560599559,0.006597036955082548,0.009521580732263928,0.2489502522539624,3.2823476226357378,4
2024-08-29,-0.001895390164385738,0.007674362055143838,0.01037753351333757,0.28718283174180215,4.0019402195731075,4
2024-08-30,-0.003416682920104157,0.0076547500566939986,0.011513314766138477,0.4753880867249336,3.4814144746395286,4
2024-09-02,-0.0021905976532251466,0.0053258057383681785,0.007775437794258148,0.09375888150702849,2.2481534063107786,4
2024-09-03,-0.0008491537989787877,0.003712712207883207,0.0049685278784270814,-0.0767362787789807,1.6941539999285533,4
2024-09-04,-0.005550295538356415,0.00867405738266348,0.014291252976379282,0.625754808851525,2.9728077928406447,4
2024-09-05,-0.005857744412724544,0.010499607932822137,0.016692069830378967,0.5959043000063957,3.4333508597566706,4
2024-09-06,-0.007598476275612644,0.011343281115033715,0.01860603585956449,0.5630356443589335,3.283110878941642,4
2024-09-09,0.001237698231488317,0.0045214271932492445,0.00608748081221469,-0.29724375858427265,2.8501107903902683,4
2024-09-10,-0.0025646589929635456,0.007628598281368585,0.010276932105828933,0.10516619105032987,2.599304832818219,4
2024-09-11,0.0014343040578731249,0.0031977915362793826,0.003940285766355849,-0.23270363370314348,2.3722563686016995,3
2024-09-12,0.0002172083702102016,0.0017458783427305262,0.0018744636752394087,0.06718918437157602,1.846631347627608,3
2024-09-13,0.0002235261964671729,0.002276089146492674,0.0024050917369261354,0.015507126958861287,2.5153320494461866,3
2024-09-18,-0.001649372341162007,0.0029394731848354136,0.0030831081060822474,0.07520582266958324,2.9587945501213206,3
2024-09-19,-0.0005739231870226467,0.0012669747398438523,0.0014535419704871499,0.14163719031633568,1.8885258041304396,3
2024-09-20,0.0037904862186017483,0.005843421854834986,0.00811619029552791,-0.662498356584365,3.0064395260193097,3
2024-09-23,0.0018636196348489412,0.0035936627391235376,0.0050678459926318305,-0.14828084985174428,2.3012799465253506,4
2024-09-24,-0.004881212565524871,0.007457673295735901,0.012081188006617845,1.136529183956327,3.4551919668947266,4
2024-09-25,0.002482582358583313,0.003491751673540544,0.004295933816510871,-0.42394134178312015,2.4665402621733756,4
2024-09-26,-0.021102974666930868,0.03519395955773649,0.05596801122494767,3.26816644853875,15.050980911580377,4
2024-09-27,-0.003508771591015148,0.0036158078608379465,0.0058362394190535636,2.614672120536852,3.89947153820061,3
2024-09-30,-0.0356973982308402,0.052178728677527375,0.0877683108928785,3.4033641264095422,21.350445345495146,4
2024-10-08,0.010733209491187265,0.014363659549908162,0.016481903574854902,-2.3424442743873897,14.14281474905517,4
2024-10-09,-0.006335089530159857,0.009651627127250673,0.01552953061481895,0.6766045525419031,3.6447384866902977,4
2024-10-10,-0.0006742748688534639,0.008075070193484999,0.01063654828537059,-0.24047058888436368,5.410681455802014,4
2024-10-11,0.002460977053902804,0.004404840647236903,0.0060987157300482564,-0.5539067357810078,3.7002973262253844,3
2024-10-14,-0.0020252294177736524,0.00437403529771815,0.00578571902128382,0.13121992320490486,3.6846000921026105,3
2024-10-15,-0.00014818152717355204,0.0009942082891271815,0.001145200124091665,-0.5511392764077149,1.3767701807679558,3
2024-10-16,-0.0010745174432762739,0.0015844234013736487,0.0018992414332703604,0.6373723782159383,2.141889454124597,3
2024-10-17,-0.0009621996916237691,0.0025011654305348804,0.002842924877904718,-0.15439173857824548,3.946556285417836,3
2024-10-18,0.006362967861644145,0.01362850039370461,0.01822493756414781,-0.3827234797906082,10.211867970095126,3
2024-10-21,0.004120296384120651,0.007046108467106949,0.01103678966811249,-0.7372405400478783,6.137139097577842,4
2024-10-22,0.002520122134899872,0.005459187310105931,0.0074399512190391395,-0.376703665973082,6.917564166154613,4
2024-10-23,0.0030050122861184567,0.00529201520823968,0.007531136213905056,-0.4197016427174276,6.848113254850312,4
2024-10-24,0.0014210299846385754,0.0035516536210549446,0.004034979426597804,-0.11304659499000991,6.029694546710499,4
2024-10-25,0.00122263258304374,0.0033831718063750374,0.0038669063099010985,0.19981291461385808,5.98726077529211,4
2024-10-28,0.005790101799673642,0.008017532146206579,0.011722575079627812,-1.2726687203594338,7.148384973874967,4
2024-10-29,0.0015245771301141686,0.003300598811711266,0.004280525793795891,-0.21079312705319353,5.316399755344427,4
2024-10-30,0.0021650969132493546,0.003442229337159165,0.005133822624507372,-0.43792506517138463,4.001687973676836,4
2024-10-31,0.004580032202946671,0.00669875759956258,0.010736558914049498,-0.7615166741795747,5.129957043002689,4
2024-11-01,0.0042408675499861805,0.005995985987699459,0.009799858029786912,-0.4431481894769149,4.512696220952186,4
2024-11-04,-0.005694428711279023,0.008188284893381984,0.012526759534371823,1.023495868036889,5.540529373264479,4
2024-11-05,-0.005211794075120132,0.006858827952551278,0.011543015112007414,0.7972825794804521,3.178150552160418,4
2024-11-06,0.0028875968282937987,0.004233562984857648,0.005558921042888129,-0.5534326889367094,4.0004007067215435,4
2024-11-07,0.0024735155197501313,0.00315744288922331,0.004818038434085285,-0.1582821299382431,1.9192874754526088,4
2024-11-08,0.0010488718123589323,0.0023447931242949797,0.002817157351740824,-0.5197021161920929,3.5455639134723906,3
2024-11-11,0.001534300685789423,0.0030051915130158515,0.0036862072744988624,-0.9636308592644127,4.371748023808238,3
2024-11-12,0.000439555409063902,0.001008903945650665,0.0012295778929233964,-0.13440760246733893,1.459739929768192,3
2024-11-13,0.00037064311119260524,0.001313673842234797,0.0014680800757593444,-0.02344226781163646,2.2113762765774028,3
2024-11-14,-0.0019394162313297464,0.003107690498379894,0.0034116758865726363,0.8169823434130498,5.114060338942642,3
2024-11-15,-0.0005395040958995206,0.0009407350682438947,0.0009732408891347453,0.2535278225859656,1.7575119138095672,3
2024-11-18,-0.00014216470084012223,0.0019840522881913285,0.00252442451787969,0.04441045236035279,2.674627309175976,4
2024-11-19,0.0018177259005673768,0.0035369668933012133,0.005516024731991324,-0.44832320386285573,3.461938591905792,4
2024-11-20,0.0015734590191296242,0.0035673694090162973,0.005003848669799533,-0.5808723139152789,3.5406308108990356,4
2024-11-21,0.0021346211435221488,0.005210776525536705,0.0072130153031950035,-0.5855726024160504,5.014067656275507,4
2024-11-22,0.0009198636907234714,0.006645150112853611,0.007406141861823457,-0.36991850271579096,8.071380451006434,4
2024-11-25,0.0009786306772703209,0.004661373599176764,0.005685482203116649,0.005051670864304469,4.580489477870379,4
2024-11-26,0.002837443905549023,0.005972615828979708,0.008549026189773826,-0.604782202278102,5.0955110240503245,4
2024-11-27,0.0019364616611780225,0.0032194544681153556,0.00516176941249894,0.12569033358158777,3.060844748014102,4
2024-11-28,0.0032326702287936195,0.007016555078954868,0.009754656659969572,-0.7747830497344239,6.053931208738284,4
2024-11-29,0.0031803018827737707,0.004884588098455687,0.007747263916241696,-0.3180770660401322,4.252050214922697,4
2024-12-02,0.006062452367720496,0.008502333119272072,0.01402751971823071,-1.1453251358329908,6.828263691968077,4
2024-12-03,0.00458816207646167,0.006916628215540094,0.011314175901037572,-0.6620078793334869,4.898767259223733,4
2024-12-04,0.0036828780160045003,0.005534481353182626,0.00881775539272057,-0.5693988519810773,4.473514036868291,4
2024-12-05,0.0025925518222789136,0.0053084830103410675,0.007477788996572506,-0.3939796257641319,4.074732886983502,4
2024-12-06,0.0005677882439534751,0.0023345639752051714,0.002688434762079794,0.059629908711940516,3.6456296843630382,4
2024-12-09,0.011211154708529472,0.013389949567432072,0.024222019984963483,-1.8069161435282695,6.604800584657045,4
2024-12-10,-0.004097318592582005,0.007198159135597166,0.010207181345245285,0.889873095645271,4.037146840419802,4
2024-12-11,0.006927278255472534,0.008409955844596195,0.0136271733247812,-0.9882324178406634,3.7920404791773623,4
2024-12-12,0.004947824404008365,0.006614674956439678,0.011099364029054525,-0.48880268412631267,3.5698532793654425,4
2024-12-13,-0.0017181694918770585,0.0028598130003374598,0.0031614944135986713,0.36382465271799447,4.00259951246259,3
2024-12-16,-0.00024347638182881567,0.0018544877245894643,0.0021117934095448467,-0.23315623749507117,4.139109435944712,3
2024-12-17,-8.397687649533414e-05,0.0012077523349788288,0.0013231375276808364,0.15216224750292895,2.032736861938712,3
2024-12-18,0.0009326980838771972,0.002168027702868553,0.0026607565849753015,-0.26276476800164045,2.1864888555549844,3
2024-12-19,-0.00021213629645297494,0.00042299190866354475,0.0005649994770453336,0.2848426222590206,0.8564945616544054,3
2024-12-20,0.00206361782871251,0.0030961448747344237,0.0044632607742349775,-0.6328730672800399,2.50545794918036,3
2024-12-23,0.0015562482895550046,0.0033502854076972143,0.004970413040495054,-0.13219972149727255,3.08394792453287,4
2024-12-24,0.001945881203769706,0.0037208617387062756,0.004975136233457166,-0.35162696669476645,3.2816895105253807,4
2024-12-25,-0.0006583685385710206,0.0016376820149090338,0.001900930762378741,0.2898169321238129,1.4831724707898335,4
2024-12-26,0.0023079065519930643,0.0031103647778023373,0.005233578655977862,-0.5184176596292218,2.2166691918931947,4
2024-12-27,0.002387623813572822,0.0036464416143618082,0.006051556459845657,-0.37351498960356366,2.677934622526801,4
2024-12-30,-0.0005559989595113665,0.0018592936453343308,0.002045739961065729,0.23022768946111682,1.8446469442174387,4
2024-12-31,0.003665891659446141,0.005002670668528192,0.0074942367599430786,-0.7951496609166497,2.869419677973815,4
2025-01-02,-0.0010046561871109201,0.0017542718698397818,0.0018815535023966748,0.2176141080749403,2.4795638280777155,4
2025-01-03,-0.004426180890967236,0.00580124576428127,0.010040227013242324,0.7995533364930907,2.478222535014558,4
2025-01-06,0.0011720915069840729,0.002299035152360518,0.0026023693262613576,-0.2713624497071123,1.6822684435064117,4
2025-01-07,0.005370994801425857,0.007003350079327359,0.010656027083810301,-0.7747991495152746,2.885310751758549,4
2025-01-08,0.009202711314495692,0.010956230861065414,0.019171709178516856,-1.042635098827077,3.6493792486189554,4
2025-01-09,0.021325484377738443,0.02332615859600374,0.0445962912711854,-2.215922376363096,6.468703103815853,4
2025-01-10,-0.0001127236021315342,0.002754236701282104,0.0031120027364059137,0.22422311960023458,2.8417079059950754,3
2025-01-13,0.0006649742249555992,0.0022289097940086885,0.0028290645961004672,0.034560432820399,1.8201164769014657,3
2025-01-14,-0.0002643076455746962,0.0008896548659674911,0.001091931112121748,0.2834634445325719,1.050039141834329,3
2025-01-15,0.0012089492795117663,0.0031424079046246437,0.003942767873201929,-0.3629931046319446,2.427788074862116,3
2025-01-16,0.002622853727275415,0.005465189573551789,0.007420361597234999,-0.5661268966217298,4.02413138071676,3
2025-01-17,0.0007842375644088138,0.002711674869315455,0.0034502797576713763,0.11006332538454444,2.052683008643205,3
2025-01-20,0.0016218864052707366,0.0030405304778619788,0.004642062185161694,-0.25268217168445517,2.38833675855411,4
2025-01-21,-0.00017948355248943726,0.0014585282452949655,0.0017027572226735658,0.017451737466444683,3.0383102347575943,4
2025-01-22,-0.0017787799880488644,0.0030617253868760585,0.004068075306228502,0.4096831545107307,3.69228023536176,4
2025-01-23,0.00028492667469018004,0.0016040946983869007,0.0020788223515931367,-0.10678084402502463,1.3632848560606752,4
2025-01-24,-0.0023303872279395875,0.0033835700527027617,0.004088743514138345,0.7171684712529895,3.299891039398699,4
2025-01-27,0.0023547057582450973,0.0026298740447145766,0.003992119546838826,-0.6839238402333194,1.769372553125365,4
2025-02-05,-0.0004452946402832142,0.0009169157972541281,0.0013742338449803076,0.08854936989609996,1.4301563371498383,4
2025-02-06,0.0004100939514712805,0.001767208905074976,0.0020742830280048065,-0.09201671491950947,1.749300482783792,4
2025-02-07,-0.001655454517122167,0.002220201799724134,0.002965244473810161,0.4004281295215151,1.7164215715979638,4
2025-02-10,0.006159983945251531,0.00742669346690035,0.01315802230841233,-1.1312070497249351,3.416968201038185,4
2025-02-11,-0.006990844223378999,0.007954494492138586,0.01417603838794083,0.9663850471640671,3.641306771725731,4
2025-02-12,-0.00028577465016289133,0.00039257285145382487,0.0004993024343075441,-0.02543570107081905,0.4590502580219041,4
2025-02-13,-0.014811903318136973,0.015469191580037778,0.02892982176742407,1.8261160539691446,4.666553317968093,4
2025-02-14,-0.000802868860870512,0.0016140765461515744,0.002149843182745774,0.018609262132182874,1.9817581864407317,3
2025-02-17,-0.00043689795388440755,0.0009386383587459135,0.0012335457827956913,-0.24092396789759127,1.0899512922270256,3
2025-02-18,-0.002441079273200253,0.003298748348690798,0.005023696032184434,0.7666884567931144,3.2209542814888215,3
2025-02-19,-0.00020319244767800135,0.000742734211084492,0.0008900848580282455,-0.17448060422035874,1.0733765180067434,3
2025-02-20,0.001983839280462802,0.0023582735650367844,0.0034204138820622594,-0.8227404833454178,2.29137134668968,3
2025-02-21,-0.0018307394600401289,0.0025963466001420973,0.003734064153495965,0.6683042612542826,2.430082100545856,3
2025-02-24,0.00204744047113219,0.004386303978132267,0.0063099800888176604,-0.913548579016151,3.881310670484909,4
2025-02-25,-0.0009234657383649439,0.0043414738630325675,0.005714835928949652,0.20887355977333755,5.76415792597556,4
2025-02-26,0.0007645407655150205,0.005263008561135332,0.0067949264804563975,-0.5294948008031497,5.3980086039638815,4
2025-02-27,-5.8980320054760615e-05,0.004679576456078624,0.005764280865732438,0.13109189993338077,5.38193337821614,4
2025-02-28,-0.00449478786202686,0.006730991291359706,0.008487584966731842,1.1437047133704255,6.065046942210471,4
2025-03-03,0.001493744792577887,0.005967707876679381,0.007241970278826678,-0.4229388956441653,5.337885258423985,4
2025-03-04,0.004907187380138095,0.009112656605450464,0.013794411100472241,-1.0845462751281048,5.753776855753706,4
2025-03-05,0.005301418368189634,0.012571225429127891,0.018118194839605115,-1.0000454425153293,8.031543487429582,4
2025-03-06,0.0005047112594171177,0.007144243056464564,0.009099327485287469,0.2019450975953987,6.229020164532161,4
2025-03-07,-0.000379195646098153,0.007497488530217887,0.009450856691520002,0.05768982293488989,7.199128126121882,4
2025-03-10,0.017312281374390476,0.02486016054064935,0.04205225221018504,-2.9041488131751976,11.340756754814992,4
2025-03-11,0.002136904558616176,0.009532370997498069,0.012480543869053505,-0.008482554580950818,6.404495444664596,4
2025-03-12,0.0007050087039090908,0.007760862755907663,0.009607549982766821,0.00678642849084099,6.268958424684532,4
2025-03-13,0.004212671545001621,0.011207612217266079,0.014585133264561722,-0.15244901389974075,6.6403146822804535,4
2025-03-14,-0.001833952963787212,0.0051463782093801175,0.0058664803638062615,1.0108176767280384,6.7566729263597916,3
2025-03-17,0.0002061333267538712,0.0009920002780125041,0.0012151533376181052,-0.785363424070359,1.7267763045369855,3
2025-03-18,-0.001149132044754873,0.0019908164806630435,0.002800651203510586,0.2517944581143941,1.988560651501652,3
2025-03-19,-0.003158729506143589,0.004953961654276649,0.007179111681664605,0.7396138443976573,4.586872478572239,3
2025-03-20,-0.0031438540711340355,0.006272648489166782,0.00829019471179295,0.5188825262994214,6.039101513440241,3
2025-03-21,-0.0017632574880750151,0.00430944789515957,0.005343441341223736,0.16959780840625172,4.301925512196306,3
2025-03-24,-0.001039874121780103,0.0032360411889715487,0.003569215297321979,0.22679793465749754,3.9781148205602364,4
2025-03-25,-0.002387172267778133,0.004632259765673989,0.006437543460105445,0.5729635175034673,4.401963831193552,4
2025-03-26,0.00044101339978446646,0.0015893311929245438,0.0019146211890187714,-0.22936735995290292,2.9637908135464675,4
2025-03-27,-0.004691767080779605,0.007137404369135736,0.01036438029852296,0.9713233201473486,5.377387840327301,4
2025-03-28,-0.0010879420048623134,0.0038184381850753235,0.004748454297004906,0.10004306086966608,4.824272127827404,4
2025-03-31,-0.004175099105694538,0.005943317223854355,0.008813854586535544,0.7103697940644906,3.770098565305655,4
2025-04-01,-0.0010751628705419,0.0023604289390892694,0.0028045458281308016,-0.043361219361713665,2.0508921597758802,4
2025-04-02,-0.00442389470070878,0.0064937041044454274,0.010727252460565384,0.79064159448194,3.6071571863734357,4
2025-04-03,-0.003978556198756443,0.005542997848468005,0.009391081971591744,0.5568367555920304,3.1066854780936026,4
2025-04-07,-0.04747631458023632,0.054135612622226575,0.10174897068008301,6.645200783066457,21.554238923553946,4
2025-04-08,0.015881683894403267,0.016365365466794415,0.029819449678178303,-3.394505452823978,6.020565045777681,4
2025-04-09,0.005120633772452851,0.007641765757598937,0.010911621800475212,-0.6358003561554142,3.6211215991489363,4
2025-04-10,-0.005017216276372603,0.007832860261771567,0.009601214434042103,0.7210529519886677,4.121262967293143,4
2025-04-11,-0.002895226596810102,0.0073249126598674275,0.009343964280723292,0.6708497770444714,6.091779525064775,3
2025-04-14,-0.0014230128157427246,0.005592365832865959,0.006994763731412913,-0.5643186227895663,4.747752413448638,3
2025-04-15,-0.00648671343704076,0.012770725842030437,0.0174724607027015,1.1491518114968737,9.559182954669668,3
2025-04-16,-0.004544894333158023,0.010906438144928607,0.014207678209568118,0.6173803282523901,7.999916470123944,3
2025-04-17,-0.0031895481303281883,0.007908855897299977,0.009714804885960287,1.0137713590960022,5.808533329538959,3
2025-04-18,-0.0016520033588888299,0.0064134727156568705,0.007566136938267892,0.12735831438900883,4.924626977498513,3
2025-04-21,-0.002256172888576158,0.0063232750963784085,0.008672551350710246,0.3935379308336451,5.320809500633597,4
2025-04-22,-0.0042011783969312586,0.007716867098958351,0.012023737968600968,0.6025785037315927,5.279750139365004,4
2025-04-23,-0.0032929849732234936,0.007275945760624479,0.010391834145769885,0.6016822699066324,5.512394809857614,4
2025-04-24,-0.0067180662732302665,0.011086827203424202,0.0178739364719452,1.0434370816699357,6.645087369349429,4
2025-04-25,-0.005423450976360551,0.010248294999696934,0.015609381544596972,0.7227405363285015,6.2728494987006975,4
2025-04-28,-0.007018348010033176,0.011515773931495596,0.018609689395389588,0.9241936443661416,6.063683901919007,4
2025-04-29,-0.01042518858002097,0.01299522028895294,0.023524623389313024,1.4844048327236123,5.957095698664941,4
2025-04-30,-0.00950431002752914,0.012359333792375242,0.02159230930329042,0.9280136901127207,5.789068856122011,4
2025-05-06,-0.008664989646461362,0.010406234547646366,0.01885831205213825,0.9928646886230581,4.382834120823192,4
2025-05-07,-0.004669002258912799,0.005923442330681095,0.010339098288439116,0.36002175552948756,2.7667043484651748,4
2025-05-08,-0.014015129829043647,0.015091453148574789,0.02777891204156156,1.574197005789074,4.949535069656343,4
2025-05-09,-0.00044907145532551335,0.001243158983759346,0.001483048159271371,-0.020647717131093184,1.8714284838773179,3
2025-05-12,-0.001221050491074423,0.002411796316584928,0.003170200439146319,0.18280145357736424,3.1416814930500525,3
2025-05-13,1.9594895022863787e-06,0.0008726222266399001,0.0009847830168473242,-0.4377416352781438,1.7762070304143596,3
2025-05-14,-0.0018582261169491354,0.0027113775892456116,0.003936693284490566,0.6918556346639283,2.981976139818788,3
2025-05-15,-0.002157580760422393,0.003357852989876573,0.004872571611781125,0.34670578463677276,3.562117108344691,3
2025-05-16,-0.0007885706031880713,0.0017352937184212658,0.0022968358250302517,-0.346886073894287,1.9785826079767261,3
2025-05-19,-0.003974659074272732,0.005736630338847373,0.009496338682881036,0.622049267948114,6.15083723544015,4
2025-05-20,-0.004343136466564909,0.006827292095122256,0.011274577270836564,0.5460454550420764,6.815257764757997,4
2025-05-21,-0.0024101793013785802,0.004512894703068128,0.00696630580952814,0.2973187556879111,4.371955613649096,4
2025-05-22,-0.002875962094795785,0.0051166912018651076,0.007939890721622093,0.5416156759918067,4.667176880073712,4
2025-05-23,-0.0017730377148703624,0.0046377768501781325,0.0065008924606250705,0.17822112758108233,3.841203665373041,4
2025-05-26,-0.005257980598741108,0.007346860986170406,0.011287375083557052,0.8789580291638686,6.14234288996729,4
2025-05-27,-0.003264430489968495,0.00467699741027898,0.007997343325560251,0.5999827983391697,3.53928185754851,4
2025-05-28,-0.0019281798959345925,0.004451839555578263,0.006228593248229984,0.3477156301012201,3.455231682908123,4
2025-05-29,-0.004471924216586466,0.008726732930440358,0.01261284866284483,0.98457101166332,6.9766871383384945,4
2025-05-30,-0.004618597177833056,0.007818392445922404,0.012101538065044734,0.6141812131838833,5.804033677581595,4
2025-06-03,-0.003046689539683789,0.004648736938711429,0.006639091451211302,0.26024187311350033,3.7307896260093742,4
2025-06-04,-0.0030355007786866256,0.004246000627500426,0.00636067261620163,0.40498913157261995,3.0069631305736992,4
2025-06-05,-0.002562214917839638,0.003613056383447076,0.00532335091187106,0.3414990618100546,2.522996942602229,4
2025-06-06,-0.004406975883364077,0.006053126237372107,0.010091440868200317,0.6788335780026955,3.7391107605155183,4
2025-06-09,-0.0006416902658323356,0.0025195188156909368,0.002897523768620982,0.07168744242767389,3.2450393935740514,4
2025-06-10,-0.0020169622204526116,0.003387029563330493,0.004840262102417198,0.15507980951292666,3.032920430245662,4
2025-06-11,-0.001063246328307399,0.0024735261488754295,0.0029031736673329226,0.12428663767718717,3.173789045012543,4
2025-06-12,-0.004538038801302283,0.005499615333997121,0.00926100749975947,0.4415895882516452,2.3189134647774505,4
2025-06-13,-0.0011196564726202174,0.002377593654564608,0.0030563237427027106,0.2660670999418168,2.5805521330151158,3
2025-06-16,-0.0006848876837904916,0.0015633235132207306,0.0019465902180870274,0.1623115092270382,1.719604980222197,3
2025-06-17,-0.0006325733818005608,0.0016345710062859269,0.001953351239024473,0.14035969655499989,1.8587940443375537,3
2025-06-18,-0.001610532860111637,0.0028907325200381953,0.004044166978257047,0.20486384972082305,2.7700086427338184,3
2025-06-19,-0.0028290055041006734,0.005133794638934791,0.006855291706516169,0.7092733599677862,4.706733933020421,3
2025-06-20,0.0009690656582291753,0.0020563180259325817,0.0020904825717734483,0.11488531996959257,3.298769976859211,3
2025-06-23,0.0006921046341475112,0.0010011551580309114,0.0013795268112212387,-0.3042839726299462,1.436139441631845,4
2025-06-24,0.0015044074487572529,0.003247996619511223,0.0036412391704110135,-0.03268548435357843,3.640673371197429,4
2025-06-25,0.0032851304301354835,0.006444693518059163,0.007326038352456833,-0.18983250798123663,6.4837674850716365,4
2025-06-26,0.0038517735682064465,0.006465201734873981,0.007851544935448214,-0.60708302205785,5.585538263851455,4
2025-06-27,0.003336537759766778,0.00537784864523163,0.007364192810668788,-0.7316348992155781,4.334062106576258,4
2025-06-30,0.004331112610759746,0.007167369370461751,0.011006006375499105,-1.1339666469496024,5.484099330371389,4
2025-07-01,0.0029913747850189645,0.006186996080432126,0.008535638800673364,-0.8506091769309023,5.2759709488876085,4
2025-07-02,-0.0019489986115923466,0.0034433519088707468,0.004088148974386491,0.7013297267078542,3.5673510553979106,4
2025-07-03,0.006023480914919603,0.00854045402392594,0.013218063960258186,-1.1105389012805063,5.305259382169264,4
2025-07-04,0.001548621961108096,0.0034640394727118023,0.004189692156305513,-0.2032818306856825,3.212259357415735,4
2025-07-07,0.006647120058843929,0.009207687548695963,0.014888485990645016,-1.1263639903777403,5.236845791835994,4
2025-07-08,-0.0011309114766744136,0.002613266439191818,0.0029202455812275723,0.5726076036116865,3.5871651597143783,4
2025-07-09,0.005346385551223784,0.007349555266064373,0.011116053695912481,-0.7335517102096674,3.6384907092881065,4
2025-07-10,0.010380727545785534,0.01277452593638742,0.020445711258728398,-1.2159263016055775,4.860919901199826,4
2025-07-11,0.0007735549946580461,0.003462939883592276,0.004293988380972786,0.27901627695064235,3.833701770480722,3
2025-07-14,0.002045603855555763,0.004140835136346703,0.0056316443093455916,-0.6462354609405642,4.056531900273381,3
2025-07-15,0.0013978728424029474,0.002816008788204427,0.0038432981897520203,-0.36766373703267163,2.6451507244248336,3
2025-07-16,0.0010544563660922583,0.0036025907842609597,0.0042769157010375805,-0.26244207760707167,3.5525360503956134,3
2025-07-17,-8.712662709477643e-05,0.0023134073010400344,0.0025755911756288057,0.23057075281697811,2.9340377139799694,3
2025-07-18,0.0002693909476622532,0.0018552958345952886,0.002092210528414389,0.019248832069024502,1.9761620641638271,3
2025-07-21,0.0025184284976429994,0.0044725856229324845,0.0071280651598714636,-0.6093019306820224,4.1453488065599755,4
2025-07-22,-3.165205998078083e-05,0.0010288891158516701,0.0012559471428789622,0.27158527144297295,1.3678992414212803,4
2025-07-23,0.0011283782238101225,0.0022503681609650494,0.0035439980148970086,-0.0838931236719418,1.9598860098298327,4
2025-07-24,0.0024056198900540664,0.004770806626599292,0.007445298579505818,-0.1994701614917176,3.979789054423433,4
2025-07-25,0.0035893773255670156,0.005355425199519474,0.009048458106353095,-0.8111845421874477,4.066665619917188,4
2025-07-28,0.0037171429308787696,0.005560373871201993,0.009182942848895663,-0.9372801185497792,4.017423963095785,4
2025-07-29,0.002077685960030662,0.005089432117905482,0.007471656773136321,-0.23774467986027048,4.11805306479283,4
2025-07-30,0.003011389512444902,0.005448102564124126,0.008548146008174181,-0.5361026307159591,3.708668950144403,4
2025-07-31,0.0054591021961604355,0.008139399004475655,0.013390614796290841,-0.9757079449416324,4.899327623651772,4
2025-08-01,0.009654247071529148,0.012951023316597254,0.022209963557012453,-1.5200760419149901,7.28940830991583,4
2025-08-04,0.0034840491283171307,0.006416677297751097,0.009714367086912626,-0.1737052243765902,4.0323676155719195,4
2025-08-05,0.007928256337857771,0.010748542669337106,0.018186321672357494,-1.1539986650195715,5.511774656583446,4
2025-08-06,0.0096306435077082,0.01066040135830221,0.020123445252346196,-1.136581016367245,4.650709024653113,4
2025-08-07,0.015499772708998827,0.01778433341601457,0.032735853596117796,-1.9683659231261572,6.686735226648722,4
2025-08-08,-0.0002727143510702264,0.0008818243319851093,0.001064542871232998,0.14688535302593664,2.9780053999996046,3
2025-08-11,0.0008414325554110813,0.002649216929831203,0.0030760312016557705,0.0369588035276441,4.597443916611976,3
2025-08-12,0.0006179338521866973,0.0018485944505567953,0.0021713923700474543,0.031000678435702866,3.1107031944786367,3
2025-08-13,0.001969071548223983,0.003480666942554935,0.00483590223170422,-0.03902462562564324,4.542834561885421,3
2025-08-14,0.0014231927810439092,0.0026273973571122092,0.0036554612563581474,-0.06674370159422931,3.544581152920721,3
2025-08-15,0.002662212978827329,0.0043944992066299845,0.006224423388424593,-0.16400859107458624,5.387704487725438,3
2025-08-18,0.003596639642361305,0.006049513276642989,0.0071800276821580794,-0.8840806512346262,8.749787320408501,4
2025-08-19,0.0012106012224622799,0.0033183497979797395,0.004713978368220695,-0.4414561043467984,6.638034267065888,4
2025-08-20,0.00031462559531822594,0.004083296450759525,0.005109669790889334,0.3700133774607366,5.855250295365842,4
2025-08-21,0.0010586478146123353,0.0034848223906235286,0.004795108378582299,-0.4417510552366366,5.764856894337434,4
2025-08-22,-0.00141223850975984,0.005241636290612339,0.006630097992691245,0.6930091545309551,5.727065643756858,4
2025-08-25,0.003579112829818685,0.005783469890681656,0.0070216488461934635,-1.212654759983252,7.645420359568816,4
2025-08-26,0.0002679462225142412,0.0043389305194384,0.005018990777224155,-0.1302793589547946,6.511595689269889,4
2025-08-27,-0.0018630441072833744,0.005153112085564012,0.0063866529811582,0.3962664031312215,5.541602002036479,4
2025-08-28,0.0005371977298035645,0.002721424653618656,0.0031586167334432757,-0.592961297292959,5.562273557618928,4
2025-08-29,-0.002147319765435897,0.005210298911141005,0.0060782314840122625,0.39532879598755244,7.059620289788996,4
2025-09-01,0.004587070314836739,0.007887190785423617,0.009907523552745047,-1.5638188157381592,9.401163417185375,4
2025-09-02,-0.0020506909913390603,0.0029726584221352464,0.0036481955444997677,0.9861628945202483,4.939982829793576,4
2025-09-03,-0.0013451903230835005,0.005210881433544076,0.00606754865976874,0.003483225552145086,5.224300384544503,4
2025-09-04,-0.004574414472824827,0.006825198112549301,0.010417841504998988,1.0103853099226399,4.781846014068591,4
2025-09-05,-0.0032407732283336113,0.006571591740520764,0.009332494933101282,0.8205003965097148,4.094734262869913,4
2025-09-08,0.01668272062649872,0.019353687625299425,0.031278809725660515,-3.44082047592633,10.362819921273507,4
2025-09-09,0.006356356196911328,0.008625799351981975,0.012996390046205673,-1.0453304066793407,5.876996697002971,4
2025-09-10,0.022342570108672175,0.026162547288248822,0.04755483512313497,-3.3328421772137062,12.359321568652218,4
2025-09-11,-0.01359579193362765,0.01586269444308617,0.02763651607612538,2.5277758850904775,6.868704176427163,4
2025-09-12,0.0009137515592308095,0.004228571126065635,0.004419775695230076,-0.6809175088407452,7.452658451779278,3
2025-09-15,0.0024012406392131813,0.0067956929637900025,0.007653267393352845,-0.9099842712748796,9.347678479211062,3
2025-09-16,0.0037420792787180393,0.00833290974568283,0.010378830525783443,-0.42930242297309934,9.351866726813972,3
2025-09-17,0.004163264499270301,0.007782696963417481,0.010265025447693027,-0.6210997310045059,7.746513197497439,3
2025-09-18,0.007380183024938101,0.012543978880776583,0.016616255048156666,-2.1307452267410554,11.589753481737798,3
2025-09-19,0.008053240420033561,0.013496467328160492,0.018316430209488366,-1.4743694870549007,11.550445717217867,3
2025-09-22,0.006950658748703306,0.01391910576993649,0.020486140750382045,-1.3837338466414622,10.959523753345657,4
2025-09-23,0.00785958807784292,0.014303045710717312,0.021489038689728627,-1.724902757328664,10.392527437050207,4
2025-09-24,0.004999788971686674,0.010009588665944168,0.014885319316093047,-0.36742512394289406,7.002177096385673,4
2025-09-25,0.00990577287188496,0.01447644550872905,0.024037111407880677,-1.663603051589007,8.570101580737909,4
2025-09-26,0.003510959172262837,0.007991875991156416,0.0112364921520001,-0.3833859903584198,5.671690844265107,4
2025-09-29,0.0008236292018118374,0.0032134922628230325,0.0036642668104718504,0.31768406975584185,4.2722211695078025,4
2025-09-30,0.005773719823657274,0.006911747623501396,0.012307420148622796,-0.8522799199802193,3.271550371422187,4
2025-10-09,0.02271405844268279,0.024970300203835907,0.047536483750657325,-3.234187613494214,9.212444107529357,4
2025-10-10,-0.0009815022246964327,0.0017325615332041318,0.0020407747306739605,0.2276873642128218,2.750277312364402,3
2025-10-13,-0.0015727502780469211,0.002837356745469246,0.0038876163949592185,0.02301378850521966,4.701052722699054,3
2025-10-14,-0.00010007166216458956,0.0006006944165734088,0.0006638323494552554,-0.29256504082089424,1.466154221704819,3
2025-10-15,2.8323453594649346e-05,0.001407432473363751,0.0015034794252728198,0.2812486740316065,2.502983717335418,3
2025-10-16,-0.0013317573668468752,0.002268956209091048,0.0031729370133816333,0.3122660912176798,2.8546515558230157,3
2025-10-17,-0.0005979084734877941,0.0006456128592429259,0.000997932542307649,0.41171099668372335,0.7401317714355644,3
2025-10-20,0.0005839841379535332,0.0009953243457931221,0.0013066564802340305,-0.30244649726455464,1.7023933548262233,4
2025-10-21,7.43478492136393e-05,0.0003911268045352703,0.0005009342768994654,0.16636955226181271,0.8193923117195177,4
2025-10-22,0.00044208902464513977,0.0010985236689544514,0.001606706382235667,-0.014972117480283487,1.2515496563439665,4
2025-10-23,0.0006600215947750072,0.0020877561363406814,0.002644242936203434,0.04990973566077628,3.2560297819433024,4
2025-10-24,5.3661045511937955e-05,0.0009923093300073307,0.0011798074908984442,0.07303027765283332,1.3927025785742484,4
2025-10-27,0.0032241498189874776,0.0037746344082607367,0.006838540067000808,-1.1825251400832713,4.148619863935006,4
2025-10-28,0.0012834163910667995,0.002138673922138526,0.00342641861835649,-0.015319701986982182,2.6978406749092336,4
2025-10-29,0.0010913716538779525,0.0017900881035183488,0.0022927978468297366,0.01015139159426326,2.303670800775353,4
2025-10-30,0.0005991134022582736,0.0009225156581288349,0.001136528122796887,-0.1298899326816354,1.3108532296027189,4
2025-10-31,0.0040488466798874675,0.004867374610732576,0.008342808312831951,-1.0165766704781163,4.315173054639404,4
2025-11-03,0.0030554290882786814,0.003839699887070301,0.006889967342149342,-0.6645929923690801,3.3305138386416755,4
2025-11-04,0.001047196689670092,0.0028377315941852874,0.0036698776610738283,-0.40148676560625063,3.1779843773714864,4
2025-11-05,0.0023596987028536784,0.004697346100494153,0.007124117078165414,-0.5234543355929873,3.4446865024574223,4
2025-11-06,0.0022185699471875264,0.004149529111133893,0.006319527547970483,-0.33645158779540907,2.9310892313016943,4
2025-11-07,1.8577818643353283e-05,0.0021200339046884703,0.0025671727954895336,0.14011532000245097,2.4686771533613814,4
2025-11-10,0.0032609980223454807,0.004163434439405984,0.007298766860513571,-0.6882506468307383,2.3184190306253076,4
2025-11-11,0.01069229082083891,0.013268740893832516,0.023764829017567348,-1.7813122655238658,6.401429924662867,4
2025-11-12,-0.005312497439881915,0.006131364395311013,0.00936417069025975,1.1080876739258656,4.819781598947328,4
2025-11-13,-0.0037883839315610637,0.004439419607111535,0.00641745847402039,0.5572014432766537,3.493771701046514,4
2025-11-14,0.0005562552827852544,0.0010332842823343364,0.0012506418906959424,-0.43942357433055196,1.586703300868058,3
2025-11-17,0.000350893351446289,0.0016649607445219095,0.0017579693451029636,-0.13421055865092058,3.5028176830624362,3
2025-11-18,-0.0011262136977361337,0.0013937833956210917,0.001968543287528912,0.5702712218402061,1.7256184997451591,3
2025-11-19,-9.049088564043e-05,0.0005796357891088381,0.0006585040162690093,0.09399299667256855,1.7052684432520535,3
2025-11-20,-0.00027996474728861354,0.00046955732823432866,0.00048760093649290306,0.17834971736616959,1.001872113181497,3
2025-11-21,-0.0011016184313721727,0.001735560944028089,0.001847440616616057,0.5557398636631964,3.095962468736016,3
2025-11-24,0.0022007515668677723,0.0033854676637826535,0.0047265449959465146,-0.4973049872089632,3.6312660489737145,4
2025-11-25,0.0020826364276405815,0.0031639028244127357,0.005053939302167105,-0.6560945163787437,3.6119703548519144,4
2025-11-26,0.0016418156181413068,0.0034116540220831826,0.004847532171731052,-0.3095606881408912,4.410103950106882,4
2025-11-27,0.0017085206056543997,0.0033495221986876503,0.004286433855374041,-0.4925071589732397,4.365621672267397,4
2025-11-28,0.00041832285754316717,0.0025854839550099804,0.0029065175370604043,-0.09671233461608608,3.4240957193817336,4
2025-12-01,0.005791431953484284,0.008798467830205721,0.014216561009657415,-1.3872379147469474,7.666877395675043,4
2025-12-02,0.003215146235128939,0.005663345898315901,0.00865968190680195,-0.4208510279061102,4.836486547562863,4
2025-12-03,0.0014560313554137574,0.002865921926633118,0.003873902084604413,-0.07647555706034836,3.3459872164551094,4
2025-12-04,-0.0010595883796200196,0.003452369822967736,0.003933556039357149,0.3294964206249915,3.772824647509604,4
2025-12-05,-0.004447912443315941,0.00640287914194965,0.01048242943550691,0.8334516187644567,3.693476957344839,4
2025-12-08,0.004184908766567255,0.005514719878642868,0.008067486965022252,-0.9387955849242644,3.722038743686775,4
2025-12-09,0.000978885324787862,0.0018762638156904349,0.0021095584531291432,-0.11993888333677205,2.0703871751768914,4
2025-12-10,0.0022305443087842075,0.0032025175409442774,0.005136220240165534,-0.46636556859925804,2.0244963006837775,4
2025-12-11,-0.014582995979573972,0.01634877713635651,0.03070174070391404,2.08894020925095,5.680227237277188,4
2025-12-12,-0.00018389569821240329,0.0006623179300353684,0.0007574188408020832,0.031315427479967184,0.9415618766558221,3
2025-12-15,-0.0006302529634785725,0.0009647738966300038,0.0010771656907443278,0.2347199569643029,1.4026326146063972,3
2025-12-16,-0.00041361174116669175,0.0008056913322388726,0.0008702221086727362,0.18566785962745294,1.7011767116101717,3
2025-12-17,0.001130997623127003,0.002027040254962998,0.0028325800028767547,-0.13159544647623989,2.056641784211424,3
2025-12-18,0.0024310346138283986,0.0041212496668811965,0.005843145826032289,-0.4499382093266225,4.018334872880788,3
2025-12-19,0.0022854975795644863,0.003679990561537163,0.005261822500929098,-0.21093381714066103,3.3109012668365887,3
2025-12-22,0.002774706083381144,0.003908805769700978,0.006454850878617901,-0.7290356949865782,3.6940682832814025,4
2025-12-23,0.0016797153496739652,0.002866240460923663,0.004092828963206396,-0.27543934389086644,2.7099743345620233,4
2025-12-24,0.0031213751596741376,0.005138029021083214,0.007286719068470982,-0.4832947180257179,4.605176842251929,4
2025-12-25,0.0037206362228551296,0.0066365931825145,0.008160527728645506,-0.587371349058003,6.345082528506961,4
2025-12-26,0.001099378635543805,0.003220059102570451,0.003683077017163805,0.06779035850513537,3.9842386502858576,4
2025-12-29,0.0013789072880447083,0.002545768584065213,0.0030088235080187285,-0.4579315533019326,2.8020478063121175,4
2025-12-30,-0.0035756273869342377,0.006072615755485141,0.00938021671297499,0.8154141970489945,4.055150772834002,4
2025-12-31,-0.003886627302607427,0.004940733796448325,0.008540904300635714,0.4731127394293253,3.2008207956582533,4
2026-01-05,-0.0018319737531944705,0.004660965477481604,0.005982056685589265,0.7280965965753694,3.5928400138610312,4
2026-01-06,-0.0015408938021927738,0.007586059682863891,0.009676580806846177,0.29095466880562526,6.841537462759127,4
2026-01-07,0.011957839175049001,0.014040746919818832,0.021878423829302,-2.340475494724842,7.0997255201183975,4
2026-01-08,0.0038880695188690043,0.005133578798771729,0.006802248006576293,-0.6516899153114082,3.3527788776966125,4
2026-01-09,0.0005014333828796957,0.003142396007221946,0.0036838501769662136,0.8269951715759211,4.097801719626477,3
2026-01-12,0.0028198056871248677,0.004781108917001317,0.006765676690910522,-0.03188397434981501,7.7923811765234685,3
2026-01-13,0.002594598198489898,0.004335880852158338,0.006101774938586746,-0.5101418905284542,5.840652830450577,3
2026-01-14,0.002041440286794982,0.00307162477240804,0.003266744593918256,-1.0932211595439487,4.704837073402377,3
2026-01-15,0.0006652149230698609,0.0016054546485254086,0.0018089424797852758,0.574703060278504,2.987129559495904,3
2026-01-16,-0.00018615199566349971,0.0009033853976362326,0.00104353552418666,-0.08051388117655733,1.7241327493526437,3
2026-01-19,0.0027874197141591044,0.0038044070959279124,0.005298559882011867,-0.8261291685960259,6.933068131970151,4
2026-01-20,0.0008258995830643309,0.0012807857372960224,0.0020459599807101654,-0.03106450999757726,1.8239732971414584,4
2026-01-21,-0.00013040320530790074,0.0021259361269985936,0.002388858442392053,0.4779564142811523,4.060442378839597,4
2026-01-22,0.001388098289654039,0.0030257913391512517,0.004463784262223323,-0.26327076819961803,3.1883035185666033,4
2026-01-23,0.0013718675119458058,0.0024027532106366527,0.0026046091242811955,0.5384045244841218,6.141248005211167,4
2026-01-26,0.005468058489237055,0.00640085595345025,0.010137559572099,-2.4230074040658565,6.243570547466787,4
2026-01-27,0.0018106598542406188,0.0031801649932003653,0.003977980161536595,0.17601254169403546,4.9018636418370924,4
2026-01-28,0.0010560580215773709,0.002638840569554581,0.0028162495620927593,-0.1532748384202023,5.954894664684558,4
2026-01-29,0.0014002076105971211,0.0023589577688154463,0.002964526058657105,-0.02678046894561703,3.8355663022006925,4
2026-01-30,0.00022677652604473266,0.0040614548621859875,0.005189114450365425,0.12034367929550172,5.457324660134263,4
2026-02-02,0.008245144453496285,0.014832440711765309,0.023041020030753975,-2.8792119797597024,10.199596970400087,4
2026-02-03,-0.004250801544179315,0.004638196440193757,0.007355141230475264,1.7780907671815385,3.023243924933243,4
2026-02-04,-0.011700533024232088,0.012671776584770103,0.0224331205055898,2.228044663294895,6.7262176464885,4
2026-02-05,-0.010176710239225551,0.010838369219652904,0.020988606870326082,1.2910065696596575,5.125732330685514,4
2026-02-06,0.01300919216241134,0.014744022231139919,0.027177461566118867,-2.1603179907574486,7.084073986516675,4
2026-02-09,-0.002827114182811756,0.003217245889532565,0.0052423493333472355,1.4783824839993638,4.278153521717273,3
2026-02-10,-9.36865582767792e-05,0.00040221240587248974,0.0004315032394602952,-0.1782827069985918,1.547043526004153,3
2026-02-11,0.0005878535222244713,0.0009875929932404205,0.0013967376320542144,0.3277607413104609,1.7034774254813863,3
2026-02-12,-0.0014338350351742097,0.0017370346155021106,0.0025245488392676724,0.6525208985476638,2.219694062000893,3
2026-02-13,1.3120452194285056e-05,0.0006508127462949362,0.0007724399688854458,-0.5826106326928008,1.5575329954465962,3
2026-02-24,0.0017711417091495509,0.0028528157126948583,0.0038932938474511786,-0.533701277664477,3.5379188948258613,3
2026-02-25,0.0017928551358867891,0.004713925615924755,0.006966148196998376,-0.2509277410233608,5.121819530584845,4
2026-02-26,0.0008966042589897347,0.004098030073118687,0.0053738367525974235,-0.6520192351551941,5.042089361687049,4
2026-02-27,-0.002717987653616291,0.004415755817790565,0.006034872101389136,0.7056478264105408,8.158257226587262,4
2026-03-02,0.0033827747915346727,0.007598880620996711,0.011445161699957511,-0.9567137682429347,7.176915272360189,4
2026-03-03,-0.00011362494884487387,0.0027619709658194234,0.0032228194435850624,0.4886842800769955,3.9434029870428997,4
2026-03-04,0.0011694003182095118,0.004370593363836269,0.005692934493461401,-0.4843344596320094,4.189483886316728,4
2026-03-05,0.0016671597694541407,0.004666076578491808,0.0064002514180811305,-0.52574102762037,3.9029968354628966,4
2026-03-06,0.0009407276737108082,0.006312463033910799,0.008113429243394239,-0.10728518172982149,6.162957790661377,4
2026-03-09,-0.007951983664320999,0.009671588273566097,0.014345938265123717,1.6233861581736164,6.522789554218892,4
2026-03-10,0.007691818254708757,0.010537266394147024,0.01716819814393098,-1.4145032859421462,6.405086199557141,4
2026-03-11,0.011941899683919979,0.014035159470560627,0.02576746727202243,-2.180368935522438,6.433332943966515,4
2026-03-12,0.019898320971573895,0.02614592071407227,0.04576808468301795,-2.8469349596609845,10.723960058584932,4
2026-03-13,-0.003068258198761072,0.004829809543660894,0.006966667848907368,1.0038217992029483,6.204751096575045,3
2026-03-16,-0.0027628273939296435,0.004573280857529348,0.006500537828980749,0.6511934487313434,5.71494022602921,3
2026-03-17,-0.0054097431743090245,0.009029289839050944,0.012857945225408878,1.3185585498176806,10.850378350647953,3
2026-03-18,-0.003813037676531734,0.006005749022480684,0.008649281274098742,0.7647338821440522,6.795804396448287,3
2026-03-19,-0.007271309202546469,0.010188345907089303,0.01523704678995378,1.846490792034274,10.777006565687998,3
2026-03-20,-0.0014926004366339386,0.003958816542371767,0.004708572638967966,0.3345367380528235,5.200662076372988,3
2026-03-23,-0.0045807644936613455,0.007607732707888889,0.010076219964420317,0.8979055578556654,7.59557790989326,4
2026-03-24,-0.000959297989185693,0.006839756321446667,0.008549812640306189,0.2185966361903411,7.46221080205154,4
2026-03-25,0.002595365755560991,0.005596617317130875,0.007852450835813918,-1.120487729313254,5.050533450654551,4
2026-03-26,-0.0019010887678951524,0.0033626239180748405,0.004107915650265748,0.40725313910957084,3.4440739543848466,4
2026-03-27,-0.002841668122135873,0.004936325886588471,0.0059322948912441074,1.0055657348275417,5.019217732598466,4
2026-03-30,-0.0005733642603069286,0.00270036544284203,0.0037703054689958776,-0.25410717695945095,4.6353933614580765,4
2026-03-31,-0.006843409314538369,0.010654469662205991,0.014493651536709652,1.4596996503989885,8.723881854564326,4
2026-04-01,1.1010985367349013e-05,0.006076645939021089,0.007015576951833415,0.0008959853764736181,8.533019060016652,4
2026-04-02,-0.006705472861990074,0.011254827468912272,0.014143961625874219,1.0910869772926617,9.314520585430591,4
2026-04-03,-0.011516564277657244,0.01617245528677385,0.023031630496190638,2.134072166977603,10.364864581743266,4
2026-04-07,-0.0021147951969882547,0.005399568058320446,0.005914579410875125,0.2801430195756893,6.038139483371579,4
2026-04-08,-0.0075108692438793,0.011381122455421644,0.017634214243657752,1.6858278264223827,8.964246035555055,4
2026-04-09,-0.008958847086528946,0.013026922997722724,0.018716024781934373,0.8876551994894726,7.777529340216825,4
2026-04-10,-0.0013599094193335604,0.006045953612008899,0.007020814792535962,0.2738646173244585,7.733805303470517,3
2026-04-13,-0.0012028098897328605,0.005238492935020979,0.006201437387120504,-0.019996813262575113,6.414050724279679,3
2026-04-14,-0.0017746857889448981,0.005991828894845628,0.007192329193893683,0.36711477176019497,6.970140898097752,3
2026-04-15,-0.001176898752691909,0.00507906843569141,0.005723521526880665,0.5870916552800433,6.346321336618083,3
2026-04-16,-0.004561352370094987,0.009186695956227967,0.01228892697032349,1.3347160233503625,9.07255175239176,3
2026-04-17,-0.003915652475569913,0.008680615376496748,0.011290408076043888,0.9538719171599345,8.47118136649848,3
2026-04-20,0.00010811500480646663,0.003608252808644505,0.004636628701958094,-0.2749295648948191,5.786940828062393,4
2026-04-21,-0.000512031799854009,0.0026087346802750426,0.003362982860959879,0.19578230361798887,3.558332568656766,4
2026-04-22,-0.004714135648276774,0.007669331652112386,0.012413168408063249,1.2737285740206516,7.066662239956115,4
2026-04-23,-0.004926433244376721,0.008657129148835492,0.013810299198712763,1.1576802485533335,7.637860876906444,4
2026-04-24,-0.0012238556382656064,0.005477584712766281,0.007036537690129497,0.24323848476933563,6.817234320921384,4
2026-04-27,-0.0014483598663513376,0.004352846853184839,0.00565781099006315,0.22869755527267444,4.902529974162569,4
2026-04-28,-0.0028617937936345136,0.006769546842629454,0.009598657217568021,0.6615181934757857,6.12927719514049,4
2026-04-29,-0.002511589311886414,0.006298908059744167,0.008433990433951108,0.6897436472063418,6.38951566712786,4
2026-04-30,-0.003420495696592949,0.006984343737038375,0.01042016195959154,0.45425769628400303,5.118024923592568,4
2026-05-06,0.010122878336986631,0.01151989928400873,0.018674883133992296,-1.793325234345275,7.32595563478016,4
2026-05-07,-0.002208380694016238,0.004422343166395533,0.006439116659913199,0.527231489978476,3.2478065035431336,4
2026-05-08,0.0007805203978727138,0.0013647200788606355,0.0018436450229950268,-0.3973690018859391,2.5397465341770245,3
2026-05-11,0.0011040003349537576,0.002336389438207312,0.002758201035837545,-0.9403434014796707,4.99523758334742,3
2026-05-12,7.68097230986059e-05,0.0015677970185962408,0.0016486570131392774,0.1861570781111368,5.155651020429948,3
2026-05-13,0.0004847832026946691,0.0017229890849508,0.0020249581870348792,0.4115403201170314,3.9952098159786598,3
2026-05-14,0.0008374667570319322,0.0016065927457921542,0.002071521783186777,-0.3154361661945586,2.8800080279517375,3
2026-05-15,0.0010852537890368673,0.0022507550244300948,0.0027652053611226203,-0.48207299742049753,4.165909236079586,3
2026-05-18,-0.0002689730246279477,0.0007970676012533824,0.0008818031342438951,0.10367801189067904,2.9163371818386503,4
2026-05-19,-0.0003775227439598225,0.0025954743896066945,0.002773849562250314,-0.004877343286807445,5.3791993807172505,4
2026-05-20,0.00010191167415140798,0.002227539867049478,0.0025886905555233823,-0.21986567000340074,7.5187108390468955,4
2026-05-21,0.0005124586254653292,0.0024128410079977645,0.00262221308419168,0.20794394944505257,6.285221228087559,4
2026-05-22,0.0013383049865408544,0.0032153466468750544,0.004069088703485056,-0.7051194854279856,7.211746159982146,4
2026-05-25,0.003285155174700724,0.005602051387350759,0.008508653684963544,-1.236180287539355,8.707545757574776,4
2026-05-26,-3.877416824153712e-05,0.0018625492440953184,0.0019468711286504132,0.36730079588119224,4.024386478745263,4
2026-05-27,0.0019099474400781913,0.004643715278585883,0.006172902262534091,-0.6828261634959745,6.3466466294936374,4
2026-05-28,0.0033222160535359424,0.006370991596090947,0.009381668612788656,-0.9270904121578951,7.271069857707891,4
2026-05-29,-0.0007416050978994171,0.0013351740993365266,0.0015384854495478601,0.5797848974175395,4.235062633688266,4
2026-06-01,-0.0008254317978857832,0.002124245047292212,0.0025705078077705467,0.4643393952135284,2.6957100547619266,4
2026-06-02,0.004067167680530993,0.005787334453496846,0.00844525266371896,-1.0842769009275344,6.063490472053057,4
2026-06-03,0.0031136293859497233,0.005534532239615406,0.008044443476739936,-0.8096457049380206,7.7851598704481715,4
2026-06-04,0.0055928514352904385,0.008014888094260264,0.013115391276597332,-1.1616040994060768,7.6512685850370135,4
2026-06-05,0.001455174264561071,0.0037950959429433884,0.004602919003732631,-0.23187544502411583,7.39452780904396,4
2026-06-08,-0.00815034662004392,0.009848042794586639,0.017139530084784606,1.8571341189506256,6.1692809873159575,4
2026-06-09,0.023474629826485946,0.026838362506088856,0.0479427221493209,-4.924789960728049,15.588731115107697,4
2026-06-10,0.0015693280482116378,0.004024556381479569,0.005040355969218356,0.16766526866308595,7.018324990511148,4
2026-06-11,0.007153464380605205,0.009430021683000243,0.014654652918440581,-0.9670085201087204,6.7253936256529325,4
2026-06-12,-3.9250509410874525e-05,0.0019069156954347373,0.002068875493255119,0.4035270327024894,4.486174340828607,3
2026-06-15,0.003899642497960256,0.007162396117382147,0.009648389314703267,-1.344328531973891,9.887863584950003,3
2026-06-16,0.001682034093626078,0.00455879991752875,0.005300069930582909,-0.6727971852818276,7.498589735372644,3
2026-06-17,0.00172662508199109,0.00527647144164788,0.0061990637714378445,-0.0071389130886624725,8.622108388393496,3
2026-06-18,0.0028578779126224307,0.005662054964545342,0.0073742138208245855,-0.719773483935569,7.6152221090909,3
2026-06-22,0.006152289003980922,0.009627101193759036,0.013445948007063252,-2.6284288243011056,11.395291651026685,3
2026-06-23,-0.0014297779468337019,0.0062295231278308855,0.00823793613314027,0.9770607083773939,13.287279141765671,4
2026-06-24,0.004407222999885864,0.008723595961018175,0.013009563816620204,-1.5810010933964804,9.638765818151871,4
2026-06-25,0.0020167847239761505,0.005897862189549713,0.008176530970513293,-0.3284903651992863,7.049127153859665,4
2026-06-26,-0.0022903912230426426,0.004135188891745384,0.004884363536323107,0.6693650388347123,7.075749721286079,4
2026-06-29,0.0025538279130907365,0.00542299356511193,0.007904632998166029,-0.7341521538801317,5.361903045291046,4
2026-06-30,0.008901806040299186,0.014132760219659611,0.02307791327933806,-2.153152842257441,12.21040637835289,4
2026-07-01,0.016630002906389857,0.023931218859998063,0.04037827596878757,-4.233317865935533,19.08912645904206,4
2026-07-02,0.0017928923621897408,0.007155628818292764,0.009718208073787829,0.607859119901832,7.501214381484995,4
2026-07-03,0.005961586522816371,0.009020463945921577,0.014885289063352746,-1.1177997860770574,6.179476098064683,4
2026-07-06,-0.004285567926750097,0.005425627601395838,0.007965767851324362,1.2116244539081436,3.8907956830749084,4
2026-07-07,-0.005383711166974099,0.00696377704514319,0.012184395209868514,1.0247433953109066,3.7051625334040508,4
2026-07-08,-0.009925539705721161,0.01368219189774249,0.023279952312810197,1.8011025972057269,7.007332632864218,4
2026-07-09,0.011452737239246943,0.012161130342720951,0.022020072790215683,-1.9258096798469069,5.354685916938842,4
2026-07-10,-8.55619079498382e-06,0.0006925127886731886,0.0007381414057771536,-0.15989503095473387,1.419633439338046,3
2026-07-13,-0.0001918721016665436,0.0016057651841860573,0.0018729445959129196,0.8849313175302692,2.4975976849811543,3
2026-07-14,0.0015564906253174814,0.0028956921784802775,0.003970448061904135,-0.7299428194379894,3.835286843984271,3
2026-07-15,0.000740931906653218,0.00361909111969781,0.004492274928410065,0.32330602776346495,4.868636302999673,3
2026-07-16,0.0029136282869921906,0.0063735981138171765,0.008361925195683025,-0.4094536474628209,7.705417192535821,3
2026-07-17,0.0013259629502091845,0.003598089773517397,0.004480500078720756,-0.6294185789993207,3.9603714059426274,3
2026-07-20,-0.0002187578157862996,0.0026628984226215666,0.0029708150186974996,-0.13280787245253123,8.481540670508476,4
2026-07-21,0.00044047896396007605,0.0020399803588454606,0.002088524626112752,0.14653692602018964,5.542346279582044,4
2026-07-22,-0.0007823712632325473,0.003035853850756016,0.0032746301296876514,-0.2679467720270168,7.338266201472607,4
2026-07-23,-0.0012241811370214094,0.0024158866474086223,0.0027869929545240647,0.28853210141801355,4.058766740749818,4
2026-07-24,-0.0019687865337834655,0.003593420670324237,0.00437945651679006,0.38427182348573297,5.356548807495653,4
2026-07-27,-0.0020155100832435525,0.003411383298127412,0.004261443797529792,0.7862214705737642,5.058013641653073,4
2026-07-28,-0.0009101952282981364,0.0024861513294654643,0.003093728432615985,0.1339108605270667,5.374535974587944,4
2026-07-29,0.0028111111818791105,0.003735211148899579,0.005239485250573699,-0.10611108289049298,4.821019121328673,4
2026-07-30,0.0032754374130253613,0.00393081175846966,0.0065120201639288465,-0.688498374872097,3.4614060272452747,4
2026-07-31,0.0012856618791244855,0.0016525418943795396,0.0021378581080962887,-0.5364763280940679,2.0349802690890613,4
2026-08-03,0.00010308917024600024,0.0003825094499147353,0.0005051987614582914,0.27270991587056415,0.7001800467048576,4
2026-08-04,0.002297060859954802,0.0027312503408750584,0.004986373147468787,-0.5294950226664241,2.084056606060802,4
2026-08-05,0.0005118722292867962,0.000745661372296003,0.0012397647189022634,0.01976458114063462,0.647828991981932,4
2026-08-06,-0.0036419968204385172,0.004580986782513105,0.006345956194114834,0.3910252177483926,3.944917104696371,4
2026-08-07,-0.003917181517940165,0.004716719590808983,0.007541495004819525,0.5907578636167727,3.2699689161020844,4
2026-08-10,0.003266646776232951,0.004454385381099268,0.0075047419034871875,-0.9805129119079083,2.691903020887844,4
2026-08-11,-0.010457743437958533,0.011374512997217926,0.019813712041579296,2.056342262483213,5.709968870619323,4
2026-08-12,0.004460031663921553,0.005415400153478904,0.009443339258271425,-0.9990182858375647,2.6251373596026757,4
2026-08-13,-0.014834843994152715,0.015448614647257008,0.02949517379234452,2.3064867346993196,5.82999045473688,4
2026-08-14,0.0003376347809644816,0.0004037716043757226,0.0005422669495443844,-0.6852087777242559,1.3763929315910308,3
2026-08-17,-0.0017687532121354044,0.0024715616859627143,0.003714339548817849,0.6671356253979562,3.1994792571389272,3
2026-08-18,0.0008703030275848678,0.0011287110710137642,0.001264815403009555,-0.8998736784512099,2.190800822849995,3
2026-08-19,-0.003319548877154447,0.0047557682527582705,0.006728274807635082,1.7925424002675452,5.613358034097804,3
2026-08-20,-9.294990397532472e-05,0.0017909512093126773,0.0019072406696321045,-0.29381307601852313,4.278429293441706,3
2026-08-21,-0.002583926448894149,0.0037952424645778617,0.0055969827798089695,0.3557843655841377,4.057838573001607,3
