date,delta,n_contracts,predicted_state,predicted_variance,predicted_std,filtered_state,filtered_variance,filtered_std
2022-07-22,,4,0.09310200921297467,0.04111928431196078,0.20277890499743997,0.1705893797053036,0.00043247897628576217,0.020796128877407984
2022-07-25,0.004098360655737705,4,0.16811055954133827,0.0029939826968544882,0.05471729796741144,0.16406001071551765,0.0003726997808339805,0.019305433971656284
2022-07-26,0.004098360655737705,4,0.1617900649966008,0.0029379669974624,0.054203016497814956,0.10444850615261342,0.0003632729010832514,0.019059719333800573
2022-07-27,0.004098360655737705,4,0.10408553183530668,0.0029291336021928347,0.05412147080589029,0.09171376284231345,0.00035471238895680397,0.018833809730291
2022-07-28,0.004098360655737705,4,0.09175817282905428,0.0029211120309707165,0.05404731289315609,0.08455217409889845,0.0003462887866202621,0.01860883625110023
2022-07-29,0.004098360655737705,4,0.08482568323393161,0.00291321875016096,0.05397424154317464,0.0857103247175482,0.00033799188861359416,0.018384555708898548
2022-08-01,0.004098360655737705,4,0.08594678462651811,0.002905444196804798,0.05390217246832263,0.12280953485534782,0.0003298217700389504,0.018160995843811825
2022-08-02,0.004098360655737705,4,0.12185919142368985,0.0028977884412762023,0.0538311103477924,0.053883397347242165,0.00032177859649958025,0.017938188216750885
2022-08-03,0.004098360655737705,4,0.05513800032677071,0.002890251638752603,0.05376106061781708,0.10883407582861977,0.00031386248311287987,0.017716164458281593
2022-08-04,0.004098360655737705,4,0.10833080718367888,0.0028828338971039927,0.05369202824539219,0.21712831082420384,0.00030607349216902593,0.017494956192257983
2022-08-05,0.004098360655737705,4,0.21316071074508647,0.0028755352746989695,0.053624017703814114,0.07998686178519401,0.0002984116326964913,0.017274595008175773
2022-08-08,0.004098360655737705,4,0.08040641521294363,0.0028683557799976046,0.053557032964846034,0.1661860428704634,0.000290876860128713,0.017055112433775187
2022-08-09,0.004098360655737705,4,0.16384808540535573,0.0028612953712390953,0.05349107749184994,0.19896253935134325,0.000283469076050899,0.016836539907323565
2022-08-10,0.004098360655737705,4,0.1955760621098549,0.0028543539562045114,0.053426154233713205,0.20792615159500036,0.0002761881280283412,0.016618908749624364
2022-08-11,0.004098360655737705,4,0.20425292849247206,0.002847531392055919,0.053362265619592265,0.09704922470646678,0.00026903380951764564,0.01640225013580898
2022-08-12,0.004098360655737705,3,0.09692295332450326,0.0028408274852531985,0.053299413554496064,0.10297751680010654,0.0005421875390414877,0.023284920851089182
2022-08-15,0.004098360655737705,3,0.10266159941665631,0.0030967843793732776,0.05564875901018169,0.12110568763473852,0.0005393266056415975,0.02322340641769845
2022-08-16,0.004098360655737705,3,0.12020985025767922,0.003094103560668745,0.05562466683647413,0.11911716028048114,0.0005278108246667769,0.02297413381755179
2022-08-17,0.004098360655737705,3,0.11828493587249037,0.003083312774334543,0.055527585705976296,0.10264202099952972,0.0005161903957636997,0.02271982384975068
2022-08-18,0.004098360655737705,3,0.1023368361231979,0.003072423928351881,0.05542945000946591,0.07780383734913904,0.000504709584855778,0.022465742472835788
2022-08-19,0.004098360655737705,3,0.07829322570555045,0.0030616659104873837,0.055332322475090304,0.10071666250231666,0.000493376028045248,0.02221206942284415
2022-08-22,0.004098360655737705,4,0.10047306982398342,0.003051045876100105,0.05523627319162748,0.12367540334431922,0.00035248165856208163,0.018774494894992024
2022-08-23,0.004098360655737705,4,0.12269736078884058,0.002919021739820573,0.054027971827753936,0.1265279497369482,0.00034253020296521025,0.018507571503717343
2022-08-24,0.004098360655737705,4,0.12545865425248554,0.0029096967942267883,0.053941605410172844,0.1723043345254503,0.0003343988200888255,0.018286574859410536
2022-08-25,0.004098360655737705,4,0.16977065297489435,0.0029020773357278373,0.05387093219657367,0.19721365442209102,0.000326411386166908,0.018066858779735562
2022-08-26,0.004098360655737705,4,0.1938831239910253,0.0028945927636438054,0.053801419717734264,0.1951579736794344,0.00031854639662585657,0.017847868125517304
2022-08-29,0.004098360655737705,4,0.19189320445362315,0.002887222927256348,0.053732884970531296,0.20911190273337224,0.00031080370483637694,0.017629625771308277
2022-08-30,0.004098360655737705,4,0.20540074746444614,0.0028799676891674564,0.05366533042074237,0.13858550302464978,0.0003031833805899024,0.017412161858594767
2022-08-31,0.004098360655737705,4,0.13713048653781296,0.0028728271147747306,0.05359876038468362,0.1530107172098224,0.00029568544733125105,0.0171955066029254
2022-09-01,0.004098360655737705,4,0.15109423827349822,0.0028658012260469818,0.05353317874035673,0.1479527353938732,0.00028830987868836165,0.016979690182343188
2022-09-02,0.004098360655737705,4,0.14619806124244084,0.0028588899982724455,0.05346858889359664,0.1914511550501495,0.0002810565981562258,0.016764742710707665
2022-09-05,0.004098360655737705,4,0.1883049669131538,0.002852093359762609,0.05340499377176828,0.19841734567687425,0.00027392547888933536,0.016550694211704093
2022-09-06,0.004098360655737705,4,0.19504830917527619,0.0028454111916577296,0.053342395818501906,0.19821962520949313,0.00026691634356937463,0.016337574592618535
2022-09-07,0.004098360655737705,4,0.19485691378355913,0.0028388433278028523,0.053280796989186,0.23243728044536077,0.0002600289643489931,0.016125413617919793
2022-09-08,0.004098360655737705,3,0.2279799465896893,0.0028323895546951265,0.05322019874723437,0.16301761943422696,0.0005060381993779499,0.02249529282712163
2022-09-09,0.004098360655737705,3,0.1607810198013934,0.003062910879930674,0.05534357126108392,0.11254415033431643,0.0005021111356460218,0.022407836478473817
2022-09-13,0.004098360655737705,3,0.11192219644510795,0.003059231050855713,0.05531031595331664,0.13000513725917986,0.0004913042273391603,0.022165383536928936
2022-09-14,0.004098360655737705,3,0.12882460658259193,0.0030491045089626675,0.05521869709584488,0.1304935463587232,0.00048045975083000757,0.021919392118168048
2022-09-15,0.004098360655737705,3,0.12929739148019734,0.0030389427640343464,0.05512660667984513,0.20943422375704393,0.00046975099057354437,0.021673739653634866
2022-09-16,0.004098360655737705,3,0.20571275744197354,0.00302890819112224,0.0550355175420586,0.22814470526246058,0.0004591828913996651,0.02142855318027013
2022-09-19,0.004098360655737705,4,0.22382469084157058,0.003019005423746468,0.054945476827000676,0.2497797164358392,0.0003364705959288093,0.01834313484464445
2022-09-20,0.004098360655737705,4,0.24476759823592764,0.0029040186795646567,0.053888947656867976,0.24448534259695337,0.0003272414206645844,0.018089815385033216
2022-09-21,0.004098360655737705,4,0.23964259136025157,0.0028953705419754727,0.05380864746465453,0.2015508091623578,0.00031949277718059863,0.01787436088873106
2022-09-22,0.004098360655737705,4,0.1980815331969411,0.002888109726890641,0.05374113626348666,0.15943437065717508,0.0003118775567417193,0.017660055400301532
2022-09-23,0.004098360655737705,4,0.15731239911488873,0.0028809739349870377,0.05367470479645917,0.13193802573465344,0.0003043797916908488,0.01744648364831288
2022-09-26,0.004098360655737705,4,0.13069566197614185,0.0028739482038772765,0.05360921752718721,0.10702001836978565,0.0002969993466595675,0.017233668984275155
2022-09-27,0.004098360655737705,4,0.1065747814038007,0.0028670324067152763,0.05354467673555679,0.06494966861451267,0.00028973622233648475,0.017021639825130972
2022-09-28,0.004098360655737705,4,0.06585026169303501,0.002860226544146294,0.053481085854218534,0.049874464111373334,0.00028259037562863425,0.016810424611788787
2022-09-29,0.004098360655737705,4,0.051257312822792424,0.0028535305757903507,0.05341844789761633,0.020167820204341186,0.0002755617174440882,0.016600051730163018
2022-09-30,0.004098360655737705,4,0.022500984140713984,0.0028469444181644446,0.05335676543948709,0.09355739392763317,0.0002686501124852593,0.016390549486983628
2022-10-10,0.004098360655737705,4,0.09354282617541904,0.002840467944488868,0.05329604060799327,0.07373200547544727,0.00026185537912887165,0.016181946085958625
2022-10-11,0.004098360655737705,4,0.07435165169050911,0.0028341009845747316,0.05323627508170281,0.1303739196100256,0.0002551772893734868,0.015974269603756124
2022-10-12,0.004098360655737705,4,0.1291815915899276,0.002827843324774798,0.053177470086257374,0.1383802009007496,0.00024861556885527077,0.01576754796584652
2022-10-13,0.004098360655737705,4,0.1369317520266888,0.002821694707998251,0.05311962639174198,0.09834310520961154,0.00024216989693269213,0.015561808922252326
2022-10-14,0.004098360655737705,3,0.09817544260401276,0.0028156548337900673,0.05306274431076918,0.06872815699812755,0.0004409489463628562,0.020998784402028042
2022-10-17,0.004098360655737705,3,0.06950787627315,0.0030019194262485994,0.05478977483297955,0.1283353348677953,0.0004354941150825303,0.02086849575514561
2022-10-18,0.004098360655737705,3,0.12720822115207858,0.0029968080127054085,0.05474310927144537,0.12799056957300714,0.0004257255852125424,0.020633118649698655
2022-10-19,0.004098360655737705,3,0.1268744848954308,0.0029876544764531306,0.05465944087212318,0.113906139313219,0.00041600532880142196,0.020396208686945277
2022-10-20,0.004098360655737705,3,0.11324061541095483,0.002978546174525941,0.054576058620295596,0.14303267548915222,0.000406419913439162,0.020159858963771597
2022-10-21,0.004098360655737705,3,0.14143539400212762,0.0029695642245110105,0.05449370811856182,0.13534887174403631,0.00039697137539958076,0.019924140518466055
2022-10-24,0.004098360655737705,4,0.1339973950576951,0.002960710534485242,0.05441241158490627,0.06686771053581647,0.00037520116675854716,0.01937011013800766
2022-10-25,0.004098360655737705,4,0.06770694547352632,0.002940310904585191,0.05422463374320929,0.04786226371540177,0.0003662788380125754,0.01913841263042929
2022-10-26,0.004098360655737705,4,0.049309482696243884,0.002931950295494778,0.05414748651133105,-0.005279848269414759,0.0003576749603712109,0.018912296538792187
2022-10-27,0.004098360655737705,4,-0.0021326136872339835,0.0029238880889039627,0.05407298853312958,-0.021037780772270996,0.0003492003064140572,0.018686902001510502
2022-10-28,0.004098360655737705,4,-0.017386450095690537,0.0029159469705110465,0.053999508983981016,0.03532427424227333,0.00034085240257194615,0.018462188455650272
2022-10-31,0.004098360655737705,4,0.03717258337398917,0.0029081246224744134,0.05392703053640552,0.031234918296545008,0.00033263144721431127,0.018238186511117582
2022-11-01,0.004098360655737705,4,0.03321404588179072,0.0029004212306748284,0.05385555895796485,-0.05981622243329943,0.0003245376249730295,0.018014927837019763
2022-11-02,0.004098360655737705,4,-0.05492436981739175,0.0028928369681203692,0.05378509987087845,-0.017041183228661293,0.0003165710686029455,0.01779244414359493
2022-11-03,0.004098360655737705,4,-0.013517703665306233,0.0028853719592080848,0.05371565841733753,0.02054954920346362,0.00030873185796572567,0.017570767142208836
2022-11-04,0.004098360655737705,4,0.02287050163318466,0.0028780262787718204,0.05364723924650569,-0.09168281538700342,0.0003010200195861983,0.017349928518186994
2022-11-07,0.004098360655737705,4,-0.08577155079894296,0.0028707999516664915,0.05357984650655964,0.004762878114245425,0.0002934355262928318,0.0171299599034216
2022-11-08,0.004098360655737705,4,0.007588845985440462,0.002863692952431194,0.05351348383754504,-0.03106989867312856,0.0002859782969380026,0.016910892848634652
2022-11-09,0.004098360655737705,4,-0.027097640650815213,0.002856705205027084,0.05344815436502073,0.005795235884518166,0.00027864819619970616,0.016692758795349143
2022-11-10,0.004098360655737705,4,0.008588178641541447,0.0028498365826515734,0.053383860694516776,-0.04594095711192695,0.00027144503446620006,0.01647558904762437
2022-11-11,0.004098360655737705,3,-0.04149297408715984,0.002843086907630234,0.05332060490682972,-0.010796670859477522,0.0005524038822108985,0.02350327386154743
2022-11-14,0.004098360655737705,3,-0.007472953180885311,0.003106357536113497,0.05573470674645644,0.011453437705010611,0.0005499949395180767,0.02345197090903186
2022-11-15,0.004098360655737705,3,0.014065374645533632,0.003104100252309089,0.055714452813512304,-0.0016993444529821195,0.0005383802441655935,0.023203022306708097
2022-11-16,0.004098360655737705,3,0.0013333498499126656,0.0030932167789120574,0.05561669514554112,0.011482618229059754,0.0005266353033438155,0.02294853597386586
2022-11-17,0.004098360655737705,3,0.014093621684926519,0.0030822112598601786,0.055517666196087334,-0.003969775105786694,0.0005150280199808628,0.022694228781363398
2022-11-18,0.004098360655737705,3,-0.0008644497502790921,0.003071334731818874,0.05541962406782343,0.0018158087214580133,0.0005035669663709134,0.022440297822687503
2022-11-21,0.004098360655737705,4,0.00473605331141419,0.003060595227399659,0.05532264660516215,-0.014284841629463241,0.0003699562375961227,0.01923424647851126
2022-11-22,0.004098360655737705,4,-0.01084953740476606,0.002935396178432141,0.054179296584877704,0.03506300729579849,0.00035969354560914056,0.01896558845934237
2022-11-23,0.004098360655737705,4,0.03691967435437369,0.0029257795908392203,0.05409047597164607,0.02289642886565095,0.0003512993122133592,0.01874298034500808
2022-11-24,0.004098360655737705,4,0.02514230463975614,0.002917913830000997,0.054017717741505863,0.05121063280392748,0.00034305137728131516,0.018521646181733284
2022-11-25,0.004098360655737705,4,0.052550737492978554,0.002910185157169802,0.05394613199451655,0.03276724828076155,0.0003349257256494833,0.01830097608461044
2022-11-28,0.004098360655737705,4,0.034697356645989975,0.002902571069095621,0.05387551455991507,0.0020408757635107465,0.0003269222551944972,0.018080991543455164
2022-11-29,0.004098360655737705,4,0.0049539204611678544,0.0028950714700844305,0.053805868361029456,-0.011229838175365419,0.0003190411399987805,0.017861722761222686
2022-11-30,0.004098360655737705,4,-0.007892263478911185,0.0028876865232590125,0.05373719869195837,0.01787364383235247,0.0003112825095664381,0.017643200094269694
2022-12-01,0.004098360655737705,4,0.020280198446644096,0.0028804163499703316,0.05366951043162525,-0.00956994678416914,0.0003036464441609543,0.01742545391549254
2022-12-02,0.004098360655737705,4,-0.006285471995794725,0.002873261025428754,0.053602807999476615,-0.005843452740712034,0.00029613297431824924,0.017208514587791976
2022-12-05,0.004098360655737705,4,-0.0026781884574448023,0.0028662205782477614,0.053537095347504254,0.03488783175532965,0.00028874208048126345,0.016992412438534544
2022-12-06,0.004098360655737705,4,0.03675010267759501,0.0028592949901015416,0.053472375953398044,0.0284938811381748,0.00028147369270742974,0.016777177733678265
2022-12-07,0.004098360655737705,4,0.03056069447317787,0.002852484195450874,0.053408652814416445,0.048143056366363624,0.0002743276904501088,0.016562840651594423
2022-12-08,0.004098360655737705,4,0.04958129279326598,0.002845788081338329,0.05334592844199386,0.012104879061818497,0.0002673039024154576,0.016349431256635738
2022-12-09,0.004098360655737705,3,0.014695976400214916,0.002839206487254144,0.05328420485710699,0.027401300267515364,0.0005353644483614516,0.023137943909549343
2022-12-12,0.004098360655737705,3,0.02950306525303574,0.003090390847416727,0.05559128391588673,0.02377924718020206,0.0005326090870533701,0.023078325048698185
2022-12-13,0.004098360655737705,3,0.025996881605745245,0.0030878089543419935,0.05556805696028964,0.007993621560865803,0.0005215529010501995,0.022837532726855576
2022-12-14,0.004098360655737705,3,0.010716237983312504,0.0030774488284337053,0.055474758480174614,0.03714418469868006,0.0005103970672338316,0.02259196908712987
2022-12-15,0.004098360655737705,3,0.03893427491410942,0.003066995328201676,0.05538045980489577,0.041537775974490036,0.0004993709619423857,0.02234660962970414
2022-12-16,0.004098360655737705,3,0.043187315251392216,0.0030566633892251914,0.05528709966371171,-0.026890530658248125,0.0004884815886243646,0.022101619592789227
2022-12-19,0.004098360655737705,4,-0.023051970574606534,0.0030464595740393127,0.055194742268075796,-0.05801979868533174,0.0003500919829548068,0.01871074512024593
2022-12-20,0.004098360655737705,4,-0.05318541364615552,0.0029167825101111384,0.054007244977976224,-0.034778144195510605,0.0003404129425160594,0.018450282992844836
2022-12-21,0.004098360655737705,4,-0.030687259438086603,0.002907712829338033,0.0539232123425342,-0.0427905216939147,0.0003325003879713942,0.018234593167147827
2022-12-22,0.004098360655737705,4,-0.038443321064908595,0.002900298422478794,0.05385441878322329,-0.058909251923967836,0.00032472479494396203,0.018020121945868238
2022-12-23,0.004098360655737705,4,-0.054046413285078185,0.002893012354502667,0.05378673028268838,-0.026019214715987747,0.0003170654817347682,0.017806332630128197
2022-12-26,0.004098360655737705,4,-0.022208528020140006,0.002885835245760511,0.05371997064184335,-0.03448779148230865,0.000309522310991318,0.017593246175487853
2022-12-27,0.004098360655737705,4,-0.03040619510511454,0.0028787669675470794,0.05365414212851678,-0.033326008972775524,0.00030209535435509144,0.017380890493731656
2022-12-28,0.004098360655737705,4,-0.0292815780057957,0.002871807586993547,0.05358924880042215,-0.06631124648391205,0.00029478464225078237,0.017169293586248163
2022-12-29,0.004098360655737705,4,-0.061211618117197455,0.002864957132609172,0.053525294325292336,-0.03161778412240093,0.0002875901605974338,0.01695848344037384
2022-12-30,0.004098360655737705,4,-0.027627999250349755,0.002858215591199487,0.05346228194904784,-0.017382917382406743,0.00028051185048828375,0.016748488006034568
2023-01-03,0.004098360655737705,4,-0.013848505747081283,0.0028515829075662995,0.05340021448989039,0.015156901107660914,0.0002735496079652216,0.01653933517301169
2023-01-04,0.004098360655737705,4,0.017650364293033002,0.002845058984296351,0.053339094333296956,0.03018312568470148,0.0002667032838567205,0.0163310527479621
2023-01-05,0.004098360655737705,4,0.03219590010449561,0.0028386436816094504,0.053278923427650546,0.0045119907372203885,0.0002599726836800684,0.016123668431224588
2023-01-06,0.004098360655737705,4,0.0073459844929576745,0.0028323368172668583,0.05321970328052251,-0.0003532023405143987,0.0002533575676088888,0.015917209793455914
2023-01-09,0.004098360655737705,4,0.002636428890414627,0.002826138166540857,0.05316143495562226,0.07005347160103548,0.0002468576505067581,0.015711704252141398
2023-01-10,0.004098360655737705,4,0.07079079407590311,0.002820047462246248,0.0531041190704285,0.047671171534369845,0.00024047260202753778,0.01550717904802604
2023-01-11,0.004098360655737705,4,0.04912450355206569,0.0028140643948343686,0.05304775579451376,-0.0030911465627374312,0.00023420204678283895,0.015303661221512941
2023-01-12,0.004098360655737705,4,-1.3928525045725504e-05,0.0028081886125500143,0.05299234484857237,0.0035333186220818293,0.00022804556457683647,0.015101177589076836
2023-01-13,0.004098360655737705,3,0.006398620088449922,0.0028024197216514686,0.0529378855041592,-0.039927968561672376,0.0003949257334047784,0.019872738447551167
2023-01-16,0.004098360655737705,3,-0.035672340977144876,0.002958793679195058,0.054394794596496626,-0.01893939113589491,0.0003887130244995712,0.019715806463332188
2023-01-17,0.004098360655737705,3,-0.015355187921628058,0.002952972101440213,0.05434125597959816,-0.03830292210385475,0.00037956300633484993,0.01948237681431221
2023-01-18,0.004098360655737705,3,-0.03409927973835618,0.002944398137487142,0.05426230862658851,-0.07211830342123299,0.00037050138964541334,0.019248412652616665
2023-01-19,0.004098360655737705,3,-0.06683290736440235,0.002935907009551316,0.054184010644758626,-0.11157496653668111,0.0003615773628090222,0.019015187687977792
2023-01-20,0.004098360655737705,3,-0.10502735224335676,0.0029275448092765163,0.05410679078707696,-0.11246294534709365,0.0003527918306760194,0.018782753543504196
2023-01-30,0.004098360655737705,4,-0.10588692462099918,0.0029193123845467663,0.05403066152238714,-0.04591428229212769,0.00033417263476541036,0.018280389349393255
2023-01-31,0.004098360655737705,4,-0.041467152594564335,0.002901865390267756,0.05386896500089598,-0.060075092243857695,0.0003259128050186633,0.0180530552821029
2023-02-01,0.004098360655737705,4,-0.0551749583854433,0.002894125571479181,0.05379707772248583,-0.03800949464427582,0.0003179070114134016,0.017829947038995982
2023-02-02,0.004098360655737705,4,-0.033815239020111285,0.0028866237955754025,0.0537273095880987,-0.0069695430100272645,0.0003100307002292138,0.017607688667999947
2023-02-03,0.004098360655737705,4,-0.0037682551109334966,0.0028792433503171877,0.05365858132971079,0.006451337711346674,0.00030228242517264933,0.017386271169306237
2023-02-06,0.004098360655737705,4,0.009223291777856607,0.002871982880464832,0.05359088430381451,-0.013451525070418892,0.00029466214463749914,0.017165725869811015
2023-02-07,0.004098360655737705,4,-0.010042878633647681,0.002864842347031513,0.05352422205909688,0.03580434920488403,0.0002871697791276869,0.016946084477769102
2023-02-08,0.004098360655737705,4,0.03763730074361441,0.002857821675525959,0.05345859776991872,0.048987289927805024,0.00027980519470824236,0.016727378596428144
2023-02-09,0.004098360655737705,4,0.050398519331989994,0.0028509207404452917,0.05339401408814748,-0.0889334627716201,0.0002725682027112279,0.01650963969053316
2023-02-10,0.004098360655737705,3,-0.08311014994469908,0.0028441393649994698,0.05333047313684241,-0.030006503632693905,0.0005571843716825995,0.023604753158688176
2023-02-13,0.004098360655737705,3,-0.026068263606497125,0.0031108370621286945,0.05577487841428876,0.01962259509977825,0.0005549485594061391,0.023557346187678678
2023-02-14,0.004098360655737705,3,0.02197320078148972,0.0031087420090349076,0.05575609391837728,0.02112117227534323,0.0005432418712102063,0.02330754966121935
2023-02-15,0.004098360655737705,3,0.023423838489029833,0.003097772334352865,0.055657635005027524,0.04120666152375339,0.0005313937504804133,0.023051979318063194
2023-02-16,0.004098360655737705,3,0.042866793148438845,0.0030866701312511763,0.05555780891333977,0.01834967831613758,0.0005196837488960888,0.02279657318318016
2023-02-17,0.004098360655737705,3,0.020741004592318715,0.003075697351780474,0.05545896998484983,0.021268585299788176,0.000508120912369036,0.02254153748902315
2023-02-20,0.004098360655737705,4,0.02356653577237912,0.0030648624723525354,0.055361200062431226,0.05645353797172525,0.00037246589632565616,0.019299375542375877
2023-02-21,0.004098360655737705,4,0.05762592217981121,0.002937747837532064,0.05420099480205197,0.09679587436156581,0.00036209856045294885,0.019028887525363875
2023-02-22,0.004098360655737705,4,0.0966777076544609,0.0029280331940787106,0.054111303755118585,0.06154422186422232,0.00035364782558590504,0.018805526463938866
2023-02-23,0.004098360655737705,4,0.06255375514833295,0.0029201144889108503,0.05403808369021657,0.044351406313912246,0.00034534500905378316,0.0185834606318033
2023-02-24,0.004098360655737705,4,0.045910937585961625,0.0029123343896395888,0.05396604849013487,0.03412997740594475,0.0003371651554760173,0.018362057495717014
2023-02-27,0.004098360655737705,4,0.03601649208084577,0.0029046695119907587,0.053894985963359884,0.033697480596626604,0.0003291081564025473,0.018141338329972993
2023-02-28,0.004098360655737705,4,0.03559783083989157,0.002897119754341948,0.0538248990184092,0.04303597323388707,0.0003211741958096886,0.017921333538821506
2023-03-01,0.004098360655737705,4,0.04463758519627857,0.002889685289086946,0.053755793074671925,0.05667810081501008,0.00031336341291402794,0.017702073689656473
2023-03-02,0.004098360655737705,4,0.057843301260110225,0.0028823662466777337,0.053687673135252696,0.03407982249983636,0.00030567589723047984,0.01748358936919075
2023-03-03,0.004098360655737705,4,0.035967941629654276,0.002875162710993669,0.053620543740190374,0.07492399269633924,0.00029811168806740193,0.01726591115659414
2023-03-06,0.004098360655737705,4,0.07550550725278934,0.002868074718868388,0.0535544089582584,0.13126806707761002,0.00029067077414791437,0.01704906959772041
2023-03-07,0.004098360655737705,4,0.13004713528946407,0.0028611022597349657,0.05348927237993582,0.0452199015230637,0.00028335309330498415,0.016833095178991418
2023-03-08,0.004098360655737705,4,0.04675164964254159,0.002854245275340195,0.053425137111103374,0.08523988126485578,0.00027615853225134704,0.016618018300969192
2023-03-09,0.004098360655737705,4,0.08549139065491053,0.0028475036595289947,0.05336200576748399,0.07664967785516831,0.00026908692642578177,0.01640386925166687
2023-03-10,0.004098360655737705,3,0.07717598776160664,0.002840877258100362,0.053299880469850604,0.03660578545767917,0.000542753964920355,0.0232970806093887
2023-03-13,0.004098360655737705,3,0.03841309905914391,0.0030973151449936367,0.05565352769585803,0.03460213198677938,0.0005402674412420773,0.023243653784249956
2023-03-14,0.004098360655737705,3,0.036473542441624346,0.003094985164440351,0.055632590847814654,0.026853609132953725,0.0005290948187344201,0.023002061184476928
2023-03-15,0.004098360655737705,3,0.028972894752086406,0.0030845159324762806,0.05553841852696456,0.03089114083146102,0.0005178063754675263,0.022755359269137597
2023-03-16,0.004098360655737705,3,0.03288126585418529,0.0030739381714364384,0.05544310751965873,0.008104461820412074,0.0005066476201380453,0.0225088342687498
2023-03-17,0.004098360655737705,3,0.010823532464126095,0.0030634819336198852,0.05534873018976935,0.0044509566326243815,0.0004956261855774166,0.02226266348794359
2023-03-20,0.004098360655737705,4,0.007286902868723313,0.003053154371320795,0.05525535604193312,-0.009753017424478691,0.0003587187296134597,0.018939871425473292
2023-03-21,0.004098360655737705,4,-0.0064626862082535624,0.002924866145963223,0.054082031636794335,0.018194195702734273,0.0003488425301866303,0.018677326633826114
2023-03-22,0.004098360655737705,4,0.02059049586607664,0.0029156117186654217,0.05399640468276959,0.01845349199320831,0.0003407844278017337,0.018460347445314614
2023-03-23,0.004098360655737705,4,0.02084149727095598,0.002908060927165942,0.05392643996376863,0.03059278286297649,0.0003328653894399607,0.018244598911457622
2023-03-24,0.004098360655737705,4,0.032592452353962624,0.0029006404446888017,0.05385759412273075,0.019991736464099425,0.00032506319163284555,0.018029508912692147
2023-03-27,0.004098360655737705,4,0.022330533317463527,0.0028933294468799823,0.05378967788414411,0.04798968254963646,0.00031737771103842614,0.017815097839709613
2023-03-28,0.004098360655737705,4,0.04943282540331665,0.0028861278181627143,0.0537226936979403,-0.003413748470433714,0.0003098090644929701,0.017601393822449688
2023-03-29,0.004098360655737705,4,-0.0003262104011207273,0.0028790356680176493,0.053656646074998475,-0.005364006277882852,0.0003023573279622975,0.01738842511449204
2023-03-30,0.004098360655737705,4,-0.0022140794818996945,0.0028720530676280558,0.05359153914218228,-0.032757722226357186,0.0002950225326778235,0.017176219976404106
2023-03-31,0.004098360655737705,4,-0.02873147074639551,0.0028651800462591247,0.05352737660542617,0.000978761454920555,0.0002878046647452306,0.016964806652161723
2023-04-03,0.004098360655737705,4,0.003925783178096026,0.002858416590891278,0.053464161743089905,0.05160799916550092,0.0002807036648549201,0.016754213346347243
2023-04-04,0.004098360655737705,4,0.05293539210884052,0.0028517626459488485,0.05340189740026892,0.015736207729638633,0.00027371942805594004,0.01654446820106165
2023-04-06,0.004098360655737705,4,0.018211138902289772,0.002845218113088242,0.053340585983735145,0.06888738439025315,0.00026685180359430104,0.016335599272579535
2023-04-07,0.004098360655737705,4,0.06966200998268256,0.0028387828510464297,0.053280229457524204,0.05998886369936146,0.00026010059481686333,0.01612763450779014
2023-04-10,0.004098360655737705,4,0.06104815287474506,0.0028324566755508892,0.0532208293391872,0.0036441968820255513,0.00025346555914179637,0.01592060172046887
2023-04-11,0.004098360655737705,4,0.006505951354028663,0.002826239359291922,0.05316238669672311,0.04738523824192135,0.00024694640809642656,0.015714528567425324
2023-04-12,0.004098360655737705,4,0.04884771726262384,0.002820130631958119,0.05310490214620604,0.07998198016282643,0.00024054280742308721,0.015509442524574738
2023-04-13,0.004098360655737705,4,0.08040168975362404,0.002814130180335546,0.05304837585011954,0.020273857397539327,0.00023425437725338395,0.015305370862980876
2023-04-14,0.004098360655737705,3,0.02260362920522123,0.002808237648471039,0.052992807516407725,0.04940621880769662,0.0004145790969066935,0.020361215506611914
2023-04-17,0.004098360655737705,3,0.05080404668143676,0.0029772097333698707,0.054563813405680055,0.035853878520032016,0.0004086246928097701,0.020214467413458365
2023-04-18,0.004098360655737705,3,0.03768524561649373,0.0029716301984257895,0.05451266090025132,0.06233418906896897,0.00039918697928950723,0.019979664143561254
2023-04-19,0.004098360655737705,3,0.06331845131053994,0.0029627866514441957,0.05443148584637568,0.0641136564499557,0.00038982326323871254,0.019743942444170378
2023-04-20,0.004098360655737705,3,0.0650409935487959,0.0029540124433015446,0.054350827438977824,0.06561971150479015,0.0003805967174630974,0.019508888165733523
2023-04-21,0.004098360655737705,3,0.0664988699183266,0.002945366769657257,0.054271233353013607,0.014023772368502753,0.0003715086647897843,0.019274560041406503
2023-04-24,0.004098360655737705,4,0.016553484330277354,0.0029368508700577316,0.054192719714531136,0.004917427645826273,0.0003515084622614529,0.018748558938261172
2023-04-25,0.004098360655737705,4,0.007738451479137709,0.002918109812669103,0.05401953177017645,-0.030857718012191972,0.00034295172010703875,0.01851895569698893
2023-04-26,0.004098360655737705,4,-0.026892247646981865,0.002910091774074323,0.0539452664658756,-0.023548825644045854,0.0003346752523062988,0.018294131635754093
2023-04-27,0.004098360655737705,4,-0.019817166668528036,0.0029023363647073886,0.05387333630570311,-0.04596467497532032,0.00032652866899081297,0.018070104288321443
2023-04-28,0.004098360655737705,4,-0.04151593321635365,0.0028947026627375964,0.05380244104813086,-0.05078950408678394,0.00031851015880352094,0.01784685291034587
2023-05-04,0.004098360655737705,4,-0.046186416095480395,0.0028871889708448036,0.053732568995394255,0.013494575501355502,0.00031061978499409055,0.01762440878424268
2023-05-05,0.004098360655737705,4,0.01604121646532307,0.002879795348296692,0.053663724696452926,0.008643900333170595,0.00030285758085561243,0.01740280382167231
2023-05-08,0.004098360655737705,4,0.011345714344556682,0.0028725218262903324,0.05359591240281606,0.04714236251847052,0.00029522352569221903,0.017182069889632594
2023-05-09,0.004098360655737705,4,0.048612611131002,0.0028653683854327986,0.05352913585546472,-0.0031691653385036815,0.0002877175442485676,0.016962238774659657
2023-05-10,0.004098360655737705,4,-8.945148099891165e-05,0.0028583349552065707,0.05346339827589124,0.011974541623595925,0.0002803395065000384,0.01674334215442181
2023-05-11,0.004098360655737705,4,0.014569808455265038,0.0028514214137729385,0.05339870236038455,0.03257954436273077,0.0002730892275301587,0.016525411569160955
2023-05-12,0.004098360655737705,3,0.034515657374315285,0.0028446275878571455,0.05333505027519094,-0.0013945485158370434,0.0005594267216249854,0.02365220331438459
2023-05-15,0.004098360655737705,3,0.0016283953682463825,0.0031129382412990615,0.055793711485247706,0.015750226203275056,0.0005572842046213288,0.023606867742699978
2023-05-16,0.004098360655737705,3,0.01822470892510257,0.003110930609923091,0.055775717027422345,0.0006712750190787989,0.0005455446083418229,0.023356896376484245
2023-05-17,0.004098360655737705,3,0.003628133230090508,0.00309993009893917,0.05567701589470443,0.031454320077175475,0.0005336577742103928,0.023101034050673853
2023-05-18,0.004098360655737705,3,0.033426429001775185,0.0030887916197007387,0.05557689825548686,0.035280603876684975,0.0005219088562903286,0.022845324604617214
2023-05-19,0.004098360655737705,3,0.037130310022934924,0.003077782373935237,0.055477764680412614,0.0009333143467019438,0.0005103071347177295,0.022589978634733797
2023-05-22,0.004098360655737705,4,0.0038817899223895225,0.003066911057532767,0.055379698965710954,0.006461526031716798,0.000371289269317032,0.019268867878446623
2023-05-23,0.004098360655737705,4,0.009233154173965655,0.0029366452869822686,0.0541908229037193,0.0073442902149726185,0.00036090131005764477,0.018997402718730915
2023-05-24,0.004098360655737705,4,0.010087678740319017,0.002926911318520942,0.0541009363922746,0.009677248174032394,0.0003524655917733821,0.018774067001408674
2023-05-25,0.004098360655737705,4,0.012346005398899032,0.0029190066845425754,0.05402783249902383,0.030188063690516572,0.0003441782474835242,0.018552041598797805
2023-05-26,0.004098360655737705,4,0.032200680143556815,0.0029112410834335094,0.05395591796488602,0.00879023828779633,0.0003360139642336458,0.01833068368156643
2023-05-29,0.004098360655737705,4,0.011487370949558914,0.002903590795857359,0.05388497745993181,0.002469570469170713,0.0003279726243587337,0.018110014477043735
2023-05-30,0.004098360655737705,4,0.005368901227719755,0.0028960557115569018,0.05381501381173196,0.0010141549370123147,0.0003200544051891003,0.01789006442663358
2023-05-31,0.004098360655737705,4,0.003960044423069339,0.0028886359966983333,0.05374603238098914,0.022870902891912504,0.00031225943915511706,0.017670864131533497
2023-06-01,0.004098360655737705,4,0.025117595241648083,0.0028813317753746564,0.053678038110335745,0.009741537444378718,0.0003045878088456812,0.0174524442083532
2023-06-02,0.004098360655737705,4,0.012408238056165713,0.002874143124975251,0.05361103547755118,0.030416693480042358,0.0002970395465133971,0.017234835262148494
2023-06-05,0.004098360655737705,4,0.03242199606852946,0.002867070075722206,0.053545028487453496,0.05937455262416866,0.0002896146337061975,0.017018067860547433
2023-06-06,0.004098360655737705,4,0.060453493604362,0.0028601126103251343,0.053480020664965475,0.07006554815160243,0.0002823130009731519,0.016802172507540562
2023-06-07,0.004098360655737705,4,0.07080248429774491,0.0028532706637055013,0.053416015048911136,0.06810133927670613,0.0002751345276455152,0.01658717961696669
2023-06-08,0.004098360655737705,4,0.06890111044401911,0.002846544122791458,0.053353014186561735,0.020712447342289223,0.0002680790416944981,0.016373119485745474
2023-06-09,0.004098360655737705,3,0.02302818866226905,0.0028399328263845657,0.05329102012895386,0.014191021815325226,0.0005385195982090646,0.023206025041119484
2023-06-12,0.004098360655737705,3,0.01671538346906172,0.0030933473596960435,0.05561786906827736,0.023857273561394624,0.0005358317373440191,0.023148039600450383
2023-06-13,0.004098360655737705,3,0.026072411923827227,0.003090828717464641,0.05559522207406533,0.02575731320574644,0.0005246799833270853,0.022905894073951476
2023-06-14,0.004098360655737705,3,0.02791166932001618,0.0030803790401816647,0.05550116251198406,0.030715287911025856,0.0005134229304904838,0.022658837800965958
2023-06-15,0.004098360655737705,3,0.032711038466818255,0.0030698306933367404,0.05540605285830006,0.021584889570809916,0.0005022967475468839,0.022411977769641035
2023-06-16,0.004098360655737705,3,0.0238727214731103,0.003059404977258765,0.055311888209125214,0.035276017496967536,0.0004913087129463059,0.022165484721663676
2023-06-19,0.004098360655737705,4,0.037125870361456224,0.003049108712171151,0.05521873515548098,0.0573045216030086,0.00036100274539198265,0.019000072247020078
2023-06-20,0.004098360655737705,4,0.05844968285371419,0.0029270063678295366,0.05410181482935241,0.05661585926345237,0.0003511455637718892,0.01873887840218537
2023-06-21,0.004098360655737705,4,0.057783050815129716,0.002917769761041649,0.05401638419074021,0.02489028961503029,0.0003430404438012172,0.018521351025268574
2023-06-26,0.004098360655737705,4,0.027072381804813306,0.00291017491202465,0.05394603703725279,-0.03694587520565694,0.00033507404879994877,0.018305027965014115
2023-06-27,0.004098360655737705,4,-0.0327856447561045,0.002902710054321946,0.05387680441824613,0.0334400873699621,0.0003272247970023193,0.018089355903467632
2023-06-28,0.004098360655737705,4,0.035348671619830595,0.002895354964882787,0.05380850271920588,0.009414359556778098,0.0003194925875090157,0.01787435558304175
2023-06-29,0.004098360655737705,4,0.012091526585735202,0.00288810954916014,0.05374113460990696,0.0449016461176744,0.00031187755466917963,0.01766005534162279
2023-06-30,0.004098360655737705,4,0.046443575224210665,0.002880973933044978,0.05367470477836816,0.047041932370368585,0.000304379791669171,0.017446483647691618
2023-07-03,0.004098360655737705,4,0.04851539374227755,0.0028739482038569637,0.05360921752699776,0.05583670769542393,0.0002969993466593506,0.01723366898426886
2023-07-04,0.004098360655737705,4,0.0570288242975365,0.0028670324067150733,0.053544676735554894,0.053788569910093065,0.0002897362223364827,0.017021639825130913
2023-07-05,0.004098360655737705,4,0.05504620641833485,0.0028602265441462923,0.05348108585421852,0.040074417037636596,0.0002825903756286342,0.016810424611788787
2023-07-06,0.004098360655737705,4,0.04177076915147909,0.0028535305757903507,0.05341844789761633,0.078759933894859,0.0002755617174440882,0.016600051730163018
2023-07-07,0.004098360655737705,4,0.07921873673286696,0.0028469444181644446,0.05335676543948709,0.02456097533529008,0.0002686501124852593,0.016390549486983628
2023-07-10,0.004098360655737705,4,0.0267536022854052,0.002840467944488868,0.05329604060799327,0.019261843060868415,0.00026185537912887165,0.016181946085958625
2023-07-11,0.004098360655737705,4,0.021623989196495913,0.0028341009845747316,0.05323627508170281,0.026574985041128135,0.0002551772893734868,0.015974269603756124
2023-07-12,0.004098360655737705,4,0.028703183842016713,0.002827843324774798,0.053177470086257374,-0.00293629065811143,0.00024861556885527077,0.01576754796584652
2023-07-13,0.004098360655737705,4,0.00013597354082618696,0.002821694707998251,0.05311962639174198,-0.006236093283913933,0.00024216989693269213,0.015561808922252326
2023-07-14,0.004098360655737705,3,-0.0030582684338150284,0.0028156548337900673,0.05306274431076918,-0.0006111816611507531,0.0004409489463628562,0.020998784402028042
2023-07-17,0.004098360655737705,3,0.0023867023255217806,0.0030019194262485994,0.05478977483297955,0.005621758379154905,0.0004354941150825303,0.02086849575514561
2023-07-18,0.004098360655737705,3,0.008420250679743238,0.0029968080127054085,0.05474310927144537,-0.007302777874795969,0.0004257255852125424,0.020633118649698655
2023-07-19,0.004098360655737705,3,-0.004090829795896436,0.0029876544764531306,0.05465944087212318,-0.009537394806152295,0.00041600532880142196,0.020396208686945277
2023-07-20,0.004098360655737705,3,-0.006253961355210974,0.002978546174525941,0.054576058620295596,-0.024497474827339296,0.000406419913439162,0.020159858963771597
2023-07-21,0.004098360655737705,3,-0.020735468574463428,0.0029695642245110105,0.05449370811856182,-0.03850756995501055,0.00039697137539958076,0.019924140518466055
2023-07-24,0.004098360655737705,4,-0.0342973809069141,0.002960710534485242,0.05441241158490627,-0.034013195355171444,0.00037474814303541137,0.019358412719936813
2023-07-25,0.004098360655737705,4,-0.02994678130307385,0.002939886401704199,0.05422071930271858,-0.031118042429002173,0.0003658327459651769,0.019126754715977745
2023-07-26,0.004098360655737705,4,-0.02714424428844671,0.002931532287894652,0.0541436264752801,-0.05581939214640914,0.00035724204520334835,0.01890084773769019
2023-07-27,0.004098360655737705,4,-0.051055398089181955,0.002923482428611582,0.05406923735925616,-0.06381469403169315,0.00034878039913540824,0.01867566328501904
2023-07-28,0.004098360655737705,4,-0.05879493035156731,0.002915553499175148,0.05399586557483033,-0.0500575961640871,0.0003404452469351249,0.018451158417159743
2023-07-31,0.004098360655737705,4,-0.04547792189950341,0.0029077430999800806,0.05392349302465559,-0.04672913204643558,0.00033223678604642535,0.018227363661441152
2023-08-01,0.004098360655737705,4,-0.0422559353138348,0.0029000514160399046,0.053852125455174975,-0.03196484663774843,0.0003241552014542924,0.0180043106353532
2023-08-02,0.004098360655737705,4,-0.027963959239495434,0.0028924786206935738,0.0537817684786729,-0.02497829860993717,0.0003162006264383179,0.017782030998688476
2023-08-03,0.004098360655737705,4,-0.021200910809332355,0.0028850248388298475,0.053712427228992804,-0.012162352454878674,0.0003083731415421729,0.017560556413228283
2023-08-04,0.004098360655737705,4,-0.00879494663646796,0.0028776901459216394,0.05364410634842973,-0.01926044706904492,0.00030067277412883936,0.01733991851563436
2023-08-07,0.004098360655737705,4,-0.015665973278866208,0.002870474567609251,0.05357680997977811,-0.05986177609350182,0.00029309949801984916,0.017120148890119185
2023-08-08,0.004098360655737705,4,-0.0549684662164852,0.002863378079362321,0.05351054175919284,-0.07501250442997863,0.0002856532332140258,0.016901279040771613
2023-08-09,0.004098360655737705,4,-0.06963452291343415,0.002856400606216278,0.05344530480983599,-0.0812030484393382,0.000278333845687378,0.0166833403635896
2023-08-10,0.004098360655737705,4,-0.07562703148529189,0.002849542022584827,0.05338110173633387,-0.020807505568216807,0.0002711411472756395,0.01646636411827576
2023-08-11,0.004098360655737705,3,-0.017163541392982887,0.002842802152149888,0.0533179346200684,-0.058098307847083454,0.0005511232297527668,0.023476013923849313
2023-08-14,0.004098360655737705,3,-0.05326141130065169,0.0031051575092048327,0.05572394018018497,-0.06452581771278529,0.0005486743045742836,0.023423797825593604
2023-08-15,0.004098360655737705,3,-0.05948330519360907,0.0031028627600768978,0.05570334604022363,-0.06933583537577101,0.0005370897399684989,0.02317519665436518
2023-08-16,0.004098360655737705,3,-0.06413945044233836,0.0030920075204966114,0.05560582272115584,-0.07900009753315003,0.0005253776398074438,0.022921117769590642
2023-08-17,0.004098360655737705,3,-0.0734945529553347,0.0030810327745684754,0.05550705157516904,-0.07138642462167782,0.0005138028537094148,0.022667219805468312
2023-08-18,0.004098360655737705,3,-0.06612444135991803,0.003070186697874153,0.05540926545149424,-0.07306733539927976,0.0005023738328778548,0.022413697438795205
2023-08-21,0.004098360655737705,4,-0.06775157981949091,0.003059477209557888,0.05531254115983,-0.041160780570590624,0.00035721446602407015,0.018900118148415638
2023-08-22,0.004098360655737705,4,-0.03686571534291343,0.0029234565857241984,0.05406899837914698,-0.010512956592737493,0.00034711327684499877,0.0186309762719241
2023-08-23,0.004098360655737705,4,-0.007198314930542932,0.0029139913332683694,0.05398139802995444,-0.03768984833641682,0.0003389243181514267,0.018409897287910836
2023-08-24,0.004098360655737705,4,-0.03350581819426597,0.0029063179237310438,0.05391027660595931,-0.013400542523769257,0.00033088053325816736,0.018190121859354525
2023-08-25,0.004098360655737705,4,-0.009993527018127099,0.0028987805483423287,0.053840324556435656,-0.04417706456045656,0.0003229587230152279,0.017971052362486396
2023-08-28,0.004098360655737705,4,-0.03978550843978844,0.00289135746849229,0.05377134430616636,0.005679704474176009,0.0003151587402533864,0.01775271078605705
2023-08-29,0.004098360655737705,4,0.008476343079796389,0.0028840485462769817,0.05370333831594626,-0.00390351794858471,0.0003074806828028593,0.01753512711111212
2023-08-30,0.004098360655737705,4,-0.0008003121588364831,0.002876853873367561,0.05363631114615882,0.0009122662835619541,0.00029992460315243926,0.017318331419407567
2023-08-31,0.004098360655737705,4,0.0038614151865671575,0.002869773498948303,0.05357026692997061,-0.04410484771442992,0.0002924905045269976,0.017102353771542605
2023-09-01,0.004098360655737705,4,-0.03971560180990373,0.002862807426041053,0.053505209335550245,-0.015369777304065047,0.00028517834052374817,0.016887224180538025
2023-09-04,0.004098360655737705,4,-0.01189976599859173,0.0028559556111643863,0.05344114155933036,-0.021164327451909725,0.00027798801486093785,0.016672972586222825
2023-09-05,0.004098360655737705,4,-0.017508948548383668,0.0028492179640981245,0.0533780663203354,-0.0015155435649436045,0.0002709193812002661,0.016459628829359006
2023-09-06,0.004098360655737705,4,0.0015112709494833343,0.002842594347716931,0.05331598585524731,0.045205527179298814,0.0002639722430439184,0.016247222625541832
2023-09-07,0.004098360655737705,4,0.04673773513388198,0.00283608457789383,0.05325490191422598,0.01781179535433218,0.00025714635370733163,0.016035783538927297
2023-09-08,0.004098360655737705,3,0.02022032850078269,0.002829688423474684,0.05319481575750295,0.016930205491428204,0.000494897231440569,0.02224628578978003
2023-09-11,0.004098360655737705,3,0.01936694068828551,0.003052471309672145,0.055249174742000855,0.011778609328848583,0.0004906073740675678,0.022149658554198252
2023-09-12,0.004098360655737705,3,0.014380144032558065,0.0030484515272173143,0.05521278409224909,-2.804285854316064e-05,0.00047993302877353953,0.02190737384474779
2023-09-13,0.004098360655737705,3,0.002951186523990526,0.003038449202617949,0.05512212988100105,0.006610030588908278,0.00046924058634117185,0.02166196173805992
2023-09-14,0.004098360655737705,3,0.009376908071940429,0.0030284299202148956,0.055031172259137784,-0.01015016172148028,0.0004586850695998125,0.021416934178350843
2023-09-15,0.004098360655737705,3,-0.0068471258633869825,0.0030185389431242274,0.05494123172194292,-0.004842942945286445,0.0004482707832155998,0.021172406174443183
2023-09-18,0.004098360655737705,4,-0.001709684959811858,0.003008780305004855,0.054852350040858366,-0.024426567307623635,0.0003282700595627862,0.018118224514636808
2023-09-19,0.004098360655737705,4,-0.02066682938555485,0.0028963344212459986,0.053817603265530124,-0.04688465969626219,0.00031925278916103487,0.017867646435975694
2023-09-20,0.004098360655737705,4,-0.04240648763578546,0.0028878848477055,0.05373904397833571,-0.04436202878383233,0.000311629746951517,0.017653037895827364
2023-09-21,0.004098360655737705,4,-0.0399645556596112,0.0028807417264634957,0.05367254164340921,-0.03556628680581326,0.00030413842850228636,0.01743956503191196
2023-09-22,0.004098360655737705,4,-0.03145018937460663,0.002873722036099128,0.05360710807438812,-0.05553222611577792,0.00029676448037812387,0.017226853467134498
2023-09-25,0.004098360655737705,4,-0.050777418496838825,0.0028668123268209378,0.053542621590849826,-0.03949732213745359,0.00028950774731253547,0.017014927190926663
2023-09-26,0.004098360655737705,4,-0.03525547092749025,0.0028600124531374836,0.053479084258591075,-0.05687989367525615,0.00028236818405204256,0.016803814568485412
2023-09-27,0.004098360655737705,4,-0.052081974185317556,0.0028533223726442936,0.05341649906765038,-0.07009512288429529,0.00027534570102446827,0.016593543956143555
2023-09-28,0.004098360655737705,4,-0.06487444835148122,0.002846742001408352,0.053354868582054925,-0.007676086594849829,0.0002684401625404914,0.016384143631587567
2023-10-09,0.004098360655737705,4,-0.00445219637393704,0.0028402712122828785,0.053294194921050066,0.0047258558713713155,0.00026165138665818605,0.016175641769592516
2023-10-10,0.004098360655737705,4,0.007553008083725013,0.0028339098347803958,0.05323447975495201,0.023652742607783585,0.00025497914513077487,0.01596806641803493
2023-10-11,0.004098360655737705,4,0.025874423913262848,0.0028276576550237725,0.05317572430182566,0.06675654335634777,0.00024842316342263995,0.01576144547377048
2023-10-12,0.004098360655737705,4,0.06759933453095515,0.0028215144157612243,0.05311792932486379,0.049653265449614264,0.00024198312079412663,0.015555806658419442
2023-10-13,0.004098360655737705,3,0.05104319030388769,0.0028154798164457817,0.05306109513047937,-0.008383037219504133,0.0004403157401708302,0.020983701774730554
2023-10-16,0.004098360655737705,3,-0.005136531655572374,0.0030013260845778446,0.0547843598536831,0.009509219580060528,0.0004348536674666729,0.02085314526556301
2023-10-17,0.004098360655737705,3,0.012183352037874337,0.002996207885506387,0.054737627693446735,0.0041962591297276895,0.000425099070368897,0.02061793079746115
2023-10-18,0.004098360655737705,3,0.007040353136255284,0.002987067404866083,0.05465407034124799,0.013017197362017067,0.0004153932266277697,0.020381197870286468
2023-10-19,0.004098360655737705,3,0.01557910964762206,0.002977972608235906,0.05457080362461145,0.003445553376803555,0.0004058220741599959,0.02014502604019156
2023-10-20,0.004098360655737705,3,0.006313662452441499,0.002969004023171841,0.05448856782089102,-0.0021704299735387155,0.0003963876303420056,0.01990948593866767
2023-10-23,0.004098360655737705,4,0.0008773343501851244,0.0029601635400431183,0.05440738497707015,0.055916677389354075,0.00037495601504040834,0.019363781010959827
2023-10-24,0.004098360655737705,4,0.05710623576180211,0.002940081186790481,0.05422251549670562,0.08263923008573991,0.000366042671520606,0.019132241675261317
2023-10-25,0.004098360655737705,4,0.08297393427955782,0.0029317289972467728,0.05414544299612639,0.08217873140374349,0.00035744262685870787,0.01890615314808139
2023-10-26,0.004098360655737705,4,0.08252816694553669,0.0029236703823239943,0.05407097541494877,0.06761449554014205,0.0003489717494228947,0.018680785567606484
2023-10-27,0.004098360655737705,4,0.0684298408334478,0.0029157328026954013,0.053997525894205575,0.013711503672914549,0.0003406276401879333,0.01845610035158926
2023-10-30,0.004098360655737705,4,0.01625120510696418,0.00290791401037028,0.053925077750247886,0.06639584152009281,0.0003324104958615926,0.01823212812212531
2023-10-31,0.004098360655737705,4,0.06725017154263382,0.002900214189672342,0.05385363673580775,0.058035840124938155,0.00032432049831217317,0.018008900530353682
2023-11-01,0.004098360655737705,4,0.05915760650384823,0.002892633511020075,0.05378320844854902,0.05642481913626937,0.0003163577775254634,0.017786449266940927
2023-11-02,0.004098360655737705,4,0.05759812205959837,0.002885172096215802,0.053713798005873704,0.018230082390928562,0.00030852241060787673,0.017564806022495005
2023-11-03,0.004098360655737705,4,0.020625234539494483,0.002877830017511577,0.0536454100320948,0.038314294431499196,0.0003008144213470608,0.017344002460420168
2023-11-06,0.004098360655737705,4,0.04006695284892927,0.002870607297197457,0.05357804865051971,0.03126219311286536,0.0002932337798564269,0.017124070189543924
2023-11-07,0.004098360655737705,4,0.033240448177024935,0.002863503907268413,0.0535117174763473,0.06568400604102628,0.0002857804022994353,0.016905040736402716
2023-11-08,0.004098360655737705,4,0.06656110767302732,0.00285651976916597,0.053446419610353416,0.11989937206652991,0.0002784541506952797,0.01668694551723831
2023-11-09,0.004098360655737705,4,0.11904212471176176,0.002849654753596127,0.05338215763339027,0.1427800140845089,0.0002712548328074474,0.01646981580976082
2023-11-10,0.004098360655737705,3,0.14119081523315136,0.002842908680424932,0.05331893360172287,0.06911152808748694,0.0005515908152164911,0.023485970604096632
2023-11-13,0.004098360655737705,3,0.06987898332540828,0.0031055956570684522,0.05572787145646649,0.07486816567737527,0.0005491450501191267,0.023433844117411184
2023-11-14,0.004098360655737705,3,0.07545146613957263,0.0031033038690736117,0.05570730534744623,0.09342370305650836,0.00053753825423612,0.023184871236134136
2023-11-15,0.004098360655737705,3,0.09341341207385005,0.0030924277978221634,0.05560960166933552,0.0923856208613202,0.0005258033886422835,0.022930403150452534
2023-11-16,0.004098360655737705,3,0.09240853811712625,0.0030814317196959347,0.055510645102502046,0.105230094593895,0.0005142064092850398,0.022676119802228948
2023-11-17,0.004098360655737705,3,0.1048421172706034,0.0030705648469549723,0.05541267767357008,0.09283389390762443,0.0005027558069177028,0.022422216815419987
2023-11-20,0.004098360655737705,4,0.09284247091341193,0.0030598351358034656,0.05531577655428391,0.07954370412771189,0.0003695038625594954,0.019222483256840034
2023-11-21,0.004098360655737705,4,0.07997743416424566,0.002934972283398548,0.054175384478548444,0.10009178501391473,0.0003592558910910771,0.018954046826234156
2023-11-22,0.004098360655737705,4,0.09986818215983824,0.0029253694895701055,0.05408668495637448,0.08407651070749621,0.00035086801559678363,0.018731471260869596
2023-11-23,0.004098360655737705,4,0.08436523630939843,0.0029175096863613857,0.05401397676862338,0.04359677825885247,0.0003426263207860447,0.018510168037758186
2023-11-24,0.004098360655737705,4,0.04518045007441611,0.0029097868607945534,0.053942440256207855,0.07699909718196007,0.0003345069554640706,0.018289531307938717
2023-11-27,0.004098360655737705,4,0.07751422916782338,0.002902178663265413,0.05387187265415425,0.0808426369633053,0.00032650981616656044,0.018069582622920775
2023-11-28,0.004098360655737705,4,0.0812348141521421,0.002894684996823426,0.05380227687397092,0.12630263549178175,0.0003186350726691175,0.017850352172131437
2023-11-29,0.004098360655737705,4,0.12524054780764318,0.0028873060205556983,0.05373365817209636,0.12114160030434977,0.0003108828501016435,0.017631870295055016
2023-11-30,0.004098360655737705,4,0.12024461408136877,0.0028800418517143755,0.05366602138890469,0.1479717341392048,0.0003032532243391079,0.017414167345558267
2023-12-01,0.004098360655737705,4,0.14621645221810986,0.0028728925613975957,0.05359937090486786,0.1416175004566186,0.00029574622152180654,0.017197273665375178
2023-12-04,0.004098360655737705,4,0.14006549040394384,0.0028658581740999495,0.05353371063264669,0.2155978583192875,0.00028836181769652903,0.016981219558574966
2023-12-05,0.004098360655737705,4,0.2116792173996444,0.0028589386673762403,0.05346904401030787,0.1772631351754813,0.0002810999385306497,0.016766035265698618
2023-12-06,0.004098360655737705,4,0.17457082164448412,0.002852133971573573,0.05340537399525981,0.15331169225401953,0.00027396045910020947,0.01655175093759598
2023-12-07,0.004098360655737705,4,0.15138558512920905,0.002845443969632779,0.053342703058926244,0.06593727720941325,0.00026694320375343704,0.016338396609013903
2023-12-08,0.004098360655737705,3,0.06680627669941155,0.0028388684969605283,0.053281033182179645,0.046468575373509624,0.0005338696353070863,0.023105619128408708
2023-12-11,0.004098360655737705,3,0.047960378429694805,0.0030889901427389893,0.055578684248000956,0.054407358949512,0.0005310486533922463,0.023044492908116818
2023-12-12,0.004098360655737705,3,0.055645200402915734,0.003086346760309066,0.05555489861667525,0.04937160489979741,0.0005200035446603526,0.02280358622367001
2023-12-13,0.004098360655737705,3,0.0507705400720858,0.0030759970142845024,0.055461671578528014,0.05979182489501659,0.0005088623847590784,0.02255797829503075
2023-12-14,0.004098360655737705,3,0.06085741733967092,0.0030655572641474778,0.055367474785721245,0.05958658770223791,0.0004978513862071182,0.02231258358431668
2023-12-15,0.004098360655737705,3,0.06065874568252241,0.00305523948084123,0.055274220761954033,0.08601558682840106,0.0004869774288093688,0.02206756508564932
2023-12-18,0.004098360655737705,4,0.08624228140566763,0.003045050111041397,0.05518197269979932,0.052279896608339635,0.0003492919743662646,0.018689354573292908
2023-12-19,0.004098360655737705,4,0.053585795559576474,0.00291603286735887,0.0540003043265394,0.04812244446506013,0.00033963757459491993,0.018429258655597625
2023-12-20,0.004098360655737705,4,0.04956134026646757,0.0029069862759600463,0.05391647499568241,0.029847958607310418,0.0003317347964431161,0.018213588236344756
2023-12-21,0.004098360655737705,4,0.031871455018371714,0.0028995810300050237,0.05384775789208891,0.059191356212979815,0.0003239688178306365,0.01799913380778743
2023-12-22,0.004098360655737705,4,0.06027615764443296,0.002892303971152786,0.053780144766937786,0.027880422151231217,0.0003163192226125592,0.017785365405651895
2023-12-25,0.004098360655737705,4,0.02996686003274994,0.0028851359685898776,0.05371346170737721,0.046838256707830664,0.00030878587156479755,0.017572304105176347
2023-12-26,0.004098360655737705,4,0.048318233662033874,0.00287807689185729,0.053647710965681376,0.044408171291226387,0.000301368830060891,0.017359977824320253
2023-12-27,0.004098360655737705,4,0.045965886652250786,0.0028711268022128655,0.05358289654556634,0.06462015819149858,0.0002940681221143569,0.01714841456561967
2023-12-28,0.004098360655737705,4,0.06553129230497429,0.0028642857221583113,0.0535190220590615,0.014978205192650623,0.00028688372716083603,0.016937642314113144
2023-12-29,0.004098360655737705,4,0.01747738485845729,0.0028575536324239306,0.053456090695298046,-0.014522996556564341,0.00027981557974799906,0.016727689013967203
2024-01-02,0.004098360655737705,4,-0.011080073758263559,0.0028509304716780523,0.053394105214696244,0.06003576337968953,0.0002728635693194535,0.016518582545710557
2024-01-03,0.004098360655737705,4,0.06109355223479459,0.00284441613632454,0.053333067944048934,0.05842687910003797,0.000266027540062308,0.016310350703228546
2024-01-04,0.004098360655737705,4,0.059536136146263054,0.002838010480359955,0.05327298077224472,0.071013180650805,0.00025930729081919724,0.01610302117055049
2024-01-05,0.004098360655737705,4,0.07171980204330276,0.0028317133152911205,0.05321384514664507,0.06537853525105342,0.0002527025750657344,0.015896621498473644
2024-01-08,0.004098360655737705,4,0.06626540889040064,0.002825524410113991,0.05315566207013126,0.27229972728794793,0.00024621310095416626,0.015691179081068644
2024-01-09,0.004098360655737705,4,0.26656719417863567,0.0028194434913545617,0.053098432098834726,0.2249678767023737,0.00023983853142382273,0.015486721132112592
2024-01-10,0.004098360655737705,4,0.22074948899358104,0.0028134702431723627,0.053042155340562495,0.18152057812081554,0.0002335784843787448,0.015283274661496626
2024-01-11,0.004098360655737705,4,0.17869206903494572,0.0028076043075269046,0.052986831453927345,0.125819347461226,0.00022743253293268002,0.015080866451655886
2024-01-12,0.004098360655737705,3,0.12477272015608254,0.00280184528440725,0.052932459648189885,0.1405312683479257,0.00039302315073114403,0.01982481149295357
2024-01-15,0.004098360655737705,3,0.13901400684893997,0.0029570108766947996,0.054378404506704676,0.1752965488927911,0.0003867818249868658,0.0196667695615438
2024-01-16,0.004098360655737705,3,0.17266714643621467,0.002951162483720331,0.05432460293200799,0.20334160769754805,0.0003776531213961778,0.01943329929261055
2024-01-17,0.004098360655737705,3,0.19981504410589726,0.002942608492447767,0.05424581543720922,0.3767072147869563,0.0003686143645340223,0.019199332398133595
2024-01-18,0.004098360655737705,3,0.3676346872548481,0.0029341387851617748,0.054167691340519346,0.32746202603986535,0.0003597135247819908,0.01896611517369835
2024-01-19,0.004098360655737705,3,0.3199648515758633,0.002925798312190888,0.054090649027266145,0.29981421915670997,0.00035095146691805176,0.018733698698283043
2024-01-22,0.004098360655737705,3,0.2932014977430043,0.002917587883869577,0.05401470062741787,0.5185642023378969,0.0006615810980486777,0.025721218828987823
2024-01-23,0.004098360655737705,4,0.50495367127171,0.0032086613235200547,0.0566450467695107,0.34857290881388864,0.00032797375332573037,0.018110045646704768
2024-01-24,0.004098360655737705,4,0.34040039743282685,0.0028960567694479526,0.05381502364068934,0.2379004214980798,0.00031649799924576816,0.017790390643427932
2024-01-25,0.004098360655737705,4,0.23326832181780977,0.0028853034900506213,0.053715021083963296,0.07581538096262383,0.0003085972857091427,0.01756693728881454
2024-01-26,0.004098360655737705,4,0.07636838001784645,0.002877900178729585,0.053646063963068015,0.22921210116813032,0.0003008636413023661,0.017345421335394712
2024-01-29,0.004098360655737705,4,0.22485794076348714,0.0028706534184307665,0.05357847906044708,0.33855582428595377,0.000293258790023591,0.017124800437482213
2024-01-30,0.004098360655737705,4,0.33070375933318374,0.0028635273428800007,0.05351193645234679,0.4424611316822336,0.0002857822259586737,0.016905094674643906
2024-01-31,0.004098360655737705,4,0.4312851370428521,0.0028565214780137877,0.053446435596901945,0.4100333514452599,0.0002784337945356918,0.01668633556343908
2024-02-01,0.004098360655737705,4,0.39989472115329816,0.002849635678991532,0.05338197897222931,0.4072643153207892,0.0002712132903619105,0.016468554592371197
2024-02-02,0.004098360655737705,3,0.3972142664652148,0.00284286975335133,0.05331856856059932,0.38037958376657316,0.0005513216948145243,0.02348024051866855
2024-02-05,0.004098360655737705,2,0.3711895771895786,0.003105343479577221,0.05572560883092459,0.49331924778351305,0.001483482704229637,0.038516005818745494
2024-02-06,0.004098360655737705,3,0.4805163025469936,0.003978818783046964,0.06307787871391178,0.13159328319455282,0.000558347054817226,0.023629368481134363
2024-02-07,0.004098360655737705,3,0.1303619477462594,0.003111926546663662,0.05578464436261705,0.022230102314857073,0.0005258236522687729,0.022930844996832823
2024-02-08,0.004098360655737705,3,0.02449729386828732,0.003081450707593002,0.055510816131570266,0.02866683982016649,0.0005135853320250804,0.022662421142170146
2024-02-19,0.004098360655737705,3,0.03072812020875869,0.0030699828706197236,0.055407426132421306,0.1981814970699431,0.0005020389933743831,0.02240622666524605
2024-02-20,0.004098360655737705,4,0.19482000536279076,0.0030591634504176166,0.055309704848404466,0.17545822158106264,0.00036436070913984856,0.019088234835621876
2024-02-21,0.004098360655737705,4,0.17282364721689528,0.002930152925531567,0.054130886982679004,0.2195219981721123,0.00035412986137202754,0.018818338432816738
2024-02-22,0.004098360655737705,4,0.21547782406000704,0.0029205661773534196,0.05404226288150247,0.11241739839156913,0.00034577682045380993,0.018595075166662003
2024-02-23,0.004098360655737705,4,0.11179949929567094,0.0029127390156536257,0.053969797254146,0.04776068492753452,0.0003375711566539822,0.018373109607629903
2024-02-26,0.004098360655737705,4,0.049211153412728074,0.002905049952707062,0.05389851531078627,0.13479800380167653,0.0003294893655590207,0.018151841932956023
2024-02-27,0.004098360655737705,4,0.1334641493749955,0.0028974769638586226,0.053828217171467074,0.05008121058545326,0.00032153132164657554,0.0179312944777162
2024-02-28,0.004098360655737705,4,0.051457445479349294,0.002890019931488421,0.05375890560166214,0.13757015837948033,0.0003136971580067913,0.01771149790409584
2024-02-29,0.004098360655737705,4,0.13614762275712283,0.0028826789803076953,0.05369058558357969,0.06835185175974855,0.00030598696130916975,0.017492482994394185
2024-03-01,0.004098360655737705,4,0.06914360903537384,0.002875454191529529,0.05362326166440763,0.059008417589062785,0.0002984007675138872,0.017274280520875165
2024-03-04,0.004098360655737705,4,0.06009907122516364,0.0028683455988501674,0.053556937915177405,0.19982448957139057,0.0002909385614520187,0.017056921218438534
2024-03-05,0.004098360655737705,4,0.19641043855146306,0.002861353188055669,0.0534916179233314,0.3143627503952393,0.0002836002765259576,0.016840435758196923
2024-03-06,0.004098360655737705,4,0.3072846216208113,0.0028544768967411886,0.0534273047864216,0.23081335210293719,0.00027638579448637424,0.016624854720759946
2024-03-07,0.004098360655737705,4,0.22640796769779492,0.002847716614101974,0.05336400110656971,0.19455415569311552,0.0002692949452867054,0.016410208569262775
2024-03-08,0.004098360655737705,3,0.1913087025983117,0.002841072180797018,0.053301708985707186,0.15129588535781954,0.0005435667391525369,0.023314517776538653
2024-03-11,0.004098360655737705,3,0.14943426387433634,0.003098076749707776,0.05566036965119596,0.12201525659816725,0.0005410529276239675,0.023260544439543274
2024-03-12,0.004098360655737705,3,0.12109032211957078,0.0030957211992550054,0.05563920559511077,0.11429629098189667,0.0005298100767329195,0.023017603627070293
2024-03-13,0.004098360655737705,3,0.11361828613187058,0.0030851861602491527,0.05554445211044171,0.11260433750435928,0.0005184511082965508,0.022769521477109502
2024-03-14,0.004098360655737705,3,0.11198045822821656,0.0030745423140660926,0.055448555563387694,0.11864297218237539,0.000507223363279893,0.022521619907988257
2024-03-15,0.004098360655737705,3,0.11782591704663672,0.0030640214299198446,0.05535360358567312,0.06882805172929686,0.000496134557143692,0.02227407814352127
2024-03-18,0.004098360655737705,4,0.06960457537292386,0.003053630737531828,0.055259666462365006,0.031370619108692134,0.00035654271503020166,0.018882338706585095
2024-03-19,0.004098360655737705,4,0.03334540562638994,0.002922827125902023,0.05406317717173144,0.06683119357042289,0.00034665226063883617,0.01861859985710086
2024-03-20,0.004098360655737705,4,0.06767159668547013,0.002913559341084063,0.05397739657564139,0.08387611831844462,0.00033859648107320274,0.018400991306807432
2024-03-21,0.004098360655737705,4,0.08417125447075693,0.002906010726166998,0.05390742737477831,0.08954884395120004,0.00033068072649046,0.01818462885215038
2024-03-22,0.004098360655737705,4,0.08966250967041114,0.0028985933207332617,0.05383858579804322,0.11124910198277692,0.0003228828056417359,0.017968940025547858
2024-03-25,0.004098360655737705,4,0.11066857667666154,0.0028912863306199913,0.05377068281712621,0.11120461272511423,0.00031520258648988194,0.017753945659764816
2024-03-26,0.004098360655737705,4,0.11062551062988177,0.0028840896321026513,0.053703720840391045,0.15368550783640875,0.00030764017247906985,0.017539674240962113
2024-03-27,0.004098360655737705,4,0.15174744235506427,0.0028770033221129183,0.05363770429569967,0.18251020419695216,0.00030019562516403475,0.01732615436743061
2024-03-28,0.004098360655737705,4,0.17965003698335483,0.0028700274583302494,0.0535726372164956,0.14144107203366676,0.0002928689604472898,0.01711341463435307
2024-03-29,0.004098360655737705,4,0.13989470592437955,0.0028631620556559888,0.05350852320570984,0.13061363191344103,0.0002856601482076899,0.016901483609662492
2024-04-01,0.004098360655737705,4,0.12941363549928755,0.0028564070858653175,0.05344536542924295,0.0959106910890851,0.0002785691120315273,0.016690389810652333
2024-04-02,0.004098360655737705,4,0.09582084138552141,0.0028497624773552756,0.05338316661041452,0.1175675413114117,0.000271595729009259,0.01648016168031306
2024-04-03,0.004098360655737705,4,0.11678488919788113,0.0028432281149542906,0.05332192902506708,0.13935912055161911,0.00026473982959876165,0.016270827563426564
2024-04-08,0.004098360655737705,4,0.1378793560482621,0.002836803839794037,0.053261654497340175,0.24928933799942796,0.0002580011975562424,0.016062415682463284
2024-04-09,0.004098360655737705,4,0.24429290700051992,0.002830489449244701,0.05320234439613259,0.22050675008802556,0.0002513795699357543,0.015854954113328563
2024-04-10,0.004098360655737705,4,0.21643107377252688,0.002824284696914523,0.0531439996322682,0.24269132194594503,0.00024487463715805577,0.015648470761005874
2024-04-11,0.004098360655737705,4,0.2379059614109284,0.002818189292714324,0.05308662065637936,0.21613619540325477,0.00023848604314935672,0.01544299333514577
2024-04-12,0.004098360655737705,3,0.21220033308597913,0.0028122029029875165,0.05303020745751912,0.23139087451939463,0.000428438788827402,0.02069876297819273
2024-04-15,0.004098360655737705,3,0.22696701517824724,0.0029901968659404917,0.054682692563008374,0.2584285891551176,0.0004226770164755711,0.020559110303599498
2024-04-16,0.004098360655737705,3,0.253139793608228,0.0029847978352980312,0.05463330335333963,0.2507910198732731,0.0004130106229754767,0.020322662792446187
2024-04-17,0.004098360655737705,3,0.24574655008707497,0.0029757400052550747,0.05455034376844086,0.19084155088406266,0.00040340714108548373,0.02008499791101517
2024-04-18,0.004098360655737705,3,0.18771486397790407,0.002966741126119923,0.05446779898361896,0.17805335869903016,0.000393941327683269,0.019847955251946457
2024-04-19,0.004098360655737705,3,0.17533576592585756,0.0029578712483299525,0.054386314899337984,0.2376686435258223,0.00038461485821157746,0.019611600093097387
2024-04-22,0.004098360655737705,4,0.23304395842043768,0.0029491319418476973,0.0543059107450349,0.20991925674474915,0.00036426620107982507,0.019085759117201104
2024-04-23,0.004098360655737705,4,0.2061822742295229,0.0029300643673795144,0.05413006897630479,0.2422376891124598,0.000355465254724033,0.01885378621720404
2024-04-24,0.004098360655737705,4,0.23746684028699705,0.0029218174988543334,0.054053838891001384,0.14739302372804305,0.00034695703415806717,0.018626782710872727
2024-04-25,0.004098360655737705,4,0.14565625474689137,0.0029138449270928223,0.05398004193304061,0.15321631282732612,0.0003385801077941153,0.018400546399335953
2024-04-26,0.004098360655737705,4,0.15129325688936857,0.0029059953836942116,0.05390728507070461,0.06646055841612203,0.00033033245975875035,0.018175050474723595
2024-04-29,0.004098360655737705,4,0.06731281814584232,0.0028982669796976507,0.05383555497714917,-0.013123649916245681,0.0003222142247577713,0.017950326591952896
2024-04-30,0.004098360655737705,4,-0.009725492202194874,0.0028906598413283168,0.05376485693581186,0.032343261381591284,0.0003142255121725959,0.01772640719865692
2024-05-06,0.004098360655737705,4,0.03428693308324786,0.002883174071081343,0.05369519597767889,0.08162525510164365,0.000306366376750554,0.01750332473419133
2024-05-07,0.004098360655737705,4,0.08199239634449762,0.002875809720257353,0.05362657662257915,0.10844958236356288,0.00029863681783525337,0.017281111591424127
2024-05-08,0.004098360655737705,4,0.10795861366050981,0.0028685667882412777,0.05355900286825062,0.1231008197521081,0.0002910367790410561,0.017059800087956954
2024-05-09,0.004098360655737705,4,0.12214115811967806,0.0028614452221973293,0.05349247818336078,0.09442177322292242,0.0002835661480167015,0.016839422437147346
2024-05-10,0.004098360655737705,3,0.0943795539861778,0.0028544449168475027,0.053427005501408206,0.11803936926454388,0.0006068284974547074,0.024633889206836734
2024-05-13,0.004098360655737705,3,0.11724162337977401,0.0031573557615661345,0.05619035292259815,0.1410869526271372,0.0006071827354247772,0.024641078211490204
2024-05-14,0.004098360655737705,3,0.1395519147939262,0.003157687697911124,0.056193306522317445,0.1564094432466881,0.0005950153665048886,0.02439293681590818
2024-05-15,0.004098360655737705,3,0.15438423910032711,0.0031462863454061567,0.05609176718027483,0.15129499332562613,0.0005825499546308901,0.024136071648693996
2024-05-16,0.004098360655737705,3,0.14943340037824338,0.003134605713723924,0.05598754963135933,0.1555005738469116,0.0005702116604341484,0.023879105101199845
2024-05-17,0.004098360655737705,3,0.15350444442305394,0.0031230441968197143,0.05588420346412494,0.07807812099208081,0.0005580158990915178,0.023622360150745265
2024-05-20,0.004098360655737705,4,0.0785587350176503,0.003111616239382959,0.05578186299670314,0.11781468996302519,0.0003994935225966102,0.01998733405426072
2024-05-21,0.004098360655737705,4,0.11702413156673883,0.0029630738958209657,0.05443412436901108,0.1384121858308619,0.0003881809439618566,0.01970230808717234
2024-05-22,0.004098360655737705,4,0.13696271375922453,0.0029524735188944337,0.05433666827193616,0.14229013619800412,0.0003793553010206171,0.019477045490027926
2024-05-23,0.004098360655737705,4,0.1407166085350639,0.0029442035085973373,0.05426051518919939,0.14072050662045338,0.0003706889699178491,0.01925328465269885
2024-05-24,0.004098360655737705,4,0.1391971913911274,0.002936082780403922,0.054185632601307904,0.1603826965419561,0.00036214483361727325,0.01903010335277434
2024-05-27,0.004098360655737705,4,0.1582303880646277,0.0029280765540410374,0.054111704408945,0.19262182317045623,0.0003537226846995893,0.018807516707412205
2024-05-28,0.004098360655737705,4,0.1894381853726514,0.0029201846351478013,0.05403873273077193,0.20847659329597185,0.00034542284240930243,0.01858555467047735
2024-05-29,0.004098360655737705,4,0.20478576156924083,0.0029124073228701634,0.05396672421844931,0.21650527606366227,0.0003372455873031324,0.01836424752891151
2024-05-30,0.004098360655737705,4,0.21255760685995684,0.0029047448801019413,0.0538956851714675,0.16038734721219527,0.0003291911521358921,0.01814362566125889
2024-05-31,0.004098360655737705,4,0.15823488995997503,0.0028971975249444917,0.05382562145432686,0.15503465534599192,0.000321259721099664,0.017923719510739504
2024-06-03,0.004098360655737705,4,0.1530534306500597,0.002889765429993786,0.05375653848597198,0.22721213619760955,0.00031345142924575083,0.01770455956090834
2024-06-04,0.004098360655737705,4,0.22292195465125836,0.002882448721798754,0.05368844123085298,0.19508890604650575,0.0003057663619748186,0.01748617631086964
2024-06-05,0.004098360655737705,4,0.19182634629354267,0.002875247480383524,0.05362133419063278,0.16917822463757942,0.0002982045545958832,0.01726860025004584
2024-06-06,0.004098360655737705,4,0.1667445473093321,0.0028681617388341754,0.05355522139655643,0.15825595851077456,0.0002907659919562047,0.017051861832544993
2024-06-07,0.004098360655737705,4,0.1561716843606103,0.0028611914829519336,0.05349010640251086,0.20467515679356607,0.00028345060814398643,0.01683599145117348
2024-06-11,0.004098360655737705,4,0.2011059329804128,0.0028543366509745866,0.05342599227880177,0.1688381835940161,0.00027625828626558235,0.016621019411142697
2024-06-12,0.004098360655737705,4,0.16641538417516233,0.002847597133367716,0.05336288160667222,0.22920141985601467,0.00026918885829870437,0.01640697590352056
2024-06-13,0.004098360655737705,4,0.22484760114643326,0.00284097277268715,0.053300776473585734,0.24456351894796646,0.0002622421050229011,0.01619389097848016
2024-06-14,0.004098360655737705,3,0.23971826685062114,0.0028344633635138156,0.05323967846929408,0.14469230258012514,0.0005147140449479777,0.022687310218445413
2024-06-17,0.004098360655737705,3,0.14304192963998208,0.003071040523592654,0.055416969635596766,0.1415362433529173,0.0005110413925788586,0.022606224642316076
2024-06-18,0.004098360655737705,3,0.13998683271413206,0.0030675990890011474,0.0553859105639796,0.11858833489168684,0.0005000867681099544,0.02236261988475309
2024-06-19,0.004098360655737705,3,0.11777302760230045,0.003057334130656261,0.055293165315943534,0.13840004877578813,0.0004890795600057601,0.02211514322824431
2024-06-20,0.004098360655737705,3,0.1369509649684144,0.0030470198991640017,0.05519981792690988,0.14742956279244218,0.00047820839749500483,0.021867976529505534
2024-06-21,0.004098360655737705,3,0.1456916249270061,0.003036833148294526,0.05510746907901438,0.17075370652395938,0.0004674787830929476,0.021621257666772014
2024-06-24,0.004098360655737705,4,0.16826962954680014,0.0030267790341433334,0.055016170660482484,0.1692718735712374,0.00034102343874226835,0.01846681994124241
2024-06-25,0.004098360655737705,4,0.1668352004145911,0.0029082848907856468,0.053928516489753796,0.1413912865848271,0.00033162669579516087,0.018210620412143042
2024-06-26,0.004098360655737705,4,0.13984651311152266,0.0028994797350084256,0.05384681731549624,0.11816217265488738,0.0003237864390519149,0.017994066773576085
2024-06-27,0.004098360655737705,4,0.11736049829095693,0.002892133074325434,0.053778555896615836,0.11245892417743161,0.00031608168216054036,0.01777868617644567
2024-06-28,0.004098360655737705,4,0.1118396966720821,0.002884913382881703,0.05371138969419524,0.16410018672272064,0.000308495192947014,0.01756403122711338
2024-07-01,0.004098360655737705,4,0.16182895577375753,0.0028778045133826314,0.053645172321306146,0.17942267943127396,0.0003010268395408766,0.01735012505836418
2024-07-02,0.004098360655737705,4,0.17666128210233367,0.0028708063422598785,0.05357990614269382,0.1782940653761494,0.00029367664486133413,0.01713699637805103
2024-07-03,0.004098360655737705,4,0.17556877239891705,0.0028639188909897343,0.05351559483916566,0.16720882770926812,0.00028644458776649597,0.016924673933830927
2024-07-04,0.004098360655737705,4,0.16483815136796529,0.00285714213976133,0.05345224167199473,0.1694268060130557,0.0002793306005431402,0.01671318642698454
2024-07-05,0.004098360655737705,4,0.16698517656923134,0.0028504760251244396,0.05338984945778027,0.17558101345801397,0.0002723345686654359,0.01650256248785127
2024-07-08,0.004098360655737705,4,0.17294251098299934,0.0028439204397633913,0.05332842056317992,0.19007769883840903,0.00026545633064448576,0.016292830651684985
2024-07-09,0.004098360655737705,4,0.18697544755112644,0.0028374752323560826,0.053267956900524,0.1952617749931573,0.00025869567794644576,0.016084019334309623
2024-07-10,0.004098360655737705,4,0.19199368516441595,0.0028311402074972557,0.05320845992412537,0.1586763088946274,0.00025205235497997283,0.01587615680761477
2024-07-11,0.004098360655737705,4,0.1565785877401216,0.0028249151256867343,0.053149930627299356,0.12307813705669633,0.0002455260591537854,0.015669271174939357
2024-07-12,0.004098360655737705,3,0.12211920104345303,0.0028187997033833605,0.053092369540107744,0.12523705380650674,0.00045254302256380994,0.02127305860857366
2024-07-15,0.004098360655737705,3,0.12420905406923008,0.003012783578606177,0.054888829269771976,0.15532094261939924,0.00044730462602875166,0.02114957744326708
2024-07-16,0.004098360655737705,3,0.15333055959661324,0.003007874973808358,0.054844096982340385,0.18102767980748455,0.0004373512676237196,0.020912944977303404
2024-07-17,0.004098360655737705,3,0.17821493853345433,0.0029985482452007826,0.054759001499304044,0.19213863153898642,0.0004274342304682602,0.020674482592516318
2024-07-18,0.004098360655737705,3,0.18897045103637095,0.002989255551179692,0.05467408482251616,0.17477016526023847,0.0004176522743062471,0.020436542621154075
2024-07-19,0.004098360655737705,3,0.17215760181051004,0.002980089433909347,0.05459019540090827,0.19666641633656726,0.000408007817552951,0.020199203389068367
2024-07-22,0.004098360655737705,4,0.19335339204607993,0.0029710521595497684,0.05450735876512242,0.196526147563922,0.0003855015759929938,0.019634194049998433
2024-07-23,0.004098360655737705,4,0.1932176104699907,0.0029499628348751803,0.054313560322217694,0.23707117818704848,0.00037638328067166185,0.019400600008032273
2024-07-24,0.004098360655737705,4,0.23246560599154342,0.002941418596602519,0.05423484670027674,0.22924869783091922,0.00036760183919141656,0.019172945501185167
2024-07-25,0.004098360655737705,4,0.22489336669941978,0.002933190004991857,0.05415893282729874,0.21526692724212093,0.00035895061091005385,0.018945991948432096
2024-07-26,0.004098360655737705,4,0.21135887280414256,0.002925083428797268,0.054084040425963625,0.1690379917214408,0.00035042678124733254,0.01871968966749536
2024-07-29,0.004098360655737705,4,0.1666088004427002,0.0029170962306349657,0.054010149329871006,0.2051452043489363,0.00034203060238642764,0.018494069384168203
2024-07-30,0.004098360655737705,4,0.20156094371944933,0.0029092286468115265,0.053937265844789785,0.21447543060787846,0.00033376232028093673,0.018269163097442004
2024-07-31,0.004098360655737705,4,0.21059269613887316,0.0029014809077961405,0.05386539620012221,0.023483165334815436,0.000325622128878715,0.01804500287832382
2024-08-01,0.004098360655737705,4,0.025710271415466612,0.0028938531953263615,0.053794546148530346,0.09475808676693644,0.0003176101688844712,0.017821620826526167
2024-08-02,0.004098360655737705,4,0.09470510886346949,0.0028863456412486057,0.05372472095086773,0.10776532825354894,0.0003097265272235747,0.017599049043160675
2024-08-05,0.004098360655737705,4,0.10729624883225111,0.0028789583270157145,0.05365592536724825,0.08230542572238987,0.00030197123659173335,0.01737731960319926
2024-08-06,0.004098360655737705,4,0.08265080831426716,0.0028716912832649853,0.053588163648934505,0.1408426489580168,0.0002943442750844392,0.017156464527531282
2024-08-07,0.004098360655737705,4,0.1393154263966017,0.002864544489470943,0.05352143953100424,0.1858848789288755,0.0002868455659080853,0.016936515754667054
2024-08-08,0.004098360655737705,4,0.18291675590623258,0.0028575178736746473,0.053455756225823305,0.08719791683845494,0.0002794749771745381,0.016717505112143323
2024-08-09,0.004098360655737705,3,0.08738678869118251,0.002850611312291196,0.05339111641735164,0.1562231534864143,0.0005878878015421417,0.024246397702383373
2024-08-12,0.004098360655737705,3,0.1542039087475177,0.0031396075078384475,0.05603220063355042,0.12863323199111848,0.0005872361184452213,0.024232955214856095
2024-08-13,0.004098360655737705,3,0.12749658854957174,0.0031389968525062685,0.05602675122212842,0.1449934782676686,0.0005752913934372095,0.02398523282015852
2024-08-14,0.004098360655737705,3,0.1433334707204607,0.003127804127005142,0.05592677468802525,0.15682003779382858,0.0005631126944778521,0.023729995669570868
2024-08-15,0.004098360655737705,3,0.1547816987322395,0.0031163921577616895,0.05582465546478267,0.153143922365924,0.0005510640399771118,0.023474753246351957
2024-08-16,0.004098360655737705,3,0.15122318219806244,0.0031051020458173597,0.05572344251585108,0.14551776420155332,0.0005391580667535944,0.023219777491474684
2024-08-19,0.004098360655737705,4,0.1438409847528557,0.003093945632419378,0.05562324723008697,0.13315337034165364,0.00037321517557685035,0.019318777797180917
2024-08-20,0.004098360655737705,4,0.1318721277219953,0.0029384499446945714,0.05420747129957799,0.1424696722924008,0.00036246473882525353,0.019038506738325186
2024-08-21,0.004098360655737705,4,0.14089040127169628,0.0029283763190985756,0.05411447421068208,0.10559167053391282,0.00035404325224603494,0.018816037102589774
2024-08-22,0.004098360655737705,4,0.10519212640011744,0.002920485020845214,0.05404151201479483,0.08723528279706404,0.00034577446821854523,0.01859501191767688
2024-08-23,0.004098360655737705,4,0.08742295931317019,0.0029127368115071414,0.053969776833957185,0.09120545868655514,0.0003376275584509106,0.01837464444420383
2024-08-26,0.004098360655737705,4,0.09126612931787219,0.0029051028036375243,0.053899005590432966,0.1030684620075748,0.0003296023279450312,0.01815495326198972
2024-08-27,0.004098360655737705,4,0.10274963528789782,0.0028975828145146837,0.05382920038895881,0.09341450867300959,0.0003216989553865176,0.017935968203208814
2024-08-28,0.004098360655737705,4,0.09340451181858232,0.0028901770115747887,0.053760366549855186,0.10289783752226864,0.0003139175769361841,0.01771771929273585
2024-08-29,0.004098360655737705,4,0.10258446907807521,0.0028828855224064284,0.053692508997125736,0.08811480813102089,0.00030625828024950373,0.017500236576958143
2024-08-30,0.004098360655737705,4,0.08827434864097948,0.002875708429146584,0.05362563220276833,0.06341073176817255,0.00029872110396797177,0.01728355009736055
2024-09-02,0.004098360655737705,4,0.06436055542016175,0.0028686457680040128,0.053559740178645496,0.09836676227249828,0.00029130603734720564,0.017067689865567795
2024-09-03,0.004098360655737705,4,0.09819834287770753,0.0028616975289107623,0.05349483646961417,0.1422180504398443,0.0002840130199561964,0.0168526858380555
2024-09-04,0.004098360655737705,4,0.14064682879954654,0.002854863655240355,0.05343092414735454,0.11343889716092755,0.0002768419414485776,0.016638567890554092
2024-09-05,0.004098360655737705,4,0.11278832033018221,0.0028481440435934595,0.05336800580491517,0.0931848737158123,0.00026979264140737603,0.016425365792193974
2024-09-06,0.004098360655737705,4,0.09318222288124138,0.002841538543652413,0.05330608355199632,0.10902282306968197,0.00026286490926451743,0.01621310917944234
2024-09-09,0.004098360655737705,4,0.10851351640249224,0.0028350469581057943,0.053245159010991736,0.1587955148107495,0.00025605848429613605,0.016001827529883456
2024-09-10,0.004098360655737705,4,0.1566939802602455,0.0028286690426440313,0.053185233313806486,0.15346198073291387,0.0002493730556945115,0.015791550135895827
2024-09-11,0.004098360655737705,3,0.15153106588125026,0.0028224045060268074,0.053126307099466336,0.1624280162934583,0.00046595114847750436,0.021585901613727056
2024-09-12,0.004098360655737705,3,0.1602102780588731,0.003025347574239049,0.055003159675050026,0.1406198671544442,0.0004607587861003223,0.02146529259293528
2024-09-13,0.004098360655737705,3,0.13909977138057333,0.0030204821054441466,0.05495891288448259,0.12587588250706178,0.0004503610054209722,0.021221710709105716
2024-09-18,0.004098360655737705,3,0.12482744664639889,0.0030107389338862567,0.05487020078226666,0.1347288247384038,0.00043999100226878594,0.02097596248730403
2024-09-19,0.004098360655737705,3,0.13339718334922654,0.0030010217910763234,0.054781582590103434,0.1221986983552624,0.0004297632699461556,0.020730732499025586
2024-09-20,0.004098360655737705,3,0.12126789557679317,0.00299143796220547,0.05469403954916358,0.1684917492559899,0.0004196807578964144,0.02048611134150194
2024-09-23,0.004098360655737705,4,0.16608003226795204,0.0029819902110300466,0.05460760213587525,0.14930303968435604,0.00030409888272573684,0.017438431200246678
2024-09-24,0.004098360655737705,4,0.14750516931292718,0.0028736849799909842,0.05360676244645804,-5.8207774029014555e-05,0.0002956219618454217,0.017193660513265395
2024-09-25,0.004098360655737705,4,0.002921986583832595,0.002865741737392725,0.05353262311331965,0.04007637725397921,0.00028833947566502644,0.01698056170051587
2024-09-26,0.004098360655737705,4,0.041772666660521596,0.002858917731923513,0.053468848238236,-0.19669182855124417,0.0002811860504409223,0.016768603115373752
2024-09-27,0.004098360655737705,3,-0.18742132674070772,0.0028522146621690796,0.053406129443810846,-0.38535541499616116,0.0005101723959602555,0.02258699616948335
2024-09-30,0.004098360655737705,4,-0.37004956704709524,0.0030667848014719738,0.055378559041130475,-0.3879633984759815,0.00026905623678752464,0.01640293378598855
2024-10-08,0.004098360655737705,4,-0.37257412116293026,0.002840848500577982,0.053299610698184105,-0.09965724677298983,0.00026044944927185176,0.016138446309104597
2024-10-09,0.004098360655737705,4,-0.0934908802090829,0.002832783567308708,0.05322390033912122,-0.10551867380483482,0.00025375389161845486,0.015929654472663708
2024-10-10,0.004098360655737705,4,-0.09916480025206205,0.00282650953933057,0.05316492771866214,-0.04902683098033941,0.00024718987181749735,0.015722273112291917
2024-10-11,0.004098360655737705,3,-0.044480130883101335,0.0028203587680263502,0.0531070500783686,0.0031892206248415877,0.00045840466332463424,0.021410386809318376
2024-10-14,0.004098360655737705,3,0.00606552978250853,0.00301827619028021,0.054938840452636147,0.024984056608934335,0.00045329410547004624,0.021290704672932887
2024-10-15,0.004098360655737705,3,0.027163149193572322,0.0030134873758717027,0.05489524001105836,0.10764210287502901,0.0004432566535732826,0.02105366128665707
2024-10-16,0.004098360655737705,3,0.10717696543228906,0.003004081848014353,0.0548095050882085,0.05106509427450332,0.00043324864862360476,0.020814625834340735
2024-10-17,0.004098360655737705,3,0.05240985473957413,0.002994703913223848,0.05472388795785482,0.07891290960986433,0.0004233755028346561,0.020576090562462446
2024-10-18,0.004098360655737705,3,0.07936681875636434,0.0029854523473172093,0.05463929307117003,0.0214958645858297,0.00041363984835358534,0.020338137779884996
2024-10-21,0.004098360655737705,4,0.02378654439645972,0.002976329616730499,0.05455574778820742,0.027388651414318683,0.0003909928885261231,0.019773540111121306
2024-10-22,0.004098360655737705,4,0.029490821036519302,0.0029551084329348244,0.054360909051770136,0.02231629687625755,0.00038177862380835517,0.019539156169301557
2024-10-23,0.004098360655737705,4,0.024580731066578612,0.0029464742671744984,0.054281435750857754,0.018974371013788436,0.0003729073150418699,0.019310808244138045
2024-10-24,0.004098360655737705,4,0.021345713377167008,0.0029381614660181385,0.05420481035865856,0.00012279582860978341,0.00036416653210775,0.019083147856361383
2024-10-25,0.004098360655737705,4,0.0030971998831339498,0.002929970973228986,0.054129206286707976,-0.06401949741147939,0.00035555332202521594,0.018856121606131416
2024-10-28,0.004098360655737705,4,-0.05899318207339645,0.002921900021735949,0.054054602225305004,0.01694278776616911,0.0003470679663491135,0.018629760233269604
2024-10-29,0.004098360655737705,4,0.019379120456190294,0.002913948875368131,0.05398100476434401,0.014563775566578072,0.0003387107441764525,0.018404095853272785
2024-10-30,0.004098360655737705,4,0.0170762128317474,0.0029061177956515383,0.05390842045220337,0.040310482017469264,0.00033048188269913295,0.018179160670920232
2024-10-31,0.004098360655737705,4,0.041999282415099204,0.002898406995474837,0.05383685536391253,0.07031975808912133,0.00032238155584932593,0.017954986935370516
2024-11-01,0.004098360655737705,4,0.07104856206204645,0.0028908166378200165,0.05376631508500482,0.051057098870059194,0.00031440988371288063,0.01773160691287963
2024-11-04,0.004098360655737705,4,0.05240211510803376,0.002883346835212727,0.05369680470207447,-0.030601765488568376,0.0003065669320291644,0.017509052859282948
2024-11-05,0.004098360655737705,4,-0.026644483041886727,0.002875997649253607,0.053628328794151386,-0.061084559495801945,0.0002988527117702386,0.017287356992040124
2024-11-06,0.004098360655737705,4,-0.056152132790655465,0.0028687690902239544,0.05356089142484425,-0.0016066844718510573,0.0002912671788014093,0.017066551461892038
2024-11-07,0.004098360655737705,4,0.0014230456392256147,0.0028616611167676465,0.05349449613528149,-0.01422362863792692,0.0002838102336250958,0.016846668324184928
2024-11-08,0.004098360655737705,3,-0.010790282616182714,0.0028546736356511336,0.05342914593787864,0.032565664953669186,0.0006080700479430135,0.02465907638057463
2024-11-11,0.004098360655737705,3,0.034502221967403046,0.003158519148232808,0.056200704161360894,0.1144169640641328,0.0006085873303179217,0.024669562831917426
2024-11-12,0.004098360655737705,3,0.11373509888348002,0.0031590038642580853,0.05620501636204802,0.13022674306172427,0.0005964999634188994,0.024423348734743548
2024-11-13,0.004098360655737705,3,0.1290391232178526,0.0031476774771172005,0.056104166308013174,0.12613490931555862,0.0005841074997064767,0.02416831602959703
2024-11-14,0.004098360655737705,3,0.12507818719002664,0.0031360652010268947,0.05600058214899997,0.06197370300544634,0.000571839364116698,0.023913162988544574
2024-11-15,0.004098360655737705,3,0.06296949719238353,0.0031245694257809277,0.055897848131935525,0.03683885658669434,0.0005597111585260533,0.02365821545522936
2024-11-18,0.004098360655737705,4,0.03863871424520258,0.0031132047710143882,0.055796099962402285,0.03110208134991071,0.0004004351505708576,0.020010875807191887
2024-11-19,0.004098360655737705,4,0.03308545838767681,0.0029639562420811652,0.05444222848195292,0.06055325171913855,0.00038913216038510677,0.01972643303755412
2024-11-20,0.004098360655737705,4,0.061594486127728096,0.002953364849947301,0.054344869582576984,0.11182456176999869,0.000380336191762152,0.019502209919959122
2024-11-21,0.004098360655737705,4,0.11122562751136558,0.002945122645773725,0.054268984196995294,0.15110564042449817,0.00037169863052227974,0.019279487299258758
2024-11-22,0.004098360655737705,4,0.14925010487442336,0.0029370288761898958,0.054194362033240094,0.1803007007475082,0.00036318186094766957,0.019057330897784965
2024-11-25,0.004098360655737705,4,0.17751121552593144,0.0029290482936364243,0.05412068267895763,0.14893887137392867,0.000354785669464118,0.01883575508080624
2024-11-26,0.004098360655737705,4,0.1471526507429056,0.0029211806979850177,0.05404794813852805,0.1710751106041539,0.00034651038069665087,0.01861478930035607
2024-11-27,0.004098360655737705,4,0.16858075191386251,0.002913426393423407,0.05397616504924564,0.09471052403165,0.00033835628204200336,0.01839446335292235
2024-11-28,0.004098360655737705,4,0.09465906765958271,0.002905785649254801,0.05390533971003987,0.13134981658801026,0.0003303236143610346,0.018174807134080807
2024-11-29,0.004098360655737705,4,0.1301262696338897,0.002898258691176273,0.05383547799710032,0.10087967081957856,0.00032241257120970524,0.01795585061225742
2024-12-02,0.004098360655737705,4,0.10063086350689711,0.002890845700558155,0.05376658535334148,0.13318245447148644,0.00031462329825329694,0.017737623805157695
2024-12-03,0.004098360655737705,4,0.13190028145082183,0.0028835468138951347,0.053698666779494024,0.12126774345988568,0.0003069558927460108,0.017520156755748813
2024-12-04,0.004098360655737705,4,0.12036672191869086,0.002876362122318618,0.05363172682581289,0.11845884246803717,0.00029941040307653077,0.017303479507790643
2024-12-05,0.004098360655737705,4,0.11764767763991621,0.0028692916711709,0.05356576958441744,0.11643650113048538,0.00029198682838161,0.017087622080957023
2024-12-06,0.004098360655737705,4,0.11569003098040154,0.0028623354596430815,0.053500798682291476,0.08230832945444176,0.0002846851182295898,0.016872614445591703
2024-12-09,0.004098360655737705,4,0.08265361915596137,0.0028554934404785106,0.053436817274969795,0.15856723760841845,0.0002775051723755727,0.01665848649714531
2024-12-10,0.004098360655737705,4,0.15647300564320693,0.0028487655197433695,0.053373828040935656,0.0555975487973056,0.00027044684058977783,0.016445268030341673
2024-12-11,0.004098360655737705,4,0.05679731609004402,0.002842151556665837,0.05331183317675202,0.09601734032053315,0.00026350992256039596,0.016232988713123533
2024-12-12,0.004098360655737705,4,0.09592407890918139,0.002835651363545057,0.05325083439294691,0.08715037473910676,0.00025669416787204685,0.016021678060429465
2024-12-13,0.004098360655737705,3,0.08734076746309055,0.0028292647057309565,0.05319083291067133,0.07037498801598513,0.0004931736567758086,0.0222075135207841
2024-12-16,0.004098360655737705,3,0.07110202518413297,0.003050856245441665,0.0552345566239258,0.10128397857649268,0.0004888321621534339,0.022109549116918554
2024-12-17,0.004098360655737705,3,0.10102223746293608,0.00304678807664412,0.05519771803837655,0.0894352477102102,0.00047818072701782136,0.021867343849169732
2024-12-18,0.004098360655737705,3,0.08955254737197127,0.0030368072198570448,0.0551072338251254,0.102555278167713,0.0004675140531202749,0.021622073284499683
2024-12-19,0.004098360655737705,3,0.10225286819365519,0.003026812083688972,0.0550164710217674,0.07223525481279625,0.0004569844743831381,0.021377195194485596
2024-12-20,0.004098360655737705,3,0.07290278206575414,0.003016945411633465,0.05492672766179927,0.10844465127258439,0.0004465961999270781,0.02113282281019453
2024-12-23,0.004098360655737705,4,0.10795384031507967,0.003007211147819183,0.05483804471185295,0.09083889393982637,0.0003251979160617096,0.018033244745794076
2024-12-24,0.004098360655737705,4,0.09091129097352121,0.0028934556895142466,0.053790851355172344,0.09522096142669176,0.00031623570361047804,0.01778301728083505
2024-12-25,0.004098360655737705,4,0.0951531761677461,0.0028850577076618283,0.05371273319857991,0.058579978155958425,0.00030866223435067577,0.017568785796140716
2024-12-26,0.004098360655737705,4,0.059684337565000974,0.0028779610384242088,0.053646631193619315,0.08932866706360001,0.00030122014441566806,0.01735569486985952
2024-12-27,0.004098360655737705,4,0.0894493762391209,0.0028709874773132278,0.05358159644237215,0.09232938446535462,0.000293895361395222,0.01714337660425221
2024-12-30,0.004098360655737705,4,0.09235410072287388,0.0028641238378700282,0.05351750963815514,0.06011817552105063,0.00028668771600247307,0.01693185506678087
2024-12-31,0.004098360655737705,4,0.06117332801262362,0.0028573699614654747,0.05345437270668766,0.11599709452925391,0.0002795971431287975,0.016721158546249046
2025-01-02,0.004098360655737705,4,0.11526468099170435,0.002850725787089962,0.05339218844634449,0.09499147211612585,0.00027262353327867344,0.0165113153103765
2025-01-03,0.004098360655737705,4,0.09493102821780233,0.0028441912121414357,0.05333095922765158,0.036842561235457545,0.00026576673088711484,0.016302353538281363
2025-01-06,0.004098360655737705,4,0.03864230038229095,0.0028377660908487563,0.05327068697556618,0.07001951677881117,0.0002590265342146032,0.016094301296254
2025-01-07,0.004098360655737705,4,0.07075792546808327,0.002831450234173243,0.05321137316564235,0.11170107254067878,0.0002524026953242318,0.01588718651379884
2025-01-08,0.004098360655737705,4,0.11110608870118786,0.0028252434097872582,0.053153018821015786,0.13688364780434162,0.00024589492012712263,0.015681036959561145
2025-01-09,0.004098360655737705,4,0.13548307364803486,0.002819145342116766,0.05309562451009279,0.20265802031518407,0.000239502868496579,0.015475880217182447
2025-01-10,0.004098360655737705,3,0.199153324676678,0.002813155712448296,0.05303919034495432,0.13202233897027402,0.00043189911431528073,0.020782182616733997
2025-01-13,0.004098360655737705,3,0.1307772780322451,0.0029934393410334216,0.05471233262285041,0.10408224530627389,0.0004262591975004217,0.020646045565686947
2025-01-14,0.004098360655737705,3,0.1037309876695747,0.0029881544943152626,0.054664014619448344,0.06738042072746381,0.00041660342725135656,0.02041086542142093
2025-01-15,0.004098360655737705,3,0.06820325407155586,0.002979106618719363,0.05458119290304457,0.08854819969472552,0.0004070054028049571,0.02017437490493713
2025-01-16,0.004098360655737705,3,0.0886938760131368,0.002970112853445605,0.05449874176020585,0.11381900405249663,0.0003975430149321165,0.01993848075787412
2025-01-17,0.004098360655737705,3,0.11315626760630304,0.0029612461855252595,0.05441733350252711,0.08146247745013344,0.000388218033727697,0.01970324931902596
2025-01-20,0.004098360655737705,4,0.08183482594834067,0.002952508273614,0.05433698808007304,0.08107709168227537,0.0003676569394402816,0.01917438237441513
2025-01-21,0.004098360655737705,4,0.08146176866712761,0.0029332416363153225,0.05415940949009066,0.07812181478735036,0.0003588507290941744,0.0189433558033991
2025-01-22,0.004098360655737705,4,0.07860103104887049,0.0029249898352028615,0.05408317515829541,0.05003123536460426,0.0003503412138885314,0.01871740403711293
2025-01-23,0.004098360655737705,4,0.05140906896528762,0.0029170160503078106,0.054009407053843966,0.06555530258773898,0.0003419613555012572,0.018492197151805872
2025-01-24,0.004098360655737705,4,0.06643652144185189,0.0029091637594761545,0.053936664333977445,-0.0037925177628909033,0.00033370904173273425,0.01826770488410447
2025-01-27,0.004098360655737705,4,-0.0006928628679111204,0.0029014309834852225,0.05386493278084753,0.06926305100653282,0.0003255844275687912,0.018043958201259258
2025-02-05,0.004098360655737705,4,0.07002565902787361,0.00289381786756346,0.05379421778930762,0.06742550476234116,0.00031758764649750953,0.017820988931524243
2025-02-06,0.004098360655737705,4,0.06824689586863347,0.002886324536794989,0.05372452453763541,0.0780206481033397,0.0003097187791474026,0.017598828914089783
2025-02-07,0.004098360655737705,4,0.07850310068601324,0.0028789510667322255,0.05365585771127161,0.04467085388529113,0.000301977852450574,0.017377509961170327
2025-02-10,0.004098360655737705,4,0.04622016603290471,0.0028716974826117183,0.053588221491403486,0.12319979802809806,0.00029436483927771224,0.01715706383032109
2025-02-11,0.004098360655737705,4,0.12223697008166408,0.002864563759012126,0.0535216195477316,0.08144167334165768,0.0002868796581583372,0.016937522196541537
2025-02-12,0.004098360655737705,4,0.0818146873630754,0.002857549819592074,0.053456055032073534,0.10569100434724948,0.0002795221730832279,0.016718916624088653
2025-02-13,0.004098360655737705,4,0.1052882825258142,0.0028506555369050223,0.05339153057278862,0.027346239172405536,0.00027229219339047246,0.016501278538054935
2025-02-14,0.004098360655737705,3,0.02944976556177717,0.0028438807322924884,0.05332804827004724,0.07324996548824686,0.0005560002075230093,0.023579656645570757
2025-02-17,0.004098360655737705,3,0.07388503215741005,0.0031097274489414782,0.05576493027828044,0.11871166986317021,0.0005537155100291125,0.02353116040549451
2025-02-18,0.004098360655737705,3,0.1178924170893482,0.003107586588278286,0.055745731570034006,0.07840899914904298,0.0005420261482607419,0.023281455028858096
2025-02-19,0.004098360655737705,3,0.07887902838586455,0.0030966331492104995,0.05564740020172101,0.10321107053650508,0.0005301983849951485,0.023026037110087973
2025-02-20,0.004098360655737705,3,0.10288768177149324,0.003085550021935883,0.055547727423683885,0.17030815608485156,0.0005185088478650033,0.022770789355334244
2025-02-21,0.004098360655737705,3,0.16783833226153544,0.0030745964185465062,0.05544904344122183,0.12792260989125506,0.0005069664610899798,0.022515915728434848
2025-02-24,0.004098360655737705,4,0.12680869924318047,0.0030637807014233403,0.0553514290820331,0.2173638610805806,0.0003595792870862773,0.01896257596125266
2025-02-25,0.004098360655737705,4,0.21338872575124856,0.002925672525646701,0.05408948627641698,0.20242503377560253,0.00034936988950932474,0.018691438936297138
2025-02-26,0.004098360655737705,4,0.1989277913740379,0.0029161058772279183,0.054000980335804256,0.26059150395707986,0.00034112168881150783,0.0184694799280193
2025-02-27,0.004098360655737705,4,0.2552335167885108,0.002908376955362665,0.05392937006272802,0.2368838191258339,0.0003330204705436442,0.018248848471715803
2025-02-28,0.004098360655737705,4,0.23228424054471902,0.0029007857624104554,0.05385894319804702,0.14787422180904908,0.00032504214027207477,0.01802892510029577
2025-03-03,0.004098360655737705,4,0.14612205930636632,0.0028933097208417207,0.05378949452115832,0.18445958430225473,0.0003171865416320028,0.01780973165524969
2025-03-04,0.004098360655737705,4,0.18153705643966964,0.0028859486841358636,0.053721026462046156,0.24849639755279165,0.0003094537774640131,0.01759129834503449
2025-03-05,0.004098360655737705,4,0.24352533271039994,0.0028787027486589733,0.05365354367289241,0.28632526797734137,0.0003018439049004048,0.017373655484681536
2025-03-06,0.004098360655737705,4,0.28014405796945213,0.0028715719679464928,0.0535870503755011,0.2302668142762102,0.00029435693121532,0.017156833367941767
2025-03-07,0.004098360655737705,4,0.22587891361037482,0.002864556348814608,0.05352155032147899,0.22968500119512278,0.000286992813451868,0.016940862240507948
2025-03-10,0.004098360655737705,4,0.22531571272360884,0.00285765585101085,0.05345704678534768,0.36982581074010007,0.00027975145816578966,0.016725772274122044
2025-03-11,0.004098360655737705,4,0.3609734192507994,0.002850870386973893,0.05339354255875792,0.3095506830189678,0.000272632721243994,0.01651159354041862
2025-03-12,0.004098360655737705,4,0.30262649222910265,0.00284419982166352,0.05333103994545316,0.30001472949119007,0.00026563640779883976,0.0162983559845415
2025-03-13,0.004098360655737705,4,0.2933955937540013,0.0028376439724615565,0.0532695407569988,0.2695256203702631,0.0002587622721393003,0.01608608939858598
2025-03-14,0.004098360655737705,3,0.26388183091195955,0.0028312026091448523,0.05320904630929643,0.17349762189360562,0.0005010602522361825,0.022384375180830543
2025-03-17,0.004098360655737705,3,0.1709257670927407,0.003058246327512804,0.05530141343141967,0.24312055588447698,0.0004969150726510795,0.02229159197211091
2025-03-18,0.004098360655737705,3,0.23832146416029842,0.0030543621144214343,0.05526628370373237,0.24107038945929463,0.00048611495512992974,0.022048014766185408
2025-03-19,0.004098360655737705,3,0.2363368825374127,0.003044241935789189,0.055174649394347665,0.21209950050188398,0.00047528786742624045,0.021801097849104764
2025-03-20,0.004098360655737705,3,0.2082927720118852,0.0030340964849259228,0.05508263324248327,0.211328498906591,0.0004645987348844803,0.02155455253268971
2025-03-21,0.004098360655737705,3,0.2075464347494857,0.0030240803040339536,0.05499163849199216,0.22972653481595665,0.0004540522060489815,0.021308500793086816
2025-03-24,0.004098360655737705,4,0.2253559176843507,0.0030141977490009773,0.05490170989141392,0.2221412264846907,0.00032471027017969565,0.018019718926212354
2025-03-25,0.004098360655737705,4,0.21801326328651893,0.0028929987441684577,0.05378660376123833,0.18828527879965645,0.00031564965880980113,0.017766531986006754
2025-03-26,0.004098360655737705,4,0.1852403670104898,0.0028845085582606543,0.053707621044509636,0.21686625454538144,0.00030806015656308745,0.017551642560258783
2025-03-27,0.004098360655737705,4,0.21290703764385688,0.002877396865418779,0.053641372702595704,0.17305231634922444,0.0003006038364978684,0.0173379305713764
2025-03-28,0.004098360655737705,4,0.17049470686802287,0.0028704099700584793,0.0535762071264706,0.19128855352117724,0.000293265762505003,0.017125004014744143
2025-03-31,0.004098360655737705,4,0.18814756700537666,0.0028635338763975536,0.053511997499603337,0.17470412460367732,0.00028604574506220336,0.01691288695232731
2025-04-01,0.004098360655737705,4,0.17209367379385504,0.002856768406845396,0.05344874560591105,0.21655042076540787,0.0002789437066204393,0.016701607905241916
2025-04-02,0.004098360655737705,4,0.21260130738317023,0.0028501134887352017,0.05338645416896688,0.18438911550560855,0.00027195952462558104,0.016491195366788336
2025-04-03,0.004098360655737705,4,0.1814688419390842,0.0028435690072284346,0.053325125477849886,0.18027469382888395,0.0002650930297742443,0.016281677732170118
2025-04-07,0.004098360655737705,4,0.1774860405683594,0.0028371348036804788,0.05326476136884947,-0.1243018936831481,0.00025834400592873795,0.01607308327386933
2025-04-08,0.004098360655737705,4,-0.11734714512477469,0.0028308106755609414,0.053205363221774375,0.3374278179932488,0.00025171219011646697,0.015865440117326306
2025-04-09,0.004098360655737705,4,0.3296118379498733,0.002824596376453094,0.05314693195710449,0.3711311997039806,0.00024519727259907635,0.015658776216520766
2025-04-10,0.004098360655737705,4,0.3622370488355072,0.0028184916161186602,0.05308946803386393,0.3121262575271867,0.0002387988970117321,0.015453119329498886
2025-04-11,0.004098360655737705,3,0.3051196741359956,0.0028124960606283316,0.05303297144822579,0.2679985422570347,0.0004294723097366761,0.020723713705238164
2025-04-14,0.004098360655737705,3,0.26240360401145096,0.0029911653198671766,0.054691547060466084,0.3634219642152506,0.0004237186406496314,0.020584427139214524
2025-04-15,0.004098360655737705,3,0.3547744317086703,0.0029857738823353447,0.054642235334357844,0.3460177250944111,0.00041402785017063243,0.020347674318472675
2025-04-16,0.004098360655737705,3,0.33792695401355866,0.0029766931912648003,0.054559079824212584,0.35744998518334004,0.00040439936103613654,0.0201096832654355
2025-04-17,0.004098360655737705,3,0.3489934962229405,0.0029676708792567216,0.054476333203114194,0.28788248521451215,0.00039490885343092323,0.01987231374125628
2025-04-18,0.004098360655737705,3,0.28165145984364637,0.0029587778619272935,0.05439464920309068,0.29692016903858465,0.0003855580292311077,0.019635631622922336
2025-04-21,0.004098360655737705,4,0.29040002825760347,0.002950015734008265,0.05431404729909441,0.2851925018000347,0.0003652603459794246,0.01911178552567563
2025-04-22,0.004098360655737705,4,0.27904752897019813,0.0029309959242769814,0.05413867309305781,0.28166820723373615,0.0003564341388631674,0.018879463415657962
2025-04-23,0.004098360655737705,4,0.2756359765498672,0.002922725385323419,0.054062236222000834,0.25957781716534806,0.0003479007205098475,0.01865209694672016
2025-04-24,0.004098360655737705,4,0.25425225782654437,0.002914729202142064,0.05398823207090656,0.23308633316430832,0.0003394989804757168,0.018425498106583626
2025-04-25,0.004098360655737705,4,0.22860823611901016,0.002906856407258065,0.05391527063140892,0.23885519592609428,0.00033122690003921916,0.018199640107409244
2025-04-28,0.004098360655737705,4,0.2341925530219522,0.002899105109041752,0.053843338576296994,0.23643208337847157,0.00032308461694396343,0.017974554707807462
2025-04-29,0.004098360655737705,4,0.2318469558191456,0.0028914754365648616,0.0537724412367977,0.20106435754683333,0.00031507224355987426,0.01775027446435334
2025-04-30,0.004098360655737705,4,0.1976106431634615,0.0028839674951228874,0.05370258369131682,0.24742065503815014,0.0003071898373505986,0.017526831925667532
2025-05-06,0.004098360655737705,4,0.24248400318744445,0.00287658133856176,0.05363377050480191,0.2592335562513819,0.00029943740009530454,0.017304259593964273
2025-05-07,0.004098360655737705,4,0.25391900981558135,0.0028693169685486365,0.0535660057176997,0.2947620136617046,0.0002918148775595844,0.017082589896136487
2025-05-08,0.004098360655737705,4,0.2883109122484448,0.0028621743342635243,0.05349929283891072,0.2492881765465747,0.00028432215925611664,0.016861855154641694
2025-05-09,0.004098360655737705,3,0.24429178270253116,0.00285515333217501,0.05343363483963084,0.2689258305916474,0.0006103838060611813,0.024705946775243834
2025-05-12,0.004098360655737705,3,0.26330122840202935,0.003160687239961607,0.0562199896830443,0.26667459648611996,0.000610920277478136,0.024716801522003933
2025-05-13,0.004098360655737705,3,0.26112201125177004,0.0031611899369517133,0.05622446030822985,0.31277109440032247,0.0005986952712881871,0.02446825027026222
2025-05-14,0.004098360655737705,3,0.30574388268436775,0.0031497345758243634,0.05612249616530223,0.2649542902884459,0.000586159742241996,0.024210736094592334
2025-05-15,0.004098360655737705,3,0.2594567376311972,0.0031379882413100652,0.05601774934170477,0.25083410256757455,0.0005737511606788939,0.023953103362171966
2025-05-16,0.004098360655737705,3,0.24578825456644054,0.003126360862094472,0.05591387003324374,0.3034969102510767,0.0005614855209389945,0.023695685703076723
2025-05-19,0.004098360655737705,4,0.2967663795881428,0.003114867425568113,0.055810997353282564,0.3002360354591741,0.00040131100328168125,0.020032748270811005
2025-05-20,0.004098360655737705,4,0.29360982014640596,0.0029647769540661704,0.054449765417916816,0.32514069294275816,0.0003899170180069371,0.019746316568082692
2025-05-21,0.004098360655737705,4,0.31771777790002476,0.002954100295586503,0.05435163562935805,0.34507182734871106,0.0003810532424240193,0.019520585094305428
2025-05-22,0.004098360655737705,4,0.3370113155267571,0.0029457945533499395,0.05427517437420114,0.32851806846689613,0.00037235011872645,0.019296375792527725
2025-05-23,0.004098360655737705,4,0.3209871112168027,0.0029376393488991133,0.054199993993533924,0.34256863577205954,0.00036376956360293457,0.019072743997729708
2025-05-26,0.004098360655737705,4,0.33458820102221487,0.002929598996519266,0.054125770170218045,0.3252529923251611,0.0003553113588442677,0.018849704476311232
2025-05-27,0.004098360655737705,4,0.3178264848263702,0.002921673291738907,0.05405250495341457,0.3094789318556721,0.00034697583213953975,0.018627287299538272
2025-05-28,0.004098360655737705,4,0.3025570363847632,0.0029138625416169285,0.05398020509054156,0.2976741934756195,0.0003387632726169982,0.018405522883553137
2025-05-29,0.004098360655737705,4,0.2911299314608583,0.002906167017079042,0.053908876978462854,0.23662960659780988,0.0003306739213638847,0.018184441739131963
2025-05-30,0.004098360655737705,4,0.23203816027278262,0.0028985869440344503,0.053838526577483996,0.24540335616743145,0.00032270797064714614,0.017964074444489095
2025-06-03,0.004098360655737705,4,0.2405312376863022,0.0028911225026456242,0.053769159400585985,0.2850762638898887,0.0003148655633232058,0.017744451620808285
2025-06-04,0.004098360655737705,4,0.2789350095095705,0.002883773826775229,0.05370078050433931,0.29358059069786946,0.00030714679231639777,0.017525603907323644
2025-06-05,0.004098360655737705,4,0.28716728299274963,0.0028765410034973966,0.05363339448046708,0.29639710186071205,0.0002995517001666626,0.01730756193594761
2025-06-06,0.004098360655737705,4,0.2898936939932286,0.0028694240726738975,0.05356700544807314,0.273054912628912,0.00029208027864860756,0.01709035630549017
2025-06-09,0.004098360655737705,4,0.2672982211485153,0.0028624230265971813,0.05350161704656394,0.274894563651642,0.00028473246846386557,0.0168740175555161
2025-06-10,0.004098360655737705,4,0.26907902175445053,0.0028555378097021057,0.05343723242929134,0.2851551657075016,0.0002775081590084971,0.016658576139889542
2025-06-11,0.004098360655737705,4,0.279011387258871,0.0028487683183479814,0.053373854257941514,0.28280579366334774,0.00027040718821696015,0.01644406240005675
2025-06-12,0.004098360655737705,4,0.27673717160160577,0.0028421144006723653,0.0533114846976931,0.27764615911705315,0.00026342934248395637,0.01623050653812001
2025-06-13,0.004098360655737705,3,0.27174259370997356,0.002835575856517826,0.053250125413165234,0.27531939764194424,0.0005194326579891028,0.02279106531053568
2025-06-16,0.004098360655737705,3,0.26949026530988823,0.0030754620687081695,0.055456848708776894,0.26674746481426814,0.000515908386685458,0.022713616768041543
2025-06-17,0.004098360655737705,3,0.2611925485228701,0.0030721596736118626,0.05542706625478082,0.2579956704291893,0.0005048771036478755,0.022469470479917313
2025-06-18,0.004098360655737705,3,0.25272072394777156,0.0030618228828626346,0.05533374090790026,0.2589462172170573,0.0004937844839080903,0.022221261978296603
2025-06-19,0.004098360655737705,3,0.2536408627539312,0.003051428616962624,0.05523973766196418,0.22448696906835283,0.0004828279343245954,0.02197334599747147
2025-06-20,0.004098360655737705,3,0.22028396558969526,0.0030411618547018537,0.0551467302267492,0.19433404754404168,0.0004720132831254813,0.021725866682953784
2025-06-23,0.004098360655737705,4,0.19109563570660293,0.003031028057382877,0.05505477324794715,0.2215031983521026,0.00034349639337669064,0.01853365569380986
2025-06-24,0.004098360655737705,4,0.21739564566715627,0.002910602156556207,0.05394999681701758,0.18832334524676086,0.0003340089670115883,0.01827591220737253
2025-06-25,0.004098360655737705,4,0.18527721571235323,0.0029017120264824294,0.0538675414928362,0.12956070970991465,0.00032612047702987833,0.01805880607985695
2025-06-26,0.004098360655737705,4,0.1283943962659356,0.0028943201691626133,0.05379888631898074,0.12167798788177676,0.00031836857986761803,0.017842885973620357
2025-06-27,0.004098360655737705,4,0.12076384262585686,0.0028870563052400917,0.05373133448221896,0.1512949204301532,0.0003107353229309927,0.01762768626141822
2025-06-30,0.004098360655737705,4,0.14943332981469584,0.0028799036123556675,0.053664733413627125,0.22740412262296195,0.00030322057655036966,0.01741322992871712
2025-07-01,0.004098360655737705,4,0.22310779943289066,0.002872861969003269,0.05359908552394592,0.2904674730539366,0.00029582437678099294,0.017199545830660558
2025-07-02,0.004098360655737705,4,0.28415375394937903,0.0028659314089682247,0.05353439463530175,0.20621562414708702,0.00028854671552003985,0.01698666287179562
2025-07-03,0.004098360655737705,4,0.20259712079955833,0.0028591119246578374,0.0534706641501472,0.24823933940456472,0.0002813875378231219,0.016774609915676784
2025-07-04,0.004098360655737705,4,0.2432764978496208,0.002852403464586832,0.053407897024567746,0.23247388777018016,0.0002743467416422424,0.01656341576010946
2025-07-07,0.004098360655737705,4,0.2280153828465742,0.002845805933131809,0.05334609576278108,0.2779555249841646,0.0002674241776569339,0.016353109112854775
2025-07-08,0.004098360655737705,4,0.27204206296626227,0.0028393191903730124,0.05328526241253779,0.18094674645445444,0.00026061964917445163,0.01614371856712237
2025-07-09,0.004098360655737705,4,0.1781365942375332,0.002832943052000808,0.05322539856122083,0.19849193547656782,0.00025393291209980633,0.01593527257689075
2025-07-10,0.004098360655737705,4,0.19512051284806506,0.0028266772892876013,0.053166505332658466,0.2152952126105866,0.0002473636749764829,0.015727799432103746
2025-07-11,0.004098360655737705,3,0.21138625332396963,0.0028205216291259947,0.053108583384665745,0.16045284728523673,0.000459016289620649,0.021424665449445157
2025-07-14,0.004098360655737705,3,0.1582982946863714,0.0030188493106522545,0.054944056190385636,0.1846841886053934,0.0004539146396902586,0.021305272579581293
2025-07-15,0.004098360655737705,3,0.1817544756535222,0.003014068843355151,0.054900535911365664,0.1977549986755999,0.00044386372205146106,0.021068073524920617
2025-07-16,0.004098360655737705,3,0.1944071506475798,0.003004650697513365,0.05481469417513305,0.20329337338759135,0.00043384168180197785,0.020828866551062683
2025-07-17,0.004098360655737705,3,0.19976835281100683,0.002995259611038083,0.05472896500974674,0.17270987397413137,0.0004239546438360331,0.020590158907498338
2025-07-18,0.004098360655737705,3,0.17016321922089367,0.0029859950275589486,0.05464425887098249,0.15939761862193425,0.0004142052625725443,0.02035203337685314
2025-07-21,0.004098360655737705,4,0.15727682277686722,0.0029768594343816375,0.05456060331761039,0.19040928558118253,0.00039120042846621744,0.019778787335582974
2025-07-22,0.004098360655737705,4,0.18729642683749936,0.0029553029068618876,0.05436269775187658,0.14347645276081233,0.00038197732782070123,0.0195442402722823
2025-07-23,0.004098360655737705,4,0.14186497484355257,0.002946660461453954,0.05428315080624884,0.12256772460373812,0.0003731030016052675,0.019315874342241603
2025-07-24,0.004098360655737705,4,0.1216251166794762,0.002938344832817031,0.05420650175778761,0.08882984556220387,0.0003643592661910101,0.01908819703877268
2025-07-25,0.004098360655737705,4,0.08896651203228803,0.0029301515734259094,0.054130874493452524,0.11916240513099749,0.00035574307777715277,0.01886115260998523
2025-07-28,0.004098360655737705,4,0.11832873334071639,0.0029220778311072207,0.054056246920288695,0.17171216655678617,0.0003472547189826586,0.018634771771681526
2025-07-29,0.004098360655737705,4,0.16919742845329588,0.0029141238706871927,0.053982625637210284,0.15398574643010549,0.0003388944714009231,0.018409086653088554
2025-07-30,0.004098360655737705,4,0.15203807631931843,0.0029062899560310536,0.05391001721416024,0.16187258472952462,0.00033066256474067183,0.01818412947437055
2025-07-31,0.004098360655737705,4,0.1596726147448056,0.0028985763023858437,0.05383842774808569,0.19050705190384087,0.0003225591754466329,0.017959932501171404
2025-08-01,0.004098360655737705,4,0.18739106561652807,0.002890983075087927,0.05376786284657339,0.21745626652735622,0.0003145844261089282,0.01773652801731298
2025-08-04,0.004098360655737705,4,0.21347817514875744,0.0028835103890095665,0.05369832761836784,0.15009602233618166,0.0003067383849591939,0.017513948297262782
2025-08-05,0.004098360655737705,4,0.14827278445809292,0.002876158308086765,0.05362982666470931,0.17139817513986605,0.00029902106544604643,0.017292225578162183
2025-08-06,0.004098360655737705,4,0.16889348161848805,0.0028689268449214596,0.05356236407143975,0.16154770160967968,0.0002914324258919442,0.017071392031464343
2025-08-07,0.004098360655737705,4,0.15935812463253451,0.0028618159604599856,0.05349594340190652,0.20971750874926598,0.0002839723692333985,0.016851479734236945
2025-08-08,0.004098360655737705,3,0.20598698015028524,0.0028548255637496434,0.05343056769069222,0.1889590018415335,0.0006088397635140082,0.024674678589882548
2025-08-11,0.004098360655737705,3,0.18589253765937014,0.0031592404051135068,0.056207120590842465,0.16953615349388623,0.0006094042741278486,0.024686115006777566
2025-08-12,0.004098360655737705,3,0.16709102602530454,0.0031597693760474503,0.056211825944790746,0.15132131505942,0.0005973122004461864,0.024439971367540232
2025-08-13,0.004098360655737705,3,0.14945888008005107,0.003148438578447049,0.056110948828611416,0.12099365770545766,0.0005849120477246025,0.024184954987028662
2025-08-14,0.004098360655737705,3,0.12010140416465329,0.0031368190974216063,0.05600731289235011,0.09639618547735736,0.0005726359061066004,0.023929812078380398
2025-08-15,0.004098360655737705,3,0.0962908048134385,0.0031253158201798876,0.055904524147692085,0.06555973960914717,0.0005604995047177317,0.023674870743421846
2025-08-18,0.004098360655737705,4,0.06644081652299207,0.0031139434855948743,0.05580271933871032,0.09667805901706823,0.00038665299490070774,0.019663493964723253
2025-08-19,0.004098360655737705,4,0.09656366122158995,0.002951041764340882,0.05432349182757752,0.1263055362902898,0.0003754768227214132,0.019377224329645698
2025-08-20,0.004098360655737705,4,0.12524335580963758,0.0029405692061805007,0.05422701546443895,0.07330325123916881,0.0003668770900330352,0.019154035868010566
2025-08-21,0.004098360655737705,4,0.07393661329772257,0.0029325108835904445,0.05415266275623429,0.10622449682635812,0.0003584349768877497,0.018932379060428453
2025-08-22,0.004098360655737705,4,0.10580470858614857,0.0029246002573498865,0.05407957338357882,0.05065160347103197,0.00035011404069295736,0.018711334551361036
2025-08-25,0.004098360655737705,4,0.05200959150254034,0.002916803179168662,0.05400743633212617,0.130268607393644,0.00034191404669568754,0.018490917951677996
2025-08-26,0.004098360655737705,4,0.1290796483102362,0.002909119429073054,0.05393625338372192,0.14157996058175007,0.0003338352440071308,0.018271158803073513
2025-08-27,0.004098360655737705,4,0.14002915142927602,0.002901549240491055,0.05386603048760002,0.1307470581761359,0.0003258778423163333,0.018052086924129667
2025-08-28,0.004098360655737705,4,0.1295427934572475,0.0028940928099103966,0.05379677322953856,0.20278532347732503,0.0003180420039507613,0.01783373219353597
2025-08-29,0.004098360655737705,4,0.19927655541200612,0.0028867502894389576,0.053728486759250516,0.2000195309781753,0.00031032784323788387,0.017616124523795917
2025-09-01,0.004098360655737705,4,0.19659924058570394,0.0028795217862065355,0.05366117578106666,0.3097214054239237,0.0003027354260288859,0.01739929383707528
2025-09-02,0.004098360655737705,4,0.3027917532261264,0.002872407361918547,0.053594844546080614,0.20455099105433439,0.00029526476929035787,0.017183270040663327
2025-09-03,0.004098360655737705,4,0.20098573930186825,0.0028654070324734245,0.05352949684494918,0.2231004795758192,0.0002879158407646649,0.016968083002056093
2025-09-04,0.004098360655737705,4,0.21894182988138966,0.0028585207676443637,0.05346513600136414,0.16881694897272712,0.00028068855870075663,0.016753762523706625
2025-09-05,0.004098360655737705,4,0.16639482884918422,0.002851748490827084,0.05340176486622033,0.11209780924337542,0.00027358279165700197,0.016540338317489214
2025-09-08,0.004098360655737705,4,0.11149013380095385,0.002845090078855076,0.053339385812503276,0.27224328317946167,0.0002665983583774261,0.016327839978926364
2025-09-09,0.004098360655737705,4,0.266512555716584,0.0028385453618836273,0.053278000730917326,0.2731622296451307,0.00025973502774252646,0.016116296961229227
2025-09-10,0.004098360655737705,4,0.26740210509451817,0.0028321141233437386,0.053217611026273426,0.3581396802509037,0.0002529925187956134,0.01590573854920335
2025-09-11,0.004098360655737705,4,0.34966112795257437,0.0028257960999668033,0.05315821761465299,0.13950410113777012,0.00024637050084540095,0.015696193833073066
2025-09-12,0.004098360655737705,3,0.1380196987069928,0.0028195909818807406,0.053099820921362256,0.2058180328267101,0.0004552446651647819,0.021336463276859684
2025-09-15,0.004098360655737705,3,0.20221224842132263,0.0030153151349220026,0.05491188518819949,0.257532112746574,0.00044979758998109256,0.021208432049095297
2025-09-16,0.004098360655737705,3,0.25227199547052903,0.0030102109891778236,0.054865389720458776,0.22690363424488494,0.0004395422621520706,0.020965263226395955
2025-09-17,0.004098360655737705,3,0.2226233216727444,0.003000601302120373,0.054777744587746334,0.1958662151475021,0.0004293281682239886,0.020720235718350036
2025-09-18,0.004098360655737705,3,0.19257878928460473,0.002991030253016852,0.054690312240988824,0.2679884622496904,0.00041925710604690664,0.020475768753502436
2025-09-19,0.004098360655737705,3,0.2623938464634352,0.002981593230868812,0.054603967171523465,0.2646631508590039,0.00040933161548865654,0.020231945420266843
2025-09-22,0.004098360655737705,4,0.2591749117490293,0.0029722926156425934,0.054518736372393975,0.26457811269542636,0.00030618856610632034,0.01749824465785984
2025-09-23,0.004098360655737705,4,0.2590925939554068,0.002875643103970184,0.053625023113936125,0.3069827274542746,0.00029777742941884997,0.01725622871368046
2025-09-24,0.004098360655737705,4,0.30014068553581236,0.0028677615040143744,0.05355148461074048,0.22287153686439357,0.0002904524956010913,0.017042666915746824
2025-09-25,0.004098360655737705,4,0.21872021104488548,0.002860897723267551,0.05348736040661897,0.22347699444499872,0.000283255891646838,0.01683020771252803
2025-09-26,0.004098360655737705,4,0.2193063000438793,0.0028541541931698514,0.05342428467625796,0.1852752245493087,0.0002761778943309904,0.016618600853591448
2025-09-29,0.004098360655737705,4,0.18232660436383158,0.002847521802637558,0.05336217576746246,0.10642571410480876,0.00026921827998344647,0.01640787250021911
2025-09-30,0.004098360655737705,4,0.10599948892598596,0.002841000342082082,0.053301035093908655,0.11826907163000985,0.0002623768692790879,0.016198051403767302
2025-10-09,0.004098360655737705,4,0.11746397756899385,0.0028345896434680087,0.053240864413230636,0.208098974389553,0.0002556534360985874,0.015989166210237087
2025-10-10,0.004098360655737705,3,0.20442022268765156,0.0028282894949117187,0.053181665025756,0.18578356891942854,0.0004894842398639876,0.022124290720020555
2025-10-13,0.004098360655737705,3,0.18281868680291824,0.0030473991017463914,0.05520325263737991,0.2076391727788766,0.0004852930068041975,0.02202936691791658
2025-10-14,0.004098360655737705,3,0.20397513012564628,0.0030434717345514156,0.05516766928692398,0.24230269787225622,0.0004749471191150928,0.021793281513234595
2025-10-15,0.004098360655737705,3,0.2375297694172539,0.0030337771889765316,0.055079734830303345,0.2187559518243633,0.0004645845814238525,0.02155422421299019
2025-10-16,0.004098360655737705,3,0.21473628352683488,0.0030240670416273605,0.054991517906194956,0.20660888637773275,0.0004543520771531837,0.02131553605127452
2025-10-17,0.004098360655737705,3,0.2029778025755976,0.0030144787412341853,0.05490426887988024,0.17627918682577481,0.0004442535848351652,0.021077323948622252
2025-10-20,0.004098360655737705,4,0.17361834979209656,0.0030050160158541536,0.05481802637686032,0.2048808757918311,0.00041924990831450766,0.020475592990546274
2025-10-21,0.004098360655737705,4,0.20130507103009523,0.0029815864862813126,0.05460390541235409,0.1821994344101119,0.0004096499347323033,0.02023981063973434
2025-10-22,0.004098360655737705,4,0.17934920871871463,0.002972590894582751,0.05452147186735471,0.16975056669426744,0.0004004534708615435,0.020011333560298862
2025-10-23,0.004098360655737705,4,0.16729858014966925,0.002963973408988282,0.05444238614341111,0.14502285644073928,0.00039138578465999476,0.01978347251268075
2025-10-24,0.004098360655737705,4,0.14336190908608504,0.0029554765936563084,0.05436429520978184,0.1302397658843546,0.00038244252074978995,0.019556137674648078
2025-10-27,0.004098360655737705,4,0.12905172944052445,0.0029470963674088305,0.054287165770638926,0.20988334277768342,0.0003736240742211267,0.01932935783261117
2025-10-28,0.004098360655737705,4,0.20614750914988442,0.002938833100462502,0.054211005344510094,0.1788035168805209,0.00036493087437309364,0.019103163988541103
2025-10-29,0.004098360655737705,4,0.17606192655504233,0.002930687195089193,0.05413582173652851,0.1424557016694338,0.00035636330335242006,0.018877587328692724
2025-10-30,0.004098360655737705,4,0.1408768775688105,0.0029226590093769664,0.05406162233393451,0.13968047301106662,0.00034792169399179763,0.018652659166772913
2025-10-31,0.004098360655737705,4,0.1381904284459246,0.0029147488552044923,0.05398841408306501,0.18140279475747875,0.0003396063290080945,0.018428410919232686
2025-11-03,0.004098360655737705,4,0.17857805356015855,0.0029069569974897406,0.053916203478080134,0.19337908879055546,0.0003314174402856669,0.018204874080467212
2025-11-04,0.004098360655737705,4,0.1901712260735586,0.0028992836535184125,0.053844996550454084,0.21937598485975696,0.0003233552082274643,0.017982080197448357
2025-11-05,0.004098360655737705,4,0.21533648171197237,0.002891728992335898,0.05377479885909289,0.23802477724661603,0.00031541976117630146,0.017760060843823183
2025-11-06,0.004098360655737705,4,0.2333886994272632,0.0028842931342049818,0.0537056154811113,0.22877926660026085,0.0003076111749088136,0.017538847593522602
2025-11-07,0.004098360655737705,4,0.22443895256887408,0.002876976150131658,0.053637451003302326,0.20047071535825173,0.0002999294722044272,0.017318471993926807
2025-11-10,0.004098360655737705,4,0.19703599158222515,0.002869778061461238,0.053570309514331144,0.22888939402067837,0.00029237462249148634,0.017098965538636726
2025-11-11,0.004098360655737705,4,0.22454555701427514,0.0028626988395467536,0.05350419459768321,0.27632532109156116,0.000284946541572466,0.016880359639902996
2025-11-12,0.004098360655737705,4,0.27046400927897213,0.0028557384054914716,0.05343910932539456,0.18659136834159643,0.0002776450914299783,0.01666268560076611
2025-11-13,0.004098360655737705,4,0.1836006447300994,0.002848896629967112,0.053375056252589675,0.17710718343093118,0.00027047008011504424,0.016445974586963348
2025-11-14,0.004098360655737705,3,0.17441985879459568,0.0028421733331091548,0.053312037412850344,0.2358125312889921,0.0005482839324084193,0.02341546353178641
2025-11-17,0.004098360655737705,3,0.2312472231944675,0.0031024969644229275,0.05570006251722638,0.2495793298134827,0.0005457249826482794,0.02336075732180529
2025-11-18,0.004098360655737705,3,0.24457362197950466,0.0031000991174890543,0.05567853372251333,0.21184302908601757,0.0005341849256034079,0.02311244092698579
2025-11-19,0.004098360655737705,3,0.20804450511390465,0.0030892855834241057,0.0555813420441078,0.1997210805345207,0.0005225241347073645,0.022858786816175623
2025-11-20,0.004098360655737705,3,0.1963103375685909,0.0030783589165031093,0.055482960596052455,0.18410972973946424,0.0005110007759818256,0.022605326274615582
2025-11-21,0.004098360655737705,3,0.18119839372064916,0.0030675610294877576,0.055385566978119465,0.14335171285433687,0.0004996230288549752,0.022352248854533074
2025-11-24,0.004098360655737705,4,0.1417442253653683,0.0030568995868570864,0.05528923572321367,0.15842242288525488,0.00035325111825959966,0.018794975878132954
2025-11-25,0.004098360655737705,4,0.15633282354150846,0.002919742756936724,0.05403464404376811,0.19554947370782028,0.00034323617062567425,0.01852663408786589
2025-11-26,0.004098360655737705,4,0.19227218040023428,0.0029103583165499014,0.0539477368992426,0.19582983303809157,0.0003351144040241975,0.01830613023072319
2025-11-27,0.004098360655737705,4,0.19254357103849012,0.0029027478689176984,0.0538771553528738,0.2184904069032172,0.00032713693854006983,0.018086927282987286
2025-11-28,0.004098360655737705,4,0.2144792333849127,0.0028952726376923117,0.05380773771208293,0.2182959774670446,0.0003192812486378019,0.017868442815136464
2025-12-01,0.004098360655737705,4,0.21429102374435055,0.002887911515469818,0.053739292100564724,0.27160953374323976,0.00031154717698247774,0.017650699050816024
2025-12-02,0.004098360655737705,4,0.2658990799181359,0.002880664354820576,0.05367182086365783,0.2408918109075801,0.0003039347969258588,0.017433725847501986
2025-12-03,0.004098360655737705,4,0.23616401671168213,0.0028735312244783677,0.0536053283217104,0.2019548600664427,0.00029644413632510944,0.017217553145703064
2025-12-04,0.004098360655737705,4,0.19847265851687018,0.002866512150546565,0.053539818364900765,0.1652603198265198,0.0002890751738958763,0.017002210853176603
2025-12-05,0.004098360655737705,4,0.16295197623181445,0.0028596071130808057,0.05347529441789737,0.13693712415912118,0.00028182783888828974,0.016787728818642794
2025-12-08,0.004098360655737705,4,0.1355348392947896,0.002852816045785392,0.05341175943353104,0.19368928084999615,0.00027470201087194894,0.016574136806239682
2025-12-09,0.004098360655737705,4,0.19047149509229266,0.002846138835811815,0.053349215887506865,0.18349795223829077,0.0002676975195945598,0.01636146446973986
2025-12-10,0.004098360655737705,4,0.1806061869752793,0.0028395753236262885,0.053287665773856976,0.21204508806646621,0.00026081414491504687,0.016149741326567643
2025-12-11,0.004098360655737705,4,0.208240100229702,0.0028331253029470756,0.05322711060115019,0.12385967990202393,0.0002540516168121408,0.015938996731668553
2025-12-12,0.004098360655737705,3,0.12287574234140985,0.002826788520752533,0.05316755138947564,0.17592265447670882,0.00048319640149694905,0.021981728810467775
2025-12-15,0.004098360655737705,3,0.17327322290911307,0.0030415071244266536,0.055149860602060036,0.17307459234160835,0.00047854624002993814,0.02187569976092052
2025-12-16,0.004098360655737705,3,0.17051627025164562,0.00303714972140555,0.05511034132906047,0.16295824103892986,0.00046800660076236713,0.021633460212420182
2025-12-17,0.004098360655737705,3,0.16072354092033497,0.003027273622196595,0.0550206654103401,0.15632167877020967,0.0004574679054384699,0.021388499373225553
2025-12-18,0.004098360655737705,3,0.15429928220852462,0.003017398407503811,0.05493085114490591,0.15559173349543506,0.0004470676379885175,0.02114397403489981
2025-12-19,0.004098360655737705,3,0.15359268787538358,0.0030076529057339895,0.054842072405535416,0.1305642655848959,0.000436809500939065,0.020899988060739772
2025-12-22,0.004098360655737705,4,0.1293658483990714,0.0029980405863151297,0.05475436591099499,0.157736215924115,0.00032187891567373155,0.017940984244843746
2025-12-23,0.004098360655737705,4,0.1556685683338107,0.0028903456421706824,0.053761934881202726,0.15038544687476327,0.00031305149002805574,0.01769326114734239
2025-12-24,0.004098360655737705,4,0.14855295030874094,0.0028820739614021946,0.053684950976993495,0.13472937622693637,0.00030552214381583627,0.017479191738059178
2025-12-25,0.004098360655737705,4,0.13339771719564675,0.002875018637374242,0.05361920026794732,0.11545883408980231,0.00029812312772318133,0.01726624243207483
2025-12-26,0.004098360655737705,4,0.11474363949802804,0.002868085438322112,0.05355450903819502,0.06949898905707297,0.00029084159150515,0.01705407844197833
2025-12-29,0.004098360655737705,4,0.07025404942266791,0.0028612623230088448,0.053490768577473674,0.0975403130759278,0.00028367736318398286,0.016842724339725532
2025-12-30,0.004098360655737705,4,0.09739833178220997,0.002854549130283819,0.05342798078052191,0.06453085994474429,0.0002766303590216269,0.01663220848298947
2025-12-31,0.004098360655737705,4,0.0654448507081909,0.002847945781680847,0.05336614827473355,0.09328665198178535,0.0002697004504459651,0.016422559192950565
2026-01-05,0.004098360655737705,4,0.09328074526156048,0.002841452156722277,0.05330527325436272,0.03684502223078101,0.00026288746257940035,0.016213804691663225
2026-01-06,0.004098360655737705,4,0.038644682650400004,0.0028350680915402143,0.053245357464667416,0.016694575766207802,0.0002561911741634922,0.01600597307768235
2026-01-07,0.004098360655737705,4,0.0191388487554872,0.002828793378805902,0.05318640219836177,0.12064130472182576,0.0002496113175645582,0.015799092301919063
2026-01-08,0.004098360655737705,4,0.11976032294924775,0.00282262776773497,0.05312840829288009,0.12247658773788259,0.00024314757884824154,0.015593190143400468
2026-01-09,0.004098360655737705,3,0.1215368952809972,0.0028165709641573065,0.05307137612835479,0.0569275128205357,0.00044431571433287755,0.021078797744009916
2026-01-12,0.004098360655737705,3,0.05808473457821228,0.0030050742338887213,0.05481855738605971,0.006688095222181329,0.0004389395286792247,0.020950883720722253
2026-01-13,0.004098360655737705,3,0.00945247541841926,0.003000036514709413,0.054772589081669425,0.00020883855557147436,0.000429135295219074,0.020715580977106917
2026-01-14,0.004098360655737705,3,0.003180490104168557,0.0029908495226443114,0.05468865990901872,0.062469741593273016,0.0004193755024743136,0.02047865968451826
2026-01-15,0.004098360655737705,3,0.06344966751102263,0.0029817041734573934,0.054604983046031556,0.00860671035511539,0.0004097501274986453,0.020242285629311855
2026-01-16,0.004098360655737705,3,0.01130971407350681,0.0029726847795512297,0.0545223328513301,0.015437879751610211,0.0004002613088475647,0.020006531654626312
2026-01-19,0.004098360655737705,4,0.01792235443312884,0.002963793344845092,0.054440732405480106,0.05776045064239223,0.0003788228906517618,0.01946337305432339
2026-01-20,0.004098360655737705,4,0.05889102672794148,0.0029437046169854706,0.054255917806129414,0.042482720868736175,0.00036985012068052104,0.019231487739655533
2026-01-21,0.004098360655737705,4,0.044102031368447814,0.002935296742278813,0.054178378918889894,-0.014646851771328417,0.0003611932328068494,0.019005084393573457
2026-01-22,0.004098360655737705,4,-0.011199966846014944,0.0029271848628007135,0.05410346442512451,-0.017121985180563133,0.00035266559833604244,0.018779392917132397
2026-01-23,0.004098360655737705,4,-0.013595920763619831,0.0029191940993681807,0.054029566899690955,-0.11021365261690745,0.0003442647491081472,0.018554372775929324
2026-01-26,0.004098360655737705,4,-0.10370958674150439,0.0029113221392082687,0.053956669089263366,0.059063729889653034,0.00033599089774464857,0.01833005449377193
2026-01-27,0.004098360655737705,4,0.06015261408584197,0.002903569181556532,0.05388477689994208,0.0008566535519184425,0.0003278442441562496,0.01810646967678265
2026-01-28,0.004098360655737705,4,0.003807581505621771,0.0028959354137379715,0.05381389610256789,-0.01141446987814212,0.00031982493661658336,0.017883649980263632
2026-01-29,0.004098360655737705,4,-0.008070988815465335,0.0028884209746914144,0.053744031991388726,-0.03998596372178871,0.0003119330707064746,0.017661627068491583
2026-01-30,0.004098360655737705,4,-0.035728480872701404,0.002881025953980239,0.05367518937069751,-0.06348519611259813,0.0003041686888487424,0.01744043258777552
2026-02-02,0.004098360655737705,4,-0.05847597306742543,0.0028737503913564676,0.05360737254666067,0.16954428873332472,0.0002965317799266054,0.01722009813928496
2026-02-03,0.004098360655737705,4,0.1670989010185193,0.002866594276403194,0.05354058531995325,0.01878931162676418,0.0002890222789810395,0.017000655251520145
2026-02-04,0.004098360655737705,4,0.021166574037979877,0.0028595575482509936,0.053474830979171814,-0.04813530008748499,0.00028164006698879336,0.016782135352475063
2026-02-05,0.004098360655737705,4,-0.04361712005409686,0.0028526400953699177,0.053410112295050625,-0.011912105131917596,0.0002743849707226226,0.016564569741548452
2026-02-06,0.004098360655737705,4,-0.008552704722726387,0.0028458417554385234,0.05334643151550555,0.10923878141586482,0.00026725676269505463,0.016347989561259654
2026-02-09,0.004098360655737705,3,0.1087225662434607,0.00283916231529118,0.05328379036152721,0.018393141700930298,0.0005347437121266128,0.023124526203289288
2026-02-10,0.004098360655737705,3,0.020783077583890794,0.00308980919063681,0.055586052123143354,0.030336904291786336,0.0005315297351638972,0.02305492865232719
2026-02-11,0.004098360655737705,3,0.032344759335563356,0.0030867975547986897,0.05555895566691917,-0.0010213976132860112,0.0005200490816538594,0.022804584663042197
2026-02-12,0.004098360655737705,3,0.001989609177364418,0.003076039684422838,0.0554620562585164,-0.03622864571796236,0.0005084826799441012,0.02254956052662892
2026-02-13,0.004098360655737705,3,-0.03209135943214904,0.0030652014642640443,0.05536426161581173,0.02086635550939456,0.0004970586075284239,0.022294811224328047
2026-02-24,0.004098360655737705,3,0.02317717330873359,0.003054496612828126,0.05526750051185711,0.051176840782630344,0.0004857838693464858,0.02204050519717018
2026-02-25,0.004098360655737705,4,0.052518026478085955,0.0030439316940474217,0.055171837870850574,0.040202359128278534,0.00034353612334189326,0.018534727495754914
2026-02-26,0.004098360655737705,4,0.04189461837599216,0.0029106393852571097,0.0539503418456001,0.09312032492165721,0.0003337582582477745,0.01826905192525804
2026-02-27,0.004098360655737705,4,0.09311973900232982,0.002901477101494854,0.053865360868510424,0.07608293435167937,0.0003257437274936048,0.018048371879302708
2026-03-02,0.004098360655737705,4,0.07662737437681083,0.0028939671385035267,0.05379560519692595,0.11921820895659978,0.0003178723221447515,0.017828974231423173
2026-03-03,0.004098360655737705,4,0.11838275200252682,0.002886591290225838,0.0537270070842015,0.05494390839219843,0.0003101241475137899,0.017610342061237478
2026-03-04,0.004098360655737705,4,0.056164585634595324,0.002879330914476629,0.05365939726158531,0.090986644090789,0.00030249902820066437,0.01739249919363702
2026-03-05,0.004098360655737705,4,0.09105431459871445,0.0028721858468984383,0.05359277793600961,0.1281738124983675,0.0002949969727476556,0.017175475910368703
2026-03-06,0.004098360655737705,4,0.1270518658815435,0.002865156095495754,0.05352715288053115,0.12872213361465745,0.0002876179419914952,0.016959302520784727
2026-03-09,0.004098360655737705,4,0.12758264621111232,0.0028582416235708942,0.05346252541332942,0.08426475359032863,0.0002803618461803026,0.016744009262428836
2026-03-10,0.004098360655737705,4,0.08454745730439646,0.0028514423470224533,0.05339889836899684,0.14073124279133228,0.00027322854475822446,0.01652962627400343
2026-03-11,0.004098360655737705,4,0.13920758411201323,0.0028447581341435,0.05333627409318634,0.2073229760336676,0.0002662178462541743,0.016316183568904043
2026-03-12,0.004098360655737705,4,0.20366904851097822,0.0028381888055173192,0.053274654438272236,0.26211853693579423,0.0002593295082479992,0.016103711008584303
2026-03-13,0.004098360655737705,3,0.25671169999835797,0.002831734133985712,0.05321404075980053,0.18379263729979697,0.0005032519721394549,0.022433278229885504
2026-03-16,0.004098360655737705,3,0.1808914450647791,0.0030603000641401625,0.055319978887741476,0.1669784887801164,0.0004991705986096586,0.022342126098687624
2026-03-17,0.004098360655737705,3,0.1646151809787253,0.0030564756400905564,0.055285401690596016,0.14612780637963943,0.0004883361524798943,0.02209832917846719
2026-03-18,0.004098360655737705,3,0.14443151168810545,0.0030463232940628458,0.05519350771660419,0.15493884363471772,0.0004774710643186269,0.021851111283379316
2026-03-19,0.004098360655737705,3,0.1529606839544176,0.0030361422351223486,0.05510119994267229,0.1221785899554624,0.0004667439005135051,0.02160425653693052
2026-03-20,0.004098360655737705,3,0.12124843044449046,0.0030260904172867927,0.055009911991265655,0.13355302117119766,0.00045615944032930663,0.021357889416543634
2026-03-23,0.004098360655737705,4,0.13225899372572159,0.0030161723189346024,0.05491968971994109,0.13306295922720052,0.00032581745142713553,0.01805041416220513
2026-03-24,0.004098360655737705,4,0.13178460885813903,0.002894036221027429,0.053796247276435824,0.14244449859504688,0.00031671693789726276,0.017796542863636824
2026-03-25,0.004098360655737705,4,0.14086603288065494,0.0028855086450647487,0.053716930711506114,0.23375049919573163,0.00030910632789456503,0.017581419962408185
2026-03-26,0.004098360655737705,4,0.22925115548610026,0.002878377173339851,0.05365050953476445,0.2259072819557454,0.0003016293349179947,0.017367479233267983
2026-03-27,0.004098360655737705,4,0.22165884268281527,0.0028713709065648126,0.053585174316827716,0.16041277275460208,0.00029427073230713145,0.017154321097237614
2026-03-30,0.004098360655737705,4,0.15825950213954867,0.0028644755766982803,0.05352079574051829,0.21367846995245804,0.0002870303329024394,0.016941969569753083
2026-03-31,0.004098360655737705,4,0.20982123024640562,0.002857691008363649,0.05345737562173857,0.18052571050362543,0.00027990806554353196,0.01673045323783943
2026-04-01,0.004098360655737705,4,0.17772902722232603,0.0028510171348805503,0.05339491675132147,0.19973926233296788,0.00027290381400859004,0.016519800664916935
2026-04-02,0.004098360655737705,4,0.1963279377314977,0.002844453847344097,0.053333421485444725,0.20532519747968456,0.00026601741520899166,0.016310040319048622
2026-04-03,0.004098360655737705,4,0.20173517887184525,0.002838000992933176,0.05327289172677954,0.16494145641060778,0.0002592486590944927,0.0161012005482353
2026-04-07,0.004098360655737705,4,0.162643313253211,0.0028316583748215964,0.05321332892069051,0.19567047886049904,0.0002525972886436528,0.01589330955602554
2026-04-08,0.004098360655737705,4,0.19238931459935638,0.002825425752169119,0.05315473405228474,0.09898562260856898,0.00024606299992422216,0.015686395377020886
2026-04-09,0.004098360655737705,4,0.09879740587816103,0.0028193028401780405,0.05309710764418379,0.14856540859697778,0.0002396454422239099,0.015480485852320976
2026-04-10,0.004098360655737705,3,0.1467911350362465,0.0028132893102157303,0.05304044975502876,0.18127750544460522,0.0004323041695050509,0.020791925584347663
2026-04-13,0.004098360655737705,3,0.17845677225108109,0.0029938188953177493,0.054715801148459385,0.21482398411585624,0.00042659763452683344,0.020654240110128317
2026-04-14,0.004098360655737705,3,0.21093009942381064,0.0029884716244905915,0.054666915264084466,0.22117198471960453,0.0004168634682419439,0.020417234588502527
2026-04-15,0.004098360655737705,3,0.21707502755526495,0.002979350288408262,0.054583425033688224,0.19282770311870287,0.00040718899117599675,0.020178924430603252
2026-04-16,0.004098360655737705,3,0.18963747922352725,0.002970284883713432,0.05450032003312854,0.15287646950453873,0.00039765246606742534,0.019941225290022308
2026-04-17,0.004098360655737705,3,0.15096428515088922,0.002961348745987093,0.05441827584540963,0.14438235275069225,0.0003882556752940406,0.019704204508024185
2026-04-20,0.004098360655737705,4,0.1427418951023204,0.0029525435453945756,0.05433731264420955,0.1902229040352255,0.00036775764185587387,0.019177008157058126
2026-04-21,0.004098360655737705,4,0.18711600763522976,0.0029333359988472575,0.054160280638557046,0.18284871101036015,0.0003588860707729676,0.018944288605618517
2026-04-22,0.004098360655737705,4,0.17997771496737575,0.002925022951889032,0.05408348132183275,0.13811414240568312,0.0003503115414683863,0.01871661137782121
2026-04-23,0.004098360655737705,4,0.13667420474007058,0.0029169882459629294,0.054009149650433574,0.11646997823607123,0.00034186881488230763,0.01848969482934501
2026-04-24,0.004098360655737705,4,0.11572243715373313,0.0029090770449017368,0.05393586047243278,0.1259995734018573,0.0003335558037499505,0.018263510170554578
2026-04-27,0.004098360655737705,4,0.1249471806707758,0.002901287392847808,0.053863599887566074,0.13393291454105546,0.00032537266139614135,0.018038089183617576
2026-04-28,0.004098360655737705,4,0.13262673431068842,0.002893619433473156,0.05379237337646626,0.11060351185098781,0.0003173195172824646,0.017813464494097285
2026-04-29,0.004098360655737705,4,0.11004363896637245,0.002886073288088902,0.0537221861812129,0.0736997769326744,0.00030939644597718186,0.017589668728466203
2026-04-30,0.004098360655737705,4,0.0743204541384793,0.0028786490265687416,0.05365304303176793,0.0806143496455373,0.0003016034663273314,0.017366734475062703
2026-05-06,0.004098360655737705,4,0.08101382974325932,0.0028713466665731676,0.053584948134463725,0.13442908625351316,0.0002939405411029527,0.01714469425516106
2026-05-07,0.004098360655737705,4,0.133107033495303,0.002864166173216092,0.05351790516468383,0.07563906083938787,0.0002864075767312514,0.016923580493833194
2026-05-08,0.004098360655737705,3,0.07619770037349127,0.0028571074588157473,0.053451917260429,0.11032386021012175,0.0006204073143799253,0.024907976922663257
2026-05-11,0.004098360655737705,3,0.10977293337854523,0.003170079702081472,0.0563034608357379,0.16959474158279442,0.0006215770117755848,0.024931446243160158
2026-05-12,0.004098360655737705,3,0.1671477398818671,0.0031711757592833094,0.056313193474383155,0.16017112204192702,0.0006092935980726446,0.024683873238870852
2026-05-13,0.004098360655737705,3,0.15802558183062082,0.003159665667782537,0.0562109034599386,0.11897890582474313,0.000596660122434861,0.024426627324189907
2026-05-14,0.004098360655737705,3,0.11815110417533178,0.003147827553062941,0.05610550376801674,0.12194490543338275,0.0005841502369033384,0.024169200170947702
2026-05-15,0.004098360655737705,3,0.121022221487805,0.003136105247634317,0.05600093970313638,0.1413547083495583,0.0005717816537222104,0.02391195629224448
2026-05-18,0.004098360655737705,4,0.13981110501361393,0.003124515348637785,0.05589736441584509,0.13407424433432596,0.0004067225284597496,0.020167362952546612
2026-05-19,0.004098360655737705,4,0.1327635429653643,0.0029698477879129036,0.05449630985592422,0.14407336343608912,0.0003951351043404687,0.019878005542319097
2026-05-20,0.004098360655737705,4,0.14244279035262922,0.0029589898688444243,0.054396597952853856,0.16871882596162405,0.00038620786348826045,0.01965217197889995
2026-05-21,0.004098360655737705,4,0.16629984479217036,0.002950624656897378,0.054319652584468706,0.13441247683853852,0.000377443784785938,0.01942791251745637
2026-05-22,0.004098360655737705,4,0.13309095541533805,0.0029424123349628367,0.05424400736452679,0.1767166795190706,0.00036880178411435204,0.01920421266582809
2026-05-25,0.004098360655737705,4,0.17404184709875273,0.0029343144054389063,0.054169312395847394,0.23667274061699894,0.00036028160605915783,0.018981085481582918
2026-05-26,0.004098360655737705,4,0.23207991443515325,0.002926330628991266,0.054095569402597715,0.18635610676508024,0.00035188360343516365,0.01875856080394132
2026-05-27,0.004098360655737705,4,0.18337290916893217,0.002918461336222696,0.05402278534306331,0.21164001875288718,0.0003436080923867682,0.01853666885896083
2026-05-28,0.004098360655737705,4,0.20784798907918778,0.0029107068233742133,0.053950966843738894,0.23388805231423493,0.0003354553417345002,0.01831543998200699
2026-05-29,0.004098360655737705,4,0.22938430828179485,0.002903067342342314,0.05388012010326549,0.16760768345148688,0.0003274255721419324,0.018094904590572794
2026-06-01,0.004098360655737705,4,0.16522424771920144,0.0028955430998983383,0.05381025088120606,0.1210370517622651,0.0003195189554891687,0.017875093160293423
2026-06-02,0.004098360655737705,4,0.12014341004604161,0.0028881342571014,0.05374136448864506,0.1583621565697153,0.0003117356143132699,0.017656036200497265
2026-06-03,0.004098360655737705,4,0.15627448514476672,0.002880840928774041,0.05367346577941508,0.1808598507220088,0.0003040756213159745,0.0174377642292805
2026-06-04,0.004098360655737705,4,0.17805247829865106,0.002873663183040944,0.05360655914196456,0.19430601098692618,0.0002965389989409029,0.01722030774814733
2026-06-05,0.004098360655737705,4,0.19106849603865356,0.0028666010409327553,0.05354064849189591,0.17649377723135454,0.00028912571902228366,0.017003697216261045
2026-06-08,0.004098360655737705,4,0.17382607545286738,0.0028596544760569245,0.0534757372652021,0.08519699847261515,0.00028183570250704806,0.016787963024353134
2026-06-09,0.004098360655737705,4,0.08544987968274094,0.002852823414337297,0.0534118284122281,0.28828460373470355,0.0002746688192519466,0.016573135468339918
2026-06-10,0.004098360655737705,4,0.2820407145966223,0.0028461077338240025,0.05334892439238117,0.19324714298945878,0.00026762488789711764,0.016359244722697855
2026-06-11,0.004098360655737705,4,0.19004350121724595,0.0028395072645749832,0.05328702716961215,0.1865255757465954,0.0002607036758173251,0.016146320813650555
2026-06-12,0.004098360655737705,3,0.18353695683951787,0.0028330217886103014,0.05322613820868748,0.14830499911056208,0.000508607098468128,0.022552319137244578
2026-06-15,0.004098360655737705,3,0.1465390560465519,0.0030653180498184003,0.05536531450121457,0.18777086311623734,0.0005046919842428571,0.02246535074827137
2026-06-16,0.004098360655737705,3,0.18474240747935225,0.0030616494179495526,0.05533217344321071,0.20748797293914584,0.0004937799721372914,0.022221160458834984
2026-06-17,0.004098360655737705,3,0.20382876716719217,0.003051424389237662,0.05523969939488865,0.17220328398219906,0.0004828278284758829,0.021973343588900688
2026-06-18,0.004098360655737705,3,0.16967283503745487,0.0030411617555170184,0.055146729327467996,0.1701748406515698,0.0004720132807361595,0.021725866627965832
2026-06-22,0.004098360655737705,3,0.16770928158755682,0.0030310280551439786,0.055054773227613776,0.2736641777494739,0.000461341442240571,0.021478860357117904
2026-06-23,0.004098360655737705,4,0.2678879958843028,0.0030210280795234974,0.054963879771387114,0.18018889881862626,0.0003460492648146381,0.018602399437025272
2026-06-24,0.004098360655737705,4,0.17740299013957406,0.002912994307838505,0.053972162341697084,0.24348664850878482,0.0003366518857023286,0.018348075803809198
2026-06-25,0.004098360655737705,4,0.2386758454854197,0.0029041885559468925,0.05389052380471814,0.22097744826525464,0.00032871370374022946,0.01813046341769094
2026-06-26,0.004098360655737705,4,0.2168867143200359,0.0028967501350857868,0.05382146537475347,0.1852987647778164,0.000320910848233216,0.017913984711203035
2026-06-29,0.004098360655737705,4,0.18234939154067786,0.002889438520983631,0.05375349775580777,0.21231483175687454,0.00031322686655187333,0.017698216479404734
2026-06-30,0.004098360655737705,4,0.20850121482230202,0.0028822382968129398,0.053686481508969645,0.25099345451637073,0.00030566166413237885,0.017483182322803215
2026-07-01,0.004098360655737705,4,0.2459425088480771,0.0028751493739633087,0.05362041937511594,0.3504679110366895,0.00029821529733421227,0.01726891129556847
2026-07-02,0.004098360655737705,4,0.34223477855452705,0.0028681718052460154,0.053555315378083765,0.19608546863628826,0.00029088777798977897,0.017055432506675957
2026-07-03,0.004098360655737705,4,0.1927910288565994,0.0028613056017485366,0.053491173119950705,0.18583716526163913,0.00028367907082280363,0.016842775033313353
2026-07-06,0.004098360655737705,4,0.18287056859870734,0.0028545507304154724,0.05342799575517944,0.10667681542796258,0.00027658909315700445,0.016630967895976602
2026-07-07,0.004098360655737705,4,0.10624255752046312,0.0028479071137755604,0.05336578598480079,0.07982168925040464,0.0002696177147172497,0.016420040033972197
2026-07-08,0.004098360655737705,4,0.08024652654579834,0.00284137462975535,0.05330454605148936,0.019066215203264302,0.0002627647575002389,0.016210020280685612
2026-07-09,0.004098360655737705,4,0.021434619471991198,0.0028349531115580274,0.053244277735340045,0.10511133737960271,0.0002560299957156014,0.016000937338656176
2026-07-10,0.004098360655737705,3,0.10472715909834251,0.0028286423476082206,0.053184982350361086,0.137429368113432,0.000490897932197966,0.022156216558744092
2026-07-13,0.004098360655737705,3,0.13601133637019897,0.003048723792790066,0.055215249639841944,0.0707587029866462,0.0004867379251152963,0.022062137818337015
2026-07-14,0.004098360655737705,3,0.07147346511693373,0.0030448256856902517,0.055179939159899875,0.10280343513056502,0.00047636335982580624,0.021825749925851488
2026-07-15,0.004098360655737705,3,0.10249308661788553,0.0030351042679597567,0.05509178040288548,0.06516177375254623,0.0004659702407182349,0.02158634384786444
2026-07-16,0.004098360655737705,3,0.06605558158994221,0.003025365464496845,0.055003322304174,0.05066243746728089,0.0004557073877065513,0.021347303991524347
2026-07-17,0.004098360655737705,3,0.05202007891936364,0.003015748726016794,0.05491583310864722,0.08466714871296005,0.0004455788520494905,0.02110873876027392
2026-07-20,0.004098360655737705,4,0.08493697981130324,0.0030062578487247836,0.05482935207281574,0.11320823298600859,0.0004214589845343236,0.020529466250595107
2026-07-21,0.004098360655737705,4,0.11256503509978363,0.0029836564865301993,0.05462285681406822,0.08767362050296063,0.0004118187475735547,0.020293317805956588
2026-07-22,0.004098360655737705,4,0.08784727460048297,0.0029746231662992756,0.054540106034910454,0.13782141838266554,0.000402568310178404,0.020064105018126378
2026-07-23,0.004098360655737705,4,0.13639084495545883,0.0029659551051710517,0.05446058304104953,0.13510148061019348,0.00039344719899728675,0.019835503497448375
2026-07-24,0.004098360655737705,4,0.13375791796361203,0.002957408228315618,0.054382057963225504,0.12982399508837583,0.000384451276084747,0.019607429104417207
2026-07-27,0.004098360655737705,4,0.1286492591479195,0.002948978658298576,0.054304499429592167,0.07373213051190466,0.0003755809464353415,0.019379910898539795
2026-07-28,0.004098360655737705,4,0.07435177272705157,0.0029406667746173943,0.054227915086396176,0.0776097882683061,0.0003668366459683717,0.01915298008061335
2026-07-29,0.004098360655737705,4,0.07810538425276466,0.0029324729857473694,0.054152312838394716,0.03090071267308626,0.00035821876293004406,0.018926668035606376
2026-07-30,0.004098360655737705,4,0.032890531492697994,0.002924397655492038,0.05407770016829523,0.04690201397282088,0.0003497276357556811,0.018701006276553172
2026-07-31,0.004098360655737705,4,0.04837995133279018,0.0029164411009799792,0.05400408411388882,0.09329619041978851,0.0003413635522592335,0.01847602641963995
2026-08-03,0.004098360655737705,4,0.09328997856503263,0.0029086035919053507,0.05393147125663596,0.05342592026882465,0.0003331267489083552,0.01825176015918342
2026-08-04,0.004098360655737705,4,0.05469515793526189,0.002900885349848602,0.053859867711020255,0.07502472143389649,0.0003250174101681123,0.018028239242036708
2026-08-05,0.004098360655737705,4,0.07560301367909558,0.0028932865476615026,0.05378927911453641,0.05877781813964126,0.00031703566791573917,0.01780549544145681
2026-08-06,0.004098360655737705,4,0.05987584864969452,0.0028858073089187415,0.05371971061834512,0.08842460319216663,0.0003091816009289878,0.017583560530478114
2026-08-07,0.004098360655737705,4,0.08857423336138988,0.00287844770743849,0.05365116687862893,0.10564936834716274,0.0003014552344504353,0.017362466254839354
2026-08-10,0.004098360655737705,4,0.10524797846093065,0.0028712077668741373,0.0535836520486812,0.19282226999836427,0.00029385653982991433,0.017142244305513626
2026-08-11,0.004098360655737705,4,0.18963221990865092,0.0028640874603792347,0.05351716977175862,0.1049229318147158,0.00028638543424702403,0.016922926290893783
2026-08-12,0.004098360655737705,4,0.10454478062548722,0.002857086710347473,0.05345172317472537,0.18748099772746138,0.0002790417805154465,0.01670454370868736
2026-08-13,0.004098360655737705,4,0.18446181488130295,0.002850205388229322,0.053387314862515065,0.09413409805544404,0.0002718253869705587,0.01648712791757736
2026-08-14,0.004098360655737705,3,0.09410108154426987,0.002843443314426715,0.05332394691343388,0.1862544130837062,0.0005540105939304743,0.023537429637292055
2026-08-17,0.004098360655737705,3,0.18327446866735164,0.0031078630946947614,0.055748211582926685,0.17017194993578943,0.0005516517647939541,0.023487268142420355
2026-08-18,0.004098360655737705,3,0.16770648334574378,0.0031056527694665603,0.055728383876320696,0.23770179888439383,0.0005399987330823367,0.023237872817500674
2026-08-19,0.004098360655737705,3,0.23307605313943858,0.003094733373237969,0.05563032781889721,0.12696136339519293,0.0005282120413553571,0.022982864080774552
2026-08-20,0.004098360655737705,3,0.12587820301237884,0.0030836887317767393,0.05553097092413151,0.149285478578484,0.0005165634612645513,0.022728032498756934
2026-08-21,0.004098360655737705,3,0.14748816998664657,0.003072773506909962,0.05543260328461908,0.16257068412790926,0.0005050617187678313,0.022473578236850297
