date,mean_carry_residual,mean_abs_carry_residual,carry_rmse,mean_futures_residual,futures_rmse,n_contracts
2022-07-22,0.002059037004388028,0.003700152945257062,0.004497990523831873,-9.749562696366638,16.576052830218863,4
2022-07-25,0.0012408850328705992,0.0031744556447373742,0.003983259896137349,-7.851850978394168,15.509704535398775,4
2022-07-26,0.000559682904883025,0.009339271471913057,0.011146955744886992,-15.37723566574141,26.777949932264846,4
2022-07-27,0.0026774989875227723,0.008021752134804327,0.008593718489892559,-15.441712116455165,23.21113680706117,4
2022-07-28,0.0016180105139327779,0.004493416921818361,0.005025313191334302,-9.293581404011093,13.990916381856357,4
2022-07-29,0.002350357492276956,0.004632125650197414,0.005271990346067411,-11.471506977926083,17.676114168145364,4
2022-08-01,0.0037516342193291696,0.004188550436828649,0.004789489680584024,-11.093752513837217,16.830274232282317,4
2022-08-02,0.00031377086572232857,0.010669732527398498,0.01244387575287031,-15.0083602013774,25.177467287200585,4
2022-08-03,0.004899749456028019,0.006574484461943992,0.006970909664470622,-13.12387807613004,20.663095349698207,4
2022-08-04,0.0016123342706545508,0.018021679101791793,0.02272635323219006,9.73900275436904,17.355649166009552,4
2022-08-05,-0.002172027475758148,0.01455606738082002,0.018307667876829126,-14.730783443967994,23.767675497461415,4
2022-08-08,0.0030159182904338604,0.010158346931313334,0.013329521385949509,0.20104037529813468,8.418045186168628,4
2022-08-09,-0.0014099196212247547,0.01459001605732995,0.017781029365541386,9.328811411888182,14.201401775023614,4
2022-08-10,-0.003927988627960649,0.018894549140555994,0.022027707929360544,15.228622095056153,20.67913746980373,4
2022-08-11,-0.0006877954838297555,0.013638639185083377,0.016214075953826807,-15.88472901685941,23.57956354644692,4
2022-08-12,0.002792129966338578,0.0048970373631373925,0.005081077067360098,-12.029280773710221,16.675617242273024,3
2022-08-15,0.0030782156900383273,0.0030782156900383273,0.003745360100143714,-10.17725016613349,13.502646840654828,3
2022-08-16,0.002182831959042212,0.00484010743682035,0.005172885214582663,-11.533536612334805,17.738209886371937,3
2022-08-17,0.0007740396855795972,0.004584651132251973,0.005085419938512625,-8.716272987709695,15.382300874839204,3
2022-08-18,0.001254690483319711,0.007857051652589847,0.00800934866175772,-12.875340618626979,19.591931318347797,3
2022-08-19,0.0033807615684076178,0.0033807615684076178,0.003918263996757774,-10.251709316282964,13.371373480072823,3
2022-08-22,0.00212300318727519,0.0023530816988633733,0.002994234195793194,-5.935742757282696,10.318322876568113,4
2022-08-23,0.0018311614381347208,0.0034341537299929156,0.004387651889743502,-8.545147553633342,15.991224230045573,4
2022-08-24,0.003079491492877069,0.0055396235847308475,0.006668349718276292,-5.88394005928626,12.055493571421325,4
2022-08-25,0.0009034960825140478,0.009563254041177562,0.010683136159035458,-1.18584698808354,13.1078857196741,4
2022-08-26,-0.0006666371312251118,0.00848414451711478,0.009069893265873973,0.7572042130962018,12.115356866983028,4
2022-08-29,-0.0008055226031685458,0.011549219590352322,0.012745922457768918,3.615789308858666,14.202883723718038,4
2022-08-30,-0.0008516691937788742,0.008351048191543801,0.00919137054479033,-9.654874376969019,21.405135435114282,4
2022-08-31,0.00251094034368057,0.005901950062369172,0.006943164268458626,-9.176428487093517,19.548305111623836,4
2022-09-01,0.0018698359378853495,0.005142804860195225,0.006523265221447626,-9.413646472335358,19.009993059644458,4
2022-09-02,0.0004889176007360045,0.012209520285284003,0.0146254985950986,2.7865011378196414,10.420933324347859,4
2022-09-05,-0.002899030518300004,0.01592385467373616,0.01898249680706725,9.23946526808345,15.638936322923463,4
2022-09-06,-0.004326809277599208,0.018419407744882765,0.02092049509637949,13.656938643116519,19.02377493223684,4
2022-09-07,-0.006103175938209832,0.0301472779660594,0.03338256351083965,24.462360948956075,31.987882275521542,4
2022-09-08,-0.00494889475631576,0.00711440084036873,0.007946848930330984,2.881733944281526,10.191245631957141,3
2022-09-09,-0.0024720976752119622,0.005820665609154975,0.006707152458919195,-1.9863741351694746,10.70401805524634,3
2022-09-13,0.0030897681901134546,0.0034783528640270067,0.004343804652633268,-9.165994602313125,13.455480632782816,3
2022-09-14,0.0021698547134047,0.004671297277821983,0.005369474422428888,-9.281001059640099,15.631249742559802,3
2022-09-15,0.006290646930526393,0.007111944679451351,0.009009893528959761,-7.795733725488087,11.053126250128104,3
2022-09-16,0.0007987656556245984,0.0045839074406565745,0.0054728428584983795,1.0977658001793316,5.613845532351526,3
2022-09-19,0.0015511984156371394,0.006181052546321217,0.006628619722998891,-2.847174166206514,9.756667414214695,4
2022-09-20,0.0007751212723628928,0.004388358753816442,0.00537182378446291,-4.00079704070663,11.443167077121505,4
2022-09-21,9.144937945381945e-05,0.007066133358226544,0.007947980570959818,-7.075276451717627,15.645108987484782,4
2022-09-22,-0.0008887803449004056,0.004772502387579022,0.005525096082509444,-3.0330415012190315,7.36227676811076,4
2022-09-23,-0.000485547862109581,0.0032327446373894286,0.0038431283413354112,-2.254122748834334,5.0370064619263,4
2022-09-26,0.00028490426850734385,0.005682212448451386,0.006446250148047521,-4.291352618272185,7.225799200404981,4
2022-09-27,0.0013829756441816714,0.013370412695276414,0.014915874206908085,-10.254530722382242,16.139710497900722,4
2022-09-28,0.0013231496529977575,0.009040435905160666,0.010022170501319197,-5.827091692774502,8.701367507434231,4
2022-09-29,0.0031146871021110224,0.018452731434525648,0.019972380252015472,-13.379644044496445,19.246288912795016,4
2022-09-30,0.004822100838949923,0.004822100838949923,0.005673520031853039,-6.524595299139264,9.82865222492401,4
2022-10-10,0.0032494730538906638,0.015134409729566508,0.01597395609172625,-12.01592005909356,17.200442993416488,4
2022-10-11,0.0031947491750700385,0.0031947491750700385,0.004215619086518093,-3.0246359929569735,4.385792162808622,4
2022-10-12,0.00015434021537090448,0.009023594280647619,0.010584687275226354,-0.998733762177153,9.237344415318896,4
2022-10-13,0.0008603255344342663,0.010820861910282597,0.012096295260378193,-6.998116241629759,9.74583568619232,4
2022-10-14,-0.00034186901505481315,0.0074046397775074935,0.008501392642263957,-5.9624995343983755,14.287392450014455,3
2022-10-17,0.004959779426242793,0.005624312278192957,0.0069366421111838154,-6.279279380263688,8.575245089085143,3
2022-10-18,0.0013872858947349548,0.0037884756225084887,0.0042293047001210485,-5.257424368090748,9.479614415047713,3
2022-10-19,0.0005951514818122358,0.004797915985788964,0.005495956644954421,-5.4734344596645315,12.181589079233438,3
2022-10-20,0.0032895622144645253,0.0032895622144645253,0.0038698873013471792,-5.717046436053049,7.446347039231018,3
2022-10-21,0.0010688200742198322,0.004761708815247956,0.005106466860283677,-5.266335507682015,9.7038210743275,3
2022-10-24,0.00014060473062430488,0.011324116876120971,0.013196530966547963,-13.83383625923534,24.269383321342374,4
2022-10-25,0.002579384897469396,0.00901570137059633,0.00968057758418844,-15.168786422749918,23.268706339438225,4
2022-10-26,0.002181304456549687,0.013783135233169036,0.01521661730685806,-20.09108099233049,31.321045198530044,4
2022-10-27,0.003150991639003571,0.011633785072162808,0.012073423232783707,-16.855322974849514,24.42153416379582,4
2022-10-28,0.0031286916856033756,0.003171389310750651,0.0042326170461675664,-3.9256530281782034,5.866424040473855,4
2022-10-31,0.0034930875384195648,0.009854450546346646,0.010053065645182227,-15.38222634603926,22.058503695154073,4
2022-11-01,0.0033148028420629796,0.02583550185018225,0.028194554173670727,-28.95456568636496,41.89537715169803,4
2022-11-02,0.00619151653234323,0.011801454063019072,0.011981579176038822,-18.351397154144024,23.829671439369623,4
2022-11-03,0.005540563405090345,0.008780306074434398,0.008943637595186398,-17.079951467852197,23.108454903271113,4
2022-11-04,0.003496860079360337,0.0311816248148333,0.03453972943998842,-32.400564316580585,44.92789793360811,4
2022-11-07,0.005475643001833657,0.005475643001833657,0.006874053045085257,-5.847005069799707,7.202514249958323,4
2022-11-08,0.00228692198470817,0.015943309185371582,0.018156165187406356,-13.57473443654817,18.11465158902872,4
2022-11-09,0.00021616622445219322,0.00400412655990328,0.004230446358093171,5.653398879820088,10.801417219272432,4
2022-11-10,0.0007693762723996224,0.016201110886521864,0.020262534365371523,-8.524307059074545,13.280877797980093,4
2022-11-11,-0.00027655655470357893,0.007977432666512936,0.008438788994717152,10.625771424074324,18.346569190687106,3
2022-11-14,-0.0027016630848949383,0.010044430939959105,0.010245400672321072,17.88048891847514,27.763949413388097,3
2022-11-15,-0.004511021571868851,0.006462412995558212,0.007278197635939481,17.49107934026536,25.30631085707626,3
2022-11-16,-0.002999688091056612,0.008842765571009062,0.00891519222054503,16.630949380855174,24.493055716813785,3
2022-11-17,-0.005377922045620792,0.00820172025847419,0.008765320190419281,20.18842891735706,27.81580136858027,3
2022-11-18,-0.004919474011897608,0.011601651127475542,0.011689328114005653,22.85311235141914,32.17714998850966,3
2022-11-21,-0.004824410374441044,0.009481898771562807,0.009764211495777386,17.543957320390746,26.163918794591495,4
2022-11-22,-0.00046781023683429256,0.009740160853476515,0.01102879943645452,10.005307301257744,16.804160441387317,4
2022-11-23,-0.0036372529098194356,0.007016041611910353,0.007266113424888111,12.634279300023081,18.63547365881152,4
2022-11-24,-0.002178709017984568,0.011043483724452725,0.01172726693526667,13.182324096726916,20.34524384665745,4
2022-11-25,-0.0036176115061540923,0.006899561459378574,0.006908442381597112,10.839269698914904,14.961103413427233,4
2022-11-28,-0.0023716503171614424,0.00242621033094971,0.0030453869532170363,4.426120729050808,7.687540006582128,4
2022-11-29,-0.0017893662874555736,0.002156021323856741,0.0030190107846716327,5.223950709334304,10.054753098620724,4
2022-11-30,5.207446733438044e-05,0.0032254174403729147,0.004349858132913392,4.749225145262926,10.274200673456468,4
2022-12-01,-0.002278217153830119,0.002952525621740099,0.003776876515362028,5.043770376047405,10.085008024297759,4
2022-12-02,-0.0011422719680789588,0.002427688446958678,0.003651840088047564,5.666720673873215,12.20561480479285,4
2022-12-05,-0.0009683824503222433,0.009620705682706275,0.010663634159674655,9.139189805558772,13.096163244666872,4
2022-12-06,-0.0017290216399246262,0.0037135532901420455,0.003799774120460239,5.206608238242097,7.315767535550346,4
2022-12-07,-0.0019831632099933036,0.00877524414800562,0.009223202657271773,9.58674887264192,12.935460278423557,4
2022-12-08,2.001618328081184e-05,0.007221013909319177,0.008598159904523154,-4.616452250223574,6.426406730644252,4
2022-12-09,0.0009564970962654915,0.0019414610638588171,0.001972236265818776,-0.23568848284958221,3.765319485052716,3
2022-12-12,-0.0004120506404037434,0.002433840277545172,0.0024927468826446016,0.8173053200249948,4.554770433288115,3
2022-12-13,-0.0015865869387495697,0.002324962298146697,0.0025567191013697124,2.6200978747813983,4.45955782396864,3
2022-12-14,0.002307571160255713,0.002307571160255713,0.002749203813269689,-2.9031814185715725,3.6310555856865814,3
2022-12-15,-0.0004500204007685503,0.0016296056056503995,0.0020034519795305724,2.8129622957858373,5.74147230300119,3
2022-12-16,-0.00477637665628893,0.0060496646545122835,0.008790346593842485,3.4570942628239814,6.220063371301219,3
2022-12-19,-0.000758086316950519,0.007309980264502143,0.009118926725294282,-2.2062659134908245,7.480342719950258,4
2022-12-20,0.0013788529684978668,0.003427034303476158,0.004009901292166753,-1.5278755406980054,4.211131817759041,4
2022-12-21,-0.000730001595104262,0.003173918985096864,0.0033994961650555765,1.326602408497365,5.3974217373537146,4
2022-12-22,-0.0017870152706093725,0.003705076836408252,0.004162095417068778,4.015996367932985,9.012358735748734,4
2022-12-23,0.00029096977088921604,0.0056084979286231094,0.007186018093725838,4.8537076268403325,15.71830879303501,4
2022-12-26,-0.002003648963050933,0.005539488588447121,0.0061798832418220795,6.364894927507976,13.730943488427602,4
2022-12-27,-0.0005519661763662407,0.005457661869562041,0.005727520302735542,2.6540518877513932,9.478410666283114,4
2022-12-28,-0.0018300224576763184,0.00852691829197436,0.009562980904697984,2.164909675690751,9.427092083263966,4
2022-12-29,0.0011191845333944346,0.003874029196312231,0.004450325843371289,1.52962879295751,8.342074517258627,4
2022-12-30,0.0005499913335467567,0.002929067993952191,0.0030536628060035343,0.28458357141721535,4.869270269512163,4
2023-01-03,0.0021023384569906142,0.005190490939179119,0.005767319527853411,-2.0611731788617362,5.426220959922306,4
2023-01-04,0.0009957803597063358,0.004465509129667755,0.0048937071864922745,-0.812558456366105,4.248815740756325,4
2023-01-05,0.000843113152878083,0.011583808891874414,0.013294941301522653,-5.763346663905168,9.264178209666223,4
2023-01-06,0.0017860758400423914,0.010600748847151287,0.011773607173212455,-6.092234492630041,9.036547403865226,4
2023-01-09,0.0016946140859808688,0.007000414956114819,0.00806374878274871,4.036306478556071,8.863820794571167,4
2023-01-10,-0.001422828713686028,0.0015682277356818125,0.0017413545781298668,1.6939150496764341,2.7747567477648087,4
2023-01-11,0.0014072674715182969,0.01806764818121363,0.020414209884086897,-10.24049257747356,14.66326765376629,4
2023-01-12,0.0018632197106245047,0.008339693687905254,0.009170054898545029,-4.824374990938395,6.308436336471683,4
2023-01-13,-0.0024583594453520354,0.005619711748079774,0.007299795371285833,-1.2772069766497225,6.3714285671271105,3
2023-01-16,0.001361381785813429,0.001361381785813429,0.00155307171766959,-1.4178659434416356,1.5849515711017468,3
2023-01-17,-0.0016472880624017385,0.0018296768860140335,0.002140223036279307,1.1091349039934357,1.8374422320684798,3
2023-01-18,-0.0021614379768042304,0.0038386504402745177,0.004110518766133398,-0.24962218806952782,4.500637745186402,3
2023-01-19,-0.0012506678382631642,0.007218416834548501,0.008417195596259081,-4.830818290709128,10.94151987818393,3
2023-01-20,0.0027647607481377534,0.012439090580228991,0.01252743561283587,-11.504367253004602,18.419174733575378,3
2023-01-30,-0.0004062426230638152,0.008548019458555644,0.010890403463208262,15.533549672878053,30.62190394788358,4
2023-01-31,-0.00559446740816219,0.01097445742949267,0.011745790718324578,23.212660314006143,37.57558270468398,4
2023-02-01,-0.003046916512004527,0.009136894564280136,0.01045592958374177,19.1008353627808,34.228315104067285,4
2023-02-02,-0.004484023103242081,0.01536213959066342,0.01614378691428484,26.32505449511291,41.19271321577509,4
2023-02-03,-0.003436766161400824,0.009818775121326333,0.01041969404848059,18.263952977027884,29.514598910960704,4
2023-02-06,-0.0037788185547423373,0.006116358568650343,0.007001666759911189,13.502776011549031,22.89872992790056,4
2023-02-07,-0.0030086174601190313,0.014078471637636137,0.0149447736111031,21.82029905278364,32.733707342764205,4
2023-02-08,-0.006060900454681556,0.01648219723456646,0.016823188876034303,28.623832580876524,41.85500871949897,4
2023-02-09,-0.003935206516743851,0.017879068757829783,0.022190806964646093,-3.1785545762686525,17.362818569885874,4
2023-02-10,0.00181066248773074,0.009003304707427953,0.010224634735015151,9.65098482175957,26.59364144308922,3
2023-02-13,-0.0008228987570175391,0.010776309889774377,0.012014966020957816,18.64754827208162,34.51928125881274,3
2023-02-14,-0.004544926167266115,0.009328070924239566,0.010020283324970212,23.293936663301793,35.56502820941028,3
2023-02-15,-0.00303035074921282,0.009849004461016301,0.01034627990117136,20.754880508300023,32.98988245067862,3
2023-02-16,-0.005868040667379583,0.007167837690733457,0.008858479291527012,22.577820043985714,33.539830916587015,3
2023-02-17,-0.004477774792493175,0.009183128063585346,0.010070034437857324,22.36413414200827,34.689286906060545,3
2023-02-20,-0.0016735747950208484,0.010356532569395286,0.011967292299303484,14.470076293613374,27.640989478078794,4
2023-02-21,-0.0033430140396332637,0.01620004466202943,0.017269317702159715,22.552442349258172,36.316059543159696,4
2023-02-22,-0.005176731130882501,0.009019769362825397,0.00983824357635772,16.239551609613272,24.64540229856595,4
2023-02-23,-0.003666890609830777,0.007223541598593794,0.00798884794681646,12.992757963517306,21.210558867272905,4
2023-02-24,-0.0028659542411916226,0.005672827572022712,0.006692230242395413,10.904444425238808,19.416737160923635,4
2023-02-27,-0.0016152203617657637,0.006861176205093775,0.0071969672975875035,6.7681661093095045,15.008896192118899,4
2023-02-28,-0.0020553898306070583,0.007472748145820876,0.008619921565260605,10.324478759938756,18.31058063786147,4
2023-03-01,-0.0027835554490546303,0.010551099693047832,0.011225823817506626,13.568093856644055,20.471056758559616,4
2023-03-02,-0.003412014993070424,0.005714787912016706,0.006514731553014996,10.403864254477867,16.810051574588407,4
2023-03-03,-0.003379949420686555,0.01709080061105847,0.018368123579622968,19.694204235324605,28.75114905832172,4
2023-03-06,-0.006055484592602595,0.028930191866297878,0.030906993645204692,31.434200324401445,42.87560442230181,4
2023-03-07,-0.007018034548207949,0.007566126794293028,0.009674429195663454,13.517647735555556,18.4594972972861,4
2023-03-08,-0.0040601338478542665,0.019835339934082576,0.021588198250326457,20.55518752394346,28.277225106510343,4
2023-03-09,-0.005125130606640174,0.015148124045921307,0.016252661937471564,17.238542330519977,23.170374092698314,4
2023-03-10,-0.004490988139722152,0.004490988139722152,0.005422957651070149,9.087326259469592,12.606138507029849,3
2023-03-13,-0.0007953403539367257,0.003346994028406628,0.0035942411875956736,3.5002820020611884,10.15409214711481,3
2023-03-14,-0.0010033690617910253,0.0031631072951094955,0.003171816884141145,2.6895444599698144,7.565047130577809,3
2023-03-15,-0.000593712150408883,0.001723220844343086,0.0021225946567199035,3.4104915989816313,6.435916970452205,3
2023-03-16,-0.001584898560848325,0.002008517763524511,0.003012644286194536,0.5964809373184229,2.389521830331537,3
2023-03-17,-0.0008152917293538809,0.002741487590525423,0.0028146719286368652,2.6268928051598173,7.202983098568837,3
2023-03-20,-0.0007865021430875961,0.0040539262231513796,0.004345183665132448,0.7716733777238005,6.922991213618326,4
2023-03-21,0.0008168562173115831,0.0036217810028729633,0.00408097064587694,2.056259339080043,10.062174949004861,4
2023-03-22,-0.0005129623085757852,0.0021805112328389213,0.0026602263307768507,2.273579915998198,6.99330237452573,4
2023-03-23,0.00013696963621453138,0.0027624408120680097,0.003219011106960389,2.0905485732434954,8.558956846194064,4
2023-03-24,-0.0012238882365816738,0.003980916435105689,0.004302504961222319,3.7981692549662966,10.831390725466221,4
2023-03-27,-0.0002428226322365619,0.004468449451021903,0.00601581477567053,6.3652884831954,15.031456103509397,4
2023-03-28,-0.003399768411037311,0.004992965370846687,0.0058673525934567865,5.323312810223342,10.820950667562556,4
2023-03-29,-0.0009890049813060845,0.003749739766145914,0.004790394350225148,4.232927688772634,12.741844516520063,4
2023-03-30,-0.0010324759890401299,0.0074264345348873445,0.008410436993895308,0.39826603297865404,9.936425169395473,4
2023-03-31,0.0010225926532997373,0.004720342350452939,0.005490636445185041,2.503264553899271,12.539243818238253,4
2023-04-03,-0.00035817117972168286,0.00802567720569181,0.010551547237999687,10.566431457115641,23.735134538508326,4
2023-04-04,-0.003086975790691081,0.0050415620140855134,0.0062861601910150465,7.296189718793357,16.547121868202566,4
2023-04-06,-0.0005529948383776184,0.00877045198381024,0.011160309884181423,11.258072460748963,23.090899091590234,4
2023-04-07,-0.0028465210812194212,0.006375483432808939,0.0075557523667805606,10.028948154113777,18.58146335049852,4
2023-04-10,-0.0038341770720311057,0.007290284390806144,0.008326928755176682,7.272419411506462,17.551610961479216,4
2023-04-11,-0.0009621467730483828,0.007647220460450237,0.010214567228712593,11.334917182620757,24.326519695575918,4
2023-04-12,-0.003841669237863665,0.016928202568585723,0.018277485522600112,19.169861860183346,32.1253329231354,4
2023-04-13,-0.0036252601007154663,0.008722030714830731,0.009542234833750881,6.256512380703725,16.179999515085672,4
2023-04-14,-5.942592098513259e-06,0.007879246838494572,0.00836092997503884,8.045860241490118,20.599096186644005,3
2023-04-17,-0.003453112758157922,0.005067316850317002,0.007450918098200057,11.647539713435435,21.560821004499896,3
2023-04-18,-0.0014692919513276763,0.009037355966243943,0.010826590695648815,12.715231121744182,26.400497865087758,3
2023-04-19,-0.003754236355069505,0.009028048934121355,0.01157169585640122,16.266525818590406,30.251886338704406,3
2023-04-20,-0.004053018905616171,0.010590054683151037,0.012361094346096132,17.048321002790544,30.63848706561082,3
2023-04-21,-0.004971121264926878,0.009795865786039954,0.009963756452965562,9.123691926962238,17.783359783911436,3
2023-04-24,-0.003949197607896207,0.009519915800217296,0.010212739256783935,18.42463885582538,31.517540924096334,4
2023-04-25,-0.006798137916097381,0.009773188657616227,0.011514301134411804,25.834548734757163,41.4272357684159,4
2023-04-26,-0.004698655111871116,0.010700411298463736,0.012268444974507567,24.88981779550477,42.6975559083272,4
2023-04-27,-0.005538859191714228,0.011581688232360894,0.01247409091253952,23.30291928288443,40.48080560379141,4
2023-04-28,-0.004504924124118169,0.01222884808597056,0.0135894655903131,22.953350983116252,43.61274292048713,4
2023-05-04,-0.004479489674952911,0.01709905876823059,0.018231100686385195,34.59377301446898,58.21153176744439,4
2023-05-05,-0.007292552595241914,0.013253523019735603,0.015437202089236747,33.53855875606587,53.97082925094422,4
2023-05-08,-0.007877376984371704,0.018837586210130697,0.021791676221305165,43.83585124911315,69.68492808979111,4
2023-05-09,-0.009458388896829376,0.01393828920297634,0.016573672904372772,35.278051196115484,57.62576895072113,4
2023-05-10,-0.006929243440529197,0.014958943413754826,0.016997937901627815,35.11923837476729,57.80516719737644,4
2023-05-11,-0.008918491611106928,0.01812088240481835,0.021352904924422256,43.12271828013172,66.572569812379,4
2023-05-12,-0.012441851004860895,0.018722557159266344,0.02031538114704001,48.543556512590236,68.05673131679058,3
2023-05-15,-0.0084394507948955,0.021117172493055114,0.02175463056592064,44.3661104472576,66.48243287828959,3
2023-05-16,-0.010805973549765499,0.01960056797058334,0.02066302798923826,46.07169869570407,66.23054674525319,3
2023-05-17,-0.008232352700531758,0.02328416903674955,0.023799417688403594,45.846905405129895,68.60212452292724,3
2023-05-18,-0.010860215807860346,0.023727694708736563,0.024313236756405645,50.66865308296747,72.76005149578093,3
2023-05-19,-0.012457431617825471,0.019346431113123605,0.02080780203416532,48.1791827460626,67.26393465756468,3
2023-05-22,-0.0077588680358338154,0.017860744643287206,0.020092200833360344,35.70430084554255,58.6527138091781,4
2023-05-23,-0.008514625823490636,0.01800574120447803,0.021094675627649682,37.84926622276407,62.14978204961026,4
2023-05-24,-0.008716386174531956,0.019062328806162564,0.021745491358171387,38.38929346903569,62.66318356239599,4
2023-05-25,-0.0087947831321439,0.022207677078918568,0.024925913484141606,41.37302751020866,67.14197698644892,4
2023-05-26,-0.009253532456572847,0.016254753695828846,0.01930016644834081,36.28108792213084,59.1290681313153,4
2023-05-29,-0.008651207187719707,0.017137996554862756,0.01995219452036277,35.98104452062239,59.09148645018528,4
2023-05-30,-0.00816402387983022,0.016277633486003876,0.01945864570440648,35.12985209856379,58.96105207207574,4
2023-05-31,-0.007931582681941857,0.02017888273529222,0.022439095311673565,36.776455613515736,59.23047294975791,4
2023-06-01,-0.009702124865489908,0.017578082099842816,0.021407176379694855,38.96478405513881,64.08737793485142,4
2023-06-02,-0.008798483025486772,0.02158519693851427,0.024097675604754527,39.97696536120179,64.2404270671928,4
2023-06-05,-0.010698668200184308,0.029073054185020222,0.03078871837817045,47.5310927182627,72.80041111692218,4
2023-06-06,-0.013295640991042525,0.03569693440437309,0.03649079890772466,51.83960248864855,75.67224832854396,4
2023-06-07,-0.013476702503055316,0.03286712696354676,0.03380230201852594,50.6342795349658,74.40414603832757,4
2023-06-08,-0.01125004127896326,0.017469644414309683,0.020426734880441267,36.65723306569862,57.59977260776941,4
2023-06-09,-0.0074529393221289195,0.015934806046329856,0.017836562678913325,31.341400795454017,52.31246387799624,3
2023-06-12,-0.00641132367906419,0.017673442510094655,0.019035071631343162,30.7715644013994,52.05657717370221,3
2023-06-13,-0.007073361482222075,0.01790528673866052,0.018892356836477938,31.285467329646355,50.86659689217638,3
2023-06-14,-0.007015363884813604,0.018579879246325388,0.019424345881914096,31.529428914201464,50.97165909644441,3
2023-06-15,-0.008098150686310666,0.018201700044907947,0.0189724796110753,32.47248431059779,50.516756071535035,3
2023-06-16,-0.006878930988701394,0.02000446736979283,0.020884830401765166,32.96265119930316,53.60573553831472,3
2023-06-19,-0.004575255823646941,0.015634829566095645,0.01817752984539913,23.535508883152033,44.58742515507634,4
2023-06-20,-0.0059917938469928565,0.015977985115647433,0.017996041436044042,25.07824736827797,44.906715126586526,4
2023-06-21,-0.007728532392992215,0.014909454979589724,0.016921372300112186,25.91056047577058,44.39533240248774,4
2023-06-26,-0.00818155752538555,0.010914726067203798,0.012969865927168249,21.720696666800222,35.769557674123135,4
2023-06-27,-0.0014949268268736847,0.014666262058035954,0.018116144966156333,17.99408111165849,36.68584901780592,4
2023-06-28,-0.006976541749733247,0.013443387559894437,0.015829092368305257,23.452880709545525,40.85606773939528,4
2023-06-29,-0.004468360400926822,0.016804575882338753,0.019657358078028153,23.30172769411047,42.626238068591455,4
2023-06-30,-0.006683828916303739,0.018735155794594685,0.020366997681368956,26.11729983011469,44.48776811426057,4
2023-07-03,-0.006971505112260169,0.021064320303622847,0.0226865443882214,27.918185818624806,47.108969819681455,4
2023-07-04,-0.0068976557850619884,0.01885287217175067,0.020243530229419528,25.75810892026334,42.94437052116204,4
2023-07-05,-0.007067566617733926,0.01764617339319014,0.01868339213356815,23.995264786458392,39.186651494594365,4
2023-07-06,-0.006954426065415308,0.026723859987780454,0.028603121783682177,30.660479966031062,49.87113209622552,4
2023-07-07,-0.0086752677338731,0.014156406610007137,0.01603005836112837,23.702902634278644,38.98396430686662,4
2023-07-10,-0.0052634334103796,0.011128019434564637,0.013781314507124012,18.824302475918103,33.963389395972925,4
2023-07-11,-0.005606139007716695,0.014757336667533042,0.016832245467736102,21.456667823928,37.02776148452983,4
2023-07-12,-0.0057438972746687075,0.009125484862414277,0.012276808563209864,17.15818940188865,32.28310545376446,4
2023-07-13,-0.004149056859709021,0.009538147594089452,0.012100180184637547,15.485353782435368,30.94752470644417,4
2023-07-14,-0.004153018200639344,0.011565638521991274,0.014022063529392085,17.986895964660107,34.30397968875938,3
2023-07-17,-0.0044074531721607635,0.0117021607794875,0.014956890266217859,19.080101256759917,36.845314814587844,3
2023-07-18,-0.005466879466192853,0.010342387867956325,0.01322154258797551,18.585975075599283,33.51346241476578,3
2023-07-19,-0.004824015964485528,0.01116689000755218,0.013787863529730939,18.176518175651534,33.470414308253154,3
2023-07-20,-0.005664708556530076,0.01042096655616305,0.013153665857436108,18.182271854958344,32.24025019921257,3
2023-07-21,-0.005674126350331327,0.010357915743800527,0.013304754800492145,18.227104915127104,32.459311230110536,3
2023-07-24,-0.009169245207634432,0.018001491972579574,0.02128923804833029,44.15473324471827,71.6780992296619,4
2023-07-25,-0.00961528933627252,0.01856837965264251,0.022009733739827137,46.36829007169263,75.04506634344445,4
2023-07-26,-0.01074772445059754,0.016950777209303505,0.020644272045574147,45.37487048703838,71.64656348449185,4
2023-07-27,-0.00970575019936693,0.01755255898453762,0.02055639159046959,43.44839905045001,69.82684720399375,4
2023-07-28,-0.008291178477316237,0.01790546196442693,0.020309488412700364,41.361961268068626,67.69496528232654,4
2023-07-31,-0.008442534459785822,0.0169171772336459,0.019456454978101216,40.43446917064284,66.89091271948362,4
2023-08-01,-0.009828527260109274,0.020406393198043472,0.02360278240501532,47.69804411504742,75.93540175368648,4
2023-08-02,-0.01074099209734286,0.020635383085600267,0.024511364574136933,49.61264488455254,77.9467093883416,4
2023-08-03,-0.011062180677644591,0.0224939352654641,0.02600302398843317,51.1873741266611,79.05916295662564,4
2023-08-04,-0.012086370540088345,0.02184573661119006,0.02554094757617544,52.163169798227045,80.39454087437761,4
2023-08-07,-0.01178766991767017,0.017203885698380883,0.021398785314707423,45.72843747595698,73.1617149093083,4
2023-08-08,-0.01015604709634292,0.01777572283432656,0.021152627741659505,43.079495254503854,70.79635020889783,4
2023-08-09,-0.011047635933945909,0.019988059622307333,0.023478217492993874,47.50694659890064,76.87927711037534,4
2023-08-10,-0.013121979183000848,0.032320653860536216,0.03609988928427752,64.81628398934026,99.00899820199085,4
2023-08-11,-0.016563880729099516,0.02729475137196431,0.029240274023106434,63.91411407195452,91.6448335466155,3
2023-08-14,-0.012755166236370262,0.025694935907408106,0.027064585264903185,55.42018258786902,82.40230472097542,3
2023-08-15,-0.013385054470875466,0.027351778483756584,0.028674164185466495,57.63196719128155,85.26992667343845,3
2023-08-16,-0.013637502931094364,0.026627825176113267,0.028172436212463955,56.52484575313247,83.56783072514473,3
2023-08-17,-0.01193215344175781,0.026277015629764467,0.027488008285087438,53.254714649937036,79.50154191685907,3
2023-08-18,-0.014141922670166939,0.029181575314130393,0.030586726484719544,58.939389236425995,86.83887911857472,3
2023-08-21,-0.00965466578567226,0.025702624357710157,0.029423008540220834,45.22371843317774,77.94705026700672,4
2023-08-22,-0.01043100430520772,0.027005150086200032,0.031548084593088596,47.823655269553456,80.80015555136129,4
2023-08-23,-0.012877898875959623,0.023394845766450414,0.02817665171956588,47.00928670633152,78.45676571104991,4
2023-08-24,-0.010524007455308106,0.02570412464692487,0.03029350674287765,45.6235371937571,77.20248485819893,4
2023-08-25,-0.013088332370814307,0.02402303961993094,0.02799221256482511,45.18546882667238,73.83133314915771,4
2023-08-28,-0.009305255452892678,0.026323292454447873,0.031019208881039543,43.55146257350907,73.66985149441406,4
2023-08-29,-0.01343795397398631,0.028139615592797984,0.032131480633657734,50.38346734036554,80.61136349649453,4
2023-08-30,-0.013046901386492987,0.030602140120794884,0.03362294414549449,50.49242715114087,80.02729164461573,4
2023-08-31,-0.012600387153046896,0.019741298877484794,0.0245997020840485,41.607137487809496,67.9787957964522,4
2023-09-01,-0.010722789075402878,0.025866497665002364,0.030362513116134745,44.9665834671091,73.28169016789457,4
2023-09-04,-0.0117841252944068,0.023432726464547454,0.027824276075578046,44.15032265352488,71.78626730058684,4
2023-09-05,-0.011435012101446469,0.027002417698204613,0.030690914984598,45.55728528551458,73.11726926679633,4
2023-09-06,-0.014718132364706125,0.0432987656184237,0.045466907378418235,59.08960585735895,89.05102004559798,4
2023-09-07,-0.015114630197333235,0.030795545370515643,0.03352974322382587,49.90871737425664,77.06221257556918,4
2023-09-08,-0.010994518754868364,0.027238471738242943,0.028510416699913183,43.55245140948227,69.42878085842374,3
2023-09-11,-0.01180460212046479,0.028480813388994924,0.029641274982745932,45.941329545992026,72.13896459856791,3
2023-09-12,-0.012060407855874785,0.027392825817144223,0.02862088788700383,45.07513687527171,70.09274989518754,3
2023-09-13,-0.010127188837233547,0.026051471149986224,0.027422735875295205,40.77884486748068,65.25367922999753,3
2023-09-14,-0.010515068756790128,0.021686120092546838,0.023178361498497464,36.61274418795074,57.000226848128584,3
2023-09-15,-0.008645462366190626,0.02106372935552503,0.022899907275861955,34.22304505518483,55.76777481009875,3
2023-09-18,-0.00707828353865678,0.013354753184993472,0.017221599843883724,24.059887748930578,45.083494817966965,4
2023-09-19,-0.007310816932444761,0.013122509327527041,0.017312467771655644,24.09048708164346,45.620876379114236,4
2023-09-20,-0.006821298206540711,0.015536662914529039,0.019945557891781648,25.684001466187283,49.06350845188695,4
2023-09-21,-0.006446104494146436,0.015784054216687382,0.01988889732739477,24.8548006496776,47.542686391941906,4
2023-09-22,-0.0078109429469401595,0.014473814761112085,0.01893311492244258,25.764213228878816,48.23720936925473,4
2023-09-25,-0.005971155108376045,0.015605460376951284,0.01959816109506399,24.240322277822315,46.907086555999754,4
2023-09-26,-0.0068034335438836475,0.012733584724152324,0.016816336726025526,22.124462877239466,42.63286707228968,4
2023-09-27,-0.004857118520479648,0.009478816880517228,0.014481924029226519,16.64297578295941,36.91656861842969,4
2023-09-28,-0.003957190910500315,0.0179850285144936,0.021401067687197795,23.416194308783133,46.39578889396141,4
2023-10-09,-0.007310019320389896,0.018033616481390076,0.022486105561834755,27.457557821530145,50.94061444636449,4
2023-10-10,-0.00844383023449408,0.02391977466841057,0.027012332653125404,30.57363514544477,51.96483183040587,4
2023-10-11,-0.010906906998341851,0.03787535885628353,0.04031761249861825,40.055093666904895,63.255979228981865,4
2023-10-12,-0.012199505294962554,0.030579872444486747,0.03267020400166883,37.05922359476881,59.15467429443256,4
2023-10-13,-0.011430480201765085,0.01557208648804065,0.020012861071185314,29.514469103004558,49.00264487492575,3
2023-10-16,-0.005677776277150025,0.0188680981552533,0.022309349414881243,24.725264712198015,47.712756043861845,3
2023-10-17,-0.00681966591362318,0.01581643786562374,0.019639210823891414,23.85446744892579,44.23615341236973,3
2023-10-18,-0.00634091609105894,0.017580336882709394,0.021743831504999672,24.476513997835053,46.540700891070465,3
2023-10-19,-0.006771197953041747,0.013929492775966336,0.01838008737883987,21.87268848258797,40.50003578511968,3
2023-10-20,-0.005864100251800929,0.012652091097217063,0.016748278682518616,19.229990948063158,36.73177428580342,3
2023-10-23,-0.00860366890944244,0.024816357914317667,0.028534829713032086,46.375790257951394,75.89438664761745,4
2023-10-24,-0.011553529749192729,0.028454139413179834,0.031118656864193246,52.10865689760635,80.74839269310748,4
2023-10-25,-0.012270425326755418,0.025892467541130657,0.02840942367198363,50.27228938168332,76.4815546552124,4
2023-10-26,-0.012081209891426713,0.02310517474360721,0.02559064726161036,47.180665662511046,71.79219005479807,4
2023-10-27,-0.012898150075548565,0.018076551514415753,0.021730727527554387,44.960937300121486,68.93751520606914,4
2023-10-30,-0.01024289251227142,0.027325354168480125,0.030744387262090594,52.44126262919531,82.2866900220455,4
2023-10-31,-0.013341475060702655,0.026435051544722272,0.029056793185783615,53.535932576128516,81.03368029717939,4
2023-11-01,-0.01304549910012201,0.02665959481363729,0.029224310594441166,52.81699203824314,79.72304840376194,4
2023-11-02,-0.012647040216281793,0.019366944221653287,0.023044442422695863,44.83807523899691,68.09574236492274,4
2023-11-03,-0.012193904313291537,0.027046814741983442,0.029840346754162507,52.17665943474344,78.76744255826831,4
2023-11-06,-0.012844413138314652,0.024068236281007113,0.027348583419156882,51.34133038186633,77.49418170936093,4
2023-11-07,-0.013245258934330019,0.03260129215865174,0.03471601775107432,58.02070895757038,85.52419122747771,4
2023-11-08,-0.016375915659397795,0.04547998302166091,0.0469959725190243,71.21442333463506,101.7592092250612,4
2023-11-09,-0.020521597151389126,0.05359253932092552,0.054468356648323946,79.8422682418734,111.43208544186857,4
2023-11-10,-0.018284649731613863,0.024506269966692893,0.026862924726259306,59.24032945575042,79.57460549042628,3
2023-11-13,-0.010124656120996327,0.023915401520818808,0.02425582514652045,45.332018875249254,66.00458831119109,3
2023-11-14,-0.008779663039743904,0.023462679691269295,0.023734186786312877,42.5579112385758,62.80584384835062,3
2023-11-15,-0.00984227956345444,0.02189499768315985,0.022207974876410335,42.006998680049946,60.00760930390706,3
2023-11-16,-0.008401196672900665,0.021166015876015284,0.02149145569175172,38.715491448032786,56.72859373608064,3
2023-11-17,-0.008680708592094707,0.016691091325317597,0.017207653311884716,33.86611409221223,47.94180379169641,3
2023-11-20,-0.005666362485285688,0.011836280551419734,0.01267406869082065,21.32586033552002,34.238249168057955,4
2023-11-21,-0.005433588622386892,0.01836795566366099,0.019113260546275386,24.89379338957633,38.90774327133603,4
2023-11-22,-0.008193582007773419,0.01903323037082994,0.019548689222617408,28.82931607442424,42.43944797966253,4
2023-11-23,-0.008109928793805699,0.013647855085725693,0.014441010997282667,25.368922021724075,38.45108204122178,4
2023-11-24,-0.0054764312117776374,0.018186959859241857,0.019694050267173017,26.756759101893522,43.39260116166795,4
2023-11-27,-0.005678948817675944,0.01416998948996362,0.015153337079886153,22.374100446969578,34.91080031579821,4
2023-11-28,-0.005933046773828211,0.023535574353143313,0.024678648467970986,28.584020725248365,42.89630212315282,4
2023-11-29,-0.008165121648435643,0.021679743927593267,0.02202573723391473,28.50900125950443,40.724756618366314,4
2023-11-30,-0.006981119315940924,0.02591784790376914,0.026871077227459,27.452159884437833,38.1921013305299,4
2023-12-01,-0.007881665422767106,0.023186001988970372,0.023685085803094266,25.71955878917538,34.63518093627546,4
2023-12-04,-0.008825026752839235,0.04043386001352499,0.04275017380575062,38.450015256029474,52.08006338253488,4
2023-12-05,-0.0074494697633322934,0.018638899583864797,0.019497352728186937,18.30721321959345,23.001471863221838,4
2023-12-06,-0.004845525045743711,0.013769508017145583,0.015326204512234763,11.550498333098858,14.496963500232578,4
2023-12-07,-0.0062052453518739795,0.006402444836817914,0.0077220645873622,10.55799462790992,17.53627583591972,4
2023-12-08,-0.0032970619326596964,0.005295374818617811,0.006150102938266456,9.019318831407267,17.21696555529911,3
2023-12-11,-0.0010809572841830178,0.004729491395580547,0.005506214633569666,6.818878586200905,15.478072628793921,3
2023-12-12,-0.0022024197881820077,0.0041489158296513645,0.0056642068545135075,8.302318652188964,16.693971644144785,3
2023-12-13,-0.00037855015138618203,0.003936957234234119,0.004350101504712226,4.362501022150354,11.400805608844504,3
2023-12-14,-0.0018001057367518964,0.003686467065528757,0.004959721463841589,7.327608227089513,13.907223027686303,3
2023-12-15,-0.0007299924426467976,0.006928249584055445,0.008489504216144911,9.161638278286773,19.289536847820784,3
2023-12-18,-0.0035614904303949424,0.0049157359852589205,0.006370120688212104,8.530774252246374,16.509499464458255,4
2023-12-19,-0.002435198645993562,0.005460240957882551,0.007123368616811872,8.86700423303364,18.582928623087824,4
2023-12-20,-0.002850634673031595,0.0036016939786593424,0.005492564018799569,7.6407175326583,14.699269893788857,4
2023-12-21,-0.000583537890643325,0.007393620099778099,0.007923364824712646,7.122890972327696,16.710378882722807,4
2023-12-22,-0.002922405191308807,0.004891819588792675,0.005308056856335715,5.766442440274432,10.753538511666507,4
2023-12-25,0.00044006358363736855,0.003938961105730995,0.0043436426885826865,1.9140726782641195,8.237894692417216,4
2023-12-26,-0.0009587818597896168,0.004427863504628173,0.004959065631551633,3.300807929526627,8.224469516954903,4
2023-12-27,-0.00035738503575859573,0.004838850506372384,0.004972927298489433,4.168057544891326,8.870295411615686,4
2023-12-28,-0.0033132711558491587,0.00620858034007839,0.007142956971897751,4.55053291020613,8.87967031201847,4
2023-12-29,-0.0014164096184014342,0.008249949670555513,0.009523660079287656,1.358029042903354,7.457697408778737,4
2024-01-02,0.0006879110827999919,0.011488722159690958,0.01197478433083628,8.43674531503575,18.728928739984966,4
2024-01-03,-0.002367553325002561,0.006710516898372376,0.00793743332042627,8.213278733954894,16.50921936561523,4
2024-01-04,-0.001855727058691789,0.005810987487411504,0.007544065565246655,8.082954217228234,15.828080116981452,4
2024-01-05,-0.0008535705068099444,0.007250027548207012,0.007514684812924787,3.165965158265635,10.487694921286257,4
2024-01-08,-0.0003960241327985829,0.03902667620190729,0.04571083972360559,25.145026813392633,43.07620983230532,4
2024-01-09,-0.009318010175800029,0.021687733955015304,0.022922305527834495,21.61334988462363,33.385848962544436,4
2024-01-10,-0.00712273040724087,0.015103517170575492,0.015958636743236047,15.539016175217967,24.02404610049393,4
2024-01-11,-0.006917879415794546,0.010259002355813882,0.01244710830382067,14.063377145239656,22.686167445305486,4
2024-01-12,-0.0017594108559861321,0.009801674450524156,0.01033173695989956,8.889609671162058,16.445570615248954,3
2024-01-15,-0.0015431828894715328,0.015129046698678691,0.01579628729343414,11.422665098814226,21.366685255787374,3
2024-01-16,-0.002893849460845093,0.01750620705938694,0.018147457526867923,14.496007535168852,26.08451023727225,3
2024-01-17,0.002490178106440033,0.0341254779612243,0.03945185821003298,22.939722527788035,49.553869344962465,3
2024-01-18,-0.011295137221767976,0.028929460276755404,0.029011555806105493,25.945572900216273,40.18610773100372,3
2024-01-19,-0.010543209041042325,0.033372894464778674,0.03338450665777536,26.16343941591822,40.66873697810428,3
2024-01-22,0.00992670135692178,0.03534965901057841,0.04299854644360542,19.92835142829942,57.06235765650491,3
2024-01-23,-0.01803012083788993,0.026345362650708495,0.02704206272390394,38.314639800158375,50.21214991778953,4
2024-01-24,-0.01224211747579898,0.017267140265546058,0.01802649371086764,26.045458289663202,35.23901343925797,4
2024-01-25,-0.008669924993603405,0.010015141706705625,0.013366535473513335,8.718075034864114,16.735832610342182,4
2024-01-26,1.9797058851352828e-05,0.025569223780381987,0.029583963416308683,20.332339175475454,30.41743274771651,4
2024-01-29,-0.008680074229915392,0.04422998596313592,0.047116840887516616,40.72259443206781,56.4839671547412,4
2024-01-30,-0.013922848047679185,0.05940233418401186,0.0626462469068581,52.96383353101851,71.4681541511214,4
2024-01-31,-0.016975531280113414,0.047623216757401825,0.04917211657169229,43.495899877414104,56.70205415184419,4
2024-02-01,-0.017914038850505735,0.056185199231366854,0.05866780773697872,48.045157825430124,62.303216880767295,4
2024-02-02,-0.007410259323980049,0.012945322837545375,0.013419214192677132,19.42381160121052,25.651628385422846,3
2024-02-05,0.028764621991597933,0.028764621991597933,0.031211255215586688,-48.6021928959301,49.426658347271626,2
2024-02-06,-0.02042046786066723,0.02042046786066723,0.028440464838779208,16.180446362060746,17.155461282854883,3
2024-02-07,-0.009759936106450968,0.009759936106450968,0.010787395774245676,12.646691496641324,14.635843412087885,3
2024-02-08,0.00032746406241543347,0.0032369265708685757,0.003778702355696291,0.6753127785553564,8.104346090666853,3
2024-02-19,0.0081486999412827,0.01545956209978977,0.020957381266956225,4.1601273777050665,14.222380692732349,3
2024-02-20,-0.004027284955228527,0.01031837384303283,0.0113211620686346,9.667606442709257,13.918831707611824,4
2024-02-21,-0.0023324401475838877,0.016913101826702782,0.01848906770264062,12.895702746415282,19.537492388007486,4
2024-02-22,-0.00687180072525697,0.00687180072525697,0.008200759089128101,7.3984509826502745,8.904756866631685,4
2024-02-23,-0.0013388588645448594,0.007597159253258429,0.009870791474551643,-4.007454258862708,9.766445440224055,4
2024-02-26,0.0027289895346472443,0.008213667008126035,0.011489533939219459,2.5045215074294447,6.135327346468431,4
2024-02-27,-0.0025738458885589573,0.008214253760391591,0.00982407315419952,-2.9410288721983306,9.027738706799855,4
2024-02-28,0.0027266896986675206,0.007826182502841703,0.010876917987948043,2.7326109832315524,7.289688881779025,4
2024-02-29,-0.0020813102671499006,0.0070321665625070594,0.008577226551969724,-1.8233370651228142,8.332141900308757,4
2024-03-01,0.0009392527626778287,0.004579994481182268,0.006132162639602513,-3.771477683308376,8.830749611561812,4
2024-03-04,-0.0006378279085931214,0.027504357463587852,0.031763822202858435,18.40561040618809,26.42069905368896,4
2024-03-05,-0.010785471749542065,0.055718468484429164,0.06010525831702274,43.29254628023568,57.248139877219295,4
2024-03-06,-0.013710323907114644,0.031056117803666503,0.032390815237445796,29.51322420611291,37.12890306755161,4
2024-03-07,-0.008942503734302651,0.024305805245673495,0.025902472831530025,20.62556324728712,26.043692827439894,4
2024-03-08,-0.0039081642392289895,0.004474173189646556,0.0054064379905279375,5.223364149604701,7.48851593466447,3
2024-03-11,-0.0008596086476103613,0.005958930999744229,0.00719371580581833,-1.9861329477441056,7.088815368204823,3
2024-03-12,0.0010192171936703603,0.005938391548347989,0.006844652002632374,-4.241202027620905,8.435594317750756,3
2024-03-13,0.0012595666727415282,0.005153398416375281,0.006223090971450583,-3.838227060191457,7.891843010272038,3
2024-03-14,0.002131499408404842,0.005328854920577798,0.006029254975762691,-5.421745800010588,8.317100861911493,3
2024-03-15,-0.0013690490365790818,0.01006204937732563,0.011899685546345667,-4.01564546467974,11.016323034663897,3
2024-03-18,6.311157833655857e-05,0.009300488550302683,0.011810345549936914,-4.950525383950435,11.87751036850928,4
2024-03-19,0.0033374331205312593,0.0065002033375799045,0.007717251915456723,-5.158328194933802,9.021879849262856,4
2024-03-20,0.0019818698308388775,0.006240878230317503,0.007086660919485199,-3.1574575283293598,8.230681326801596,4
2024-03-21,0.0009267204165328315,0.004563543183979047,0.00521090051181346,-1.4367763161374114,6.531862349211579,4
2024-03-22,0.0016984780641373827,0.004536119479600743,0.005365238193303897,-1.4591353788457582,7.554642959891372,4
2024-03-25,0.001850274570831232,0.00798487620669298,0.009452702882836587,-4.693888287173195,9.06906191922423,4
2024-03-26,0.0024085132753075486,0.003955847026913449,0.004765331567203362,-1.1161745294016328,5.78488348198635,4
2024-03-27,0.0013284322520891768,0.002569242583484104,0.0027060102035742087,0.35683092818408113,3.3325140424976163,4
2024-03-28,-0.000570162532353511,0.006257063221056448,0.007754143576413514,-2.743948781570225,6.393324109741472,4
2024-03-29,0.0013380593788044903,0.007288672865095151,0.008953467041792949,-4.558473683898455,9.465476632509185,4
2024-04-01,0.0001390043755648343,0.009028866005903857,0.011402428141395662,-3.4716031142665997,8.744117208180766,4
2024-04-02,0.0016092572674953412,0.0034973865510675647,0.004867723140030372,-1.2468296952149558,6.15027635088658,4
2024-04-03,0.0021450210910418134,0.0038732955848808544,0.005238969499207177,-2.801850874003776,5.484823095247733,4
2024-04-08,0.0004944318455489746,0.022189472778995974,0.02615269795966669,10.698189162573044,16.992037946631573,4
2024-04-09,-0.004782279505859684,0.013537437434674834,0.014225377383917909,10.354478022092735,14.810857058058248,4
2024-04-10,-0.003247084952260698,0.017539307515956837,0.018823272049916445,11.202052352024111,16.044868757281577,4
2024-04-11,-0.0027457341003635817,0.006247769122061601,0.007126750255189636,5.046591646474553,7.900875769572751,4
2024-04-12,0.001043835575051046,0.003719657089640699,0.004014690093975004,0.9946707064906756,6.090884743802835,3
2024-04-15,0.0019691759939089912,0.004916457281143251,0.005679562467223205,0.2966170876752585,7.3709163726756906,3
2024-04-16,-0.0012112118516768577,0.003263471207236237,0.004142729325765638,3.6735375013416465,8.039999232976056,3
2024-04-17,-0.0032154305376244224,0.009601877175306079,0.01117469117363405,1.2604845566068736,7.177304795702756,3
2024-04-18,-0.00028367316543303117,0.006424232751834337,0.0070289223852806745,0.05853295544572271,5.928683385506912,3
2024-04-19,0.0030107589769366727,0.008368344092269636,0.00838539680057678,2.3398281871353297,10.83397439590219,3
2024-04-22,-0.0035475737654160136,0.006469108903886335,0.006903700116376882,10.681143137431945,18.349487731982084,4
2024-04-23,-0.0018591897434432798,0.00837659900817041,0.009453713847605325,12.891405259000294,21.240711600307435,4
2024-04-24,-0.004766052578756889,0.010882149509337809,0.013605502148626693,5.78443788086679,14.639777424600563,4
2024-04-25,-0.0001780421363080098,0.005730642793674079,0.006925003477248077,3.817851766560352,12.263137966176823,4
2024-04-26,-0.0022804283274567225,0.014617683895049909,0.017736523840756906,-1.4835989277330555,12.984045386295163,4
2024-04-29,-0.0004960741756329917,0.018060035711067107,0.023514879199975747,-6.687628260397332,14.180339787571242,4
2024-04-30,0.0026872031076786637,0.009774747024816389,0.011962157021493022,0.10232463875991016,14.387157061363025,4
2024-05-06,-0.0022215974243616314,0.010512422404632227,0.011290462680234334,17.40539249448193,29.974872805604697,4
2024-05-07,-0.003029127066463775,0.009193702271437693,0.010112248023656368,16.939038299638014,28.638683256091316,4
2024-05-08,-0.002033805804453677,0.0072226478057917445,0.00855201369949653,11.737003978623761,21.94749424624826,4
2024-05-09,-0.0035622745041157533,0.010127783231590484,0.010695754821625629,11.796547402330816,23.386574135517268,4
2024-05-10,-0.001987801708222728,0.010017976738066162,0.010596770165142861,15.045183884746317,25.694771747351524,3
2024-05-13,-0.002270354562729495,0.01013682237663624,0.0105349731546916,15.12573003949395,24.841249753516067,3
2024-05-14,-0.003953923920241631,0.012418637024938691,0.012614848611831053,19.930687975361252,30.41145753692172,3
2024-05-15,-0.004925133815573625,0.009913300239584524,0.010481364084516736,19.07941634051652,28.5085470775913,3
2024-05-16,-0.004875293107541691,0.01191743447817814,0.012179874945323509,20.54497876177872,30.378942179880568,3
2024-05-17,-0.009212159031943922,0.009212159031943922,0.009761080083250915,19.85282795961939,26.204901942500488,3
2024-05-20,-0.001364076139347161,0.009286888718679848,0.010522843022340243,12.588658184333326,24.779759249228064,4
2024-05-21,-0.002579729902470008,0.009929008853963774,0.010585194237819753,14.23604401886314,26.2920182118878,4
2024-05-22,-0.004202715401909727,0.010158820711416914,0.01165988016137477,16.965976789456363,28.258799367039625,4
2024-05-23,-0.004140829612378851,0.009192913281349347,0.010515182983208098,15.669100859674018,26.666795131343154,4
2024-05-24,-0.0034993842069749037,0.011010327749546786,0.012409044814088676,16.35395962252437,28.475695903351372,4
2024-05-27,-0.003856404452555206,0.013491257236971862,0.01569437022632345,19.260663731912246,32.425248865305164,4
2024-05-28,-0.00461029249823474,0.01397438642053165,0.015214389817219107,18.65431162562959,29.616425804286827,4
2024-05-29,-0.0050909874158672555,0.013866169080428294,0.015001941185316175,19.170080198513688,30.481759260533533,4
2024-05-30,-0.005992524501190151,0.005992524501190151,0.007813442127457645,13.24428838871495,20.82424335737137,4
2024-05-31,-0.0037377157210742307,0.007254615919749005,0.008803080331038078,12.961117721701385,22.3539501790137,4
2024-06-03,-0.0026771779098073607,0.019595066832009417,0.02143944428557108,18.515507745780724,29.69963276777614,4
2024-06-04,-0.006183001230553518,0.01108255297020375,0.011637034465503586,16.43992324973283,25.18954000781483,4
2024-06-05,-0.004260337542094001,0.005904405297593691,0.007361047465769294,11.188858043282835,18.617433942688454,4
2024-06-06,-0.0031222697964333537,0.005075760159884847,0.006609931538918044,9.284779826720296,16.369584780444203,4
2024-06-07,-0.004184076065864663,0.018145219759985766,0.019277143395592496,18.458891918310883,27.686364730069556,4
2024-06-11,-0.0049097227329290595,0.005666744705368754,0.007853451712821006,11.756827219536262,19.21823126560816,4
2024-06-12,-0.005251811651429839,0.025070567276512457,0.026445826780604614,22.253768618806134,31.551522328215352,4
2024-06-13,-0.007116386237057161,0.024110953382142954,0.0247977344578995,21.838056150946613,29.792402205818394,4
2024-06-14,-0.009951648306407981,0.009951648306407981,0.010721129911423398,13.71158900921273,16.40557958853505,3
2024-06-17,-0.0010130010417237906,0.002124106418213159,0.0028008196558836915,3.5089210445066783,7.039059806407377,3
2024-06-18,-0.0028819070995415538,0.0028819070995415538,0.003913026133048303,6.012643764586149,9.712664160025643,3
2024-06-19,0.0005342874740498401,0.0031873522377980266,0.0037907337502141136,2.385621321189319,5.9755595778017625,3
2024-06-20,-0.0006673190900824133,0.00383437949463708,0.004105457553649639,4.159396550862766,7.287716446090309,3
2024-06-21,-0.001086498527055349,0.008593288550861883,0.008825824274164465,7.748351820924654,12.606161962464103,3
2024-06-24,-0.001043785192893762,0.004119341595136092,0.004445154061116137,3.0261159528927237,4.952257320560943,4
2024-06-25,-0.0012716240947902996,0.001901783218339212,0.0028448281048448075,0.6341733513033887,1.4108878875720126,4
2024-06-26,-0.00095366799759369,0.002616412187090366,0.003274793793836823,0.3543659576355367,2.116791585632878,4
2024-06-27,0.0005490194139202154,0.0037749069952610556,0.004374430774794635,-1.9880530817029012,4.682522037964665,4
2024-06-28,0.0009802821126158288,0.006796666138633865,0.007980458211803196,3.5917143062624746,7.69323151890327,4
2024-07-01,-0.002291611428527362,0.011453637978084751,0.012128939515818985,7.964151097929516,12.077444052298086,4
2024-07-02,-0.0026400157107439315,0.008753523672120553,0.009367170020837664,6.959944452340096,10.261892051016785,4
2024-07-03,-0.002295032801183698,0.005296423555250264,0.005751804040389018,5.03955911046819,7.394953706042167,4
2024-07-04,-0.0012914808227167882,0.00647516375436296,0.007099231809901461,3.2711769595416627,4.5791298380386944,4
2024-07-05,-0.0022735766749708633,0.010454480427882627,0.0111500508010894,6.0759793914353395,8.350595068416887,4
2024-07-08,-0.0013445502569482612,0.009474809267481975,0.010589794977982438,4.299703046375271,5.990985366461649,4
2024-07-09,-0.0038949669309107926,0.016518265240782953,0.017555252982794686,9.504014437832211,12.660046645881197,4
2024-07-10,-0.0036197324544214454,0.006691475486591866,0.006894188820622204,5.241366135016278,6.840527957917951,4
2024-07-11,-0.0019121361388794965,0.0021727108957172968,0.0028080740525249412,1.633100993231892,2.8398571787548326,4
2024-07-12,-0.0003949214562117322,0.001943389815372042,0.0022551264240845484,1.9272249257701333,4.253355009596221,3
2024-07-15,0.0014760998145391484,0.0043198397843529635,0.005327118620579852,0.9093993465509508,3.9562441987518366,3
2024-07-16,0.0011436763743717198,0.003970808170932798,0.00484522126531133,1.3239298874650558,4.301715714422334,3
2024-07-17,0.0006656313620781312,0.0016276586717819165,0.002118655506718016,0.3935389239316767,1.6732104321529593,3
2024-07-18,-0.0011791219391904622,0.0021638531030530686,0.0022886468292057506,1.2068787263209135,2.308879300568648,3
2024-07-19,0.00030007523174988004,0.005611569549692654,0.006157631494670638,3.0166077169005803,6.393483741338818,3
2024-07-22,-0.0017770600542120797,0.004869028283541996,0.005019343185213313,6.4263045159468675,9.792699483525528,4
2024-07-23,-0.00015428686051813245,0.007856773468404188,0.009005536267087047,6.375310742179181,10.367889633929439,4
2024-07-24,-0.0018694574565604298,0.004882549706645294,0.004978779424191242,5.045932586914432,6.822882241401343,4
2024-07-25,-0.0015566191077913023,0.0027295224285118665,0.002878924221437899,3.463052931480206,4.9853317924891565,4
2024-07-26,-0.001534521964750065,0.0029741533364315877,0.004702413354708534,-0.6511270275573224,2.7441890380972214,4
2024-07-29,0.001763991623990338,0.0019420188393340643,0.0034014283404069146,-0.3973357069348822,0.9738439162964972,4
2024-07-30,-0.0007903582308126135,0.004989049671557059,0.005605870222304394,3.788825879622891,5.727028674440403,4
2024-07-31,-0.005462784994627195,0.017566933684233225,0.024252502084698327,-6.163162686326132,12.434677548031061,4
2024-08-01,0.004439120695970581,0.004439120695970581,0.004982130022384455,-4.164110422579597,5.2559824119083,4
2024-08-02,0.002311267889737935,0.004698959573859421,0.005016459217917848,-4.73232510123853,6.3206676886731765,4
2024-08-05,0.00359064130726359,0.01475576007509481,0.015703665353815073,-12.250961247166742,16.193804202233633,4
2024-08-06,0.0023895063880490994,0.003441354663877537,0.004541458803106263,0.3810904306469638,3.144711665705851,4
2024-08-07,-0.00044990076649628966,0.009328381586148685,0.010708788956883968,6.111620120567977,8.221199016682995,4
2024-08-08,0.0007328211312932348,0.018316899531185073,0.021158919992775783,-11.546138926863023,15.349584575850054,4
2024-08-09,0.006688057390725671,0.006688057390725671,0.007980077391639744,-6.988932179460183,7.337347240345152,3
2024-08-12,-0.0016650707068341097,0.0024933629106409783,0.0034091115357832765,0.7398244866732663,2.184469063418095,3
2024-08-13,0.0010004033540224888,0.001870541071136202,0.002269183896696639,0.19191791115796755,2.319779946170371,3
2024-08-14,0.0015660693788440473,0.0015660693788440473,0.0016245586972049898,-2.4269169905534604,2.7544358385023573,3
2024-08-15,0.0007093975411747259,0.002116133977874144,0.002148454721047101,-2.4529373279395563,3.4443044890921146,3
2024-08-16,0.00046404597199230235,0.0022823525092999,0.002311457996253998,-2.486472144885132,3.8014606145989287,3
2024-08-19,0.0003243309476511323,0.005437499038633702,0.006750200174083704,-1.938911879480429,4.284071340810852,4
2024-08-20,0.0017565744245095632,0.005276953629476458,0.005909990800744366,-3.4085117795498263,5.023068984007436,4
2024-08-21,-9.299776862554954e-05,0.008722781050854146,0.010310762722798262,-3.819665899532538,7.250398085642756,4
2024-08-22,0.0022603840945171864,0.012923327965524877,0.013998978854452358,-8.068175671006202,12.592368016126112,4
2024-08-23,0.002481091119984836,0.010571312509130962,0.011924095751261073,-5.7997195848804495,8.774871341419265,4
2024-08-26,0.0022411003990879703,0.007844165993679843,0.009005988292867558,-4.158692709430397,6.1039825212483425,4
2024-08-27,0.0019347373799960647,0.011662170764888045,0.013431058676270473,-5.656408940964411,8.832863749160934,4
2024-08-28,0.0025599848007516607,0.0088796258904651,0.009799090787167163,-5.28624601681372,7.496117573409788,4
2024-08-29,0.0011289620207145037,0.0097298695358903,0.011595263728829778,-4.10564409864719,6.604751478029899,4
2024-08-30,0.0015132132445416883,0.01207537603250573,0.013556472141483523,-6.254911560675737,9.252222739564978,4
2024-09-02,0.0035608769550714223,0.007279290800785411,0.008002850396006268,-5.133349035668516,6.57594160183444,4
2024-09-03,0.002316297935774786,0.0027379938587571567,0.004456520292718082,-0.912194565664322,2.1915307869944303,4
2024-09-04,0.0006628199324988822,0.00977186242831107,0.011534652033345307,-4.0620899576474585,6.003889229219349,4
2024-09-05,0.0017836857678986857,0.013025763004710696,0.015071773444808707,-5.802987707670127,8.0546731267494,4
2024-09-06,0.003910546352339939,0.013120749294156828,0.014472426103785031,-7.452648698209259,9.865691445216218,4
2024-09-09,0.0014543704000824081,0.005590391808694584,0.006460901546594357,1.7713883473613805,4.815696388218001,4
2024-09-10,-0.0004787303399423383,0.006213017856031473,0.007211890412854278,1.293797324018442,3.9527748808905603,4
2024-09-11,-0.0006393726006954462,0.005098405357219967,0.0055669846572813505,3.1646341900165376,5.273692898775913,3
2024-09-12,-0.001982945050418544,0.001982945050418544,0.0028390865568465873,2.0533567923036267,3.188541974219134,3
2024-09-13,-0.0006952412107995067,0.002500103646683687,0.002589622628136777,-0.5304942533742482,3.878350973448631,3
2024-09-18,0.002435357300017047,0.0032718231511735716,0.004315015950595342,-5.343595647112427,8.692720720157316,3
2024-09-19,0.001186483422989058,0.004709211501383139,0.0052992849217326195,-5.158242270022735,8.97885975696693,3
2024-09-20,0.0027959635892288726,0.006142722568457372,0.00690856138790945,-1.186459866555803,4.96013431970585,3
2024-09-23,-0.0008987652043151127,0.00353420876512164,0.003736840754350926,-0.14195914131983045,4.754271294395163,4
2024-09-24,-0.0023413363037501564,0.020709040819285325,0.025456212718406243,-9.666709146871426,17.589036197341684,4
2024-09-25,0.004707262760592454,0.008720089539884852,0.008746464648655597,-7.829320561313807,10.520070088839889,4
2024-09-26,0.0031411397302449646,0.06391211352055493,0.07287729123591671,-31.64455734516423,47.32252689743458,4
2024-09-27,-0.011400974095054195,0.028412418259665877,0.036325557345346565,-4.7659770641197,34.63130292406515,3
2024-09-30,0.027587353474022715,0.10466515610445079,0.109940456980258,-81.45075102041528,109.12243547248784,4
2024-10-08,0.01759453077735363,0.017594530777353633,0.023624211885394562,-17.30393258271738,22.46616635953642,4
2024-10-09,0.005724422402550702,0.024546888887482587,0.026539126819084824,-16.35905614441822,21.672516845578684,4
2024-10-10,0.0049350691653705595,0.01495566697858878,0.01761781797885001,-5.857869119973202,11.3236452903774,4
2024-10-11,0.0018102750784621928,0.007852799503349904,0.00971285737297069,4.186218051684894,12.43894330479602,3
2024-10-14,0.0009219338080426349,0.0044690312865159135,0.005250775492567615,1.3899823380512923,8.766760424084792,3
2024-10-15,0.0040779652316195,0.009641304198513362,0.011326554649898441,2.3342018692662045,12.43497672255522,3
2024-10-16,-0.006116506011037859,0.006116506011037859,0.006523332307417384,9.46148183826305,12.164532697882361,3
2024-10-17,0.0008388371656858675,0.004685105096575238,0.005354237554925258,2.1186500179625605,5.269757124471759,3
2024-10-18,-0.008458859301200045,0.014387264757387908,0.015274839781377697,16.383636902306836,22.18171009374195,3
2024-10-21,-0.005025378785406879,0.012563621299721491,0.012850999352357327,21.429220878456363,31.282948573816974,4
2024-10-22,-0.0046311124595034055,0.009176375919633923,0.00971584629132404,17.895136799456168,25.762383693941434,4
2024-10-23,-0.0045279672823334005,0.008513269335279988,0.009523695881410929,17.949404678636938,26.374545083358612,4
2024-10-24,-0.004057394499712077,0.005387644298451739,0.0067886559766798795,13.553626554767334,20.525966534334962,4
2024-10-25,-0.004760202900270684,0.006870517030923706,0.007532846184329988,8.862367179797957,13.427900998328761,4
2024-10-28,-0.0004084374639058055,0.01161475828120183,0.012877758131515593,16.00107892083247,27.070642439751506,4
2024-10-29,-0.0033452441866201558,0.005951040795776389,0.006888703363954952,13.3825039497965,20.42859361597893,4
2024-10-30,-0.0023081630323729518,0.00736527213995357,0.008410521905011726,13.82071822184821,21.571601949108434,4
2024-10-31,-0.003574503353921902,0.012222094242963385,0.012797701121580332,18.85554922435017,27.046506471637574,4
2024-11-01,-0.005353800923893825,0.009352519784096826,0.009597492996642181,17.33608790361359,23.962175787934424,4
2024-11-04,-0.0018793649797300416,0.0115697430458734,0.015775812341115653,-3.600174054586205,8.250415621333902,4
2024-11-05,0.0023472195182908323,0.014985320897340159,0.017446317729845742,-11.846303710853817,16.13422331618095,4
2024-11-06,0.0028732438500222337,0.0037136575710955094,0.005260983789631425,-1.0821743132491974,5.295562775386146,4
2024-11-07,-0.00031095180690778176,0.004794653201648432,0.005369551885293353,0.25061227665787555,6.323865266256393,4
2024-11-08,0.0023568749537651126,0.005679345767246759,0.007365298384675981,2.620952687307181,10.43992360082603,3
2024-11-11,0.0034747166034507365,0.01064699390601935,0.013017118537271577,5.868942839134434,17.692862940961845,3
2024-11-12,-0.002244888060916212,0.009079040904682973,0.009168193341189476,14.822184846843205,23.103792123772717,3
2024-11-13,-0.003902619614283958,0.008584961214430397,0.008667192578001361,16.891537935544573,23.932819725382082,3
2024-11-14,-0.00593292204103348,0.00593292204103348,0.006396986017394002,9.786653057380136,10.154762066212275,3
2024-11-15,-0.0022057851582806287,0.0022057851582806287,0.0029008922246849768,3.2002652724841028,4.1408504904777015,3
2024-11-18,-9.352810841608238e-05,0.0016273938511709492,0.001840389084667926,-0.8980644715452399,2.9564977919075814,4
2024-11-19,0.0007064614546037802,0.0035628840301779076,0.00463548099206742,2.1533929489123693,5.6362799557071535,4
2024-11-20,0.001355285673980737,0.005896019391520561,0.007761201220488612,3.4877579595734005,8.562139150547532,4
2024-11-21,-0.0004146553973329234,0.00981192697476093,0.01113422038445417,8.160398295976847,14.212827469790456,4
2024-11-22,-0.0003327577221658891,0.009460054909294194,0.011265656370081312,5.102500119218348,10.857107198536468,4
2024-11-25,-0.0030127433176254208,0.005890545341402317,0.0067362134943932854,5.5696958699186325,7.942509639394445,4
2024-11-26,-0.0007332408228022391,0.008669212440024207,0.00995442862683684,5.48709813161463,9.551998727257553,4
2024-11-27,-0.005004461764432144,0.005004461764432144,0.005384780132994656,6.200274689719663,6.68228022561674,4
2024-11-28,0.0007419124306212409,0.007216964357484045,0.00884665538597719,1.94832331241264,6.817476571618616,4
2024-11-29,-0.002621144629911698,0.0036440375256579435,0.004239534805348598,4.384917003797682,5.851828239720635,4
2024-12-02,-0.0010138896828623851,0.010210577508651581,0.01154527670923357,7.895777201348892,12.417724533278308,4
2024-12-03,-0.00290371897735342,0.008429216902717682,0.008897944662558282,8.082190385259992,10.890973107009668,4
2024-12-04,-0.001880392601337575,0.006284587337532354,0.00676334259726535,5.691743044812256,8.09506047557312,4
2024-12-05,-0.001075723669997853,0.004892055854879455,0.0056728815566498185,2.751000613470751,5.113705278089335,4
2024-12-06,-0.0008778761505057742,0.003617991986401947,0.004574978738366416,-2.0225475583788466,5.088134878177486,4
2024-12-09,-0.0006340250630428,0.01742552719918716,0.02012985492208885,11.568558779082196,16.7516480418872,4
2024-12-10,-0.0021341514871760572,0.011745565267371194,0.015035689117605484,-6.667541941489162,10.97482188697561,4
2024-12-11,0.000933364836762339,0.004807639536094727,0.006266082169936398,1.6544842310365766,3.828539893176345,4
2024-12-12,-0.0005507496422923266,0.0038109011681703928,0.00417583120092696,-0.3770009066283819,5.235566402709747,4
2024-12-13,0.0009591415803509815,0.0068284076196986855,0.007197179269625414,-8.387252537720087,15.029756101565608,3
2024-12-16,0.004429848974703087,0.004429848974703087,0.005642237043876052,-11.059559378427366,16.194510273722127,3
2024-12-17,0.0012958384047105642,0.005752380437864875,0.006168064517531957,-7.81358273468777,13.693587683592959,3
2024-12-18,0.0027792751308380235,0.0037832057718773147,0.004568195230280876,-8.138731501294691,12.608455068259735,3
2024-12-19,0.00048729230232448056,0.008083359023656062,0.008579124358172952,-8.461050390341066,15.104291825404559,3
2024-12-20,0.004047378951853346,0.004047378951853346,0.004433044958789013,-8.092183900566852,11.287363387899923,3
2024-12-23,2.4734390617793534e-05,0.0031615008727957222,0.0037821669525623753,-3.321192723394006,9.076525440972304,4
2024-12-24,0.0010959436782964765,0.0020467480073116384,0.0029488106860281363,-3.7262313755725245,8.082990298017592,4
2024-12-25,0.00044611219333672535,0.008141860880750184,0.00941615824441269,-7.149278125416004,13.50402108305363,4
2024-12-26,0.00266611883965678,0.00266611883965678,0.003336145934468036,-5.192154906553469,8.401266666880309,4
2024-12-27,0.0008224164198632929,0.0020450241729083364,0.002763213404612168,-2.993128060466688,7.02578837638297,4
2024-12-30,0.0006994440963470402,0.007957252281905353,0.009019997092761476,-7.118345007573907,12.78343377992782,4
2024-12-31,0.002920853168617586,0.0038414281714138077,0.004946369411891892,-2.393415393943542,4.49075903828881,4
2025-01-02,0.0008419000592031281,0.005080696988914453,0.006041614211187734,-5.816369565242212,11.427929426864441,4
2025-01-03,0.001763728415201237,0.016846814137924434,0.01857395753629002,-12.138870920169893,19.2124178761086,4
2025-01-06,0.004275402554841063,0.007607493837367845,0.007822170152908559,-8.897911288996283,13.53792403583124,4
2025-01-07,0.002199053735537044,0.003967068456330037,0.0047699425924379625,-2.187503465793725,5.7446808166620755,4
2025-01-08,-0.0007085817526715221,0.009986489194328416,0.011911899999441729,3.7700481616398065,6.606458069918796,4
2025-01-09,-0.004243379877579081,0.03204156503432565,0.03560065813191292,17.04241511742748,22.683189484193615,4
2025-01-10,-0.005521672632210456,0.006264929764583991,0.007325662387021173,3.836835760062968,6.392412807446894,3
2025-01-13,-0.0015459901853819614,0.0035835724001224284,0.0036109553644660354,-0.3591509497473453,4.737800127735474,3
2025-01-14,-0.0012903295624520639,0.005547916579614444,0.006401005033290339,-3.0290160746996357,9.12094942321014,3
2025-01-15,0.00255522415952468,0.003027661537517578,0.0038587413944371207,-4.98266195320745,8.466089453818302,3
2025-01-16,0.0018092174655801457,0.00515810363707211,0.005533315878788251,-1.7600523583390288,5.027816668122905,3
2025-01-17,-0.0015498269532390196,0.004347924144596098,0.004360136599099785,-1.2438386556308008,6.098672612946513,3
2025-01-20,0.000549957980864331,0.0021980144246679587,0.0025167222230619325,-2.6077496942418747,4.984607085540743,4
2025-01-21,0.0010589807422926832,0.0028583697358600217,0.003652754043641325,-4.584928628235048,7.776307179933937,4
2025-01-22,0.0007918333180164938,0.006945757329068061,0.00801907429346712,-7.318138765219601,11.934463813694572,4
2025-01-23,0.0023439969840479066,0.002994338325096671,0.0037076520761547454,-6.740151147131655,9.47491735091051,4
2025-01-24,0.00044804886980174055,0.011155212611852296,0.013416018152246845,-13.389915271030532,21.460895654086695,4
2025-01-27,0.004850608738246557,0.004850608738246557,0.005106312176430255,-6.621562551069701,7.719882793493121,4
2025-02-05,0.001518235579937046,0.0037196551575464885,0.004248961979531944,-6.059461427322276,8.881136356500258,4
2025-02-06,0.0016503727936923902,0.002075744952039677,0.0029591657232788285,-4.682223646899047,6.960173049586341,4
2025-02-07,0.0009756225396651257,0.007406649565466267,0.008361477446246726,-8.880365436041075,13.093741094467175,4
2025-02-10,0.0017918789928764653,0.008500860748605336,0.01115659039012661,4.925208549569106,8.283410056448076,4
2025-02-11,0.0007369261795203245,0.009575670497690338,0.010943420482197649,-8.023539409802424,11.368353733480738,4
2025-02-12,0.0016055744480464283,0.0016055744480464283,0.001684303048831568,-2.284952030244085,2.8547769998762704,4
2025-02-13,0.0037973001862449483,0.023632037087356506,0.02562712294873537,-24.490140951657622,32.61882125961778,4
2025-02-14,0.006378581583182556,0.006378581583182556,0.007034004338458623,-15.242666046111784,17.956449157068484,3
2025-02-17,0.005132745958725256,0.005132745958725256,0.005179062647421572,-10.933332905216654,12.48754135062208,3
2025-02-18,0.00018275698913141256,0.009148167805726462,0.00966634099227422,-10.009859757299333,16.225108638283984,3
2025-02-19,0.004150968184326471,0.0044189303632905476,0.005287254114106742,-11.659999945464127,14.567014372602248,3
2025-02-20,0.004493317903890311,0.004493317903890311,0.0073149658349119075,-2.9148478182799713,4.0247785169226455,3
2025-02-21,-0.001703147466595593,0.00450681726080578,0.005652656347742853,-2.1745571566765043,5.471724032605227,3
2025-02-24,0.003274670663908956,0.008337350830722325,0.012052502068962287,1.5084040960346101,7.687592125278188,4
2025-02-25,-0.0009946811576115253,0.005809581355587658,0.007850298109820294,0.7123042757868916,7.48285066342258,4
2025-02-26,0.002254581250755193,0.009912978989410882,0.01266027318852013,-0.0651003362161191,9.18056054180161,4
2025-02-27,-0.0016036597133566172,0.006630506261188621,0.00893124728187897,1.6471403952853052,7.925904609486606,4
2025-02-28,-0.0010744111285088745,0.011847184100535986,0.012497734634422546,-10.562621902421142,20.797596062203926,4
2025-03-03,0.0032916516907671722,0.008535636138674918,0.00872050050133472,-7.576523300229837,13.964179157135858,4
2025-03-04,0.001716522092499867,0.012487558703041884,0.016264456823190616,2.1052698943362884,9.479249522658979,4
2025-03-05,-0.0009907403615604798,0.017795436065300638,0.022479746032202215,7.318184588942813,14.642451660311595,4
2025-03-06,-0.002710856241835459,0.008894249669251043,0.012377430367969688,-0.2319592740564076,12.568922539083632,4
2025-03-07,0.0013962073227911584,0.011629643626968812,0.012886995986887794,-7.283839677415244,18.578399737080083,4
2025-03-10,-0.000867921316826073,0.03728548459966012,0.04487768744658088,19.800288013533873,29.819641869535893,4
2025-03-11,-0.004971563569814243,0.01542551540070785,0.019336246628481244,6.803006482293085,14.078100944191963,4
2025-03-12,-0.0011975416351781773,0.01322623079537117,0.01637629029501454,0.7810412523142531,12.36756092199851,4
2025-03-13,-0.002390178078465109,0.013573449311429502,0.01755434760256215,1.7804652004135733,11.903864754922333,4
2025-03-14,-0.004092622987441984,0.013085755299146476,0.015911638784214376,-6.603425275292163,19.145860647213414,3
2025-03-17,0.00818145737855507,0.00818145737855507,0.00845917464195179,-17.19266140856659,22.18232038548625,3
2025-03-18,0.002733651802307733,0.005611043434135127,0.006381845940684854,-11.296193272866427,18.690629256845593,3
2025-03-19,0.0023640236597626076,0.01130573696947216,0.011659277920478966,-15.616054022645585,25.868044084192096,3
2025-03-20,0.004876904971390469,0.012025946748098856,0.012102701042914278,-18.88035329374846,27.78076487535771,3
2025-03-21,0.005269082640612525,0.008318800758494374,0.008859190308853742,-15.873223878877374,22.719500364352687,3
2025-03-24,0.0022750628942443604,0.007166656597981651,0.007658040980661468,-9.781374753923046,18.480833540617624,4
2025-03-25,0.0018241625936847514,0.009947127421898218,0.011333414479470326,-11.860809603425196,21.632584769509087,4
2025-03-26,0.0036595534467766047,0.0047986303319518045,0.0058161632334551815,-9.017335404636015,15.182750218943237,4
2025-03-27,0.00228495141079596,0.012637806742899965,0.014627835783725856,-14.82465148678557,26.277911794220792,4
2025-03-28,0.004300908037673079,0.008637236681106733,0.009790882343956855,-12.925829320713547,22.37041432155715,4
2025-03-31,0.003993495322809279,0.012319103353179525,0.01404940079037289,-16.45959803201572,27.97707839653697,4
2025-04-01,0.005393080481348553,0.006024413003164461,0.008450332094232595,-13.054277443572346,21.902502926888623,4
2025-04-02,0.0030666614644882725,0.013197353541089994,0.014447435263273403,-14.916674038036717,25.026093047676476,4
2025-04-03,0.0045077544948078155,0.01252196112541696,0.013463367761565257,-15.652276896851617,25.338651186187874,4
2025-04-07,0.010796987983804917,0.09731727150758508,0.10700054014200737,-65.29255500961494,97.46033942491263,4
2025-04-08,0.020282765289884194,0.023172371428315727,0.040661770767249694,-6.075682985157755,10.301859381521567,4
2025-04-09,-0.001638940058820558,0.01792560291063871,0.020744227650314247,7.650598388509479,11.067465372432299,4
2025-04-10,-0.0023921795979328017,0.0059575677632228916,0.0075832520881391925,-0.329919673886252,6.946514646606134,4
2025-04-11,-0.00022987077292457858,0.009874687593874979,0.010724942000052603,-7.126176493488249,14.887383556007007,3
2025-04-14,0.009183173820429916,0.009183173820429916,0.009304347420637833,-11.624837301881902,13.42239260479848,3
2025-04-15,0.0025314464504145595,0.011060377694369489,0.011130615341626512,-9.981982235884365,16.42119130915551,3
2025-04-16,0.003932063222702019,0.00792266247562006,0.008041874430662696,-9.087207715196806,13.244079343700902,3
2025-04-17,-0.0019517682561531562,0.009089431186072583,0.01077258790074275,-5.076870681345099,12.229921432530272,3
2025-04-18,0.003154609354899538,0.005639607915867512,0.005925180492201872,-7.540286675429646,11.50167460123951,3
2025-04-21,0.0032923897996567364,0.007756229774696491,0.0081942050759442,-14.596781243186115,22.02920243720141,4
2025-04-22,0.004377855760944856,0.009387154926067502,0.009671410109914885,-17.34025779136391,25.504525054885427,4
2025-04-23,0.002779024038041887,0.008462233651394944,0.00885070525138234,-14.006093381410892,20.769060577926005,4
2025-04-24,0.0042942689788342675,0.014173469030921967,0.014544579191633785,-19.81933037928593,28.053508027776896,4
2025-04-25,0.004848542152014013,0.011019403690871666,0.011071760818227706,-16.568357918704123,22.400013073903636,4
2025-04-28,0.004469822771120024,0.011685002287542764,0.011895381135860134,-15.97341250145746,21.688801202448612,4
2025-04-29,0.0050686732072601735,0.017365147862300766,0.017864002790744602,-23.502255559040805,32.722884414734075,4
2025-04-30,0.007796929412622517,0.011984301418319358,0.012165335446947654,-21.157347929558682,27.948242212944468,4
2025-05-06,0.0051218338070831496,0.00917534406602035,0.009346787410713427,-17.238632441562686,24.222517065109646,4
2025-05-07,0.003598770135563735,0.004721406237452173,0.005132647311169606,-8.579645284502021,14.133742319154715,4
2025-05-08,0.00394503682810534,0.013562356504716745,0.014224700575031468,-21.281582506838504,30.437755576726993,4
2025-05-09,0.005882832593109011,0.006831075616483717,0.008005105771903947,-18.868246218998745,25.53644336323844,3
2025-05-12,0.004365376389328074,0.00885520425419605,0.009131462500540267,-18.500851060340512,26.72621383747354,3
2025-05-13,0.007109025447064432,0.007109025447064432,0.007627262933060135,-18.132162845408555,23.462589954895904,3
2025-05-14,0.000980689900105867,0.010696984426251619,0.011301378963678613,-14.82774366631717,25.455009968958922,3
2025-05-15,0.004948896631550126,0.012561149508125794,0.012763868016708082,-23.17439195763139,34.0324234864931,3
2025-05-16,0.00917268008583109,0.00917268008583109,0.01066669731331089,-24.851086385435035,32.91024424410399,3
2025-05-19,0.0061121930025207355,0.013180803924752266,0.015017311368512278,-24.74457778404394,40.35889841855849,4
2025-05-20,0.008869349692521414,0.01585842191253145,0.01734557646663555,-30.484360281103363,47.320564674822606,4
2025-05-21,0.0076502799873737,0.01248458355444821,0.01472682269642874,-26.399919274267177,42.07509459785586,4
2025-05-22,0.006054623160306978,0.014264553611160087,0.01663058520941975,-25.986767134306547,43.16742139269056,4
2025-05-23,0.007167654016785492,0.012364782037937484,0.014419140672477534,-24.603047123753186,39.69255123270699,4
2025-05-26,0.007815501228782301,0.01795861966383959,0.020920043122883224,-32.44384252586383,53.32346879258847,4
2025-05-27,0.007975718812964987,0.01813527657911921,0.021077863498176374,-32.58759371397923,53.602149036554344,4
2025-05-28,0.0078544843801579,0.017490142892055402,0.02013431145539277,-31.053531763399633,50.39314757720885,4
2025-05-29,0.007044241067670709,0.02477248679483343,0.027133397007416873,-35.57548956784808,56.340552309610956,4
2025-05-30,0.010879626893665284,0.023594332402815735,0.025221435323521328,-38.257708045902746,57.926668171484565,4
2025-06-03,0.011102386868995937,0.016895677090628183,0.020515349325866485,-35.01023471727672,54.43042245144842,4
2025-06-04,0.009209115467201011,0.01692702992575889,0.020114110913957366,-32.99462973113759,52.989916045611636,4
2025-06-05,0.008710033468698496,0.016756003811525914,0.019661122467627194,-32.130201293352684,52.22884985168808,4
2025-06-06,0.008449678669490715,0.019979657820345012,0.022762189637452964,-34.2144432097773,54.07849939137083,4
2025-06-09,0.007999485084954405,0.015352711170420613,0.018025977873621694,-29.374034862801864,47.20429264854963,4
2025-06-10,0.008063679944440155,0.014398414741718546,0.01704795200268727,-27.86444322622924,44.78834720129017,4
2025-06-11,0.006628122918290451,0.013595090619245971,0.015507402911889547,-24.68022223529033,40.748671149795925,4
2025-06-12,0.007423366480213002,0.014561984437987903,0.017309115450319372,-27.361247699054957,43.892765185225215,4
2025-06-13,0.0074982838252254476,0.017491800902103293,0.018290107223168647,-28.926201044629124,45.245924097988556,3
2025-06-16,0.006922273849342964,0.01735808005274821,0.018233929262233967,-28.257311477984633,44.94265625840686,3
2025-06-17,0.007036691634436774,0.017717205158740656,0.018533283650487307,-28.50898098745529,45.00330629825749,3
2025-06-18,0.008459104251779925,0.01917306634881612,0.019972860623582483,-31.507652362934095,48.35495728150652,3
2025-06-19,0.007018047203992618,0.0239476840864432,0.02435508371291688,-32.6862063273893,51.09623099800672,3
2025-06-20,0.005895183690124613,0.0199375702260103,0.020485394575824923,-27.641094014540915,43.731898250448005,3
2025-06-23,0.007169898828075998,0.012942697064171928,0.015179511740001261,-22.122145243278283,37.558557736384344,4
2025-06-24,0.003242446765507445,0.012352221803185737,0.014933033096668245,-17.537125481563407,33.610754240737975,4
2025-06-25,0.0013648873608491548,0.012299984059124799,0.015089702149830717,-14.936220092550911,30.417720284527668,4
2025-06-26,0.0037024172297215746,0.0103421463184203,0.011959713145263475,-15.362713597722859,27.93706863996884,4
2025-06-27,0.00512409726604332,0.006915951554616051,0.009588288759120371,-14.916623795146506,26.807046421652284,4
2025-06-30,0.005706922795324469,0.009284325125611607,0.010995590167450078,-10.533313189576347,22.287084225148277,4
2025-07-01,0.004160565979170326,0.011319706335770348,0.01219153488931647,-6.952796510809094,19.888941549179403,4
2025-07-02,-9.573654987725388e-05,0.010882692040492234,0.013983583128919395,-12.611891232576,27.897113052125693,4
2025-07-03,0.0033205130315183545,0.010076912422893047,0.010631651144732024,-7.197017137274543,20.5351279003243,4
2025-07-04,0.0020710749350337163,0.006484322802922708,0.009001311500556152,-10.457518205899078,23.882796775384158,4
2025-07-07,0.002618762077600388,0.01326276057384531,0.01368437832227161,-4.6893232976685795,19.72063707810258,4
2025-07-08,0.000463437880277303,0.013311942980573154,0.016688843472812423,-16.069077446522215,32.79748421596524,4
2025-07-09,0.004405245496955968,0.006815361642219606,0.010770143700672898,-14.126163758593748,28.975059629667946,4
2025-07-10,0.0022812506230434418,0.01047864097796087,0.011054766294466254,-7.596494266054833,22.577187415552242,4
2025-07-11,-0.0006124608209512744,0.012619216079943119,0.01391346209628891,-11.24012446702333,29.39089957610329,3
2025-07-14,0.005478556553388206,0.006708540609766718,0.010594799893754234,-16.178960700952302,28.681522111626574,3
2025-07-15,0.004485714524412964,0.006821172998723456,0.009912731456428401,-14.403328619018794,26.077642622983536,3
2025-07-16,0.0039043170884943135,0.007640772319468987,0.01027466033398683,-13.878797615798248,26.7223337857878,3
2025-07-17,0.0021038052945373024,0.011060745145691836,0.013438336140757033,-14.901453387390271,30.82571154959967,3
2025-07-18,0.0037949565972754027,0.01160254273754229,0.0140243556748873,-17.512287831777332,32.852734622321435,3
2025-07-21,0.0076053138451343365,0.010781437600271667,0.01331298621598239,-30.012518952756864,46.87554739895899,4
2025-07-22,0.004952835348261474,0.015903849357270936,0.018061594353765604,-32.69639981766795,52.49489831846126,4
2025-07-23,0.006558684902939975,0.015200979209034238,0.017656809798083345,-34.73711248030327,54.115602750007284,4
2025-07-24,0.006031945258382864,0.016552921142803847,0.018441726451843853,-35.72081170127967,56.77554013146053,4
2025-07-25,0.00856210382501862,0.012357315528107708,0.015188512021912869,-34.40941510688549,52.18206637014365,4
2025-07-28,0.008354732258624153,0.010121231922048349,0.012744957840844267,-29.172376011930055,44.99582530108285,4
2025-07-29,0.005681656759757889,0.014015529400824983,0.01525271105078477,-30.648957097881294,49.90989571405456,4
2025-07-30,0.006980931220934301,0.012885349881843318,0.014772011365746768,-31.135967696341368,49.56143395722324,4
2025-07-31,0.006626006680721917,0.011620555489719703,0.013303636042049862,-25.991925612356,43.681398519957376,4
2025-08-01,0.0042546478901644876,0.01357173977099305,0.014445680250383633,-17.153993637192116,35.74595978207572,4
2025-08-04,0.0038368113366297474,0.016600691975267957,0.017410370240053263,-30.662129198180764,51.674302510668184,4
2025-08-05,0.007072434531444193,0.012727871883303026,0.015165354746746768,-29.789448562825555,50.263126436466074,4
2025-08-06,0.005221649053618001,0.012470681104656406,0.014138787849645834,-27.09637218680973,46.35241756449405,4
2025-08-07,0.0048972587299669565,0.016334310572699372,0.017493787586091696,-17.469157617319752,38.003092824413535,4
2025-08-08,0.0053020583242416415,0.016452195358389404,0.017020580790953074,-31.78991113796231,50.865847826303934,3
2025-08-11,0.005308053818833647,0.015619750399431828,0.016323681432097753,-31.514519425232113,50.55322618863922,3
2025-08-12,0.005923327748015891,0.017000216946759236,0.01748574899413151,-33.96822613920176,52.893475458654045,3
2025-08-13,0.00412242130553563,0.015665689690532236,0.016091894453396212,-28.974686361985732,46.307533233383126,3
2025-08-14,0.0050523950172425836,0.016717862712451754,0.017032537541889384,-31.462945921359278,48.70175699808627,3
2025-08-15,0.0037684957030668306,0.015256474236271815,0.015554229361684498,-27.531797792247442,43.16021993975205,3
2025-08-18,0.004326850523267926,0.00761474178440354,0.007765392321697856,-14.529841366286064,21.64040607758627,4
2025-08-19,0.004346078268330215,0.0074380152819131864,0.007870680991994883,-14.53087493797102,22.845712755651505,4
2025-08-20,-0.0001292645414177323,0.009941768696662147,0.011699556854633034,-10.563010876236376,21.059148550762266,4
2025-08-21,0.004160964925347177,0.007358930006309154,0.007639720225259808,-12.606759744787723,18.54295571809056,4
2025-08-22,0.00066052963321,0.012714238340106493,0.014446667180307295,-14.613390180455553,26.567896737344565,4
2025-08-25,0.0049462685647960955,0.0054577187848509,0.006434242523653203,-7.018032919321968,9.973645144815379,4
2025-08-26,0.0016072816842688069,0.0047183665933737025,0.0052020806244338245,-5.079393314540994,10.447192842733546,4
2025-08-27,0.0016809292564599655,0.00730071229178501,0.007900668093212744,-9.595331676966225,16.60247886513397,4
2025-08-28,0.004454680503243522,0.005795483318538897,0.006134166698539903,-6.381905538681167,11.716396496151457,4
2025-08-29,0.0016666502337483076,0.0050585987739039,0.005772471619925278,-8.198349636332068,17.55063501317608,4
2025-09-01,0.0034306174080998286,0.011922140202048778,0.016604168725004913,4.188748794432968,18.057187137786162,4
2025-09-02,-0.0035061014590283338,0.008568846466213732,0.009825404391532379,-5.035029788240081,19.41971120079075,4
2025-09-03,0.0035131657428775706,0.005803245834154265,0.007062138950971059,-11.721061645241207,21.396851170248475,4
2025-09-04,0.002422117750075607,0.013538762541128659,0.015227790542764345,-19.24260533593383,32.87047929704396,4
2025-09-05,0.0038572829914428723,0.018357112705311384,0.01998218016288602,-26.03698520492503,41.718746746346774,4
2025-09-08,0.0043386187865626785,0.018607145078991513,0.024854060048702817,6.676052223652505,18.099464665702236,4
2025-09-09,-0.0016194001293301993,0.01209723193496038,0.013211871344501991,4.891667183695972,15.224417096870395,4
2025-09-10,-0.004347278674220363,0.03816534717580073,0.04367713340971797,26.193145474989706,38.73868421097052,4
2025-09-11,-0.0025978380691767597,0.024797270707280446,0.030615360688326466,-24.657097112793736,41.42661152074277,4
2025-09-12,0.009361218091353962,0.009361218091353962,0.011531505670031014,-25.192971189681277,38.02407524260623,3
2025-09-15,0.006432525307872176,0.009161591072984735,0.01041895347581252,-16.97551432091465,31.814670721221386,3
2025-09-16,0.00044073513673472303,0.008949777768446762,0.009717433102021033,-10.57916560099693,29.199147096721894,3
2025-09-17,0.0012583767794713031,0.009050362838717402,0.010256490963018549,-14.210077893820198,31.225434910448126,3
2025-09-18,0.006033906578187355,0.01295021784818596,0.013102101330652186,-11.054777965583222,28.157421191599088,3
2025-09-19,0.0001698504147130501,0.010514376976086962,0.011259234304973269,-3.316870278942588,25.30410111499203,3
2025-09-22,-8.543006809297315e-05,0.015878529986770792,0.0169030459429447,-2.9530950441919686,27.701910864395696,4
2025-09-23,0.0014224773284164313,0.01859873058376623,0.019810391745278353,-2.052264998094188,26.723948772640355,4
2025-09-24,-0.0021476214240427616,0.01126849767291467,0.01358869334986881,-8.072487121406994,31.989329304846265,4
2025-09-25,0.0012190011427441957,0.01348075490348561,0.014638533960149748,-8.127568577999227,30.96660573249409,4
2025-09-26,0.0029392523899626904,0.013469139187359772,0.015445301183247722,-20.04195819669053,42.581006376827354,4
2025-09-29,0.004636101160781725,0.022303433689388197,0.025598870698328186,-32.22268256834832,55.88520392366586,4
2025-09-30,0.007856885282979682,0.01636108273864372,0.01941925630779977,-30.974313365058606,52.543003327326474,4
2025-10-09,0.0035906628924450637,0.02120538404566568,0.023038029100181344,-4.917160186581896,30.192136743059695,4
2025-10-10,0.003160720004318158,0.01412942053834309,0.016796430502159405,-21.03008344244851,44.21486083723602,3
2025-10-13,0.007694358411075954,0.016023969857310277,0.018316435022967637,-29.041906970725904,51.17638683721961,3
2025-10-14,0.007916746958966695,0.012045215987077862,0.015301668081382254,-25.753728456262554,44.107236511600156,3
2025-10-15,0.003002441850430813,0.01341074749735204,0.015483591029549605,-18.938563157613924,38.47705503117517,3
2025-10-16,0.004917053228582889,0.01622162275005796,0.018499152550777248,-24.27146488460888,46.52423951169164,3
2025-10-17,0.0035184758755399947,0.016343991949218928,0.019154561320764044,-22.22497842962821,45.16222077527213,3
2025-10-20,0.010784841626390405,0.01729963308203904,0.020654546709233064,-49.50686153390302,76.5304022088092,4
2025-10-21,0.007977975134694712,0.019130638427074645,0.022081717943169647,-47.56548977499324,77.65188152683048,4
2025-10-22,0.008717812938854829,0.01911225699478315,0.02211579190752756,-48.6435430045608,78.32243483164754,4
2025-10-23,0.008423047130489573,0.020311393195507746,0.023349013558243197,-49.996607092938575,81.57497051085089,4
2025-10-24,0.009921524060030544,0.021847442746358678,0.025350616795348422,-55.5524562018893,87.97637981015478,4
2025-10-27,0.012402574126545649,0.012756800311746752,0.01778345011263096,-46.917460780518695,70.63464643182205,4
2025-10-28,0.006677938167284101,0.017547819323065126,0.019668566073600915,-42.126243504872264,69.60021333024528,4
2025-10-29,0.007051440665211101,0.018464834888221593,0.021491661918527243,-45.09992487237923,72.53143110211444,4
2025-10-30,0.009156831693086807,0.019159743003181677,0.021405503089002346,-47.1668298388563,72.56068174156347,4
2025-10-31,0.008814273777080935,0.011318876305038441,0.014589377949793142,-36.464959930068744,56.98040906679202,4
2025-11-03,0.006707944543382593,0.011631976644250249,0.013711180322012882,-32.264814487961075,52.578614849314555,4
2025-11-04,0.007856301354103874,0.011711050771837907,0.014481548511535118,-34.236953498972525,55.37781467393981,4
2025-11-05,0.006678034683972801,0.011761725761800963,0.014091525173440532,-30.415655948924268,51.45524094558811,4
2025-11-06,0.005637745409863844,0.012804982404022301,0.014553203891039774,-31.09904481088347,53.2511161577285,4
2025-11-07,0.006644109096990019,0.016549265139805185,0.018271771664025927,-39.030551651245105,63.72674721134261,4
2025-11-10,0.008002603688427916,0.012097032614753152,0.015069628817764339,-34.47208822746393,56.401511344639225,4
2025-11-11,0.005057010558275704,0.016972370231287476,0.018471237274153025,-19.045893078383415,41.55110285917357,4
2025-11-12,0.0064762390501494835,0.022113311835255507,0.025697979106910976,-47.60757744912803,75.56429870197158,4
2025-11-13,0.011570442211856158,0.023341046235220278,0.02637186733656019,-56.48645974150713,85.97255774669462,4
2025-11-14,0.014482463241429608,0.017945891044281504,0.02062785999437397,-54.575040862814,75.57664347806792,3
2025-11-17,0.010185839216848477,0.018413094420153448,0.019883136087247042,-47.34597672351841,70.87307171840426,3
2025-11-18,0.007784065965732949,0.024222513710056594,0.024815473670712653,-48.84938357400097,75.3856324064874,3
2025-11-19,0.010015218595999542,0.023893682523267314,0.024622962601667835,-52.232934991856986,78.09060746787722,3
2025-11-20,0.010430034853231065,0.025648291420046015,0.026243682819948384,-54.423315225309125,80.6156310467491,3
2025-11-21,0.010325558075961893,0.030523052160065792,0.03107141846199121,-58.38595559430026,87.56355844307767,3
2025-11-24,0.009340777653830672,0.01810079855869172,0.021629700120911848,-40.7074903949333,67.83518412792812,4
2025-11-25,0.009911035974223999,0.015508531223002504,0.01937715883331367,-39.026492487153064,64.88964634233956,4
2025-11-26,0.007894899350735698,0.01683802501185688,0.019859911901891018,-37.00209946131167,64.5592620773597,4
2025-11-27,0.00890913806159678,0.015069215685361792,0.01886241136593446,-36.744161828200504,62.8121391340337,4
2025-11-28,0.00838095345396224,0.017912646078672267,0.020918448862746197,-38.90344153459296,67.26925578842281,4
2025-12-01,0.008271229449156613,0.013855270906850063,0.016535026999016635,-29.330057855320774,55.22856331474546,4
2025-12-02,0.005151406957302505,0.01583845649945575,0.018043505638804764,-30.257950126744618,57.76136318776806,4
2025-12-03,0.006557635914496356,0.01912317619783647,0.021860275298249916,-36.69383128079494,64.73073789798134,4
2025-12-04,0.008889725073230735,0.024696102296778794,0.02787174781420634,-45.1935943314229,74.56962437649666,4
2025-12-05,0.01168023434145763,0.03217994913005529,0.03459618946870336,-55.0266418511369,86.25285351313217,4
2025-12-08,0.011981495419834266,0.017033599776592308,0.021792780981034404,-43.002895824541156,70.35755956172262,4
2025-12-09,0.009678619825531296,0.021137433681817752,0.024989417422800073,-43.74208133858815,71.77515058696017,4
2025-12-10,0.010623279243962065,0.018210614632973736,0.022069571820240823,-41.358131110737304,68.76600162278723,4
2025-12-11,0.01268230562823926,0.045630518456315286,0.0480316762193632,-64.77009144152203,96.89476263975327,4
2025-12-12,0.014753914945412228,0.024588147186245708,0.02633358028665694,-53.28492085376305,78.96785645476838,3
2025-12-15,0.010376384390600546,0.02607944991255358,0.027358941723377446,-47.95939163346975,76.70871885602357,3
2025-12-16,0.010219406807850847,0.02712397340482296,0.028467505966129052,-47.98703573145364,77.22281587971419,3
2025-12-17,0.010033698611544467,0.025695602912505486,0.027092729607255908,-46.733472614379025,74.92401367808353,3
2025-12-18,0.009878463973109689,0.023473685883106544,0.025257023421042874,-44.39676386160105,71.5893827890703,3
2025-12-19,0.008439623374677541,0.025413059756979075,0.026770330875625987,-43.90701540950371,71.3365198666101,3
2025-12-22,0.008322301912293488,0.01595390226390845,0.019496267141799625,-32.11170447778795,57.22133788516473,4
2025-12-23,0.006715964801829111,0.01745277020647319,0.02077474629568295,-30.87840066341846,56.396274573091176,4
2025-12-24,0.005770345116031899,0.01596026981736488,0.019472626023924307,-28.809040572908543,53.92049188190255,4
2025-12-25,0.005440292818797564,0.016664360951750577,0.019423286008003495,-27.893294600611398,51.461918526493164,4
2025-12-26,0.005852440698738455,0.022776624190425435,0.025825756127197563,-34.2173156760789,61.32301727299479,4
2025-12-29,0.009457925170787453,0.021407569175484996,0.023121920994401086,-35.528492892785835,58.70261607961292,4
2025-12-30,0.008611484371802992,0.03104313565383765,0.0329619351667673,-41.29398725011356,66.93295133906615,4
2025-12-31,0.011787764371842957,0.029094258171287687,0.03052825499490638,-43.59063292432529,69.00468784587993,4
2026-01-05,0.008012536097811624,0.03247416828109649,0.034897384012491116,-43.018694774994174,69.91994784794814,4
2026-01-06,0.010274353194538984,0.03575140011182032,0.03713234373801573,-45.529239339993865,69.38430475674687,4
2026-01-07,0.009093483020170656,0.009093483020170656,0.012037456414907126,-22.02861571779431,37.974804506429074,4
2026-01-08,0.005472471438824435,0.013452695853158447,0.015110447870139272,-23.06989349329615,39.430848333647845,4
2026-01-09,-0.0013394473912750383,0.014676518916172976,0.016352980132888738,-14.767006272809946,40.42489614394817,3
2026-01-12,-0.00030910075186991553,0.011963453717836628,0.014065152864045862,-14.650720493331695,36.000161130422946,3
2026-01-13,0.0031666498433776057,0.010648275087983947,0.01269762841909337,-19.038390560645286,37.05662258654481,3
2026-01-14,0.007984711346402698,0.010124861265305493,0.011412465354787788,-22.079239769155112,32.09797330500092,3
2026-01-15,-0.0005996773955372972,0.011919211292897093,0.01396307390993995,-12.948185053083762,30.168296308750914,3
2026-01-16,0.004686430365977202,0.012624916089858773,0.013956353731740792,-21.844445107627205,38.92529494534234,3
2026-01-19,0.004906480233097452,0.005101965915370706,0.006467194973612356,-17.83468572482866,24.121882782648527,4
2026-01-20,0.0018769698393641104,0.0063992755219572876,0.007319799001147104,-14.965302969062122,23.27475945649914,4
2026-01-21,0.0007606832936960604,0.010586413116066293,0.012168439634631682,-19.24054371138277,32.321239951448426,4
2026-01-22,0.00347864585878938,0.00816104994628487,0.00937348445397222,-21.453757810706975,32.07726691343535,4
2026-01-23,-0.0007488273348719397,0.014302945144124637,0.017441519034752287,-18.547325442312285,31.896614927707017,4
2026-01-26,0.008505222082432592,0.008505222082432592,0.012175981842314275,-7.392781554915246,8.397749918019256,4
2026-01-27,-0.002521203115661131,0.0035603998664399303,0.0061259031718023434,0.3276905280858955,3.4444558399136787,4
2026-01-28,0.0009434731610873108,0.0063695371083956655,0.007056123072881261,-7.953437777572844,11.228030654409435,4
2026-01-29,0.0004177172537557323,0.00826202263773073,0.009667561852990631,-7.98680649909079,12.375530306419337,4
2026-01-30,0.0014224799860593626,0.012090592062668215,0.014134335235598004,-11.198646865780347,16.434807174689993,4
2026-02-02,0.006600507310039624,0.021716619559175393,0.029810029383801086,12.508833530551556,22.653275219144867,4
2026-02-03,-0.00546898205634655,0.008734085559783236,0.014126495861182446,-2.618849943069563,9.953887815793232,4
2026-02-04,0.004504455829553506,0.024328944819051262,0.02615558421482553,-35.36670452775729,48.601456152067605,4
2026-02-05,0.00922590489368632,0.022807137578577462,0.02342629749455384,-36.736352694104426,47.726821554735714,4
2026-02-06,0.003424515655818059,0.012443106364139579,0.01728342620547656,4.087174881512283,8.898288413899671,4
2026-02-09,-0.003708516402006644,0.012941351394854417,0.015490803256157867,-10.792162792992107,24.333986587067535,3
2026-02-10,0.004461179413678143,0.008192158192003182,0.00840999187668446,-21.966939311310853,29.307678586217182,3
2026-02-11,0.00112071492432077,0.009780792326362454,0.010097711024187122,-16.40241482694546,24.588600658866117,3
2026-02-12,0.0030622258815371783,0.015035826083652745,0.01522146765985781,-28.86110563215516,41.56955438323298,3
2026-02-13,0.008580546822698912,0.008856878592819445,0.010861439192079573,-30.051267663730567,37.08437121566579,3
2026-02-24,0.004798422223503141,0.0049935807690397625,0.006000214654870152,-17.889449272333575,22.943592946906154,3
2026-02-25,0.0012759263740715603,0.005762052388447127,0.005983472025020934,-10.548386793098643,19.064481159944574,4
2026-02-26,0.004778025128797811,0.00618588525225397,0.006539711612976882,-14.54768166013082,21.55595335267176,4
2026-02-27,0.0034770891852997747,0.011250961573602534,0.011845925890833657,-23.80332621861362,39.684327256609734,4
2026-03-02,0.004225052424907314,0.009340392692499023,0.0094374520880108,-14.766925544572587,26.416430746968167,4
2026-03-03,0.0010595777412759425,0.012574271109981904,0.01340686241370672,-19.55490968468075,33.55249468347107,4
2026-03-04,0.005711068823954203,0.00793720747086099,0.009813732364055808,-21.887629189136533,33.77172707539756,4
2026-03-05,0.004815595680607389,0.007646912630239838,0.008349401369624044,-17.443496381035402,28.259076736506042,4
2026-03-06,0.003413497490598414,0.009242815400508853,0.010605252087291088,-18.534788155973956,32.71732219824057,4
2026-03-09,0.0060705789126519315,0.02051011536574377,0.02241054062443515,-37.99997786789572,57.235866359021216,4
2026-03-10,0.004724578751929307,0.010892868498531005,0.011026197827039126,-14.023685036377628,25.078574761834748,4
2026-03-11,0.00138776828131525,0.01523041306838745,0.018927760172227102,2.6582994901705206,13.944589646467572,4
2026-03-12,-0.0036465212871540365,0.03102915517944274,0.03748662825197289,20.9687312195133,29.607355293148974,4
2026-03-13,-0.002608849345078106,0.011844324739879633,0.013952147764803864,-10.745433806640298,26.19209099959468,3
2026-03-16,0.0037325003683250507,0.012897505833146089,0.013036873981835976,-23.863281045071442,37.526804190230244,3
2026-03-17,0.005795206449951434,0.020024654447786238,0.02005044186208526,-34.16221552483876,51.62515048947286,3
2026-03-18,0.00797143226814801,0.01811188066439243,0.018341894105212295,-37.39494333127792,54.9604960848485,3
2026-03-19,0.008023213153823122,0.027740114378828645,0.027892458123955237,-47.85753101350959,73.12164593324974,3
2026-03-20,0.009071414489978141,0.02050830078237112,0.0207353609770139,-40.06389379911252,58.190382685645716,3
2026-03-23,0.008144869514420103,0.021431635913047885,0.02419586091385421,-36.28926375850824,60.823276311854194,4
2026-03-24,0.006998916878200943,0.0197953132580068,0.0204182635653584,-29.034300307198464,46.42540034984916,4
2026-03-25,0.008303066552669935,0.011443749411970447,0.012385504298760472,-21.090969549484726,35.725188529843784,4
2026-03-26,0.004320231258186161,0.011407290772557685,0.01288777571743981,-20.898230816720798,37.970635304718414,4
2026-03-27,0.0028311257771687845,0.017783682856553032,0.019431186133932105,-25.276614154755407,46.690478704851365,4
2026-03-30,0.007863967315193815,0.010925381219076671,0.013747397518178002,-25.433996981922974,42.447443603598806,4
2026-03-31,0.00603417117776666,0.019919099967853203,0.023010503496604603,-31.276671027581415,51.94513772946793,4
2026-04-01,0.006070293854704364,0.01367304379311966,0.01519145402697696,-23.498443511954747,40.847116937338974,4
2026-04-02,0.007350338472377298,0.0175317876761301,0.019832785961367845,-29.4525719091846,47.58547132938328,4
2026-04-03,0.007592239358000345,0.026023937755371575,0.029148688719715772,-36.94762132009237,58.58836776032188,4
2026-04-07,0.007695295969825773,0.014364890729577022,0.016565542037597632,-26.7550976251689,43.747342650067814,4
2026-04-08,0.004765078562168163,0.02860585276079015,0.031853428402628545,-35.57218008543714,55.342175752233416,4
2026-04-09,0.010945507269074235,0.023138269049336177,0.024520876397005432,-36.32622385519744,53.63521432784593,4
2026-04-10,0.007910332674006948,0.01519319665270708,0.015564774736252403,-27.263909248450545,40.83315153146011,3
2026-04-13,0.00702211486032329,0.01207842616743629,0.012637047326457384,-23.204460675952152,34.66662238327456,3
2026-04-14,0.004738069074168415,0.011917634582481323,0.012096219846769878,-19.611781643392835,30.986258595421774,3
2026-04-15,0.0019379028483288336,0.011924711561988868,0.012348338186065459,-15.57477803081656,27.454645531144724,3
2026-04-16,0.003095105683383073,0.019471741872488905,0.019885479212908043,-24.039090481694377,40.88732057966031,3
2026-04-17,0.005494004301687279,0.019266550552541176,0.019338173127611172,-27.198974333933318,43.07627625093494,3
2026-04-20,0.007928979207613002,0.011255334936515236,0.01173097165712179,-33.78945078801303,46.95779837571565,4
2026-04-21,0.004654052299111269,0.010317173172635266,0.010961449990635662,-28.349561856573928,42.65699957174742,4
2026-04-22,0.005510123376825327,0.019425622378672777,0.020135780171598342,-41.3221841972761,59.955054804297745,4
2026-04-23,0.007543729172890642,0.02183846207995421,0.022191566675484217,-45.762014895435186,63.7176151534545,4
2026-04-24,0.007244679954916969,0.016071683129876183,0.016150602823625477,-37.08579952791138,51.82134138996226,4
2026-04-27,0.006750174669896258,0.014242421957397725,0.014402443426863124,-35.051452331713335,49.65447744524596,4
2026-04-28,0.005843268506077557,0.01767948303589863,0.018029292483163224,-35.4312911747561,49.30886444545699,4
2026-04-29,0.005874982041722914,0.01967609204707441,0.02021620421241505,-39.03198725630182,54.39902531174555,4
2026-04-30,0.00787688607963569,0.019085083468683848,0.019214006074011126,-39.2931293854308,52.230906268421954,4
2026-05-06,0.0032211222978910277,0.005058702748504316,0.006087803428954361,-7.684507927222967,15.252534953375989,4
2026-05-07,0.0025914528297629313,0.01434400086055298,0.01529272692470972,-26.114334401379892,35.801329575755545,4
2026-05-08,0.005572731683475417,0.005572731683475417,0.006005516009011423,-21.322751966842286,26.272754024595763,3
2026-05-11,0.006314272313077925,0.006314272313077925,0.006748384818083764,-18.386482158401122,22.064615888933808,3
2026-05-12,0.0010705618431480397,0.0035329398358999544,0.004197738482118588,-10.173812754896668,18.658542318265606,3
2026-05-13,-0.0011637415983082045,0.0057017997960819395,0.0068200123653769165,-7.722489895004401,18.18604734879072,3
2026-05-14,0.00244737321276998,0.00447430642962209,0.004733612901537697,-14.19766732385627,20.633768594660253,3
2026-05-15,0.003279856738747186,0.003279856738747186,0.003987535656581215,-13.39168966658508,18.836238662468062,3
2026-05-18,0.001696234154346478,0.004694978880055656,0.005342662005657952,-12.269940166029755,21.862879774050462,4
2026-05-19,0.0030615564631817534,0.006057434413933704,0.006418720132192861,-15.465975778333814,24.907258678918545,4
2026-05-20,0.0036880257269750576,0.004443501292991921,0.005719212017571565,-15.59710875194969,26.32626163032551,4
2026-05-21,0.000402272778143236,0.0056222083575308175,0.007118921497359475,-11.375689029993282,24.220146776810935,4
2026-05-22,0.004391954841909577,0.004433303845626364,0.006049102254244507,-15.41640297652475,26.559446821779556,4
2026-05-25,0.003359712070143621,0.008223255683184293,0.009590580659909174,-5.718482082262653,18.044566112169186,4
2026-05-26,-0.0008081210638577301,0.006121587309427943,0.00681339408723204,-8.558988055800683,22.807191342032457,4
2026-05-27,0.0028227440725180943,0.006334455415491564,0.007308778821517064,-10.92334584284913,23.926668205871625,4
2026-05-28,0.0016352426622761734,0.00866444991031913,0.009418762965388836,-5.665458586481009,20.424798091517133,4
2026-05-29,-6.417356296155655e-05,0.0092879326675207,0.010339183919939876,-15.351468047264461,31.790720966702473,4
2026-06-01,0.0026018257688401464,0.012207713483678787,0.013921164965869492,-23.986940374981486,40.16128567315406,4
2026-06-02,0.004588106774466281,0.005410921695216359,0.007070605767754151,-16.9519929010105,29.55107327064932,4
2026-06-03,0.0037195483204468076,0.006511168142716708,0.00811404410514753,-16.2789373503565,32.38493879264169,4
2026-06-04,0.0021687322786104746,0.008189978577677434,0.00932441521418984,-10.738970085638357,27.296745702759598,4
2026-06-05,0.0029160012476147704,0.0079618092833866,0.009749803311130777,-19.916343483688024,38.16825761863036,4
2026-06-08,0.005611338149244185,0.027535644140256856,0.029628091287560263,-43.975514620883814,67.0177673966905,4
2026-06-09,0.00508894060246811,0.028684201054034804,0.036018064235113216,8.938943602556492,28.520797272239765,4
2026-06-10,-0.0007785635414638004,0.010763691109940882,0.012227956996457715,-16.72460650768221,37.353146112899154,4
2026-06-11,0.0029956658058494165,0.008009937190972115,0.010524578166183787,-18.07757109149361,37.55730822444411,4
2026-06-12,0.0025870921290185728,0.014446128713593007,0.01571441816550095,-26.488648314749906,47.87692136605517,3
2026-06-15,0.006577863109273209,0.006577863109273209,0.009666447998906116,-24.586191896415283,40.14883532490152,3
2026-06-16,0.005631523137683979,0.007244970860430425,0.010259937624375033,-25.315210229716893,42.615574471633536,3
2026-06-17,0.001986647445985044,0.010209645376734716,0.012632080924284127,-22.548482569561504,44.35024087623866,3
2026-06-18,0.004337898332107533,0.009065797487449123,0.01117049298054512,-25.151162482681684,43.73217795930559,3
2026-06-22,0.008639939853380732,0.012171385660574805,0.013449071237162954,-17.046300000540214,30.546935389845128,3
2026-06-23,-0.00030875124916890373,0.017007234819817946,0.01775733048216457,-20.493203704663756,52.00851053962584,4
2026-06-24,0.00596672014252362,0.011070160175337011,0.012536996030716192,-19.096829875771164,40.15332610426885,4
2026-06-25,0.0023831050663134165,0.010312828495371122,0.01222680445183604,-19.012825157495172,43.5168858827412,4
2026-06-26,0.004989516154495242,0.017691183020909045,0.019950786285822034,-33.09053382881689,60.72634943347718,4
2026-06-29,0.0065698088097697165,0.01133818271253836,0.014414632362258475,-28.328438216620498,52.694632806659804,4
2026-06-30,0.0037013891483109115,0.01431895025307963,0.016149017522528657,-14.117241835910136,41.55995072530452,4
2026-07-01,0.0013854298622912806,0.029016562450869525,0.03334686625743062,7.158287931685209,36.56811181784264,4
2026-07-02,-0.003198188948314931,0.017771661509893705,0.019506909231010776,-17.789307351136358,49.55000817011152,4
2026-07-03,0.004289482151539972,0.012421505149101758,0.014863902510327131,-24.837841977874632,51.03352673101701,4
2026-07-06,0.006747093461838841,0.02879871373574501,0.03204817775499218,-45.90421167339741,74.76062565585485,4
2026-07-07,0.011133285026377284,0.03527496005840511,0.03678278594883795,-53.510763963173986,80.36895372380405,4
2026-07-08,0.012672821568747416,0.04773074272272726,0.04959864643019607,-62.92095977226836,90.40521408933544,4
2026-07-09,0.010440426581127413,0.01258682348173281,0.016354948620581147,-32.35398631859175,52.487920077913536,4
2026-07-10,0.008055003854943196,0.013715709021870212,0.016246874685202608,-31.119669985218025,53.05360847315574,3
2026-07-13,-0.00020471193122592832,0.01644640749741768,0.01961437420199678,-19.022813263448672,48.36625581804903,3
2026-07-14,0.007360569549602157,0.01226470067536709,0.01514105307076985,-27.684509349764692,47.944062438776356,3
2026-07-15,0.0019459509356381775,0.014407521847398781,0.017298007802223438,-21.095398828185353,47.17884559926926,3
2026-07-16,0.0028954129760783154,0.011296033983376095,0.013825718547195097,-18.773671937305455,39.38866092967976,3
2026-07-17,0.0072787468869232,0.011353119431522512,0.014617396731535988,-23.92533820468604,41.43633697200668,3
2026-07-20,0.008920210690585798,0.014875744809514677,0.01700361723645559,-38.730107111578036,56.94918391962652,4
2026-07-21,0.004736751374194641,0.013704830264487624,0.015555909080408895,-31.423442401941884,50.07203453911093,4
2026-07-22,0.009363926669556107,0.012302410402532861,0.014712681452999395,-36.502688513458,52.278527295005176,4
2026-07-23,0.006337605726679629,0.0131931661071275,0.015091526684451505,-33.232836199416624,50.95341979821081,4
2026-07-24,0.006998869497541107,0.015158947587919993,0.01710639995517195,-35.73369156070248,54.36667393279409,4
2026-07-27,0.005187453793355522,0.01884615863736088,0.02142023596279777,-39.02971627837337,61.64801563081522,4
2026-07-28,0.00823765726420778,0.01788602832384578,0.019224405989126836,-39.34182135699689,57.89981389246896,4
2026-07-29,0.0034413251388009936,0.014054896278412343,0.015846326080280283,-27.367425385505385,42.97263953842617,4
2026-07-30,0.005794038844668378,0.01023435146056751,0.01134013880108234,-24.90089377842105,36.65995142828822,4
2026-07-31,0.006773472823268789,0.009410153273017786,0.009886594022259838,-22.93259177346431,31.685991160714472,4
2026-08-03,0.0029497026373480843,0.011810544165532571,0.01313647786019062,-22.479548084636008,34.69373165524003,4
2026-08-04,0.004931553722399864,0.007162109855890417,0.008464145099576853,-20.118383204071733,29.333474430365154,4
2026-08-05,0.0037218520779394564,0.010256115270726349,0.011143587535971911,-22.058568371099,32.691735216095346,4
2026-08-06,0.0077626567152401064,0.013156649108811033,0.014004577175749815,-32.301256010543284,46.08990899212359,4
2026-08-07,0.0073093416070977545,0.014142355974526889,0.014736374487284312,-32.469937110130104,46.117411972119626,4
2026-08-10,0.006397183589677002,0.008741784217238854,0.009564085266115607,-15.688956130191627,25.42516215512019,4
2026-08-11,0.004737597696178906,0.022431946695998604,0.024204778131784746,-39.58456349978633,57.896289061461346,4
2026-08-12,0.006669047975144407,0.009686164526599081,0.010057019495756468,-18.10242562336066,28.799114121524518,4
2026-08-13,0.006622607772560511,0.029519267656471858,0.031092053740452964,-47.46578709792129,66.50500577789279,4
2026-08-14,0.012947934231647107,0.012947934231647107,0.013342842803533176,-38.311676403562764,46.71437559008073,3
2026-08-17,0.004615383434200894,0.013121837123369751,0.01324304739835623,-29.813174108534742,44.26354243995667,3
2026-08-18,0.008820922140626616,0.008820922140626616,0.009160126259349576,-26.487432512601117,33.61857705349976,3
2026-08-19,-0.0014698561372856651,0.019070300695141217,0.020832892175547534,-23.336966717237374,41.32272163015261,3
2026-08-20,0.007360330029223834,0.011777910275991657,0.012331058526179276,-30.621809337443057,41.03661226949561,3
2026-08-21,0.00773536109746073,0.014089541049326812,0.014504733074327184,-34.95094789150062,48.19772527091818,3
