date,delta,n_contracts,predicted_slow_state,predicted_fast_state,predicted_instantaneous_carry,predicted_var_slow,predicted_var_fast,predicted_cov_slow_fast,filtered_slow_state,filtered_fast_state,filtered_instantaneous_carry,filtered_var_slow,filtered_var_fast,filtered_cov_slow_fast,filtered_instantaneous_variance,filtered_instantaneous_std
2024-08-05,,4,0.0,0.0,0.09318064292370311,0.002114205512600929,0.04754180040101144,0.0,0.008310809956364462,-0.002951417367917042,0.09854003551215053,1.393562798318853e-05,0.0006181594737483254,-8.274779112502339e-05,0.0004665995194814671,0.021600914783440704
2024-08-06,0.004098360655737705,4,0.008283654904141975,-0.00272308733523993,0.09874121049260515,2.763820641196912e-05,0.007597613400486633,-7.609673051863312e-05,0.0041924183726359315,0.07129849410433936,0.1686715554006784,9.456466714905616e-06,0.0004579942062687137,-5.5939187715873235e-05,0.0003555722975518728,0.01885662476563271
2024-08-07,0.004098360655737705,4,0.004178719907571132,0.06578264003854792,0.16314200286982217,2.318826808261578e-05,0.007461271222668169,-5.1442935638178764e-05,0.005534392044692376,0.12641911339532846,0.22513414836372397,9.027261961065404e-06,0.0004460896928161068,-5.348019766784322e-05,0.0003481565594414857,0.018658953867821362
2024-08-08,0.004098360655737705,4,0.005516308764508805,0.11663897162129719,0.2153359233095091,2.2761863545949833e-05,0.007451137394557126,-4.918159306348429e-05,0.005327778615324466,0.025587123955503194,0.12409554549453077,9.16014123159241e-06,0.00045509669024143117,-5.444361122164279e-05,0.000355369609029738,0.018851249534970832
2024-08-09,0.004098360655737705,3,0.005310370431610892,0.02360763135226065,0.12209864470757464,2.28938758856889e-05,0.007458804685124541,-5.0067569844069494e-05,0.006010630172732798,0.129088741029395,0.22828001412583088,1.0011256712892671e-05,0.0005173867008749517,-6.155140759818388e-05,0.00040429514239147664,0.02010709184321484
2024-08-12,0.004098360655737705,3,0.005990990814224109,0.11910206927707322,0.21827370301500043,2.373943852031937e-05,0.0075118296376610865,-5.660405931518722e-05,0.0051296789181908276,0.04368168330252496,0.1419920051444189,1.024114151972281e-05,0.0005230354801843314,-6.265292800465196e-05,0.00040797076569475024,0.020198286206872855
2024-08-13,0.004098360655737705,3,0.005112918012859164,0.04030234418082839,0.13859590511739067,2.3967823512950272e-05,0.007516638213734889,-5.7617042264848435e-05,0.0039486572068747955,0.08570400325764121,0.18283330338821913,1.0341868179751063e-05,0.0005235763619762428,-6.293563434316127e-05,0.0004080469614696713,0.02020017231287078
2024-08-14,0.004098360655737705,3,0.003935755216187441,0.07907369807712139,0.17619009621701193,2.4067893012215992e-05,0.007517098644405109,-5.787702537454799e-05,0.007123803126059121,0.10495252043391082,0.20525696648367303,1.0424478697463752e-05,0.0005236690204717684,-6.311887191051948e-05,0.0004078557553481932,0.020195438973891932
2024-08-15,0.004098360655737705,3,0.007100526544483253,0.0968330952788259,0.19711426474701227,2.4149964562481545e-05,0.0075171775208136594,-5.804553476427997e-05,0.009069202660556292,0.08637555556640811,0.1886254011506675,1.051202373521806e-05,0.0005242417269790472,-6.334877444612102e-05,0.00040805620182202324,0.020200401031217754
2024-08-16,0.004098360655737705,3,0.009039569607561844,0.07969329719137505,0.18191350972264,2.4236938438998595e-05,0.007517665042569668,-5.825695830875607e-05,0.010114332864158946,0.06418187275611284,0.16747684854397488,1.061007915452519e-05,0.0005255302228336263,-6.366144723794031e-05,0.00040881740751227085,0.020219233603484352
2024-08-19,0.004098360655737705,4,0.010081284913530315,0.05921658073642672,0.16247850857366014,2.4334354125248908e-05,0.0075187618866838,-5.854449924315555e-05,0.008249336289681237,0.04937938777370573,0.15080936698709008,9.184992019165136e-06,0.0003600493185154331,-4.8028442118417175e-05,0.0002731774262977639,0.01652807993379037
2024-08-20,0.004098360655737705,4,0.008222382098823387,0.04555925804671182,0.1469622830692383,2.2918564541781178e-05,0.00737789472342705,-4.416803599739507e-05,0.009307851384476809,0.06986274456466886,0.17235123887284876,8.991220693883515e-06,0.00035205781818847034,-4.666652911000432e-05,0.00026771598066234524,0.016362028623075602
2024-08-21,0.004098360655737705,4,0.009277438561689173,0.06445796416228833,0.1669160456476806,2.2726057419162922e-05,0.007371091884236252,-4.2915590152231315e-05,0.008854621906774319,0.0009034207318982801,0.1029386855623757,9.013387202425147e-06,0.0003509504850737581,-4.651625473602377e-05,0.00026693136280413573,0.016338034239287653
2024-08-22,0.004098360655737705,4,0.008825689982984544,0.0008335295374241162,0.10283986244411177,2.2748079308994356e-05,0.007370149256594153,-4.277739445679122e-05,0.010883984784663948,-0.025246321587013013,0.07881830612135404,9.078089633712059e-06,0.00035133529541791966,-4.6610029213489107e-05,0.0002671933266246535,0.016346049266555314
2024-08-23,0.004098360655737705,4,0.010848422044477599,-0.023293194423230062,0.08073587054495064,2.2812359608751537e-05,0.0073704768299887825,-4.286363157616548e-05,0.008161764306445277,-0.015382573246528818,0.08595983398361956,9.157855063107027e-06,0.00035245222486270534,-4.680298144612823e-05,0.0002680041170335559,0.01637083128718746
2024-08-26,0.004098360655737705,4,0.008135096251570622,-0.014192533677670146,0.08712320549760358,2.289160463262139e-05,0.007371427626596362,-4.30410747906668e-05,0.005988556041511247,0.011150087021110148,0.11031928598632451,9.249029391557358e-06,0.0003542216019133855,-4.707750452718157e-05,0.00026931562225057974,0.01641083856024974
2024-08-27,0.004098360655737705,4,0.005968988808846999,0.010287484611312889,0.109437116343863,2.2982184121620163e-05,0.007372933825313899,-4.3293532392689044e-05,0.006447849461812313,-0.0010122388847364494,0.09861625350077897,9.352005083500022e-06,0.00035667981119899116,-4.743762256033628e-05,0.0002711565711618186,0.016466832456845448
2024-08-28,0.004098360655737705,4,0.006426781516596676,-0.0009339292088019906,0.0986734952314978,2.3084487979668796e-05,0.007375026398896219,-4.3624705038524024e-05,0.007029002992373499,0.012867652366861665,0.11307729828293828,9.467982568388041e-06,0.00035988841933648225,-4.789183564033593e-05,0.00027357273062419843,0.016540034178447106
2024-08-29,0.004098360655737705,4,0.00700603616431076,0.011872174222245072,0.11205885331025894,2.3199708804379813e-05,0.0073777577565002465,-4.404240960654746e-05,0.0048722479375788415,-0.011690257962006064,0.08636263289927588,9.598446810666733e-06,0.0003639196660495964,-4.845036762295867e-05,0.0002766173776143458,0.016631818229356218
2024-08-30,0.004098360655737705,4,0.004856328171890476,-0.010785866393573802,0.08725110470201979,2.332932187199516e-05,0.007381189392864601,-4.4556048184566585e-05,0.0033225591556258548,-0.042008004805872606,0.05449519727345636,9.745092609846292e-06,0.0003688542597786969,-4.9124768708260145e-05,0.00028034981497202286,0.016743649989534027
2024-09-02,0.004098360655737705,4,0.0033117029011985434,-0.03875814620766476,0.057734199617236893,2.3475010924815965e-05,0.007385390011801915,-4.5176242596428544e-05,0.004530937217187673,0.015097811191464187,0.11280939133235497,9.909820043224658e-06,0.0003747807775430264,-4.992786287348592e-05,0.00028483487183927924,0.016877051633483832
2024-09-03,0.004098360655737705,4,0.004516132662951016,0.013929801624205727,0.11162657721085985,2.3638663643657985e-05,0.007390435015325987,-4.591478606014393e-05,0.00516220167695297,0.07654156936776885,0.1748844139684249,1.009473124184062e-05,0.0003817945540435831,-5.0873662468049525e-05,0.0002901419603493247,0.01703355395533547
2024-09-04,0.004098360655737705,4,0.005145334505539272,0.07062009610381151,0.1689460735330539,2.3822368444839054e-05,0.007396405557990236,-4.6784564647507026e-05,0.006027493522766841,0.0356897438978836,0.13489788034435354,1.030210756081246e-05,0.0003899951502569143,-5.197711488456473e-05,0.0002963430280485973,0.017214616697696097
2024-09-05,0.004098360655737705,4,0.006007799064315641,0.032928683913950284,0.13211712590196903,2.402839179946293e-05,0.007403386392004562,-4.779932431707722e-05,0.004800606865985294,0.010755346779795158,0.10873659656948356,1.053434813617066e-05,0.0003994813635276621,-5.325354215939869e-05,0.00030350862734503537,0.017421498998221575
2024-09-06,0.004098360655737705,4,0.00478492118302179,0.009923282596538876,0.10788884670326378,2.4259117191119503e-05,0.007411461619530086,-4.897315555823889e-05,0.00748688738153034,0.03907305939082341,0.13974058969605685,1.0793841487749398e-05,0.0004103422193228942,-5.471756443799251e-05,0.0003117009319346586,0.017655054005430246
2024-09-09,0.004098360655737705,4,0.00746242444483743,0.036050256508221336,0.13669332387676186,2.4516917556464524e-05,0.007420707024325996,-5.0319503385688504e-05,0.006193370008664984,0.08883175574811411,0.18820576868048222,1.1082725470355225e-05,0.00042264156295809905,-5.638118262997116e-05,0.00032096192316851194,0.01791541021491029
2024-09-10,0.004098360655737705,4,0.006173133559161083,0.0819594787488611,0.1813132552317253,2.4803916802514602e-05,0.007431176955312594,-5.184940410593397e-05,0.005512761962699287,0.08644041988858081,0.1851338247749832,1.1402466636976408e-05,0.00043639271989532203,-5.825052898763651e-05,0.0003312941285570254,0.018201486987524548
2024-09-11,0.004098360655737705,3,0.00549474935745705,0.07975314342530233,0.1784285357064625,2.5121571914174648e-05,0.007442882755913733,-5.356849707616591e-05,0.005762659226853206,0.0972061195664617,0.19614942171701802,1.2401448215651687e-05,0.0004951858273597011,-6.564122461019033e-05,0.00037630482635497213,0.019398577946720015
2024-09-12,0.004098360655737705,3,0.005743830097915447,0.08968597799031804,0.18861045101193658,2.6114035938353257e-05,0.007492930937011604,-6.0365147059063686e-05,0.0066156550397806204,0.05445123190041819,0.15424752986390192,1.2787199544271541e-05,0.0005049470061927056,-6.743866828176664e-05,0.0003828568691734438,0.019566728627275532
2024-09-13,0.004098360655737705,3,0.0065940388003244855,0.05023872990246933,0.15001341162649692,2.6497270548586996e-05,0.007501240231536628,-6.201811670137964e-05,0.008532823530260875,0.026769613881461096,0.12848308033542508,1.3022144919841354e-05,0.000510461298379717,-6.842366880550722e-05,0.00038663610568854395,0.019663064504002015
2024-09-18,0.004098360655737705,3,0.008504943062558439,0.02469864049804517,0.12638422648430672,2.673068309380067e-05,0.00750593432419314,-6.292394534522283e-05,0.01385031872410599,0.04256590559582975,0.14959686724363885,1.3236840617331122e-05,0.0005158391275489208,-6.932869439433794e-05,0.00039041857937757604,0.01975901261140283
2024-09-19,0.004098360655737705,3,0.013805063673127093,0.03927288620749231,0.14625859280432252,2.6943978073861352e-05,0.007510512251432941,-6.375622723951127e-05,0.0158129634732349,0.0066716208242237895,0.11566522722116179,1.3466048953114807e-05,0.0005221304914013033,-7.0344410067217e-05,0.00039490772021998413,0.01987228522893087
2024-09-20,0.004098360655737705,3,0.015761295603176198,0.006155485282919644,0.11509742380979895,2.7171691008877445e-05,0.0075158678335924215,-6.46903022255837e-05,0.016188713056438667,0.07615572177120115,0.18552507775134292,1.3721032277885293e-05,0.0005296974366747744,-7.153432798256203e-05,0.0004003498129875357,0.020008743413506398
2024-09-23,0.004098360655737705,4,0.016135817448095967,0.07026409877352278,0.17958055914532184,2.7425010771726063e-05,0.007522309266334071,-6.578457751332514e-05,0.015969969008981295,0.040817046829866074,0.14996765876255047,1.2332613080152297e-05,0.0003757188830793923,-5.640801154414343e-05,0.00027523547307125776,0.01659022221283542
2024-09-24,0.004098360655737705,4,0.015917788133145205,0.037659324124241444,0.14675775518108974,2.604564989696779e-05,0.007391233586413616,-5.187407657904918e-05,0.012422000758773996,-0.18499930745757398,-0.07939666377509687,1.2134841778927629e-05,0.00037021606724305794,-5.5171102488157566e-05,0.0002720087040456704,0.016492686380504253
2024-09-25,0.004098360655737705,4,0.01238141264749683,-0.17068723544220787,-0.06512517987100792,2.5849168895045057e-05,0.007386549263107658,-5.0736587181088084e-05,0.008090457146936462,-0.10288741656135925,-0.0016163164907196798,1.2228712223035835e-05,0.00037195695788852165,-5.537562308377209e-05,0.0002734344239440133,0.016535852682701708
2024-09-26,0.004098360655737705,4,0.008064022083749798,-0.0949277537088978,0.006316911298555106,2.5942426909706953e-05,0.0073880312125070595,-5.0924668922466215e-05,5.348942225975005e-05,-0.405590737387456,-0.31235660504149315,1.240262918878697e-05,0.00037581074020928175,-5.597863044530319e-05,0.00027625610850746235,0.016620953898842942
2024-09-27,0.004098360655737705,3,5.331464891486062e-05,-0.3742130856436194,-0.28097912807100145,2.6115209206584934e-05,0.007391311780652195,-5.147920805961194e-05,-0.00504510810035429,-0.9392355138426676,-0.8510999790193188,1.4033504006019583e-05,0.00046599101687859815,-6.77775788012519e-05,0.00034446936328211394,0.018559885863930144
2024-09-30,0.004098360655737705,4,-0.00502862352488541,-0.8665735860860547,-0.778421566687237,2.7735443872161646e-05,0.007468078582286834,-6.23297864404816e-05,-0.0025981784138257476,-0.5885027875326094,-0.49792032302273204,1.32005298429403e-05,0.0003944809032109314,-5.93652591444549e-05,0.00028895091476496186,0.01699855625531068
2024-10-08,0.004098360655737705,4,-0.0025896890282085553,-0.5429745399290773,-0.45238358603358275,2.690790419818414e-05,0.007407204931045707,-5.459362800946463e-05,-0.021227508117496116,-0.22644861660489124,-0.15449548179868428,1.3186563747395053e-05,0.0003952898890766847,-5.9160083794728124e-05,0.00029015628523462354,0.017033974440353712
2024-10-09,0.004098360655737705,4,-0.02115814856114596,-0.2089299082747399,-0.13690741391218275,2.6894029220223806e-05,0.007407893587809417,-5.4404944141473095e-05,-0.022925785053121015,-0.2165788038029336,-0.14632394593235148,1.3396463047702482e-05,0.0004014582985278582,-6.0038531599370674e-05,0.00029477769837681935,0.017169091367245367
2024-10-10,0.004098360655737705,4,-0.022850876483002373,-0.1998236522316755,-0.12949388579097476,2.710255909575127e-05,0.007413144503888061,-5.521278450743005e-05,-0.02890323149574394,-0.12859815163675994,-0.06432074020880078,1.367685481219525e-05,0.0004093834899880208,-6.125826888568855e-05,0.00030054380702883895,0.017336199324789702
2024-10-11,0.004098360655737705,3,-0.028808791992881222,-0.11864943327363654,-0.05427758234281464,2.738112152860819e-05,0.007419890897037527,-5.6334482359644895e-05,-0.03100361043864204,-0.059655243287299736,0.0025217891977613316,1.4618396647692713e-05,0.00045345035234505785,-6.734735423205012e-05,0.0003333740405286503,0.018258533361928342
2024-10-14,0.004098360655737705,3,-0.03090230807882785,-0.05504014418365677,0.007238190661218488,2.831652055791709e-05,0.007457403224634705,-6.193414224672206e-05,-0.026837220211318492,-0.02205066173782888,0.044292760974555735,1.4963132558956127e-05,0.0004566970216171567,-6.836483375853697e-05,0.0003349304866590389,0.01830110615943853
2024-10-15,0.004098360655737705,3,-0.02674953127123069,-0.020344759898976543,0.046086351753495874,2.8659007343534368e-05,0.007460166982134568,-6.286983931225838e-05,-0.022820530082748234,0.1184750225470253,0.1888351353879802,1.5129729113086636e-05,0.00045606409871879437,-6.853538972252004e-05,0.00033412304838684095,0.018279033026581053
2024-10-16,0.004098360655737705,3,-0.022745965426668315,0.1093094582104993,0.1797441357075341,2.882451698861302e-05,0.007459628200614006,-6.302668641419437e-05,-0.021911977900629712,-0.021658379787997853,0.049610285235075546,1.525384535797457e-05,0.0004548201422088843,-6.852499539575246e-05,0.000333023996775354,0.01824894508664416
2024-10-17,0.004098360655737705,3,-0.021840381882033,-0.019982825995273186,0.05135743504639692,2.894782347443507e-05,0.0074585692710324464,-6.301712755742973e-05,-0.016264584917593843,0.03301895638092544,0.10993501438703471,1.5375392495901056e-05,0.0004538630803993327,-6.85225360852422e-05,0.00033219340072474933,0.01822617350747955
2024-10-18,0.004098360655737705,3,-0.016211441402685753,0.030464516107118405,0.10743371762813576,2.906857761466044e-05,0.00745775456324046,-6.301486592015076e-05,-0.02399831761662694,-0.09993201698828348,-0.03074969168120731,1.5506776291481953e-05,0.0004534798479354915,-6.858719606993852e-05,0.0003318122320870964,0.018215713878053104
2024-10-21,0.004098360655737705,4,-0.023919904613375398,-0.09220099224320384,-0.02294025393287613,2.9199104236229368e-05,0.007457428333031171,-6.307432869690743e-05,-0.02968116982130519,-0.04651436963167464,0.01698510347072328,8.07691783934854e-06,0.0003986083603317843,-4.82959660885275e-05,0.0003100933459940779,0.017609467510236586
2024-10-22,0.004098360655737705,4,-0.02958418845357402,-0.042915885847779646,0.020680568622349446,2.181771965828742e-05,0.007410718467417012,-4.441405705951625e-05,-0.028560223720823154,-0.049881887793096734,0.01473853140978322,7.438554806814801e-06,0.00037490296603559167,-4.432054666673975e-05,0.00029370042750892695,0.017137690261786357
2024-10-23,0.004098360655737705,4,-0.02846690497443178,-0.04602288323698004,0.018690854712291288,2.118352143313553e-05,0.007390539029419946,-4.075817191351578e-05,-0.029100777002475143,-0.054629096924539884,0.009450768996688078,7.422587903507446e-06,0.00037380973178367805,-4.40896364320356e-05,0.0002930530468231143,0.01711879221274428
2024-10-24,0.004098360655737705,4,-0.029005692032013024,-0.05040283478300331,0.013772116108686769,2.116765870108085e-05,0.007389608403566307,-4.0545821666271994e-05,-0.028245777982590686,-0.08258436341974232,-0.0176494984786299,7.493770709443848e-06,0.00037628972250777597,-4.4410511984496956e-05,0.0002949624692482259,0.017174471440141205
2024-10-25,0.004098360655737705,4,-0.028153486668000504,-0.07619540244010418,-0.011168246184401584,2.1238377096234493e-05,0.007391719518801301,-4.0840906043917513e-05,-0.02890739838928011,-0.19280142800307143,-0.12852818346864842,7.585462562743667e-06,0.00037987246291486514,-4.487717365823215e-05,0.0002977035781611445,0.017254088737488994
2024-10-28,0.004098360655737705,4,-0.028812945271353134,-0.17788576177616844,-0.11351806412381847,2.1329470733647715e-05,0.0073947693599893905,-4.1270058618829716e-05,-0.03065155432011733,-0.04663500149975508,0.015894087103830695,7.68977243467733e-06,0.00038428625214680014,-4.544303538365936e-05,0.0003010899538141588,0.017351943805065724
2024-10-29,0.004098360655737705,4,-0.030551402281671813,-0.04302718529182541,0.019602055350205885,2.143310006723174e-05,0.0073985266392409006,-4.1790437793248815e-05,-0.027901316473460523,-0.055339570037878136,0.009939756412364456,7.806622580572709e-06,0.0003895508138967961,-4.6109243080816965e-05,0.0003051389503157349,0.017468226879558638
2024-10-30,0.004098360655737705,4,-0.027810150665327375,-0.05105834367781112,0.014312148580564607,2.1549187859536148e-05,0.0074030081465336454,-4.2403097381024936e-05,-0.025658727177176342,-0.017954243547037438,0.04956767219948933,7.937039021283062e-06,0.00039572585790143087,-4.6883621745988676e-05,0.0003098956534307366,0.017603853368814926
2024-10-31,0.004098360655737705,4,-0.02557488888943819,-0.01656525225751301,0.05104050177675191,2.1678753437450096e-05,0.007408264710337804,-4.311523342480062e-05,-0.02376763872405858,0.013377637471287552,0.08279064167093209,8.082219777653873e-06,0.0004028746138390058,-4.777487624063875e-05,0.00031540708113538213,0.01775970385832439
2024-11-01,0.004098360655737705,4,-0.023689979449674287,0.01234270543010445,0.08183336890413327,2.1822987005692805e-05,0.00741435015550678,-4.3934851111035114e-05,-0.02334021568398404,-0.02458170663747669,0.045258720602242376,8.243347506435968e-06,0.000411053935079053,-4.879125583623913e-05,0.0003217147709130107,0.01793640908635312
2024-11-04,0.004098360655737705,4,-0.0232639529876752,-0.022679995974387582,0.047236693961640326,2.1983063505127253e-05,0.007421312879001666,-4.486953665538012e-05,-0.020491687689404466,-0.12229311634012575,-0.04960416110582712,8.421460712178329e-06,0.00042030498809439,-4.993946726778265e-05,0.000328847514271003,0.01813415325486699
2024-11-05,0.004098360655737705,4,-0.020424732380324565,-0.112832173420408,-0.040076262877029464,2.216001466489221e-05,0.007429187924166409,-4.5925457722234537e-05,-0.019540415500958017,-0.16100763804503848,-0.0873674106222934,8.617268448952897e-06,0.00043063957830037896,-5.1223087986973184e-05,0.0003368106707753855,0.018352402316192437
2024-11-06,0.004098360655737705,4,-0.019476568414312594,-0.14855162973672065,-0.07484755522733012,2.2354544913049832e-05,0.007437985340470948,-4.7105904216676825e-05,-0.017968112521472793,-0.0924393160031143,-0.017226785600883976,8.830861276613126e-06,0.0004420194608341565,-5.264012850082939e-05,0.0003455700651091108,0.01858951492398634
2024-11-07,0.004098360655737705,4,-0.01790940283656579,-0.08528794789331118,-0.010016707806173863,2.2566744218623075e-05,0.007447672571619056,-4.8409046556198346e-05,-0.018880044240992877,-0.11694093972605911,-0.04264034104334889,9.061270437465745e-06,0.0004543257796141035,-5.417937424689935e-05,0.0003550283015577706,0.01884219471181026
2024-11-08,0.004098360655737705,3,-0.01881835487617538,-0.10789405639495385,-0.03353176834742612,2.2795650144286532e-05,0.007458148440262673,-4.9824571576844085e-05,-0.01813061385021556,-0.03132260324058797,0.043727425832899576,9.915405430456267e-06,0.0005163581692788858,-6.128278683937627e-05,0.0004037080010305895,0.020092486183411685
2024-11-11,0.004098360655737705,3,-0.018071373202370962,-0.028899397665124713,0.046209872056207434,2.3644212590712476e-05,0.007510954090546725,-5.63570296215026e-05,-0.016253989645476336,0.12235324659375481,0.19927989987198158,1.0130869538039441e-05,0.0005210094195330075,-6.226990837141157e-05,0.0004066004723282238,0.0201643366448843
2024-11-12,0.004098360655737705,3,-0.016200880749957833,0.11288765182678384,0.18986741400052912,2.385827096760629e-05,0.0075149135107081926,-5.726480879229565e-05,-0.015993732479085084,0.12761536793577444,0.20480227838039244,1.0213576528432481e-05,0.0005203259451830615,-6.240923313040077e-05,0.0004057210554506924,0.020142518597501463
2024-11-13,0.004098360655737705,3,-0.015941473957595317,0.11774268051188716,0.19498184947799496,2.3940438361145246e-05,0.007514331696792971,-5.7392934975426707e-05,-0.01564440274586575,0.10921091095771997,0.18674715113555734,1.0276188590208326e-05,0.0005190743861213185,-6.243362866106932e-05,0.0004044833173893882,0.020111770617958734
2024-11-14,0.004098360655737705,3,-0.01559328563745103,0.100762044613455,0.17834940189970708,2.4002641929377782e-05,0.007513266295468254,-5.7415369654321494e-05,-0.011147581038064697,-0.030938341242624068,0.051094720643014346,1.0341607268595894e-05,0.0005181821737923406,-6.248872618714121e-05,0.0004035463286866541,0.020088462576480413
2024-11-15,0.004098360655737705,3,-0.011111157013591458,-0.028544863267027036,0.053524622643084614,2.406763380329709e-05,0.007512506791401464,-5.746603857897475e-05,-0.009961653280819636,-0.07214078190052568,0.011078207742357793,1.0415057980724203e-05,0.0005178684594161478,-6.260824901969101e-05,0.00040306701935749,0.020076529066486815
2024-11-18,0.004098360655737705,4,-0.009929104201189217,-0.06655976605784787,0.016691772664666024,2.41406053083716e-05,0.007512239739112686,-5.757595446501481e-05,-0.007299556129662401,-0.08796873469097087,-0.002087647896930167,9.288369523869392e-06,0.0003689110793772448,-4.93635284679882e-05,0.00027947239196513777,0.016717427791533533
2024-11-19,0.004098360655737705,4,-0.007275705286129375,-0.08116322345257589,0.0047417141849978445,2.3021267591085034e-05,0.007385438380015141,-4.539581144349624e-05,-0.008703959608417694,-0.031651129009293955,0.05282555430599146,9.124034042773408e-06,0.00036079676665153396,-4.809302969511677e-05,0.0002737347413040738,0.016544930985171073
2024-11-20,0.004098360655737705,4,-0.008675519964273503,-0.029202507747008725,0.05530261521242088,2.285800426735075e-05,0.007378530995624425,-4.4227432186128785e-05,-0.007201602469666122,0.06130924032853921,0.1472882807825762,9.137039500456228e-06,0.00035853161626188314,-4.783434994047269e-05,0.000271999955881394,0.016492421164928876
2024-11-21,0.004098360655737705,4,-0.007178071683596393,0.056566183314714066,0.14256875455482076,2.287092487484112e-05,0.007376602765227965,-4.398954446354251e-05,-0.005779300274277047,0.11834139926142997,0.20574274191085604,9.185409241406528e-06,0.000357527920669622,-4.777990621466038e-05,0.00027115351748170776,0.01646673973443765
2024-11-22,0.004098360655737705,4,-0.005760416771756664,0.10918617240190674,0.1966063985538532,2.291897904198169e-05,0.0073757483599934896,-4.3939476788318286e-05,0.0024390509279806514,0.14627091145089077,0.24189060530257456,9.24602294027107e-06,0.0003571206980038351,-4.780549938309634e-05,0.0002707557221779135,0.01645465654998346
2024-11-25,0.004098360655737705,4,0.0024310814814802054,0.13495497817952717,0.23056670258471051,2.297919728501999e-05,0.007375401707901035,-4.396301284185048e-05,0.004539447276465782,0.07122165988315415,0.16894175008332304,9.315606544537745e-06,0.00035722910133486555,-4.789458391074602e-05,0.0002707555400579113,0.016454651015986674
2024-11-26,0.004098360655737705,4,0.004524614916142194,0.0657117499310027,0.163417007770848,2.3048326912013648e-05,0.007375493987247662,-4.404493697785183e-05,0.005492668737797072,0.10882954655124844,0.2075028582127486,9.394293762326668e-06,0.00035787200902236225,-4.804902814284795e-05,0.000271168246498993,0.016467186963746813
2024-11-27,0.004098360655737705,4,0.005474721785911656,0.10041018364093968,0.19906554835055446,2.312650075874441e-05,0.007376041268413104,-4.4186967368640874e-05,0.0012559959574009565,-0.024280243972514798,0.07015639490858927,9.482875379643284e-06,0.0003590884407726827,-4.8274318822189114e-05,0.00027202267850794776,0.016493110031402438
2024-11-28,0.004098360655737705,4,0.0012518920690924122,-0.022401855317654654,0.07203067967514087,2.3214504451972546e-05,0.0073770767672863375,-4.4394149746334584e-05,0.004319381059156553,0.04615064216731665,0.1436506661501763,9.582341679880072e-06,0.0003609244756322145,-4.8577116343321214e-05,0.00027335258462545214,0.016533377895198917
2024-11-29,0.004098360655737705,4,0.004305267751446948,0.042580297373428694,0.14006620804857875,2.3313321814284736e-05,0.007378639709085383,-4.467260915961953e-05,0.001810714516011825,-0.009663140524959646,0.08532821691475528,9.693810826821299e-06,0.0003634311250296802,-4.8964868584525675e-05,0.0002751951986874501,0.016589008369623848
2024-12-02,0.004098360655737705,4,0.001804798119475208,-0.00891557252057919,0.08606986852259912,2.3424063714342343e-05,0.007380773517764729,-4.502919484493831e-05,0.0005033044816486738,0.046105982886407534,0.13978993029175932,9.818520163647576e-06,0.0003666638276741685,-4.944574798031675e-05,0.0002775908518771826,0.01666105794591636
2024-12-03,0.004098360655737705,4,0.0005016599657044108,0.042539093061369514,0.13622139595077704,2.354795942265298e-05,0.00738352538604257,-4.547142235694752e-05,-0.0003784676076196273,0.027073147883121366,0.11987532319920485,9.957823132189291e-06,0.0003706818534403534,-5.002860012563472e-05,0.00028058247632127325,0.01675059629748366
2024-12-04,0.004098360655737705,4,-0.0003772309883606873,0.024978692246984735,0.11778210418232715,2.3686353550923364e-05,0.007386945767952537,-4.600742630377742e-05,0.0001949118869015378,0.026806720654813515,0.12018227546541815,1.0113178058629106e-05,0.00037554709681590203,-5.072282094365037e-05,0.0002842146329872304,0.016858666405953657
2024-12-05,0.004098360655737705,4,0.00019427502449036673,0.024732876585989216,0.11810779453418269,2.3840694910926107e-05,0.007391087351754554,-4.6645847387781273e-05,0.0028359360043714254,0.021523271202034594,0.11753985013010912,1.0286120172946035e-05,0.00038132181980013273,-5.153810156778816e-05,0.00028853173683750244,0.01698622197068855
2024-12-06,0.004098360655737705,4,0.002826669760683665,0.019858169793368952,0.11586548247775573,2.4012508716494514e-05,0.007396003138556262,-4.7395597793303766e-05,0.0029457169421370807,-0.027462837521230587,0.0686635223446096,1.0478205597740191e-05,0.0003880647378480444,-5.248395888133152e-05,0.00029357502568312156,0.017134031215190474
2024-12-09,0.004098360655737705,4,0.0029360919960949514,-0.025338234387565946,0.07077850053223211,2.420334093777538e-05,0.007401743110436375,-4.826542946033929e-05,0.0029353013523697267,0.06592229425144541,0.16203823852751825,1.0690910355833903e-05,0.0003958245549587373,-5.356892938346309e-05,0.000299377606547645,0.01730253179588597
2024-12-10,0.004098360655737705,4,0.0029257104386163327,0.06082235828027314,0.1569287116425926,2.4414657967724582e-05,0.007408348727128393,-4.926319274560486e-05,0.002646820541722525,-0.05802650214611791,0.03780096131930772,1.0925458911720876e-05,0.00040462964524938007,-5.479924523814083e-05,0.0003059566136848193,0.017491615525297235
2024-12-11,0.004098360655737705,4,0.002638172220991886,-0.053537407084475644,0.04228140806021935,2.4647676282185945e-05,0.007415844142364204,-5.039461888729798e-05,0.00221172416367928,-0.014262756113984018,0.08112961097339837,1.1182544952312928e-05,0.0004144720413926323,-5.617673197950191e-05,0.00031330112238594143,0.01770031418890471
2024-12-12,0.004098360655737705,4,0.0022044974931764304,-0.013159348779944373,0.08222579163693516,2.490308504231992e-05,0.0074242225738820975,-5.166138668768518e-05,0.004006514469700978,-0.030759694565687577,0.06642746282771651,1.1461892243457744e-05,0.0004252832661770572,-5.7695571051272806e-05,0.00032135401631796937,0.017926349776738414
2024-12-13,0.004098360655737705,3,0.003993423434022612,-0.028380037204560723,0.068794029153165,2.5180609816180736e-05,0.0074334257298171455,-5.305814527150155e-05,0.008653611535881664,-0.06264786405238537,0.0391863904071994,1.2379976377548517e-05,0.00047737361569529305,-6.434038034677225e-05,0.00036107283137929705,0.01900191651858562
2024-12-16,0.004098360655737705,3,0.008625336400918431,-0.05780124730419983,0.04400473202042171,2.609270418679219e-05,0.007477768125696111,-5.9168861405825264e-05,0.012986346596975897,-0.012354894790526316,0.09381209473015269,1.2691506961522511e-05,0.0004828509608156917,-6.556653178992316e-05,0.0003644094041973679,0.01908951031842797
2024-12-17,0.004098360655737705,3,0.012943914520936167,-0.011399085028779855,0.09472547241585942,2.6402202283279156e-05,0.007482430766817561,-6.029645786098033e-05,0.013820030455944824,-0.04921533455965077,0.05778533881999716,1.2849509394302798e-05,0.0004840655211414621,-6.597251205901479e-05,0.0003649700064177353,0.019104188190492033
2024-12-18,0.004098360655737705,3,0.013774874369989549,-0.045407896455377905,0.06154762083831475,2.655917387676447e-05,0.00748346467262319,-6.066980645086922e-05,0.014178348034965323,-0.023817242501804767,0.08354174845686366,1.2979930506629796e-05,0.0004848344461026166,-6.625169911360425e-05,0.0003653109783820379,0.019113110117980222
2024-12-19,0.004098360655737705,3,0.014132021168710459,-0.02197467295612449,0.08533799113628908,2.6688744095816504e-05,0.007484119227168208,-6.092655314789326e-05,0.013845394472059833,-0.08060021237533493,0.026425825020428007,1.3114984942600014e-05,0.00048608407350317004,-6.657654082097948e-05,0.0003660459768038111,0.0191323280549914
2024-12-20,0.004098360655737705,3,0.013800155510766798,-0.07436475095754481,0.03261604747692509,2.682291740978684e-05,0.007485182984148321,-6.122528489083485e-05,0.013492809002707619,-0.008865529056418756,0.09780792286999197,1.3263898750959123e-05,0.0004880916704938605,-6.699729977669913e-05,0.00036736096969142135,0.019166662977457012
2024-12-23,0.004098360655737705,4,0.01344872209240401,-0.008179666541290776,0.09844969847481634,2.697085967484424e-05,0.007486891969811692,-6.161222429346282e-05,0.012600197587470698,-0.048034028664193276,0.05774681184698053,1.2237101932185614e-05,0.0003602350634856182,-5.50444617093756e-05,0.00026238324199905267,0.016198248115121976
2024-12-24,0.004098360655737705,4,0.012559027229190587,-0.04431797974013041,0.06142169041276328,2.5950761882725695e-05,0.007378052840565382,-5.0620125471541285e-05,0.011474486323658089,-0.03340965253256423,0.07124547671479697,1.2072547769064158e-05,0.00035412170349963766,-5.385263592705422e-05,0.0002584889794145934,0.01607759246325747
2024-12-25,0.004098360655737705,4,0.011436994156591202,-0.03082498689448299,0.07379265018581133,2.5787281303690962e-05,0.007372848785857434,-4.952409566640197e-05,0.011470384071663493,-0.09014353654715523,0.014507490448211369,1.2124370367931749e-05,0.0003532861711366053,-5.371782353200446e-05,0.0002579748944405281,0.016061596883265628
2024-12-26,0.004098360655737705,4,0.011432905308448666,-0.08316977645846657,0.0214437717736852,2.583876580161707e-05,0.007372137531140314,-4.9400119154676436e-05,0.010471575186091965,-0.03497838528530883,0.06867383282448625,1.2234761381400972e-05,0.0003539896918297583,-5.387080437346123e-05,0.0002584828444642368,0.016077401670177828
2024-12-27,0.004098360655737705,4,0.01043735996849909,-0.032272358024642636,0.07134564486755957,2.594843660215986e-05,0.007372736409692164,-4.954080377850235e-05,0.009790266351282731,-0.03304790357809058,0.06992300569689526,1.2369413174386587e-05,0.00035553091292851637,-5.4156034651361866e-05,0.00025958825680017926,0.016111742823176494
2024-12-30,0.004098360655737705,4,0.009758277267735278,-0.0304912238668707,0.07244769632456768,2.6082209900068496e-05,0.007374048388527596,-4.980310795965403e-05,0.010006905472715629,-0.07870389629028608,0.024483652106132653,1.25215308118549e-05,0.00035778629616272945,-5.454406612324525e-05,0.0002612196947280939,0.016162292372311975
2024-12-31,0.004098360655737705,4,0.009974208534375823,-0.07261513927234535,0.030539712185733578,2.623333509181682e-05,0.00737596830454189,-5.015995043178776e-05,0.009314252723926861,0.011849501280467703,0.11434439692809767,1.2690569827669029e-05,0.0003607602288543165,-5.503375783682438e-05,0.00026338328300833677,0.01622908755932806
2025-01-02,0.004098360655737705,4,0.009283818985162569,0.010932790196502597,0.11339725210536827,2.6401271263473313e-05,0.007378499892483752,-5.0610281949509325e-05,0.01282749081645164,-0.025120070600180726,0.08088806313997401,1.2877419999496877e-05,0.00036448395529216273,-5.563024934775388e-05,0.00026610087659615186,0.016312598707629383
2025-01-03,0.004098360655737705,4,0.012785577791748496,-0.02317671057142323,0.08278951014402837,2.6586902387619407e-05,0.007381669749345514,-5.115882896383715e-05,0.012827769655373593,-0.10680685251223954,-0.0007984399331628367,1.3083248921010279e-05,0.0003689898161390098,-5.633955482631934e-05,0.0002693939554073814,0.016413225015437443
2025-01-06,0.004098360655737705,4,0.012785855719581697,-0.09854397095934335,0.007422527683941457,2.679138844031361e-05,0.007385505405417978,-5.1811122241082866e-05,0.012988596267762127,-0.06045013756945958,0.04571910162200565,1.3309137976465123e-05,0.000374300650752629,-5.7166652036296634e-05,0.0002732764846565009,0.01653107633085338
2025-01-07,0.004098360655737705,4,0.012946156841063676,-0.05577354318582221,0.05035325657894458,2.7015803750645868e-05,0.007390026302917473,-5.2571739444812945e-05,0.01227925928317176,-0.007894110944096651,0.09756579126277821,1.3555843065431351e-05,0.000380420185706499,-5.811399900937837e-05,0.00027774803075317363,0.016665774232035354
2025-01-08,0.004098360655737705,4,0.01223913757074677,-0.007283400093975706,0.09813638040047418,2.726089928654699e-05,0.007395235614124431,-5.344294103627686e-05,0.011537782742005006,0.016464322878584133,0.12118274854429224,1.3823501027336472e-05,0.00038732018832047035,-5.917961942346822e-05,0.0002827844505008704,0.016816196077022602
2025-01-09,0.004098360655737705,4,0.011500083757846316,0.015190596084895595,0.11987132276644502,2.7526810994676844e-05,0.007401109305706545,-5.4422909545208174e-05,0.01055142938033561,0.0813159423334108,0.18504801463744952,1.4111205704220045e-05,0.00039492214262801077,-6.0354351189784846e-05,0.0002883246459526611,0.016980125027592143
2025-01-10,0.004098360655737705,3,0.01051695324415282,0.07502511001264643,0.17872270618050234,2.7812638629029742e-05,0.007407580540214977,-5.550321930861939e-05,0.011538946446588153,0.013426508742556117,0.11814609811284738,1.5003580033336132e-05,0.0004355003622861283,-6.598161003810277e-05,0.0003185407222432589,0.01784770915953246
2025-01-13,0.004098360655737705,3,0.011501243660097454,0.012387795880982438,0.117069682464783,2.8699190930547327e-05,0.0074421231281758034,-6.067817315714029e-05,0.010476666433106088,-0.021638487032346172,0.08201882232446303,1.5341352526614584e-05,0.0004384169383553583,-6.689769520260342e-05,0.0003199629004767661,0.017887506826742682
2025-01-14,0.004098360655737705,3,0.010442434580181728,-0.019964472199714835,0.08365860530417,2.903475972890346e-05,0.007444605890757914,-6.152062568605187e-05,0.010210687042966403,-0.0815402603166048,0.02185106965006471,1.551137810029879e-05,0.00043806304283239457,-6.7054634826529e-05,0.00031946515127963536,0.017873588091920307
2025-01-15,0.004098360655737705,3,0.010177324261079314,-0.07523207411936415,0.028125893065418267,2.9203676021930273e-05,0.007444304633893175,-6.16649508953075e-05,0.010467726632838199,-0.035559650455643965,0.06808871910089734,1.5641408260318637e-05,0.0004372741434671458,-6.705422213774173e-05,0.00031880710745198096,0.017855170328282533
2025-01-16,0.004098360655737705,3,0.0104335239901526,-0.032808654870003,0.07080551204385271,2.9332857839325765e-05,0.007443633075950368,-6.166457137741334e-05,0.009466600592777373,0.0055784920407197305,0.1082257355572002,1.576985985396549e-05,0.00043684586269332557,-6.70706279539947e-05,0.00031847446663930165,0.017845852925520305
2025-01-17,0.004098360655737705,3,0.009435669066871231,0.005146924047730151,0.10776323603830448,2.9460471389229218e-05,0.007443268497947039,-6.167965853516545e-05,0.008507834197230975,-0.05216277493146951,0.049525702189464574,1.5909020206514995e-05,0.000437045500470472,-6.716043126181183e-05,0.0003186336581533633,0.017850312550579145
2025-01-20,0.004098360655737705,4,0.00848003538061273,-0.048127314466236505,0.05353336383807933,2.959872383196249e-05,0.007443438441466875,-6.17622436775811e-05,0.0037494055133206385,-0.03761502738740372,0.059315021049620026,7.874189032756482e-06,0.0003838201790276148,-4.628377717285383e-05,0.0002991268137146636,0.01729528299030298
2025-01-21,0.004098360655737705,4,0.0037371545650915147,-0.03470502200291357,0.062212775485881056,2.1616313494748266e-05,0.007398129890151086,-4.2563602859025876e-05,0.002599174824368146,-0.02880334604348917,0.06697647170458208,7.226475427877283e-06,0.0003612613083480891,-4.236009419041086e-05,0.0002837675953951447,0.01684540279705845
2025-01-22,0.004098360655737705,4,0.002590682183041768,-0.02657503736210416,0.06919628774464072,2.0972825702244535e-05,0.007378926441076441,-3.895529570670097e-05,0.0015311264171646811,-0.06838642825303763,0.026325341087830162,7.216076432222837e-06,0.0003611095704150729,-4.220709114124548e-05,0.0002839114645648048,0.016849672535832996
2025-01-23,0.004098360655737705,4,0.0015261235572706828,-0.06309585987479871,0.03161090660617508,2.096249455170589e-05,0.0073787972727456875,-3.881459066016655e-05,0.002514811595111561,-0.045423755950912276,0.050271698567902395,7.292086273499094e-06,0.0003644632982758708,-4.259716219332967e-05,0.00028656106016271054,0.01692811448929592
2025-01-24,0.004098360655737705,4,0.002506594605365252,-0.041909645139838234,0.053777592389230126,2.1038008489660832e-05,0.007381652164867725,-3.9173308776142864e-05,0.0026889739968720926,-0.1603144865478785,-0.0644448696273033,7.388765646009649e-06,0.0003689693015147743,-4.313658225976253e-05,0.0002900849026412589,0.017031879010880123
2025-01-27,0.004098360655737705,4,0.0026801879423607564,-0.14791210240865213,-0.052051271542588276,2.113405710671754e-05,0.0073854879421527565,-3.966937160602148e-05,0.0008576466920723271,-0.03054192450012949,0.06349636511564594,7.498803374051305e-06,0.00037439439335367614,-4.378356418717423e-05,0.000294326068353379,0.017155933910847843
2025-02-05,0.004098360655737705,4,0.0008548443850969603,-0.028179114449967697,0.06585637285883238,2.1243376926737157e-05,0.007390106102180961,-4.026435074336532e-05,0.0016650799923457386,-0.03770447367434514,0.05714124924170371,7.622388154769193e-06,0.000380777816238553,-4.454152929728709e-05,0.000299317145798748,0.017300784542868222
2025-02-06,0.004098360655737705,4,0.00165963944751507,-0.034787548470976704,0.060052733900241476,2.1366155415767107e-05,0.007395540050450495,-4.09613925126089e-05,0.0016037564322905007,-0.02201781027914196,0.07276658907685166,7.760751676476898e-06,0.0003881960212511644,-4.542016452118405e-05,0.0003051164438852732,0.017467582657175927
2025-02-07,0.004098360655737705,4,0.0015985162583604436,-0.02031444992246595,0.07446470925959761,2.1503616226341463e-05,0.007401854866657774,-4.176940523352909e-05,0.0012545827452051534,-0.0701020608075634,0.02433316486134486,7.915295928358075e-06,0.0003967287108898789,-4.643002112785966e-05,0.0003117839645625177,0.017657405374587674
2025-02-10,0.004098360655737705,4,0.001250483474479153,-0.0646787662207255,0.02975236017745675,2.1657152200787617e-05,0.007409118398297924,-4.269809209049362e-05,-0.0002116704804542061,0.03929078991595776,0.13225976235920667,8.0874034698714e-06,0.0004064479803382679,-4.758111260471323e-05,0.00031937315859871285,0.01787101448152043
2025-02-11,0.004098360655737705,4,-0.00021097886038578048,0.036251142781350144,0.12922080684466747,2.1828136878471372e-05,0.0074173920170684015,-4.37566617118153e-05,0.0009591662298681942,0.005687488552912574,0.09982729770648388,8.27828062961982e-06,0.0004174062971214485,-4.888155144067231e-05,0.0003279214748697237,0.018108602234013636
2025-02-12,0.004098360655737705,4,0.0009560322141466373,0.005247488280076296,0.09938416341792604,2.2017768717667957e-05,0.0074267203864393306,-4.495257452484043e-05,0.0018996976663083053,0.023926869583822945,0.11900721017383437,8.488717378815394e-06,0.0004296180226925758,-5.0335450180856946e-05,0.0003374358397096773,0.018369426765952098
2025-02-13,0.004098360655737705,4,0.0018934905228883026,0.022075818975622805,0.11714995242221421,2.2226832535660135e-05,0.00743711573173166,-4.628961251859243e-05,0.005076044340257401,-0.057608919010495724,0.040647768253464785,8.71870371079144e-06,0.0004430308358821973,-5.193962236583162e-05,0.0003478702948613255,0.018651281319558864
2025-02-14,0.004098360655737705,3,0.0050594586825577215,-0.053152129366595614,0.045087972239665215,2.24553183910667e-05,0.00744853351406189,-4.776484535328002e-05,0.006013176129992532,-0.027895883021166655,0.07129793603252899,9.529208063772737e-06,0.0005046872282840134,-5.8830878225838167e-05,0.0003965546798961098,0.019913680721958708
2025-02-17,0.004098360655737705,3,0.005993528452727584,-0.025737778257327336,0.07343639311910335,2.3260534852456094e-05,0.00750101909316888,-5.4102199293297e-05,0.008178374755564526,0.04127431855365695,0.14263333623292457,9.756314356368337e-06,0.0005115604380400256,-6.000715684373034e-05,0.0004013024387089332,0.020032534505372335
2025-02-18,0.004098360655737705,3,0.008151652427085296,0.03808122000835256,0.13941351535914098,2.3486159458431917e-05,0.007506869977080757,-5.5183931576220776e-05,0.009713209497389914,-0.05230029559626139,0.05059355682483163,9.87127961899119e-06,0.0005140279217090158,-6.047347869352973e-05,0.0004029522439409475,0.02007367041527153
2025-02-19,0.004098360655737705,3,0.009681472192297575,-0.04825419614169837,0.05460791897430232,2.3600374664817137e-05,0.007508970445568436,-5.561277164139568e-05,0.01023317468015856,-0.0004930642295694551,0.10292075337429221,9.974684469032952e-06,0.0005163705623738007,-6.08859506014408e-05,0.000404573345639952,0.020114008691455614
2025-02-20,0.004098360655737705,3,0.01019973842132211,-0.0004549193799547214,0.10292546196507049,2.3703104881052075e-05,0.007510964640284362,-5.5992090088402824e-05,0.008615103935451347,0.11964133560048977,0.22143708245964422,1.008671193750343e-05,0.0005194221928665234,-6.137406417859598e-05,0.0004067607764468349,0.020168311194714218
2025-02-21,0.004098360655737705,3,0.00858695462166633,0.11038554197260562,0.21215313951797504,2.3814401460038237e-05,0.007513562369204136,-5.644097031636134e-05,0.008566739937331914,0.03270564112218925,0.13445302398322428,1.0212527913006509e-05,0.0005234163970832938,-6.197234028069296e-05,0.0004096842444349144,0.020240658201622654
2025-02-24,0.004098360655737705,4,0.008538748649888676,0.03017543980693926,0.13189483138053104,2.393939658709486e-05,0.007516962472797979,-5.6991158480879526e-05,0.009817393971567365,0.19492394001443797,0.29792197690970845,8.902587574151972e-06,0.0003594636053908728,-4.7032634162311076e-05,0.00027430092464040266,0.016562032624059243
2025-02-25,0.004098360655737705,4,0.00978531625021573,0.17984407022819396,0.2828100294021128,2.263800255953186e-05,0.007377396129666767,-4.325226859558461e-05,0.015058479977915038,0.14397583136859696,0.2522149542702151,8.746582785453558e-06,0.00035322202826180895,-4.592424843118112e-05,0.00027012011418490025,0.016435331277005045
2025-02-26,0.004098360655737705,4,0.01500927733553258,0.1328374520128141,0.2410273722720498,2.2483015577101134e-05,0.007372082928919877,-4.2232972138896616e-05,0.02121405650616945,0.23062562198611647,0.34502032141598904,8.790051142413103e-06,0.00035355555269578516,-4.595343475569669e-05,0.0002704387343268049,0.016445021566626323
2025-02-27,0.004098360655737705,4,0.021144740902118764,0.21278376865263382,0.3271091524784557,2.252620033785489e-05,0.007372366844705113,-4.225981253960454e-05,0.02243587602163426,0.17277388167218266,0.28839040061752,8.873657140831657e-06,0.0003553773505860034,-4.621928126299194e-05,0.0002718124452008512,0.016486735431881328
2025-02-28,0.004098360655737705,4,0.02236256819866351,0.15940760332849915,0.2749508144508658,2.260926087411221e-05,0.007373917667151241,-4.250429096917858e-05,0.025095796139173333,0.026784439160634194,0.14506087822351063,8.973067741626148e-06,0.0003580016650998625,-4.659223147584666e-05,0.0002737902698897953,0.016546609014834287
2025-03-03,0.004098360655737705,4,0.0250137971934265,0.024712318851502223,0.14290675896863184,2.270802290037634e-05,0.007376151639358391,-4.284726437618582e-05,0.02512123278718147,0.08472370041357448,0.20302557612445904,9.085333377739899e-06,0.00036136702416632825,-4.7058257303003816e-05,0.00027633584293806056,0.016623352337541926
2025-03-04,0.004098360655737705,4,0.02503915072877671,0.07816923424615134,0.19638902789863116,2.2819556093152706e-05,0.007379016432652739,-4.327583221227851e-05,0.02486990772723182,0.1772786115998667,0.29532916225080164,9.211018060785845e-06,0.00036551389482117076,-4.762225563453655e-05,0.0002794804016128835,0.016717667349629955
2025-03-05,0.004098360655737705,4,0.024788646857756124,0.16356383455085924,0.2815331243323185,2.2944420784330295e-05,0.007382546494975924,-4.379449776774644e-05,0.027429964251524788,0.22140385592917786,0.34201446310440575,9.351332343789767e-06,0.00037050121141551495,-4.829259929663349e-05,0.0002832673451660377,0.016830547975809868
2025-03-06,0.004098360655737705,4,0.027340338557323863,0.204275424617267,0.32479640609829397,2.308381962904621e-05,0.007386791994744029,-4.441096088193873e-05,0.02963102188787566,0.1304097576370522,0.253221422448631,9.507644480978556e-06,0.00037639093314829203,-4.907841983417117e-05,0.00028774173796092825,0.01696295192355765
2025-03-07,0.004098360655737705,4,0.02953420437538342,0.12032088828690093,0.24303573558598746,2.3239111954764628e-05,0.007391805675303041,-4.513361912898079e-05,0.03472098476102508,0.12942234724733828,0.2573239749320665,9.681352507586522e-06,0.0003832420206389955,-4.998875388509329e-05,0.00029294586537639546,0.01711566140633763
2025-03-10,0.004098360655737705,4,0.03460753611289665,0.11940986677020778,0.24719804580680754,2.341168667565996e-05,0.007397637727430237,-4.597078280444726e-05,0.035440680542923875,0.29389400650829484,0.4225153299749218,9.87377838809522e-06,0.0003911036798628755,-5.1031705789423846e-05,0.00029891404667212304,0.017289130882497335
2025-03-11,0.004098360655737705,4,0.03532488033379906,0.27115753120015995,0.3996630544576621,2.3602857131454573e-05,0.0074043300381709965,-4.692990484176938e-05,0.038044158421401596,0.22023525790642073,0.3514600592515254,1.0086008343309909e-05,0.0004000050830884807,-5.221317331255296e-05,0.0003056647448066847,0.017483270426515877
2025-03-12,0.004098360655737705,4,0.03791985151098998,0.2031972326575842,0.3342977270922773,2.3813702456233166e-05,0.007411907440691014,-4.801640895869783e-05,0.04058613527815466,0.21142128217007614,0.3451880603719339,1.0318636889392377e-05,0.00040993949926896797,-5.353484350526895e-05,0.00031318844914782245,0.017697131099356823
2025-03-13,0.004098360655737705,4,0.040453522617201775,0.1950651311250616,0.3286992966659665,2.4044813287415843e-05,0.007420364205123884,-4.923184660509567e-05,0.03904668541845874,0.15403557166112833,0.2862629000032902,1.057136609686691e-05,0.0004208403552555338,-5.499111391435129e-05,0.0003214294935236981,0.0179284548560019
2025-03-14,0.004098360655737705,3,0.03891910281372822,0.14211894221618984,0.27421868795362114,2.4295893639278045e-05,0.007429643660455752,-5.057106563892782e-05,0.034455767293099,0.010950130660008411,0.13858654087681052,1.1416196774333048e-05,0.0004728092023521457,-6.137105052812531e-05,0.0003614832980702281,0.019012714116354565
2025-03-17,0.004098360655737705,3,0.03434318522647462,0.01010299744239002,0.13762682559256775,2.513521247338452e-05,0.007473882626265045,-5.643819889558229e-05,0.03615752519526005,0.17632145276542663,0.3056596208843898,1.1685605048759305e-05,0.000478078026636233,-6.247966669190243e-05,0.0003648042983011874,0.019099850740285574
2025-03-18,0.004098360655737705,3,0.036039382741026534,0.1626807242431781,0.2919007499079077,2.540286307464852e-05,0.007478367762079692,-5.745770726331728e-05,0.036832041758026374,0.15344633817494535,0.28345902285667485,1.1821502940277144e-05,0.0004793941769124961,-6.285163625820233e-05,0.0003655124073363686,0.01911837878420575
2025-03-19,0.004098360655737705,3,0.036711695363071915,0.14157529350653394,0.27146763179330896,2.5537874341294735e-05,0.007479488147278218,-5.7799778845688464e-05,0.0390239233494001,0.09899542257387842,0.23119998884698162,1.1936764066751104e-05,0.00048042162613470656,-6.313000780546144e-05,0.0003660983745905348,0.01913369735807836
2025-03-20,0.004098360655737705,3,0.03889641511830792,0.09133685543359943,0.22341391347561046,2.5652383481256455e-05,0.00748036277301174,-5.805577558382284e-05,0.040000709147035816,0.10371708362746362,0.23689843569820257,1.2058057205781265e-05,0.00048198647290066936,-6.346290801777953e-05,0.00036711871407089155,0.01916034222217577
2025-03-21,0.004098360655737705,3,0.03987000932938538,0.09569323537365096,0.22874388762673942,2.5772885279724812e-05,0.007481694863416738,-5.836191810922379e-05,0.03976644881755246,0.13367677817511303,0.2666238699163686,1.219263932872632e-05,0.00048432809425587916,-6.389171099864966e-05,0.00036873731158730614,0.019202533988703318
2025-03-24,0.004098360655737705,4,0.0396365144308906,0.12333516283440106,0.25615232018899475,2.5906589362134087e-05,0.007483688190435882,-5.8756254978368244e-05,0.039233071555773436,0.11457848392416072,0.24699219840363723,1.1046593228655156e-05,0.00034864974855570476,-5.101241471545785e-05,0.0002576715123534442,0.016052149773579993
2025-03-25,0.004098360655737705,4,0.03910487994598578,0.10571436688572194,0.2379998897554108,2.476802029474536e-05,0.007368190733173976,-4.691216433610697e-05,0.03828453761618375,0.061367897371213315,0.19283307791110016,1.0876111149760257e-05,0.00034279809818476507,-4.9842298318912096e-05,0.00025398961269670114,0.015937051568489735
2025-03-26,0.004098360655737705,4,0.038159445281773535,0.05662030248191989,0.18796039068739653,2.4598650474838636e-05,0.0073632094612168224,-4.5836098970581465e-05,0.036180229461601404,0.11479597365913273,0.24415684604443721,1.0921531135807896e-05,0.00034249018838048307,-4.975503940792124e-05,0.0002539016407004485,0.015934291346038847
2025-03-27,0.004098360655737705,4,0.03606201282259632,0.10591503099689946,0.23515768674319887,2.4643774131864177e-05,0.007362947350124023,-4.57558537127354e-05,0.038455454752964566,0.04440086635775696,0.17603696403442465,1.1019705172384975e-05,0.00034368531455103435,-4.9937692411046664e-05,0.000254829634901326,0.01596338419325069
2025-03-28,0.004098360655737705,4,0.03832980395748986,0.040965889191679754,0.17247633607287272,2.4741307661501784e-05,0.007363964712423759,-4.592382552404639e-05,0.038984691793559116,0.06950902917334784,0.20167436389061005,1.1138902883522466e-05,0.00034570351896046417,-5.024283952310113e-05,0.0002563567427977844,0.016011144331302008
2025-03-31,0.004098360655737705,4,0.03885731174912422,0.0641316131985595,0.19616956787138684,2.485972770306578e-05,0.007365682727751267,-4.620444567400862e-05,0.04136727425221374,0.04356999958687033,0.17811791676278715,1.1273655269582232e-05,0.00034844757306035437,-5.064676248152474e-05,0.0002584277033668871,0.016075686715250677
2025-04-01,0.004098360655737705,4,0.04123210926847343,0.04019930063471471,0.17461205282689124,2.4993600937759348e-05,0.0073680186293978486,-4.6575902314718345e-05,0.04260050758425247,0.10502025479729979,0.24080140530525534,1.1423870043688769e-05,0.0003519374317092379,-5.1150855210221043e-05,0.00026105959133248456,0.016157338621582595
2025-04-02,0.004098360655737705,4,0.04246131308765964,0.09689558951942706,0.2325375455307898,2.5142835680804908e-05,0.007370989404122949,-4.7039477329960105e-05,0.0417666065160819,0.0574610837811336,0.1924083332209186,1.159059178756528e-05,0.000356216287557126,-5.1761701299950195e-05,0.0002642834767447909,0.016256797862580163
2025-04-03,0.004098360655737705,4,0.0416301367391221,0.05301573109058275,0.18782651075340795,2.5308469698866758e-05,0.007374631820072753,-4.7601225137925745e-05,0.04135342727731045,0.055097215494184844,0.18963128569519838,1.1775088682402996e-05,0.00036132879072991314,-5.248666581131649e-05,0.0002681305477896832,0.016374692296030578
2025-04-07,0.004098360655737705,4,0.04121830753769539,0.050834738370156916,0.18523368883155542,2.5491762899269823e-05,0.007378983886083383,-4.826791881405857e-05,0.049107729574440616,-0.31595861162196853,-0.17367023912382484,1.1978583167607794e-05,0.0003673120767781748,-5.3332390600973044e-05,0.0002726258787438365,0.0165113863362177
2025-04-08,0.004098360655737705,4,0.048947273136605636,-0.2915151557758122,-0.1493872397155035,2.5693929745982175e-05,0.007384077214138636,-4.904566635917656e-05,0.0490693078778789,0.2736132054285796,0.41586315623016157,1.22020636310403e-05,0.0003741868599500134,-5.4303526307387705e-05,0.0002777818709662783,0.016666789461869322
2025-04-09,0.004098360655737705,4,0.04890897698053661,0.25244571051054027,0.39453533041477995,2.5915952178425467e-05,0.007389929437435409,-4.993874460505267e-05,0.04624739955199978,0.30114147515009904,0.44056951762580193,1.2446035770169135e-05,0.0003819448469756844,-5.540098560189893e-05,0.0002835889115420557,0.0168400983234082
2025-04-10,0.004098360655737705,4,0.04609628906378231,0.27784431507748525,0.41712124706497067,2.6158332594797463e-05,0.007396533496250483,-5.094799286478458e-05,0.045752134684446354,0.2320054856809678,0.3709382632891172,1.271014902448252e-05,0.00039053018229802654,-5.661934092120794e-05,0.0002900016494800932,0.017029434796260654
2025-04-11,0.004098360655737705,3,0.04560264244323646,0.21405688217180338,0.3528401675387429,2.642072272171288e-05,0.007403841843019853,-5.206841982904423e-05,0.04548092315732841,0.17307906224650857,0.31174062832754007,1.3529539764312531e-05,0.00043250706509104665,-6.213271209951504e-05,0.0003217711806563291,0.017937981510089955
2025-04-14,0.004098360655737705,3,0.04533231708283642,0.15968917426656495,0.2982021342731045,2.7234767593395865e-05,0.007439575056019727,-5.7138640013785324e-05,0.04881892839650765,0.3593767993653599,0.5013763706855706,1.3832062472239081e-05,0.0004364835444471424,-6.309268795312772e-05,0.00032413023101312606,0.018003617164701266
2025-04-15,0.004098360655737705,3,0.04865941559847551,0.33157438916256304,0.47341444768474167,2.7535316583010207e-05,0.007442960071160599,-5.802145540793145e-05,0.05298934001019302,0.30698594415980146,0.45315592709369756,1.3994951520838487e-05,0.0004375435463242483,-6.339740033955052e-05,0.00032474369716598575,0.018020646413655247
2025-04-16,0.004098360655737705,3,0.05281620065280584,0.28323663936022636,0.4292334829367353,2.769714291106119e-05,0.007443862407645222,-5.830167577442162e-05,0.054213547530921474,0.31934197902747447,0.46673616948209906,1.4131093740396378e-05,0.0004384207645897866,-6.360214307885874e-05,0.00032534757217246547,0.018037393718951345
2025-04-17,0.004098360655737705,3,0.05403640815195624,0.29463677626654583,0.4418538273422052,2.7832396911702727e-05,0.007444609147875658,-5.8489961804138654e-05,0.050788494860588014,0.18467328285874923,0.32864242064304033,1.4271597344887067e-05,0.0004398266297308733,-6.38549836820019e-05,0.00032638825971175654,0.01806621874415774
2025-04-18,0.004098360655737705,3,0.05062254662720498,0.17038643303259718,0.31418962258350525,2.7971983842734373e-05,0.007445805903689645,-5.8722479711625544e-05,0.048776205843766796,0.21713781283151135,0.35909466159898124,1.4425978676620332e-05,0.00044199752714636515,-6.420263146312383e-05,0.0003280182428967378,0.01811127391700368
2025-04-21,0.004098360655737705,4,0.04861683263900617,0.20033941473363542,0.3421368902963447,2.8125357959956062e-05,0.0074476539003627456,-5.904218443311431e-05,0.04191384172399115,0.21077309798462518,0.3458675826323194,7.759629145346021e-06,0.00040047987986076717,-4.7207279549832946e-05,0.0003138249499064473,0.017715105133937176
2025-04-22,0.004098360655737705,4,0.04177689086518967,0.19446709230971437,0.3294246260986071,2.1502501018826936e-05,0.007412311615871897,-4.3412876423417676e-05,0.041657839687817895,0.2166235761619215,0.3514620587734425,7.228204208375876e-06,0.0003813518388596764,-4.391260248492268e-05,0.0003007548380982069,0.017342284685075576
2025-04-23,0.004098360655737705,4,0.04152172529967304,0.199864960873772,0.33456732909714815,2.0974543203835336e-05,0.007396028692560689,-4.038301726529713e-05,0.03747800830023755,0.1826918747863117,0.3133505260102523,7.250584601651591e-06,0.0003831057027220523,-4.401064540655294e-05,0.000302334996510598,0.017387782967089222
2025-04-24,0.004098360655737705,4,0.03735555124997034,0.16855831231790316,0.2990945064915766,2.099677758297431e-05,0.0073975216855319895,-4.0473179741964155e-05,0.03687244002326086,0.15651420384626294,0.2865672867932269,7.3519621355677125e-06,0.0003883429662835929,-4.462658218469793e-05,0.00030644176404976477,0.017505478115429032
2025-04-25,0.004098360655737705,4,0.03675196162949908,0.14440582037358904,0.2743384249267912,2.1097493709697207e-05,0.007401979954987198,-4.103960906153593e-05,0.0339315751299873,0.17212614403694268,0.2992383620906331,7.4751810652229385e-06,0.00039486650971225484,-4.540577142104965e-05,0.0003115301479353785,0.017650216654063442
2025-04-28,0.004098360655737705,4,0.03382070582850117,0.15880997651696993,0.2858113252691742,2.121990873454959e-05,0.007407533182176547,-4.175616901480513e-05,0.03239969395173142,0.17581391628248122,0.30139425315791574,7.61397641475686e-06,0.0004024567833564802,-4.6310866280299355e-05,0.00031744902721063834,0.017817099292832105
2025-04-29,0.004098360655737705,4,0.032293829976273995,0.16221245222448483,0.2876869251244619,2.135779855561954e-05,0.007413994473411387,-4.2588514611729436e-05,0.03450823808965039,0.12347595856517879,0.2511648395785323,7.7686017899324e-06,0.000411143052854575,-4.734489807541562e-05,0.00032422185849367613,0.018006161681315542
2025-04-30,0.004098360655737705,4,0.03439548457797697,0.11392350761042874,0.2414996351121088,2.151141512409555e-05,0.007421388741339289,-4.353943351591836e-05,0.03633361054098635,0.1975586558582204,0.3270729093229099,7.94005893514703e-06,0.00042097420782626765,-4.8514977641482665e-05,0.0003318843114784493,0.018217692265444854
2025-05-06,0.004098360655737705,4,0.03621489273888856,0.18227495696896806,0.3116704926315597,2.1681753648795414e-05,0.007429757603705045,-4.461546501130696e-05,0.03719414692832495,0.20094812652491137,0.33132291637693945,8.129186172106914e-06,0.00043197635852810796,-4.982615594693763e-05,0.00034045323280633964,0.01845137482157738
2025-05-07,0.004098360655737705,4,0.037072617377353075,0.18540220855526177,0.31565546885631796,2.186964698204776e-05,0.007439123287108076,-4.58212540821153e-05,0.037095156740709116,0.23858232815106886,0.36885812781548105,8.336287197828095e-06,0.00044412802151822493,-5.1278424624106594e-05,0.00034990745946783986,0.018705813520610105
2025-05-08,0.004098360655737705,4,0.03697395063398977,0.22012492142334433,0.3502795149810372,2.20753968394889e-05,0.007449467503568111,-4.7156793033242163e-05,0.03946747606540019,0.1878864687849635,0.3205345877740668,8.560695225892449e-06,0.00045732808673905334,-5.286299486523752e-05,0.00036016279223447076,0.018977955428192753
2025-05-09,0.004098360655737705,3,0.03933851855352435,0.1733510377667695,0.30587019924399694,2.2298340784947908e-05,0.007460704182205586,-4.861399947933328e-05,0.03947024992471669,0.19947336431609985,0.33212425716451965,9.393268568430878e-06,0.0005218609542745655,-6.0030455916835256e-05,0.00041119331100932584,0.020277902036683327
2025-05-12,0.004098360655737705,3,0.03934128334942886,0.18404153814078247,0.3165634644139144,2.3125482253417484e-05,0.007515638387599288,-5.520535792807009e-05,0.04077064122409344,0.18579418156713948,0.319745465714936,9.600907142575133e-06,0.0005273604113401982,-6.10670713890662e-05,0.00041482717570464093,0.020367306540253205
2025-05-13,0.004098360655737705,3,0.04063742570149125,0.17142061583238818,0.30523868445758257,2.3331766152208876e-05,0.0075203198517203584,-5.6158652839865616e-05,0.04184558393861475,0.27655969417203674,0.4115859210343546,9.686685662785159e-06,0.0005276362000172768,-6.130004318368705e-05,0.00041472279931268783,0.020364744027674096
2025-05-14,0.004098360655737705,3,0.04170885610786181,0.25516425051371094,0.39005374954527583,2.3416985036293426e-05,0.0075205546194040285,-5.637289894399328e-05,0.04263756985682686,0.16150358125060804,0.297321794031138,9.756571962639756e-06,0.0005274866440690106,-6.144245435891754e-05,0.0004143583073138152,0.02035579296696189
2025-05-15,0.004098360655737705,3,0.04249825426157426,0.1490092053669128,0.2846881025521902,2.3486415384028787e-05,0.007520427308508145,-5.6503863464943234e-05,0.04580552438208932,0.14176055504797613,0.2807467223537686,9.831114556846578e-06,0.0005278075279466846,-6.162985111195063e-05,0.0004143789402796299,0.02035629976885853
2025-05-16,0.004098360655737705,3,0.04565585769337849,0.13079355576204535,0.26963005637912696,2.3560471647525978e-05,0.007520700463901929,-5.667619773540225e-05,0.049058300792105304,0.23981447783302867,0.3820534215488371,9.915003205584641e-06,0.0005288144358400063,-6.18939004269381e-05,0.00041494163819171475,0.02037011630285195
2025-05-19,0.004098360655737705,4,0.04889800585972799,0.2212617485053211,0.36334039728875217,2.3643812990035905e-05,0.007521557603637643,-5.6919023426493786e-05,0.0582191334041654,0.20963917243924202,0.3610389487671105,8.72646834083004e-06,0.00036989175650354537,-4.788494852876202e-05,0.00028284832778685136,0.0168180952484772
2025-05-20,0.004098360655737705,4,0.058028906023652696,0.19342089046605,0.34463043941340576,2.24630323631147e-05,0.007386273190565772,-4.4036076063786187e-05,0.06692859468832411,0.23598119148523938,0.3960904290972666,8.570447361022902e-06,0.00036216651834445734,-4.668095521395762e-05,0.00027737505527756503,0.016654580609476933
2025-05-21,0.004098360655737705,4,0.06670990968728552,0.21772501607991696,0.37761556869090557,2.2308029295209264e-05,0.007379697009528828,-4.2928856722009706e-05,0.06944997536249166,0.2506212831393535,0.41325190142554824,8.591131929607377e-06,0.00036065145121465074,-4.651832466728038e-05,0.00027620593380969734,0.016619444449490404
2025-05-22,0.004098360655737705,4,0.0692230519076514,0.23123250865058156,0.39363620348193606,2.232857891355455e-05,0.007378407294503408,-4.277929801214762e-05,0.07094219971491747,0.21045448910239944,0.37457733174102004,8.645502809067146e-06,0.0003604318444445616,-4.655818655056293e-05,0.0002759609741525029,0.01661207314432798
2025-05-23,0.004098360655737705,4,0.07071040051024892,0.1941731319157982,0.3580641753497502,2.238259506658345e-05,0.007378220352192076,-4.2815955896894465e-05,0.07078745625788437,0.23650685227244644,0.4004749514540339,8.71194996289687e-06,0.0003608454880701384,-4.6680693903374715e-05,0.00027619605022628584,0.016619147096836404
2025-05-26,0.004098360655737705,4,0.07055616266779235,0.2182100102552023,0.38194681584669776,2.244860870596658e-05,0.007378572470186441,-4.2928616414918254e-05,0.07819507242548644,0.1950838187318727,0.36645953408106224,8.787766958572319e-06,0.0003618247338686414,-4.687199835486544e-05,0.00027686850411748283,0.016639366097225064
2025-05-27,0.004098360655737705,4,0.07793957491243969,0.17999158027382609,0.35111179810996884,2.2523931056483763e-05,0.0073794060623059345,-4.3104544292800934e-05,0.08035188340209028,0.1538948905367581,0.32742741686255145,8.873292505096217e-06,0.00036339752875915506,-4.713529375611106e-05,0.00027800023375202916,0.016673339010289126
2025-05-28,0.004098360655737705,4,0.08008933864394814,0.1419891445832816,0.3152591261509328,2.2608898617332826e-05,0.007380744918626089,-4.334667666785263e-05,0.07850571691686332,0.13512115942694072,0.30680751926750716,8.969435693635792e-06,0.0003656107755898273,-4.747704608055339e-05,0.00027962611912235634,0.016722024970749098
2025-05-29,0.004098360655737705,4,0.07824920439235196,0.12466780264904233,0.2960976499650974,2.2704414548589417e-05,0.007382628965633859,-4.366095979473285e-05,0.07487752252249177,0.0480998296920362,0.21615799513823108,9.077291806355466e-06,0.0003685184677842644,-4.7904862513178386e-05,0.00028178603456426314,0.01678648368671245
2025-05-30,0.004098360655737705,4,0.07463286489645236,0.04437869021351605,0.2121921980336715,2.281156698657929e-05,0.007385104165734692,-4.405438941191405e-05,0.07499005563584993,0.07778229086102541,0.24595298942057842,9.198085073617033e-06,0.00037217968865885503,-4.842715988754674e-05,0.0002845234539573786,0.01686782303551287
2025-06-03,0.004098360655737705,4,0.07474503031489438,0.07176483185741024,0.2396905050960077,2.2931572174541885e-05,0.007388220814152737,-4.453470582891481e-05,0.07750045565261503,0.13356255071537476,0.3042436492916929,9.333158250247776e-06,0.00037665777222750923,-4.905307264299552e-05,0.00028788478519176596,0.016967167860069222
2025-06-04,0.004098360655737705,4,0.07724722775646975,0.12322977233547294,0.2936576430156458,2.3065764106904943e-05,0.007392032824558058,-4.511030928167159e-05,0.07899261889572994,0.13743476480159858,0.3096080266210316,9.483960523153655e-06,0.0003820190094740014,-4.9792322522648095e-05,0.00029191832495185883,0.017085617488164097
2025-06-05,0.004098360655737705,4,0.07873451544942721,0.12680242093887104,0.2987175793120013,2.321558251579084e-05,0.007396596627768896,-4.5790140103896916e-05,0.07973325447500414,0.1372258670736962,0.31013976447240343,9.652019585152007e-06,0.00038833026059043475,-5.065495646911956e-05,0.0002966723672373476,0.017224179726110258
2025-06-06,0.004098360655737705,4,0.07947273104822555,0.126609684132686,0.2992630581046147,2.3382545127045142e-05,0.00740196913914739,-4.658343769007276e-05,0.07855710211900037,0.10777935386990621,0.2795170989126097,9.838885568203252e-06,0.000395654789733425,-5.1650861759244796e-05,0.0003021919517831386,0.01738366911164437
2025-06-09,0.004098360655737705,4,0.07830042169655188,0.0994412368490656,0.27092230146932056,2.3568191959259064e-05,0.007408204212896929,-4.74992946024372e-05,0.07490257043764839,0.10932100922073101,0.2774042225820825,1.004602941369804e-05,0.0004040453449838718,-5.278892857544694e-05,0.00030851351724667594,0.017564552862133324
2025-06-10,0.004098360655737705,4,0.07465783096911136,0.10086362536204593,0.2687020992548604,2.3773984357109093e-05,0.007415346751313367,-4.854588645277294e-05,0.07345088172061828,0.13437485313018951,0.3010063777745109,1.027466959810518e-05,0.000413533059770552,-5.4075668210223e-05,0.0003156563929482112,0.017766721502522946
2025-06-11,0.004098360655737705,4,0.07321088555425381,0.1239792327276939,0.2903707612056508,2.4001132847481215e-05,0.007423423257018332,-4.972920117216232e-05,0.0709033615712568,0.13081303132759103,0.29489703582255095,1.0525488996710088e-05,0.00042411016037775806,-5.551301053802649e-05,0.0003236096282984152,0.01798915307340552
2025-06-12,0.004098360655737705,4,0.07067168926779582,0.12069296357902295,0.2845452957705219,2.4250315850446678e-05,0.007432427112563824,-5.1051013516574385e-05,0.0707224111862139,0.1351920626104498,0.2990951167203668,1.0798188390673134e-05,0.00043570377615120663,-5.709490179615109e-05,0.0003323121609495776,0.018229431174602722
2025-06-13,0.004098360655737705,3,0.07049133012682916,0.12473322056083637,0.2884051936113686,2.452123609932907e-05,0.007442296286125712,-5.250575630961659e-05,0.07075452668041932,0.10757030869623942,0.2715054783003618,1.1718892775858541e-05,0.0004914392333890093,-6.401731476680833e-05,0.00037512349663125114,0.019368105137861347
2025-06-16,0.004098360655737705,3,0.07052334068566404,0.09924836400393938,0.26295234761330655,2.54359336259959e-05,0.007489741613949219,-5.887176302961343e-05,0.07040377489400926,0.09017614064821466,0.25376055846592704,1.2014905513938512e-05,0.0004972928080324845,-6.526689299748598e-05,0.0003787739275514511,0.019462115186984458
2025-06-17,0.004098360655737705,3,0.07017373495879897,0.08319985821363848,0.24655423609614058,2.573001511810165e-05,0.0074947245239613165,-6.002090328567366e-05,0.06981561120432096,0.07800182030023804,0.2409980744282621,1.2160260083006252e-05,0.0004984958313225081,-6.566984901114647e-05,0.0003793163933832214,0.019476046656937886
2025-06-18,0.004098360655737705,3,0.06958749305721469,0.07196737787551345,0.23473551385643127,2.5874421365052682e-05,0.00749574860875766,-6.039147070222326e-05,0.07130131095094938,0.08531492799177692,0.2497968818664294,1.2280158955800407e-05,0.0004992193565430091,-6.594885895027684e-05,0.0003796017975982558,0.019483372336386116
2025-06-19,0.004098360655737705,3,0.07106833837275656,0.07871472277920279,0.24296370407566242,2.5993537993755248e-05,0.0074963645163499985,-6.064805451988607e-05,0.07152792205915648,0.022257747840273942,0.18696631282313353,1.2405049331713135e-05,0.0005004296197235972,-6.627520572802382e-05,0.0003802842575992627,0.019500878380197716
2025-06-20,0.004098360655737705,3,0.07129420904332762,0.020535825232196533,0.18501067719922726,2.6117613560017328e-05,0.007497394764170712,-6.094817035940516e-05,0.06597824021212108,-0.028685217006699196,0.13047366612912498,1.2543313533696701e-05,0.0005024043226764616,-6.669688674210349e-05,0.00038155386272595136,0.019533403767033317
2025-06-23,0.004098360655737705,4,0.06576266043494955,-0.026466047123209584,0.13247725623544307,2.6254975698849182e-05,0.007499075748477578,-6.133595770764703e-05,0.06426228974845336,0.04170310440295101,0.19914603707510747,1.1473081360028491e-05,0.0003674336111697384,-5.4238738618549486e-05,0.00027042921529266795,0.016444732144144762
2025-06-24,0.004098360655737705,4,0.06405231673219884,0.038476833766147446,0.19570979342204942,2.5191725932729686e-05,0.007384180671423017,-4.98791643886938e-05,0.058783950827490855,-0.014402588867228526,0.13756200488396544,1.1307291618456803e-05,0.0003607831008495899,-5.302382456475046e-05,0.0002660427433385458,0.01631081675878145
2025-06-25,0.004098360655737705,4,0.058591877941340666,-0.013288363674127428,0.13848415719091633,2.5027017836404265e-05,0.0073785193624830575,-4.8761902089624567e-05,0.04956909740965755,-0.09863244667470093,0.044117293658659726,1.1353371048563114e-05,0.00035976614087461153,-5.2891517342668134e-05,0.00026533647723783835,0.016289152133792548
2025-06-26,0.004098360655737705,4,0.049407133481250066,-0.09100196038121139,0.051585816023741786,2.5072796635144285e-05,0.007377653665819077,-4.864022939132552e-05,0.04286967638543535,-0.08228584853255211,0.05376447077658635,1.1453373238180343e-05,0.0003602864355105734,-5.3036560471391234e-05,0.00026566668780597126,0.016299284886336925
2025-06-27,0.004098360655737705,4,0.042729602396603956,-0.07591998151267977,0.05999026380762729,2.5172146390588025e-05,0.007378096571480776,-4.877361431592544e-05,0.0415059176379962,-0.018163864152617407,0.1165226964090819,1.1575146680638483e-05,0.00036161598111776605,-5.330563325123524e-05,0.00026657986129593407,0.01632727354140715
2025-06-30,0.004098360655737705,4,0.041370299645656125,-0.01675865601750477,0.11779228655185446,2.5293125358889274e-05,0.007379228359579695,-4.902105969832546e-05,0.04424221351579822,0.10382348668224257,0.24124634312174392,1.1712828739845238e-05,0.0003636368766297476,-5.3672063970662274e-05,0.00026800557742826827,0.016370875890686736
2025-07-01,0.004098360655737705,4,0.044097654847657826,0.09579140678581687,0.2330697045571778,2.5429909152959564e-05,0.007380948665733351,-4.935803763248998e-05,0.049177425916730015,0.19501822340189134,0.33737629224232446,1.186618162621039e-05,0.00036635910881530846,-5.4136016334184424e-05,0.00026995325777315,0.016430254342923303
2025-07-02,0.004098360655737705,4,0.049016741750451655,0.17993105958493105,0.3221284442590858,2.5582261534595257e-05,0.007383265991271824,-4.978469866477162e-05,0.05078424816893979,0.05017556889589225,0.19414045998853513,1.2036215697413015e-05,0.00036981948831109855,-5.4703481198085685e-05,0.00027244874161234023,0.016506021374405773
2025-07-03,0.004098360655737705,4,0.050618313811356355,0.04629384433530351,0.19009280107036297,2.5751186269700993e-05,0.007386211671592899,-5.0306552121401586e-05,0.05030885249396873,0.10892768858549157,0.2524171840031634,1.2224218316366447e-05,0.0003740582033897235,-5.5381539341441534e-05,0.00027551934302320685,0.016598775347091328
2025-07-04,0.004098360655737705,4,0.05014447146204765,0.1005007331285883,0.24382584751433906,2.5937962322178425e-05,0.0073898199173384705,-5.0930109646133036e-05,0.05150363135506825,0.08941299986445451,0.23409727414322584,1.2431480236582016e-05,0.0003791103799797319,-5.6176878091390966e-05,0.000279188104033532,0.01670892288669536
2025-07-07,0.004098360655737705,4,0.051335346457875575,0.08249575616902358,0.22701174555060227,2.614387202440627e-05,0.007394120629782839,-5.166152105546582e-05,0.05331001066104842,0.14576075334177635,0.2922514069265279,1.265913067333313e-05,0.00038499892957807,-5.7094725983764186e-05,0.00028346860828387476,0.016836526015893978
2025-07-08,0.004098360655737705,4,0.05313582353234702,0.13448428735111348,0.28080075380716363,2.6370037224432914e-05,0.007399133312551478,-5.250559462858986e-05,0.054102864194692554,0.004026432092859161,0.15130993921125482,1.290793418815321e-05,0.00039172492499758675,-5.8137469660918035e-05,0.0002883579198639039,0.016981104789262208
2025-07-09,0.004098360655737705,4,0.05392608646661228,0.0037149358669006016,0.150821665257216,2.6617217495640285e-05,0.007404858878886331,-5.346452517551523e-05,0.05438777232879408,0.026062018979506406,0.17363043423200358,1.3177988921721763e-05,0.00039925355776533524,-5.930261532270919e-05,0.0002938263160416386,0.017141362724172153
2025-07-10,0.004098360655737705,4,0.05421006368118842,0.024045787148011175,0.1714364937529027,2.688551033841857e-05,0.00741126769775014,-5.453601934152039e-05,0.052858007590739116,0.039042081773823484,0.18508073228826571,1.3468275461490564e-05,0.0004074938411728927,-6.057979279240242e-05,0.00029980253104957844,0.017314806699746273
2025-07-11,0.004098360655737705,3,0.05268529735382605,0.03602167540768118,0.18188761568521034,2.7173902991069748e-05,0.007418282315858718,-5.571054047875381e-05,0.05098322468348035,-0.05746665246185783,0.08669721514532563,1.4394878612473464e-05,0.00045139422653383415,-6.660882872333682e-05,0.00033257144769963397,0.018236541549856267
2025-07-14,0.004098360655737705,3,0.050816640182568915,-0.05302086896234531,0.09097641414392671,2.8094460798812863e-05,0.007455652928360223,-6.125497757231062e-05,0.049925276665195424,0.011174626101144655,0.15428054569004318,1.4729629135162965e-05,0.00045458278906226716,-6.759951475054526e-05,0.0003341133886963396,0.018278768795964885
2025-07-15,0.004098360655737705,3,0.049762148943326714,0.010310125278399416,0.15325291714542924,2.8427027342517177e-05,0.007458367221952573,-6.216603473306496e-05,0.04908543262119725,0.03806615818807433,0.1803322337329747,1.4890394454701395e-05,0.00045395281490325824,-6.775973993621871e-05,0.0003333237294855222,0.01825715556940681
2025-07-16,0.004098360655737705,3,0.048925049037263746,0.03512125204316361,0.17722694400413047,2.8586743797137942e-05,0.007457830950573889,-6.231338141882807e-05,0.04976479150822265,0.046099830109949495,0.18904526454187526,1.5010468368050719e-05,0.0004527433966760022,-6.774664436962362e-05,0.00033226057630480566,0.018228016247107244
2025-07-17,0.004098360655737705,3,0.04960218816157626,0.04253341628117855,0.1853162473664579,2.8706034324396284e-05,0.00745680142202758,-6.230133844114097e-05,0.050733735100669294,-0.012889417505400062,0.13102496051897233,1.5128493121102638e-05,0.0004518323062484937,-6.774397417195143e-05,0.00033147285102569347,0.018206395882373137
2025-07-18,0.004098360655737705,3,0.05056796579138007,-0.01189225554783051,0.13185635316725267,2.8823289060486537e-05,0.007456025847803338,-6.229888286728299e-05,0.05109640313331804,-0.03118680842275441,0.11309023763426673,1.5256330700599921e-05,0.0004514973707179246,-6.780865723551628e-05,0.00033113638694749195,0.01819715326493383
2025-07-21,0.004098360655737705,4,0.050929448828893845,-0.028774108320197278,0.11533598343239967,2.895029260219085e-05,0.007455740730808966,-6.235836686788643e-05,0.048527694338432535,0.020937314644598665,0.1626456519067343,8.16700874441678e-06,0.00040080248908196114,-4.874881105724449e-05,0.0003114718757118889,0.01764856582592163
2025-07-22,0.004098360655737705,4,0.04836913312948708,0.019317544499942337,0.16086732055313252,2.1907222792373728e-05,0.007412586239980445,-4.483050348162207e-05,0.04738381608220525,-0.058009134794469584,0.08255532421143877,7.54340933453537e-06,0.00037769107480744874,-4.48669287824679e-05,0.0002955006265770483,0.01719013166258619
2025-07-23,0.004098360655737705,4,0.04722899242398555,-0.05352138332049217,0.0868882520271965,2.128769186906379e-05,0.0073929124330169415,-4.126063720057034e-05,0.04601672466734708,-0.0860107557163527,0.0531866118746975,7.529865395183948e-06,0.00037665747281366655,-4.464800140162202e-05,0.0002948913354056064,0.01717240039731215
2025-07-24,0.004098360655737705,4,0.04586636789490125,-0.07935671929413092,0.059690291524473436,2.1274236293066317e-05,0.0073920325696792315,-4.1059306655345175e-05,0.044228898932117,-0.1429912309527101,-0.005581689096889997,7.603588317526209e-06,0.0003791892995279869,-4.498060810540465e-05,0.0002968316716347038,0.01722880354623338
2025-07-25,0.004098360655737705,4,0.04408438376854681,-0.13192902308238952,0.005336003609860404,2.1347478232401207e-05,0.0073941878107843815,-4.136517926369306e-05,0.04324378809816128,-0.07873036544145644,0.057694065580407954,7.698317029853858e-06,0.0003828405486288244,-4.5461917852067724e-05,0.0002996150299545428,0.017309391380246238
2025-07-28,0.004098360655737705,4,0.04310249172268533,-0.07263956069478125,0.06364357395160719,2.144158891576999e-05,0.007397295970637012,-4.1807802536046924e-05,0.04392857866345726,0.010108774784856014,0.14721799637201638,7.80609030935243e-06,0.0003873382931401095,-4.604503677773103e-05,0.00030305430989399987,0.0174084551265757
2025-07-29,0.004098360655737705,4,0.04378504477759908,0.009326731248065179,0.14629241894936737,2.1548659060959173e-05,0.007401124717603127,-4.234405182008488e-05,0.04575518523172497,-0.02870499043858147,0.11023083771684661,7.926844800421023e-06,0.0003927029917909037,-4.673122191170314e-05,0.00030716739276791846,0.01752619162191029
2025-07-30,0.004098360655737705,4,0.04560568302304246,-0.026484290826224333,0.11230203512052123,2.1668625725712387e-05,0.007405691467366663,-4.2975083108241854e-05,0.04705101606047283,-0.016574368255586266,0.12365729072858966,8.061657537843103e-06,0.00039899629997309886,-4.752862021572163e-05,0.0003120007170794987,0.01766354203096023
2025-07-31,0.004098360655737705,4,0.04689727980552877,-0.015292128038889515,0.12478579469034236,2.1802558918023977e-05,0.0074110487046550304,-4.3708388529835883e-05,0.0480674397969786,0.020151665994936455,0.16139974871561816,8.211791457119447e-06,0.00040628390400586443,-4.844634237373484e-05,0.00031760301071551416,0.017821419997169533
2025-08-01,0.004098360655737705,4,0.047910382440987845,0.0185926758618773,0.15968370122656828,2.1951713333752337e-05,0.0074172523455600875,-4.4552346474813476e-05,0.04799059309147969,0.04461385747041167,0.18578509348559447,8.378501870979157e-06,0.00041462541260170634,-4.949309058789831e-05,0.0003240177332968889,0.018000492584840252
2025-08-04,0.004098360655737705,4,0.0478337868272973,0.041162402706743206,0.18217683245774363,2.2117336095716672e-05,0.007424353132554329,-4.551495968407375e-05,0.049193799749654876,-0.04875925736041842,0.09361518531293957,8.562904258913056e-06,0.00042406490730141806,-5.0676048954812874e-05,0.0003312757136507054,0.01820098111780531
2025-08-05,0.004098360655737705,4,0.04903306208290057,-0.04498710268401178,0.09722660232259189,2.2300535405797754e-05,0.00743238859046051,-4.660283481449083e-05,0.05121972447665604,-0.0218244472475934,0.12257592015276575,8.76578364864571e-06,0.0004346170367397822,-5.1999260279488935e-05,0.0003393842998294501,0.018422385834344315
2025-08-06,0.004098360655737705,4,0.05105236722744835,-0.020136046004390114,0.12409696414676134,2.2502091170043153e-05,0.007441371189065617,-4.781968972051415e-05,0.049291125163934184,-0.04063073796821112,0.10184103011942616,8.987295748708317e-06,0.0004462458943204255,-5.346112121106264e-05,0.00034831094764700856,0.01866309051703411
2025-08-07,0.004098360655737705,4,0.0491300694924702,-0.03748742864543506,0.10482328377073824,2.272215808111064e-05,0.007451270362544582,-4.916404992461441e-05,0.05068447976178413,0.014618063523576467,0.1584831862090637,9.22650879901255e-06,0.0004588336901861856,-5.5050606001635486e-05,0.0003579589869819272,0.01891980409470265
2025-08-08,0.004098360655737705,3,0.050518871391236946,0.013487168598888157,0.1571866829138282,2.295981045790001e-05,0.007461985841182861,-5.0625775900948184e-05,0.05254753098458275,-0.013309919516283934,0.13241825439200192,1.0110587320672442e-05,0.000522134395528181,-6.235355575840795e-05,0.0004075378713320375,0.02018756724650193
2025-08-11,0.004098360655737705,3,0.052375835210579834,-0.012280226328489336,0.1332762518057936,2.3838121075459118e-05,0.00751587115701684,-5.734173281141822e-05,0.051561299696086985,-0.05010717215181877,0.09463477046797132,1.0338663031312564e-05,0.0005271421581243994,-6.340774115981646e-05,0.00041066533883607904,0.020264879442919936
2025-08-12,0.004098360655737705,3,0.0513928263711935,-0.046230738957669444,0.09834273033722717,2.4064708774803343e-05,0.007520134061634742,-5.831118542540348e-05,0.05073730245015673,-0.07547610104813518,0.06844184432572466,1.0427178282117226e-05,0.000526564420277288,-6.35727071319318e-05,0.0004098461842955416,0.020244658166922492
2025-08-13,0.004098360655737705,3,0.050571521484775964,-0.06963705544042291,0.07411510896805616,2.4152646534507848e-05,0.007519642256903773,-5.846289184504481e-05,0.0452541164577105,-0.12275205092075578,0.01568270846065782,1.0493863908603618e-05,0.0005253541467523642,-6.361213566397363e-05,0.0004086237393330206,0.02021444382942604
2025-08-14,0.004098360655737705,3,0.045106251459937255,-0.11325560351802894,0.025031290865611427,2.421889709070461e-05,0.007518612000277348,-5.8499151210240404e-05,0.04221546378973445,-0.14732562636797158,-0.011929519654534024,1.0563197565334904e-05,0.0005244966951262996,-6.368122733986059e-05,0.0004076974380119133,0.020191518962473162
2025-08-15,0.004098360655737705,3,0.04207752739968033,-0.13592809735413525,-0.0006699270307518185,2.4287778400870307e-05,0.007517882086583128,-5.8562689469927697e-05,0.035852228518205104,-0.18790491544828203,-0.058872044006373817,1.0640863455206331e-05,0.0005242279922586584,-6.38164884788763e-05,0.0004072358787561122,0.020180086192980253
2025-08-18,0.004098360655737705,4,0.03573508360178708,-0.17336805734380598,-0.044452330818315774,2.4364937583030026e-05,0.007517653350760832,-5.868707865670091e-05,0.02425327157037576,-0.07680813829712782,0.04062577619695105,9.239432061929151e-06,0.00036133354561058897,-4.843543400442633e-05,0.0002737021096636654,0.01654394480357286
2025-08-19,0.004098360655737705,4,0.024174025521011416,-0.07086604250346226,0.04648862594125226,2.297264940687917e-05,0.007378987933719908,-4.454231489296238e-05,0.022866959233664885,-0.0065851666960233535,0.10946243546134464,9.037423520964979e-06,0.0003525699014407316,-4.6991052862015314e-05,0.00026762521923766596,0.01635925484970712
2025-08-20,0.004098360655737705,4,0.022792242873235523,-0.006075719491696437,0.1098971663052422,2.2771958809811694e-05,0.007371527799880987,-4.3214029496266056e-05,0.01819728823018519,-0.10005327758152471,0.011324653572363577,9.046987052329187e-06,0.00035055270889075216,-4.673415485573012e-05,0.0002661313862316211,0.016313533836407768
2025-08-21,0.004098360655737705,4,0.01813782972797026,-0.09231287177244572,0.019005600879227647,2.2781459946795288e-05,0.007369810645908274,-4.2977780309559404e-05,0.016449845787676675,-0.01954651448972476,0.09008397422165502,9.09747370826843e-06,0.0003499528518863815,-4.6710514226259994e-05,0.0002656292971421299,0.016298137842776086
2025-08-22,0.004098360655737705,4,0.016396096944451814,-0.018034340596368468,0.09154239927178645,2.28316172177504e-05,0.00736930001203838,-4.295603985479173e-05,0.01607227713760341,-0.12094740447595359,-0.011694484414647072,9.161532186863543e-06,0.0003500069945647222,-4.6775338794405276e-05,0.00026561784916277515,0.01629778663385845
2025-08-25,0.004098360655737705,4,0.01601976197634988,-0.11159056964926953,-0.002390164749216536,2.289525776609121e-05,0.007369346101498312,-4.301565398619114e-05,0.011823224248772798,0.03380657189112227,0.1388104390635982,9.23534576777126e-06,0.00035062640017799896,-4.690980674212756e-05,0.00026604213246151514,0.01631079803263823
2025-08-26,0.004098360655737705,4,0.011784592602326865,0.03119119944379917,0.13615643496982915,2.2968589772517045e-05,0.007369873376303868,-4.313931373640436e-05,0.012514441288551026,0.05085405647139313,0.15654914068364728,9.319096528130319e-06,0.0003518370265573889,-4.711647383273188e-05,0.00026692317542005545,0.01633778367527418
2025-08-27,0.004098360655737705,4,0.012473551133619061,0.04691984218435324,0.1525740362416754,2.3051794126259177e-05,0.007370903933300949,-4.33293694428706e-05,0.015884948297411702,0.02832390743599291,0.13738949865710773,9.41374791015538e-06,0.0003536890911719744,-4.7402212487042994e-05,0.0002682984141080438,0.016379817279446183
2025-08-28,0.004098360655737705,4,0.015833045221438056,0.02613268948738811,0.1351463776325293,2.3145827983843647e-05,0.007372480520578495,-4.359214113840767e-05,0.019625296293226378,0.1415327558464666,0.25433869506339607,9.520524458332137e-06,0.0003562428338256575,-4.777548806444885e-05,0.00027021238215509195,0.01643813803796196
2025-08-29,0.004098360655737705,4,0.01956117186389609,0.13058337975395126,0.24332519454155044,2.3251907900584385e-05,0.00737465441783144,-4.393541375797673e-05,0.025191016857726792,0.11807234448000381,0.2364440042614337,9.640842351176737e-06,0.0003595668113241385,-4.824601369083501e-05,0.0002727156262936452,0.0165141038598419
2025-09-01,0.004098360655737705,4,0.025108706784232056,0.10893793246276712,0.22722728217070226,2.3371440815567253e-05,0.007377483984680071,-4.436811971068453e-05,0.02859537760523789,0.27560417883478366,0.39738019936372465,9.776316294065896e-06,0.00036373820547583487,-4.882480016408033e-05,0.0002758649214417401,0.016609181841431567
2025-09-02,0.004098360655737705,4,0.028501943995725816,0.2542826565576051,0.37596524347703403,2.3506030899509952e-05,0.007381034922858687,-4.4900384774000036e-05,0.03237495668721484,0.08633588136623618,0.21189148097715413,9.928778464636476e-06,0.0003688432862344023,-4.9524257007047204e-05,0.0002797235506849443,0.016724937987476794
2025-09-03,0.004098360655737705,4,0.032269173539223484,0.07965669230004442,0.205106508762971,2.3657498376558064e-05,0.007385380670469983,-4.5543621024358004e-05,0.035360648167276264,0.12780575136344313,0.2563470424544225,1.0100295697406468e-05,0.00037497751936534443,-5.035826262433756e-05,0.00028436128981407574,0.01686301544250244
2025-09-04,0.004098360655737705,4,0.03524510945893797,0.11791833533670446,0.24634408771934552,2.382789659679013e-05,0.007390602493637264,-4.631059135489022e-05,0.03816025599113564,0.03791408926875607,0.1692549881835948,1.029317725863305e-05,0.00038224489723916524,-5.13421476777998e-05,0.0002898537791421987,0.017025092632411688
2025-09-05,0.004098360655737705,4,0.038035569739169404,0.034980947607477705,0.1661971602703502,2.4019519760351e-05,0.007396788916835868,-4.721539418716771e-05,0.03744916287474404,-0.04927810662942107,0.08135169916902607,1.0509962698699598e-05,0.00039075586939306146,-5.2492511233970655e-05,0.00029628080962381976,0.017212809463414733
2025-09-08,0.004098360655737705,4,0.03732680007510219,-0.045465812299492814,0.08504163069931248,2.4234890849092274e-05,0.007404033961264506,-4.827329439625157e-05,0.0334307599284814,0.1626503399558582,0.28926174280804273,1.0753372358878598e-05,0.00040062287202562337,-5.382673833092519e-05,0.0003037227677226516,0.017427643780002264
2025-09-09,0.004098360655737705,4,0.033321527009372215,0.15006724756073736,0.2765694174938127,2.447671245623897e-05,0.007412433339285932,-4.9500279654313694e-05,0.03489765590901998,0.170694098467028,0.2987723972997511,1.1026191575771703e-05,0.0004119518585736703,-5.536200497336747e-05,0.00031225404020270703,0.01767071136662888
2025-09-10,0.004098360655737705,4,0.034783629998954964,0.1574887180608427,0.28545299098350074,2.47477517463028e-05,0.007422077244751475,-5.0912145401734804e-05,0.03664067257439263,0.24605839595295698,0.3758797114510527,1.1331041417521577e-05,0.000424827330035309,-5.7113428746064015e-05,0.0003219315139607026,0.017942450054568983
2025-09-11,0.004098360655737705,4,0.03652095146628779,0.22702261938027007,0.356724213770261,2.505061268705658e-05,0.007433037609923923,-5.252279410960724e-05,0.038667320460103904,0.004796268392335462,0.1366442317761425,1.166996131234787e-05,0.0004392870661632251,-5.909083486228167e-05,0.0003327753577510096,0.01824213139276794
2025-09-12,0.004098360655737705,3,0.03854097740666978,0.00442521544311363,0.13614683577348652,2.538732140108466e-05,0.007445346595170124,-5.434126126511548e-05,0.043363773098576745,0.08478657185584569,0.22133098787812555,1.270996375068059e-05,0.0004995727154520294,-6.672569457714402e-05,0.00037883129004842196,0.019463588827562658
2025-09-15,0.004098360655737705,3,0.04322208467960933,0.07822724177502816,0.2146299693783406,2.6420538656674083e-05,0.007496665316417114,-6.13624500409178e-05,0.047696198955397756,0.14597154520182604,0.2868483870809269,1.3130729940381562e-05,0.0005105612429866834,-6.87179248506896e-05,0.0003862561232256857,0.01965339978796762
2025-09-16,0.004098360655737705,3,0.04754035460565948,0.13467877175400159,0.2753997692833642,2.6838559684071495e-05,0.0075060194029720135,-6.319454982504383e-05,0.047482349264525305,0.06751158149655437,0.20817457368478276,1.3396817789640729e-05,0.0005172923118733821,-6.988576888577631e-05,0.0003909175918914702,0.01977163604488688
2025-09-17,0.004098360655737705,3,0.04732720365528933,0.06228869374887169,0.20279654032786415,2.710291152328256e-05,0.0075117492881431255,-6.426852547584414e-05,0.04639451905999714,0.020266711393743836,0.1598418733774441,1.3643169735714436e-05,0.0005239485431040953,-7.098040879602076e-05,0.00039563089524776823,0.019890472474221627
2025-09-18,0.004098360655737705,3,0.04624292786798021,0.018698821021784353,0.15812239181346766,2.7347656220265624e-05,0.007517415467061562,-6.527518096636905e-05,0.04883370237863619,0.14300855659619713,0.2850229018985364,1.3906929369257371e-05,0.000531634529422848,-7.220400811128065e-05,0.0004011334425695441,0.020028316019314856
2025-09-19,0.004098360655737705,3,0.048674141307540615,0.13194500836487355,0.27379979259611725,2.7609695033502827e-05,0.007523958234603314,-6.640043042729343e-05,0.04869530104440799,0.11639213837875689,0.258268082346868,1.4200657755898079e-05,0.0005407465180674058,-7.362679061060997e-05,0.0004076935946020839,0.020191423788383123
2025-09-22,0.004098360655737705,4,0.04853619219102384,0.10738771187904556,0.2491045469937725,2.790150707773241e-05,0.007531714899925364,-6.770885322584895e-05,0.05232248526945907,0.11526113286981526,0.26076426106297745,1.3048197412157675e-05,0.0003936246383431166,-5.998650992116188e-05,0.00028669981591295055,0.016932212375025023
2025-09-23,0.004098360655737705,4,0.0521515248182681,0.10634420416950764,0.25167637191147885,2.6756565614475804e-05,0.007406476027590517,-5.516494420167736e-05,0.05672573284207691,0.17669340130482242,0.32659977707060245,1.2903728576284109e-05,0.00038900857170130927,-5.897431891248043e-05,0.0002839636624526325,0.01685122139349645
2025-09-24,0.004098360655737705,4,0.056540385054584086,0.1630238977868455,0.3127449257651327,2.6613039322019427e-05,0.007402546557807193,-5.423411057610493e-05,0.05727132176657167,0.03168049027497291,0.1821324549652477,1.3030465835192825e-05,0.00039119402303780526,-5.930954915203829e-05,0.00028560539056892147,0.016899863625749217
2025-09-25,0.004098360655737705,4,0.05708419130135977,0.029229597541758225,0.17949443176682112,2.6738949721845526e-05,0.007404406943641295,-5.4542395846980487e-05,0.057292298904407395,0.030160674473464495,0.18063361630157498,1.3237666859278849e-05,0.0003954495462631944,-6.004140110386596e-05,0.0002886044109147413,0.016988361042629782
2025-09-26,0.004098360655737705,4,0.0571050998977084,0.027827359008512114,0.17811310182992363,2.6944798925242285e-05,0.0074080294974785705,-5.52154233683269e-05,0.06087877364198224,-0.017151729565457314,0.13690768700022804,1.3480421665118327e-05,0.0004007776717910366,-6.095864663241773e-05,0.00029234080019131944,0.017097976494056817
2025-09-29,0.004098360655737705,4,0.06067985605318296,-0.015824823037522313,0.13803567593936375,2.718596995044941e-05,0.007412565114030072,-5.6058942994127735e-05,0.06070557240932919,-0.12960315120095017,0.02428306413208213,1.3747819090778426e-05,0.0004069102573521508,-6.200789446198068e-05,0.00029664228751896785,0.017223306521076835
2025-09-30,0.004098360655737705,4,0.06050722074473494,-0.11957668321629697,0.03411118045214108,2.745162282212452e-05,0.00741778553468817,-5.702385490594996e-05,0.06017187726300222,-0.11035213861222445,0.04300038157448088,1.4036398297912842e-05,0.00041371654272751805,-6.31683639199998e-05,0.0003014162131854313,0.017361342493754085
2025-10-09,0.004098360655737705,4,0.05997526941395008,-0.10181498365433352,0.05134092868331967,2.7738319281118977e-05,0.007423579448596812,-5.809104872975319e-05,0.05908424512348137,-0.019460219558876737,0.13280466848830774,1.434331818032928e-05,0.00042104522171281314,-6.441921512737332e-05,0.00030655010963839574,0.01750857246146572
2025-10-10,0.004098360655737705,3,0.058891191044483246,-0.017954721686538205,0.13411711228164813,2.8043236757182326e-05,0.00742981805493832,-5.924135964382453e-05,0.06217001690441835,-0.035078997469512194,0.12027166235860925,1.536012326742699e-05,0.0004654671452086964,-7.078923265279005e-05,0.0003392488031705433,0.018418707966916227
2025-10-13,0.004098360655737705,3,0.06196688025894379,-0.03236518656443278,0.12278233661821411,2.905340800566968e-05,0.00746763263164163,-6.509937108364918e-05,0.06787559958267887,0.008217455453989927,0.1692736979603719,1.5712648653129752e-05,0.0004671905592954738,-7.169599922884158e-05,0.0003395112094909204,0.01842582995392393
2025-10-14,0.004098360655737705,3,0.06765382030232259,0.007581729753948926,0.16841619297997462,2.940363344564589e-05,0.007469099703957443,-6.593325402895754e-05,0.06992855636237755,0.06361645642508239,0.22672565571116304,1.5853016024468413e-05,0.00046421155582321554,-7.158883133684296e-05,0.000336886909173998,0.018354479267306878
2025-10-15,0.004098360655737705,3,0.06970006917402483,0.05869490661913525,0.22157561871686315,2.954308503233769e-05,0.00746656379946624,-6.583470002423073e-05,0.06738078861427807,0.010990118826569792,0.17155155036455097,1.593505519323137e-05,0.0004602166600318307,-7.122109107047508e-05,0.00033370953308411186,0.018267718332734165
2025-10-16,0.004098360655737705,3,0.06716062609784224,0.010139892010778228,0.17048116103232358,2.9624588961247688e-05,0.007463163107163056,-6.549651780123502e-05,0.06973258624647899,-0.005492473563977024,0.15742075560620505,1.6005753884532858e-05,0.00045625274441367814,-7.081432807970326e-05,0.0003306298421388045,0.01818322969493606
2025-10-17,0.004098360655737705,3,0.06950473937823456,-0.005067560204730201,0.15761782209720748,2.9694826400226574e-05,0.007459788787021292,-6.512244940287801e-05,0.06928446777026348,-0.06504348719704806,0.09742162349691853,1.607971159563253e-05,0.00045264473580294146,-7.043711809250544e-05,0.0003278502112135631,0.018106634452972288
2025-10-20,0.004098360655737705,4,0.06905808510113892,-0.06001153823633003,0.102227189788512,2.976830159651033e-05,0.007456717436039168,-6.477555861154124e-05,0.0676394836805711,-0.0074807313601934836,0.15333939524408072,8.086743083619963e-06,0.0003869259455068349,-4.763278332722132e-05,0.00029974712193601223,0.017313206575790985
2025-10-21,0.004098360655737705,4,0.06741847589417099,-0.006902000729111257,0.15369711808876285,2.1827480800711174e-05,0.007400773702834297,-4.380417927080923e-05,0.0666683209737873,-0.05356655703921235,0.10628240685827806,7.3812257990942416e-06,0.0003602157494714863,-4.3225075606408795e-05,0.0002811468240577629,0.016767433436807283
2025-10-22,0.004098360655737705,4,0.06645048640084747,-0.04942249600192312,0.11020863332262745,2.112656645126293e-05,0.0073780363993307075,-3.97507520786707e-05,0.06578507856885756,-0.06889528502955544,0.09007043646300522,7.327296520900611e-06,0.0003564610117518458,-4.267859243017946e-05,0.0002784311234123875,0.016686255524005003
2025-10-23,0.004098360655737705,4,0.06557012993528548,-0.0635653500454026,0.09518542281358598,2.107298901840569e-05,0.007374840143826073,-3.9248193854105424e-05,0.06548078885178585,-0.11197402470185427,0.04668740707363468,7.3599054712794816e-06,0.00035606591041275996,-4.266548183206643e-05,0.00027809485221990657,0.01667617618700122
2025-10-24,0.004098360655737705,4,0.06526683446585042,-0.10331139602822617,0.05513608136132736,2.1105385221507022e-05,0.00737450381012603,-3.923613705309622e-05,0.06602799671504618,-0.1290911975562585,0.030117442082490786,7.409376167833803e-06,0.0003565263374765643,-4.276783100944203e-05,0.000278400051625514,0.01668532443872501
2025-10-27,0.004098360655737705,4,0.06581225436161044,-0.11910433576003947,0.03988856152527408,2.1154533161398292e-05,0.0073748957529585395,-3.9330259659436095e-05,0.0634880426995515,0.023291122548434642,0.17995980817168925,7.4672612635230634e-06,0.0003575561656663567,-4.293622487264528e-05,0.0002791509771845892,0.016707811861060358
2025-10-28,0.004098360655737705,4,0.0632805994871496,0.021489255137074954,0.1779504975479277,2.1212040603211094e-05,0.0073757724038104044,-3.948511844484836e-05,0.06132183536493372,-0.037293816095279674,0.11720866219335715,7.533102291270735e-06,0.00035915789111425934,-4.316924400342492e-05,0.00028035250539868025,0.01674373033104273
2025-10-29,0.004098360655737705,4,0.06112147009963989,-0.03440866052892239,0.1198934524944206,2.127745207099928e-05,0.007377135887537374,-3.969940808037269e-05,0.058211541338222476,-0.08600722878862707,0.0653849554732985,7.6075658634201116e-06,0.00036137598598064407,-4.347231860854533e-05,0.0002820389146269735,0.016794014249933622
2025-10-30,0.004098360655737705,4,0.05802133876431084,-0.0793534652195543,0.07184851646845965,2.135142982799464e-05,0.007379024061480763,-3.997812230632759e-05,0.056467162058726136,-0.07284660026176777,0.07680120472066147,7.691555457779766e-06,0.0003642653487080155,-4.3852435646433966e-05,0.00028425203287292734,0.016859775587857846
2025-10-31,0.004098360655737705,4,0.05628265913511084,-0.06721098030540602,0.08225232175340792,2.1434871457536848e-05,0.007381483658451794,-4.03276864868874e-05,0.052929013641474364,-0.0004610861440774022,0.14564857042110008,7.786102353211111e-06,0.0003678874437229168,-4.431749273125966e-05,0.0002870385606136086,0.016942212388398648
2025-11-03,0.004098360655737705,4,0.05275607139672741,-0.00042541521000735645,0.14551129911042315,2.152880151021892e-05,0.0073845670006168485,-4.075536344573567e-05,0.05126016197510278,0.022736789695487952,0.16717759459429382,7.892357145690062e-06,0.00037230984078711477,-4.4876239998175896e-05,0.00029044971793645304,0.017042585424062073
2025-11-04,0.004098360655737705,4,0.051092672598895696,0.020977807048514076,0.16525112257111288,2.1634363075299795e-05,0.007388331607365859,-4.126920000403493e-05,0.05452912842746287,0.06778281649405836,0.21549258784522435,8.011590466088745e-06,0.00037760582290467977,-4.553825978724922e-05,0.0002945408937962701,0.01716219373495912
2025-11-05,0.004098360655737705,4,0.054350957907637595,0.06253894523637928,0.21007054606771997,2.175281849380308e-05,0.007392839861539557,-4.1878008297310085e-05,0.05618959162450074,0.08587195347705782,0.23524218802526164,8.145187155412415e-06,0.0003838533578949862,-4.6313880492034225e-05,0.0002993707840663302,0.017302334642074466
2025-11-06,0.004098360655737705,4,0.05600599564493498,0.07922865519041063,0.22841529375904873,2.1885543571755903e-05,0.007398158133971399,-4.2591286548659664e-05,0.05693834569659964,0.06609184495692277,0.21621083357722554,8.294625910159965e-06,0.0003911329219094964,-4.721396135091239e-05,0.0003049996251178316,0.017464238463724423
2025-11-07,0.004098360655737705,4,0.056752303209890005,0.06097879206147442,0.21091173819506753,2.203400735834711e-05,0.007404354930735926,-4.341902115802882e-05,0.05912096447185983,0.02470559076830383,0.17700719816386679,8.461433949534917e-06,0.0003995234599843264,-4.824946214716561e-05,0.0003114859696395301,0.017648965115256193
2025-11-10,0.004098360655737705,4,0.05892779041468532,0.02279429607689415,0.17490272941528257,2.219972710889841e-05,0.007411497454531459,-4.4371290988715355e-05,0.05951678606215906,0.06483041732539557,0.21752784631125774,8.64710060229599e-06,0.0004090954031071249,-4.9430666405912454e-05,0.00031888117089759596,0.01785724421341647
2025-11-11,0.004098360655737705,4,0.05932231868267159,0.059814952055288625,0.2123179136616633,2.2384182435491496e-05,0.007419645660393151,-4.5457553001794505e-05,0.059506839258355836,0.10987538914852868,0.26256287133058764,8.85292507853049e-06,0.00041989912794415316,-5.0765858987158644e-05,0.00032722033504836636,0.018089232572123293
2025-11-12,0.004098360655737705,4,0.05931240437942826,0.10137511688361359,0.25386816418674496,2.2588664071908683e-05,0.007428842431928024,-4.668542614093434e-05,0.06390421766061186,0.00875313861536589,0.16583799919968084,9.079761440013945e-06,0.00043194651949360775,-5.2259164827522415e-05,0.00033650795127857685,0.018344153054272547
2025-11-13,0.004098360655737705,4,0.06369541462252984,0.00807597094406351,0.16495202849029644,2.281402050785662e-05,0.007439097886351646,-4.80587037906588e-05,0.06809459343053931,-0.005520863917838653,0.15575437243640378,9.327607814831671e-06,0.00044518240718386965,-5.390713637951149e-05,0.00034669574223967836,0.018619767513040498
2025-11-14,0.004098360655737705,3,0.06787209860146921,-0.00509375420015896,0.15595898732501334,2.3060249883633363e-05,0.007450365059200346,-4.957421550872523e-05,0.06893578240411664,0.05660693460634285,0.2187233599341626,1.0190470701984726e-05,0.000506504915503447,-6.0987527389956546e-05,0.00039472033142551864,0.019867569841969062
2025-11-17,0.004098360655737705,3,0.06871053904263798,0.052227661322625865,0.21411884328896696,2.391748328170452e-05,0.007502566416368162,-5.608550238856866e-05,0.07035099853485595,0.0601864118889618,0.22371805334752087,1.0444792095466348e-05,0.0005134819947257997,-6.224713924196795e-05,0.0003994325083373301,0.019985807672879524
2025-11-18,0.004098360655737705,3,0.0701211310431014,0.055530220073222974,0.21883199404002746,2.4170145431835646e-05,0.007508505720132061,-5.7243869788560824e-05,0.07129621140594812,-0.01571800431887728,0.14875885001077394,1.0572784144630596e-05,0.0005157852129595991,-6.273073883221428e-05,0.00040089651943980115,0.020022400441500544
2025-11-19,0.004098360655737705,3,0.07106325549019993,-0.014502014849288607,0.14974188356461443,2.4297302435416095e-05,0.0075104663561359145,-5.7688598852594636e-05,0.0718361438561518,-0.032240323920782785,0.13277646285907213,1.0685162449834284e-05,0.0005178337631557527,-6.313776409088273e-05,0.0004022433974238215,0.020056006517345907
2025-11-20,0.004098360655737705,3,0.07160142374486082,-0.029746120866218417,0.13503594580234551,2.4408947562206844e-05,0.00751221020359741,-5.806290843841032e-05,0.07206605904573699,-0.0562125890333936,0.10903411293604649,1.0805664819574862e-05,0.0005205420950180001,-6.361531955225173e-05,0.0004041171207330715,0.02010266451824413
2025-11-21,0.004098360655737705,3,0.07183058770093055,-0.051863823443551546,0.11314740718108211,2.4528663750521732e-05,0.007514515696356013,-5.850207918553747e-05,0.0737370155107659,-0.12951206297676093,0.03740559545770808,1.0940519947771042e-05,0.0005241678777728525,-6.420324646346942e-05,0.0004067019047936847,0.020166851633154955
2025-11-24,0.004098360655737705,4,0.0734960844201215,-0.1194926418359163,0.0471840855079083,2.466263905704158e-05,0.007517602177744096,-5.9042750001269445e-05,0.07030887723618999,-0.09235711285111949,0.07113240730877361,9.579091428434286e-06,0.0003624071701408089,-4.904950189401285e-05,0.0002738872577812175,0.016549539503600018
2025-11-25,0.004098360655737705,4,0.07007914737314684,-0.08521210421069714,0.07804768608615281,2.3310092768125794e-05,0.007379901866615054,-4.510702554056637e-05,0.07021129945391963,-0.02060245422927487,0.14278948814834785,9.401776606554076e-06,0.0003556531049298123,-4.782427798470258e-05,0.0002694063255669612,0.016413601846242073
2025-11-26,0.004098360655737705,4,0.0699818884201828,-0.01900858983769985,0.14415394150618605,2.313393478340789e-05,0.007374152405608395,-4.3980282066400384e-05,0.07082317844950539,-0.025408386494266497,0.138595434878942,9.44516040943991e-06,0.0003557070676038082,-4.7816440270577006e-05,0.00026951934747209414,0.016417044419507858
2025-11-27,0.004098360655737705,4,0.0705917681393844,-0.023442721528825518,0.140329689534262,2.3177035541735528e-05,0.007374198341837949,-4.3973074328144334e-05,0.071905215420623,0.016102874406854532,0.18118873275118064,9.535602923876834e-06,0.0003573673005456135,-4.807488833732173e-05,0.00027075312679484685,0.016454577685095624
2025-11-28,0.004098360655737705,4,0.07167026962231114,0.014857110293828593,0.17970802283984283,2.3266887991221066e-05,0.0073756116306148084,-4.421074898532545e-05,0.07475451089757074,0.011057714750857067,0.17899286857213093,9.644314440254914e-06,0.00035987150622055625,-4.845107661203178e-05,0.0002726136674367476,0.016511016547649256
2025-12-01,0.004098360655737705,4,0.07451025520432925,0.01020225852231991,0.17789315665035227,2.3374890252045754e-05,0.0073777433590525646,-4.455670018687026e-05,0.07490064426511162,0.08564440425109164,0.25372569143990636,9.767335057999823e-06,0.0003631367211961089,-4.892632225577319e-05,0.00027505141174256236,0.01658467400169694
2025-12-02,0.004098360655737705,4,0.07465591109022299,0.07901870981904166,0.24685526383296774,2.3497108258814164e-05,0.007380522903755469,-4.499374677373689e-05,0.07466917635573019,0.03407806963921159,0.20192788891864488,9.905119145781624e-06,0.0003671998884817807,-4.950494557943523e-05,0.00027809511646869185,0.016676184109942295
2025-12-03,0.004098360655737705,4,0.07442519948777195,0.03144169335476032,0.19904753576623535,2.3633993415804786e-05,0.00738398171280494,-4.55258618010248e-05,0.07453649827088644,-0.018453182841118028,0.14926395835347153,1.0058991800257593e-05,0.00037212141292175364,-5.0195804251384514e-05,0.0002817887962192422,0.016786565944803666
2025-12-04,0.004098360655737705,4,0.07429295492027989,-0.01702559219029699,0.150448005653686,2.378686217448077e-05,0.0073881712063879855,-4.616119097985876e-05,0.0750740314603955,-0.06300471564969942,0.10524995873439918,1.0230504787951265e-05,0.00037796653195680454,-5.100886091866408e-05,0.0002861793149074276,0.01691683525093945
2025-12-05,0.004098360655737705,4,0.07482873175368057,-0.05813049184811597,0.10987888282926771,2.3957256177332238e-05,0.007393146918484545,-4.690889618461608e-05,0.07649135405765395,-0.09193381431027284,0.07773818267108422,1.0421276147916045e-05,0.0003847987490883083,-5.195418615036441e-05,0.00029131165293549554,0.017067854374100324
2025-12-08,0.004098360655737705,4,0.0762414233379154,-0.08482155324757851,0.08460051301404001,2.4146782907004013e-05,0.0073989629070424666,-4.7778238537217074e-05,0.0763421441702356,-0.021298283439946553,0.14822450365399215,1.0632877126355294e-05,0.00039267318025181745,-5.304110194550565e-05,0.0002972238534871615,0.017240181364682958
2025-12-09,0.004098360655737705,4,0.07609270098448066,-0.019650587723755292,0.1496227561844285,2.4357003358576733e-05,0.00740566609001596,-4.877779075770284e-05,0.0762346266571691,-0.03251952765326649,0.13689574192760573,1.0866667126424176e-05,0.0004016265323381722,-5.427690301965113e-05,0.0003039393934252941,0.01743385767480319
2025-12-10,0.004098360655737705,4,0.07598553477816974,-0.030003724604728187,0.13916245309714467,2.4589268066189026e-05,0.007413287714488223,-4.991426123063426e-05,0.07801965327176813,0.008667430256039603,0.17986772645151083,1.1123526127525544e-05,0.00041166149153005257,-5.566482501725758e-05,0.00031145536762306294,0.01764809813048032
2025-12-11,0.004098360655737705,4,0.0777647289298449,0.007996893226915588,0.1789422650804636,2.484445126808311e-05,0.007421830067097315,-5.1190625527454774e-05,0.07918460554733822,-0.07837046862427056,0.09399477984677077,1.1403429199215843e-05,0.0004227229064943357,-5.720088151008091e-05,0.00031972457267338974,0.017880843734941306
2025-12-12,0.004098360655737705,3,0.07892587479664787,-0.07230750651785416,0.09979901120249682,2.5122528196466597e-05,0.007431246199756514,-5.260321763905768e-05,0.07874006608856374,-0.07120437230316437,0.10071633670910247,1.2312058480553264e-05,0.0004747531271863583,-6.380322573927222e-05,0.0003594587341883671,0.01895939698904918
2025-12-15,0.004098360655737705,3,0.0784827878427774,-0.06569579976731564,0.10596763099916487,2.602522939966444e-05,0.007475537410411338,-5.867488194295341e-05,0.0797317871856935,-0.0924444747458899,0.0804679553635067,1.2627133033496668e-05,0.0004807015350715548,-6.50736902857791e-05,0.0003631812875334933,0.019057315853327646
2025-12-16,0.004098360655737705,3,0.07947126855319105,-0.08529270754108947,0.08735920393580468,2.6338248343562434e-05,0.007480601048104969,-5.984322972498594e-05,0.08065722625377941,-0.11198618263863001,0.06185168653885251,1.2793931201597332e-05,0.00048258268984716513,-6.555600244736933e-05,0.0003642646161540238,0.019085717595993708
2025-12-17,0.004098360655737705,3,0.08039368380694906,-0.10332261339247176,0.07025171333818041,2.6503958287241606e-05,0.0074822023986534135,-6.0286774840660836e-05,0.07906210681145769,-0.12097109964248609,0.0512716500926747,1.2935579874652672e-05,0.0004841147325481514,-6.592674425484e-05,0.00036519682391312406,0.01911012359753657
2025-12-18,0.004098360655737705,3,0.07880377631773235,-0.11161243169040017,0.06037198755103529,2.6644682816182852e-05,0.007483506564292134,-6.062771734838845e-05,0.07706199111714651,-0.11681929833024587,0.053423335710603745,1.308354979383764e-05,0.0004862012767142404,-6.635420925567208e-05,0.00036657640799673386,0.01914618520741753
2025-12-19,0.004098360655737705,3,0.07681019587647295,-0.1077818255231088,0.06220901327706725,2.679168735018681e-05,0.00748528275447491,-6.102082378098578e-05,0.07393999476848882,-0.1513319024962666,0.01578873519592533,1.3246998760075068e-05,0.0004891196623975566,-6.688844725118119e-05,0.00036858976665526933,0.019198691795413284
2025-12-22,0.004098360655737705,4,0.07369840045580318,-0.1396244365791543,0.027254606800351994,2.6954069942861784e-05,0.007487767057507889,-6.151212106184789e-05,0.07159219836882912,-0.0906977619676479,0.07407507932488433,1.2296939554140778e-05,0.0003632420493834944,-5.5427404013392467e-05,0.00026468418091085027,0.016269117398029012
2025-12-23,0.004098360655737705,4,0.07135827533417478,-0.08368112542585329,0.0808577928320246,2.6010209112134723e-05,0.007380612565357388,-5.097228783040024e-05,0.06987993328563087,-0.09696667076362481,0.06609390544570917,1.215567306970087e-05,0.00035780338035085874,-5.435776125205028e-05,0.00026124353091645905,0.01616302975671514
2025-12-24,0.004098360655737705,4,0.06965160497014315,-0.08946505362715225,0.07336719426669401,2.586986427833437e-05,0.007375982847616381,-4.998862028043409e-05,0.0663393190734433,-0.11773599696752408,0.041783965029622325,1.2221536266533579e-05,0.00035746722669439,-5.4304681894323e-05,0.0002610793991722776,0.016157951577235204
2025-12-25,0.004098360655737705,4,0.0661225594936548,-0.10862760574942959,0.05067559666792831,2.593529777057207e-05,0.007375696693680976,-4.993980730879872e-05,0.061294950888695784,-0.13509538346822098,0.019380210344177917,1.2344913338743094e-05,0.00035865550788145156,-5.4535435008536014e-05,0.00026192955120312263,0.01618423773932905
2025-12-26,0.004098360655737705,4,0.061094673466748156,-0.12464402079171967,0.029631295598731594,2.6057869906225268e-05,0.0073767082291246715,-5.015201306450369e-05,0.05995197954212027,-0.19633820206858027,-0.04320557960275688,1.2493021542455066e-05,0.00036069278237268586,-5.4900877103520964e-05,0.000263384049708099,0.016229111180471312
2025-12-29,0.004098360655737705,4,0.05975609019513056,-0.18114892095185262,-0.028212187833018945,2.6205011822560472e-05,0.007378442478037184,-5.048808183738753e-05,0.05934664263860976,-0.13364737004981628,0.018879915512496584,1.2659284133302595e-05,0.0003634549901226185,-5.537211804014561e-05,0.0002653700381756299,0.01629018226342572
2025-12-30,0.004098360655737705,4,0.05915273119212714,-0.12330802980522693,0.029025344310603315,2.6370189683199022e-05,0.007380793833147685,-5.09214456054849e-05,0.059170013067500166,-0.17293976325037042,-0.02058910725916714,1.2843066168501848e-05,0.0003669381638760575,-5.5947064596409274e-05,0.00026788710085174077,0.01636725697396301
2025-12-31,0.004098360655737705,4,0.05897667874710426,-0.15956065183652207,-0.0074033301657147055,2.6552772687850074e-05,0.007383758917293187,-5.145017939474712e-05,0.06259756376975632,-0.12208797236791732,0.03369023432554211,1.3045013656335502e-05,0.0003711592694856545,-5.66289768154472e-05,0.0002709463295110956,0.016460447427427225
2026-01-05,0.004098360655737705,4,0.062393030141615,-0.11264289996871185,0.042930773096606256,2.67534026301098e-05,0.007387352172814004,-5.2077281214191334e-05,0.05929699032599955,-0.21775817435994468,-0.06528054111024202,1.3265876869094422e-05,0.00037612873565479477,-5.742085427572151e-05,0.00027455290397244617,0.016569638015733662
2026-01-06,0.004098360655737705,4,0.0591032411153458,-0.2009117833317572,-0.04862789929270826,2.697282488734342e-05,0.007391582477241161,-5.2805509543660913e-05,0.0532549293813113,-0.22422628325996152,-0.07779071095494712,1.3506073826171285e-05,0.00038183676844347463,-5.832305481765365e-05,0.00027869673263433866,0.016694212549094332
2026-01-07,0.004098360655737705,4,0.053080922227249625,-0.20687950095111207,-0.060617935800159325,2.721145475170196e-05,0.007396441493391881,-5.363519346125873e-05,0.04851668111776942,-0.08267097333212436,0.05902635070934816,1.376534346536328e-05,0.00038823949050922034,-5.9331142251550794e-05,0.000283342549471482,0.016832781988473624
2026-01-08,0.004098360655737705,4,0.048358155893834305,-0.07627531196360213,0.06526348685393529,2.7469032864204336e-05,0.007401891870269135,-5.456225334713033e-05,0.046276045972628264,-0.06060052385364198,0.07885616504268939,1.4042307373707155e-05,0.0003952406143691604,-6.043309083969183e-05,0.0002884167400634839,0.01698283663183168
2026-01-09,0.004098360655737705,3,0.0461248418840214,-0.0559122951598068,0.0833931896479177,2.774418980492761e-05,0.007407851642255047,-5.5575630062291954e-05,0.04269119391307213,-0.21725812777801817,-0.08138629094124293,1.4923271660924703e-05,0.0004350137168329738,-6.59718778588137e-05,0.00031799323277627105,0.01783236475558615
2026-01-12,0.004098360655737705,3,0.042551703104566505,-0.2004504217740609,-0.06471807574579129,2.8619406505929234e-05,0.007441708866694818,-6.066922322609498e-05,0.03426673021041526,-0.28177598552527194,-0.15432861239115359,1.5240740800432148e-05,0.00043700237905228406,-6.67604499095989e-05,0.0003187222200335184,0.017852793059729293
2026-01-13,0.004098360655737705,3,0.03415476581064636,-0.25997699474816705,-0.1326415860138176,2.893480441363229e-05,0.007443401733957445,-6.139441182662768e-05,0.029202987329107026,-0.259712140511397,-0.1373285102585869,1.5387166908010728e-05,0.00043558922263386805,-6.676868980359874e-05,0.0003174390099346813,0.01781681817650619
2026-01-14,0.004098360655737705,3,0.02910756839278936,-0.2396200714688336,-0.11733186015234114,2.9080275208163814e-05,0.007442198771375626,-6.140198941854504e-05,0.026458579673171785,-0.11728918215043191,0.0023500404464429775,1.549126467499037e-05,0.00043365234179169095,-6.660526507308715e-05,0.000315933076320507,0.017774506359404387
2026-01-15,0.004098360655737705,3,0.026372127917382613,-0.10821535779600648,0.011337413045079237,2.9183693820608725e-05,0.007440549983493254,-6.125170035936e-05,0.022318234673085937,-0.22236478958512473,-0.10686591198833569,1.5591314001844705e-05,0.0004319884674328922,-6.644426425105238e-05,0.00031469125293263217,0.01773953925367376
2026-01-16,0.004098360655737705,3,0.02224531123587062,-0.2051620177155388,-0.08973606355596507,2.928309040575686e-05,0.007439133594926215,-6.110364038094742e-05,0.02380535766853667,-0.19191477566757348,-0.0749287750753337,1.5699239881175206e-05,0.0004308553378233274,-6.634049891709231e-05,0.000313873579870318,0.01771647763722569
2026-01-19,0.004098360655737705,4,0.023727575149858203,-0.17706770338435943,-0.06015948531079811,2.9390312155186317e-05,0.007438169007777266,-6.100821544514938e-05,0.011636071916567178,-0.09496237767789331,0.009854337162376978,7.79087176001336e-06,0.00037687040123056837,-4.5591751707840354e-05,0.00029347776957490103,0.01713119288242652
2026-01-20,0.004098360655737705,4,0.01159805177867231,-0.08761581834880994,0.017162876353565476,2.1533539800462652e-05,0.007392213826980122,-4.192720067103759e-05,0.008743796202032191,-0.11432861123314897,-0.012404172107413666,7.1473378759372975e-06,0.00035406613192227616,-4.16702828452215e-05,0.00027787290410777045,0.01666952021228477
2026-01-21,0.004098360655737705,4,0.008715226394307597,-0.10548382505598519,-0.003587955737974491,2.0894204459432278e-05,0.007372801480033884,-3.832092967311997e-05,0.006368207655947731,-0.20560663180306074,-0.1060577812234099,7.125035562031529e-06,0.0003529073598134711,-4.140801112302688e-05,0.00027721637312944883,0.01664981600887676
2026-01-22,0.004098360655737705,4,0.006347399935356253,-0.1897003186300933,-0.09017227577103394,2.087204765025791e-05,0.007371815064468288,-3.807973869635603e-05,0.004755166640069404,-0.19701052955467058,-0.09907471999089808,7.1847544688786915e-06,0.00035502375456499154,-4.1657037709473684e-05,0.00027889443361492285,0.0167001327424342
2026-01-23,0.004098360655737705,4,0.004739629430204699,-0.18176923527350963,-0.08384896291960182,2.0931376939079915e-05,0.007373616665240331,-3.830874914827475e-05,-0.005466611386363568,-0.3361701518158461,-0.24845612027850655,7.262920782422346e-06,0.0003581617048712604,-4.2038444726041495e-05,0.0002813477362015997,0.016773423508681815
2026-01-26,0.004098360655737705,4,-0.005448749575245739,-0.31016307379849556,-0.22243118045003818,2.1009033280048298e-05,0.0073762878747064995,-3.8659499622252055e-05,-0.005868863995780685,-0.023914755528865905,0.06339702339905652,7.3525141506629e-06,0.0003621005584804309,-4.251235289876028e-05,0.00028442836683357326,0.016865004204967553
2026-01-27,0.004098360655737705,4,-0.005849687849396774,-0.02206464209837376,0.06526631297593258,2.1098042123336127e-05,0.007379640860579362,-3.9095316240673586e-05,-0.00916483016735329,-0.13714253426783013,-0.053126721511480304,7.453680573355326e-06,0.0003668788516954461,-4.308194927117686e-05,0.0002881686337264477,0.01697553044020857
2026-01-28,0.004098360655737705,4,-0.009134884657455771,-0.12653279818943358,-0.04248703992318624,2.1198548516166938e-05,0.0073837084272462316,-3.9619129880492525e-05,-0.008815641023016407,-0.14271964462062867,-0.058354642719941965,7.567595703975618e-06,0.00037257447458213366,-4.375676552827455e-05,0.00029262853922956016,0.017106388842463512
2026-01-29,0.004098360655737705,4,-0.008786836466828549,-0.13167844744054555,-0.04728464098367098,2.131172044181963e-05,0.007388556879352133,-4.023970609367953e-05,-0.012363430509735197,-0.18009117660701188,-0.09927396419304398,7.695689575749754e-06,0.00037927649017129375,-4.454801882978504e-05,0.0002978761420874734,0.017259088680677014
2026-01-30,0.004098360655737705,4,-0.01232303377308694,-0.16615881153844175,-0.08530120238782558,2.1438978603699012e-05,0.007394262032632732,-4.096736043270652e-05,-0.0158622671862857,-0.19865090129035895,-0.12133252555294154,7.839537140879024e-06,0.00038708006173314956,-4.546788668045465e-05,0.0003039838255131193,0.017435131932770662
2026-02-02,0.004098360655737705,4,-0.015810438219425405,-0.1832827031913633,-0.1059124984870856,2.158188767870498e-05,0.007400904895709404,-4.1813291604928356e-05,-0.0053810731546874435,0.13792536968366848,0.22572493945268413,8.000814349311196e-06,0.0003960827214551082,-4.652910698516273e-05,0.0003110253218340939,0.017635910008675308
2026-02-03,0.004098360655737705,4,-0.005363490834396668,0.12725507123343588,0.21507222332274234,2.174211268255454e-05,0.0074085684937663715,-4.2789213674271087e-05,-0.007362764885552257,-0.09714680627086772,-0.011328928232716876,8.181229187008053e-06,0.0004063782007471435,-4.7744325149042804e-05,0.00031907077963606596,0.01786255243900115
2026-02-04,0.004098360655737705,4,-0.007338707511359029,-0.08963125333978265,-0.0037893179274385708,2.1921350457969376e-05,0.007417332616540616,-4.3906755639813236e-05,-0.0025975161236121676,-0.1624999643859525,-0.07191683758586155,8.382393926401498e-06,0.0004180457780373929,-4.912492898886908e-05,0.0003281783139860562,0.01811569247878911
2026-02-05,0.004098360655737705,4,-0.0025890289019868643,-0.1499285054721426,-0.05933689145042635,2.2121202758595386e-05,0.007427264750533526,-4.5176389994082786e-05,0.0014337450765290936,-0.10593676363019217,-0.011322375629959969,8.605600210917907e-06,0.00043113254707003324,-5.067905712452812e-05,0.0003383800330318949,0.0183951089431918
2026-02-06,0.004098360655737705,4,0.0014290604040806437,-0.09774119462516856,-0.0031314912973848114,2.234295280092036e-05,0.007438404984734082,-4.660560119504387e-05,0.0036741327273459856,-0.006394833680593862,0.09045994197045523,8.851441470802739e-06,0.0004456249168283801,-5.2408329631736204e-05,0.0003496596990357104,0.01869918979623744
2026-02-09,0.004098360655737705,3,0.003662127728241533,-0.005900111179084297,0.09094265947286034,2.2587190143532808e-05,0.007450741749662564,-4.8195879100776395e-05,0.0056080626729112125,-0.16167500016510525,-0.06288629456849092,9.693657318665625e-06,0.0005094123180553562,-5.955418320043485e-05,0.0003999976089731522,0.019999940224239475
2026-02-10,0.004098360655737705,3,0.005589738678553326,-0.1491673628271765,-0.05039698122492005,2.3423911207704406e-05,0.007505041369908091,-5.476736682207743e-05,0.007068499931151611,-0.11973660265456043,-0.019487459799705717,9.949811449603995e-06,0.0005180839911368444,-6.095093890984221e-05,0.00040613192476676393,0.02015271507183992
2026-02-11,0.004098360655737705,3,0.007045404049309424,-0.11047343889671586,-0.01024739192370333,2.3678394138148618e-05,0.007512423212500214,-5.6051854799025876e-05,0.003930587019560006,-0.17973460088722687,-0.08262337094396376,1.00930183999826e-05,0.0005224140555193406,-6.163965376119662e-05,0.00040922776639692993,0.020229378794143184
2026-02-12,0.004098360655737705,3,0.003917744072080567,-0.16582982152938522,-0.06873143453360155,2.3820666777901964e-05,0.0075161092201927295,-5.668521247220549e-05,0.005303406646755505,-0.22937509707391618,-0.1308910475034576,1.0226711889061961e-05,0.0005267694407010007,-6.2292276877891e-05,0.00041241159883428067,0.020307919608721144
2026-02-13,0.004098360655737705,3,0.005286078096926322,-0.21162998790043275,-0.11316326687980331,2.395348802406962e-05,0.007519816782451704,-5.728537937413871e-05,0.006634546416832663,-0.11411921610087768,-0.014304026760341912,1.0372482450928374e-05,0.000532040970313322,-6.304719192725497e-05,0.00041631906890974045,0.020403898375304177
2026-02-24,0.004098360655737705,3,0.006612868450982458,-0.10529062932604637,-0.005497117951360805,2.4098307549799577e-05,0.007524304221202242,-5.7979616238892165e-05,0.006534722356451201,-0.08075359439479522,0.01896177088535908,1.0536381687165046e-05,0.0005385053433161731,-6.3945062339358e-05,0.0004211516003246222,0.020521978470036027
2026-02-25,0.004098360655737705,4,0.006513370559480678,-0.07450626690821519,0.025187746574968597,2.426113747482277e-05,0.007529807079014732,-5.880531807167253e-05,0.006494773469430026,-0.11345811015716584,-0.013782693764032697,9.0813056629076e-06,0.0003640637297676261,-4.7717968983391766e-05,0.00027770909746375013,0.01666460612987148
2026-02-26,0.004098360655737705,4,0.006473552202951595,-0.10468066841636857,-0.0050264732897138675,2.2815554655933e-05,0.007381312028448269,-4.388251791687486e-05,0.011001875333201159,-0.01938508578951674,0.08479743246738752,8.915693959487236e-06,0.0003582391777814031,-4.660417267577345e-05,0.0002739465263893434,0.01655133004895206
2026-02-27,0.004098360655737705,4,0.010965927393013983,-0.017885400479033947,0.08626116983768314,2.2651023436202598e-05,0.007376353824243855,-4.285824577231185e-05,0.019167061963978264,-0.06677002062084067,0.0455776842668407,8.975599078096534e-06,0.0003597665731669038,-4.676963692808272e-05,0.0002752028983888349,0.016589240440382885
2026-03-02,0.004098360655737705,4,0.019104434786685526,-0.061604502129307376,0.05068057558108126,2.271053772190416e-05,0.007377654033811923,-4.3010410421630665e-05,0.02112005652833013,-0.015621524349492016,0.09867917510254122,9.082463990129615e-06,0.0003630192728915271,-4.721134342751484e-05,0.000277679050026627,0.016663704570911805
2026-03-03,0.004098360655737705,4,0.02105104806333335,-0.01441299884443845,0.099818692142598,2.2816705425997855e-05,0.007380422924790743,-4.3416613656769956e-05,0.019447911039149172,-0.1168860122042305,-0.004257458241378229,9.20854154339867e-06,0.00036722341213621043,-4.77823435275667e-05,0.0002808672666244757,0.016759095041930985
2026-03-04,0.004098360655737705,4,0.01938436620505247,-0.1078433782222652,0.004721630906490387,2.2941960424235085e-05,0.00738400173753518,-4.3941718196105734e-05,0.021799960897647734,-0.0510168705502346,0.06396373327111624,9.350411644827341e-06,0.000372306623661744,-4.8466344552733736e-05,0.00028472434620110384,0.016873776880150567
2026-03-05,0.004098360655737705,4,0.021728730887608762,-0.04707006050349421,0.06783931330781766,2.3082904936906917e-05,0.00738832886875788,-4.457074092866378e-05,0.023991523822739582,0.0005813541979731787,0.11775352094441587,9.508700861120507e-06,0.0003783106001218001,-4.926859248862746e-05,0.00028928211600566566,0.017008295505595662
2026-03-06,0.004098360655737705,4,0.02391313301778505,0.0005363789855673937,0.11763015492705556,2.324016144287244e-05,0.007393439809719154,-4.530850618084552e-05,0.027250765918044165,-0.009541126768139523,0.11089028207360775,9.684718838510178e-06,0.00038529262066906277,-5.0197723228324214e-05,0.00029458189305092453,0.017163388157672266
2026-03-09,0.004098360655737705,4,0.027161725743200485,-0.008802998094632645,0.11153937057227095,2.3415031043971178e-05,0.007399383319831971,-4.61629557142289e-05,0.03220228667433663,-0.060166660769482794,0.06521626882855694,9.879814656308032e-06,0.00039330348661430724,-5.126205685712771e-05,0.00030065918755635987,0.017339526739688135
2026-03-10,0.004098360655737705,4,0.03209706771482289,-0.05551199695646058,0.06976571368206541,2.3608854017853074e-05,0.007406202644185956,-4.714174086645862e-05,0.028691666259629642,-0.007950179812096246,0.1139221293712365,1.0095125236145673e-05,0.000402374567665586,-5.246782912958706e-05,0.0003075340346425576,0.017536648329785187
2026-03-11,0.004098360655737705,4,0.028597918032956044,-0.0073351313150529516,0.1144434296416062,2.3822759868646903e-05,0.00741392448653768,-4.82505961777206e-05,0.027548455795818456,0.07950693315226498,0.20023603187178654,1.0331300670100125e-05,0.0004125012648570339,-5.3817077506148455e-05,0.0003151984105148371,0.01775382805241836
2026-03-12,0.004098360655737705,4,0.02745844293790062,0.07335605092122165,0.19399513678282537,2.405739444709968e-05,0.007422544931974553,-4.94913953424834e-05,0.02866071450109828,0.12550430423985637,0.24734566166465777,1.058809415956966e-05,0.00042361856910070207,-5.530449455796585e-05,0.00032359767414434003,0.017988820810279367
2026-03-13,0.004098360655737705,3,0.028567067407361632,0.1157949347011019,0.23754264503216665,2.4312512564772846e-05,0.007432008640904112,-5.085925752976467e-05,0.03175088771322314,0.051860386776074005,0.17679191741300027,1.1446470996313628e-05,0.00047643217402256865,-6.179273824722665e-05,0.00036429316852442897,0.019086465584922448
2026-03-16,0.004098360655737705,3,0.03164714367160868,0.04784831991763927,0.17267610651295107,2.5165289180319966e-05,0.007476966714691289,-5.682599240991295e-05,0.03489636393210529,0.03446350534520873,0.16254051220101712,1.1721677580364226e-05,0.00048193188721048705,-6.294022079767919e-05,0.00036777312319549293,0.019177411796055612
2026-03-17,0.004098360655737705,3,0.034782342243494115,0.031797310659503225,0.15976029582670043,2.543870026188315e-05,0.007481648396838844,-5.78812431813165e-05,0.03981625185982867,-0.0024924210442035105,0.13050447373932827,1.1861083480623792e-05,0.0004833730475866946,-6.333521078009325e-05,0.0003685637095071319,0.01919801316561513
2026-03-18,0.004098360655737705,3,0.039686154744838165,-0.002299600271155832,0.13056719739738543,2.5577196650324387e-05,0.007482875198050929,-5.824448485629859e-05,0.044136988164861,0.001677144918403096,0.1389947760069672,1.1979440942406992e-05,0.0004845082506748583,-6.363388800638886e-05,0.0003692199156044876,0.019215096034224954
2026-03-19,0.004098360655737705,3,0.043992773313979674,0.001547396222679491,0.13872081246036227,2.569478192448799e-05,0.0074838415502678736,-5.851915515374653e-05,0.051895248405302886,-0.06987892056976361,0.07519697075924239,1.2103983972072139e-05,0.0004861875680088534,-6.398811212221677e-05,0.000370315327736492,0.019243578870274936
2026-03-20,0.004098360655737705,3,0.051725683923869184,-0.06447288874567227,0.08043343810190003,2.581851241065849e-05,0.0074852710848115865,-5.884490762059644e-05,0.05017700311185165,-0.05862896681923803,0.08472867921631673,1.2242164650036763e-05,0.0004886581510140922,-6.444050143271841e-05,0.00037201931279869213,0.01928780217647133
2026-03-23,0.004098360655737705,4,0.05001305288954789,-0.0540932633788569,0.0891004324343941,2.595579157039871e-05,0.007487374191638156,-5.926093500915526e-05,0.05691474187710904,-0.06662309992044291,0.08347228488036924,1.1065906539198794e-05,0.0003508686871048772,-5.130145858958283e-05,0.0002593316764649103,0.01610377832885532
2026-03-24,0.004098360655737705,4,0.05672877651440469,-0.06146894763169999,0.08844047180640781,2.4787207601409982e-05,0.007370079625310206,-4.717797558615131e-05,0.051411693492314135,-0.04626702995340309,0.09832530646261416,1.0890585473924423e-05,0.00034487006788959905,-5.010628122821317e-05,0.00025554809090709714,0.015985871602984217
2026-03-25,0.004098360655737705,4,0.051243708996343174,-0.042687681069721116,0.10173667085032517,2.4613030365633303e-05,0.007364973244753517,-4.607886359350968e-05,0.05223330929512782,0.10393594803174364,0.24934990025057457,1.0936568438486497e-05,0.00034458009652716965,-5.002401320049695e-05,0.00025546863856466226,0.015983386329706927
2026-03-26,0.004098360655737705,4,0.05206264022086071,0.09589516780581332,0.24113845095037711,2.4658713328189485e-05,0.00736472640392666,-4.600320806421631e-05,0.05410028711199226,0.08635141866621167,0.23363234870190702,1.103663795435736e-05,0.00034583205687832574,-5.021893367670938e-05,0.00025643082747926435,0.01601345769905002
2026-03-27,0.004098360655737705,4,0.05392351780436867,0.07967102759035172,0.22677518831842347,2.475812997063699e-05,0.007365792146852733,-4.618246131979252e-05,0.05365591132113367,-0.024571426673732633,0.12226512757110414,1.1158234182371444e-05,0.0003479221711139959,-5.053914523144026e-05,0.0002580021148334868,0.016062444235965048
2026-03-30,0.004098360655737705,4,0.05348059398363941,-0.022670511297844552,0.12399072560949798,2.487893288067646e-05,0.007367571376090538,-4.647693507018536e-05,0.055448669791138314,0.06976286124585149,0.21839217396069288,1.1295738528544834e-05,0.00035074903806999944,-5.096013716488965e-05,0.00026012450226876497,0.016128375686000278
2026-03-31,0.004098360655737705,4,0.055267494727365765,0.06436580810078718,0.21281394575185605,2.501554012114856e-05,0.007369977772953289,-4.6864088724375514e-05,0.057600808368131064,0.022101090681337365,0.17288254197317154,1.1449059881682092e-05,0.0003543326606377656,-5.148331614024736e-05,0.00026281508823895294,0.016211572663963017
2026-04-01,0.004098360655737705,4,0.05741260132603689,0.02039128751614456,0.17098453176588457,2.5167861175285408e-05,0.007373028365088883,-4.734521588148183e-05,0.055498908871259266,0.04089195698957455,0.18957150878453694,1.1619281193193965e-05,0.0003587172555921262,-5.211547187458657e-05,0.000266105593036147,0.01631274327132463
2026-04-02,0.004098360655737705,4,0.055317569654431666,0.0377284390211721,0.18622665159930687,2.5336971929107376e-05,0.00737676079243931,-4.7926560518091375e-05,0.057580838563286225,0.06740678573660067,0.21816826722359,1.1807720927675498e-05,0.00036394874141197284,-5.286423230172657e-05,0.0002700279977361952,0.01643252864705232
2026-04-03,0.004098360655737705,4,0.05739269677128155,0.062192005286636966,0.21276534498162164,2.5524182245284268e-05,0.007381214143538012,-4.8615137453770555e-05,0.05952324994971607,0.011766017308357836,0.16446991018177703,1.2015656820868298e-05,0.0003700655318755611,-5.3736518795637135e-05,0.00027460815110515516,0.01657130505135776
2026-04-07,0.004098360655737705,4,0.05932876144987991,0.01085576478165646,0.16336516915523946,2.5730761523355604e-05,0.007386421118472019,-4.941731173975077e-05,0.05779729480096875,0.041207338916842785,0.19218527664151464,1.2244133261448214e-05,0.0003770894420857037,-5.473724963314608e-05,0.00027985907608085974,0.016728989093213603
2026-04-08,0.004098360655737705,4,0.05760844575173295,0.03801942210653417,0.18880851078197022,2.59577473381978e-05,0.007392400287551071,-5.0337606334062605e-05,0.05016337451034719,-0.08247178661690002,0.06087223081715028,1.2493706490337177e-05,0.00038501283010087574,-5.586755193442102e-05,0.0002857714327223709,0.016904775441347067
2026-04-09,0.004098360655737705,4,0.049999468818647246,-0.07609153489856497,0.06708857684378539,2.6205692301706377e-05,0.007399145145501168,-5.137705776177207e-05,0.05009232381174856,0.015450928588950627,0.1587238953244023,1.27640605722218e-05,0.0003937796062952314,-5.712209130628945e-05,0.0002922994842548743,0.017096768240076086
2026-04-10,0.004098360655737705,3,0.049928650273766605,0.014255600856601935,0.15736489405407167,2.6474282539792785e-05,0.007406607945505156,-5.25307603948955e-05,0.04841083896108543,0.03233319005385116,0.1739246719386397,1.3602672631536979e-05,0.0004365299648577776,-6.27600022154132e-05,0.0003246126330584882,0.018017009548159987
2026-04-13,0.004098360655737705,3,0.048252659569783626,0.029831802611396216,0.17126510510488296,2.7307423327249883e-05,0.00744299958696812,-5.771551011820156e-05,0.04796221409002454,0.09075427024542575,0.2318971272591534,1.3914055274700725e-05,0.00044068820057672695,-6.376439165676237e-05,0.00032707347253790295,0.01808517272623911
2026-04-14,0.004098360655737705,3,0.047805500552456116,0.08373326206271996,0.2247194055388792,2.761677444812187e-05,0.00744653932390813,-5.8639169246922336e-05,0.04701159777720981,0.09931707417689502,0.2395093148778079,1.4082021287284369e-05,0.0004418097382077593,-6.409206649670301e-05,0.0003277076265016376,0.018102696663802265
2026-04-15,0.004098360655737705,3,0.046857990319043225,0.09163362315478156,0.23167225639752786,2.7783644617034347e-05,0.007447494043277232,-5.8940506402315705e-05,0.043664584709675505,0.049217501634795616,0.18606272926817424,1.4222194790089376e-05,0.0004427150720742318,-6.431390621555907e-05,0.000328309454433203,0.01811931164347043
2026-04-16,0.004098360655737705,3,0.04352191340756536,0.0454098958794328,0.18211245221070127,2.7922903600029356e-05,0.007448264717175201,-5.914451519910175e-05,0.04388827823710248,-0.0052415993898515464,0.13182732177095405,1.436663486544441e-05,0.00044414207784973514,-6.458305689012014e-05,0.0003293425989349393,0.018147798735244428
2026-04-17,0.004098360655737705,3,0.043744876030369195,-0.004836094369458655,0.13208942458461365,2.8066401319606543e-05,0.007449479469151414,-5.939203221523619e-05,0.04352097624769074,-0.011757720388362102,0.12494389878303175,1.4525189291948145e-05,0.00044633516077944354,-6.494789779889817e-05,0.00033096455447359535,0.01819243124141453
2026-04-20,0.004098360655737705,4,0.0433787741772566,-0.010848109734963479,0.12571130736599623,2.8223921305498475e-05,0.007451346351450418,-5.9727548123757644e-05,0.0379010973465906,0.06963654498616195,0.20071828525645566,7.812604481731786e-06,0.00040339060899924686,-4.7623304442289413e-05,0.0003159566045963998,0.017775168201634543
2026-04-21,0.004098360655737705,4,0.0377772578793016,0.06424926402581678,0.1952071648288215,2.1555130733582386e-05,0.007414789401199671,-4.3795462274953834e-05,0.03560580535088087,0.05565436496307209,0.18444081323765607,7.27295226520124e-06,0.00038380048489389685,-4.4267409366521436e-05,0.00030253861842605525,0.017393637297185866
2026-04-22,0.004098360655737705,4,0.035489465606764053,0.05134878517324707,0.1800188937037142,2.1018999315438482e-05,0.00739811312533607,-4.070930565666197e-05,0.03620639516886365,-0.003994521077914752,0.125392517014652,7.294339611310667e-06,0.0003854392285313627,-4.4354890225129645e-05,0.00030402378769241406,0.017436277919682688
2026-04-23,0.004098360655737705,4,0.03608809303504508,-0.003685493578732764,0.12558324238001542,2.1040247126248374e-05,0.007399508121142179,-4.0789755022530714e-05,0.03512621018954354,-0.02801119889030086,0.10029565422294578,7.3961320297962316e-06,0.0003906175724482227,-4.4969314814189856e-05,0.00030807507484963923,0.017552067537747205
2026-04-24,0.004098360655737705,4,0.03501143749264837,-0.02584417296320831,0.10234790745314318,2.1141375430751272e-05,0.007403916234700304,-4.1354793698996335e-05,0.03218852592674951,-0.01485004203484571,0.11051912681560691,7.51998561563512e-06,0.0003970823772648062,-4.57478765694284e-05,0.00031310660974158454,0.017694818725875226
2026-04-27,0.004098360655737705,4,0.032083351929618656,-0.013701200593465362,0.11156279425985641,2.1264420971164156e-05,0.00740941946009826,-4.2070776606515724e-05,0.03154822970123588,0.0005440815046090734,0.12527295412954806,7.659387499481894e-06,0.00040460121785462246,-4.665145957761388e-05,0.0003189576861988766,0.017859386501189692
2026-04-28,0.004098360655737705,4,0.031445147832012285,0.0005019898136551514,0.12512778056937054,2.1402913369396476e-05,0.007415819943279271,-4.290173187118517e-05,0.028635954025358866,-0.026136228459909927,0.09568036848915204,7.814502321609984e-06,0.00041319697852041596,-4.7682348562997816e-05,0.0003256467837160303,0.018045686014004296
2026-04-29,0.004098360655737705,4,0.02854238783492951,-0.02411425557217857,0.09760877518645406,2.1557016191575774e-05,0.007423137164719493,-4.3849760576831984e-05,0.02606184698139366,-0.07769346093813585,0.041549028966960916,7.986251717684688e-06,0.00042291197129092593,-4.884692641246025e-05,0.00033320437018369016,0.01825388644052795
2026-04-30,0.004098360655737705,4,0.025976691524884604,-0.0716828740697248,0.04747446037886291,2.1727645060432983e-05,0.007431407142928037,-4.4920732569844044e-05,0.023644388134604066,-0.04864687349730824,0.06817815756099893,8.17537100726337e-06,0.00043376411157161014,-5.014932161372671e-05,0.0003416408393514201,0.018483528866302022
2026-05-06,0.004098360655737705,4,0.02356713157381937,-0.04488341315583887,0.07186436134168361,2.191553049815442e-05,0.007440645128560897,-4.611844450042347e-05,0.01833219138371848,-0.0028349766647665503,0.10867785764265503,8.38202592222765e-06,0.00044572157617981875,-5.158832722510626e-05,0.0003509269476518339,0.018733044270802166
2026-05-07,0.004098360655737705,4,0.01827229209387895,-0.0026156548156978654,0.10883728020188418,2.2120837155353955e-05,0.007450824031837027,-4.7441786437835456e-05,0.015561439217390997,-0.05073466828641712,0.05800741385467698,8.605368054236285e-06,0.00045867050452569596,-5.315362714797214e-05,0.00036096861828398795,0.01899917414741988
2026-05-08,0.004098360655737705,3,0.015510593187121504,-0.0468096902085536,0.06188154590227101,2.23427221588751e-05,0.0074618469278673214,-4.888127146567376e-05,0.01494461091571976,-0.007126753619410432,0.10099850022001243,9.441841420820048e-06,0.0005230621384591534,-6.033060467576517e-05,0.00041184277052844307,0.020293909690556007
2026-05-11,0.004098360655737705,3,0.014895780333382793,-0.006575407712020133,0.10150101554506577,2.3173738206857503e-05,0.007516660906839976,-5.548138148003757e-05,0.01656055787330358,0.10351939716479053,0.2132605979617972,9.645737328011394e-06,0.0005280933905586673,-6.132283767730394e-05,0.00041509345253207085,0.020373842360538446
2026-05-12,0.004098360655737705,3,0.0165064472852569,0.09551084249736541,0.20519793270632541,2.3376303856599527e-05,0.0075209438071166465,-5.6393861273192516e-05,0.01789390030459012,0.05864387376943306,0.16971841699772627,9.724892160525287e-06,0.0005277644420303941,-6.149167641047277e-05,0.0004145059813699738,0.02035941996644241
2026-05-13,0.004098360655737705,3,0.017835433103464554,0.0541070170850336,0.16512309311220125,2.3454942267243794e-05,0.00752066378661382,-5.6549129171034576e-05,0.0162819449063223,-0.025587072305872954,0.08387551552415246,9.786840052862828e-06,0.0005269375114187735,-6.156023949747933e-05,0.00041360387247667773,0.02033725331692256
2026-05-14,0.004098360655737705,3,0.0162287446687358,-0.023607583698392547,0.08580180389404636,2.351648599921153e-05,0.0075199598542178185,-5.661218132849436e-05,0.015820460096247588,-0.001742450029723605,0.10725865299022709,9.852437957463191e-06,0.0005265185158721975,-6.166587768626336e-05,0.000413039198457134,0.02032336582500876
2026-05-15,0.004098360655737705,3,0.01576876773144163,-0.0016076491450538065,0.10734176151009094,2.3581655930036174e-05,0.007519603180350785,-5.670932858372718e-05,0.01607425144262279,0.03709035418197232,0.14634524854829822,9.926338823032298e-06,0.000526718594957478,-6.183982103996021e-05,0.00041296529170058995,0.020321547473078665
2026-05-18,0.004098360655737705,4,0.016021729830450977,0.034220939007271946,0.14342331176142603,2.3655074651660907e-05,0.007519773499538287,-5.68692908054592e-05,0.018509172018792576,0.016119294021442222,0.1278091089639379,8.736482245063192e-06,0.00036888052634709984,-4.78743449536731e-05,0.0002818683186848168,0.016788934411832598
2026-05-19,0.004098360655737705,4,0.018448694455786768,0.014872259640382995,0.12650159701987287,2.247298093464507e-05,0.007385412371463259,-4.4026324777557206e-05,0.02062304282121174,0.03342767540998015,0.147231361154895,8.575111770911449e-06,0.0003607924323252541,-4.662646065464787e-05,0.00027611462278686986,0.016616697108236336
2026-05-20,0.004098360655737705,4,0.020555658317446525,0.0308416154708983,0.14457791671204795,2.2312663273560044e-05,0.007378527305988753,-4.287874229915749e-05,0.02376849420076443,0.06849695864453556,0.18544609576900312,8.58944903056963e-06,0.00035885104269293543,-4.641168361290333e-05,0.0002746171244976984,0.016571575800077024
2026-05-21,0.004098360655737705,4,0.023690832131163454,0.06319783932118908,0.18006931437605564,2.232690699408482e-05,0.007376874679956719,-4.268122849915129e-05,0.023032814659178558,-0.005952423366433424,0.11026103421644824,8.636808340650807e-06,0.00035816889639622533,-4.63944549225055e-05,0.00027401679489186514,0.016553452657734734
2026-05-22,0.004098360655737705,4,0.022957556376509983,-0.0054919269837327474,0.11064627231648035,2.237395732260821e-05,0.007376293996559201,-4.2665384607821156e-05,0.025952036474204413,0.07372595081947453,0.19285863021738203,8.695563735911492e-06,0.0003580844079463701,-4.645495379019588e-05,0.0002738700641018898,0.01654902003448814
2026-05-25,0.004098360655737705,4,0.025867239816665968,0.0680223018056984,0.1870701845460675,2.2432329385984943e-05,0.00737622207497823,-4.27210207277553e-05,0.02667392679334652,0.16781330972776057,0.2876678794448102,8.762944252814163e-06,0.00035852711466465275,-4.657891413917728e-05,0.00027413223063911237,0.01655693904799774
2026-05-26,0.004098360655737705,4,0.026586771404298375,0.1548307953228813,0.2745982096508828,2.249927029899471e-05,0.0073765989332013355,-4.283501745374864e-05,0.028085189393661763,0.0693187052079842,0.19058453752534907,8.839210041110631e-06,0.0003595213800779819,-4.676900191661372e-05,0.0002748225862858651,0.0165777738639983
2026-05-27,0.004098360655737705,4,0.027993422792251355,0.06395601323587441,0.18513007895182887,2.2575038514120597e-05,0.007377445310908039,-4.300982645079621e-05,0.03071258398646069,0.1116177630294693,0.2355109899396331,8.925184269198375e-06,0.0003611103274824539,-4.7031113222214025e-05,0.00027597328530722424,0.01661244368860958
2026-05-28,0.004098360655737705,4,0.0306122325373939,0.10298269577097059,0.2267755712320676,2.266045182924575e-05,0.007378797917206357,-4.3250869904850676e-05,0.03164078629889955,0.1381554267326484,0.26297685595525105,9.021872532944004e-06,0.00036334426643432755,-4.7372277039564513e-05,0.0002776215848881425,0.016661980221094445
2026-05-29,0.004098360655737705,4,0.031537402006776585,0.12746733041550543,0.2521853753459851,2.2756509279529346e-05,0.007380699578575297,-4.356461182736802e-05,0.033187235995261244,0.02671508606295181,0.15308296498191615,9.130410257558025e-06,0.0003662790424432136,-4.7800364235771274e-05,0.0002798087242292291,0.016727484097413727
2026-06-01,0.004098360655737705,4,0.033078798775387,0.02464833110649148,0.1509077728055816,2.286433888244201e-05,0.007383197834025792,-4.3958290444831104e-05,0.0326868106053159,-0.04069638820822431,0.08517106532079469,9.252059879702807e-06,0.0003699757352083853,-4.8324059362545356e-05,0.00028257967636299744,0.016810106375719263
2026-06-02,0.004098360655737705,4,0.03258000849413368,-0.03754799999636587,0.08821265142147092,2.298519483825825e-05,0.007386344678221544,-4.443989226639317e-05,0.03143470109122357,0.018637602855549586,0.14325294687047627,9.38821135764551e-06,0.00037450020799536816,-4.895283306255022e-05,0.00028598275322791326,0.016911024606093897
2026-06-03,0.004098360655737705,4,0.03133199016963924,0.01719574494846747,0.1417083780418098,2.3120458036881056e-05,0.007390196177881644,-4.5018126708134106e-05,0.03456490431012376,0.04790187559681293,0.17564742283063978,9.540374710308528e-06,0.0003799220291396963,-4.969684290627064e-05,0.0002900687180374635,0.017031403877468924
2026-06-04,0.004098360655737705,4,0.034451965645115795,0.044196050409494765,0.17182865897831368,2.3271628645569064e-05,0.0073948115537005865,-4.5702334900413964e-05,0.03530675541894383,0.05596043201822499,0.18444783036087192,9.710156527801058e-06,0.00038631231362511176,-5.056670293196966e-05,0.0002948890642889735,0.01717233427024333
2026-06-05,0.004098360655737705,4,0.03519139280179317,0.05163117401146457,0.18000320973696082,2.3440302772718077e-05,0.007400251342971578,-4.6502277751632054e-05,0.03884893204085055,0.03221259766915003,0.16424217263370366,9.89920927741964e-06,0.00039373983715718444,-5.157303730777266e-05,0.0003004929718190588,0.017334733104927193
2026-06-08,0.004098360655737705,4,0.03872199558292453,0.029720539596183364,0.16162317810281102,2.362812210459935e-05,0.007406574091655463,-4.7427725485837e-05,0.0418552759349219,-0.08590267913937163,0.049133239719253374,1.0109136222150618e-05,0.0004022644512592915,-5.272568957623458e-05,0.00030692220832897294,0.017519195424704096
2026-06-09,0.004098360655737705,4,0.04171851643617665,-0.079257003828195,0.05564215553168475,2.3836679444192644e-05,0.007413830748919755,-4.8487730446239056e-05,0.04113761497983312,0.1487334060425034,0.28305166394603964,1.0341325715369176e-05,0.00041192636194955536,-5.403239421541311e-05,0.0003142028992340983,0.0177257693552099
2026-06-10,0.004098360655737705,4,0.041003200393414804,0.1372269671934868,0.27141081051060467,2.4067354086979615e-05,0.007422055540512388,-4.968940543288346e-05,0.04396781429490591,0.036679898028890406,0.17382835524749943,1.0596675867285076e-05,0.0004227292078781142,-5.54966280180425e-05,0.00032233262770931426,0.017953624361373786
2026-06-11,0.004098360655737705,4,0.04382415220907365,0.03384223690831483,0.17084703204109158,2.4321038283720395e-05,0.007431251563868229,-5.10359477825954e-05,0.0451319520150922,0.01931011073512242,0.15762270567391773,1.0875154033857889e-05,0.0004346141171698891,-5.7114246924409856e-05,0.0003312607773549273,0.01820057079750323
2026-06-12,0.004098360655737705,3,0.04498448618200163,0.017816225707854707,0.15598135481355946,2.4597699603350768e-05,0.007441368703754514,-5.252354652482283e-05,0.04577701492056989,-0.05740573918554706,0.08155191865872594,1.180208059018133e-05,0.0004905304592541168,-6.406723674874971e-05,0.0003741980663467987,0.01934419981148868
2026-06-15,0.004098360655737705,3,0.04562744138474313,-0.05296466811014701,0.08584341619829923,2.551857870647366e-05,0.007488968011490671,-5.89176724074361e-05,0.04378204346878648,0.025986271530769087,0.1629489579232587,1.2109845840818448e-05,0.0004969618135508133,-6.539175488693611e-05,0.00037828814961775954,0.019449631092073687
2026-06-16,0.004098360655737705,3,0.04363898837752048,0.023975899737109712,0.1607955310383333,2.5824336035407293e-05,0.007494442761821577,-6.013572908856642e-05,0.04560527873349843,0.061640811594815395,0.20042673325201693,1.22681870283326e-05,0.000498859541050921,-6.588322599382236e-05,0.0003793612760916089,0.019477198876933225
2026-06-17,0.004098360655737705,3,0.0454562663349318,0.056872103285823865,0.1955090125444588,2.5981644173523216e-05,0.0074960582200563255,-6.058769697640902e-05,0.04558568205776918,-0.01572916789695842,0.12303715708451388,1.240217950790845e-05,0.0005003442640653241,-6.625955466735763e-05,0.00038022733423851725,0.019499418817967813
2026-06-18,0.004098360655737705,3,0.04543673369011598,-0.014512314781253218,0.12410506183256587,2.6114762459513895e-05,0.007497322104370487,-6.093377729187244e-05,0.044671943249668916,-0.009503501351880597,0.12834908482149143,1.2542617509899696e-05,0.000502383817860011,-6.669310893318785e-05,0.00038154021750353497,0.01953305448473267
2026-06-22,0.004098360655737705,3,0.044525980466475226,-0.008768283487470826,0.1289383399027075,2.6254284216049855e-05,0.007499058293561323,-6.133248354956865e-05,0.04470848154611794,0.18018239740473052,0.31807152187455157,1.2698209753637264e-05,0.0005052656707678436,-6.72336469161091e-05,0.00038349658668926264,0.01958306887822393
2026-06-23,0.004098360655737705,4,0.04456239937632374,0.16624297523608694,0.30398601753611376,2.6408861345045102e-05,0.007501511497728428,-6.182957444060277e-05,0.053438247677804,-0.016835666779362712,0.1297832238221444,1.1869294104314161e-05,0.00038062538709915904,-5.654851608729033e-05,0.00027939764902889256,0.01671519216248777
2026-06-24,0.004098360655737705,4,0.05326364154266338,-0.015533211766507037,0.13091107269985947,2.5585353706272872e-05,0.007395410293723865,-5.200328771823643e-05,0.05498826634937326,0.09520732899758372,0.24337623827066007,1.1757791645679114e-05,0.00037511918742819204,-5.5586394603768036e-05,0.0002757041898663351,0.01660434250027188
2026-06-25,0.004098360655737705,4,0.05480859562507787,0.08784181953849257,0.23583105808727356,2.547457871185356e-05,0.007390723089897115,-5.111849915454941e-05,0.05662556771309542,0.04669586680298393,0.19650207743978246,1.1828894619230336e-05,0.0003745958892593321,-5.5568785640057764e-05,0.0002752872125984469,0.016591781477540226
2026-06-26,0.004098360655737705,4,0.05644054720890261,0.04308334188227571,0.1927045320148814,2.5545217795464383e-05,0.007390277627450021,-5.110230555532513e-05,0.06262181903469716,-0.01039374684386317,0.1454087151145371,1.1950670202783955e-05,0.0003755379309515637,-5.5813619440254355e-05,0.00027586136227383893,0.016609074696497663
2026-06-29,0.004098360655737705,4,0.06241720615399326,-0.009589657058970498,0.14600819201872586,2.5666198890892177e-05,0.007391079549227045,-5.1327460226671746e-05,0.06420220855917669,0.023122177347353223,0.180505028830233,1.209513300361333e-05,0.000377297915046375,-5.618611091664232e-05,0.00027702082621670367,0.016643942628376956
2026-06-30,0.004098360655737705,4,0.0639924318544539,0.021333380016729284,0.1785064547948863,2.5809719187678184e-05,0.007392577752103289,-5.1670011769302714e-05,0.06318015006526426,0.06510316276347135,0.2214639557524387,1.2257008046604955e-05,0.0003797622108855196,-5.666161449869767e-05,0.0002786959899347292,0.016694190304855434
2026-07-01,0.004098360655737705,4,0.0629737128728059,0.06006659713139414,0.21622095292790317,2.597053812569564e-05,0.00739467550692108,-5.210729556204638e-05,0.06216662894597266,0.20723551276001842,0.3625827846296942,1.2436043737720306e-05,0.00038293085970813896,-5.723944393147762e-05,0.000280888015582904,0.016759714066263302
2026-07-02,0.004098360655737705,4,0.061963503370440626,0.19120318472850462,0.34634733102264836,2.6148405752355547e-05,0.007397372848785618,-5.263868050941682e-05,0.06375360079249921,-0.025500105955802876,0.13143413776039944,1.2633062287277972e-05,0.0003868240647329473,-5.792368973834352e-05,0.00028360974754353823,0.01684071695455803
2026-07-03,0.004098360655737705,4,0.0635452898856223,-0.023527345312238775,0.13319858749708663,2.634413891371286e-05,0.007400686975875274,-5.3267928348732655e-05,0.06373341104010459,-0.029662352644015476,0.12725170131979222,1.2848993456757085e-05,0.00039145747557169097,-5.871837835577358e-05,0.0002868697123169009,0.01693722859020628
2026-07-06,0.004098360655737705,4,0.06352516610198204,-0.02736758877154156,0.1293382202541436,2.6558661305297915e-05,0.007404631210068012,-5.399874188157285e-05,0.06496938904388934,-0.12354189261336308,0.034608139354229364,1.3084524582204743e-05,0.00039683057651264137,-5.962549572671357e-05,0.000290664109641419,0.017048874145861332
2026-07-07,0.004098360655737705,4,0.06475710562487084,-0.11398434081332423,0.04395340773524972,2.679265577884074e-05,0.007409205112359411,-5.483294742575343e-05,0.0639831331980167,-0.14536441456787932,0.011799361553840482,1.3339821314577933e-05,0.000402915207290638,-6.0643220756846026e-05,0.0002949685870915239,0.017174649547851736
2026-07-08,0.004098360655737705,4,0.06377407230834733,-0.13411861047077947,0.022836104761270973,2.704628690455853e-05,0.007414384711061101,-5.5768870261966e-05,0.06032575193489035,-0.21252710782953646,-0.05902071297094301,1.3614169393348337e-05,0.0004096403612109242,-6.176361430619006e-05,0.0002997273019918924,0.01731263417253112
2026-07-09,0.004098360655737705,4,0.06012864130996284,-0.19608540696981103,-0.042776122736145075,2.731884508190071e-05,0.007420109561061886,-5.679920937845591e-05,0.05573262886696322,-0.12450075278482423,0.024412519005842112,1.3905470755396868e-05,0.0004168713113671804,-6.296940609417824e-05,0.0003048379699342208,0.017459609673020206
2026-07-10,0.004098360655737705,3,0.05555052598465391,-0.11486902083776096,0.03386214807059606,2.760824593592924e-05,0.007426264974826147,-5.7908082636637295e-05,0.05707618519042462,-0.0931970781084212,0.057059750005706525,1.4878067874083148e-05,0.0004606520983436819,-6.915380470551898e-05,0.0003372225568067271,0.01836362047110338
2026-07-13,0.004098360655737705,3,0.05688969232178197,-0.08598708736931904,0.06408324787616604,2.857449763758316e-05,0.007463533778087394,-6.359539474670871e-05,0.05477331901661958,-0.24135984167092703,-0.09340587973060434,1.5205586979367738e-05,0.0004621718980723638,-6.998688829927733e-05,0.0003374037084531769,0.018368552159960156
2026-07-14,0.004098360655737705,3,0.054594350619302755,-0.22268755860627903,-0.07491256506327316,2.8899879943087893e-05,0.007464827521781748,-6.436151716365564e-05,0.05310698450486981,-0.14808572158927844,-0.0017980941607055184,1.5333433190032934e-05,0.00045919623946315356,-6.985796580882394e-05,0.0003348137410355386,0.01829791630310781
2026-07-15,0.004098360655737705,3,0.05293346075144741,-0.1366293894496608,0.00948471422548973,2.9026892059648666e-05,0.007462294464636411,-6.424295714071799e-05,0.05098572065357381,-0.22543246775979586,-0.08126610418251894,1.5408363655601335e-05,0.00045530201720823515,-6.949182030524002e-05,0.0003317267402533564,0.018213367076226086
2026-07-16,0.004098360655737705,3,0.05081912799723606,-0.2079923715912207,-0.06399260067028152,2.9101333663957532e-05,0.007458979471620136,-6.390624149746007e-05,0.04496774120482485,-0.23194590443935692,-0.09379752031082896,1.547384806305338e-05,0.0004514751292258633,-6.909522646579035e-05,0.000328758524357336,0.018131699433790976
2026-07-17,0.004098360655737705,3,0.044820811920295946,-0.21400191030431623,-0.07600045546031718,2.9166390838111825e-05,0.0074557217975314005,-6.354152487946173e-05,0.04550865913243517,-0.14585956020525875,-0.007170258149120479,1.554302288523325e-05,0.0004480143007936366,-6.873052666351976e-05,0.00032609627035183034,0.018058135849301566
2026-07-20,0.004098360655737705,4,0.04535996243237764,-0.13457545023492262,0.003965155121158123,2.9235114349994308e-05,0.0074527757350489965,-6.320613873565937e-05,0.04590197177203401,-0.0956935772217169,0.043389037474020224,8.005625197220626e-06,0.000387009270963066,-4.740052091779273e-05,0.00030021385432470117,0.017326680418496245
2026-07-21,0.004098360655737705,4,0.04575198994750316,-0.08829045021855612,0.05064218265265014,2.174689214353543e-05,0.007400844634406098,-4.359058553326533e-05,0.04131221295258034,-0.14643185097056405,-0.011938995094280605,7.338628918261855e-06,0.00036143680831291543,-4.3204220605321976e-05,0.00028236699602053334,0.016803779218394096
2026-07-22,0.004098360655737705,4,0.04117722787819601,-0.1351034669607229,-0.0007455961588237747,2.108424748095276e-05,0.007379075837058404,-3.97315733504401e-05,0.04328167815720541,-0.03533568521201333,0.1011266358688952,7.2903163577945544e-06,0.000357890896960162,-4.26932577483236e-05,0.00027979469782130935,0.016727064829829212
2026-07-23,0.004098360655737705,4,0.043140257978329134,-0.03260201621391386,0.10371888468811838,2.1036250121238347e-05,0.007376057346946326,-3.926168041063596e-05,0.044344913701843916,-0.05363969357448419,0.08388586305106283,7.3241689290684584e-06,0.0003575800250471932,-4.2692116086062614e-05,0.00027951996180413643,0.016718850492905796
2026-07-24,0.004098360655737705,4,0.04420001946726295,-0.0494899744870425,0.08789068790392356,2.1069881831604663e-05,0.00737579271433088,-3.92606305123337e-05,0.04643167480992491,-0.06364052655620125,0.07597179117742676,7.374318469272535e-06,0.000358112284784602,-4.280366162640128e-05,0.00027987928000107194,0.016729592941882115
2026-07-27,0.004098360655737705,4,0.04627996221381681,-0.05871711461652655,0.08074349052099336,2.1119704186234713e-05,0.007376245805396786,-3.936321030096977e-05,0.04562058079975992,-0.16621391595307639,-0.02741269222961336,7.432865719294428e-06,0.000359218363717502,-4.298151742746741e-05,0.0002806881945818616,0.016753751656923343
2026-07-28,0.004098360655737705,4,0.04547151840264795,-0.1533551351945485,-0.014702973868197425,2.117786946235359e-05,0.0073771873654049185,-3.9526770497331465e-05,0.043436363968775635,-0.141380301205909,-0.004763294313430255,7.499441820297467e-06,0.0003609041248908377,-4.322480472893429e-05,0.0002819539572532666,0.016791484664950465
2026-07-29,0.004098360655737705,4,0.04329443836367576,-0.13044271943751692,0.006032361849861945,2.1244011207633033e-05,0.007378622385326973,-3.975050297365049e-05,0.033006109122359836,-0.21651351684548534,-0.09032676479942241,7.5747402849255035e-06,0.0003632156589521108,-4.353915950675476e-05,0.0002837120802235268,0.01684375493242308
2026-07-30,0.004098360655737705,4,0.03289826372322489,-0.1997634160587383,-0.0736845094118103,2.1318818410102483e-05,0.007380590100256526,-4.003959070022081e-05,0.02783050660912556,-0.16066931999796566,-0.03965817046513699,7.65968554276581e-06,0.0003662094389857177,-4.393175170142495e-05,0.00028600562112563366,0.016911700716534504
2026-07-31,0.004098360655737705,4,0.027739572167799497,-0.1482394849349445,-0.02731926984344188,2.140320946818673e-05,0.007383138583433401,-4.040062731564415e-05,0.026249702737773436,-0.06294685270185418,0.056483492959622364,7.755332596304584e-06,0.00036994874216179224,-4.441068860921671e-05,0.0002888826975396634,0.016996549577477878
2026-08-03,0.004098360655737705,4,0.02616393347431878,-0.058077105342307,0.06126747105571489,2.149823250132594e-05,0.007386321700138865,-4.0841068471983804e-05,0.024719861538274955,-0.13376812891331794,-0.015867624451339865,7.862860566435895e-06,0.0003745032737192235,-4.498496976968566e-05,0.0002923961947462881,0.017099596332846224
2026-08-04,0.004098360655737705,4,0.02463909093534588,-0.12341944641996733,-0.005599712560918332,2.1605058937594958e-05,0.007390198787607671,-4.1369190348302e-05,0.022992178694833165,-0.09071473771062338,0.02545808390791289,7.983574626094303e-06,0.0003799488355705318,-4.566447530849738e-05,0.0002966034595796313,0.01722217929240174
2026-08-05,0.004098360655737705,4,0.022917053187638908,-0.08369678787712342,0.032400908234218595,2.172498543472055e-05,0.007394834372924861,-4.199407893046063e-05,0.02186894330170683,-0.11084263311639023,0.004206953109019709,8.118901396710832e-06,0.0003863663558079638,-4.6459888364042603e-05,0.0003015654804765894,0.01736564080235997
2026-08-06,0.004098360655737705,4,0.021797487895973036,-0.10226753211014247,0.012710598709533671,2.18594293065718e-05,0.0074002973468837874,-4.2725558672891154e-05,0.02891907133904679,-0.055380324559626826,0.06671938970312308,8.270369874630324e-06,0.00039383976275493126,-4.738248826191971e-05,0.0003073451561057222,0.017531262250782807
2026-08-07,0.004098360655737705,4,0.028824580080485853,-0.0510959453139721,0.07090927769021686,2.2009909574017303e-05,0.00740665915425256,-4.3574002297195244e-05,0.03229440780436288,-0.037636372413672875,0.08783867831439311,8.439567294596524e-06,0.0004024519729173637,-4.844372683712065e-05,0.00031400408653771894,0.017720160454626786
2026-08-10,0.004098360655737705,4,0.03218888784481306,-0.03472471571730846,0.09064481505120771,2.217800311636567e-05,0.007413990378480222,-4.4549941168494285e-05,0.03496297346215756,0.06992817559820041,0.19807179198406108,8.62805348663501e-06,0.0004122778820378819,-4.9654453232654785e-05,0.00032159702905920737,0.017933126583482516
