date,mean_standardized_innovation,innovation_rms,n,model,sample
2022-07-22,0.6244597088092572,0.6345989728634723,4,two_factor_ou,full
2022-07-25,-0.006684035579339803,0.3468326486709893,4,two_factor_ou,full
2022-07-26,-0.26135644162582333,0.6562575282822484,4,two_factor_ou,full
2022-07-27,-0.2750459272897238,0.40055291030539236,4,two_factor_ou,full
2022-07-28,-0.5513320519741552,0.7640321575995686,4,two_factor_ou,full
2022-07-29,-0.19122447676331542,0.7278288492593596,4,two_factor_ou,full
2022-08-01,0.4013848444647972,0.6303941158452923,4,two_factor_ou,full
2022-08-02,-0.4349629258342188,0.8981433392318543,4,two_factor_ou,full
2022-08-03,0.37874331365318276,1.0931915015163984,4,two_factor_ou,full
2022-08-04,0.6112581957207475,1.2565125532919215,4,two_factor_ou,full
2022-08-05,-0.15238867385042304,1.176450856156528,4,two_factor_ou,full
2022-08-08,0.34837390763671255,1.0253473267479782,4,two_factor_ou,full
2022-08-09,0.2876454895580209,0.8524664748457219,4,two_factor_ou,full
2022-08-10,0.11187554223402177,1.0269335879501416,4,two_factor_ou,full
2022-08-11,0.06871295518338069,0.8719753704722298,4,two_factor_ou,full
2022-08-12,-0.04405298675539169,0.21966787261331047,3,two_factor_ou,full
2022-08-15,0.13331298507827205,0.28283154409968675,3,two_factor_ou,full
2022-08-16,0.11819269841544304,0.3783216932671652,3,two_factor_ou,full
2022-08-17,-0.2152654770241187,0.528766158636803,3,two_factor_ou,full
2022-08-18,-0.20390328324681417,0.41354837837652697,3,two_factor_ou,full
2022-08-19,0.07589426072800853,0.3971429781699875,3,two_factor_ou,full
2022-08-22,0.12710940130617085,0.4222398594880854,4,two_factor_ou,full
2022-08-23,0.2772090097942606,0.5523982647380096,4,two_factor_ou,full
2022-08-24,0.6016060425383317,0.7512345393999161,4,two_factor_ou,full
2022-08-25,0.3697047149776715,0.8756607811846767,4,two_factor_ou,full
2022-08-26,0.20710200382153618,0.6393338646528319,4,two_factor_ou,full
2022-08-29,0.21718623299757636,0.7567993157363945,4,two_factor_ou,full
2022-08-30,0.030570020918060548,0.8429176308923642,4,two_factor_ou,full
2022-08-31,0.223292108496468,0.8027668882230165,4,two_factor_ou,full
2022-09-01,0.15238805701333596,0.6730612369190783,4,two_factor_ou,full
2022-09-02,0.10119674762618841,0.9088086226277726,4,two_factor_ou,full
2022-09-05,-0.10315200557724996,1.0935360347385474,4,two_factor_ou,full
2022-09-06,-0.08373613565758681,0.9686044751417778,4,two_factor_ou,full
2022-09-07,0.10414961334296854,1.120196543966335,4,two_factor_ou,full
2022-09-08,0.38364378723259357,0.8713064038284,3,two_factor_ou,full
2022-09-09,-0.18720546642784563,0.6369072702717935,3,two_factor_ou,full
2022-09-13,0.46271417249827373,0.49755027106582284,3,two_factor_ou,full
2022-09-14,0.26614711365839056,0.4601646727309362,3,two_factor_ou,full
2022-09-15,1.035710356541446,1.1517074491105426,3,two_factor_ou,full
2022-09-16,0.3784749971943973,0.37880733884557943,3,two_factor_ou,full
2022-09-19,0.8323874356209735,0.8467096061661707,4,two_factor_ou,full
2022-09-20,0.5890606355675496,0.6992423344553194,4,two_factor_ou,full
2022-09-21,0.1359067576224433,0.5331830464480039,4,two_factor_ou,full
2022-09-22,-0.7869331976819504,0.8139442974388219,4,two_factor_ou,full
2022-09-23,-0.8776348700851361,0.9450879846642556,4,two_factor_ou,full
2022-09-26,-0.6058187793196117,0.6243793174842318,4,two_factor_ou,full
2022-09-27,-0.4369626333627076,0.5096465264305019,4,two_factor_ou,full
2022-09-28,-0.8716343641083555,0.9606575236766757,4,two_factor_ou,full
2022-09-29,-0.29117867886993454,0.3899276464995982,4,two_factor_ou,full
2022-09-30,0.24408741233213713,0.8935243568456184,4,two_factor_ou,full
2022-10-10,0.4973530599397514,0.8385559493033246,4,two_factor_ou,full
2022-10-11,0.34845513207297396,0.44124789938563835,4,two_factor_ou,full
2022-10-12,0.05350210942914235,1.2598028636110552,4,two_factor_ou,full
2022-10-13,0.10290413869328331,0.6696145040994532,4,two_factor_ou,full
2022-10-14,-0.26059982574578866,0.6313888369195076,3,two_factor_ou,full
2022-10-17,0.25384980509662397,1.0422275458528525,3,two_factor_ou,full
2022-10-18,0.2796916039214457,0.4532121120913922,3,two_factor_ou,full
2022-10-19,-0.002552072979437936,0.4906082834679575,3,two_factor_ou,full
2022-10-20,0.4741757722475833,0.536580047733301,3,two_factor_ou,full
2022-10-21,0.15734056188874693,0.31967334381813917,3,two_factor_ou,full
2022-10-24,-0.37253230895533085,0.8109817969147127,4,two_factor_ou,full
2022-10-25,-0.4260969715380392,0.74875744135332,4,two_factor_ou,full
2022-10-26,-0.6390572441257614,1.0903524161268423,4,two_factor_ou,full
2022-10-27,-0.6799723929781959,1.1057931274591772,4,two_factor_ou,full
2022-10-28,-0.36424951326503496,1.3516334358662474,4,two_factor_ou,full
2022-10-31,0.4839952540205481,0.8695114636644844,4,two_factor_ou,full
2022-11-01,-0.19926804625230304,0.9718762962596418,4,two_factor_ou,full
2022-11-02,-0.22140311132812415,0.9549300232293276,4,two_factor_ou,full
2022-11-03,0.28943195825290624,0.9472178179593527,4,two_factor_ou,full
2022-11-04,-0.5726970156815763,1.0278901097799975,4,two_factor_ou,full
2022-11-07,-0.27909232494361585,1.2793325816522048,4,two_factor_ou,full
2022-11-08,-0.21392488837093548,0.4788052214650566,4,two_factor_ou,full
2022-11-09,-0.5710101154261515,1.4158950721470056,4,two_factor_ou,full
2022-11-10,-0.1866143977492149,0.4587343637610203,4,two_factor_ou,full
2022-11-11,-0.2480104830656301,0.5505758884762387,3,two_factor_ou,full
2022-11-14,-0.15017993185093068,0.40164987338108254,3,two_factor_ou,full
2022-11-15,-0.1818153965855307,0.30097776890295147,3,two_factor_ou,full
2022-11-16,0.06395659907339428,0.334996055590781,3,two_factor_ou,full
2022-11-17,-0.3226244000733527,0.480724516925589,3,two_factor_ou,full
2022-11-18,-0.23715925702454918,0.5766653990014617,3,two_factor_ou,full
2022-11-21,-0.4327309978950064,0.9619111754712003,4,two_factor_ou,full
2022-11-22,0.7645834879654437,1.099948688961985,4,two_factor_ou,full
2022-11-23,0.19964273140661903,0.6660907428930535,4,two_factor_ou,full
2022-11-24,0.4052380755299124,0.9129864808307632,4,two_factor_ou,full
2022-11-25,0.15867301413850582,0.8590758974718883,4,two_factor_ou,full
2022-11-28,0.11448239175164082,0.7974740281024363,4,two_factor_ou,full
2022-11-29,-0.18190976274392065,0.7685967235861885,4,two_factor_ou,full
2022-11-30,0.37308127407219244,0.7185714270251414,4,two_factor_ou,full
2022-12-01,-0.22371370919324438,0.7816696757491753,4,two_factor_ou,full
2022-12-02,-0.05838673917639092,0.7290918800878882,4,two_factor_ou,full
2022-12-05,0.380123366336083,1.2789216158771002,4,two_factor_ou,full
2022-12-06,0.4385641783288916,1.07549110903506,4,two_factor_ou,full
2022-12-07,0.35166909333764174,1.0154065506307872,4,two_factor_ou,full
2022-12-08,0.48323969519445886,0.9012337392982608,4,two_factor_ou,full
2022-12-09,0.5331740045860123,0.6907294415641754,3,two_factor_ou,full
2022-12-12,0.3271317789236608,0.5919622321954073,3,two_factor_ou,full
2022-12-13,-0.10222458222441556,0.37582540938739417,3,two_factor_ou,full
2022-12-14,0.5051011389562196,0.5228770498665458,3,two_factor_ou,full
2022-12-15,-0.03347197340268473,0.17716598272536316,3,two_factor_ou,full
2022-12-16,-0.7556416155588866,1.0505110522316488,3,two_factor_ou,full
2022-12-19,-0.3817504865741791,0.5399956317515247,4,two_factor_ou,full
2022-12-20,-0.2765609995732373,0.5890248106120531,4,two_factor_ou,full
2022-12-21,-0.5348545964845707,0.72638792932332,4,two_factor_ou,full
2022-12-22,-0.7403142084391727,0.8835408076725902,4,two_factor_ou,full
2022-12-23,-0.04277422596999721,0.38730595628485975,4,two_factor_ou,full
2022-12-26,-0.3319181158946473,0.5359154656426228,4,two_factor_ou,full
2022-12-27,0.10576259314113087,0.2946007219888358,4,two_factor_ou,full
2022-12-28,-0.3481840444668876,0.5399775498719568,4,two_factor_ou,full
2022-12-29,0.09994791607735234,0.49790742247186115,4,two_factor_ou,full
2022-12-30,0.2832685512583346,0.6952932136231162,4,two_factor_ou,full
2023-01-03,0.8997861831266392,0.9749047029107629,4,two_factor_ou,full
2023-01-04,0.527016317308169,0.6165813522819156,4,two_factor_ou,full
2023-01-05,0.29181282653792195,0.6379176270367102,4,two_factor_ou,full
2023-01-06,-0.054138312931044,0.18205938984530767,4,two_factor_ou,full
2023-01-09,0.17505946465223887,0.6074478112528808,4,two_factor_ou,full
2023-01-10,-0.10592147767011859,0.6710665182628824,4,two_factor_ou,full
2023-01-11,0.20227628390167163,0.6416928867228714,4,two_factor_ou,full
2023-01-12,-0.475103342852553,0.910578380683123,4,two_factor_ou,full
2023-01-13,-0.627718852835324,1.0563202291977847,3,two_factor_ou,full
2023-01-16,-0.19731330731067329,0.8153589306579245,3,two_factor_ou,full
2023-01-17,-0.714353254152976,1.3543185934794817,3,two_factor_ou,full
2023-01-18,-0.868600131940009,1.728184024941764,3,two_factor_ou,full
2023-01-19,-0.7537989310801168,1.7045065292384474,3,two_factor_ou,full
2023-01-20,0.05223039543321306,1.1205984311057118,3,two_factor_ou,full
2023-01-30,-0.10908810380043152,1.5768339474553372,4,two_factor_ou,full
2023-01-31,-0.6510995425328816,2.124229027770066,4,two_factor_ou,full
2023-02-01,0.30773041834484155,1.5993631548392717,4,two_factor_ou,full
2023-02-02,0.221879681282863,1.734923077084379,4,two_factor_ou,full
2023-02-03,0.7727318361251188,1.5589197897241203,4,two_factor_ou,full
2023-02-06,0.3019955800085163,1.648812501852981,4,two_factor_ou,full
2023-02-07,0.589104385608483,1.3000289724698975,4,two_factor_ou,full
2023-02-08,0.24133923198726032,1.0580541175776887,4,two_factor_ou,full
2023-02-09,-0.4470856640574242,1.194737706162387,4,two_factor_ou,full
2023-02-10,0.531379846174334,0.6289701775082359,3,two_factor_ou,full
2023-02-13,0.4905608352508879,0.6036783111346792,3,two_factor_ou,full
2023-02-14,0.07081367204935186,0.2560921585487592,3,two_factor_ou,full
2023-02-15,0.36974960537433144,0.4194424151271503,3,two_factor_ou,full
2023-02-16,-0.18599302206777288,0.3892224392012946,3,two_factor_ou,full
2023-02-17,-0.08370486441457374,0.2194701057258556,3,two_factor_ou,full
2023-02-20,0.33697241349393636,1.0932055339152076,4,two_factor_ou,full
2023-02-21,0.22965940095540663,0.7663424072393763,4,two_factor_ou,full
2023-02-22,0.10871045494121648,1.1211259680106733,4,two_factor_ou,full
2023-02-23,0.0478118892596352,0.9495918872507797,4,two_factor_ou,full
2023-02-24,0.02580242534349271,0.8934837580175911,4,two_factor_ou,full
2023-02-27,0.1984505723485776,1.33233609369899,4,two_factor_ou,full
2023-02-28,0.08622351461639541,1.148639860356524,4,two_factor_ou,full
2023-03-01,0.1038106143708026,1.0989360452685066,4,two_factor_ou,full
2023-03-02,-0.006882176730891448,1.0457194498002924,4,two_factor_ou,full
2023-03-03,0.13883523770493425,1.3543740672142348,4,two_factor_ou,full
2023-03-06,0.4211730738215349,1.518019549020227,4,two_factor_ou,full
2023-03-07,-0.025982078296277356,1.5207348051799372,4,two_factor_ou,full
2023-03-08,0.376615172135125,1.6344198799041278,4,two_factor_ou,full
2023-03-09,0.37675479839296167,1.5091158890135357,4,two_factor_ou,full
2023-03-10,0.5567065144143285,1.083282429593236,3,two_factor_ou,full
2023-03-13,0.5388431542876382,0.753442134669624,3,two_factor_ou,full
2023-03-14,0.21416723697772597,0.4760018810094772,3,two_factor_ou,full
2023-03-15,0.028348152199296484,0.2340490771737228,3,two_factor_ou,full
2023-03-16,-0.10152360516042629,0.6470105068397204,3,two_factor_ou,full
2023-03-17,-0.1965206943349285,0.22116497032655252,3,two_factor_ou,full
2023-03-20,-0.2954905930773711,0.7906909297107233,4,two_factor_ou,full
2023-03-21,-0.010465979466550267,0.5202044483954729,4,two_factor_ou,full
2023-03-22,-0.053183453318770446,0.5123864010034125,4,two_factor_ou,full
2023-03-23,0.16600907854317476,0.2464669803191988,4,two_factor_ou,full
2023-03-24,-0.1407487671353956,0.2836043723971441,4,two_factor_ou,full
2023-03-27,-0.03864359747497392,0.3958343700102584,4,two_factor_ou,full
2023-03-28,-0.5439407403568217,0.7360554219220374,4,two_factor_ou,full
2023-03-29,-0.3232189111497309,0.6815057656302346,4,two_factor_ou,full
2023-03-30,-0.2582774184372156,0.5789552765988456,4,two_factor_ou,full
2023-03-31,0.10217668880051159,0.3207202372908261,4,two_factor_ou,full
2023-04-03,0.16342746729849794,0.6890759719014296,4,two_factor_ou,full
2023-04-04,-0.16060643092946875,0.5424057542077121,4,two_factor_ou,full
2023-04-06,0.37932338600416077,0.5885625380473933,4,two_factor_ou,full
2023-04-07,0.11559354213532166,0.6547197302017662,4,two_factor_ou,full
2023-04-10,-0.6153026058464908,0.7444256563957652,4,two_factor_ou,full
2023-04-11,0.10547837081310943,0.6471699767088404,4,two_factor_ou,full
2023-04-12,-0.012364470127622346,0.7459388563530687,4,two_factor_ou,full
2023-04-13,-0.018150710502479066,0.5636875698955262,4,two_factor_ou,full
2023-04-14,0.44164813908060113,0.6855216279486444,3,two_factor_ou,full
2023-04-17,-0.15350983026410955,0.410908545183345,3,two_factor_ou,full
2023-04-18,0.10838706908064237,0.513738820261799,3,two_factor_ou,full
2023-04-19,-0.15080369030626686,0.49031654365508726,3,two_factor_ou,full
2023-04-20,-0.1608197452327839,0.34649250975988083,3,two_factor_ou,full
2023-04-21,-0.03169859111907928,1.0688523235444436,3,two_factor_ou,full
2023-04-24,-0.12337796997941364,0.659464104587517,4,two_factor_ou,full
2023-04-25,-0.9820816442212958,1.0145524378328779,4,two_factor_ou,full
2023-04-26,-0.34971099483070367,0.48720182631263653,4,two_factor_ou,full
2023-04-27,-0.42639764770600597,0.5219262583320573,4,two_factor_ou,full
2023-04-28,-0.27623601951353705,0.5529054570693861,4,two_factor_ou,full
2023-05-04,0.08116409367076521,0.7388140390302198,4,two_factor_ou,full
2023-05-05,-0.1020960244191339,0.4655139630486107,4,two_factor_ou,full
2023-05-08,0.002145715312521612,0.8341681268887062,4,two_factor_ou,full
2023-05-09,-0.4378733419050942,0.8749448196705228,4,two_factor_ou,full
2023-05-10,-0.08671490801816212,0.6529740402768014,4,two_factor_ou,full
2023-05-11,-0.23851792794246202,0.5588655657944697,4,two_factor_ou,full
2023-05-12,-0.6255035531929458,0.6959985255416472,3,two_factor_ou,full
2023-05-15,-0.08774266628276588,0.5535636359322045,3,two_factor_ou,full
2023-05-16,-0.3704635766316266,0.45329817247185294,3,two_factor_ou,full
2023-05-17,0.14904364226692776,0.5718007039378182,3,two_factor_ou,full
2023-05-18,-0.12528792520638218,0.3476455736737989,3,two_factor_ou,full
2023-05-19,-0.35669548581258814,0.4658721558342988,3,two_factor_ou,full
2023-05-22,-0.08437260410087971,0.34063841624394026,4,two_factor_ou,full
2023-05-23,-0.14176754587416476,0.5817160292566695,4,two_factor_ou,full
2023-05-24,-0.15096641757428958,0.3998576634831506,4,two_factor_ou,full
2023-05-25,-0.023933352185493834,0.49672575794953094,4,two_factor_ou,full
2023-05-26,0.020671509322752524,0.5831611512209441,4,two_factor_ou,full
2023-05-29,-0.1409171374788957,0.4387841948602785,4,two_factor_ou,full
2023-05-30,-0.04824387795423252,0.6169458811486146,4,two_factor_ou,full
2023-05-31,0.04921062142102062,0.376477517828516,4,two_factor_ou,full
2023-06-01,-0.24259197213082542,0.769276989859512,4,two_factor_ou,full
2023-06-02,0.02270511170475889,0.5432877242297479,4,two_factor_ou,full
2023-06-05,-0.03643078539318806,0.5200511262985248,4,two_factor_ou,full
2023-06-06,-0.22854528875050598,0.8350301893801922,4,two_factor_ou,full
2023-06-07,0.037972505577177185,0.43254304007306404,4,two_factor_ou,full
2023-06-08,0.030005065265009817,0.6600853987791954,4,two_factor_ou,full
2023-06-09,0.20709682741317334,0.6313254238147844,3,two_factor_ou,full
2023-06-12,0.07256439433778132,0.46041182873086167,3,two_factor_ou,full
2023-06-13,4.51998205042529e-05,0.24640934800331327,3,two_factor_ou,full
2023-06-14,0.03731499096895311,0.2223308999530049,3,two_factor_ou,full
2023-06-15,-0.12646059495997922,0.13728678506661166,3,two_factor_ou,full
2023-06-16,0.07806000524230271,0.3441966818519595,3,two_factor_ou,full
2023-06-19,0.39918856474959846,0.5811919300460968,4,two_factor_ou,full
2023-06-20,0.12330075343082818,0.38774998204807015,4,two_factor_ou,full
2023-06-21,-0.3548876270786251,0.46259418434957933,4,two_factor_ou,full
2023-06-26,-0.7040621109918227,0.9474706245953622,4,two_factor_ou,full
2023-06-27,0.665785452874065,0.8180584457915507,4,two_factor_ou,full
2023-06-28,-0.26613217288058105,0.36515049376272135,4,two_factor_ou,full
2023-06-29,0.2978808548110295,0.4733478103008822,4,two_factor_ou,full
2023-06-30,-0.025662529932130487,0.31195221967899395,4,two_factor_ou,full
2023-07-03,-0.008718863114773837,0.4043183453545162,4,two_factor_ou,full
2023-07-04,0.16412598581866578,0.3615414120891996,4,two_factor_ou,full
2023-07-05,-0.03216995246911139,0.42691947770669325,4,two_factor_ou,full
2023-07-06,0.08653112586072527,0.4415707608192199,4,two_factor_ou,full
2023-07-07,-0.2046339136270235,0.46665213048360954,4,two_factor_ou,full
2023-07-10,0.15442102025101523,0.3596000245814375,4,two_factor_ou,full
2023-07-11,-0.06795746743131377,0.23182854689361845,4,two_factor_ou,full
2023-07-12,-0.24268683041471636,0.39894694281078164,4,two_factor_ou,full
2023-07-13,-0.11598745247535219,0.3960104670414811,4,two_factor_ou,full
2023-07-14,-0.12658272094745945,0.31504630809917544,3,two_factor_ou,full
2023-07-17,-0.09555376890859231,0.41145702327016703,3,two_factor_ou,full
2023-07-18,-0.18837089865208498,0.2816262955863244,3,two_factor_ou,full
2023-07-19,-0.16138070665705725,0.21341079793358556,3,two_factor_ou,full
2023-07-20,-0.32379186388029546,0.3253087214392464,3,two_factor_ou,full
2023-07-21,-0.4087745968626435,0.41600952820451875,3,two_factor_ou,full
2023-07-24,-0.3914805963783546,0.5946639627586204,4,two_factor_ou,full
2023-07-25,-0.2803752438323686,0.5065274507783338,4,two_factor_ou,full
2023-07-26,-0.44523525121056207,0.4872987638216093,4,two_factor_ou,full
2023-07-27,-0.28235361280469606,0.3622619258756808,4,two_factor_ou,full
2023-07-28,0.0864467160804018,0.3458540396691843,4,two_factor_ou,full
2023-07-31,0.0998667349031026,0.5310491673665872,4,two_factor_ou,full
2023-08-01,-0.2390451677172839,0.4571462654683231,4,two_factor_ou,full
2023-08-02,-0.19170787705329703,0.371021399417582,4,two_factor_ou,full
2023-08-03,-0.059885977422122566,0.2584961705690255,4,two_factor_ou,full
2023-08-04,-0.20211421526330564,0.3216051529677651,4,two_factor_ou,full
2023-08-07,-0.3929420863023972,0.5268388526063361,4,two_factor_ou,full
2023-08-08,-0.3722271934382801,0.4729234451356713,4,two_factor_ou,full
2023-08-09,-0.6186976255551047,0.7261315837365708,4,two_factor_ou,full
2023-08-10,-0.2693275049828274,0.7071152678008658,4,two_factor_ou,full
2023-08-11,-0.2521966390402775,0.4970183163506155,3,two_factor_ou,full
2023-08-14,0.021741838454661194,0.4749549023899127,3,two_factor_ou,full
2023-08-15,-0.2567260641670478,0.4853816619948555,3,two_factor_ou,full
2023-08-16,-0.2908892757915784,0.5211280634300949,3,two_factor_ou,full
2023-08-17,0.04149024711208488,0.4225735162981356,3,two_factor_ou,full
2023-08-18,-0.40570124550611936,0.6216338637829756,3,two_factor_ou,full
2023-08-21,0.08002367758191886,0.6954386370697829,4,two_factor_ou,full
2023-08-22,0.1749595003496059,0.6354224245493676,4,two_factor_ou,full
2023-08-23,-0.15739675468089906,0.9305428112971084,4,two_factor_ou,full
2023-08-24,0.16268513340083235,0.7351895025185597,4,two_factor_ou,full
2023-08-25,-0.4255705766347282,0.6397379265904656,4,two_factor_ou,full
2023-08-28,0.5563765051485816,0.9617982263904282,4,two_factor_ou,full
2023-08-29,-0.2771165763760337,0.5820788857686847,4,two_factor_ou,full
2023-08-30,-0.15508980642804646,0.40245280988798343,4,two_factor_ou,full
2023-08-31,-0.13923788513151428,0.6260484153062729,4,two_factor_ou,full
2023-09-01,0.04417152314217784,0.5399448769615257,4,two_factor_ou,full
2023-09-04,-0.04371730383741651,0.514544591165095,4,two_factor_ou,full
2023-09-05,0.09934610533340829,0.51153261548838,4,two_factor_ou,full
2023-09-06,-0.17224702156506874,0.7121222875632649,4,two_factor_ou,full
2023-09-07,0.08509660677671407,0.6289410456167589,4,two_factor_ou,full
2023-09-08,0.3452429784146737,0.7261515926985387,3,two_factor_ou,full
2023-09-11,-0.16418520050971736,0.39778831002501175,3,two_factor_ou,full
2023-09-12,-0.1776702435687705,0.33447448125619655,3,two_factor_ou,full
2023-09-13,0.2160183319914694,0.5297947797841712,3,two_factor_ou,full
2023-09-14,0.13690727631592556,0.5034839979217771,3,two_factor_ou,full
2023-09-15,0.2890057738950633,0.6767945487202327,3,two_factor_ou,full
2023-09-18,0.10728436718131543,0.7001100192674642,4,two_factor_ou,full
2023-09-19,-0.3195343958795479,0.6398154291129542,4,two_factor_ou,full
2023-09-20,-0.3953195578185512,0.6968725618815362,4,two_factor_ou,full
2023-09-21,-0.09402479356654764,0.5601249798216033,4,two_factor_ou,full
2023-09-22,-0.41729675847235903,0.6112976349196901,4,two_factor_ou,full
2023-09-25,0.04835857613127331,0.5539052340438201,4,two_factor_ou,full
2023-09-26,-0.15281654770007785,0.485761244618183,4,two_factor_ou,full
2023-09-27,0.10959483109679322,0.7031828915420839,4,two_factor_ou,full
2023-09-28,0.3808073233564059,0.9282542161152705,4,two_factor_ou,full
2023-10-09,0.007076091617392033,0.9398172625179054,4,two_factor_ou,full
2023-10-10,-0.11687006058838947,0.5005428630005787,4,two_factor_ou,full
2023-10-11,-0.13084581048411736,0.5290344017146461,4,two_factor_ou,full
2023-10-12,-0.023408211721630823,0.5253522369014818,4,two_factor_ou,full
2023-10-13,-0.3098460033457124,0.589190054036038,3,two_factor_ou,full
2023-10-16,0.025767415385220427,0.6173545223358593,3,two_factor_ou,full
2023-10-17,0.06209293727115256,0.5443075119312266,3,two_factor_ou,full
2023-10-18,0.0677438358335996,0.6833559587315139,3,two_factor_ou,full
2023-10-19,0.16742063098917045,0.7393413799898784,3,two_factor_ou,full
2023-10-20,0.27812691669828987,0.917547346050134,3,two_factor_ou,full
2023-10-23,0.2958449001910625,1.0170469855493403,4,two_factor_ou,full
2023-10-24,0.0631950156422817,0.5642090981791704,4,two_factor_ou,full
2023-10-25,0.20783030572964045,0.6338848446548951,4,two_factor_ou,full
2023-10-26,0.1338854910868573,0.6128910065970407,4,two_factor_ou,full
2023-10-27,-0.42011556277121853,0.6675078146059015,4,two_factor_ou,full
2023-10-30,0.050903887957481686,0.9101870906360416,4,two_factor_ou,full
2023-10-31,-0.2176115921450339,0.6098707618538179,4,two_factor_ou,full
2023-11-01,-0.11470507127341202,0.564724794165159,4,two_factor_ou,full
2023-11-02,-0.19688916603759193,0.5823784074480963,4,two_factor_ou,full
2023-11-03,-0.2429842591022372,0.5920948996480678,4,two_factor_ou,full
2023-11-06,-0.12508700319192434,0.6083623598734865,4,two_factor_ou,full
2023-11-07,0.014760165082314869,0.500907759621887,4,two_factor_ou,full
2023-11-08,0.08864575587505824,0.5289163463524164,4,two_factor_ou,full
2023-11-09,-0.11468536002340993,0.3454183485903347,4,two_factor_ou,full
2023-11-10,0.17938785672835647,0.22747530596107066,3,two_factor_ou,full
2023-11-13,0.6259360801422601,0.6879041292663935,3,two_factor_ou,full
2023-11-14,0.6727623063816873,0.7759199961037757,3,two_factor_ou,full
2023-11-15,0.40526177411277214,0.5179978921448339,3,two_factor_ou,full
2023-11-16,0.5548738483860304,0.7259114406858747,3,two_factor_ou,full
2023-11-17,0.40685691662817436,0.6616832387455097,3,two_factor_ou,full
2023-11-20,0.4021828746778322,0.59406323317357,4,two_factor_ou,full
2023-11-21,0.09880561339488406,0.5584420277139022,4,two_factor_ou,full
2023-11-22,-0.34997087962832196,0.4796042863848309,4,two_factor_ou,full
2023-11-23,-0.3478630387556344,0.471966851352269,4,two_factor_ou,full
2023-11-24,0.16639173368473192,0.417055635085979,4,two_factor_ou,full
2023-11-27,0.41457735957312036,0.5266408755462416,4,two_factor_ou,full
2023-11-28,0.3910016494047518,0.5104306411670702,4,two_factor_ou,full
2023-11-29,0.17486251929104618,0.239232891242882,4,two_factor_ou,full
2023-11-30,0.5364807110503658,0.8565801697632693,4,two_factor_ou,full
2023-12-01,0.39371706239075105,0.774624913782223,4,two_factor_ou,full
2023-12-04,0.6178105532283438,1.0043151615608013,4,two_factor_ou,full
2023-12-05,1.1314588964462038,1.5486105706362434,4,two_factor_ou,full
2023-12-06,0.6156121798057282,1.11361399817206,4,two_factor_ou,full
2023-12-07,-0.9849077526522212,0.986747342750298,4,two_factor_ou,full
2023-12-08,-0.30234644176533926,0.6594839867139379,3,two_factor_ou,full
2023-12-11,-0.06785009043543316,0.42989728366908897,3,two_factor_ou,full
2023-12-12,-0.21589700254279864,0.46439564881386464,3,two_factor_ou,full
2023-12-13,0.18622394702676617,0.3786895937697079,3,two_factor_ou,full
2023-12-14,-0.13350757877750463,0.24314098677486098,3,two_factor_ou,full
2023-12-15,0.07145978537068927,0.5430277553823517,3,two_factor_ou,full
2023-12-18,-0.2937743988112663,0.6529738795524193,4,two_factor_ou,full
2023-12-19,-0.3053772210444486,0.5729530409137117,4,two_factor_ou,full
2023-12-20,-0.3629440435060425,0.37584462391428786,4,two_factor_ou,full
2023-12-21,0.1547164601868466,0.5685492903546736,4,two_factor_ou,full
2023-12-22,-0.1461639566909496,0.489128072201436,4,two_factor_ou,full
2023-12-25,0.45389823592619255,0.5318701266545863,4,two_factor_ou,full
2023-12-26,0.05074346970473048,0.4669230681736471,4,two_factor_ou,full
2023-12-27,0.08067221268649574,0.32373244156381686,4,two_factor_ou,full
2023-12-28,-0.5336686168405762,0.7250452905893708,4,two_factor_ou,full
2023-12-29,-0.43588849149582765,0.6459405173250887,4,two_factor_ou,full
2024-01-02,0.05754204582736139,0.8676231115542058,4,two_factor_ou,full
2024-01-03,0.15851276460998404,0.7603370408661655,4,two_factor_ou,full
2024-01-04,0.17490927201884407,0.2689414905650588,4,two_factor_ou,full
2024-01-05,0.5859972362393253,1.1320362042060605,4,two_factor_ou,full
2024-01-08,1.3339978387508016,1.8598470057223715,4,two_factor_ou,full
2024-01-09,0.5201266287866793,1.7518974186690888,4,two_factor_ou,full
2024-01-10,-0.02157862845010239,1.057759284050141,4,two_factor_ou,full
2024-01-11,-0.9135228229739973,1.282978736679661,4,two_factor_ou,full
2024-01-12,-0.09177724901206906,0.5898061635683789,3,two_factor_ou,full
2024-01-15,0.05793595338295413,0.5858154180991859,3,two_factor_ou,full
2024-01-16,0.24365929397037508,0.49868351732766386,3,two_factor_ou,full
2024-01-17,1.949561959639376,3.0312284782042274,3,two_factor_ou,full
2024-01-18,0.10430916045149514,0.7415243386419169,3,two_factor_ou,full
2024-01-19,-0.3242506743126829,0.5015326628981732,3,two_factor_ou,full
2024-01-22,2.227081215527735,5.17780918918131,3,two_factor_ou,full
2024-01-23,-0.9920752094198785,3.121670836374504,4,two_factor_ou,full
2024-01-24,-0.6543966127928543,0.9532627511071546,4,two_factor_ou,full
2024-01-25,-1.3472291276770663,1.4954979257899357,4,two_factor_ou,full
2024-01-26,0.6029801586036512,1.3432699463803908,4,two_factor_ou,full
2024-01-29,0.5655007238852062,1.0373164619959243,4,two_factor_ou,full
2024-01-30,1.0254877024334932,1.4221995372969882,4,two_factor_ou,full
2024-01-31,0.6225108445411159,1.3430306511694077,4,two_factor_ou,full
2024-02-01,-0.09141349087252151,0.5670512083434014,4,two_factor_ou,full
2024-02-02,0.882486045266916,1.2897031783024993,3,two_factor_ou,full
2024-02-05,4.2258903079597205,5.825248922710722,2,two_factor_ou,full
2024-02-06,-4.968885896747186,5.867459886344228,3,two_factor_ou,full
2024-02-07,-2.764685923197,3.0213106627507265,3,two_factor_ou,full
2024-02-08,-0.7549656534628862,1.0513176805806097,3,two_factor_ou,full
2024-02-19,1.3773875226854253,1.9297636722278446,3,two_factor_ou,full
2024-02-20,-0.08145545234883916,0.8378785046406819,4,two_factor_ou,full
2024-02-21,0.3427841199900271,0.769824753024844,4,two_factor_ou,full
2024-02-22,-0.5988938573743723,1.1697119211467506,4,two_factor_ou,full
2024-02-23,-0.26006416983178626,0.8986670606653002,4,two_factor_ou,full
2024-02-26,0.45965608490755866,0.9768454566768859,4,two_factor_ou,full
2024-02-27,-0.477166266241024,1.2623312466879757,4,two_factor_ou,full
2024-02-28,0.6714794815240357,0.9628979090726476,4,two_factor_ou,full
2024-02-29,-0.32887859099360145,1.0259781807199941,4,two_factor_ou,full
2024-03-01,-0.17008554047836102,1.0224627376272302,4,two_factor_ou,full
2024-03-04,0.5810034617305115,1.4337919421693281,4,two_factor_ou,full
2024-03-05,0.44732444734209703,1.5733998286640718,4,two_factor_ou,full
2024-03-06,0.16462005968105747,1.0944995313896924,4,two_factor_ou,full
2024-03-07,0.21745370835279748,1.0266942214497563,4,two_factor_ou,full
2024-03-08,0.6329900948414018,1.0019389229296076,3,two_factor_ou,full
2024-03-11,0.4488268479618071,1.0748215710571536,3,two_factor_ou,full
2024-03-12,0.28498924847670654,0.779635559101548,3,two_factor_ou,full
2024-03-13,0.06283237429235473,0.6329121693082375,3,two_factor_ou,full
2024-03-14,0.15893971104570062,0.5594985609969523,3,two_factor_ou,full
2024-03-15,-0.5558465819742701,0.9506534382016226,3,two_factor_ou,full
2024-03-18,-0.5467262106142577,0.8043208871566576,4,two_factor_ou,full
2024-03-19,-0.007848629670854756,0.6613581734292817,4,two_factor_ou,full
2024-03-20,0.00890614140151208,0.6572525460213692,4,two_factor_ou,full
2024-03-21,-0.13933059320875946,0.5322552480565438,4,two_factor_ou,full
2024-03-22,0.2013367972149021,0.758377736305189,4,two_factor_ou,full
2024-03-25,0.4493278655042138,1.0720309287346017,4,two_factor_ou,full
2024-03-26,0.2981670040883493,0.8409823997881631,4,two_factor_ou,full
2024-03-27,0.47965758534548397,0.9389912934111281,4,two_factor_ou,full
2024-03-28,-0.031230068752496287,0.8014023301542379,4,two_factor_ou,full
2024-03-29,-0.07486841870101901,1.0075730586703544,4,two_factor_ou,full
2024-04-01,-0.6064755011423506,1.0031259704675275,4,two_factor_ou,full
2024-04-02,-0.30474631733523494,0.8241918515070801,4,two_factor_ou,full
2024-04-03,0.36191253098255066,0.8900687837704024,4,two_factor_ou,full
2024-04-08,0.565693732202998,1.227388172938695,4,two_factor_ou,full
2024-04-09,0.06341899488832003,0.9170635661030894,4,two_factor_ou,full
2024-04-10,0.36478119783435303,0.9264946423372479,4,two_factor_ou,full
2024-04-11,0.35931670680809563,1.302913414663224,4,two_factor_ou,full
2024-04-12,0.32897172345111486,1.2954167570327983,3,two_factor_ou,full
2024-04-15,0.6553820375106911,1.7824913434273544,3,two_factor_ou,full
2024-04-16,-0.007986562066366757,1.3986201226477903,3,two_factor_ou,full
2024-04-17,-0.34550740205984903,1.7910077405115563,3,two_factor_ou,full
2024-04-18,-0.34923977967298486,1.43377828613016,3,two_factor_ou,full
2024-04-19,0.37782248902837273,1.8527564329969142,3,two_factor_ou,full
2024-04-22,-0.7844124955883816,1.8131743460724679,4,two_factor_ou,full
2024-04-23,-0.20275427364676307,1.601259390820901,4,two_factor_ou,full
2024-04-24,-0.8198954941300389,1.9848546842870727,4,two_factor_ou,full
2024-04-25,-0.38232378206802886,1.4716476740108289,4,two_factor_ou,full
2024-04-26,-1.139327788546057,1.6170803194524317,4,two_factor_ou,full
2024-04-29,-1.4839116416000724,1.7528558495531155,4,two_factor_ou,full
2024-04-30,-0.5835617296873727,1.1565069165195394,4,two_factor_ou,full
2024-05-06,-0.6558351939678215,1.1124108760345155,4,two_factor_ou,full
2024-05-07,0.0902032470617603,1.0243488306002888,4,two_factor_ou,full
2024-05-08,0.4613697182411451,1.6933572509673303,4,two_factor_ou,full
2024-05-09,-0.41661153055715877,1.46012861741911,4,two_factor_ou,full
2024-05-10,-0.4339759811699488,1.0156206002735078,3,two_factor_ou,full
2024-05-13,-0.08521934357138942,0.5858250475313719,3,two_factor_ou,full
2024-05-14,-0.12773695561012408,0.5472904251164669,3,two_factor_ou,full
2024-05-15,-0.03604513790318031,0.4534310907887815,3,two_factor_ou,full
2024-05-16,-0.030877436103840233,0.4277306880436541,3,two_factor_ou,full
2024-05-17,-0.7568740328577745,1.0298585401036242,3,two_factor_ou,full
2024-05-20,0.20537903289084167,0.7814827811748281,4,two_factor_ou,full
2024-05-21,0.26595680089897084,0.9927638981778293,4,two_factor_ou,full
2024-05-22,-0.051075703654183235,0.5805694921873938,4,two_factor_ou,full
2024-05-23,0.10995996961156293,0.8934087559161257,4,two_factor_ou,full
2024-05-24,0.22129655176605856,1.0250851451280083,4,two_factor_ou,full
2024-05-27,0.2939666212013024,1.1328476909828216,4,two_factor_ou,full
2024-05-28,0.36666728887230315,1.0029538563075446,4,two_factor_ou,full
2024-05-29,0.3129213002187948,1.1514066050428922,4,two_factor_ou,full
2024-05-30,-0.12080056107187129,1.060884732656995,4,two_factor_ou,full
2024-05-31,-0.1341826774271761,1.0675229599990155,4,two_factor_ou,full
2024-06-03,0.34399482876730714,1.013903408803943,4,two_factor_ou,full
2024-06-04,-0.005263658572138119,1.084178060768784,4,two_factor_ou,full
2024-06-05,-0.017324997362881678,1.1084039599558144,4,two_factor_ou,full
2024-06-06,-0.12740929293778608,1.00333800489583,4,two_factor_ou,full
2024-06-07,-0.11629423476012735,1.000089927925638,4,two_factor_ou,full
2024-06-11,-0.0452236106638933,1.486660029914823,4,two_factor_ou,full
2024-06-12,-0.01234831250151408,0.8670646389893106,4,two_factor_ou,full
2024-06-13,0.3005846474575633,0.9667267028296255,4,two_factor_ou,full
2024-06-14,-0.8342678479474087,1.0035119979919331,3,two_factor_ou,full
2024-06-17,-0.04813109198239781,0.48373660356150927,3,two_factor_ou,full
2024-06-18,-0.5231268684244756,0.6263004833050695,3,two_factor_ou,full
2024-06-19,0.16096980767237345,0.41170513326446817,3,two_factor_ou,full
2024-06-20,0.05951730374943226,0.27852678110491796,3,two_factor_ou,full
2024-06-21,0.06685786074701032,0.4260776834669093,3,two_factor_ou,full
2024-06-24,0.3583871701001673,0.4874674586437188,4,two_factor_ou,full
2024-06-25,0.1883234428590416,0.6006337116932958,4,two_factor_ou,full
2024-06-26,-0.1956915649379569,0.36026922235927394,4,two_factor_ou,full
2024-06-27,-0.04510371437939699,0.5755252205935211,4,two_factor_ou,full
2024-06-28,0.16257545754417946,0.7192373169153415,4,two_factor_ou,full
2024-07-01,-0.13691146351829117,0.3426404197191578,4,two_factor_ou,full
2024-07-02,0.12914192225961715,0.4821785001150432,4,two_factor_ou,full
2024-07-03,0.1553246621748079,0.615219467690933,4,two_factor_ou,full
2024-07-04,0.2037897840722139,0.21576953368342824,4,two_factor_ou,full
2024-07-05,-0.044994735655313006,0.1976229536512384,4,two_factor_ou,full
2024-07-08,0.46626766490178595,0.4990411599507983,4,two_factor_ou,full
2024-07-09,-0.17294270267370856,0.4085174022575586,4,two_factor_ou,full
2024-07-10,-0.14198682063248177,0.34306341320154626,4,two_factor_ou,full
2024-07-11,-0.31912923235717283,0.47202537913911563,4,two_factor_ou,full
2024-07-12,-0.24061243050584125,0.4543061195853725,3,two_factor_ou,full
2024-07-15,0.16688993340494548,0.46286259099824056,3,two_factor_ou,full
2024-07-16,0.44277616820018095,0.511093111669775,3,two_factor_ou,full
2024-07-17,0.6024949510559577,0.7433583272618857,3,two_factor_ou,full
2024-07-18,0.20924441234074767,0.7340866703455746,3,two_factor_ou,full
2024-07-19,0.13476690129148805,0.5429922646004821,3,two_factor_ou,full
2024-07-22,-0.07087630694654976,0.4555049115017872,4,two_factor_ou,full
2024-07-23,0.4344044775944978,0.774231795955026,4,two_factor_ou,full
2024-07-24,0.2634736456507304,0.6555072223473342,4,two_factor_ou,full
2024-07-25,0.13144601063170808,0.6777219422964033,4,two_factor_ou,full
2024-07-26,-0.20622894672763248,0.6515290447549067,4,two_factor_ou,full
2024-07-29,0.31890515615414133,0.8102852387547208,4,two_factor_ou,full
2024-07-30,-0.048993366055331306,0.5305314470202233,4,two_factor_ou,full
2024-07-31,-1.8741210457510276,1.9734058873620848,4,two_factor_ou,full
2024-08-01,-0.13240669009144213,0.8467561026546161,4,two_factor_ou,full
2024-08-02,0.16412442240895292,0.31896638087900653,4,two_factor_ou,full
2024-08-05,0.2429510545500669,0.7454461031896354,4,two_factor_ou,full
2024-08-06,0.027619518693325962,0.573710617634897,4,two_factor_ou,full
2024-08-07,0.2653224185898843,0.43383141005002035,4,two_factor_ou,full
2024-08-08,-0.17623745285899287,1.088878803812021,4,two_factor_ou,full
2024-08-09,0.21108896527500443,0.8449935009820249,3,two_factor_ou,full
2024-08-12,-0.57562016948743,0.6097475558371914,3,two_factor_ou,full
2024-08-13,-0.06635702065418618,0.4488597060067974,3,two_factor_ou,full
2024-08-14,0.2573941457620275,0.2835901146009868,3,two_factor_ou,full
2024-08-15,0.1363315777263989,0.23618627777455012,3,two_factor_ou,full
2024-08-16,0.014783769079436584,0.07341606377145678,3,two_factor_ou,full
2024-08-19,0.12874563057956856,0.9723532342901146,4,two_factor_ou,full
2024-08-20,0.2841914459755699,0.8891213645509197,4,two_factor_ou,full
2024-08-21,-0.14357760191355542,1.0229157201657437,4,two_factor_ou,full
2024-08-22,0.1267337715276119,1.1512273922988052,4,two_factor_ou,full
2024-08-23,-0.09963095595390412,1.2594005173491583,4,two_factor_ou,full
2024-08-26,-0.10930539748537485,1.047972230990331,4,two_factor_ou,full
2024-08-27,0.037901373115851594,1.4199173237308824,4,two_factor_ou,full
2024-08-28,0.006592128617487397,1.0113905872671463,4,two_factor_ou,full
2024-08-29,-0.2802468341955826,1.217396013624126,4,two_factor_ou,full
2024-08-30,-0.35485673467334367,0.9198251781271615,4,two_factor_ou,full
2024-09-02,0.147283053639198,0.794549047287583,4,two_factor_ou,full
2024-09-03,0.3337532289993034,0.9621942369907115,4,two_factor_ou,full
2024-09-04,0.07776384096668301,1.2681637545877824,4,two_factor_ou,full
2024-09-05,-0.1380359172208452,1.3968125164158534,4,two_factor_ou,full
2024-09-06,0.27099060466620506,1.5152739079989324,4,two_factor_ou,full
2024-09-09,0.015722951518821165,1.4500112179030253,4,two_factor_ou,full
2024-09-10,-0.024233797856244355,1.657764105014159,4,two_factor_ou,full
2024-09-11,-0.4964240870264389,0.9022358457655698,3,two_factor_ou,full
2024-09-12,-0.41672626025672116,0.5241770894109342,3,two_factor_ou,full
2024-09-13,-0.1590129162901383,0.44716745471057473,3,two_factor_ou,full
2024-09-18,0.4855030441729488,0.593568294845127,3,two_factor_ou,full
2024-09-19,0.08674092899051483,0.411278397579782,3,two_factor_ou,full
2024-09-20,0.4140506248588394,0.6453575456061358,3,two_factor_ou,full
2024-09-23,-0.08571545287994597,0.41505177224536705,4,two_factor_ou,full
2024-09-24,-1.1048445455618112,1.4141402596216917,4,two_factor_ou,full
2024-09-25,-0.33602736279359813,0.8700616462858177,4,two_factor_ou,full
2024-09-26,-1.2787817665603567,2.8575229819436587,4,two_factor_ou,full
2024-09-27,-3.5368765745409925,4.663840296021255,3,two_factor_ou,full
2024-09-30,0.7544462057335477,1.9281434183212596,4,two_factor_ou,full
2024-10-08,-0.9149291092805307,2.8574515961727998,4,two_factor_ou,full
2024-10-09,-0.5277860485444158,0.944427570203337,4,two_factor_ou,full
2024-10-10,0.04635812239658178,0.5657617460084634,4,two_factor_ou,full
2024-10-11,0.0539765331631169,0.5316843120177216,3,two_factor_ou,full
2024-10-14,0.8796152479628211,1.1392148000651068,3,two_factor_ou,full
2024-10-15,1.270076930233153,1.3335399314178198,3,two_factor_ou,full
2024-10-16,-0.4643865030523246,0.8191404177523454,3,two_factor_ou,full
2024-10-17,0.648509667499441,0.7261158038095297,3,two_factor_ou,full
2024-10-18,-1.7311131621846032,2.4308577222206225,3,two_factor_ou,full
2024-10-21,-0.12406165159926569,0.8211271471567463,4,two_factor_ou,full
2024-10-22,0.1261420869210291,0.5800873408713234,4,two_factor_ou,full
2024-10-23,0.07390605650614568,0.4567091178855597,4,two_factor_ou,full
2024-10-24,0.07792986308805999,0.46714285166471137,4,two_factor_ou,full
2024-10-25,-0.5375062266810577,1.0297982661565002,4,two_factor_ou,full
2024-10-28,0.4247965443370297,0.776764088945311,4,two_factor_ou,full
2024-10-29,0.29093557836288975,0.5516689098487384,4,two_factor_ou,full
2024-10-30,0.4909410072784628,0.5393288094658281,4,two_factor_ou,full
2024-10-31,0.37411121997170266,0.5324645810031761,4,two_factor_ou,full
2024-11-01,-0.010718004692224836,0.5604973914366811,4,two_factor_ou,full
2024-11-04,0.0018705364699701243,0.7718143570909899,4,two_factor_ou,full
2024-11-05,-0.12050353776901793,0.6266091102330658,4,two_factor_ou,full
2024-11-06,0.29198438596485665,0.7901157692114444,4,two_factor_ou,full
2024-11-07,-0.11523161107054916,1.021460433645734,4,two_factor_ou,full
2024-11-08,0.7920961986966141,0.8073133916633893,3,two_factor_ou,full
2024-11-11,1.1575068296248552,1.2498903094852456,3,two_factor_ou,full
2024-11-12,0.46972361169285887,0.5108215785455545,3,two_factor_ou,full
2024-11-13,0.21857435650273835,0.26618942871878526,3,two_factor_ou,full
2024-11-14,-0.14653398532187736,0.9817482755794267,3,two_factor_ou,full
2024-11-15,0.0036126494319114557,0.364090201552332,3,two_factor_ou,full
2024-11-18,-0.015045891531546451,0.619881744321637,4,two_factor_ou,full
2024-11-19,0.02269867264072291,0.682105748372502,4,two_factor_ou,full
2024-11-20,0.47362859048511186,0.6811256715995309,4,two_factor_ou,full
2024-11-21,0.3991286037552466,0.6514703240434292,4,two_factor_ou,full
2024-11-22,0.7460638598383126,0.9814479156296072,4,two_factor_ou,full
2024-11-25,0.16258314901800486,0.6985442399770528,4,two_factor_ou,full
2024-11-26,0.38242702906004833,0.6331203121048486,4,two_factor_ou,full
2024-11-27,-0.6329472022760357,0.8940451126825482,4,two_factor_ou,full
2024-11-28,0.32828297449021904,0.8889770880438854,4,two_factor_ou,full
2024-11-29,-0.25202449785086234,0.640006500683106,4,two_factor_ou,full
2024-12-02,0.10025071471054572,0.753372188706789,4,two_factor_ou,full
2024-12-03,-0.03439958202760954,0.6581494083525404,4,two_factor_ou,full
2024-12-04,0.19951159492347256,0.5087306397882594,4,two_factor_ou,full
2024-12-05,0.29223978523460137,0.6471040674488724,4,two_factor_ou,full
2024-12-06,0.0482987877789543,0.5039285158530283,4,two_factor_ou,full
2024-12-09,0.25351369298941706,1.0428754081768656,4,two_factor_ou,full
2024-12-10,-0.1146326365126023,0.949186166233194,4,two_factor_ou,full
2024-12-11,-0.029072915128105892,0.8102890318764695,4,two_factor_ou,full
2024-12-12,0.0020420639387063733,0.9391711497014416,4,two_factor_ou,full
2024-12-13,0.6306892757870795,1.1017359873637875,3,two_factor_ou,full
2024-12-16,0.8740804205465761,0.9823357767211751,3,two_factor_ou,full
2024-12-17,0.20086527498915455,0.5998738093224941,3,two_factor_ou,full
2024-12-18,0.29682428386212306,0.474323076907374,3,two_factor_ou,full
2024-12-19,-0.16429835896658043,0.5608370094294666,3,two_factor_ou,full
2024-12-20,0.32180409019942924,0.5682746621842071,3,two_factor_ou,full
2024-12-23,-0.3437325650692034,0.7671109144354404,4,two_factor_ou,full
2024-12-24,-0.04284582155455488,0.5484892556286355,4,two_factor_ou,full
2024-12-25,-0.13160424023436001,0.57267056818688,4,two_factor_ou,full
2024-12-26,0.07854137276860043,0.6162715726403868,4,two_factor_ou,full
2024-12-27,-0.0735785824986441,0.6463489392786712,4,two_factor_ou,full
2024-12-30,-0.061721467824204373,0.5782439764847394,4,two_factor_ou,full
2024-12-31,0.3912178996870611,0.6179049172748925,4,two_factor_ou,full
2025-01-02,0.21008686086195932,0.6782418826620094,4,two_factor_ou,full
2025-01-03,-0.1710953937123786,0.5968289651045169,4,two_factor_ou,full
2025-01-06,0.06306220282049432,0.6417417296027536,4,two_factor_ou,full
2025-01-07,0.17578122351378622,0.6208497554608666,4,two_factor_ou,full
2025-01-08,0.050268708336865475,0.7746358484929053,4,two_factor_ou,full
2025-01-09,0.12209955020567823,1.339831845482578,4,two_factor_ou,full
2025-01-10,0.2266189261867467,0.9408195979818027,3,two_factor_ou,full
2025-01-13,0.07723450001250687,0.5662408040629021,3,two_factor_ou,full
2025-01-14,-0.15555498482801147,0.6531638444693891,3,two_factor_ou,full
2025-01-15,0.1901052267777744,0.6640319962756334,3,two_factor_ou,full
2025-01-16,0.052059220226284876,0.8114313436399379,3,two_factor_ou,full
2025-01-17,-0.3076065369485038,0.7398118044999219,3,two_factor_ou,full
2025-01-20,0.009559775684831878,0.6692654056772388,4,two_factor_ou,full
2025-01-21,0.12843719101092632,0.51641426357929,4,two_factor_ou,full
2025-01-22,-0.08337195784579957,0.4824193109812444,4,two_factor_ou,full
2025-01-23,0.022199931227606884,0.6576466793511904,4,two_factor_ou,full
2025-01-24,-0.5411391795166482,1.3176140320630025,4,two_factor_ou,full
2025-01-27,0.41756364436193666,0.6917582496597029,4,two_factor_ou,full
2025-02-05,0.10356576574884627,0.6060121760982673,4,two_factor_ou,full
2025-02-06,0.14480749104214494,0.5838961967909408,4,two_factor_ou,full
2025-02-07,-0.16394734459012295,0.7303706306109394,4,two_factor_ou,full
2025-02-10,0.3546770899373345,0.8466661257207753,4,two_factor_ou,full
2025-02-11,0.39498617772019223,0.8721401806650874,4,two_factor_ou,full
2025-02-12,0.1445564347770655,0.22005127448572676,4,two_factor_ou,full
2025-02-13,0.030864498037017282,0.6515255126702412,4,two_factor_ou,full
2025-02-14,0.22483155096806381,0.22710416195857278,3,two_factor_ou,full
2025-02-17,0.49795082112945505,0.5278716352419434,3,two_factor_ou,full
2025-02-18,-0.17615800105764193,0.6877771758933009,3,two_factor_ou,full
2025-02-19,0.27214426622604515,0.33854048629477285,3,two_factor_ou,full
2025-02-20,0.47463830206198604,0.7887060553444314,3,two_factor_ou,full
2025-02-21,-0.2726431719225583,0.5712495842874186,3,two_factor_ou,full
2025-02-24,0.6232711913604051,1.0623343515266477,4,two_factor_ou,full
2025-02-25,0.22993268409464582,0.7676632962860374,4,two_factor_ou,full
2025-02-26,0.9386915028916287,1.0358416996027038,4,two_factor_ou,full
2025-02-27,0.21272850083870187,0.6551836564458419,4,two_factor_ou,full
2025-02-28,-0.1530718046638696,0.9205818181009098,4,two_factor_ou,full
2025-03-03,0.1176305309838688,0.9637815237898457,4,two_factor_ou,full
2025-03-04,0.3846400243723078,0.9068943835816813,4,two_factor_ou,full
2025-03-05,0.47941308708041963,1.152434570156778,4,two_factor_ou,full
2025-03-06,0.09586401381639123,1.0017855365324322,4,two_factor_ou,full
2025-03-07,0.5542703472499945,1.160218759421558,4,two_factor_ou,full
2025-03-10,0.7982513155515003,1.7718423071495595,4,two_factor_ou,full
2025-03-11,0.6167768810630482,1.1505948066842424,4,two_factor_ou,full
2025-03-12,0.6423127646309635,0.8866411568126713,4,two_factor_ou,full
2025-03-13,-0.26692681989546885,0.8514301023434446,4,two_factor_ou,full
2025-03-14,-0.8463300031619596,1.0544113843363045,3,two_factor_ou,full
2025-03-17,0.6961455189122122,1.121018123975673,3,two_factor_ou,full
2025-03-18,0.0345762757081108,0.13523472126973354,3,two_factor_ou,full
2025-03-19,0.0447544873951126,0.4598922585692244,3,two_factor_ou,full
2025-03-20,0.25779314451224794,0.543074994132152,3,two_factor_ou,full
2025-03-21,0.20073225813691806,0.46577568102905736,3,two_factor_ou,full
2025-03-24,-0.12372950227389329,0.368654474770897,4,two_factor_ou,full
2025-03-25,-0.19979621917801796,0.41277626826965186,4,two_factor_ou,full
2025-03-26,-0.032364576869630665,0.47591242948420176,4,two_factor_ou,full
2025-03-27,-0.03434041551448678,0.5564524479022379,4,two_factor_ou,full
2025-03-28,-0.04527784746421722,0.7262284098778155,4,two_factor_ou,full
2025-03-31,0.15442550796004234,0.3593902837732615,4,two_factor_ou,full
2025-04-01,0.4095505627133504,0.4871220804124528,4,two_factor_ou,full
2025-04-02,-0.001137447860470625,0.6602004485193275,4,two_factor_ou,full
2025-04-03,-0.04170981774531271,0.40014271791971634,4,two_factor_ou,full
2025-04-07,-0.17581881845675695,3.619842485780308,4,two_factor_ou,full
2025-04-08,1.6208238018274372,3.3323063364706274,4,two_factor_ou,full
2025-04-09,0.5210180325169679,1.4921296185535577,4,two_factor_ou,full
2025-04-10,-0.015119903254922018,1.3780877616182092,4,two_factor_ou,full
2025-04-11,-0.5571809872184788,1.1424530576363376,3,two_factor_ou,full
2025-04-14,1.035945106092189,1.8456813066156328,3,two_factor_ou,full
2025-04-15,0.5553617638139154,1.9885332209219466,3,two_factor_ou,full
2025-04-16,0.49428520191879355,1.8757095381170452,3,two_factor_ou,full
2025-04-17,-0.9749933303731373,1.486768307678815,3,two_factor_ou,full
2025-04-18,-0.19780720426034737,1.2981593109544607,3,two_factor_ou,full
2025-04-21,-0.5799719689414415,1.2660410166116847,4,two_factor_ou,full
2025-04-22,-0.1347177304492448,1.290628236406054,4,two_factor_ou,full
2025-04-23,-0.5400916183260502,1.2535219102662336,4,two_factor_ou,full
2025-04-24,-0.2613932040547419,1.4919876547425672,4,two_factor_ou,full
2025-04-25,-0.2815133068978904,1.567172878318668,4,two_factor_ou,full
2025-04-28,-0.25182095193892223,1.7377505949738936,4,two_factor_ou,full
2025-04-29,-0.35948655886849656,1.3855189337061726,4,two_factor_ou,full
2025-04-30,0.31148179151098915,1.7533060603048702,4,two_factor_ou,full
2025-05-06,-0.06733209368285892,1.5548821920018876,4,two_factor_ou,full
2025-05-07,-0.04089531432454241,1.5783524823157147,4,two_factor_ou,full
2025-05-08,-0.18277425179325485,1.56256823945535,4,two_factor_ou,full
2025-05-09,-0.6277922823407507,1.1366630004839253,3,two_factor_ou,full
2025-05-12,-0.3657986095645523,0.5012629344953002,3,two_factor_ou,full
2025-05-13,0.30037180138116765,0.8508677188459699,3,two_factor_ou,full
2025-05-14,-0.40727568566426564,0.574276536113141,3,two_factor_ou,full
2025-05-15,0.16728201686383767,0.20754558560914382,3,two_factor_ou,full
2025-05-16,0.7712689848109592,0.8982669915332051,3,two_factor_ou,full
2025-05-19,0.9027526158597572,1.1765178695936054,4,two_factor_ou,full
2025-05-20,1.1809390059344536,1.4579578315248138,4,two_factor_ou,full
2025-05-21,0.6069075201666871,0.8786156871382854,4,two_factor_ou,full
2025-05-22,0.22151685759260753,0.6951643649992778,4,two_factor_ou,full
2025-05-23,0.28038253250834416,0.8704500717395003,4,two_factor_ou,full
2025-05-26,0.44471962810290033,0.6973892183507667,4,two_factor_ou,full
2025-05-27,0.11056684221263172,0.5188744877072715,4,two_factor_ou,full
2025-05-28,-0.1256623493345291,0.5018955489857625,4,two_factor_ou,full
2025-05-29,-0.5081188611983379,0.7698348318525352,4,two_factor_ou,full
2025-05-30,0.0328142358440176,0.4859044084708053,4,two_factor_ou,full
2025-06-03,0.27426010380188187,0.3864656218662237,4,two_factor_ou,full
2025-06-04,0.18467826594366038,0.2859457879741256,4,two_factor_ou,full
2025-06-05,0.1322827219366598,0.2705348921818306,4,two_factor_ou,full
2025-06-06,-0.0460321688090707,0.4855586959340008,4,two_factor_ou,full
2025-06-09,-0.30859489988631134,0.48233757815306066,4,two_factor_ou,full
2025-06-10,0.02876948519172816,0.43336971232278154,4,two_factor_ou,full
2025-06-11,-0.18867709535009303,0.4005397485159746,4,two_factor_ou,full
2025-06-12,0.07917235933804598,0.7019100886235436,4,two_factor_ou,full
2025-06-13,-0.29301856495969175,0.3405341073743206,3,two_factor_ou,full
2025-06-16,-0.2394173270495524,0.339192821661836,3,two_factor_ou,full
2025-06-17,-0.1628360310654778,0.2554169669802371,3,two_factor_ou,full
2025-06-18,0.16055322589495327,0.18590396153971844,3,two_factor_ou,full
2025-06-19,-0.16242203368898797,0.4162216968726705,3,two_factor_ou,full
2025-06-20,-0.7699833070786992,0.8827624218541813,3,two_factor_ou,full
2025-06-23,-0.05527236694861931,0.48226310043627607,4,two_factor_ou,full
2025-06-24,-0.741769980382716,0.9247305671507786,4,two_factor_ou,full
2025-06-25,-1.324950432809136,1.5886547210073239,4,two_factor_ou,full
2025-06-26,-0.7739581325319794,1.1924787220461384,4,two_factor_ou,full
2025-06-27,-0.029005632786386043,0.806623112019199,4,two_factor_ou,full
2025-06-30,0.7625753234775058,1.029940655737864,4,two_factor_ou,full
2025-07-01,1.2429982195278053,1.2952057660063965,4,two_factor_ou,full
2025-07-02,-0.02252815017549692,0.9168972308557161,4,two_factor_ou,full
2025-07-03,0.1692582915232187,0.7478681952125363,4,two_factor_ou,full
2025-07-04,0.25309285155562555,0.5956136540908435,4,two_factor_ou,full
2025-07-07,0.4761731642352531,0.7068198935867139,4,two_factor_ou,full
2025-07-08,-0.48484186962164444,0.9555111529458116,4,two_factor_ou,full
2025-07-09,-0.013874217918490472,0.7818612145173824,4,two_factor_ou,full
2025-07-10,-0.06769562263655798,0.8188933024147036,4,two_factor_ou,full
2025-07-11,-0.4603655886516706,1.0646802226871805,3,two_factor_ou,full
2025-07-14,0.27410917786056765,0.8260149055314251,3,two_factor_ou,full
2025-07-15,0.23367678961972072,0.5578653467967167,3,two_factor_ou,full
2025-07-16,0.1894024900893996,0.6843954123097252,3,two_factor_ou,full
2025-07-17,-0.10358558260759594,0.7888076706985313,3,two_factor_ou,full
2025-07-18,-0.0009670142267780291,0.6563089975404227,3,two_factor_ou,full
2025-07-21,0.320490050594325,1.0021287890157813,4,two_factor_ou,full
2025-07-22,-0.11875719163381238,0.9451988917849125,4,two_factor_ou,full
2025-07-23,-0.17156605332039399,1.0740228557645046,4,two_factor_ou,full
2025-07-24,-0.47780670369578204,1.6915893628136394,4,two_factor_ou,full
2025-07-25,0.1977892126496995,1.3568940238878129,4,two_factor_ou,full
2025-07-28,0.6463843929953157,1.129591398206029,4,two_factor_ou,full
2025-07-29,0.2230474166757535,1.3215866812057544,4,two_factor_ou,full
2025-07-30,0.39789692335430504,1.242028175317055,4,two_factor_ou,full
2025-07-31,0.4818935867174713,1.2280941702025012,4,two_factor_ou,full
2025-08-01,0.3234306383032044,1.3571048376161148,4,two_factor_ou,full
2025-08-04,6.763757283878569e-05,1.5424152009412309,4,two_factor_ou,full
2025-08-05,0.4654126318585072,1.572697810449094,4,two_factor_ou,full
2025-08-06,0.13476585181105755,1.474395761089294,4,two_factor_ou,full
2025-08-07,0.5942897269313503,1.6294657574736755,4,two_factor_ou,full
2025-08-08,0.9135812156301095,1.4062904079787948,3,two_factor_ou,full
2025-08-11,0.37188328285984773,0.8656436161756327,3,two_factor_ou,full
2025-08-12,0.17644306393416068,0.6919199149897893,3,two_factor_ou,full
2025-08-13,-0.43988569123324767,0.7427709208142202,3,two_factor_ou,full
2025-08-14,-0.37460577856537314,0.7170385292990858,3,two_factor_ou,full
2025-08-15,-0.7577186294135697,1.0086473308007968,3,two_factor_ou,full
2025-08-18,-0.41429868946624093,0.9293035432382118,4,two_factor_ou,full
2025-08-19,0.09914396786347901,0.7262488357935083,4,two_factor_ou,full
2025-08-20,-0.5956605601094596,0.9455239548361732,4,two_factor_ou,full
2025-08-21,0.11444320267898472,0.755153843899169,4,two_factor_ou,full
2025-08-22,-0.4050707323294779,0.8980942917525182,4,two_factor_ou,full
2025-08-25,0.19047573864023803,1.107841563321483,4,two_factor_ou,full
2025-08-26,0.25000323627208926,0.8876123876408661,4,two_factor_ou,full
2025-08-27,0.31591012147682,0.8532967470945875,4,two_factor_ou,full
2025-08-28,0.8653230730170659,1.1790658332763972,4,two_factor_ou,full
2025-08-29,0.6180088391504615,1.1851002402326094,4,two_factor_ou,full
2025-09-01,1.0728049771635042,1.5039125877855253,4,two_factor_ou,full
2025-09-02,-0.38670173316940804,0.9132245888438906,4,two_factor_ou,full
2025-09-03,0.7934266233062525,1.4261603364305526,4,two_factor_ou,full
2025-09-04,0.01621602103475725,0.9390742576207132,4,two_factor_ou,full
2025-09-05,-0.5424177680925588,0.8320519063439413,4,two_factor_ou,full
2025-09-08,0.2533058917065542,1.3950285835520502,4,two_factor_ou,full
2025-09-09,0.505733919460215,0.8418532897855545,4,two_factor_ou,full
2025-09-10,0.25653497981446616,1.2537578208801146,4,two_factor_ou,full
2025-09-11,-0.05718967939490682,2.1011280807535764,4,two_factor_ou,full
2025-09-12,0.4752135460935192,0.9955748088021422,3,two_factor_ou,full
2025-09-15,0.6517679613805306,1.0166200768977443,3,two_factor_ou,full
2025-09-16,-0.24072465115761546,1.013652436581549,3,two_factor_ou,full
2025-09-17,-0.2255956021331278,0.951672155304777,3,two_factor_ou,full
2025-09-18,0.8718049017901617,1.3132694075361193,3,two_factor_ou,full
2025-09-19,0.1567341574231471,1.0219321784661228,3,two_factor_ou,full
2025-09-22,0.28056156329865556,1.3951045298307612,4,two_factor_ou,full
2025-09-23,0.9602012746310253,1.3188572194354762,4,two_factor_ou,full
2025-09-24,-0.2561850941502587,1.3909134459154613,4,two_factor_ou,full
2025-09-25,0.023912814420510187,1.4718149148239812,4,two_factor_ou,full
2025-09-26,0.37136621797031144,1.4406872967045417,4,two_factor_ou,full
2025-09-29,-0.342902932177805,1.4718815205534306,4,two_factor_ou,full
2025-09-30,0.06692814099494937,1.5132176438694758,4,two_factor_ou,full
2025-10-09,0.2806785498805387,2.07422781525064,4,two_factor_ou,full
2025-10-10,1.2610858483917715,1.8908843739307368,3,two_factor_ou,full
2025-10-13,1.6219758583567991,1.8848938255131436,3,two_factor_ou,full
2025-10-14,1.1312322714161114,1.2317306188986374,3,two_factor_ou,full
2025-10-15,0.18318915891975399,0.614456295359369,3,two_factor_ou,full
2025-10-16,0.3971432131370609,0.6656803229596625,3,two_factor_ou,full
2025-10-17,-0.20695711719505053,0.5687131166782994,3,two_factor_ou,full
2025-10-20,0.39717453816911197,0.7243900856556363,4,two_factor_ou,full
2025-10-21,-0.10126155339026577,0.7755688814587319,4,two_factor_ou,full
2025-10-22,-0.12036121634796959,0.8788137870407001,4,two_factor_ou,full
2025-10-23,-0.2702292486567351,1.142631283037376,4,two_factor_ou,full
2025-10-24,-0.05160692674633788,1.0955991427106013,4,two_factor_ou,full
2025-10-27,0.46280842753692886,1.1241333830449123,4,two_factor_ou,full
2025-10-28,-0.24775049889858908,0.9741040230468678,4,two_factor_ou,full
2025-10-29,-0.3386780453004788,0.9550973793250984,4,two_factor_ou,full
2025-10-30,-0.027734241933830533,0.7321112004980245,4,two_factor_ou,full
2025-10-31,0.012207382720753196,0.9721549351336012,4,two_factor_ou,full
2025-11-03,0.05991382977386012,0.7919898030392838,4,two_factor_ou,full
2025-11-04,0.6097325664364257,0.821117662224489,4,two_factor_ou,full
2025-11-05,0.42909225911055165,0.81173682309373,4,two_factor_ou,full
2025-11-06,0.21380280919954275,0.732847093545024,4,two_factor_ou,full
2025-11-07,0.1649113123066253,0.8492167993427587,4,two_factor_ou,full
2025-11-10,0.4232005465880472,0.7017582712551474,4,two_factor_ou,full
2025-11-11,0.25938993197903826,1.1191877866055173,4,two_factor_ou,full
2025-11-12,0.30470271939065097,1.0451710916858565,4,two_factor_ou,full
2025-11-13,0.42134429795034684,0.8932581730091674,4,two_factor_ou,full
2025-11-14,0.7755192710178234,0.8675206436460615,3,two_factor_ou,full
2025-11-17,0.46282146483339265,0.7385008453516967,3,two_factor_ou,full
2025-11-18,0.04610120489774087,0.7820772660013713,3,two_factor_ou,full
2025-11-19,0.10898576712413428,0.6119439967462206,3,two_factor_ou,full
2025-11-20,0.013689291937730866,0.6193442186168658,3,two_factor_ou,full
2025-11-21,-0.19405738694854344,0.9541987250003383,3,two_factor_ou,full
2025-11-24,-0.2913906499535745,1.0627342071925365,4,two_factor_ou,full
2025-11-25,0.1926421587643516,0.9716258119734706,4,two_factor_ou,full
2025-11-26,0.06308632373811796,1.0066065216314835,4,two_factor_ou,full
2025-11-27,0.42920787968084534,0.8720911665561271,4,two_factor_ou,full
2025-11-28,0.3697214797628433,0.9693512772265046,4,two_factor_ou,full
2025-12-01,0.37100639464981766,1.241164276665321,4,two_factor_ou,full
2025-12-02,0.02439541193682443,1.063166803662535,4,two_factor_ou,full
2025-12-03,-0.001426901080592513,0.9703799794165138,4,two_factor_ou,full
2025-12-04,0.06649153270888797,0.879364454671003,4,two_factor_ou,full
2025-12-05,0.18678944220466026,0.7933290226427642,4,two_factor_ou,full
2025-12-08,0.2427726036868183,1.0998877007508265,4,two_factor_ou,full
2025-12-09,0.15554660032879802,0.9009137888191867,4,two_factor_ou,full
2025-12-10,0.5168667974761296,0.997659351972708,4,two_factor_ou,full
2025-12-11,0.2976933374895764,1.1026877481641744,4,two_factor_ou,full
2025-12-12,0.2030781385402192,0.5499390107640244,3,two_factor_ou,full
2025-12-15,0.04639778710400033,0.7359760871693154,3,two_factor_ou,full
2025-12-16,-0.004548445447915069,0.8258068964217566,3,two_factor_ou,full
2025-12-17,-0.18381174780911583,0.9009466939544074,3,two_factor_ou,full
2025-12-18,-0.23050912295618917,1.0952443029515464,3,two_factor_ou,full
2025-12-19,-0.45195699505447157,1.1511421283789696,3,two_factor_ou,full
2025-12-22,-0.14282319765631246,1.1514206505008346,4,two_factor_ou,full
2025-12-23,-0.1282573721652882,1.0082095053250137,4,two_factor_ou,full
2025-12-24,-0.428007866132436,1.2842857581462783,4,two_factor_ou,full
2025-12-25,-0.4966646825376973,1.289038572677237,4,two_factor_ou,full
2025-12-26,-0.5011969107292196,1.5262682983575315,4,two_factor_ou,full
2025-12-29,0.34538367463876707,1.065187697790207,4,two_factor_ou,full
2025-12-30,0.1294804404334453,0.9700082616374244,4,two_factor_ou,full
2025-12-31,0.6508259210167138,1.0531270758756477,4,two_factor_ou,full
2026-01-05,-0.7900742631409385,1.6362638822683815,4,two_factor_ou,full
2026-01-06,-0.5166793242341026,1.2574826777555586,4,two_factor_ou,full
2026-01-07,0.12533267554854444,1.4398462235862046,4,two_factor_ou,full
2026-01-08,0.39016093362540405,0.8754384305790299,4,two_factor_ou,full
2026-01-09,-0.7158311651110448,1.538015129523269,3,two_factor_ou,full
2026-01-12,-1.0237888750523296,1.356895238188186,3,two_factor_ou,full
2026-01-13,-0.6191511230969279,1.1639550552866151,3,two_factor_ou,full
2026-01-14,0.5166546086794594,0.6413795039083791,3,two_factor_ou,full
2026-01-15,-0.9172505254729842,1.1661440153776388,3,two_factor_ou,full
2026-01-16,-0.055040404556112886,0.8179271295292656,3,two_factor_ou,full
2026-01-19,-0.10758293490334178,0.7816942437735762,4,two_factor_ou,full
2026-01-20,-0.339672591637776,0.7657565731248345,4,two_factor_ou,full
2026-01-21,-0.7214324354428918,1.4335798453513386,4,two_factor_ou,full
2026-01-22,-0.38298823541639426,1.3981725621376464,4,two_factor_ou,full
2026-01-23,-1.3857842153553839,1.9129785143344866,4,two_factor_ou,full
2026-01-26,0.956726577909383,1.5188020902253394,4,two_factor_ou,full
2026-01-27,-0.5823069061443338,1.0518305710530096,4,two_factor_ou,full
2026-01-28,-0.06525767868394305,0.7162072341754672,4,two_factor_ou,full
2026-01-29,-0.4212118504681005,0.9182304060417097,4,two_factor_ou,full
2026-01-30,-0.3509505611526878,0.6914393659865596,4,two_factor_ou,full
2026-02-02,1.9205616639780718,2.392817592894276,4,two_factor_ou,full
2026-02-03,-0.44221457974123823,1.360537145299722,4,two_factor_ou,full
2026-02-04,0.1616403443968349,0.9248189487211494,4,two_factor_ou,full
2026-02-05,0.725235532043627,0.7780044406078902,4,two_factor_ou,full
2026-02-06,0.2921408982423579,1.6922897368577938,4,two_factor_ou,full
2026-02-09,0.08865724001207716,1.6032202010946845,3,two_factor_ou,full
2026-02-10,0.5780159538995373,0.6383426350317171,3,two_factor_ou,full
2026-02-11,-0.3439916231247378,0.5856561602580845,3,two_factor_ou,full
2026-02-12,-0.20407104929062359,0.6705490787777246,3,two_factor_ou,full
2026-02-13,0.6092602837271832,0.6453398197429312,3,two_factor_ou,full
2026-02-24,0.16076480888871622,0.4279137565001486,3,two_factor_ou,full
2026-02-25,-0.40900528774929923,1.3619794468440618,4,two_factor_ou,full
2026-02-26,0.7026703823055553,1.15825963795688,4,two_factor_ou,full
2026-02-27,0.5419766590337611,1.5001976667138774,4,two_factor_ou,full
2026-03-02,0.4220718332019903,1.4928917897775853,4,two_factor_ou,full
2026-03-03,-0.260218059788775,1.3675835250801351,4,two_factor_ou,full
2026-03-04,0.519432158437557,1.2828511398736655,4,two_factor_ou,full
2026-03-05,0.6512582791157107,1.1267277567580642,4,two_factor_ou,full
2026-03-06,0.38092033985130025,1.4504453611505466,4,two_factor_ou,full
2026-03-09,0.6142768027979923,1.1960927284451295,4,two_factor_ou,full
2026-03-10,-0.032308629945653505,1.5405982903979631,4,two_factor_ou,full
2026-03-11,0.4788585671486365,1.1215810337709966,4,two_factor_ou,full
2026-03-12,0.3481761691819624,2.016628838974041,4,two_factor_ou,full
2026-03-13,0.8530809517503816,1.5600760550374828,3,two_factor_ou,full
2026-03-16,0.7719884734892629,1.0353738596421485,3,two_factor_ou,full
2026-03-17,0.699493108035843,1.2445861206419604,3,two_factor_ou,full
2026-03-18,0.5451189723512639,0.6352538084488438,3,two_factor_ou,full
2026-03-19,0.41428299793823414,1.0380923791696577,3,two_factor_ou,full
2026-03-20,-0.013733500843119651,0.15944013704445498,3,two_factor_ou,full
2026-03-23,0.3633768379239739,0.7463588007752933,4,two_factor_ou,full
2026-03-24,-0.04905290227110766,0.6893035454175034,4,two_factor_ou,full
2026-03-25,0.2868393430198778,1.2008159345821232,4,two_factor_ou,full
2026-03-26,0.3574244378590471,0.540628752020785,4,two_factor_ou,full
2026-03-27,-0.45803943841568484,0.8527438473714253,4,two_factor_ou,full
2026-03-30,0.5180819609928419,0.8022721867367745,4,two_factor_ou,full
2026-03-31,0.34915202746418894,0.8708674458389473,4,two_factor_ou,full
2026-04-01,-0.21268213646986284,1.2829233852345332,4,two_factor_ou,full
2026-04-02,0.6229977758028906,1.055164264641175,4,two_factor_ou,full
2026-04-03,0.16155887417489376,0.8273100421498432,4,two_factor_ou,full
2026-04-07,-0.1888026927169453,0.7984731387301025,4,two_factor_ou,full
2026-04-08,-1.2128976039059156,1.2980375605204768,4,two_factor_ou,full
2026-04-09,0.4424093121003866,0.691739095749111,4,two_factor_ou,full
2026-04-10,0.17823316767162903,0.6288287825457551,3,two_factor_ou,full
2026-04-13,0.3824454999072649,0.7332594560409466,3,two_factor_ou,full
2026-04-14,0.14558444048087182,0.7245305904659277,3,two_factor_ou,full
2026-04-15,-0.4852479371305211,0.7014700765089251,3,two_factor_ou,full
2026-04-16,-0.26200513295787514,0.7896109177482457,3,two_factor_ou,full
2026-04-17,-0.15250918191762555,0.6139772535235691,3,two_factor_ou,full
2026-04-20,-0.08125049785231,0.7547877403010619,4,two_factor_ou,full
2026-04-21,-0.3407167267130159,0.49599863747589634,4,two_factor_ou,full
2026-04-22,-0.1913372177578415,0.6473671661945475,4,two_factor_ou,full
2026-04-23,-0.19809351439208023,0.5721517097894849,4,two_factor_ou,full
2026-04-24,-0.3492048309640127,0.6834576753536826,4,two_factor_ou,full
2026-04-27,-0.16315280747085595,0.44033393491027545,4,two_factor_ou,full
2026-04-28,-0.33343169293184177,0.5606447592401054,4,two_factor_ou,full
2026-04-29,-0.6197425033060256,0.81738107341436,4,two_factor_ou,full
2026-04-30,-0.12374315527242642,0.3272005188454609,4,two_factor_ou,full
2026-05-06,-0.4617496961053114,1.1224764361175734,4,two_factor_ou,full
2026-05-07,-0.348062295848817,0.5671506058005826,4,two_factor_ou,full
2026-05-08,0.24206739203875802,0.31415344795406835,3,two_factor_ou,full
2026-05-11,0.6965055279353862,0.8628285158430485,3,two_factor_ou,full
2026-05-12,0.0992252832525669,0.46196040925665227,3,two_factor_ou,full
2026-05-13,-0.33920913246918644,0.6275280024489471,3,two_factor_ou,full
2026-05-14,0.09483126317267775,0.2811384040164761,3,two_factor_ou,full
2026-05-15,0.22083205083929558,0.4003451858376491,3,two_factor_ou,full
2026-05-18,0.12294627030211201,0.3854342377634133,4,two_factor_ou,full
2026-05-19,0.3946285925520945,0.5642496637650057,4,two_factor_ou,full
2026-05-20,0.4530371584050107,0.6530298622681251,4,two_factor_ou,full
2026-05-21,-0.24795604375415964,0.5967684844808464,4,two_factor_ou,full
2026-05-22,0.4583572854272644,0.7141618684798864,4,two_factor_ou,full
2026-05-25,0.5098560102683201,0.8109522582605716,4,two_factor_ou,full
2026-05-26,-0.015946423579670688,0.6373383539773937,4,two_factor_ou,full
2026-05-27,0.4095306438036885,0.6595627111175737,4,two_factor_ou,full
2026-05-28,0.3012649036743645,0.6330251615609479,4,two_factor_ou,full
2026-05-29,-0.0567778546062091,0.7295305220985275,4,two_factor_ou,full
2026-06-01,-0.19648110561773824,0.5320301023083364,4,two_factor_ou,full
2026-06-02,0.03821199857363136,0.736692290379263,4,two_factor_ou,full
2026-06-03,0.3551437562614025,0.7569026781448016,4,two_factor_ou,full
2026-06-04,0.19153832642039548,0.8140741447380746,4,two_factor_ou,full
2026-06-05,0.4272367452731396,0.8211919054553709,4,two_factor_ou,full
2026-06-08,0.0765355363729687,0.9325828268477686,4,two_factor_ou,full
2026-06-09,0.5876561838506011,1.9667297319921944,4,two_factor_ou,full
2026-06-10,0.2752620523127152,1.1374734998339648,4,two_factor_ou,full
2026-06-11,0.15390942285315334,0.8588607388079897,4,two_factor_ou,full
2026-06-12,0.06307331026368009,0.9358574353914678,3,two_factor_ou,full
2026-06-15,0.3441668914136402,1.0321714585391009,3,two_factor_ou,full
2026-06-16,0.5093984741953006,0.8286522141675902,3,two_factor_ou,full
2026-06-17,-0.1672325914081866,0.9779281741584005,3,two_factor_ou,full
2026-06-18,0.07353369765744255,0.798438279076476,3,two_factor_ou,full
2026-06-22,1.0528751015380526,1.4616113495139498,3,two_factor_ou,full
2026-06-23,-0.05766032265977694,1.9290431275989974,4,two_factor_ou,full
2026-06-24,0.7236822346167006,1.3355513725666261,4,two_factor_ou,full
2026-06-25,0.28267951569467664,1.087680958510945,4,two_factor_ou,full
2026-06-26,0.6090058456792916,1.29387917796879,4,two_factor_ou,full
2026-06-29,0.4296707884556507,1.0456585705579038,4,two_factor_ou,full
2026-06-30,0.04670751351921382,1.6532212409242961,4,two_factor_ou,full
2026-07-01,0.6306430121728848,1.8511062307424704,4,two_factor_ou,full
2026-07-02,-0.31680400879332704,1.9373689019688989,4,two_factor_ou,full
2026-07-03,0.18271778252736726,1.4034211074757095,4,two_factor_ou,full
2026-07-06,0.1203852144436271,1.3513769754330978,4,two_factor_ou,full
2026-07-07,0.11941030376235712,0.8738501329514899,4,two_factor_ou,full
2026-07-08,-0.4476835595333548,1.006084987109056,4,two_factor_ou,full
2026-07-09,-0.4019582360134548,2.0715005497509074,4,two_factor_ou,full
2026-07-10,0.9058387738866815,1.4029165654252862,3,two_factor_ou,full
2026-07-13,-0.3794629145157396,1.4850009670244066,3,two_factor_ou,full
2026-07-14,0.4160822469672696,0.8933100478091689,3,two_factor_ou,full
2026-07-15,-0.5789904728225713,1.3126113192916304,3,two_factor_ou,full
2026-07-16,-0.7502529864062852,1.419132971315405,3,two_factor_ou,full
2026-07-17,0.24828567862360496,1.0305879932593043,3,two_factor_ou,full
2026-07-20,0.5737586696159245,0.9204602340848669,4,two_factor_ou,full
2026-07-21,-0.37365387434369973,0.8851373269048673,4,two_factor_ou,full
2026-07-22,0.5485179940603551,0.8590167438718913,4,two_factor_ou,full
2026-07-23,0.10966844430590991,0.5501861641396718,4,two_factor_ou,full
2026-07-24,0.18002488098522,0.6019483867260692,4,two_factor_ou,full
2026-07-27,-0.4549374162418955,1.0217619614298834,4,two_factor_ou,full
2026-07-28,-0.12207871714214273,0.6811192839591768,4,two_factor_ou,full
2026-07-29,-1.2480701665098002,1.6789910941371509,4,two_factor_ou,full
2026-07-30,-0.5167386567847639,1.3044437222373246,4,two_factor_ou,full
2026-07-31,0.3335683478612086,0.47603837793860726,4,two_factor_ou,full
2026-08-03,-0.4215634465455287,0.9945457627279486,4,two_factor_ou,full
2026-08-04,-0.03430914035354693,0.9553071062633501,4,two_factor_ou,full
2026-08-05,-0.11987565282180973,0.8865309510869291,4,two_factor_ou,full
2026-08-06,0.8549420752954979,1.0741731309355766,4,two_factor_ou,full
2026-08-07,0.6841365908113335,0.8131669595123852,4,two_factor_ou,full
2026-08-10,0.8616445831244004,0.8992800396636506,4,two_factor_ou,full
2026-08-11,0.18891753134453385,0.8899370974134055,4,two_factor_ou,full
2026-08-12,0.40427450785148167,0.7138784553731251,4,two_factor_ou,full
2026-08-13,0.10959124017513905,0.8913467137117722,4,two_factor_ou,full
2026-08-14,0.6215926866025233,0.8232820107965005,3,two_factor_ou,full
2026-08-17,-0.029313670979413176,0.4880039835868777,3,two_factor_ou,full
2026-08-18,0.703466986481723,0.9450362596466688,3,two_factor_ou,full
2026-08-19,-0.9246741016456254,1.4534862621685234,3,two_factor_ou,full
2026-08-20,0.12175766108985299,0.4353873464194424,3,two_factor_ou,full
2026-08-21,0.33142710137496184,0.3610709975862969,3,two_factor_ou,full
2022-07-22,0.6244597088092572,0.6345989728634723,4,two_factor_ou,in_sample
2022-07-25,-0.006684035579339803,0.3468326486709893,4,two_factor_ou,in_sample
2022-07-26,-0.26135644162582333,0.6562575282822484,4,two_factor_ou,in_sample
2022-07-27,-0.2750459272897238,0.40055291030539236,4,two_factor_ou,in_sample
2022-07-28,-0.5513320519741552,0.7640321575995686,4,two_factor_ou,in_sample
2022-07-29,-0.19122447676331542,0.7278288492593596,4,two_factor_ou,in_sample
2022-08-01,0.4013848444647972,0.6303941158452923,4,two_factor_ou,in_sample
2022-08-02,-0.4349629258342188,0.8981433392318543,4,two_factor_ou,in_sample
2022-08-03,0.37874331365318276,1.0931915015163984,4,two_factor_ou,in_sample
2022-08-04,0.6112581957207475,1.2565125532919215,4,two_factor_ou,in_sample
2022-08-05,-0.15238867385042304,1.176450856156528,4,two_factor_ou,in_sample
2022-08-08,0.34837390763671255,1.0253473267479782,4,two_factor_ou,in_sample
2022-08-09,0.2876454895580209,0.8524664748457219,4,two_factor_ou,in_sample
2022-08-10,0.11187554223402177,1.0269335879501416,4,two_factor_ou,in_sample
2022-08-11,0.06871295518338069,0.8719753704722298,4,two_factor_ou,in_sample
2022-08-12,-0.04405298675539169,0.21966787261331047,3,two_factor_ou,in_sample
2022-08-15,0.13331298507827205,0.28283154409968675,3,two_factor_ou,in_sample
2022-08-16,0.11819269841544304,0.3783216932671652,3,two_factor_ou,in_sample
2022-08-17,-0.2152654770241187,0.528766158636803,3,two_factor_ou,in_sample
2022-08-18,-0.20390328324681417,0.41354837837652697,3,two_factor_ou,in_sample
2022-08-19,0.07589426072800853,0.3971429781699875,3,two_factor_ou,in_sample
2022-08-22,0.12710940130617085,0.4222398594880854,4,two_factor_ou,in_sample
2022-08-23,0.2772090097942606,0.5523982647380096,4,two_factor_ou,in_sample
2022-08-24,0.6016060425383317,0.7512345393999161,4,two_factor_ou,in_sample
2022-08-25,0.3697047149776715,0.8756607811846767,4,two_factor_ou,in_sample
2022-08-26,0.20710200382153618,0.6393338646528319,4,two_factor_ou,in_sample
2022-08-29,0.21718623299757636,0.7567993157363945,4,two_factor_ou,in_sample
2022-08-30,0.030570020918060548,0.8429176308923642,4,two_factor_ou,in_sample
2022-08-31,0.223292108496468,0.8027668882230165,4,two_factor_ou,in_sample
2022-09-01,0.15238805701333596,0.6730612369190783,4,two_factor_ou,in_sample
2022-09-02,0.10119674762618841,0.9088086226277726,4,two_factor_ou,in_sample
2022-09-05,-0.10315200557724996,1.0935360347385474,4,two_factor_ou,in_sample
2022-09-06,-0.08373613565758681,0.9686044751417778,4,two_factor_ou,in_sample
2022-09-07,0.10414961334296854,1.120196543966335,4,two_factor_ou,in_sample
2022-09-08,0.38364378723259357,0.8713064038284,3,two_factor_ou,in_sample
2022-09-09,-0.18720546642784563,0.6369072702717935,3,two_factor_ou,in_sample
2022-09-13,0.46271417249827373,0.49755027106582284,3,two_factor_ou,in_sample
2022-09-14,0.26614711365839056,0.4601646727309362,3,two_factor_ou,in_sample
2022-09-15,1.035710356541446,1.1517074491105426,3,two_factor_ou,in_sample
2022-09-16,0.3784749971943973,0.37880733884557943,3,two_factor_ou,in_sample
2022-09-19,0.8323874356209735,0.8467096061661707,4,two_factor_ou,in_sample
2022-09-20,0.5890606355675496,0.6992423344553194,4,two_factor_ou,in_sample
2022-09-21,0.1359067576224433,0.5331830464480039,4,two_factor_ou,in_sample
2022-09-22,-0.7869331976819504,0.8139442974388219,4,two_factor_ou,in_sample
2022-09-23,-0.8776348700851361,0.9450879846642556,4,two_factor_ou,in_sample
2022-09-26,-0.6058187793196117,0.6243793174842318,4,two_factor_ou,in_sample
2022-09-27,-0.4369626333627076,0.5096465264305019,4,two_factor_ou,in_sample
2022-09-28,-0.8716343641083555,0.9606575236766757,4,two_factor_ou,in_sample
2022-09-29,-0.29117867886993454,0.3899276464995982,4,two_factor_ou,in_sample
2022-09-30,0.24408741233213713,0.8935243568456184,4,two_factor_ou,in_sample
2022-10-10,0.4973530599397514,0.8385559493033246,4,two_factor_ou,in_sample
2022-10-11,0.34845513207297396,0.44124789938563835,4,two_factor_ou,in_sample
2022-10-12,0.05350210942914235,1.2598028636110552,4,two_factor_ou,in_sample
2022-10-13,0.10290413869328331,0.6696145040994532,4,two_factor_ou,in_sample
2022-10-14,-0.26059982574578866,0.6313888369195076,3,two_factor_ou,in_sample
2022-10-17,0.25384980509662397,1.0422275458528525,3,two_factor_ou,in_sample
2022-10-18,0.2796916039214457,0.4532121120913922,3,two_factor_ou,in_sample
2022-10-19,-0.002552072979437936,0.4906082834679575,3,two_factor_ou,in_sample
2022-10-20,0.4741757722475833,0.536580047733301,3,two_factor_ou,in_sample
2022-10-21,0.15734056188874693,0.31967334381813917,3,two_factor_ou,in_sample
2022-10-24,-0.37253230895533085,0.8109817969147127,4,two_factor_ou,in_sample
2022-10-25,-0.4260969715380392,0.74875744135332,4,two_factor_ou,in_sample
2022-10-26,-0.6390572441257614,1.0903524161268423,4,two_factor_ou,in_sample
2022-10-27,-0.6799723929781959,1.1057931274591772,4,two_factor_ou,in_sample
2022-10-28,-0.36424951326503496,1.3516334358662474,4,two_factor_ou,in_sample
2022-10-31,0.4839952540205481,0.8695114636644844,4,two_factor_ou,in_sample
2022-11-01,-0.19926804625230304,0.9718762962596418,4,two_factor_ou,in_sample
2022-11-02,-0.22140311132812415,0.9549300232293276,4,two_factor_ou,in_sample
2022-11-03,0.28943195825290624,0.9472178179593527,4,two_factor_ou,in_sample
2022-11-04,-0.5726970156815763,1.0278901097799975,4,two_factor_ou,in_sample
2022-11-07,-0.27909232494361585,1.2793325816522048,4,two_factor_ou,in_sample
2022-11-08,-0.21392488837093548,0.4788052214650566,4,two_factor_ou,in_sample
2022-11-09,-0.5710101154261515,1.4158950721470056,4,two_factor_ou,in_sample
2022-11-10,-0.1866143977492149,0.4587343637610203,4,two_factor_ou,in_sample
2022-11-11,-0.2480104830656301,0.5505758884762387,3,two_factor_ou,in_sample
2022-11-14,-0.15017993185093068,0.40164987338108254,3,two_factor_ou,in_sample
2022-11-15,-0.1818153965855307,0.30097776890295147,3,two_factor_ou,in_sample
2022-11-16,0.06395659907339428,0.334996055590781,3,two_factor_ou,in_sample
2022-11-17,-0.3226244000733527,0.480724516925589,3,two_factor_ou,in_sample
2022-11-18,-0.23715925702454918,0.5766653990014617,3,two_factor_ou,in_sample
2022-11-21,-0.4327309978950064,0.9619111754712003,4,two_factor_ou,in_sample
2022-11-22,0.7645834879654437,1.099948688961985,4,two_factor_ou,in_sample
2022-11-23,0.19964273140661903,0.6660907428930535,4,two_factor_ou,in_sample
2022-11-24,0.4052380755299124,0.9129864808307632,4,two_factor_ou,in_sample
2022-11-25,0.15867301413850582,0.8590758974718883,4,two_factor_ou,in_sample
2022-11-28,0.11448239175164082,0.7974740281024363,4,two_factor_ou,in_sample
2022-11-29,-0.18190976274392065,0.7685967235861885,4,two_factor_ou,in_sample
2022-11-30,0.37308127407219244,0.7185714270251414,4,two_factor_ou,in_sample
2022-12-01,-0.22371370919324438,0.7816696757491753,4,two_factor_ou,in_sample
2022-12-02,-0.05838673917639092,0.7290918800878882,4,two_factor_ou,in_sample
2022-12-05,0.380123366336083,1.2789216158771002,4,two_factor_ou,in_sample
2022-12-06,0.4385641783288916,1.07549110903506,4,two_factor_ou,in_sample
2022-12-07,0.35166909333764174,1.0154065506307872,4,two_factor_ou,in_sample
2022-12-08,0.48323969519445886,0.9012337392982608,4,two_factor_ou,in_sample
2022-12-09,0.5331740045860123,0.6907294415641754,3,two_factor_ou,in_sample
2022-12-12,0.3271317789236608,0.5919622321954073,3,two_factor_ou,in_sample
2022-12-13,-0.10222458222441556,0.37582540938739417,3,two_factor_ou,in_sample
2022-12-14,0.5051011389562196,0.5228770498665458,3,two_factor_ou,in_sample
2022-12-15,-0.03347197340268473,0.17716598272536316,3,two_factor_ou,in_sample
2022-12-16,-0.7556416155588866,1.0505110522316488,3,two_factor_ou,in_sample
2022-12-19,-0.3817504865741791,0.5399956317515247,4,two_factor_ou,in_sample
2022-12-20,-0.2765609995732373,0.5890248106120531,4,two_factor_ou,in_sample
2022-12-21,-0.5348545964845707,0.72638792932332,4,two_factor_ou,in_sample
2022-12-22,-0.7403142084391727,0.8835408076725902,4,two_factor_ou,in_sample
2022-12-23,-0.04277422596999721,0.38730595628485975,4,two_factor_ou,in_sample
2022-12-26,-0.3319181158946473,0.5359154656426228,4,two_factor_ou,in_sample
2022-12-27,0.10576259314113087,0.2946007219888358,4,two_factor_ou,in_sample
2022-12-28,-0.3481840444668876,0.5399775498719568,4,two_factor_ou,in_sample
2022-12-29,0.09994791607735234,0.49790742247186115,4,two_factor_ou,in_sample
2022-12-30,0.2832685512583346,0.6952932136231162,4,two_factor_ou,in_sample
2023-01-03,0.8997861831266392,0.9749047029107629,4,two_factor_ou,in_sample
2023-01-04,0.527016317308169,0.6165813522819156,4,two_factor_ou,in_sample
2023-01-05,0.29181282653792195,0.6379176270367102,4,two_factor_ou,in_sample
2023-01-06,-0.054138312931044,0.18205938984530767,4,two_factor_ou,in_sample
2023-01-09,0.17505946465223887,0.6074478112528808,4,two_factor_ou,in_sample
2023-01-10,-0.10592147767011859,0.6710665182628824,4,two_factor_ou,in_sample
2023-01-11,0.20227628390167163,0.6416928867228714,4,two_factor_ou,in_sample
2023-01-12,-0.475103342852553,0.910578380683123,4,two_factor_ou,in_sample
2023-01-13,-0.627718852835324,1.0563202291977847,3,two_factor_ou,in_sample
2023-01-16,-0.19731330731067329,0.8153589306579245,3,two_factor_ou,in_sample
2023-01-17,-0.714353254152976,1.3543185934794817,3,two_factor_ou,in_sample
2023-01-18,-0.868600131940009,1.728184024941764,3,two_factor_ou,in_sample
2023-01-19,-0.7537989310801168,1.7045065292384474,3,two_factor_ou,in_sample
2023-01-20,0.05223039543321306,1.1205984311057118,3,two_factor_ou,in_sample
2023-01-30,-0.10908810380043152,1.5768339474553372,4,two_factor_ou,in_sample
2023-01-31,-0.6510995425328816,2.124229027770066,4,two_factor_ou,in_sample
2023-02-01,0.30773041834484155,1.5993631548392717,4,two_factor_ou,in_sample
2023-02-02,0.221879681282863,1.734923077084379,4,two_factor_ou,in_sample
2023-02-03,0.7727318361251188,1.5589197897241203,4,two_factor_ou,in_sample
2023-02-06,0.3019955800085163,1.648812501852981,4,two_factor_ou,in_sample
2023-02-07,0.589104385608483,1.3000289724698975,4,two_factor_ou,in_sample
2023-02-08,0.24133923198726032,1.0580541175776887,4,two_factor_ou,in_sample
2023-02-09,-0.4470856640574242,1.194737706162387,4,two_factor_ou,in_sample
2023-02-10,0.531379846174334,0.6289701775082359,3,two_factor_ou,in_sample
2023-02-13,0.4905608352508879,0.6036783111346792,3,two_factor_ou,in_sample
2023-02-14,0.07081367204935186,0.2560921585487592,3,two_factor_ou,in_sample
2023-02-15,0.36974960537433144,0.4194424151271503,3,two_factor_ou,in_sample
2023-02-16,-0.18599302206777288,0.3892224392012946,3,two_factor_ou,in_sample
2023-02-17,-0.08370486441457374,0.2194701057258556,3,two_factor_ou,in_sample
2023-02-20,0.33697241349393636,1.0932055339152076,4,two_factor_ou,in_sample
2023-02-21,0.22965940095540663,0.7663424072393763,4,two_factor_ou,in_sample
2023-02-22,0.10871045494121648,1.1211259680106733,4,two_factor_ou,in_sample
2023-02-23,0.0478118892596352,0.9495918872507797,4,two_factor_ou,in_sample
2023-02-24,0.02580242534349271,0.8934837580175911,4,two_factor_ou,in_sample
2023-02-27,0.1984505723485776,1.33233609369899,4,two_factor_ou,in_sample
2023-02-28,0.08622351461639541,1.148639860356524,4,two_factor_ou,in_sample
2023-03-01,0.1038106143708026,1.0989360452685066,4,two_factor_ou,in_sample
2023-03-02,-0.006882176730891448,1.0457194498002924,4,two_factor_ou,in_sample
2023-03-03,0.13883523770493425,1.3543740672142348,4,two_factor_ou,in_sample
2023-03-06,0.4211730738215349,1.518019549020227,4,two_factor_ou,in_sample
2023-03-07,-0.025982078296277356,1.5207348051799372,4,two_factor_ou,in_sample
2023-03-08,0.376615172135125,1.6344198799041278,4,two_factor_ou,in_sample
2023-03-09,0.37675479839296167,1.5091158890135357,4,two_factor_ou,in_sample
2023-03-10,0.5567065144143285,1.083282429593236,3,two_factor_ou,in_sample
2023-03-13,0.5388431542876382,0.753442134669624,3,two_factor_ou,in_sample
2023-03-14,0.21416723697772597,0.4760018810094772,3,two_factor_ou,in_sample
2023-03-15,0.028348152199296484,0.2340490771737228,3,two_factor_ou,in_sample
2023-03-16,-0.10152360516042629,0.6470105068397204,3,two_factor_ou,in_sample
2023-03-17,-0.1965206943349285,0.22116497032655252,3,two_factor_ou,in_sample
2023-03-20,-0.2954905930773711,0.7906909297107233,4,two_factor_ou,in_sample
2023-03-21,-0.010465979466550267,0.5202044483954729,4,two_factor_ou,in_sample
2023-03-22,-0.053183453318770446,0.5123864010034125,4,two_factor_ou,in_sample
2023-03-23,0.16600907854317476,0.2464669803191988,4,two_factor_ou,in_sample
2023-03-24,-0.1407487671353956,0.2836043723971441,4,two_factor_ou,in_sample
2023-03-27,-0.03864359747497392,0.3958343700102584,4,two_factor_ou,in_sample
2023-03-28,-0.5439407403568217,0.7360554219220374,4,two_factor_ou,in_sample
2023-03-29,-0.3232189111497309,0.6815057656302346,4,two_factor_ou,in_sample
2023-03-30,-0.2582774184372156,0.5789552765988456,4,two_factor_ou,in_sample
2023-03-31,0.10217668880051159,0.3207202372908261,4,two_factor_ou,in_sample
2023-04-03,0.16342746729849794,0.6890759719014296,4,two_factor_ou,in_sample
2023-04-04,-0.16060643092946875,0.5424057542077121,4,two_factor_ou,in_sample
2023-04-06,0.37932338600416077,0.5885625380473933,4,two_factor_ou,in_sample
2023-04-07,0.11559354213532166,0.6547197302017662,4,two_factor_ou,in_sample
2023-04-10,-0.6153026058464908,0.7444256563957652,4,two_factor_ou,in_sample
2023-04-11,0.10547837081310943,0.6471699767088404,4,two_factor_ou,in_sample
2023-04-12,-0.012364470127622346,0.7459388563530687,4,two_factor_ou,in_sample
2023-04-13,-0.018150710502479066,0.5636875698955262,4,two_factor_ou,in_sample
2023-04-14,0.44164813908060113,0.6855216279486444,3,two_factor_ou,in_sample
2023-04-17,-0.15350983026410955,0.410908545183345,3,two_factor_ou,in_sample
2023-04-18,0.10838706908064237,0.513738820261799,3,two_factor_ou,in_sample
2023-04-19,-0.15080369030626686,0.49031654365508726,3,two_factor_ou,in_sample
2023-04-20,-0.1608197452327839,0.34649250975988083,3,two_factor_ou,in_sample
2023-04-21,-0.03169859111907928,1.0688523235444436,3,two_factor_ou,in_sample
2023-04-24,-0.12337796997941364,0.659464104587517,4,two_factor_ou,in_sample
2023-04-25,-0.9820816442212958,1.0145524378328779,4,two_factor_ou,in_sample
2023-04-26,-0.34971099483070367,0.48720182631263653,4,two_factor_ou,in_sample
2023-04-27,-0.42639764770600597,0.5219262583320573,4,two_factor_ou,in_sample
2023-04-28,-0.27623601951353705,0.5529054570693861,4,two_factor_ou,in_sample
2023-05-04,0.08116409367076521,0.7388140390302198,4,two_factor_ou,in_sample
2023-05-05,-0.1020960244191339,0.4655139630486107,4,two_factor_ou,in_sample
2023-05-08,0.002145715312521612,0.8341681268887062,4,two_factor_ou,in_sample
2023-05-09,-0.4378733419050942,0.8749448196705228,4,two_factor_ou,in_sample
2023-05-10,-0.08671490801816212,0.6529740402768014,4,two_factor_ou,in_sample
2023-05-11,-0.23851792794246202,0.5588655657944697,4,two_factor_ou,in_sample
2023-05-12,-0.6255035531929458,0.6959985255416472,3,two_factor_ou,in_sample
2023-05-15,-0.08774266628276588,0.5535636359322045,3,two_factor_ou,in_sample
2023-05-16,-0.3704635766316266,0.45329817247185294,3,two_factor_ou,in_sample
2023-05-17,0.14904364226692776,0.5718007039378182,3,two_factor_ou,in_sample
2023-05-18,-0.12528792520638218,0.3476455736737989,3,two_factor_ou,in_sample
2023-05-19,-0.35669548581258814,0.4658721558342988,3,two_factor_ou,in_sample
2023-05-22,-0.08437260410087971,0.34063841624394026,4,two_factor_ou,in_sample
2023-05-23,-0.14176754587416476,0.5817160292566695,4,two_factor_ou,in_sample
2023-05-24,-0.15096641757428958,0.3998576634831506,4,two_factor_ou,in_sample
2023-05-25,-0.023933352185493834,0.49672575794953094,4,two_factor_ou,in_sample
2023-05-26,0.020671509322752524,0.5831611512209441,4,two_factor_ou,in_sample
2023-05-29,-0.1409171374788957,0.4387841948602785,4,two_factor_ou,in_sample
2023-05-30,-0.04824387795423252,0.6169458811486146,4,two_factor_ou,in_sample
2023-05-31,0.04921062142102062,0.376477517828516,4,two_factor_ou,in_sample
2023-06-01,-0.24259197213082542,0.769276989859512,4,two_factor_ou,in_sample
2023-06-02,0.02270511170475889,0.5432877242297479,4,two_factor_ou,in_sample
2023-06-05,-0.03643078539318806,0.5200511262985248,4,two_factor_ou,in_sample
2023-06-06,-0.22854528875050598,0.8350301893801922,4,two_factor_ou,in_sample
2023-06-07,0.037972505577177185,0.43254304007306404,4,two_factor_ou,in_sample
2023-06-08,0.030005065265009817,0.6600853987791954,4,two_factor_ou,in_sample
2023-06-09,0.20709682741317334,0.6313254238147844,3,two_factor_ou,in_sample
2023-06-12,0.07256439433778132,0.46041182873086167,3,two_factor_ou,in_sample
2023-06-13,4.51998205042529e-05,0.24640934800331327,3,two_factor_ou,in_sample
2023-06-14,0.03731499096895311,0.2223308999530049,3,two_factor_ou,in_sample
2023-06-15,-0.12646059495997922,0.13728678506661166,3,two_factor_ou,in_sample
2023-06-16,0.07806000524230271,0.3441966818519595,3,two_factor_ou,in_sample
2023-06-19,0.39918856474959846,0.5811919300460968,4,two_factor_ou,in_sample
2023-06-20,0.12330075343082818,0.38774998204807015,4,two_factor_ou,in_sample
2023-06-21,-0.3548876270786251,0.46259418434957933,4,two_factor_ou,in_sample
2023-06-26,-0.7040621109918227,0.9474706245953622,4,two_factor_ou,in_sample
2023-06-27,0.665785452874065,0.8180584457915507,4,two_factor_ou,in_sample
2023-06-28,-0.26613217288058105,0.36515049376272135,4,two_factor_ou,in_sample
2023-06-29,0.2978808548110295,0.4733478103008822,4,two_factor_ou,in_sample
2023-06-30,-0.025662529932130487,0.31195221967899395,4,two_factor_ou,in_sample
2023-07-03,-0.008718863114773837,0.4043183453545162,4,two_factor_ou,in_sample
2023-07-04,0.16412598581866578,0.3615414120891996,4,two_factor_ou,in_sample
2023-07-05,-0.03216995246911139,0.42691947770669325,4,two_factor_ou,in_sample
2023-07-06,0.08653112586072527,0.4415707608192199,4,two_factor_ou,in_sample
2023-07-07,-0.2046339136270235,0.46665213048360954,4,two_factor_ou,in_sample
2023-07-10,0.15442102025101523,0.3596000245814375,4,two_factor_ou,in_sample
2023-07-11,-0.06795746743131377,0.23182854689361845,4,two_factor_ou,in_sample
2023-07-12,-0.24268683041471636,0.39894694281078164,4,two_factor_ou,in_sample
2023-07-13,-0.11598745247535219,0.3960104670414811,4,two_factor_ou,in_sample
2023-07-14,-0.12658272094745945,0.31504630809917544,3,two_factor_ou,in_sample
2023-07-17,-0.09555376890859231,0.41145702327016703,3,two_factor_ou,in_sample
2023-07-18,-0.18837089865208498,0.2816262955863244,3,two_factor_ou,in_sample
2023-07-19,-0.16138070665705725,0.21341079793358556,3,two_factor_ou,in_sample
2023-07-20,-0.32379186388029546,0.3253087214392464,3,two_factor_ou,in_sample
2023-07-21,-0.4087745968626435,0.41600952820451875,3,two_factor_ou,in_sample
2023-07-24,-0.3914805963783546,0.5946639627586204,4,two_factor_ou,in_sample
2023-07-25,-0.2803752438323686,0.5065274507783338,4,two_factor_ou,in_sample
2023-07-26,-0.44523525121056207,0.4872987638216093,4,two_factor_ou,in_sample
2023-07-27,-0.28235361280469606,0.3622619258756808,4,two_factor_ou,in_sample
2023-07-28,0.0864467160804018,0.3458540396691843,4,two_factor_ou,in_sample
2023-07-31,0.0998667349031026,0.5310491673665872,4,two_factor_ou,in_sample
2023-08-01,-0.2390451677172839,0.4571462654683231,4,two_factor_ou,in_sample
2023-08-02,-0.19170787705329703,0.371021399417582,4,two_factor_ou,in_sample
2023-08-03,-0.059885977422122566,0.2584961705690255,4,two_factor_ou,in_sample
2023-08-04,-0.20211421526330564,0.3216051529677651,4,two_factor_ou,in_sample
2023-08-07,-0.3929420863023972,0.5268388526063361,4,two_factor_ou,in_sample
2023-08-08,-0.3722271934382801,0.4729234451356713,4,two_factor_ou,in_sample
2023-08-09,-0.6186976255551047,0.7261315837365708,4,two_factor_ou,in_sample
2023-08-10,-0.2693275049828274,0.7071152678008658,4,two_factor_ou,in_sample
2023-08-11,-0.2521966390402775,0.4970183163506155,3,two_factor_ou,in_sample
2023-08-14,0.021741838454661194,0.4749549023899127,3,two_factor_ou,in_sample
2023-08-15,-0.2567260641670478,0.4853816619948555,3,two_factor_ou,in_sample
2023-08-16,-0.2908892757915784,0.5211280634300949,3,two_factor_ou,in_sample
2023-08-17,0.04149024711208488,0.4225735162981356,3,two_factor_ou,in_sample
2023-08-18,-0.40570124550611936,0.6216338637829756,3,two_factor_ou,in_sample
2023-08-21,0.08002367758191886,0.6954386370697829,4,two_factor_ou,in_sample
2023-08-22,0.1749595003496059,0.6354224245493676,4,two_factor_ou,in_sample
2023-08-23,-0.15739675468089906,0.9305428112971084,4,two_factor_ou,in_sample
2023-08-24,0.16268513340083235,0.7351895025185597,4,two_factor_ou,in_sample
2023-08-25,-0.4255705766347282,0.6397379265904656,4,two_factor_ou,in_sample
2023-08-28,0.5563765051485816,0.9617982263904282,4,two_factor_ou,in_sample
2023-08-29,-0.2771165763760337,0.5820788857686847,4,two_factor_ou,in_sample
2023-08-30,-0.15508980642804646,0.40245280988798343,4,two_factor_ou,in_sample
2023-08-31,-0.13923788513151428,0.6260484153062729,4,two_factor_ou,in_sample
2023-09-01,0.04417152314217784,0.5399448769615257,4,two_factor_ou,in_sample
2023-09-04,-0.04371730383741651,0.514544591165095,4,two_factor_ou,in_sample
2023-09-05,0.09934610533340829,0.51153261548838,4,two_factor_ou,in_sample
2023-09-06,-0.17224702156506874,0.7121222875632649,4,two_factor_ou,in_sample
2023-09-07,0.08509660677671407,0.6289410456167589,4,two_factor_ou,in_sample
2023-09-08,0.3452429784146737,0.7261515926985387,3,two_factor_ou,in_sample
2023-09-11,-0.16418520050971736,0.39778831002501175,3,two_factor_ou,in_sample
2023-09-12,-0.1776702435687705,0.33447448125619655,3,two_factor_ou,in_sample
2023-09-13,0.2160183319914694,0.5297947797841712,3,two_factor_ou,in_sample
2023-09-14,0.13690727631592556,0.5034839979217771,3,two_factor_ou,in_sample
2023-09-15,0.2890057738950633,0.6767945487202327,3,two_factor_ou,in_sample
2023-09-18,0.10728436718131543,0.7001100192674642,4,two_factor_ou,in_sample
2023-09-19,-0.3195343958795479,0.6398154291129542,4,two_factor_ou,in_sample
2023-09-20,-0.3953195578185512,0.6968725618815362,4,two_factor_ou,in_sample
2023-09-21,-0.09402479356654764,0.5601249798216033,4,two_factor_ou,in_sample
2023-09-22,-0.41729675847235903,0.6112976349196901,4,two_factor_ou,in_sample
2023-09-25,0.04835857613127331,0.5539052340438201,4,two_factor_ou,in_sample
2023-09-26,-0.15281654770007785,0.485761244618183,4,two_factor_ou,in_sample
2023-09-27,0.10959483109679322,0.7031828915420839,4,two_factor_ou,in_sample
2023-09-28,0.3808073233564059,0.9282542161152705,4,two_factor_ou,in_sample
2023-10-09,0.007076091617392033,0.9398172625179054,4,two_factor_ou,in_sample
2023-10-10,-0.11687006058838947,0.5005428630005787,4,two_factor_ou,in_sample
2023-10-11,-0.13084581048411736,0.5290344017146461,4,two_factor_ou,in_sample
2023-10-12,-0.023408211721630823,0.5253522369014818,4,two_factor_ou,in_sample
2023-10-13,-0.3098460033457124,0.589190054036038,3,two_factor_ou,in_sample
2023-10-16,0.025767415385220427,0.6173545223358593,3,two_factor_ou,in_sample
2023-10-17,0.06209293727115256,0.5443075119312266,3,two_factor_ou,in_sample
2023-10-18,0.0677438358335996,0.6833559587315139,3,two_factor_ou,in_sample
2023-10-19,0.16742063098917045,0.7393413799898784,3,two_factor_ou,in_sample
2023-10-20,0.27812691669828987,0.917547346050134,3,two_factor_ou,in_sample
2023-10-23,0.2958449001910625,1.0170469855493403,4,two_factor_ou,in_sample
2023-10-24,0.0631950156422817,0.5642090981791704,4,two_factor_ou,in_sample
2023-10-25,0.20783030572964045,0.6338848446548951,4,two_factor_ou,in_sample
2023-10-26,0.1338854910868573,0.6128910065970407,4,two_factor_ou,in_sample
2023-10-27,-0.42011556277121853,0.6675078146059015,4,two_factor_ou,in_sample
2023-10-30,0.050903887957481686,0.9101870906360416,4,two_factor_ou,in_sample
2023-10-31,-0.2176115921450339,0.6098707618538179,4,two_factor_ou,in_sample
2023-11-01,-0.11470507127341202,0.564724794165159,4,two_factor_ou,in_sample
2023-11-02,-0.19688916603759193,0.5823784074480963,4,two_factor_ou,in_sample
2023-11-03,-0.2429842591022372,0.5920948996480678,4,two_factor_ou,in_sample
2023-11-06,-0.12508700319192434,0.6083623598734865,4,two_factor_ou,in_sample
2023-11-07,0.014760165082314869,0.500907759621887,4,two_factor_ou,in_sample
2023-11-08,0.08864575587505824,0.5289163463524164,4,two_factor_ou,in_sample
2023-11-09,-0.11468536002340993,0.3454183485903347,4,two_factor_ou,in_sample
2023-11-10,0.17938785672835647,0.22747530596107066,3,two_factor_ou,in_sample
2023-11-13,0.6259360801422601,0.6879041292663935,3,two_factor_ou,in_sample
2023-11-14,0.6727623063816873,0.7759199961037757,3,two_factor_ou,in_sample
2023-11-15,0.40526177411277214,0.5179978921448339,3,two_factor_ou,in_sample
2023-11-16,0.5548738483860304,0.7259114406858747,3,two_factor_ou,in_sample
2023-11-17,0.40685691662817436,0.6616832387455097,3,two_factor_ou,in_sample
2023-11-20,0.4021828746778322,0.59406323317357,4,two_factor_ou,in_sample
2023-11-21,0.09880561339488406,0.5584420277139022,4,two_factor_ou,in_sample
2023-11-22,-0.34997087962832196,0.4796042863848309,4,two_factor_ou,in_sample
2023-11-23,-0.3478630387556344,0.471966851352269,4,two_factor_ou,in_sample
2023-11-24,0.16639173368473192,0.417055635085979,4,two_factor_ou,in_sample
2023-11-27,0.41457735957312036,0.5266408755462416,4,two_factor_ou,in_sample
2023-11-28,0.3910016494047518,0.5104306411670702,4,two_factor_ou,in_sample
2023-11-29,0.17486251929104618,0.239232891242882,4,two_factor_ou,in_sample
2023-11-30,0.5364807110503658,0.8565801697632693,4,two_factor_ou,in_sample
2023-12-01,0.39371706239075105,0.774624913782223,4,two_factor_ou,in_sample
2023-12-04,0.6178105532283438,1.0043151615608013,4,two_factor_ou,in_sample
2023-12-05,1.1314588964462038,1.5486105706362434,4,two_factor_ou,in_sample
2023-12-06,0.6156121798057282,1.11361399817206,4,two_factor_ou,in_sample
2023-12-07,-0.9849077526522212,0.986747342750298,4,two_factor_ou,in_sample
2023-12-08,-0.30234644176533926,0.6594839867139379,3,two_factor_ou,in_sample
2023-12-11,-0.06785009043543316,0.42989728366908897,3,two_factor_ou,in_sample
2023-12-12,-0.21589700254279864,0.46439564881386464,3,two_factor_ou,in_sample
2023-12-13,0.18622394702676617,0.3786895937697079,3,two_factor_ou,in_sample
2023-12-14,-0.13350757877750463,0.24314098677486098,3,two_factor_ou,in_sample
2023-12-15,0.07145978537068927,0.5430277553823517,3,two_factor_ou,in_sample
2023-12-18,-0.2937743988112663,0.6529738795524193,4,two_factor_ou,in_sample
2023-12-19,-0.3053772210444486,0.5729530409137117,4,two_factor_ou,in_sample
2023-12-20,-0.3629440435060425,0.37584462391428786,4,two_factor_ou,in_sample
2023-12-21,0.1547164601868466,0.5685492903546736,4,two_factor_ou,in_sample
2023-12-22,-0.1461639566909496,0.489128072201436,4,two_factor_ou,in_sample
2023-12-25,0.45389823592619255,0.5318701266545863,4,two_factor_ou,in_sample
2023-12-26,0.05074346970473048,0.4669230681736471,4,two_factor_ou,in_sample
2023-12-27,0.08067221268649574,0.32373244156381686,4,two_factor_ou,in_sample
2023-12-28,-0.5336686168405762,0.7250452905893708,4,two_factor_ou,in_sample
2023-12-29,-0.43588849149582765,0.6459405173250887,4,two_factor_ou,in_sample
2024-01-02,0.05754204582736139,0.8676231115542058,4,two_factor_ou,in_sample
2024-01-03,0.15851276460998404,0.7603370408661655,4,two_factor_ou,in_sample
2024-01-04,0.17490927201884407,0.2689414905650588,4,two_factor_ou,in_sample
2024-01-05,0.5859972362393253,1.1320362042060605,4,two_factor_ou,in_sample
2024-01-08,1.3339978387508016,1.8598470057223715,4,two_factor_ou,in_sample
2024-01-09,0.5201266287866793,1.7518974186690888,4,two_factor_ou,in_sample
2024-01-10,-0.02157862845010239,1.057759284050141,4,two_factor_ou,in_sample
2024-01-11,-0.9135228229739973,1.282978736679661,4,two_factor_ou,in_sample
2024-01-12,-0.09177724901206906,0.5898061635683789,3,two_factor_ou,in_sample
2024-01-15,0.05793595338295413,0.5858154180991859,3,two_factor_ou,in_sample
2024-01-16,0.24365929397037508,0.49868351732766386,3,two_factor_ou,in_sample
2024-01-17,1.949561959639376,3.0312284782042274,3,two_factor_ou,in_sample
2024-01-18,0.10430916045149514,0.7415243386419169,3,two_factor_ou,in_sample
2024-01-19,-0.3242506743126829,0.5015326628981732,3,two_factor_ou,in_sample
2024-01-22,2.227081215527735,5.17780918918131,3,two_factor_ou,in_sample
2024-01-23,-0.9920752094198785,3.121670836374504,4,two_factor_ou,in_sample
2024-01-24,-0.6543966127928543,0.9532627511071546,4,two_factor_ou,in_sample
2024-01-25,-1.3472291276770663,1.4954979257899357,4,two_factor_ou,in_sample
2024-01-26,0.6029801586036512,1.3432699463803908,4,two_factor_ou,in_sample
2024-01-29,0.5655007238852062,1.0373164619959243,4,two_factor_ou,in_sample
2024-01-30,1.0254877024334932,1.4221995372969882,4,two_factor_ou,in_sample
2024-01-31,0.6225108445411159,1.3430306511694077,4,two_factor_ou,in_sample
2024-02-01,-0.09141349087252151,0.5670512083434014,4,two_factor_ou,in_sample
2024-02-02,0.882486045266916,1.2897031783024993,3,two_factor_ou,in_sample
2024-02-05,4.2258903079597205,5.825248922710722,2,two_factor_ou,in_sample
2024-02-06,-4.968885896747186,5.867459886344228,3,two_factor_ou,in_sample
2024-02-07,-2.764685923197,3.0213106627507265,3,two_factor_ou,in_sample
2024-02-08,-0.7549656534628862,1.0513176805806097,3,two_factor_ou,in_sample
2024-02-19,1.3773875226854253,1.9297636722278446,3,two_factor_ou,in_sample
2024-02-20,-0.08145545234883916,0.8378785046406819,4,two_factor_ou,in_sample
2024-02-21,0.3427841199900271,0.769824753024844,4,two_factor_ou,in_sample
2024-02-22,-0.5988938573743723,1.1697119211467506,4,two_factor_ou,in_sample
2024-02-23,-0.26006416983178626,0.8986670606653002,4,two_factor_ou,in_sample
2024-02-26,0.45965608490755866,0.9768454566768859,4,two_factor_ou,in_sample
2024-02-27,-0.477166266241024,1.2623312466879757,4,two_factor_ou,in_sample
2024-02-28,0.6714794815240357,0.9628979090726476,4,two_factor_ou,in_sample
2024-02-29,-0.32887859099360145,1.0259781807199941,4,two_factor_ou,in_sample
2024-03-01,-0.17008554047836102,1.0224627376272302,4,two_factor_ou,in_sample
2024-03-04,0.5810034617305115,1.4337919421693281,4,two_factor_ou,in_sample
2024-03-05,0.44732444734209703,1.5733998286640718,4,two_factor_ou,in_sample
2024-03-06,0.16462005968105747,1.0944995313896924,4,two_factor_ou,in_sample
2024-03-07,0.21745370835279748,1.0266942214497563,4,two_factor_ou,in_sample
2024-03-08,0.6329900948414018,1.0019389229296076,3,two_factor_ou,in_sample
2024-03-11,0.4488268479618071,1.0748215710571536,3,two_factor_ou,in_sample
2024-03-12,0.28498924847670654,0.779635559101548,3,two_factor_ou,in_sample
2024-03-13,0.06283237429235473,0.6329121693082375,3,two_factor_ou,in_sample
2024-03-14,0.15893971104570062,0.5594985609969523,3,two_factor_ou,in_sample
2024-03-15,-0.5558465819742701,0.9506534382016226,3,two_factor_ou,in_sample
2024-03-18,-0.5467262106142577,0.8043208871566576,4,two_factor_ou,in_sample
2024-03-19,-0.007848629670854756,0.6613581734292817,4,two_factor_ou,in_sample
2024-03-20,0.00890614140151208,0.6572525460213692,4,two_factor_ou,in_sample
2024-03-21,-0.13933059320875946,0.5322552480565438,4,two_factor_ou,in_sample
2024-03-22,0.2013367972149021,0.758377736305189,4,two_factor_ou,in_sample
2024-03-25,0.4493278655042138,1.0720309287346017,4,two_factor_ou,in_sample
2024-03-26,0.2981670040883493,0.8409823997881631,4,two_factor_ou,in_sample
2024-03-27,0.47965758534548397,0.9389912934111281,4,two_factor_ou,in_sample
2024-03-28,-0.031230068752496287,0.8014023301542379,4,two_factor_ou,in_sample
2024-03-29,-0.07486841870101901,1.0075730586703544,4,two_factor_ou,in_sample
2024-04-01,-0.6064755011423506,1.0031259704675275,4,two_factor_ou,in_sample
2024-04-02,-0.30474631733523494,0.8241918515070801,4,two_factor_ou,in_sample
2024-04-03,0.36191253098255066,0.8900687837704024,4,two_factor_ou,in_sample
2024-04-08,0.565693732202998,1.227388172938695,4,two_factor_ou,in_sample
2024-04-09,0.06341899488832003,0.9170635661030894,4,two_factor_ou,in_sample
2024-04-10,0.36478119783435303,0.9264946423372479,4,two_factor_ou,in_sample
2024-04-11,0.35931670680809563,1.302913414663224,4,two_factor_ou,in_sample
2024-04-12,0.32897172345111486,1.2954167570327983,3,two_factor_ou,in_sample
2024-04-15,0.6553820375106911,1.7824913434273544,3,two_factor_ou,in_sample
2024-04-16,-0.007986562066366757,1.3986201226477903,3,two_factor_ou,in_sample
2024-04-17,-0.34550740205984903,1.7910077405115563,3,two_factor_ou,in_sample
2024-04-18,-0.34923977967298486,1.43377828613016,3,two_factor_ou,in_sample
2024-04-19,0.37782248902837273,1.8527564329969142,3,two_factor_ou,in_sample
2024-04-22,-0.7844124955883816,1.8131743460724679,4,two_factor_ou,in_sample
2024-04-23,-0.20275427364676307,1.601259390820901,4,two_factor_ou,in_sample
2024-04-24,-0.8198954941300389,1.9848546842870727,4,two_factor_ou,in_sample
2024-04-25,-0.38232378206802886,1.4716476740108289,4,two_factor_ou,in_sample
2024-04-26,-1.139327788546057,1.6170803194524317,4,two_factor_ou,in_sample
2024-04-29,-1.4839116416000724,1.7528558495531155,4,two_factor_ou,in_sample
2024-04-30,-0.5835617296873727,1.1565069165195394,4,two_factor_ou,in_sample
2024-05-06,-0.6558351939678215,1.1124108760345155,4,two_factor_ou,in_sample
2024-05-07,0.0902032470617603,1.0243488306002888,4,two_factor_ou,in_sample
2024-05-08,0.4613697182411451,1.6933572509673303,4,two_factor_ou,in_sample
2024-05-09,-0.41661153055715877,1.46012861741911,4,two_factor_ou,in_sample
2024-05-10,-0.4339759811699488,1.0156206002735078,3,two_factor_ou,in_sample
2024-05-13,-0.08521934357138942,0.5858250475313719,3,two_factor_ou,in_sample
2024-05-14,-0.12773695561012408,0.5472904251164669,3,two_factor_ou,in_sample
2024-05-15,-0.03604513790318031,0.4534310907887815,3,two_factor_ou,in_sample
2024-05-16,-0.030877436103840233,0.4277306880436541,3,two_factor_ou,in_sample
2024-05-17,-0.7568740328577745,1.0298585401036242,3,two_factor_ou,in_sample
2024-05-20,0.20537903289084167,0.7814827811748281,4,two_factor_ou,in_sample
2024-05-21,0.26595680089897084,0.9927638981778293,4,two_factor_ou,in_sample
2024-05-22,-0.051075703654183235,0.5805694921873938,4,two_factor_ou,in_sample
2024-05-23,0.10995996961156293,0.8934087559161257,4,two_factor_ou,in_sample
2024-05-24,0.22129655176605856,1.0250851451280083,4,two_factor_ou,in_sample
2024-05-27,0.2939666212013024,1.1328476909828216,4,two_factor_ou,in_sample
2024-05-28,0.36666728887230315,1.0029538563075446,4,two_factor_ou,in_sample
2024-05-29,0.3129213002187948,1.1514066050428922,4,two_factor_ou,in_sample
2024-05-30,-0.12080056107187129,1.060884732656995,4,two_factor_ou,in_sample
2024-05-31,-0.1341826774271761,1.0675229599990155,4,two_factor_ou,in_sample
2024-06-03,0.34399482876730714,1.013903408803943,4,two_factor_ou,in_sample
2024-06-04,-0.005263658572138119,1.084178060768784,4,two_factor_ou,in_sample
2024-06-05,-0.017324997362881678,1.1084039599558144,4,two_factor_ou,in_sample
2024-06-06,-0.12740929293778608,1.00333800489583,4,two_factor_ou,in_sample
2024-06-07,-0.11629423476012735,1.000089927925638,4,two_factor_ou,in_sample
2024-06-11,-0.0452236106638933,1.486660029914823,4,two_factor_ou,in_sample
2024-06-12,-0.01234831250151408,0.8670646389893106,4,two_factor_ou,in_sample
2024-06-13,0.3005846474575633,0.9667267028296255,4,two_factor_ou,in_sample
2024-06-14,-0.8342678479474087,1.0035119979919331,3,two_factor_ou,in_sample
2024-06-17,-0.04813109198239781,0.48373660356150927,3,two_factor_ou,in_sample
2024-06-18,-0.5231268684244756,0.6263004833050695,3,two_factor_ou,in_sample
2024-06-19,0.16096980767237345,0.41170513326446817,3,two_factor_ou,in_sample
2024-06-20,0.05951730374943226,0.27852678110491796,3,two_factor_ou,in_sample
2024-06-21,0.06685786074701032,0.4260776834669093,3,two_factor_ou,in_sample
2024-06-24,0.3583871701001673,0.4874674586437188,4,two_factor_ou,in_sample
2024-06-25,0.1883234428590416,0.6006337116932958,4,two_factor_ou,in_sample
2024-06-26,-0.1956915649379569,0.36026922235927394,4,two_factor_ou,in_sample
2024-06-27,-0.04510371437939699,0.5755252205935211,4,two_factor_ou,in_sample
2024-06-28,0.16257545754417946,0.7192373169153415,4,two_factor_ou,in_sample
2024-07-01,-0.13691146351829117,0.3426404197191578,4,two_factor_ou,in_sample
2024-07-02,0.12914192225961715,0.4821785001150432,4,two_factor_ou,in_sample
2024-07-03,0.1553246621748079,0.615219467690933,4,two_factor_ou,in_sample
2024-07-04,0.2037897840722139,0.21576953368342824,4,two_factor_ou,in_sample
2024-07-05,-0.044994735655313006,0.1976229536512384,4,two_factor_ou,in_sample
2024-07-08,0.46626766490178595,0.4990411599507983,4,two_factor_ou,in_sample
2024-07-09,-0.17294270267370856,0.4085174022575586,4,two_factor_ou,in_sample
2024-07-10,-0.14198682063248177,0.34306341320154626,4,two_factor_ou,in_sample
2024-07-11,-0.31912923235717283,0.47202537913911563,4,two_factor_ou,in_sample
2024-07-12,-0.24061243050584125,0.4543061195853725,3,two_factor_ou,in_sample
2024-07-15,0.16688993340494548,0.46286259099824056,3,two_factor_ou,in_sample
2024-07-16,0.44277616820018095,0.511093111669775,3,two_factor_ou,in_sample
2024-07-17,0.6024949510559577,0.7433583272618857,3,two_factor_ou,in_sample
2024-07-18,0.20924441234074767,0.7340866703455746,3,two_factor_ou,in_sample
2024-07-19,0.13476690129148805,0.5429922646004821,3,two_factor_ou,in_sample
2024-07-22,-0.07087630694654976,0.4555049115017872,4,two_factor_ou,in_sample
2024-07-23,0.4344044775944978,0.774231795955026,4,two_factor_ou,in_sample
2024-07-24,0.2634736456507304,0.6555072223473342,4,two_factor_ou,in_sample
2024-07-25,0.13144601063170808,0.6777219422964033,4,two_factor_ou,in_sample
2024-07-26,-0.20622894672763248,0.6515290447549067,4,two_factor_ou,in_sample
2024-07-29,0.31890515615414133,0.8102852387547208,4,two_factor_ou,in_sample
2024-07-30,-0.048993366055331306,0.5305314470202233,4,two_factor_ou,in_sample
2024-07-31,-1.8741210457510276,1.9734058873620848,4,two_factor_ou,in_sample
2024-08-01,-0.13240669009144213,0.8467561026546161,4,two_factor_ou,in_sample
2024-08-02,0.16412442240895292,0.31896638087900653,4,two_factor_ou,in_sample
2024-08-05,0.2429510545500669,0.7454461031896354,4,two_factor_ou,in_sample
2024-08-06,0.027619518693325962,0.573710617634897,4,two_factor_ou,in_sample
2024-08-07,0.2653224185898843,0.43383141005002035,4,two_factor_ou,in_sample
2024-08-08,-0.17623745285899287,1.088878803812021,4,two_factor_ou,in_sample
2024-08-09,0.21108896527500443,0.8449935009820249,3,two_factor_ou,in_sample
2024-08-12,-0.57562016948743,0.6097475558371914,3,two_factor_ou,in_sample
2024-08-13,-0.06635702065418618,0.4488597060067974,3,two_factor_ou,in_sample
2024-08-14,0.2573941457620275,0.2835901146009868,3,two_factor_ou,in_sample
2024-08-15,0.1363315777263989,0.23618627777455012,3,two_factor_ou,in_sample
2024-08-16,0.014783769079436584,0.07341606377145678,3,two_factor_ou,in_sample
2024-08-19,0.12874563057956856,0.9723532342901146,4,two_factor_ou,in_sample
2024-08-20,0.2841914459755699,0.8891213645509197,4,two_factor_ou,in_sample
2024-08-21,-0.14357760191355542,1.0229157201657437,4,two_factor_ou,in_sample
2024-08-22,0.1267337715276119,1.1512273922988052,4,two_factor_ou,in_sample
2024-08-23,-0.09963095595390412,1.2594005173491583,4,two_factor_ou,in_sample
2024-08-26,-0.10930539748537485,1.047972230990331,4,two_factor_ou,in_sample
2024-08-27,0.037901373115851594,1.4199173237308824,4,two_factor_ou,in_sample
2024-08-28,0.006592128617487397,1.0113905872671463,4,two_factor_ou,in_sample
2024-08-29,-0.2802468341955826,1.217396013624126,4,two_factor_ou,in_sample
2024-08-30,-0.35485673467334367,0.9198251781271615,4,two_factor_ou,in_sample
2024-09-02,0.147283053639198,0.794549047287583,4,two_factor_ou,in_sample
2024-09-03,0.3337532289993034,0.9621942369907115,4,two_factor_ou,in_sample
2024-09-04,0.07776384096668301,1.2681637545877824,4,two_factor_ou,in_sample
2024-09-05,-0.1380359172208452,1.3968125164158534,4,two_factor_ou,in_sample
2024-09-06,0.27099060466620506,1.5152739079989324,4,two_factor_ou,in_sample
2024-09-09,0.015722951518821165,1.4500112179030253,4,two_factor_ou,in_sample
2024-09-10,-0.024233797856244355,1.657764105014159,4,two_factor_ou,in_sample
2024-09-11,-0.4964240870264389,0.9022358457655698,3,two_factor_ou,in_sample
2024-09-12,-0.41672626025672116,0.5241770894109342,3,two_factor_ou,in_sample
2024-09-13,-0.1590129162901383,0.44716745471057473,3,two_factor_ou,in_sample
2024-09-18,0.4855030441729488,0.593568294845127,3,two_factor_ou,in_sample
2024-09-19,0.08674092899051483,0.411278397579782,3,two_factor_ou,in_sample
2024-09-20,0.4140506248588394,0.6453575456061358,3,two_factor_ou,in_sample
2024-09-23,-0.08571545287994597,0.41505177224536705,4,two_factor_ou,in_sample
2024-09-24,-1.1048445455618112,1.4141402596216917,4,two_factor_ou,in_sample
2024-09-25,-0.33602736279359813,0.8700616462858177,4,two_factor_ou,in_sample
2024-09-26,-1.2787817665603567,2.8575229819436587,4,two_factor_ou,in_sample
2024-09-27,-3.5368765745409925,4.663840296021255,3,two_factor_ou,in_sample
2024-09-30,0.7544462057335477,1.9281434183212596,4,two_factor_ou,in_sample
2024-10-08,-0.9149291092805307,2.8574515961727998,4,two_factor_ou,in_sample
2024-10-09,-0.5277860485444158,0.944427570203337,4,two_factor_ou,in_sample
2024-10-10,0.04635812239658178,0.5657617460084634,4,two_factor_ou,in_sample
2024-10-11,0.0539765331631169,0.5316843120177216,3,two_factor_ou,in_sample
2024-10-14,0.8796152479628211,1.1392148000651068,3,two_factor_ou,in_sample
2024-10-15,1.270076930233153,1.3335399314178198,3,two_factor_ou,in_sample
2024-10-16,-0.4643865030523246,0.8191404177523454,3,two_factor_ou,in_sample
2024-10-17,0.648509667499441,0.7261158038095297,3,two_factor_ou,in_sample
2024-10-18,-1.7311131621846032,2.4308577222206225,3,two_factor_ou,in_sample
2024-10-21,-0.12406165159926569,0.8211271471567463,4,two_factor_ou,in_sample
2024-10-22,0.1261420869210291,0.5800873408713234,4,two_factor_ou,in_sample
2024-10-23,0.07390605650614568,0.4567091178855597,4,two_factor_ou,in_sample
2024-10-24,0.07792986308805999,0.46714285166471137,4,two_factor_ou,in_sample
2024-10-25,-0.5375062266810577,1.0297982661565002,4,two_factor_ou,in_sample
2024-10-28,0.4247965443370297,0.776764088945311,4,two_factor_ou,in_sample
2024-10-29,0.29093557836288975,0.5516689098487384,4,two_factor_ou,in_sample
2024-10-30,0.4909410072784628,0.5393288094658281,4,two_factor_ou,in_sample
2024-10-31,0.37411121997170266,0.5324645810031761,4,two_factor_ou,in_sample
2024-11-01,-0.010718004692224836,0.5604973914366811,4,two_factor_ou,in_sample
2024-11-04,0.0018705364699701243,0.7718143570909899,4,two_factor_ou,in_sample
2024-11-05,-0.12050353776901793,0.6266091102330658,4,two_factor_ou,in_sample
2024-11-06,0.29198438596485665,0.7901157692114444,4,two_factor_ou,in_sample
2024-11-07,-0.11523161107054916,1.021460433645734,4,two_factor_ou,in_sample
2024-11-08,0.7920961986966141,0.8073133916633893,3,two_factor_ou,in_sample
2024-11-11,1.1575068296248552,1.2498903094852456,3,two_factor_ou,in_sample
2024-11-12,0.46972361169285887,0.5108215785455545,3,two_factor_ou,in_sample
2024-11-13,0.21857435650273835,0.26618942871878526,3,two_factor_ou,in_sample
2024-11-14,-0.14653398532187736,0.9817482755794267,3,two_factor_ou,in_sample
2024-11-15,0.0036126494319114557,0.364090201552332,3,two_factor_ou,in_sample
2024-11-18,-0.015045891531546451,0.619881744321637,4,two_factor_ou,in_sample
2024-11-19,0.02269867264072291,0.682105748372502,4,two_factor_ou,in_sample
2024-11-20,0.47362859048511186,0.6811256715995309,4,two_factor_ou,in_sample
2024-11-21,0.3991286037552466,0.6514703240434292,4,two_factor_ou,in_sample
2024-11-22,0.7460638598383126,0.9814479156296072,4,two_factor_ou,in_sample
2024-11-25,0.16258314901800486,0.6985442399770528,4,two_factor_ou,in_sample
2024-11-26,0.38242702906004833,0.6331203121048486,4,two_factor_ou,in_sample
2024-11-27,-0.6329472022760357,0.8940451126825482,4,two_factor_ou,in_sample
2024-11-28,0.32828297449021904,0.8889770880438854,4,two_factor_ou,in_sample
2024-11-29,-0.25202449785086234,0.640006500683106,4,two_factor_ou,in_sample
2024-12-02,0.10025071471054572,0.753372188706789,4,two_factor_ou,in_sample
2024-12-03,-0.03439958202760954,0.6581494083525404,4,two_factor_ou,in_sample
2024-12-04,0.19951159492347256,0.5087306397882594,4,two_factor_ou,in_sample
2024-12-05,0.29223978523460137,0.6471040674488724,4,two_factor_ou,in_sample
2024-12-06,0.0482987877789543,0.5039285158530283,4,two_factor_ou,in_sample
2024-12-09,0.25351369298941706,1.0428754081768656,4,two_factor_ou,in_sample
2024-12-10,-0.1146326365126023,0.949186166233194,4,two_factor_ou,in_sample
2024-12-11,-0.029072915128105892,0.8102890318764695,4,two_factor_ou,in_sample
2024-12-12,0.0020420639387063733,0.9391711497014416,4,two_factor_ou,in_sample
2024-12-13,0.6306892757870795,1.1017359873637875,3,two_factor_ou,in_sample
2024-12-16,0.8740804205465761,0.9823357767211751,3,two_factor_ou,in_sample
2024-12-17,0.20086527498915455,0.5998738093224941,3,two_factor_ou,in_sample
2024-12-18,0.29682428386212306,0.474323076907374,3,two_factor_ou,in_sample
2024-12-19,-0.16429835896658043,0.5608370094294666,3,two_factor_ou,in_sample
2024-12-20,0.32180409019942924,0.5682746621842071,3,two_factor_ou,in_sample
2024-12-23,-0.3437325650692034,0.7671109144354404,4,two_factor_ou,in_sample
2024-12-24,-0.04284582155455488,0.5484892556286355,4,two_factor_ou,in_sample
2024-12-25,-0.13160424023436001,0.57267056818688,4,two_factor_ou,in_sample
2024-12-26,0.07854137276860043,0.6162715726403868,4,two_factor_ou,in_sample
2024-12-27,-0.0735785824986441,0.6463489392786712,4,two_factor_ou,in_sample
2024-12-30,-0.061721467824204373,0.5782439764847394,4,two_factor_ou,in_sample
2024-12-31,0.3912178996870611,0.6179049172748925,4,two_factor_ou,in_sample
2025-01-02,0.21008686086195932,0.6782418826620094,4,two_factor_ou,in_sample
2025-01-03,-0.1710953937123786,0.5968289651045169,4,two_factor_ou,in_sample
2025-01-06,0.06306220282049432,0.6417417296027536,4,two_factor_ou,in_sample
2025-01-07,0.17578122351378622,0.6208497554608666,4,two_factor_ou,in_sample
2025-01-08,0.050268708336865475,0.7746358484929053,4,two_factor_ou,in_sample
2025-01-09,0.12209955020567823,1.339831845482578,4,two_factor_ou,in_sample
2025-01-10,0.2266189261867467,0.9408195979818027,3,two_factor_ou,in_sample
2025-01-13,0.07723450001250687,0.5662408040629021,3,two_factor_ou,in_sample
2025-01-14,-0.15555498482801147,0.6531638444693891,3,two_factor_ou,in_sample
2025-01-15,0.1901052267777744,0.6640319962756334,3,two_factor_ou,in_sample
2025-01-16,0.052059220226284876,0.8114313436399379,3,two_factor_ou,in_sample
2025-01-17,-0.3076065369485038,0.7398118044999219,3,two_factor_ou,in_sample
2025-01-20,0.009559775684831878,0.6692654056772388,4,two_factor_ou,in_sample
2025-01-21,0.12843719101092632,0.51641426357929,4,two_factor_ou,in_sample
2025-01-22,-0.08337195784579957,0.4824193109812444,4,two_factor_ou,in_sample
2025-01-23,0.022199931227606884,0.6576466793511904,4,two_factor_ou,in_sample
2025-01-24,-0.5411391795166482,1.3176140320630025,4,two_factor_ou,in_sample
2025-01-27,0.41756364436193666,0.6917582496597029,4,two_factor_ou,in_sample
2025-02-05,0.10356576574884627,0.6060121760982673,4,two_factor_ou,in_sample
2025-02-06,0.14480749104214494,0.5838961967909408,4,two_factor_ou,in_sample
2025-02-07,-0.16394734459012295,0.7303706306109394,4,two_factor_ou,in_sample
2025-02-10,0.3546770899373345,0.8466661257207753,4,two_factor_ou,in_sample
2025-02-11,0.39498617772019223,0.8721401806650874,4,two_factor_ou,in_sample
2025-02-12,0.1445564347770655,0.22005127448572676,4,two_factor_ou,in_sample
2025-02-13,0.030864498037017282,0.6515255126702412,4,two_factor_ou,in_sample
2025-02-14,0.22483155096806381,0.22710416195857278,3,two_factor_ou,in_sample
2025-02-17,0.49795082112945505,0.5278716352419434,3,two_factor_ou,in_sample
2025-02-18,-0.17615800105764193,0.6877771758933009,3,two_factor_ou,in_sample
2025-02-19,0.27214426622604515,0.33854048629477285,3,two_factor_ou,in_sample
2025-02-20,0.47463830206198604,0.7887060553444314,3,two_factor_ou,in_sample
2025-02-21,-0.2726431719225583,0.5712495842874186,3,two_factor_ou,in_sample
2025-02-24,0.6232711913604051,1.0623343515266477,4,two_factor_ou,in_sample
2025-02-25,0.22993268409464582,0.7676632962860374,4,two_factor_ou,in_sample
2025-02-26,0.9386915028916287,1.0358416996027038,4,two_factor_ou,in_sample
2025-02-27,0.21272850083870187,0.6551836564458419,4,two_factor_ou,in_sample
2025-02-28,-0.1530718046638696,0.9205818181009098,4,two_factor_ou,in_sample
2025-03-03,0.1176305309838688,0.9637815237898457,4,two_factor_ou,in_sample
2025-03-04,0.3846400243723078,0.9068943835816813,4,two_factor_ou,in_sample
2025-03-05,0.47941308708041963,1.152434570156778,4,two_factor_ou,in_sample
2025-03-06,0.09586401381639123,1.0017855365324322,4,two_factor_ou,in_sample
2025-03-07,0.5542703472499945,1.160218759421558,4,two_factor_ou,in_sample
2025-03-10,0.7982513155515003,1.7718423071495595,4,two_factor_ou,in_sample
2025-03-11,0.6167768810630482,1.1505948066842424,4,two_factor_ou,in_sample
2025-03-12,0.6423127646309635,0.8866411568126713,4,two_factor_ou,in_sample
2025-03-13,-0.26692681989546885,0.8514301023434446,4,two_factor_ou,in_sample
2025-03-14,-0.8463300031619596,1.0544113843363045,3,two_factor_ou,in_sample
2025-03-17,0.6961455189122122,1.121018123975673,3,two_factor_ou,in_sample
2025-03-18,0.0345762757081108,0.13523472126973354,3,two_factor_ou,in_sample
2025-03-19,0.0447544873951126,0.4598922585692244,3,two_factor_ou,in_sample
2025-03-20,0.25779314451224794,0.543074994132152,3,two_factor_ou,in_sample
2025-03-21,0.20073225813691806,0.46577568102905736,3,two_factor_ou,in_sample
2025-03-24,-0.12372950227389329,0.368654474770897,4,two_factor_ou,in_sample
2025-03-25,-0.19979621917801796,0.41277626826965186,4,two_factor_ou,in_sample
2025-03-26,-0.032364576869630665,0.47591242948420176,4,two_factor_ou,in_sample
2025-03-27,-0.03434041551448678,0.5564524479022379,4,two_factor_ou,in_sample
2025-03-28,-0.04527784746421722,0.7262284098778155,4,two_factor_ou,in_sample
2025-03-31,0.15442550796004234,0.3593902837732615,4,two_factor_ou,in_sample
2025-04-01,0.4095505627133504,0.4871220804124528,4,two_factor_ou,in_sample
2025-04-02,-0.001137447860470625,0.6602004485193275,4,two_factor_ou,in_sample
2025-04-03,-0.04170981774531271,0.40014271791971634,4,two_factor_ou,in_sample
2025-04-07,-0.17581881845675695,3.619842485780308,4,two_factor_ou,in_sample
2025-04-08,1.6208238018274372,3.3323063364706274,4,two_factor_ou,in_sample
2025-04-09,0.5210180325169679,1.4921296185535577,4,two_factor_ou,in_sample
2025-04-10,-0.015119903254922018,1.3780877616182092,4,two_factor_ou,in_sample
2025-04-11,-0.5571809872184788,1.1424530576363376,3,two_factor_ou,in_sample
2025-04-14,1.035945106092189,1.8456813066156328,3,two_factor_ou,in_sample
2025-04-15,0.5553617638139154,1.9885332209219466,3,two_factor_ou,in_sample
2025-04-16,0.49428520191879355,1.8757095381170452,3,two_factor_ou,in_sample
2025-04-17,-0.9749933303731373,1.486768307678815,3,two_factor_ou,in_sample
2025-04-18,-0.19780720426034737,1.2981593109544607,3,two_factor_ou,in_sample
2025-04-21,-0.5799719689414415,1.2660410166116847,4,two_factor_ou,in_sample
2025-04-22,-0.1347177304492448,1.290628236406054,4,two_factor_ou,in_sample
2025-04-23,-0.5400916183260502,1.2535219102662336,4,two_factor_ou,in_sample
2025-04-24,-0.2613932040547419,1.4919876547425672,4,two_factor_ou,in_sample
2025-04-25,-0.2815133068978904,1.567172878318668,4,two_factor_ou,in_sample
2025-04-28,-0.25182095193892223,1.7377505949738936,4,two_factor_ou,in_sample
2025-04-29,-0.35948655886849656,1.3855189337061726,4,two_factor_ou,in_sample
2025-04-30,0.31148179151098915,1.7533060603048702,4,two_factor_ou,in_sample
2025-05-06,-0.06733209368285892,1.5548821920018876,4,two_factor_ou,in_sample
2025-05-07,-0.04089531432454241,1.5783524823157147,4,two_factor_ou,in_sample
2025-05-08,-0.18277425179325485,1.56256823945535,4,two_factor_ou,in_sample
2025-05-09,-0.6277922823407507,1.1366630004839253,3,two_factor_ou,in_sample
2025-05-12,-0.3657986095645523,0.5012629344953002,3,two_factor_ou,in_sample
2025-05-13,0.30037180138116765,0.8508677188459699,3,two_factor_ou,in_sample
2025-05-14,-0.40727568566426564,0.574276536113141,3,two_factor_ou,in_sample
2025-05-15,0.16728201686383767,0.20754558560914382,3,two_factor_ou,in_sample
2025-05-16,0.7712689848109592,0.8982669915332051,3,two_factor_ou,in_sample
2025-05-19,0.9027526158597572,1.1765178695936054,4,two_factor_ou,in_sample
2025-05-20,1.1809390059344536,1.4579578315248138,4,two_factor_ou,in_sample
2025-05-21,0.6069075201666871,0.8786156871382854,4,two_factor_ou,in_sample
2025-05-22,0.22151685759260753,0.6951643649992778,4,two_factor_ou,in_sample
2025-05-23,0.28038253250834416,0.8704500717395003,4,two_factor_ou,in_sample
2025-05-26,0.44471962810290033,0.6973892183507667,4,two_factor_ou,in_sample
2025-05-27,0.11056684221263172,0.5188744877072715,4,two_factor_ou,in_sample
2025-05-28,-0.1256623493345291,0.5018955489857625,4,two_factor_ou,in_sample
2025-05-29,-0.5081188611983379,0.7698348318525352,4,two_factor_ou,in_sample
2025-05-30,0.0328142358440176,0.4859044084708053,4,two_factor_ou,in_sample
2025-06-03,0.27426010380188187,0.3864656218662237,4,two_factor_ou,in_sample
2025-06-04,0.18467826594366038,0.2859457879741256,4,two_factor_ou,in_sample
2025-06-05,0.1322827219366598,0.2705348921818306,4,two_factor_ou,in_sample
2025-06-06,-0.0460321688090707,0.4855586959340008,4,two_factor_ou,in_sample
2025-06-09,-0.30859489988631134,0.48233757815306066,4,two_factor_ou,in_sample
2025-06-10,0.02876948519172816,0.43336971232278154,4,two_factor_ou,in_sample
2025-06-11,-0.18867709535009303,0.4005397485159746,4,two_factor_ou,in_sample
2025-06-12,0.07917235933804598,0.7019100886235436,4,two_factor_ou,in_sample
2025-06-13,-0.29301856495969175,0.3405341073743206,3,two_factor_ou,in_sample
2025-06-16,-0.2394173270495524,0.339192821661836,3,two_factor_ou,in_sample
2025-06-17,-0.1628360310654778,0.2554169669802371,3,two_factor_ou,in_sample
2025-06-18,0.16055322589495327,0.18590396153971844,3,two_factor_ou,in_sample
2025-06-19,-0.16242203368898797,0.4162216968726705,3,two_factor_ou,in_sample
2025-06-20,-0.7699833070786992,0.8827624218541813,3,two_factor_ou,in_sample
2025-06-23,-0.05527236694861931,0.48226310043627607,4,two_factor_ou,in_sample
2025-06-24,-0.741769980382716,0.9247305671507786,4,two_factor_ou,in_sample
2025-06-25,-1.324950432809136,1.5886547210073239,4,two_factor_ou,in_sample
2025-06-26,-0.7739581325319794,1.1924787220461384,4,two_factor_ou,in_sample
2025-06-27,-0.029005632786386043,0.806623112019199,4,two_factor_ou,in_sample
2025-06-30,0.7625753234775058,1.029940655737864,4,two_factor_ou,in_sample
2025-07-01,1.2429982195278053,1.2952057660063965,4,two_factor_ou,in_sample
2025-07-02,-0.02252815017549692,0.9168972308557161,4,two_factor_ou,in_sample
2025-07-03,0.1692582915232187,0.7478681952125363,4,two_factor_ou,in_sample
2025-07-04,0.25309285155562555,0.5956136540908435,4,two_factor_ou,in_sample
2025-07-07,0.4761731642352531,0.7068198935867139,4,two_factor_ou,in_sample
2025-07-08,-0.48484186962164444,0.9555111529458116,4,two_factor_ou,in_sample
2025-07-09,-0.013874217918490472,0.7818612145173824,4,two_factor_ou,in_sample
2025-07-10,-0.06769562263655798,0.8188933024147036,4,two_factor_ou,in_sample
2025-07-11,-0.4603655886516706,1.0646802226871805,3,two_factor_ou,in_sample
2025-07-14,0.27410917786056765,0.8260149055314251,3,two_factor_ou,in_sample
2025-07-15,0.23367678961972072,0.5578653467967167,3,two_factor_ou,in_sample
2025-07-16,0.1894024900893996,0.6843954123097252,3,two_factor_ou,in_sample
2025-07-17,-0.10358558260759594,0.7888076706985313,3,two_factor_ou,in_sample
2025-07-18,-0.0009670142267780291,0.6563089975404227,3,two_factor_ou,in_sample
2025-07-21,0.320490050594325,1.0021287890157813,4,two_factor_ou,in_sample
2025-07-22,-0.11875719163381238,0.9451988917849125,4,two_factor_ou,in_sample
2025-07-23,-0.17156605332039399,1.0740228557645046,4,two_factor_ou,in_sample
2025-07-24,-0.47780670369578204,1.6915893628136394,4,two_factor_ou,in_sample
2025-07-25,0.1977892126496995,1.3568940238878129,4,two_factor_ou,in_sample
2025-07-28,0.6463843929953157,1.129591398206029,4,two_factor_ou,in_sample
2025-07-29,0.2230474166757535,1.3215866812057544,4,two_factor_ou,in_sample
2025-07-30,0.39789692335430504,1.242028175317055,4,two_factor_ou,in_sample
2025-07-31,0.4818935867174713,1.2280941702025012,4,two_factor_ou,in_sample
2025-08-01,0.3234306383032044,1.3571048376161148,4,two_factor_ou,in_sample
2025-08-04,6.763757283878569e-05,1.5424152009412309,4,two_factor_ou,in_sample
2025-08-05,0.4654126318585072,1.572697810449094,4,two_factor_ou,in_sample
2025-08-06,0.13476585181105755,1.474395761089294,4,two_factor_ou,in_sample
2025-08-07,0.5942897269313503,1.6294657574736755,4,two_factor_ou,in_sample
2025-08-08,0.9135812156301095,1.4062904079787948,3,two_factor_ou,in_sample
2025-08-11,0.37188328285984773,0.8656436161756327,3,two_factor_ou,in_sample
2025-08-12,0.17644306393416068,0.6919199149897893,3,two_factor_ou,in_sample
2025-08-13,-0.43988569123324767,0.7427709208142202,3,two_factor_ou,in_sample
2025-08-14,-0.37460577856537314,0.7170385292990858,3,two_factor_ou,in_sample
2025-08-15,-0.7577186294135697,1.0086473308007968,3,two_factor_ou,in_sample
2025-08-18,-0.41429868946624093,0.9293035432382118,4,two_factor_ou,in_sample
2025-08-19,0.09914396786347901,0.7262488357935083,4,two_factor_ou,in_sample
2025-08-20,-0.5956605601094596,0.9455239548361732,4,two_factor_ou,in_sample
2025-08-21,0.11444320267898472,0.755153843899169,4,two_factor_ou,in_sample
2025-08-22,-0.4050707323294779,0.8980942917525182,4,two_factor_ou,in_sample
2025-08-25,0.19047573864023803,1.107841563321483,4,two_factor_ou,in_sample
2025-08-26,0.25000323627208926,0.8876123876408661,4,two_factor_ou,in_sample
2025-08-27,0.31591012147682,0.8532967470945875,4,two_factor_ou,in_sample
2025-08-28,0.8653230730170659,1.1790658332763972,4,two_factor_ou,in_sample
2025-08-29,0.6180088391504615,1.1851002402326094,4,two_factor_ou,in_sample
2025-09-01,1.0728049771635042,1.5039125877855253,4,two_factor_ou,in_sample
2025-09-02,-0.38670173316940804,0.9132245888438906,4,two_factor_ou,in_sample
2025-09-03,0.7934266233062525,1.4261603364305526,4,two_factor_ou,in_sample
2025-09-04,0.01621602103475725,0.9390742576207132,4,two_factor_ou,in_sample
2025-09-05,-0.5424177680925588,0.8320519063439413,4,two_factor_ou,in_sample
2025-09-08,0.2533058917065542,1.3950285835520502,4,two_factor_ou,in_sample
2025-09-09,0.505733919460215,0.8418532897855545,4,two_factor_ou,in_sample
2025-09-10,0.25653497981446616,1.2537578208801146,4,two_factor_ou,in_sample
2025-09-11,-0.05718967939490682,2.1011280807535764,4,two_factor_ou,in_sample
2025-09-12,0.4752135460935192,0.9955748088021422,3,two_factor_ou,in_sample
2025-09-15,0.6517679613805306,1.0166200768977443,3,two_factor_ou,in_sample
2025-09-16,-0.24072465115761546,1.013652436581549,3,two_factor_ou,in_sample
2025-09-17,-0.2255956021331278,0.951672155304777,3,two_factor_ou,in_sample
2025-09-18,0.8718049017901617,1.3132694075361193,3,two_factor_ou,in_sample
2025-09-19,0.1567341574231471,1.0219321784661228,3,two_factor_ou,in_sample
2025-09-22,0.28056156329865556,1.3951045298307612,4,two_factor_ou,in_sample
2025-09-23,0.9602012746310253,1.3188572194354762,4,two_factor_ou,in_sample
2025-09-24,-0.2561850941502587,1.3909134459154613,4,two_factor_ou,in_sample
2025-09-25,0.023912814420510187,1.4718149148239812,4,two_factor_ou,in_sample
2025-09-26,0.37136621797031144,1.4406872967045417,4,two_factor_ou,in_sample
2025-09-29,-0.342902932177805,1.4718815205534306,4,two_factor_ou,in_sample
2025-09-30,0.06692814099494937,1.5132176438694758,4,two_factor_ou,in_sample
2025-10-09,0.2806785498805387,2.07422781525064,4,two_factor_ou,in_sample
2025-10-10,1.2610858483917715,1.8908843739307368,3,two_factor_ou,in_sample
2025-10-13,1.6219758583567991,1.8848938255131436,3,two_factor_ou,in_sample
2025-10-14,1.1312322714161114,1.2317306188986374,3,two_factor_ou,in_sample
2025-10-15,0.18318915891975399,0.614456295359369,3,two_factor_ou,in_sample
2025-10-16,0.3971432131370609,0.6656803229596625,3,two_factor_ou,in_sample
2025-10-17,-0.20695711719505053,0.5687131166782994,3,two_factor_ou,in_sample
2025-10-20,0.39717453816911197,0.7243900856556363,4,two_factor_ou,in_sample
2025-10-21,-0.10126155339026577,0.7755688814587319,4,two_factor_ou,in_sample
2025-10-22,-0.12036121634796959,0.8788137870407001,4,two_factor_ou,in_sample
2025-10-23,-0.2702292486567351,1.142631283037376,4,two_factor_ou,in_sample
2025-10-24,-0.05160692674633788,1.0955991427106013,4,two_factor_ou,in_sample
2025-10-27,0.46280842753692886,1.1241333830449123,4,two_factor_ou,in_sample
2025-10-28,-0.24775049889858908,0.9741040230468678,4,two_factor_ou,in_sample
2025-10-29,-0.3386780453004788,0.9550973793250984,4,two_factor_ou,in_sample
2025-10-30,-0.027734241933830533,0.7321112004980245,4,two_factor_ou,out_of_sample
2025-10-31,0.012207382720753196,0.9721549351336012,4,two_factor_ou,out_of_sample
2025-11-03,0.05991382977386012,0.7919898030392838,4,two_factor_ou,out_of_sample
2025-11-04,0.6097325664364257,0.821117662224489,4,two_factor_ou,out_of_sample
2025-11-05,0.42909225911055165,0.81173682309373,4,two_factor_ou,out_of_sample
2025-11-06,0.21380280919954275,0.732847093545024,4,two_factor_ou,out_of_sample
2025-11-07,0.1649113123066253,0.8492167993427587,4,two_factor_ou,out_of_sample
2025-11-10,0.4232005465880472,0.7017582712551474,4,two_factor_ou,out_of_sample
2025-11-11,0.25938993197903826,1.1191877866055173,4,two_factor_ou,out_of_sample
2025-11-12,0.30470271939065097,1.0451710916858565,4,two_factor_ou,out_of_sample
2025-11-13,0.42134429795034684,0.8932581730091674,4,two_factor_ou,out_of_sample
2025-11-14,0.7755192710178234,0.8675206436460615,3,two_factor_ou,out_of_sample
2025-11-17,0.46282146483339265,0.7385008453516967,3,two_factor_ou,out_of_sample
2025-11-18,0.04610120489774087,0.7820772660013713,3,two_factor_ou,out_of_sample
2025-11-19,0.10898576712413428,0.6119439967462206,3,two_factor_ou,out_of_sample
2025-11-20,0.013689291937730866,0.6193442186168658,3,two_factor_ou,out_of_sample
2025-11-21,-0.19405738694854344,0.9541987250003383,3,two_factor_ou,out_of_sample
2025-11-24,-0.2913906499535745,1.0627342071925365,4,two_factor_ou,out_of_sample
2025-11-25,0.1926421587643516,0.9716258119734706,4,two_factor_ou,out_of_sample
2025-11-26,0.06308632373811796,1.0066065216314835,4,two_factor_ou,out_of_sample
2025-11-27,0.42920787968084534,0.8720911665561271,4,two_factor_ou,out_of_sample
2025-11-28,0.3697214797628433,0.9693512772265046,4,two_factor_ou,out_of_sample
2025-12-01,0.37100639464981766,1.241164276665321,4,two_factor_ou,out_of_sample
2025-12-02,0.02439541193682443,1.063166803662535,4,two_factor_ou,out_of_sample
2025-12-03,-0.001426901080592513,0.9703799794165138,4,two_factor_ou,out_of_sample
2025-12-04,0.06649153270888797,0.879364454671003,4,two_factor_ou,out_of_sample
2025-12-05,0.18678944220466026,0.7933290226427642,4,two_factor_ou,out_of_sample
2025-12-08,0.2427726036868183,1.0998877007508265,4,two_factor_ou,out_of_sample
2025-12-09,0.15554660032879802,0.9009137888191867,4,two_factor_ou,out_of_sample
2025-12-10,0.5168667974761296,0.997659351972708,4,two_factor_ou,out_of_sample
2025-12-11,0.2976933374895764,1.1026877481641744,4,two_factor_ou,out_of_sample
2025-12-12,0.2030781385402192,0.5499390107640244,3,two_factor_ou,out_of_sample
2025-12-15,0.04639778710400033,0.7359760871693154,3,two_factor_ou,out_of_sample
2025-12-16,-0.004548445447915069,0.8258068964217566,3,two_factor_ou,out_of_sample
2025-12-17,-0.18381174780911583,0.9009466939544074,3,two_factor_ou,out_of_sample
2025-12-18,-0.23050912295618917,1.0952443029515464,3,two_factor_ou,out_of_sample
2025-12-19,-0.45195699505447157,1.1511421283789696,3,two_factor_ou,out_of_sample
2025-12-22,-0.14282319765631246,1.1514206505008346,4,two_factor_ou,out_of_sample
2025-12-23,-0.1282573721652882,1.0082095053250137,4,two_factor_ou,out_of_sample
2025-12-24,-0.428007866132436,1.2842857581462783,4,two_factor_ou,out_of_sample
2025-12-25,-0.4966646825376973,1.289038572677237,4,two_factor_ou,out_of_sample
2025-12-26,-0.5011969107292196,1.5262682983575315,4,two_factor_ou,out_of_sample
2025-12-29,0.34538367463876707,1.065187697790207,4,two_factor_ou,out_of_sample
2025-12-30,0.1294804404334453,0.9700082616374244,4,two_factor_ou,out_of_sample
2025-12-31,0.6508259210167138,1.0531270758756477,4,two_factor_ou,out_of_sample
2026-01-05,-0.7900742631409385,1.6362638822683815,4,two_factor_ou,out_of_sample
2026-01-06,-0.5166793242341026,1.2574826777555586,4,two_factor_ou,out_of_sample
2026-01-07,0.12533267554854444,1.4398462235862046,4,two_factor_ou,out_of_sample
2026-01-08,0.39016093362540405,0.8754384305790299,4,two_factor_ou,out_of_sample
2026-01-09,-0.7158311651110448,1.538015129523269,3,two_factor_ou,out_of_sample
2026-01-12,-1.0237888750523296,1.356895238188186,3,two_factor_ou,out_of_sample
2026-01-13,-0.6191511230969279,1.1639550552866151,3,two_factor_ou,out_of_sample
2026-01-14,0.5166546086794594,0.6413795039083791,3,two_factor_ou,out_of_sample
2026-01-15,-0.9172505254729842,1.1661440153776388,3,two_factor_ou,out_of_sample
2026-01-16,-0.055040404556112886,0.8179271295292656,3,two_factor_ou,out_of_sample
2026-01-19,-0.10758293490334178,0.7816942437735762,4,two_factor_ou,out_of_sample
2026-01-20,-0.339672591637776,0.7657565731248345,4,two_factor_ou,out_of_sample
2026-01-21,-0.7214324354428918,1.4335798453513386,4,two_factor_ou,out_of_sample
2026-01-22,-0.38298823541639426,1.3981725621376464,4,two_factor_ou,out_of_sample
2026-01-23,-1.3857842153553839,1.9129785143344866,4,two_factor_ou,out_of_sample
2026-01-26,0.956726577909383,1.5188020902253394,4,two_factor_ou,out_of_sample
2026-01-27,-0.5823069061443338,1.0518305710530096,4,two_factor_ou,out_of_sample
2026-01-28,-0.06525767868394305,0.7162072341754672,4,two_factor_ou,out_of_sample
2026-01-29,-0.4212118504681005,0.9182304060417097,4,two_factor_ou,out_of_sample
2026-01-30,-0.3509505611526878,0.6914393659865596,4,two_factor_ou,out_of_sample
2026-02-02,1.9205616639780718,2.392817592894276,4,two_factor_ou,out_of_sample
2026-02-03,-0.44221457974123823,1.360537145299722,4,two_factor_ou,out_of_sample
2026-02-04,0.1616403443968349,0.9248189487211494,4,two_factor_ou,out_of_sample
2026-02-05,0.725235532043627,0.7780044406078902,4,two_factor_ou,out_of_sample
2026-02-06,0.2921408982423579,1.6922897368577938,4,two_factor_ou,out_of_sample
2026-02-09,0.08865724001207716,1.6032202010946845,3,two_factor_ou,out_of_sample
2026-02-10,0.5780159538995373,0.6383426350317171,3,two_factor_ou,out_of_sample
2026-02-11,-0.3439916231247378,0.5856561602580845,3,two_factor_ou,out_of_sample
2026-02-12,-0.20407104929062359,0.6705490787777246,3,two_factor_ou,out_of_sample
2026-02-13,0.6092602837271832,0.6453398197429312,3,two_factor_ou,out_of_sample
2026-02-24,0.16076480888871622,0.4279137565001486,3,two_factor_ou,out_of_sample
2026-02-25,-0.40900528774929923,1.3619794468440618,4,two_factor_ou,out_of_sample
2026-02-26,0.7026703823055553,1.15825963795688,4,two_factor_ou,out_of_sample
2026-02-27,0.5419766590337611,1.5001976667138774,4,two_factor_ou,out_of_sample
2026-03-02,0.4220718332019903,1.4928917897775853,4,two_factor_ou,out_of_sample
2026-03-03,-0.260218059788775,1.3675835250801351,4,two_factor_ou,out_of_sample
2026-03-04,0.519432158437557,1.2828511398736655,4,two_factor_ou,out_of_sample
2026-03-05,0.6512582791157107,1.1267277567580642,4,two_factor_ou,out_of_sample
2026-03-06,0.38092033985130025,1.4504453611505466,4,two_factor_ou,out_of_sample
2026-03-09,0.6142768027979923,1.1960927284451295,4,two_factor_ou,out_of_sample
2026-03-10,-0.032308629945653505,1.5405982903979631,4,two_factor_ou,out_of_sample
2026-03-11,0.4788585671486365,1.1215810337709966,4,two_factor_ou,out_of_sample
2026-03-12,0.3481761691819624,2.016628838974041,4,two_factor_ou,out_of_sample
2026-03-13,0.8530809517503816,1.5600760550374828,3,two_factor_ou,out_of_sample
2026-03-16,0.7719884734892629,1.0353738596421485,3,two_factor_ou,out_of_sample
2026-03-17,0.699493108035843,1.2445861206419604,3,two_factor_ou,out_of_sample
2026-03-18,0.5451189723512639,0.6352538084488438,3,two_factor_ou,out_of_sample
2026-03-19,0.41428299793823414,1.0380923791696577,3,two_factor_ou,out_of_sample
2026-03-20,-0.013733500843119651,0.15944013704445498,3,two_factor_ou,out_of_sample
2026-03-23,0.3633768379239739,0.7463588007752933,4,two_factor_ou,out_of_sample
2026-03-24,-0.04905290227110766,0.6893035454175034,4,two_factor_ou,out_of_sample
2026-03-25,0.2868393430198778,1.2008159345821232,4,two_factor_ou,out_of_sample
2026-03-26,0.3574244378590471,0.540628752020785,4,two_factor_ou,out_of_sample
2026-03-27,-0.45803943841568484,0.8527438473714253,4,two_factor_ou,out_of_sample
2026-03-30,0.5180819609928419,0.8022721867367745,4,two_factor_ou,out_of_sample
2026-03-31,0.34915202746418894,0.8708674458389473,4,two_factor_ou,out_of_sample
2026-04-01,-0.21268213646986284,1.2829233852345332,4,two_factor_ou,out_of_sample
2026-04-02,0.6229977758028906,1.055164264641175,4,two_factor_ou,out_of_sample
2026-04-03,0.16155887417489376,0.8273100421498432,4,two_factor_ou,out_of_sample
2026-04-07,-0.1888026927169453,0.7984731387301025,4,two_factor_ou,out_of_sample
2026-04-08,-1.2128976039059156,1.2980375605204768,4,two_factor_ou,out_of_sample
2026-04-09,0.4424093121003866,0.691739095749111,4,two_factor_ou,out_of_sample
2026-04-10,0.17823316767162903,0.6288287825457551,3,two_factor_ou,out_of_sample
2026-04-13,0.3824454999072649,0.7332594560409466,3,two_factor_ou,out_of_sample
2026-04-14,0.14558444048087182,0.7245305904659277,3,two_factor_ou,out_of_sample
2026-04-15,-0.4852479371305211,0.7014700765089251,3,two_factor_ou,out_of_sample
2026-04-16,-0.26200513295787514,0.7896109177482457,3,two_factor_ou,out_of_sample
2026-04-17,-0.15250918191762555,0.6139772535235691,3,two_factor_ou,out_of_sample
2026-04-20,-0.08125049785231,0.7547877403010619,4,two_factor_ou,out_of_sample
2026-04-21,-0.3407167267130159,0.49599863747589634,4,two_factor_ou,out_of_sample
2026-04-22,-0.1913372177578415,0.6473671661945475,4,two_factor_ou,out_of_sample
2026-04-23,-0.19809351439208023,0.5721517097894849,4,two_factor_ou,out_of_sample
2026-04-24,-0.3492048309640127,0.6834576753536826,4,two_factor_ou,out_of_sample
2026-04-27,-0.16315280747085595,0.44033393491027545,4,two_factor_ou,out_of_sample
2026-04-28,-0.33343169293184177,0.5606447592401054,4,two_factor_ou,out_of_sample
2026-04-29,-0.6197425033060256,0.81738107341436,4,two_factor_ou,out_of_sample
2026-04-30,-0.12374315527242642,0.3272005188454609,4,two_factor_ou,out_of_sample
2026-05-06,-0.4617496961053114,1.1224764361175734,4,two_factor_ou,out_of_sample
2026-05-07,-0.348062295848817,0.5671506058005826,4,two_factor_ou,out_of_sample
2026-05-08,0.24206739203875802,0.31415344795406835,3,two_factor_ou,out_of_sample
2026-05-11,0.6965055279353862,0.8628285158430485,3,two_factor_ou,out_of_sample
2026-05-12,0.0992252832525669,0.46196040925665227,3,two_factor_ou,out_of_sample
2026-05-13,-0.33920913246918644,0.6275280024489471,3,two_factor_ou,out_of_sample
2026-05-14,0.09483126317267775,0.2811384040164761,3,two_factor_ou,out_of_sample
2026-05-15,0.22083205083929558,0.4003451858376491,3,two_factor_ou,out_of_sample
2026-05-18,0.12294627030211201,0.3854342377634133,4,two_factor_ou,out_of_sample
2026-05-19,0.3946285925520945,0.5642496637650057,4,two_factor_ou,out_of_sample
2026-05-20,0.4530371584050107,0.6530298622681251,4,two_factor_ou,out_of_sample
2026-05-21,-0.24795604375415964,0.5967684844808464,4,two_factor_ou,out_of_sample
2026-05-22,0.4583572854272644,0.7141618684798864,4,two_factor_ou,out_of_sample
2026-05-25,0.5098560102683201,0.8109522582605716,4,two_factor_ou,out_of_sample
2026-05-26,-0.015946423579670688,0.6373383539773937,4,two_factor_ou,out_of_sample
2026-05-27,0.4095306438036885,0.6595627111175737,4,two_factor_ou,out_of_sample
2026-05-28,0.3012649036743645,0.6330251615609479,4,two_factor_ou,out_of_sample
2026-05-29,-0.0567778546062091,0.7295305220985275,4,two_factor_ou,out_of_sample
2026-06-01,-0.19648110561773824,0.5320301023083364,4,two_factor_ou,out_of_sample
2026-06-02,0.03821199857363136,0.736692290379263,4,two_factor_ou,out_of_sample
2026-06-03,0.3551437562614025,0.7569026781448016,4,two_factor_ou,out_of_sample
2026-06-04,0.19153832642039548,0.8140741447380746,4,two_factor_ou,out_of_sample
2026-06-05,0.4272367452731396,0.8211919054553709,4,two_factor_ou,out_of_sample
2026-06-08,0.0765355363729687,0.9325828268477686,4,two_factor_ou,out_of_sample
2026-06-09,0.5876561838506011,1.9667297319921944,4,two_factor_ou,out_of_sample
2026-06-10,0.2752620523127152,1.1374734998339648,4,two_factor_ou,out_of_sample
2026-06-11,0.15390942285315334,0.8588607388079897,4,two_factor_ou,out_of_sample
2026-06-12,0.06307331026368009,0.9358574353914678,3,two_factor_ou,out_of_sample
2026-06-15,0.3441668914136402,1.0321714585391009,3,two_factor_ou,out_of_sample
2026-06-16,0.5093984741953006,0.8286522141675902,3,two_factor_ou,out_of_sample
2026-06-17,-0.1672325914081866,0.9779281741584005,3,two_factor_ou,out_of_sample
2026-06-18,0.07353369765744255,0.798438279076476,3,two_factor_ou,out_of_sample
2026-06-22,1.0528751015380526,1.4616113495139498,3,two_factor_ou,out_of_sample
2026-06-23,-0.05766032265977694,1.9290431275989974,4,two_factor_ou,out_of_sample
2026-06-24,0.7236822346167006,1.3355513725666261,4,two_factor_ou,out_of_sample
2026-06-25,0.28267951569467664,1.087680958510945,4,two_factor_ou,out_of_sample
2026-06-26,0.6090058456792916,1.29387917796879,4,two_factor_ou,out_of_sample
2026-06-29,0.4296707884556507,1.0456585705579038,4,two_factor_ou,out_of_sample
2026-06-30,0.04670751351921382,1.6532212409242961,4,two_factor_ou,out_of_sample
2026-07-01,0.6306430121728848,1.8511062307424704,4,two_factor_ou,out_of_sample
2026-07-02,-0.31680400879332704,1.9373689019688989,4,two_factor_ou,out_of_sample
2026-07-03,0.18271778252736726,1.4034211074757095,4,two_factor_ou,out_of_sample
2026-07-06,0.1203852144436271,1.3513769754330978,4,two_factor_ou,out_of_sample
2026-07-07,0.11941030376235712,0.8738501329514899,4,two_factor_ou,out_of_sample
2026-07-08,-0.4476835595333548,1.006084987109056,4,two_factor_ou,out_of_sample
2026-07-09,-0.4019582360134548,2.0715005497509074,4,two_factor_ou,out_of_sample
2026-07-10,0.9058387738866815,1.4029165654252862,3,two_factor_ou,out_of_sample
2026-07-13,-0.3794629145157396,1.4850009670244066,3,two_factor_ou,out_of_sample
2026-07-14,0.4160822469672696,0.8933100478091689,3,two_factor_ou,out_of_sample
2026-07-15,-0.5789904728225713,1.3126113192916304,3,two_factor_ou,out_of_sample
2026-07-16,-0.7502529864062852,1.419132971315405,3,two_factor_ou,out_of_sample
2026-07-17,0.24828567862360496,1.0305879932593043,3,two_factor_ou,out_of_sample
2026-07-20,0.5737586696159245,0.9204602340848669,4,two_factor_ou,out_of_sample
2026-07-21,-0.37365387434369973,0.8851373269048673,4,two_factor_ou,out_of_sample
2026-07-22,0.5485179940603551,0.8590167438718913,4,two_factor_ou,out_of_sample
2026-07-23,0.10966844430590991,0.5501861641396718,4,two_factor_ou,out_of_sample
2026-07-24,0.18002488098522,0.6019483867260692,4,two_factor_ou,out_of_sample
2026-07-27,-0.4549374162418955,1.0217619614298834,4,two_factor_ou,out_of_sample
2026-07-28,-0.12207871714214273,0.6811192839591768,4,two_factor_ou,out_of_sample
2026-07-29,-1.2480701665098002,1.6789910941371509,4,two_factor_ou,out_of_sample
2026-07-30,-0.5167386567847639,1.3044437222373246,4,two_factor_ou,out_of_sample
2026-07-31,0.3335683478612086,0.47603837793860726,4,two_factor_ou,out_of_sample
2026-08-03,-0.4215634465455287,0.9945457627279486,4,two_factor_ou,out_of_sample
2026-08-04,-0.03430914035354693,0.9553071062633501,4,two_factor_ou,out_of_sample
2026-08-05,-0.11987565282180973,0.8865309510869291,4,two_factor_ou,out_of_sample
2026-08-06,0.8549420752954979,1.0741731309355766,4,two_factor_ou,out_of_sample
2026-08-07,0.6841365908113335,0.8131669595123852,4,two_factor_ou,out_of_sample
2026-08-10,0.8616445831244004,0.8992800396636506,4,two_factor_ou,out_of_sample
2026-08-11,0.18891753134453385,0.8899370974134055,4,two_factor_ou,out_of_sample
2026-08-12,0.40427450785148167,0.7138784553731251,4,two_factor_ou,out_of_sample
2026-08-13,0.10959124017513905,0.8913467137117722,4,two_factor_ou,out_of_sample
2026-08-14,0.6215926866025233,0.8232820107965005,3,two_factor_ou,out_of_sample
2026-08-17,-0.029313670979413176,0.4880039835868777,3,two_factor_ou,out_of_sample
2026-08-18,0.703466986481723,0.9450362596466688,3,two_factor_ou,out_of_sample
2026-08-19,-0.9246741016456254,1.4534862621685234,3,two_factor_ou,out_of_sample
2026-08-20,0.12175766108985299,0.4353873464194424,3,two_factor_ou,out_of_sample
2026-08-21,0.33142710137496184,0.3610709975862969,3,two_factor_ou,out_of_sample
2022-07-22,0.5361335593978125,0.5485369824767606,4,one_factor_ou,full
2022-07-25,0.11334450975986184,0.30584581325582155,4,one_factor_ou,full
2022-07-26,-0.5457778312788123,0.8355847390892411,4,one_factor_ou,full
2022-07-27,0.0879810297290523,0.4151487620199113,4,one_factor_ou,full
2022-07-28,0.08889830053941596,0.30311907926086595,4,one_factor_ou,full
2022-07-29,0.2208443937499912,0.36256003813964505,4,one_factor_ou,full
2022-08-01,0.7218638932577481,0.7334574763785294,4,one_factor_ou,full
2022-08-02,-0.7142419201903601,0.972787243958145,4,one_factor_ou,full
2022-08-03,0.9962036178112272,1.0050962539792183,4,one_factor_ou,full
2022-08-04,1.5055585804910503,1.6241285990180345,4,one_factor_ou,full
2022-08-05,-1.6545810987065614,1.903455822943955,4,one_factor_ou,full
2022-08-08,1.322594537433032,1.3626674565303123,4,one_factor_ou,full
2022-08-09,0.4696169332170891,0.5993286599461989,4,one_factor_ou,full
2022-08-10,0.07584701374334996,0.4597901720741422,4,one_factor_ou,full
2022-08-11,-1.278974788185119,1.5158163127816213,4,one_factor_ou,full
2022-08-12,0.3641021337322779,0.43314837257049144,3,one_factor_ou,full
2022-08-15,0.455763455023144,0.48159032176586125,3,one_factor_ou,full
2022-08-16,0.19249849445252162,0.3445655663341358,3,one_factor_ou,full
2022-08-17,-0.03451338361616838,0.3267801343658508,3,one_factor_ou,full
2022-08-18,-0.10807866939129467,0.4260869560063881,3,one_factor_ou,full
2022-08-19,0.5134241607907649,0.5322585432277942,3,one_factor_ou,full
2022-08-22,0.4576709975205746,0.4749206775709536,4,one_factor_ou,full
2022-08-23,0.21258465446238028,0.3324196422277936,4,one_factor_ou,full
2022-08-24,0.8128538868116659,0.825575813379776,4,one_factor_ou,full
2022-08-25,0.46857187248258436,0.5412043539662523,4,one_factor_ou,full
2022-08-26,0.0683221080193665,0.28767848596223833,4,one_factor_ou,full
2022-08-29,0.2687395486466275,0.4132016711770173,4,one_factor_ou,full
2022-08-30,-0.803347817202396,0.9975622982004447,4,one_factor_ou,full
2022-08-31,0.4205723293630568,0.5095787388781937,4,one_factor_ou,full
2022-09-01,0.13712476872504206,0.37131447887336017,4,one_factor_ou,full
2022-09-02,0.7009284293102379,0.7684396443276016,4,one_factor_ou,full
2022-09-05,0.08501697952672088,0.4214890188959268,4,one_factor_ou,full
2022-09-06,-0.06859658176205391,0.44076429604769335,4,one_factor_ou,full
2022-09-07,0.3067742415419031,0.7729828632250942,4,one_factor_ou,full
2022-09-08,-0.8637025501995014,0.9718653811679028,3,one_factor_ou,full
2022-09-09,-0.5807866432135044,0.7054115459883668,3,one_factor_ou,full
2022-09-13,0.4447303200370023,0.48007195705936095,3,one_factor_ou,full
2022-09-14,0.19993715381594734,0.3414250335084744,3,one_factor_ou,full
2022-09-15,1.3237597958501028,1.3349859330138063,3,one_factor_ou,full
2022-09-16,0.37151188215585984,0.3907509879109657,3,one_factor_ou,full
2022-09-19,0.469526723907154,0.5073915527779791,4,one_factor_ou,full
2022-09-20,0.10001895086147493,0.28248196642324674,4,one_factor_ou,full
2022-09-21,-0.42235652056241085,0.6098476007800256,4,one_factor_ou,full
2022-09-22,-0.47910024231793835,0.5822490301410087,4,one_factor_ou,full
2022-09-23,-0.29090425854618623,0.38536717756685074,4,one_factor_ou,full
2022-09-26,-0.23830378784737727,0.37606745317350315,4,one_factor_ou,full
2022-09-27,-0.43034637390023,0.666117075118578,4,one_factor_ou,full
2022-09-28,-0.09429864840504995,0.32809178970466346,4,one_factor_ou,full
2022-09-29,-0.2212053585967479,0.6114709781299994,4,one_factor_ou,full
2022-09-30,1.249649074607762,1.2510247618601795,4,one_factor_ou,full
2022-10-10,-0.07187099102742484,0.4888752223453941,4,one_factor_ou,full
2022-10-11,0.9771605279874253,0.9784375391060569,4,one_factor_ou,full
2022-10-12,0.19774104989121113,0.34737911542133637,4,one_factor_ou,full
2022-10-13,-0.43945301226798816,0.5984352759423224,4,one_factor_ou,full
2022-10-14,-0.2828981374895086,0.48896634992316484,3,one_factor_ou,full
2022-10-17,1.0322229848599551,1.0387164527181025,3,one_factor_ou,full
2022-10-18,0.12200605893486922,0.25490155845614365,3,one_factor_ou,full
2022-10-19,-0.07998554179619717,0.31376346174852393,3,one_factor_ou,full
2022-10-20,0.5879431232644914,0.5966809854461594,3,one_factor_ou,full
2022-10-21,0.024555396080862917,0.259023054635163,3,one_factor_ou,full
2022-10-24,-0.6643808192838454,0.9460942700932752,4,one_factor_ou,full
2022-10-25,-0.002669929645185226,0.4557956917379585,4,one_factor_ou,full
2022-10-26,-0.44077168557311674,0.8214627520908588,4,one_factor_ou,full
2022-10-27,0.023169079495038464,0.47116190144458414,4,one_factor_ou,full
2022-10-28,0.8673028290825842,0.8714972615236528,4,one_factor_ou,full
2022-10-31,0.1808565522315136,0.43587666725363206,4,one_factor_ou,full
2022-11-01,-0.8740436750978556,1.3490932396168716,4,one_factor_ou,full
2022-11-02,0.8523894915216633,0.894040311457515,4,one_factor_ou,full
2022-11-03,0.7665373737065801,0.8006186809988018,4,one_factor_ou,full
2022-11-04,-1.1600177751549898,1.6433368136951216,4,one_factor_ou,full
2022-11-07,1.4684183365250925,1.4918781220503003,4,one_factor_ou,full
2022-11-08,-0.3032843649648143,0.624422349496942,4,one_factor_ou,full
2022-11-09,0.5012377405345148,0.5189224299639095,4,one_factor_ou,full
2022-11-10,-0.581512904623222,0.8101080268021299,4,one_factor_ou,full
2022-11-11,0.4363278714035115,0.5047258284926649,3,one_factor_ou,full
2022-11-14,0.14259322268662433,0.301501060922202,3,one_factor_ou,full
2022-11-15,-0.32238733571610034,0.3299544562104341,3,one_factor_ou,full
2022-11-16,0.037798222068395136,0.1970597686490847,3,one_factor_ou,full
2022-11-17,-0.38965991992484533,0.4015467439169322,3,one_factor_ou,full
2022-11-18,-0.13766512387914995,0.2844942144041823,3,one_factor_ou,full
2022-11-21,-0.40877168417189674,0.43389872093023746,4,one_factor_ou,full
2022-11-22,0.5996363303853253,0.6736755165977765,4,one_factor_ou,full
2022-11-23,-0.2948382075092248,0.3068375887866631,4,one_factor_ou,full
2022-11-24,0.2803860746109863,0.3962989198921643,4,one_factor_ou,full
2022-11-25,-0.3604126672325957,0.3723817421061765,4,one_factor_ou,full
2022-11-28,-0.4588181706931363,0.48477189924943753,4,one_factor_ou,full
2022-11-29,-0.2256183450058615,0.23838738473521537,4,one_factor_ou,full
2022-11-30,0.39148529856502057,0.40758125603616396,4,one_factor_ou,full
2022-12-01,-0.4316958085723886,0.4520408121561448,4,one_factor_ou,full
2022-12-02,0.013041516948875703,0.07226803970739666,4,one_factor_ou,full
2022-12-05,0.5038746973266164,0.5614507591603983,4,one_factor_ou,full
2022-12-06,-0.12708417202335184,0.14821099119984546,4,one_factor_ou,full
2022-12-07,0.20459018656201122,0.27049198063171,4,one_factor_ou,full
2022-12-08,-0.42817605228518485,0.5398502108360862,4,one_factor_ou,full
2022-12-09,0.301858868112191,0.3041366905111977,3,one_factor_ou,full
2022-12-12,-0.023690212349154003,0.12208409593191777,3,one_factor_ou,full
2022-12-13,-0.22721248975290964,0.2659094447160983,3,one_factor_ou,full
2022-12-14,0.47732020922820234,0.4787528510595833,3,one_factor_ou,full
2022-12-15,0.061047263818527576,0.06700554702583317,3,one_factor_ou,full
2022-12-16,-0.9972609450848736,1.068703716858084,3,one_factor_ou,full
2022-12-19,-0.4319023411966119,0.5343617265089349,4,one_factor_ou,full
2022-12-20,0.34769047180755736,0.36173339028079454,4,one_factor_ou,full
2022-12-21,-0.15449906464635402,0.19613508538525973,4,one_factor_ou,full
2022-12-22,-0.31425258106805837,0.3300759022534963,4,one_factor_ou,full
2022-12-23,0.4161213230485405,0.48011993784291473,4,one_factor_ou,full
2022-12-26,-0.2254173854229606,0.25832402040003505,4,one_factor_ou,full
2022-12-27,-0.028077034668116948,0.14219611411806388,4,one_factor_ou,full
2022-12-28,-0.5447009108971224,0.6010344242789394,4,one_factor_ou,full
2022-12-29,0.4893221016021649,0.5087120342094248,4,one_factor_ou,full
2022-12-30,0.19975664276909766,0.2161702952954265,4,one_factor_ou,full
2023-01-03,0.5295360953725968,0.5473684431306864,4,one_factor_ou,full
2023-01-04,0.2562156508477134,0.2830554064787265,4,one_factor_ou,full
2023-01-05,-0.29881303639051204,0.4816849020507075,4,one_factor_ou,full
2023-01-06,0.022456961137781763,0.31367865907818687,4,one_factor_ou,full
2023-01-09,1.056934517715607,1.08764244094459,4,one_factor_ou,full
2023-01-10,-0.34635242240800784,0.3694208837993974,4,one_factor_ou,full
2023-01-11,-0.6214340002084366,0.8408562671350888,4,one_factor_ou,full
2023-01-12,0.18469020715353593,0.293085865074414,4,one_factor_ou,full
2023-01-13,-0.6397237568847484,0.7221262068098842,3,one_factor_ou,full
2023-01-16,0.33083585225316253,0.3325143103421358,3,one_factor_ou,full
2023-01-17,-0.33069277187184004,0.3666889623066911,3,one_factor_ou,full
2023-01-18,-0.5469510874166973,0.6015356743510668,3,one_factor_ou,full
2023-01-19,-0.5929030511208065,0.7003087371066977,3,one_factor_ou,full
2023-01-20,0.07857453609097194,0.39345623254755385,3,one_factor_ou,full
2023-01-30,0.7729107961701438,0.8866367841930566,4,one_factor_ou,full
2023-01-31,-0.431602641253922,0.48443755423038454,4,one_factor_ou,full
2023-02-01,0.12847525850837266,0.32066317415044115,4,one_factor_ou,full
2023-02-02,0.17762345375907557,0.46066869119724113,4,one_factor_ou,full
2023-02-03,0.03001849331809822,0.23492231695047366,4,one_factor_ou,full
2023-02-06,-0.3829998918060025,0.4047915408405296,4,one_factor_ou,full
2023-02-07,0.5001393908647427,0.654470477428036,4,one_factor_ou,full
2023-02-08,-0.0757496472157238,0.38116078916110396,4,one_factor_ou,full
2023-02-09,-1.8540522902070902,2.0194816615978564,4,one_factor_ou,full
2023-02-10,0.7793144264003793,0.878997591147512,3,one_factor_ou,full
2023-02-13,0.5142607602974508,0.6597820444287653,3,one_factor_ou,full
2023-02-14,-0.166678298731743,0.26753105180976394,3,one_factor_ou,full
2023-02-15,0.11642825823934703,0.29668993410947425,3,one_factor_ou,full
2023-02-16,-0.47984140034893025,0.4911668224425101,3,one_factor_ou,full
2023-02-17,-0.13528392429499278,0.26041440109200437,3,one_factor_ou,full
2023-02-20,0.37436606561647073,0.5033917026309498,4,one_factor_ou,full
2023-02-21,0.37217075009774625,0.6012731380797658,4,one_factor_ou,full
2023-02-22,-0.6190327550627179,0.6436319811490065,4,one_factor_ou,full
2023-02-23,-0.33155150272934253,0.3608074099053871,4,one_factor_ou,full
2023-02-24,-0.21655919239457472,0.25171683914003246,4,one_factor_ou,full
2023-02-27,-0.03741762669964843,0.18829074732335277,4,one_factor_ou,full
2023-02-28,0.06180112720965767,0.19760618989460188,4,one_factor_ou,full
2023-03-01,0.085790535355668,0.24707719417832544,4,one_factor_ou,full
2023-03-02,-0.3975946797585864,0.4160785282642475,4,one_factor_ou,full
2023-03-03,0.4074401423214442,0.6019859926393376,4,one_factor_ou,full
2023-03-06,0.4979599418106594,0.8931545106650924,4,one_factor_ou,full
2023-03-07,-1.3566237125682057,1.3900814552121743,4,one_factor_ou,full
2023-03-08,0.39140660757908613,0.6264048353173826,4,one_factor_ou,full
2023-03-09,-0.28313214464359193,0.4135003086263396,4,one_factor_ou,full
2023-03-10,-0.5724573980967715,0.5997283213803812,3,one_factor_ou,full
2023-03-13,-0.008543269789299215,0.11175583016987556,3,one_factor_ou,full
2023-03-14,-0.09737630838363182,0.1571209797312423,3,one_factor_ou,full
2023-03-15,0.053309413979745056,0.05753691833557462,3,one_factor_ou,full
2023-03-16,-0.3018556744967534,0.3698997819450916,3,one_factor_ou,full
2023-03-17,-0.05277770825214301,0.11384633601957476,3,one_factor_ou,full
2023-03-20,-0.20864601700123817,0.2743036111911687,4,one_factor_ou,full
2023-03-21,0.39788555458234703,0.4171486283257931,4,one_factor_ou,full
2023-03-22,-0.010538681108629027,0.08353773901192077,4,one_factor_ou,full
2023-03-23,0.17588230724721657,0.19581725468214983,4,one_factor_ou,full
2023-03-24,-0.1800690663078249,0.21552905851470314,4,one_factor_ou,full
2023-03-27,0.36729033918979076,0.40726900698148344,4,one_factor_ou,full
2023-03-28,-0.8146636334285916,0.8399456704911571,4,one_factor_ou,full
2023-03-29,-0.06645901809715418,0.14609831763995704,4,one_factor_ou,full
2023-03-30,-0.4126842861075066,0.4867479840580208,4,one_factor_ou,full
2023-03-31,0.4869349698047282,0.5201893482811961,4,one_factor_ou,full
2023-04-03,0.6587272793186172,0.7492826182315248,4,one_factor_ou,full
2023-04-04,-0.6114116417190398,0.6280301635709844,4,one_factor_ou,full
2023-04-06,0.7062731180049224,0.7940064409789028,4,one_factor_ou,full
2023-04-07,-0.22486373004595284,0.26182643088001234,4,one_factor_ou,full
2023-04-10,-0.9240553097590114,0.9460532196295895,4,one_factor_ou,full
2023-04-11,0.563789046031421,0.6601664755378952,4,one_factor_ou,full
2023-04-12,0.29404766017494577,0.5441564301674774,4,one_factor_ou,full
2023-04-13,-0.968550880698452,0.9944145867292808,4,one_factor_ou,full
2023-04-14,0.41524703904540416,0.49997916429091466,3,one_factor_ou,full
2023-04-17,-0.313587275003756,0.34474331364823463,3,one_factor_ou,full
2023-04-18,0.2806211900903088,0.4331817575384534,3,one_factor_ou,full
2023-04-19,-0.13497034246052855,0.3279168256860618,3,one_factor_ou,full
2023-04-20,-0.14782193584511763,0.3427768780318854,3,one_factor_ou,full
2023-04-21,-0.8724520770318746,0.8998678025114253,3,one_factor_ou,full
2023-04-24,-0.24132223079315906,0.32866325157702275,4,one_factor_ou,full
2023-04-25,-0.7192828616622823,0.7390886754966312,4,one_factor_ou,full
2023-04-26,-0.12257771685025366,0.36020274143117825,4,one_factor_ou,full
2023-04-27,-0.5214981174878872,0.5816390460836854,4,one_factor_ou,full
2023-04-28,-0.26979953535098006,0.4436183757323611,4,one_factor_ou,full
2023-05-04,0.563692123134656,0.901426122638823,4,one_factor_ou,full
2023-05-05,-0.38744281824771076,0.5461071854426197,4,one_factor_ou,full
2023-05-08,0.11853107653689493,0.7207321020613282,4,one_factor_ou,full
2023-05-09,-1.0360032132609445,1.074722659299061,4,one_factor_ou,full
2023-05-10,-0.11836699089315529,0.5263172692330483,4,one_factor_ou,full
2023-05-11,-0.14215992396720792,0.6374828143690001,4,one_factor_ou,full
2023-05-12,-0.8963736537708735,0.9825445107378193,3,one_factor_ou,full
2023-05-15,-0.19207457565725608,0.6477279985151067,3,one_factor_ou,full
2023-05-16,-0.6582586571001818,0.8103346409041366,3,one_factor_ou,full
2023-05-17,-0.04290439098510398,0.7096223548981284,3,one_factor_ou,full
2023-05-18,-0.45524988152583384,0.7774221141624632,3,one_factor_ou,full
2023-05-19,-0.941742686036923,1.0217984735803944,3,one_factor_ou,full
2023-05-22,-0.29621252339596293,0.6189255829857881,4,one_factor_ou,full
2023-05-23,-0.3941105010590298,0.700510261013713,4,one_factor_ou,full
2023-05-24,-0.3838716900341956,0.7039483266542241,4,one_factor_ou,full
2023-05-25,-0.162746965614032,0.7411509989769376,4,one_factor_ou,full
2023-05-26,-0.6935632898951466,0.8291874933018389,4,one_factor_ou,full
2023-05-29,-0.481216542514963,0.705257479557791,4,one_factor_ou,full
2023-05-30,-0.4024217456523902,0.6666216300544056,4,one_factor_ou,full
2023-05-31,-0.0948217145396768,0.6446551959592877,4,one_factor_ou,full
2023-06-01,-0.6178424407570474,0.8268917758891206,4,one_factor_ou,full
2023-06-02,-0.14272603925987157,0.6987411346656855,4,one_factor_ou,full
2023-06-05,-0.11657006720833962,0.850169793338837,4,one_factor_ou,full
2023-06-06,-0.4546450428027444,0.9937801838279503,4,one_factor_ou,full
2023-06-07,-0.6201113896579491,1.0121594275409171,4,one_factor_ou,full
2023-06-08,-1.1086693968838781,1.17315455371779,4,one_factor_ou,full
2023-06-09,-0.37591135963896766,0.617321563915966,3,one_factor_ou,full
2023-06-12,-0.1817991213980229,0.572867868118099,3,one_factor_ou,full
2023-06-13,-0.3066655482650668,0.5882316043261361,3,one_factor_ou,full
2023-06-14,-0.2673256342556372,0.5840136273190211,3,one_factor_ou,full
2023-06-15,-0.47958185448055807,0.6639192636443473,3,one_factor_ou,full
2023-06-16,-0.1578954391976648,0.6025176689664018,3,one_factor_ou,full
2023-06-19,0.06257435958006252,0.5352344521907398,4,one_factor_ou,full
2023-06-20,-0.2806738764268332,0.5489156187439649,4,one_factor_ou,full
2023-06-21,-0.7593062239636739,0.8437265344746583,4,one_factor_ou,full
2023-06-26,-1.1790735826127725,1.1911762491317588,4,one_factor_ou,full
2023-06-27,0.8265908823920797,1.0326497036295557,4,one_factor_ou,full
2023-06-28,-0.6451810336349515,0.7365761725334281,4,one_factor_ou,full
2023-06-29,0.25234907569665943,0.6405962985467729,4,one_factor_ou,full
2023-06-30,-0.2777065641084817,0.5830494980650199,4,one_factor_ou,full
2023-07-03,-0.19763958023060962,0.6135500277385737,4,one_factor_ou,full
2023-07-04,-0.3325556379662939,0.5895870741508246,4,one_factor_ou,full
2023-07-05,-0.49418790152258585,0.6423041257601159,4,one_factor_ou,full
2023-07-06,0.21228771692631307,0.7887792964697995,4,one_factor_ou,full
2023-07-07,-1.1132920624948703,1.1431839898273963,4,one_factor_ou,full
2023-07-10,-0.3065262544673242,0.45783943392622484,4,one_factor_ou,full
2023-07-11,-0.15522044642397367,0.45623743113199555,4,one_factor_ou,full
2023-07-12,-0.6696969085441922,0.7192230641446508,4,one_factor_ou,full
2023-07-13,-0.24569317764617254,0.4075910020792583,4,one_factor_ou,full
2023-07-14,-0.10782687780845966,0.41812106402758803,3,one_factor_ou,full
2023-07-17,-0.14053104381576856,0.4542495820411709,3,one_factor_ou,full
2023-07-18,-0.43035555501299494,0.5389444623839651,3,one_factor_ou,full
2023-07-19,-0.2690909570098499,0.45321740947739597,3,one_factor_ou,full
2023-07-20,-0.47221374483989004,0.566232015351539,3,one_factor_ou,full
2023-07-21,-0.4667401988525395,0.5666503689465398,3,one_factor_ou,full
2023-07-24,-0.38190795633755353,0.7241398350656318,4,one_factor_ou,full
2023-07-25,-0.4356649114066205,0.7654146322802005,4,one_factor_ou,full
2023-07-26,-0.8167240106472164,0.9515661480101544,4,one_factor_ou,full
2023-07-27,-0.5763224074193148,0.7965367040879778,4,one_factor_ou,full
2023-07-28,-0.25172580945695566,0.6644453743699718,4,one_factor_ou,full
2023-07-31,-0.37986091486566587,0.6781660840470263,4,one_factor_ou,full
2023-08-01,-0.30623595429599293,0.7682008577246875,4,one_factor_ou,full
2023-08-02,-0.43834074997797573,0.8229351740720547,4,one_factor_ou,full
2023-08-03,-0.37650062696668507,0.8322926550658204,4,one_factor_ou,full
2023-08-04,-0.664426444439093,0.9416093924554146,4,one_factor_ou,full
2023-08-07,-1.067432530473628,1.1649993812426613,4,one_factor_ou,full
2023-08-08,-0.690204961142369,0.886933134228727,4,one_factor_ou,full
2023-08-09,-0.6322890694229115,0.9086824069101004,4,one_factor_ou,full
2023-08-10,0.1025270479680902,1.1680925337135957,4,one_factor_ou,full
2023-08-11,-1.1904929118230194,1.3720146055721636,3,one_factor_ou,full
2023-08-14,-0.6934388322155381,0.9983846175019618,3,one_factor_ou,full
2023-08-15,-0.7193685528616239,1.0499967734346976,3,one_factor_ou,full
2023-08-16,-0.7882983707554789,1.0779078537706859,3,one_factor_ou,full
2023-08-17,-0.5168006248750825,0.9222692553967058,3,one_factor_ou,full
2023-08-18,-0.7282204113811211,1.0996898947669131,3,one_factor_ou,full
2023-08-21,-0.12325656679223762,0.9462265846801813,4,one_factor_ou,full
2023-08-22,-0.15626059357021257,0.9970006045657248,4,one_factor_ou,full
2023-08-23,-0.9790005588814503,1.2319049013095529,4,one_factor_ou,full
2023-08-24,-0.22490823083293043,0.9606832954942456,4,one_factor_ou,full
2023-08-25,-1.0323270826194415,1.2482363093215787,4,one_factor_ou,full
2023-08-28,0.1609911711338557,1.0207029760265809,4,one_factor_ou,full
2023-08-29,-0.7751458356881158,1.1568074998740498,4,one_factor_ou,full
2023-08-30,-0.567826284735844,1.076630546978228,4,one_factor_ou,full
2023-08-31,-1.1866210325094284,1.3129026133088053,4,one_factor_ou,full
2023-09-01,-0.15902193000294712,0.926713718366323,4,one_factor_ou,full
2023-09-04,-0.6501010701743047,0.9926025945139234,4,one_factor_ou,full
2023-09-05,-0.29749745294852403,0.9258861176804234,4,one_factor_ou,full
2023-09-06,-0.08151083683170102,1.2472313096418455,4,one_factor_ou,full
2023-09-07,-1.0607989268697262,1.324911878903448,4,one_factor_ou,full
2023-09-08,-0.5022228488162593,0.947542684751017,3,one_factor_ou,full
2023-09-11,-0.6217721792784288,1.010986075839583,3,one_factor_ou,full
2023-09-12,-0.7181620299232844,1.0342745533519053,3,one_factor_ou,full
2023-09-13,-0.4110689631145424,0.8675671993779968,3,one_factor_ou,full
2023-09-14,-0.7029298455147664,0.9050440224885303,3,one_factor_ou,full
2023-09-15,-0.35376792211857305,0.7278601550174244,3,one_factor_ou,full
2023-09-18,-0.6058531317190409,0.7555573551280876,4,one_factor_ou,full
2023-09-19,-0.6644761870127349,0.8071948180815052,4,one_factor_ou,full
2023-09-20,-0.32498645941399557,0.6754783125003899,4,one_factor_ou,full
2023-09-21,-0.22558187352461856,0.6410317624057132,4,one_factor_ou,full
2023-09-22,-0.6681209617624977,0.8394799918755602,4,one_factor_ou,full
2023-09-25,-0.10749450819613557,0.6190273916908515,4,one_factor_ou,full
2023-09-26,-0.589467277163369,0.7451446692968233,4,one_factor_ou,full
2023-09-27,-0.4481495789385816,0.6134753247329854,4,one_factor_ou,full
2023-09-28,0.614313825653996,0.9712367551364923,4,one_factor_ou,full
2023-10-09,-0.1990473908156731,0.6978694187390145,4,one_factor_ou,full
2023-10-10,-0.14463678606368824,0.7535194166366149,4,one_factor_ou,full
2023-10-11,0.09044537215378934,1.0597951713653648,4,one_factor_ou,full
2023-10-12,-0.7837463734688199,1.0958765609380756,4,one_factor_ou,full
2023-10-13,-1.239063239648569,1.3103249410757347,3,one_factor_ou,full
2023-10-16,-0.05460697547794591,0.6866261422094407,3,one_factor_ou,full
2023-10-17,-0.4052144582781931,0.6854161375169572,3,one_factor_ou,full
2023-10-18,-0.20601776164972985,0.6826503372394896,3,one_factor_ou,full
2023-10-19,-0.45485434862184065,0.6806709463603631,3,one_factor_ou,full
2023-10-20,-0.3624282094307328,0.5960243002015247,3,one_factor_ou,full
2023-10-23,0.28285502892866926,1.0356615325400509,4,one_factor_ou,full
2023-10-24,-0.21872213730411857,0.9548456046610948,4,one_factor_ou,full
2023-10-25,-0.5569737977013142,0.9418233243338346,4,one_factor_ou,full
2023-10-26,-0.7086275892076823,0.9494390877429623,4,one_factor_ou,full
2023-10-27,-1.2217260603375157,1.2841060466639564,4,one_factor_ou,full
2023-10-30,0.16201955534708223,1.0190014993025267,4,one_factor_ou,full
2023-10-31,-0.708216914033894,1.0276891408731428,4,one_factor_ou,full
2023-11-01,-0.6082544546835884,0.9786514733407938,4,one_factor_ou,full
2023-11-02,-1.0340732516279905,1.1403067951657624,4,one_factor_ou,full
2023-11-03,-0.31203749882186455,0.9050766377315472,4,one_factor_ou,full
2023-11-06,-0.6736720418255016,0.9711209975534218,4,one_factor_ou,full
2023-11-07,-0.1754862576138002,1.0043216572041127,4,one_factor_ou,full
2023-11-08,-0.06035338249488603,1.308813211822004,4,one_factor_ou,full
2023-11-09,-0.6192735987880331,1.4921895816012154,4,one_factor_ou,full
2023-11-10,-1.5756413904018691,1.6347308755785466,3,one_factor_ou,full
2023-11-13,-0.36193184252309835,0.7379220344570718,3,one_factor_ou,full
2023-11-14,-0.17121477066125568,0.6810234172164052,3,one_factor_ou,full
2023-11-15,-0.4294305066027359,0.6931251939883626,3,one_factor_ou,full
2023-11-16,-0.20313922502831924,0.605625323569456,3,one_factor_ou,full
2023-11-17,-0.48537215215605717,0.6031118475407282,3,one_factor_ou,full
2023-11-20,-0.37419023818703084,0.44908227571463527,4,one_factor_ou,full
2023-11-21,0.043692759850940205,0.486839684837661,4,one_factor_ou,full
2023-11-22,-0.5348792039814997,0.6731156126070375,4,one_factor_ou,full
2023-11-23,-0.838416980905804,0.864474389134104,4,one_factor_ou,full
2023-11-24,0.1912135910686324,0.5932009787692151,4,one_factor_ou,full
2023-11-27,-0.17693546954504755,0.3905728939284893,4,one_factor_ou,full
2023-11-28,0.34456990862211606,0.7439548871511261,4,one_factor_ou,full
2023-11-29,-0.3825790200568865,0.6026602767844674,4,one_factor_ou,full
2023-11-30,0.09189608896381518,0.625929314291776,4,one_factor_ou,full
2023-12-01,-0.36235487211363027,0.5970186551497112,4,one_factor_ou,full
2023-12-04,0.6352643786827025,1.2304111387976968,4,one_factor_ou,full
2023-12-05,-0.7221657349476098,0.8068015516073598,4,one_factor_ou,full
2023-12-06,-0.4147759247874304,0.5156946045609205,4,one_factor_ou,full
2023-12-07,-1.3384841185992626,1.3577191940278417,4,one_factor_ou,full
2023-12-08,-0.2807036440054474,0.3161873705758805,3,one_factor_ou,full
2023-12-11,0.08750901380353664,0.1671504152181692,3,one_factor_ou,full
2023-12-12,-0.12593744209331184,0.17713197979684148,3,one_factor_ou,full
2023-12-13,0.14130514354772364,0.17843048635832706,3,one_factor_ou,full
2023-12-14,-0.04891141858649011,0.10075125530286651,3,one_factor_ou,full
2023-12-15,0.31425632614912924,0.40265596472171233,3,one_factor_ou,full
2023-12-18,-0.568758574490741,0.5781885749201781,4,one_factor_ou,full
2023-12-19,-0.14571117555592897,0.21915700659930326,4,one_factor_ou,full
2023-12-20,-0.3512712060929144,0.35895416657529844,4,one_factor_ou,full
2023-12-21,0.3686181896640926,0.4442638503826884,4,one_factor_ou,full
2023-12-22,-0.5253726159779667,0.5365531390393647,4,one_factor_ou,full
2023-12-25,0.28809055273457873,0.31198372437174066,4,one_factor_ou,full
2023-12-26,-0.05635710899405302,0.12186459623075298,4,one_factor_ou,full
2023-12-27,0.2757444629223033,0.2982147602345136,4,one_factor_ou,full
2023-12-28,-0.7929124213519934,0.8180121567011693,4,one_factor_ou,full
2023-12-29,-0.4522612655336782,0.5170831725804516,4,one_factor_ou,full
2024-01-02,1.0361842308051734,1.1218394910002065,4,one_factor_ou,full
2024-01-03,-0.11581160771347848,0.2101290237432984,4,one_factor_ou,full
2024-01-04,0.1119589454983675,0.21521929103318482,4,one_factor_ou,full
2024-01-05,-0.08763985360230953,0.19659873679687276,4,one_factor_ou,full
2024-01-08,2.8777640866692455,3.200849468864893,4,one_factor_ou,full
2024-01-09,-0.9776483524330131,1.0610522485535403,4,one_factor_ou,full
2024-01-10,-0.8179967730422752,0.854558558512929,4,one_factor_ou,full
2024-01-11,-1.0047485830494054,1.015545789571835,4,one_factor_ou,full
2024-01-12,0.20655742954802922,0.33062623545713193,3,one_factor_ou,full
2024-01-15,0.4384115337028695,0.6084593625625286,3,one_factor_ou,full
2024-01-16,0.297771595052276,0.5638761179617456,3,one_factor_ou,full
2024-01-17,2.431052292244926,2.793313688326603,3,one_factor_ou,full
2024-01-18,-1.0224926816650157,1.1787022861203045,3,one_factor_ou,full
2024-01-19,-0.6978048174487311,1.0076541977667854,3,one_factor_ou,full
2024-01-22,2.933178711051191,3.45516060010779,3,one_factor_ou,full
2024-01-23,-2.6934291587053254,2.7262253751215657,4,one_factor_ou,full
2024-01-24,-1.7110149655955191,1.7369008923726648,4,one_factor_ou,full
2024-01-25,-2.2104136303296436,2.320312295541209,4,one_factor_ou,full
2024-01-26,1.9727437192677528,2.211578602847807,4,one_factor_ou,full
2024-01-29,1.060100086541336,1.6643761700455102,4,one_factor_ou,full
2024-01-30,0.8062266898773229,1.7983832598127518,4,one_factor_ou,full
2024-01-31,-0.9613538973833767,1.3680432746148667,4,one_factor_ou,full
2024-02-01,-0.6303607943717804,1.3778302894651162,4,one_factor_ou,full
2024-02-02,-0.36159960671974517,0.42410782863643226,3,one_factor_ou,full
2024-02-05,2.6418173817944446,2.6973335182604106,2,one_factor_ou,full
2024-02-06,-4.543571168946593,4.723935035271604,3,one_factor_ou,full
2024-02-07,-1.5175477944982443,1.5788603457630601,3,one_factor_ou,full
2024-02-08,0.1696552252043476,0.22569192852578848,3,one_factor_ou,full
2024-02-19,2.3076475120638995,2.4504306281631036,3,one_factor_ou,full
2024-02-20,-0.3692245456907704,0.4365326689111345,4,one_factor_ou,full
2024-02-21,0.5352990293113447,0.705716326176627,4,one_factor_ou,full
2024-02-22,-1.5149677982746668,1.582126763442374,4,one_factor_ou,full
2024-02-23,-0.761306527430834,0.9084512585089733,4,one_factor_ou,full
2024-02-26,1.276896038651765,1.3225893383379068,4,one_factor_ou,full
2024-02-27,-1.0893175773049972,1.2214998035352216,4,one_factor_ou,full
2024-02-28,1.294578109618291,1.3401159699904397,4,one_factor_ou,full
2024-02-29,-0.8812242218867088,0.9944285018592469,4,one_factor_ou,full
2024-03-01,0.0021138700916922687,0.2746795908047884,4,one_factor_ou,full
2024-03-04,1.8333400132846414,2.049117996511937,4,one_factor_ou,full
2024-03-05,1.0809905053968192,1.8343728872666554,4,one_factor_ou,full
2024-03-06,-1.5470134122557897,1.6529097538298243,4,one_factor_ou,full
2024-03-07,-0.7281567741387506,0.8714868714361348,4,one_factor_ou,full
2024-03-08,-0.5047270026916961,0.5560275081574867,3,one_factor_ou,full
2024-03-11,-0.2576680840965284,0.41067272975932734,3,one_factor_ou,full
2024-03-12,0.052911490299390095,0.2767366394928045,3,one_factor_ou,full
2024-03-13,0.12400756098371142,0.26886716713851816,3,one_factor_ou,full
2024-03-14,0.2535447504928409,0.33825267447878293,3,one_factor_ou,full
2024-03-15,-0.5583973428692711,0.7324615049566068,3,one_factor_ou,full
2024-03-18,-0.4155788978738837,0.5971519189802298,4,one_factor_ou,full
2024-03-19,0.6421778512806673,0.6750651427358655,4,one_factor_ou,full
2024-03-20,0.35058157357668707,0.40893877066196255,4,one_factor_ou,full
2024-03-21,0.1645516142277968,0.23998505955346883,4,one_factor_ou,full
2024-03-22,0.41249700167579223,0.44512940890543384,4,one_factor_ou,full
2024-03-25,0.14817987301502952,0.32953256247144774,4,one_factor_ou,full
2024-03-26,0.734686464926848,0.7478896976466509,4,one_factor_ou,full
2024-03-27,0.5216888260240548,0.5241853398268025,4,one_factor_ou,full
2024-03-28,-0.47280145111589356,0.5869627748177285,4,one_factor_ou,full
2024-03-29,0.00586707426546796,0.3219850142167352,4,one_factor_ou,full
2024-04-01,-0.38244081112180234,0.5348954253126953,4,one_factor_ou,full
2024-04-02,0.4282894314834785,0.45392011524326786,4,one_factor_ou,full
2024-04-03,0.461313610728867,0.48718870186734586,4,one_factor_ou,full
2024-04-08,1.6006828180735644,1.7370043823279893,4,one_factor_ou,full
2024-04-09,-0.48996947783261,0.5460783456988477,4,one_factor_ou,full
2024-04-10,0.2827525225251349,0.4735514868179269,4,one_factor_ou,full
2024-04-11,-0.3596995779311364,0.387074541761463,4,one_factor_ou,full
2024-04-12,0.4024063411939074,0.41587609326981345,3,one_factor_ou,full
2024-04-15,0.547364137600452,0.5699783516745874,3,one_factor_ou,full
2024-04-16,-0.029977898928300467,0.08942525140676047,3,one_factor_ou,full
2024-04-17,-0.7811010177749577,0.8673160735274593,3,one_factor_ou,full
2024-04-18,-0.06835747751520432,0.2267824590925996,3,one_factor_ou,full
2024-04-19,0.9922461557115808,1.0324398758770221,3,one_factor_ou,full
2024-04-22,-0.3372631113056909,0.36249675533622344,4,one_factor_ou,full
2024-04-23,0.4310019883560054,0.5162995146594676,4,one_factor_ou,full
2024-04-24,-1.1953379651675626,1.2982261543564508,4,one_factor_ou,full
2024-04-25,0.18554315646798933,0.2649681130778185,4,one_factor_ou,full
2024-04-26,-1.0248416626461232,1.1957772463205965,4,one_factor_ou,full
2024-04-29,-0.8906443535587595,1.1403790167050145,4,one_factor_ou,full
2024-04-30,0.7219009297227932,0.8005229449213271,4,one_factor_ou,full
2024-05-06,0.5388979014560483,0.6842364910532841,4,one_factor_ou,full
2024-05-07,0.2516707797852495,0.4025940492011724,4,one_factor_ou,full
2024-05-08,0.16869506345736968,0.29011082309695735,4,one_factor_ou,full
2024-05-09,-0.4277349098952171,0.48507811994553407,4,one_factor_ou,full
2024-05-10,0.29268392690378037,0.4362859453810346,3,one_factor_ou,full
2024-05-13,0.22347819020222306,0.365261033987481,3,one_factor_ou,full
2024-05-14,0.05922323765132285,0.32693271312679745,3,one_factor_ou,full
2024-05-15,-0.1946587844066641,0.2804812216254128,3,one_factor_ou,full
2024-05-16,-0.09253019139811296,0.2888005746743874,3,one_factor_ou,full
2024-05-17,-1.1679396598463443,1.1846132521492994,3,one_factor_ou,full
2024-05-20,0.4651128693158158,0.5832453160550087,4,one_factor_ou,full
2024-05-21,0.18681996149759245,0.3656122409618737,4,one_factor_ou,full
2024-05-22,-0.08047525623827227,0.28825808138469394,4,one_factor_ou,full
2024-05-23,-0.139072981854322,0.2782379135472982,4,one_factor_ou,full
2024-05-24,0.1507277567138604,0.38514221540159566,4,one_factor_ou,full
2024-05-27,0.29520841077690396,0.5520258483519064,4,one_factor_ou,full
2024-05-28,0.0756867243348826,0.39156510957805973,4,one_factor_ou,full
2024-05-29,-0.03282991939735433,0.36137874982237655,4,one_factor_ou,full
2024-05-30,-0.8643146542882488,0.8672483507596664,4,one_factor_ou,full
2024-05-31,-0.14291191703648085,0.22786035452739403,4,one_factor_ou,full
2024-06-03,0.8783524885075104,1.0849815626023351,4,one_factor_ou,full
2024-06-04,-0.5793783123202192,0.5974286137840565,4,one_factor_ou,full
2024-06-05,-0.4121513509509745,0.4185698606460765,4,one_factor_ou,full
2024-06-06,-0.1781260744721015,0.20461063122982534,4,one_factor_ou,full
2024-06-07,0.50279149063901,0.7191134234748086,4,one_factor_ou,full
2024-06-11,-0.5786071356732434,0.5814887709118174,4,one_factor_ou,full
2024-06-12,0.6541859534897619,0.938146352176747,4,one_factor_ou,full
2024-06-13,0.004199847725555345,0.5184566926867022,4,one_factor_ou,full
2024-06-14,-1.4470005350591606,1.4845011992964856,3,one_factor_ou,full
2024-06-17,0.031804074284253823,0.06824193434899786,3,one_factor_ou,full
2024-06-18,-0.31108674956294236,0.3249673218712017,3,one_factor_ou,full
2024-06-19,0.3389694976211288,0.3450980899909584,3,one_factor_ou,full
2024-06-20,0.15916564987218512,0.16524176803094298,3,one_factor_ou,full
2024-06-21,0.3109615820253826,0.3705777967470486,3,one_factor_ou,full
2024-06-24,0.018535524129999734,0.08137095822078176,4,one_factor_ou,full
2024-06-25,-0.3282508901650284,0.37923308265521233,4,one_factor_ou,full
2024-06-26,-0.263811573427111,0.3196170524773823,4,one_factor_ou,full
2024-06-27,0.02560955366322184,0.20605856281919963,4,one_factor_ou,full
2024-06-28,0.787555555894502,0.8191007015915647,4,one_factor_ou,full
2024-07-01,0.1776116852587263,0.3056260312124671,4,one_factor_ou,full
2024-07-02,-0.04400301057141467,0.17499736995776863,4,one_factor_ou,full
2024-07-03,-0.15766098927998215,0.17799453342205554,4,one_factor_ou,full
2024-07-04,0.06765039417855553,0.15369874595910582,4,one_factor_ou,full
2024-07-05,0.07532691883746323,0.22137205321442735,4,one_factor_ou,full
2024-07-08,0.23640381250554046,0.31190143614110066,4,one_factor_ou,full
2024-07-09,0.0005852737759605656,0.33896741860519025,4,one_factor_ou,full
2024-07-10,-0.5568588903308389,0.5750606727317756,4,one_factor_ou,full
2024-07-11,-0.48225234643486786,0.5103699702993302,4,one_factor_ou,full
2024-07-12,0.12235686636169675,0.12443407973726617,3,one_factor_ou,full
2024-07-15,0.5115672416789699,0.5225806848123787,3,one_factor_ou,full
2024-07-16,0.4460706463646034,0.45485056162512494,3,one_factor_ou,full
2024-07-17,0.256099965749991,0.2574045834110733,3,one_factor_ou,full
2024-07-18,-0.18017706936020994,0.2222298065250557,3,one_factor_ou,full
2024-07-19,0.3798526118772681,0.3992822793696341,3,one_factor_ou,full
2024-07-22,0.05570528708681619,0.07902509822537535,4,one_factor_ou,full
2024-07-23,0.5985437026405372,0.6423586228973989,4,one_factor_ou,full
2024-07-24,-0.033257943881675106,0.1043979010513225,4,one_factor_ou,full
2024-07-25,-0.08725441889745063,0.15044833960667162,4,one_factor_ou,full
2024-07-26,-0.47080653396220107,0.5850972183725571,4,one_factor_ou,full
2024-07-29,0.6497032098447214,0.6512955890776182,4,one_factor_ou,full
2024-07-30,0.21586897510191552,0.23850679630498986,4,one_factor_ou,full
2024-07-31,-2.414822678829069,2.6607580965384594,4,one_factor_ou,full
2024-08-01,1.1608321396528538,1.171433944630007,4,one_factor_ou,full
2024-08-02,0.35819431092879384,0.40198941237399916,4,one_factor_ou,full
2024-08-05,-0.039289375344775626,0.5277290063232485,4,one_factor_ou,full
2024-08-06,0.9280401531078761,0.9406584692877517,4,one_factor_ou,full
2024-08-07,0.6506765565738817,0.6931681770816027,4,one_factor_ou,full
2024-08-08,-1.0609234627177138,1.3310750906137498,4,one_factor_ou,full
2024-08-09,1.225986925849648,1.2416122364249342,3,one_factor_ou,full
2024-08-12,-0.25963367672402,0.357809256523581,3,one_factor_ou,full
2024-08-13,0.32925043411805827,0.3300304607732469,3,one_factor_ou,full
2024-08-14,0.31256759293652964,0.32775145204230643,3,one_factor_ou,full
2024-08-15,0.11061464463533215,0.21273057578947926,3,one_factor_ou,full
2024-08-16,0.057765474343232,0.21147158688751963,3,one_factor_ou,full
2024-08-19,-0.044216889196719664,0.25148372339061587,4,one_factor_ou,full
2024-08-20,0.2892349609232339,0.34750371228141175,4,one_factor_ou,full
2024-08-21,-0.364051328512395,0.5470966627787421,4,one_factor_ou,full
2024-08-22,-0.03321540497576694,0.46466778787134094,4,one_factor_ou,full
2024-08-23,0.2413375915343221,0.4138595267006093,4,one_factor_ou,full
2024-08-26,0.32663678054169254,0.4089235881875722,4,one_factor_ou,full
2024-08-27,0.04658632327212368,0.3939202944204909,4,one_factor_ou,full
2024-08-28,0.3169721964799841,0.41978112288359604,4,one_factor_ou,full
2024-08-29,-0.05835673003668464,0.3536791947131362,4,one_factor_ou,full
2024-08-30,-0.17142583925454,0.46121637595014786,4,one_factor_ou,full
2024-09-02,0.6810017694611205,0.7043127365945245,4,one_factor_ou,full
2024-09-03,0.7479327782291075,0.754570569366525,4,one_factor_ou,full
2024-09-04,-0.2511888552696623,0.45264798278898766,4,one_factor_ou,full
2024-09-05,-0.09542980488741098,0.4306994748896249,4,one_factor_ou,full
2024-09-06,0.4683418039501438,0.5835227739319604,4,one_factor_ou,full
2024-09-09,0.8050949994315637,0.8255584398262604,4,one_factor_ou,full
2024-09-10,0.005939923941243527,0.18180090926809517,4,one_factor_ou,full
2024-09-11,0.22453300557016576,0.2526143858318518,3,one_factor_ou,full
2024-09-12,-0.24029576335814365,0.299187249720102,3,one_factor_ou,full
2024-09-13,-0.10487300741273997,0.23616966031781464,3,one_factor_ou,full
2024-09-18,0.32003545940365247,0.38832266056234593,3,one_factor_ou,full
2024-09-19,0.006524215100023989,0.3064183491922361,3,one_factor_ou,full
2024-09-20,0.7867341544772395,0.8003576778583161,3,one_factor_ou,full
2024-09-23,-0.19870034316672783,0.3012211585489861,4,one_factor_ou,full
2024-09-24,-1.9908577150325768,2.217378485568763,4,one_factor_ou,full
2024-09-25,0.7886043998710538,0.813630927115,4,one_factor_ou,full
2024-09-26,-2.9934287650796976,3.6395072795937664,4,one_factor_ou,full
2024-09-27,-2.8276914933086275,3.1596443509590046,3,one_factor_ou,full
2024-09-30,1.0756143950074244,2.683569152874169,4,one_factor_ou,full
2024-10-08,4.541404773879468,4.614706005212723,4,one_factor_ou,full
2024-10-09,0.10506796643841242,0.647903258764743,4,one_factor_ou,full
2024-10-10,0.9445526075727392,1.0257074557757457,4,one_factor_ou,full
2024-10-11,0.741706596805125,0.8048560030351688,3,one_factor_ou,full
2024-10-14,0.3112148922588185,0.34557926564516867,3,one_factor_ou,full
2024-10-15,1.2242014912963946,1.2823267744830216,3,one_factor_ou,full
2024-10-16,-0.9530524929005667,0.9587070089254658,3,one_factor_ou,full
2024-10-17,0.42423881727053564,0.4384573537237987,3,one_factor_ou,full
2024-10-18,-1.0838675199377097,1.118281940858977,3,one_factor_ou,full
2024-10-21,-0.11140087370459262,0.30223051570449494,4,one_factor_ou,full
2024-10-22,-0.2338051499460887,0.2860191512707172,4,one_factor_ou,full
2024-10-23,-0.21204918745089396,0.2722139154324647,4,one_factor_ou,full
2024-10-24,-0.37156692020997056,0.3801370766247803,4,one_factor_ou,full
2024-10-25,-0.9441322147603166,0.988436684110153,4,one_factor_ou,full
2024-10-28,0.9543634167101334,1.0852705564242882,4,one_factor_ou,full
2024-10-29,-0.1531936649137554,0.18256901112607804,4,one_factor_ou,full
2024-10-30,0.2422568479915672,0.32876576432369375,4,one_factor_ou,full
2024-10-31,0.24582750427576802,0.4054808797236492,4,one_factor_ou,full
2024-11-01,-0.4204372281883886,0.434680750565519,4,one_factor_ou,full
2024-11-04,-1.0192847393677167,1.1677820766877496,4,one_factor_ou,full
2024-11-05,-0.22383537788501454,0.5533284226696725,4,one_factor_ou,full
2024-11-06,0.8892928961871429,0.9071870553720173,4,one_factor_ou,full
2024-11-07,-0.13469561148554804,0.23371851667748872,4,one_factor_ou,full
2024-11-08,0.7007061079615422,0.7380635399274432,3,one_factor_ou,full
2024-11-11,1.0833881489835202,1.1708002591630573,3,one_factor_ou,full
2024-11-12,0.12764847390365508,0.24529596537056517,3,one_factor_ou,full
2024-11-13,-0.14863388813043463,0.20355526572147944,3,one_factor_ou,full
2024-11-14,-0.8807112642656878,0.9340502981683191,3,one_factor_ou,full
2024-11-15,-0.2964779624705389,0.3555447288936717,3,one_factor_ou,full
2024-11-18,-0.02662143037150641,0.1614072059410943,4,one_factor_ou,full
2024-11-19,0.4285413136327576,0.43946181870802925,4,one_factor_ou,full
2024-11-20,0.734060417117882,0.764980724597846,4,one_factor_ou,full
2024-11-21,0.5251669598128104,0.5952520610506155,4,one_factor_ou,full
2024-11-22,0.43144164538939767,0.5060948551939607,4,one_factor_ou,full
2024-11-25,-0.4265431808072672,0.48372048219025443,4,one_factor_ou,full
2024-11-26,0.33851772112498185,0.4032560115018344,4,one_factor_ou,full
2024-11-27,-1.0895566918161632,1.1402221968241675,4,one_factor_ou,full
2024-11-28,0.577957118339584,0.6112656401336075,4,one_factor_ou,full
2024-11-29,-0.4241761207840088,0.4674083516259594,4,one_factor_ou,full
2024-12-02,0.43959365733637673,0.5124647638185942,4,one_factor_ou,full
2024-12-03,-0.2032477194856024,0.2739473493947364,4,one_factor_ou,full
2024-12-04,-0.03887428132063583,0.149333524885745,4,one_factor_ou,full
2024-12-05,0.010219040475223082,0.15869176192259216,4,one_factor_ou,full
2024-12-06,-0.3994438619765432,0.4932866908369165,4,one_factor_ou,full
2024-12-09,1.0408183594558258,1.1545001534119477,4,one_factor_ou,full
2024-12-10,-1.3558801874306299,1.5012978786320847,4,one_factor_ou,full
2024-12-11,0.6462234754132818,0.6583316674551838,4,one_factor_ou,full
2024-12-12,-0.06697873828885542,0.21357003539636496,4,one_factor_ou,full
2024-12-13,-0.03266109665854733,0.3595586032321235,3,one_factor_ou,full
2024-12-16,0.6490205001150994,0.6726918777142388,3,one_factor_ou,full
2024-12-17,-0.002934353300196572,0.3240728055053568,3,one_factor_ou,full
2024-12-18,0.3619328535402047,0.41788443740435294,3,one_factor_ou,full
2024-12-19,-0.26060671135817415,0.49296925950676707,3,one_factor_ou,full
2024-12-20,0.6959588492536574,0.7035675032913397,3,one_factor_ou,full
2024-12-23,-0.16582079439399408,0.31292141992596123,4,one_factor_ou,full
2024-12-24,0.16693100106667216,0.24886933830651903,4,one_factor_ou,full
2024-12-25,-0.40295644711086465,0.5808963022687563,4,one_factor_ou,full
2024-12-26,0.5788872445473889,0.5890775283786871,4,one_factor_ou,full
2024-12-27,0.13186591496718453,0.22208279952261678,4,one_factor_ou,full
2024-12-30,-0.3415818687349577,0.5202315526211397,4,one_factor_ou,full
2024-12-31,0.9342623942648424,0.9383683744976492,4,one_factor_ou,full
2025-01-02,-0.17964542922838314,0.37716765200983365,4,one_factor_ou,full
2025-01-03,-0.6482390223759481,0.9085311461329614,4,one_factor_ou,full
2025-01-06,0.691334104699195,0.7244413137309507,4,one_factor_ou,full
2025-01-07,0.7209461588125273,0.7281613713356798,4,one_factor_ou,full
2025-01-08,0.3829800154216493,0.4551715684787957,4,one_factor_ou,full
2025-01-09,0.8073820766582547,1.1193332322070164,4,one_factor_ou,full
2025-01-10,-1.0145275338304278,1.0776244406232898,3,one_factor_ou,full
2025-01-13,-0.3369603615379934,0.4158699122789484,3,one_factor_ou,full
2025-01-14,-0.4585823923841839,0.5766350820278495,3,one_factor_ou,full
2025-01-15,0.43735490902423396,0.46301117142737064,3,one_factor_ou,full
2025-01-16,0.4557673531280065,0.4757259679805774,3,one_factor_ou,full
2025-01-17,-0.4290028343776688,0.5131035130391891,3,one_factor_ou,full
2025-01-20,0.12650798991578982,0.22222873975982213,4,one_factor_ou,full
2025-01-21,0.10600395570628653,0.25191312537046134,4,one_factor_ou,full
2025-01-22,-0.2063527800922071,0.44567158155497416,4,one_factor_ou,full
2025-01-23,0.37733421978962906,0.41570054572994325,4,one_factor_ou,full
2025-01-24,-0.7229528277331208,0.9925299890169816,4,one_factor_ou,full
2025-01-27,1.1693208108679973,1.1769265380616203,4,one_factor_ou,full
2025-02-05,0.1275060147313336,0.2746998007143173,4,one_factor_ou,full
2025-02-06,0.2912955558036514,0.33511482762523037,4,one_factor_ou,full
2025-02-07,-0.27272127586705464,0.5025564515299481,4,one_factor_ou,full
2025-02-10,1.1273891506676403,1.1747648845357435,4,one_factor_ou,full
2025-02-11,-0.3826061358431589,0.5922369491401149,4,one_factor_ou,full
2025-02-12,0.47295981060499215,0.47645371990910285,4,one_factor_ou,full
2025-02-13,-0.6988765845557336,1.1278227711718967,4,one_factor_ou,full
2025-02-14,0.9362276778183564,0.9435883820000428,3,one_factor_ou,full
2025-02-17,0.8265156368470508,0.8282042675138622,3,one_factor_ou,full
2025-02-18,-0.32071839427894994,0.5859621949223258,3,one_factor_ou,full
2025-02-19,0.5686440787436174,0.5931003530693035,3,one_factor_ou,full
2025-02-20,1.044530013011803,1.0615060762505601,3,one_factor_ou,full
2025-02-21,-0.4274205100339908,0.5622968598712658,3,one_factor_ou,full
2025-02-24,1.3330419073316944,1.37763686629905,4,one_factor_ou,full
2025-02-25,-0.10585469857599772,0.2961342387516337,4,one_factor_ou,full
2025-02-26,0.9579407399220432,1.0003505272384716,4,one_factor_ou,full
2025-02-27,-0.2197839940007295,0.37929351517895454,4,one_factor_ou,full
2025-02-28,-1.008936494539703,1.2328904541139223,4,one_factor_ou,full
2025-03-03,0.7399683869866704,0.7735227171022027,4,one_factor_ou,full
2025-03-04,1.0155074419207206,1.079293712492007,4,one_factor_ou,full
2025-03-05,0.5871379501920251,0.7661372851666823,4,one_factor_ou,full
2025-03-06,-0.6678356082177274,0.8332089722012379,4,one_factor_ou,full
2025-03-07,0.22462456385038804,0.47486918494992614,4,one_factor_ou,full
2025-03-10,1.932559790069699,2.2167654339818594,4,one_factor_ou,full
2025-03-11,-0.8037378765100722,0.9697542619780731,4,one_factor_ou,full
2025-03-12,0.027856472747054856,0.42192369685991093,4,one_factor_ou,full
2025-03-13,-0.3089684013678742,0.5703509369325266,4,one_factor_ou,full
2025-03-14,-1.088285375330308,1.321929961280034,3,one_factor_ou,full
2025-03-17,1.3408236480672684,1.3421622335651227,3,one_factor_ou,full
2025-03-18,0.24904853418543182,0.4086803004159197,3,one_factor_ou,full
2025-03-19,-0.0744274988401058,0.5361651426659477,3,one_factor_ou,full
2025-03-20,0.36791588042585593,0.5835335623016875,3,one_factor_ou,full
2025-03-21,0.6085253141395154,0.6833653374900203,3,one_factor_ou,full
2025-03-24,0.13892499468716898,0.3921216885743309,4,one_factor_ou,full
2025-03-25,-0.22381643706518708,0.5600569323928735,4,one_factor_ou,full
2025-03-26,0.6633396989477269,0.6939770689293664,4,one_factor_ou,full
2025-03-27,-0.3419214134606736,0.7073825493740402,4,one_factor_ou,full
2025-03-28,0.558507608295047,0.6626537274278314,4,one_factor_ou,full
2025-03-31,0.08479708933121793,0.5577602059738731,4,one_factor_ou,full
2025-04-01,0.9250762781017279,0.9601342307738547,4,one_factor_ou,full
2025-04-02,-0.16230323424664042,0.5927845025675395,4,one_factor_ou,full
2025-04-03,0.27424587870897466,0.5555624494199732,4,one_factor_ou,full
2025-04-07,-3.522945008270973,4.688600556430248,4,one_factor_ou,full
2025-04-08,7.244049941349141,7.384074257100686,4,one_factor_ou,full
2025-04-09,0.5335496480719386,0.6746854567043878,4,one_factor_ou,full
2025-04-10,-0.7167074378861051,0.8180681424107904,4,one_factor_ou,full
2025-04-11,-0.3328583303842668,0.5944567232233265,3,one_factor_ou,full
2025-04-14,1.7768352338326316,1.7784264382448822,3,one_factor_ou,full
2025-04-15,0.07856665582489557,0.4434686559815999,3,one_factor_ou,full
2025-04-16,0.5109469363254079,0.5833135672071824,3,one_factor_ou,full
2025-04-17,-0.7826995527811819,0.9477260369467072,3,one_factor_ou,full
2025-04-18,0.4288680263582698,0.49391592328317496,3,one_factor_ou,full
2025-04-21,0.238280398117712,0.47209791860867806,4,one_factor_ou,full
2025-04-22,0.3710964748643896,0.5584916905017981,4,one_factor_ou,full
2025-04-23,0.07163736799143477,0.4549159424093294,4,one_factor_ou,full
2025-04-24,0.08391094085892845,0.581626072636178,4,one_factor_ou,full
2025-04-25,0.4788048034420682,0.6088152840858351,4,one_factor_ou,full
2025-04-28,0.36143651224966744,0.5480604923643365,4,one_factor_ou,full
2025-04-29,-0.0009013105953415423,0.6762581123097084,4,one_factor_ou,full
2025-04-30,1.099791426595319,1.1350857219040853,4,one_factor_ou,full
2025-05-06,0.5706359454563903,0.6670721431277948,4,one_factor_ou,full
2025-05-07,0.7975038245788078,0.8089043004996357,4,one_factor_ou,full
2025-05-08,-0.15935813009497074,0.6776135716774708,4,one_factor_ou,full
2025-05-09,0.749475046628138,0.794278841853246,3,one_factor_ou,full
2025-05-12,0.38033510916273033,0.5549716354881811,3,one_factor_ou,full
2025-05-13,1.0052278067499025,1.0146737431723254,3,one_factor_ou,full
2025-05-14,-0.26114639915588606,0.658734795647546,3,one_factor_ou,full
2025-05-15,0.28279586792225514,0.6204487738865375,3,one_factor_ou,full
2025-05-16,1.1864963761408782,1.207530322051508,3,one_factor_ou,full
2025-05-19,0.43570573638876264,0.7434356064382575,4,one_factor_ou,full
2025-05-20,0.9155828224011602,1.0838865352613947,4,one_factor_ou,full
2025-05-21,0.8073012142627843,0.9664388914015787,4,one_factor_ou,full
2025-05-22,0.3023271767356915,0.7623896528057109,4,one_factor_ou,full
2025-05-23,0.7226860016359488,0.9012179595497866,4,one_factor_ou,full
2025-05-26,0.38271537460857186,0.9234358014215227,4,one_factor_ou,full
2025-05-27,0.40494058324099125,0.9288617511752737,4,one_factor_ou,full
2025-05-28,0.43901856820114576,0.9012865472985175,4,one_factor_ou,full
2025-05-29,-0.21735952225882027,1.0931587012550477,4,one_factor_ou,full
2025-05-30,0.8112928059824349,1.1591275233503524,4,one_factor_ou,full
2025-06-03,1.2081683261557363,1.368719492531468,4,one_factor_ou,full
2025-06-04,0.7418102722144446,1.0464038410450227,4,one_factor_ou,full
2025-06-05,0.654399840435811,0.9922228202453014,4,one_factor_ou,full
2025-06-06,0.3097896422740373,0.9319981256077965,4,one_factor_ou,full
2025-06-09,0.6011312034891582,0.9126752410730041,4,one_factor_ou,full
2025-06-10,0.7101329196947472,0.9522169627810119,4,one_factor_ou,full
2025-06-11,0.48360316802906167,0.7957389559333045,4,one_factor_ou,full
2025-06-12,0.4835977453145712,0.8342532423614114,4,one_factor_ou,full
2025-06-13,0.5882044330363859,0.8988826864872622,3,one_factor_ou,full
2025-06-16,0.42399164822193613,0.8176283356943067,3,one_factor_ou,full
2025-06-17,0.41465290284489975,0.8186018429726223,3,one_factor_ou,full
2025-06-18,0.590898573994367,0.9279637513146326,3,one_factor_ou,full
2025-06-19,0.11132910482303464,0.924791409917315,3,one_factor_ou,full
2025-06-20,0.09338175558468798,0.8042620299841257,3,one_factor_ou,full
2025-06-23,0.8150353998860096,0.9633679642255436,4,one_factor_ou,full
2025-06-24,-0.13784997715566066,0.6717877627447381,4,one_factor_ou,full
2025-06-25,-0.5709730099232596,0.9001349116593901,4,one_factor_ou,full
2025-06-26,0.17004545386326744,0.5209688336469137,4,one_factor_ou,full
2025-06-27,0.7164555718824099,0.795995614186312,4,one_factor_ou,full
2025-06-30,1.3658108810866856,1.3881215320149198,4,one_factor_ou,full
2025-07-01,1.1571517303160248,1.1946185881912734,4,one_factor_ou,full
2025-07-02,-0.9589580778491011,1.2114542802022825,4,one_factor_ou,full
2025-07-03,0.8574957145631468,0.9111964987401283,4,one_factor_ou,full
2025-07-04,0.03392920165950014,0.4658577961380978,4,one_factor_ou,full
2025-07-07,0.8852667074514833,0.953942889874222,4,one_factor_ou,full
2025-07-08,-1.1269538168969144,1.4075073069955162,4,one_factor_ou,full
2025-07-09,0.5791019634483565,0.7237720336375053,4,one_factor_ou,full
2025-07-10,0.4695534389668328,0.6125034665671028,4,one_factor_ou,full
2025-07-11,-0.529215556326151,0.8608284996052141,3,one_factor_ou,full
2025-07-14,0.6722128227644307,0.7770234936314945,3,one_factor_ou,full
2025-07-15,0.48030186569419575,0.6242942094512953,3,one_factor_ou,full
2025-07-16,0.36640030742505564,0.5693928823985991,3,one_factor_ou,full
2025-07-17,-0.16372269634906159,0.6323468413818635,3,one_factor_ou,full
2025-07-18,0.12316546782824138,0.5952241151173392,3,one_factor_ou,full
2025-07-21,0.885731558540702,0.9981711612502183,4,one_factor_ou,full
2025-07-22,-0.14763872925399435,0.8622840736034577,4,one_factor_ou,full
2025-07-23,0.21876725110486006,0.7861788833308145,4,one_factor_ou,full
2025-07-24,0.03121035739667452,0.8304104952931579,4,one_factor_ou,full
2025-07-25,0.8907913740652269,1.0288118077702053,4,one_factor_ou,full
2025-07-28,1.1504575418721652,1.2054126585810478,4,one_factor_ou,full
2025-07-29,0.2105183232683931,0.7284691908907008,4,one_factor_ou,full
2025-07-30,0.5796175846993409,0.8287534099174311,4,one_factor_ou,full
2025-07-31,0.8149944958085347,0.9419771193687106,4,one_factor_ou,full
2025-08-01,0.6941039618973028,0.8361044683398521,4,one_factor_ou,full
2025-08-04,-0.45976775645356627,1.0292756332631883,4,one_factor_ou,full
2025-08-05,0.7592432797867885,0.9445950548369485,4,one_factor_ou,full
2025-08-06,0.2872381944749107,0.6988944211310072,4,one_factor_ou,full
2025-08-07,0.9920465490499719,1.0973374280522545,4,one_factor_ou,full
2025-08-08,0.2659983631378622,0.7668456017180945,3,one_factor_ou,full
2025-08-11,0.21829812537110604,0.7249930849454247,3,one_factor_ou,full
2025-08-12,0.2423104178761352,0.755800243828186,3,one_factor_ou,full
2025-08-13,0.012511574407096271,0.7003102524078221,3,one_factor_ou,full
2025-08-14,0.10717387672426167,0.7155959972636058,3,one_factor_ou,full
2025-08-15,-0.037351848086179716,0.6737796173008851,3,one_factor_ou,full
2025-08-18,0.6439966050295663,0.6845280933819411,4,one_factor_ou,full
2025-08-19,0.6442217415882759,0.6896533650796425,4,one_factor_ou,full
2025-08-20,-0.5673143406915623,0.788592799978089,4,one_factor_ou,full
2025-08-21,0.6772544369181516,0.7084051334674849,4,one_factor_ou,full
2025-08-22,-0.5748251495412335,0.8480093618563341,4,one_factor_ou,full
2025-08-25,1.286326388769329,1.2969970628639278,4,one_factor_ou,full
2025-08-26,0.29879628961080595,0.35384932903914834,4,one_factor_ou,full
2025-08-27,0.040205618013276156,0.3394775561261625,4,one_factor_ou,full
2025-08-28,1.2172125010637849,1.2250246395295095,4,one_factor_ou,full
2025-08-29,0.1657720014696455,0.3383001718321518,4,one_factor_ou,full
2025-09-01,1.691678490471171,1.7629081931436348,4,one_factor_ou,full
2025-09-02,-1.3425007580360242,1.504113735958134,4,one_factor_ou,full
2025-09-03,0.5528014089339705,0.6163544671952623,4,one_factor_ou,full
2025-09-04,-0.44169740418037085,0.8139034956438268,4,one_factor_ou,full
2025-09-05,-0.42682081448393094,0.9009152264902438,4,one_factor_ou,full
2025-09-08,2.407280925277602,2.510967174427886,4,one_factor_ou,full
2025-09-09,0.09126382879009515,0.3401563471797395,4,one_factor_ou,full
2025-09-10,1.1033827785514432,1.4847276182649183,4,one_factor_ou,full
2025-09-11,-2.829052479499655,3.144166003341643,4,one_factor_ou,full
2025-09-12,1.4235207585018232,1.4429793870096197,3,one_factor_ou,full
2025-09-15,1.0597771908412208,1.1011309547612602,3,one_factor_ou,full
2025-09-16,-0.18785556262588568,0.5511156200598479,3,one_factor_ou,full
2025-09-17,-0.1573578494693234,0.5597105423451396,3,one_factor_ou,full
2025-09-18,1.3007880926649362,1.3428069161684055,3,one_factor_ou,full
2025-09-19,0.12919213175385424,0.448342679344629,3,one_factor_ou,full
2025-09-22,0.1614980497426414,0.5403282083213049,4,one_factor_ou,full
2025-09-23,0.7895837226671025,0.936929267264199,4,one_factor_ou,full
2025-09-24,-1.0388429784912712,1.262753055013734,4,one_factor_ou,full
2025-09-25,0.22016848079533477,0.560065534823761,4,one_factor_ou,full
2025-09-26,-0.22914785154992381,0.7503871666428782,4,one_factor_ou,full
2025-09-29,-0.7193094448019045,1.2336744274785914,4,one_factor_ou,full
2025-09-30,0.6225238168299985,0.908749803217432,4,one_factor_ou,full
2025-10-09,1.4940385658228024,1.5852259444936445,4,one_factor_ou,full
2025-10-10,0.047331154092689696,0.6995559391069442,3,one_factor_ou,full
2025-10-13,0.7523297254551068,0.9815505688850398,3,one_factor_ou,full
2025-10-14,0.9153400455540295,1.047658050193743,3,one_factor_ou,full
2025-10-15,-0.023274288765258166,0.6406829718550038,3,one_factor_ou,full
2025-10-16,0.20830443491845088,0.7405766673872517,3,one_factor_ou,full
2025-10-17,-0.09040782772675611,0.775255063128394,3,one_factor_ou,full
2025-10-20,1.0220937340874783,1.2391957522268462,4,one_factor_ou,full
2025-10-21,0.29140862525972855,0.9693249227139644,4,one_factor_ou,full
2025-10-22,0.43930920923577454,0.9941844145731069,4,one_factor_ou,full
2025-10-23,0.2764784804953958,1.011013597916895,4,one_factor_ou,full
2025-10-24,0.4559371530699714,1.0876965986725118,4,one_factor_ou,full
2025-10-27,1.6725638880111673,1.7242426308793781,4,one_factor_ou,full
2025-10-28,0.11473019159581399,0.8869428955784898,4,one_factor_ou,full
2025-10-29,0.06638771767080695,0.926517252735249,4,one_factor_ou,full
2025-10-30,0.552157558198608,0.9706473002922321,4,one_factor_ou,full
2025-10-31,1.0622673171384276,1.158679840934505,4,one_factor_ou,full
2025-11-03,0.6160330432464778,0.8249004404049568,4,one_factor_ou,full
2025-11-04,0.852667385267744,1.0012078350182554,4,one_factor_ou,full
2025-11-05,0.7205335379337137,0.8980115341463111,4,one_factor_ou,full
2025-11-06,0.33938086031979764,0.7350287658580803,4,one_factor_ou,full
2025-11-07,0.15300578466402814,0.8363841731436886,4,one_factor_ou,full
2025-11-10,0.9093014700068756,1.053906577152995,4,one_factor_ou,full
2025-11-11,1.0185542970346486,1.1270638850207402,4,one_factor_ou,full
2025-11-12,-0.6144303229712418,1.3399788914455126,4,one_factor_ou,full
2025-11-13,0.6109664940539772,1.1363168282024607,4,one_factor_ou,full
2025-11-14,1.5719601308324969,1.6553358960506923,3,one_factor_ou,full
2025-11-17,0.8223251718835692,1.080482412130328,3,one_factor_ou,full
2025-11-18,0.14913347558217938,1.0007667825345834,3,one_factor_ou,full
2025-11-19,0.529956977238372,1.050322819944838,3,one_factor_ou,full
2025-11-20,0.5037495374840547,1.0816453647939999,3,one_factor_ou,full
2025-11-21,0.21457998375050036,1.1879368105312331,3,one_factor_ou,full
2025-11-24,0.7595079955797956,1.076899730238468,4,one_factor_ou,full
2025-11-25,1.064464881329713,1.2446601125913388,4,one_factor_ou,full
2025-11-26,0.5231852828160309,0.9394916836590006,4,one_factor_ou,full
2025-11-27,0.8567942247802462,1.093216086343454,4,one_factor_ou,full
2025-11-28,0.554621841957885,0.9833395068950099,4,one_factor_ou,full
2025-12-01,1.2320713945457955,1.3378537401806243,4,one_factor_ou,full
2025-12-02,0.03133689142476315,0.8292416953851676,4,one_factor_ou,full
2025-12-03,-0.01432110108340956,0.9388983672343342,4,one_factor_ou,full
2025-12-04,0.1055253892483069,1.059345040573084,4,one_factor_ou,full
2025-12-05,0.3258955029346523,1.2144025832112637,4,one_factor_ou,full
2025-12-08,1.4367357766626503,1.575532757129936,4,one_factor_ou,full
2025-12-09,0.46802853804808864,1.030371797196283,4,one_factor_ou,full
2025-12-10,1.0268543875784018,1.2690399026781256,4,one_factor_ou,full
2025-12-11,-0.423134379909928,1.6260212691174567,4,one_factor_ou,full
2025-12-12,1.5078213908590525,1.6810881247144809,3,one_factor_ou,full
2025-12-15,0.6018451030730241,1.1299450545114025,3,one_factor_ou,full
2025-12-16,0.5074963512301491,1.1279044134156664,3,one_factor_ou,full
2025-12-17,0.5345412830284536,1.094903960984373,3,one_factor_ou,full
2025-12-18,0.5927695957647593,1.0729265294231392,3,one_factor_ou,full
2025-12-19,0.22898000369200391,1.0120001219152788,3,one_factor_ou,full
2025-12-22,0.8459935765485926,1.0728896630918363,4,one_factor_ou,full
2025-12-23,0.32617660947470906,0.8404810807298303,4,one_factor_ou,full
2025-12-24,0.1702215471808997,0.7780307116653583,4,one_factor_ou,full
2025-12-25,0.09669930102444221,0.7494711041631319,4,one_factor_ou,full
2025-12-26,-0.24931157825979167,0.987777587573051,4,one_factor_ou,full
2025-12-29,0.8874816416362634,1.129269578617824,4,one_factor_ou,full
2025-12-30,0.0293536191954184,1.039490686760896,4,one_factor_ou,full
2025-12-31,1.0037458947212996,1.3208202980393882,4,one_factor_ou,full
2026-01-05,-0.32557070444988484,1.1756155123150593,4,one_factor_ou,full
2026-01-06,0.24632060678659246,1.0739198823340055,4,one_factor_ou,full
2026-01-07,1.8899909812626763,1.9012067548646727,4,one_factor_ou,full
2026-01-08,0.34917269599571044,0.6407346660204711,4,one_factor_ou,full
2026-01-09,-0.7632608945670126,1.0784426014577573,3,one_factor_ou,full
2026-01-12,-0.5775058542062624,0.8606279308464897,3,one_factor_ou,full
2026-01-13,0.10132547977967399,0.5246970193077918,3,one_factor_ou,full
2026-01-14,1.1799720197754553,1.2060616041853287,3,one_factor_ou,full
2026-01-15,-0.6745228669494114,0.9085907933152801,3,one_factor_ou,full
2026-01-16,0.3376599659054873,0.6065934697173582,3,one_factor_ou,full
2026-01-19,0.8045250249563433,0.8213822926099972,4,one_factor_ou,full
2026-01-20,-0.011163098597063076,0.3892971218664063,4,one_factor_ou,full
2026-01-21,-0.557575425516069,0.8534509340202023,4,one_factor_ou,full
2026-01-22,0.19671662015775196,0.4530113234596799,4,one_factor_ou,full
2026-01-23,-1.0975768277107463,1.360078772705294,4,one_factor_ou,full
2026-01-26,2.442974971039766,2.5128366842825196,4,one_factor_ou,full
2026-01-27,-0.7675894812329247,0.8636669455887896,4,one_factor_ou,full
2026-01-28,-0.050668680588782766,0.2926830134983407,4,one_factor_ou,full
2026-01-29,-0.28505332756830315,0.4690719557725097,4,one_factor_ou,full
2026-01-30,-0.1913348183404938,0.46976667142421413,4,one_factor_ou,full
2026-02-02,3.204193939639562,3.391037692602458,4,one_factor_ou,full
2026-02-03,-2.0238258311159685,2.1857668423816343,4,one_factor_ou,full
2026-02-04,-0.5419045808251906,1.0396933753245485,4,one_factor_ou,full
2026-02-05,0.9275431303328519,1.0747080924260375,4,one_factor_ou,full
2026-02-06,1.733166921639381,1.8019723160268064,4,one_factor_ou,full
2026-02-09,-1.0269765375203768,1.28375069354159,3,one_factor_ou,full
2026-02-10,0.4393539075061337,0.5376090490688071,3,one_factor_ou,full
2026-02-11,-0.20951101162761762,0.5185349361808635,3,one_factor_ou,full
2026-02-12,-0.16521860328352214,0.6542623574870635,3,one_factor_ou,full
2026-02-13,1.0990540100786768,1.1201299078400833,3,one_factor_ou,full
2026-02-24,0.6314252522367373,0.6552442465983315,3,one_factor_ou,full
2026-02-25,-0.018664168874548345,0.32795313200595444,4,one_factor_ou,full
2026-02-26,0.943389029055431,0.952831122783267,4,one_factor_ou,full
2026-02-27,0.03578110083651431,0.5369122942785058,4,one_factor_ou,full
2026-03-02,0.8247274278391594,0.8619070677820274,4,one_factor_ou,full
2026-03-03,-0.6657687745866285,0.9503786997988362,4,one_factor_ou,full
2026-03-04,0.8068254590890975,0.8627728629695022,4,one_factor_ou,full
2026-03-05,0.7873726715920758,0.8279571785268398,4,one_factor_ou,full
2026-03-06,0.27381258382213636,0.5173397531099854,4,one_factor_ou,full
2026-03-09,-0.17715324679358332,0.861124416223684,4,one_factor_ou,full
2026-03-10,1.0501012230326894,1.078868789016744,4,one_factor_ou,full
2026-03-11,1.043993876602839,1.1183005713738852,4,one_factor_ou,full
2026-03-12,0.6968762536855376,1.0533907474422415,4,one_factor_ou,full
2026-03-13,-0.8233971464487895,1.0742896416125394,3,one_factor_ou,full
2026-03-16,0.134298461470969,0.5472993213202594,3,one_factor_ou,full
2026-03-17,0.16599840456410664,0.7409113300864868,3,one_factor_ou,full
2026-03-18,0.6058650688625448,0.861317298380189,3,one_factor_ou,full
2026-03-19,0.12684786223145372,0.9964588702455779,3,one_factor_ou,full
2026-03-20,0.6822214655807598,0.9522882133780523,3,one_factor_ou,full
2026-03-23,0.4758206057523775,0.9415700682498093,4,one_factor_ou,full
2026-03-24,0.5461093373763806,0.8340060455110072,4,one_factor_ou,full
2026-03-25,1.6829934825024904,1.6995506116688974,4,one_factor_ou,full
2026-03-26,0.23248130404598283,0.5926735978775568,4,one_factor_ou,full
2026-03-27,-0.5886990947404185,1.0275323272992234,4,one_factor_ou,full
2026-03-30,1.1943342299768696,1.2577689946109003,4,one_factor_ou,full
2026-03-31,-0.027953076817884448,0.8339590375934064,4,one_factor_ou,full
2026-04-01,0.6679379864924413,0.846583621513501,4,one_factor_ou,full
2026-04-02,0.5465506943639074,0.8567711593235743,4,one_factor_ou,full
2026-04-03,-0.05996430683408338,0.9753359007955806,4,one_factor_ou,full
2026-04-07,0.8967828140697085,1.0365420889766723,4,one_factor_ou,full
2026-04-08,-0.9807625395462212,1.471615873524002,4,one_factor_ou,full
2026-04-09,1.2747432152676446,1.415080276064582,4,one_factor_ou,full
2026-04-10,0.9260604569075039,1.028769302941798,3,one_factor_ou,full
2026-04-13,0.8577935290725206,0.9344389898963387,3,one_factor_ou,full
2026-04-14,0.4220863415879608,0.6003697736873891,3,one_factor_ou,full
2026-04-15,-0.13816789778621402,0.5289956346873959,3,one_factor_ou,full
2026-04-16,-0.23709130675309378,0.756358580515181,3,one_factor_ou,full
2026-04-17,0.25583322481762855,0.682320498481381,3,one_factor_ou,full
2026-04-20,1.0639374537457758,1.1029519342789988,4,one_factor_ou,full
2026-04-21,0.2917315495057684,0.5652045763785646,4,one_factor_ou,full
2026-04-22,-0.10207689225955596,0.8103270812707577,4,one_factor_ou,full
2026-04-23,0.2498851952266839,0.8001779278324905,4,one_factor_ou,full
2026-04-24,0.5890725126124511,0.7824992240204639,4,one_factor_ou,full
2026-04-27,0.5473074294183576,0.7354650607654731,4,one_factor_ou,full
2026-04-28,0.1309442494252069,0.661461653223377,4,one_factor_ou,full
2026-04-29,-0.039141708666384306,0.7412824772255266,4,one_factor_ou,full
2026-04-30,0.5660323424213678,0.7964907529197309,4,one_factor_ou,full
2026-05-06,0.913585004692811,0.9200882689882109,4,one_factor_ou,full
2026-05-07,-0.475212428509452,0.8180959156263908,4,one_factor_ou,full
2026-05-08,0.7967511130857391,0.8051803615963993,3,one_factor_ou,full
2026-05-11,1.0309115706288867,1.0324800041024966,3,one_factor_ou,full
2026-05-12,0.07474300778300282,0.2987415081338299,3,one_factor_ou,full
2026-05-13,-0.360970151563214,0.5620459238452417,3,one_factor_ou,full
2026-05-14,0.2672532425796623,0.36867601051444443,3,one_factor_ou,full
2026-05-15,0.4770798114940839,0.5048468103259774,3,one_factor_ou,full
2026-05-18,0.09216654937001384,0.325636991241854,4,one_factor_ou,full
2026-05-19,0.3655891349500032,0.45709111399620206,4,one_factor_ou,full
2026-05-20,0.5760782336397305,0.6170842709031502,4,one_factor_ou,full
2026-05-21,-0.28088122995101983,0.5218799209571513,4,one_factor_ou,full
2026-05-22,0.8298098890062808,0.8471121963876928,4,one_factor_ou,full
2026-05-25,1.0061980962317971,1.030837009529317,4,one_factor_ou,full
2026-05-26,-0.5130703690773789,0.7048902026257735,4,one_factor_ou,full
2026-05-27,0.5812940593608087,0.6314357294462482,4,one_factor_ou,full
2026-05-28,0.49245045391671594,0.5626099975024847,4,one_factor_ou,full
2026-05-29,-0.6768608382975665,0.92733385806181,4,one_factor_ou,full
2026-06-01,-0.32556603637387926,0.7281392335701495,4,one_factor_ou,full
2026-06-02,0.7981369807661192,0.830875338737444,4,one_factor_ou,full
2026-06-03,0.5809019458390003,0.6638845488562314,4,one_factor_ou,full
2026-06-04,0.4061719586238025,0.5299169338666461,4,one_factor_ou,full
2026-06-05,0.05138458939626539,0.5136668665025051,4,one_factor_ou,full
2026-06-08,-0.7713608219257402,1.3645474045178734,4,one_factor_ou,full
2026-06-09,2.97526298739488,3.1301402560816105,4,one_factor_ou,full
2026-06-10,-1.1020997331807403,1.3583790271908636,4,one_factor_ou,full
2026-06-11,0.21241514141666024,0.5354828700644158,4,one_factor_ou,full
2026-06-12,-0.12380734695243605,0.7193383405441859,3,one_factor_ou,full
2026-06-15,0.8981916014632843,0.9486489062120163,3,one_factor_ou,full
2026-06-16,0.6251465516379253,0.7413313311808617,3,one_factor_ou,full
2026-06-17,-0.17617246787616925,0.6483639948945824,3,one_factor_ou,full
2026-06-18,0.315198593314916,0.5808625182057873,3,one_factor_ou,full
2026-06-22,1.7517890465883237,1.775366109983042,3,one_factor_ou,full
2026-06-23,-1.0444544198237191,1.3724233252849565,4,one_factor_ou,full
2026-06-24,1.2219337349416253,1.2689302375904887,4,one_factor_ou,full
2026-06-25,-0.0359517069058215,0.5832073086319167,4,one_factor_ou,full
2026-06-26,-0.08317757782799734,0.8191985935193685,4,one_factor_ou,full
2026-06-29,0.7927722730652269,0.9501662171836254,4,one_factor_ou,full
2026-06-30,0.8191815224928785,0.9533962546007462,4,one_factor_ou,full
2026-07-01,1.531574979331285,1.7217524618325324,4,one_factor_ou,full
2026-07-02,-2.0009848781940294,2.2691336775716424,4,one_factor_ou,full
2026-07-03,0.21552924690455194,0.6706382241058216,4,one_factor_ou,full
2026-07-06,-0.616949114994764,1.3052680354703767,4,one_factor_ou,full
2026-07-07,0.2508504434345666,1.123116901418612,4,one_factor_ou,full
2026-07-08,-0.1642668374683685,1.412823961829153,4,one_factor_ou,full
2026-07-09,1.7083795741508754,1.7487761729506037,4,one_factor_ou,full
2026-07-10,0.9038752927633388,1.0524686874504454,3,one_factor_ou,full
2026-07-13,-0.7296947552424284,1.1297564934478592,3,one_factor_ou,full
2026-07-14,0.8083892222397772,0.9560056046244508,3,one_factor_ou,full
2026-07-15,-0.30092659413751605,0.8067915512382707,3,one_factor_ou,full
2026-07-16,0.01634152457435145,0.5915197004174791,3,one_factor_ou,full
2026-07-17,0.8168552430073664,0.9520145952586178,3,one_factor_ou,full
2026-07-20,0.8736176300058276,1.0385845282212878,4,one_factor_ou,full
2026-07-21,0.053760743296912106,0.7032436518359045,4,one_factor_ou,full
2026-07-22,1.1400460693090018,1.212147449831817,4,one_factor_ou,full
2026-07-23,0.3993098983892974,0.7312587496618786,4,one_factor_ou,full
2026-07-24,0.4079346757350723,0.7892025084365991,4,one_factor_ou,full
2026-07-27,-0.27222942509032044,0.9883702774158472,4,one_factor_ou,full
2026-07-28,0.5550583358470953,0.8791428566228618,4,one_factor_ou,full
2026-07-29,-0.28350703165200386,0.790992914163529,4,one_factor_ou,full
2026-07-30,0.5521948649405051,0.690388949507747,4,one_factor_ou,full
2026-07-31,0.9588298389738458,0.9885177414874095,4,one_factor_ou,full
2026-08-03,-0.23749641613344902,0.6740168399234018,4,one_factor_ou,full
2026-08-04,0.5866384958955678,0.6628402003489774,4,one_factor_ou,full
2026-08-05,0.07416220756716943,0.501950055479325,4,one_factor_ou,full
2026-08-06,0.826168232961698,0.930892423279944,4,one_factor_ou,full
2026-08-07,0.6629516296310909,0.8192128232426575,4,one_factor_ou,full
2026-08-10,1.491756355715201,1.498799401938709,4,one_factor_ou,full
2026-08-11,-0.7154867906615856,1.2559646566039717,4,one_factor_ou,full
2026-08-12,1.4730669134023735,1.4807387340927824,4,one_factor_ou,full
2026-08-13,-0.7089626353832253,1.3585351548790787,4,one_factor_ou,full
2026-08-14,1.8059972999276281,1.806807233597186,3,one_factor_ou,full
2026-08-17,0.19394462261419565,0.6000974759079066,3,one_factor_ou,full
2026-08-18,1.2968444548756946,1.2995053018934248,3,one_factor_ou,full
2026-08-19,-1.1133783480959778,1.4949900270779006,3,one_factor_ou,full
2026-08-20,0.7400733037663331,0.8378490396461378,3,one_factor_ou,full
2026-08-21,0.6559812259498632,0.8233276571050355,3,one_factor_ou,full
2022-07-22,0.5361335593978125,0.5485369824767606,4,one_factor_ou,in_sample
2022-07-25,0.11334450975986184,0.30584581325582155,4,one_factor_ou,in_sample
2022-07-26,-0.5457778312788123,0.8355847390892411,4,one_factor_ou,in_sample
2022-07-27,0.0879810297290523,0.4151487620199113,4,one_factor_ou,in_sample
2022-07-28,0.08889830053941596,0.30311907926086595,4,one_factor_ou,in_sample
2022-07-29,0.2208443937499912,0.36256003813964505,4,one_factor_ou,in_sample
2022-08-01,0.7218638932577481,0.7334574763785294,4,one_factor_ou,in_sample
2022-08-02,-0.7142419201903601,0.972787243958145,4,one_factor_ou,in_sample
2022-08-03,0.9962036178112272,1.0050962539792183,4,one_factor_ou,in_sample
2022-08-04,1.5055585804910503,1.6241285990180345,4,one_factor_ou,in_sample
2022-08-05,-1.6545810987065614,1.903455822943955,4,one_factor_ou,in_sample
2022-08-08,1.322594537433032,1.3626674565303123,4,one_factor_ou,in_sample
2022-08-09,0.4696169332170891,0.5993286599461989,4,one_factor_ou,in_sample
2022-08-10,0.07584701374334996,0.4597901720741422,4,one_factor_ou,in_sample
2022-08-11,-1.278974788185119,1.5158163127816213,4,one_factor_ou,in_sample
2022-08-12,0.3641021337322779,0.43314837257049144,3,one_factor_ou,in_sample
2022-08-15,0.455763455023144,0.48159032176586125,3,one_factor_ou,in_sample
2022-08-16,0.19249849445252162,0.3445655663341358,3,one_factor_ou,in_sample
2022-08-17,-0.03451338361616838,0.3267801343658508,3,one_factor_ou,in_sample
2022-08-18,-0.10807866939129467,0.4260869560063881,3,one_factor_ou,in_sample
2022-08-19,0.5134241607907649,0.5322585432277942,3,one_factor_ou,in_sample
2022-08-22,0.4576709975205746,0.4749206775709536,4,one_factor_ou,in_sample
2022-08-23,0.21258465446238028,0.3324196422277936,4,one_factor_ou,in_sample
2022-08-24,0.8128538868116659,0.825575813379776,4,one_factor_ou,in_sample
2022-08-25,0.46857187248258436,0.5412043539662523,4,one_factor_ou,in_sample
2022-08-26,0.0683221080193665,0.28767848596223833,4,one_factor_ou,in_sample
2022-08-29,0.2687395486466275,0.4132016711770173,4,one_factor_ou,in_sample
2022-08-30,-0.803347817202396,0.9975622982004447,4,one_factor_ou,in_sample
2022-08-31,0.4205723293630568,0.5095787388781937,4,one_factor_ou,in_sample
2022-09-01,0.13712476872504206,0.37131447887336017,4,one_factor_ou,in_sample
2022-09-02,0.7009284293102379,0.7684396443276016,4,one_factor_ou,in_sample
2022-09-05,0.08501697952672088,0.4214890188959268,4,one_factor_ou,in_sample
2022-09-06,-0.06859658176205391,0.44076429604769335,4,one_factor_ou,in_sample
2022-09-07,0.3067742415419031,0.7729828632250942,4,one_factor_ou,in_sample
2022-09-08,-0.8637025501995014,0.9718653811679028,3,one_factor_ou,in_sample
2022-09-09,-0.5807866432135044,0.7054115459883668,3,one_factor_ou,in_sample
2022-09-13,0.4447303200370023,0.48007195705936095,3,one_factor_ou,in_sample
2022-09-14,0.19993715381594734,0.3414250335084744,3,one_factor_ou,in_sample
2022-09-15,1.3237597958501028,1.3349859330138063,3,one_factor_ou,in_sample
2022-09-16,0.37151188215585984,0.3907509879109657,3,one_factor_ou,in_sample
2022-09-19,0.469526723907154,0.5073915527779791,4,one_factor_ou,in_sample
2022-09-20,0.10001895086147493,0.28248196642324674,4,one_factor_ou,in_sample
2022-09-21,-0.42235652056241085,0.6098476007800256,4,one_factor_ou,in_sample
2022-09-22,-0.47910024231793835,0.5822490301410087,4,one_factor_ou,in_sample
2022-09-23,-0.29090425854618623,0.38536717756685074,4,one_factor_ou,in_sample
2022-09-26,-0.23830378784737727,0.37606745317350315,4,one_factor_ou,in_sample
2022-09-27,-0.43034637390023,0.666117075118578,4,one_factor_ou,in_sample
2022-09-28,-0.09429864840504995,0.32809178970466346,4,one_factor_ou,in_sample
2022-09-29,-0.2212053585967479,0.6114709781299994,4,one_factor_ou,in_sample
2022-09-30,1.249649074607762,1.2510247618601795,4,one_factor_ou,in_sample
2022-10-10,-0.07187099102742484,0.4888752223453941,4,one_factor_ou,in_sample
2022-10-11,0.9771605279874253,0.9784375391060569,4,one_factor_ou,in_sample
2022-10-12,0.19774104989121113,0.34737911542133637,4,one_factor_ou,in_sample
2022-10-13,-0.43945301226798816,0.5984352759423224,4,one_factor_ou,in_sample
2022-10-14,-0.2828981374895086,0.48896634992316484,3,one_factor_ou,in_sample
2022-10-17,1.0322229848599551,1.0387164527181025,3,one_factor_ou,in_sample
2022-10-18,0.12200605893486922,0.25490155845614365,3,one_factor_ou,in_sample
2022-10-19,-0.07998554179619717,0.31376346174852393,3,one_factor_ou,in_sample
2022-10-20,0.5879431232644914,0.5966809854461594,3,one_factor_ou,in_sample
2022-10-21,0.024555396080862917,0.259023054635163,3,one_factor_ou,in_sample
2022-10-24,-0.6643808192838454,0.9460942700932752,4,one_factor_ou,in_sample
2022-10-25,-0.002669929645185226,0.4557956917379585,4,one_factor_ou,in_sample
2022-10-26,-0.44077168557311674,0.8214627520908588,4,one_factor_ou,in_sample
2022-10-27,0.023169079495038464,0.47116190144458414,4,one_factor_ou,in_sample
2022-10-28,0.8673028290825842,0.8714972615236528,4,one_factor_ou,in_sample
2022-10-31,0.1808565522315136,0.43587666725363206,4,one_factor_ou,in_sample
2022-11-01,-0.8740436750978556,1.3490932396168716,4,one_factor_ou,in_sample
2022-11-02,0.8523894915216633,0.894040311457515,4,one_factor_ou,in_sample
2022-11-03,0.7665373737065801,0.8006186809988018,4,one_factor_ou,in_sample
2022-11-04,-1.1600177751549898,1.6433368136951216,4,one_factor_ou,in_sample
2022-11-07,1.4684183365250925,1.4918781220503003,4,one_factor_ou,in_sample
2022-11-08,-0.3032843649648143,0.624422349496942,4,one_factor_ou,in_sample
2022-11-09,0.5012377405345148,0.5189224299639095,4,one_factor_ou,in_sample
2022-11-10,-0.581512904623222,0.8101080268021299,4,one_factor_ou,in_sample
2022-11-11,0.4363278714035115,0.5047258284926649,3,one_factor_ou,in_sample
2022-11-14,0.14259322268662433,0.301501060922202,3,one_factor_ou,in_sample
2022-11-15,-0.32238733571610034,0.3299544562104341,3,one_factor_ou,in_sample
2022-11-16,0.037798222068395136,0.1970597686490847,3,one_factor_ou,in_sample
2022-11-17,-0.38965991992484533,0.4015467439169322,3,one_factor_ou,in_sample
2022-11-18,-0.13766512387914995,0.2844942144041823,3,one_factor_ou,in_sample
2022-11-21,-0.40877168417189674,0.43389872093023746,4,one_factor_ou,in_sample
2022-11-22,0.5996363303853253,0.6736755165977765,4,one_factor_ou,in_sample
2022-11-23,-0.2948382075092248,0.3068375887866631,4,one_factor_ou,in_sample
2022-11-24,0.2803860746109863,0.3962989198921643,4,one_factor_ou,in_sample
2022-11-25,-0.3604126672325957,0.3723817421061765,4,one_factor_ou,in_sample
2022-11-28,-0.4588181706931363,0.48477189924943753,4,one_factor_ou,in_sample
2022-11-29,-0.2256183450058615,0.23838738473521537,4,one_factor_ou,in_sample
2022-11-30,0.39148529856502057,0.40758125603616396,4,one_factor_ou,in_sample
2022-12-01,-0.4316958085723886,0.4520408121561448,4,one_factor_ou,in_sample
2022-12-02,0.013041516948875703,0.07226803970739666,4,one_factor_ou,in_sample
2022-12-05,0.5038746973266164,0.5614507591603983,4,one_factor_ou,in_sample
2022-12-06,-0.12708417202335184,0.14821099119984546,4,one_factor_ou,in_sample
2022-12-07,0.20459018656201122,0.27049198063171,4,one_factor_ou,in_sample
2022-12-08,-0.42817605228518485,0.5398502108360862,4,one_factor_ou,in_sample
2022-12-09,0.301858868112191,0.3041366905111977,3,one_factor_ou,in_sample
2022-12-12,-0.023690212349154003,0.12208409593191777,3,one_factor_ou,in_sample
2022-12-13,-0.22721248975290964,0.2659094447160983,3,one_factor_ou,in_sample
2022-12-14,0.47732020922820234,0.4787528510595833,3,one_factor_ou,in_sample
2022-12-15,0.061047263818527576,0.06700554702583317,3,one_factor_ou,in_sample
2022-12-16,-0.9972609450848736,1.068703716858084,3,one_factor_ou,in_sample
2022-12-19,-0.4319023411966119,0.5343617265089349,4,one_factor_ou,in_sample
2022-12-20,0.34769047180755736,0.36173339028079454,4,one_factor_ou,in_sample
2022-12-21,-0.15449906464635402,0.19613508538525973,4,one_factor_ou,in_sample
2022-12-22,-0.31425258106805837,0.3300759022534963,4,one_factor_ou,in_sample
2022-12-23,0.4161213230485405,0.48011993784291473,4,one_factor_ou,in_sample
2022-12-26,-0.2254173854229606,0.25832402040003505,4,one_factor_ou,in_sample
2022-12-27,-0.028077034668116948,0.14219611411806388,4,one_factor_ou,in_sample
2022-12-28,-0.5447009108971224,0.6010344242789394,4,one_factor_ou,in_sample
2022-12-29,0.4893221016021649,0.5087120342094248,4,one_factor_ou,in_sample
2022-12-30,0.19975664276909766,0.2161702952954265,4,one_factor_ou,in_sample
2023-01-03,0.5295360953725968,0.5473684431306864,4,one_factor_ou,in_sample
2023-01-04,0.2562156508477134,0.2830554064787265,4,one_factor_ou,in_sample
2023-01-05,-0.29881303639051204,0.4816849020507075,4,one_factor_ou,in_sample
2023-01-06,0.022456961137781763,0.31367865907818687,4,one_factor_ou,in_sample
2023-01-09,1.056934517715607,1.08764244094459,4,one_factor_ou,in_sample
2023-01-10,-0.34635242240800784,0.3694208837993974,4,one_factor_ou,in_sample
2023-01-11,-0.6214340002084366,0.8408562671350888,4,one_factor_ou,in_sample
2023-01-12,0.18469020715353593,0.293085865074414,4,one_factor_ou,in_sample
2023-01-13,-0.6397237568847484,0.7221262068098842,3,one_factor_ou,in_sample
2023-01-16,0.33083585225316253,0.3325143103421358,3,one_factor_ou,in_sample
2023-01-17,-0.33069277187184004,0.3666889623066911,3,one_factor_ou,in_sample
2023-01-18,-0.5469510874166973,0.6015356743510668,3,one_factor_ou,in_sample
2023-01-19,-0.5929030511208065,0.7003087371066977,3,one_factor_ou,in_sample
2023-01-20,0.07857453609097194,0.39345623254755385,3,one_factor_ou,in_sample
2023-01-30,0.7729107961701438,0.8866367841930566,4,one_factor_ou,in_sample
2023-01-31,-0.431602641253922,0.48443755423038454,4,one_factor_ou,in_sample
2023-02-01,0.12847525850837266,0.32066317415044115,4,one_factor_ou,in_sample
2023-02-02,0.17762345375907557,0.46066869119724113,4,one_factor_ou,in_sample
2023-02-03,0.03001849331809822,0.23492231695047366,4,one_factor_ou,in_sample
2023-02-06,-0.3829998918060025,0.4047915408405296,4,one_factor_ou,in_sample
2023-02-07,0.5001393908647427,0.654470477428036,4,one_factor_ou,in_sample
2023-02-08,-0.0757496472157238,0.38116078916110396,4,one_factor_ou,in_sample
2023-02-09,-1.8540522902070902,2.0194816615978564,4,one_factor_ou,in_sample
2023-02-10,0.7793144264003793,0.878997591147512,3,one_factor_ou,in_sample
2023-02-13,0.5142607602974508,0.6597820444287653,3,one_factor_ou,in_sample
2023-02-14,-0.166678298731743,0.26753105180976394,3,one_factor_ou,in_sample
2023-02-15,0.11642825823934703,0.29668993410947425,3,one_factor_ou,in_sample
2023-02-16,-0.47984140034893025,0.4911668224425101,3,one_factor_ou,in_sample
2023-02-17,-0.13528392429499278,0.26041440109200437,3,one_factor_ou,in_sample
2023-02-20,0.37436606561647073,0.5033917026309498,4,one_factor_ou,in_sample
2023-02-21,0.37217075009774625,0.6012731380797658,4,one_factor_ou,in_sample
2023-02-22,-0.6190327550627179,0.6436319811490065,4,one_factor_ou,in_sample
2023-02-23,-0.33155150272934253,0.3608074099053871,4,one_factor_ou,in_sample
2023-02-24,-0.21655919239457472,0.25171683914003246,4,one_factor_ou,in_sample
2023-02-27,-0.03741762669964843,0.18829074732335277,4,one_factor_ou,in_sample
2023-02-28,0.06180112720965767,0.19760618989460188,4,one_factor_ou,in_sample
2023-03-01,0.085790535355668,0.24707719417832544,4,one_factor_ou,in_sample
2023-03-02,-0.3975946797585864,0.4160785282642475,4,one_factor_ou,in_sample
2023-03-03,0.4074401423214442,0.6019859926393376,4,one_factor_ou,in_sample
2023-03-06,0.4979599418106594,0.8931545106650924,4,one_factor_ou,in_sample
2023-03-07,-1.3566237125682057,1.3900814552121743,4,one_factor_ou,in_sample
2023-03-08,0.39140660757908613,0.6264048353173826,4,one_factor_ou,in_sample
2023-03-09,-0.28313214464359193,0.4135003086263396,4,one_factor_ou,in_sample
2023-03-10,-0.5724573980967715,0.5997283213803812,3,one_factor_ou,in_sample
2023-03-13,-0.008543269789299215,0.11175583016987556,3,one_factor_ou,in_sample
2023-03-14,-0.09737630838363182,0.1571209797312423,3,one_factor_ou,in_sample
2023-03-15,0.053309413979745056,0.05753691833557462,3,one_factor_ou,in_sample
2023-03-16,-0.3018556744967534,0.3698997819450916,3,one_factor_ou,in_sample
2023-03-17,-0.05277770825214301,0.11384633601957476,3,one_factor_ou,in_sample
2023-03-20,-0.20864601700123817,0.2743036111911687,4,one_factor_ou,in_sample
2023-03-21,0.39788555458234703,0.4171486283257931,4,one_factor_ou,in_sample
2023-03-22,-0.010538681108629027,0.08353773901192077,4,one_factor_ou,in_sample
2023-03-23,0.17588230724721657,0.19581725468214983,4,one_factor_ou,in_sample
2023-03-24,-0.1800690663078249,0.21552905851470314,4,one_factor_ou,in_sample
2023-03-27,0.36729033918979076,0.40726900698148344,4,one_factor_ou,in_sample
2023-03-28,-0.8146636334285916,0.8399456704911571,4,one_factor_ou,in_sample
2023-03-29,-0.06645901809715418,0.14609831763995704,4,one_factor_ou,in_sample
2023-03-30,-0.4126842861075066,0.4867479840580208,4,one_factor_ou,in_sample
2023-03-31,0.4869349698047282,0.5201893482811961,4,one_factor_ou,in_sample
2023-04-03,0.6587272793186172,0.7492826182315248,4,one_factor_ou,in_sample
2023-04-04,-0.6114116417190398,0.6280301635709844,4,one_factor_ou,in_sample
2023-04-06,0.7062731180049224,0.7940064409789028,4,one_factor_ou,in_sample
2023-04-07,-0.22486373004595284,0.26182643088001234,4,one_factor_ou,in_sample
2023-04-10,-0.9240553097590114,0.9460532196295895,4,one_factor_ou,in_sample
2023-04-11,0.563789046031421,0.6601664755378952,4,one_factor_ou,in_sample
2023-04-12,0.29404766017494577,0.5441564301674774,4,one_factor_ou,in_sample
2023-04-13,-0.968550880698452,0.9944145867292808,4,one_factor_ou,in_sample
2023-04-14,0.41524703904540416,0.49997916429091466,3,one_factor_ou,in_sample
2023-04-17,-0.313587275003756,0.34474331364823463,3,one_factor_ou,in_sample
2023-04-18,0.2806211900903088,0.4331817575384534,3,one_factor_ou,in_sample
2023-04-19,-0.13497034246052855,0.3279168256860618,3,one_factor_ou,in_sample
2023-04-20,-0.14782193584511763,0.3427768780318854,3,one_factor_ou,in_sample
2023-04-21,-0.8724520770318746,0.8998678025114253,3,one_factor_ou,in_sample
2023-04-24,-0.24132223079315906,0.32866325157702275,4,one_factor_ou,in_sample
2023-04-25,-0.7192828616622823,0.7390886754966312,4,one_factor_ou,in_sample
2023-04-26,-0.12257771685025366,0.36020274143117825,4,one_factor_ou,in_sample
2023-04-27,-0.5214981174878872,0.5816390460836854,4,one_factor_ou,in_sample
2023-04-28,-0.26979953535098006,0.4436183757323611,4,one_factor_ou,in_sample
2023-05-04,0.563692123134656,0.901426122638823,4,one_factor_ou,in_sample
2023-05-05,-0.38744281824771076,0.5461071854426197,4,one_factor_ou,in_sample
2023-05-08,0.11853107653689493,0.7207321020613282,4,one_factor_ou,in_sample
2023-05-09,-1.0360032132609445,1.074722659299061,4,one_factor_ou,in_sample
2023-05-10,-0.11836699089315529,0.5263172692330483,4,one_factor_ou,in_sample
2023-05-11,-0.14215992396720792,0.6374828143690001,4,one_factor_ou,in_sample
2023-05-12,-0.8963736537708735,0.9825445107378193,3,one_factor_ou,in_sample
2023-05-15,-0.19207457565725608,0.6477279985151067,3,one_factor_ou,in_sample
2023-05-16,-0.6582586571001818,0.8103346409041366,3,one_factor_ou,in_sample
2023-05-17,-0.04290439098510398,0.7096223548981284,3,one_factor_ou,in_sample
2023-05-18,-0.45524988152583384,0.7774221141624632,3,one_factor_ou,in_sample
2023-05-19,-0.941742686036923,1.0217984735803944,3,one_factor_ou,in_sample
2023-05-22,-0.29621252339596293,0.6189255829857881,4,one_factor_ou,in_sample
2023-05-23,-0.3941105010590298,0.700510261013713,4,one_factor_ou,in_sample
2023-05-24,-0.3838716900341956,0.7039483266542241,4,one_factor_ou,in_sample
2023-05-25,-0.162746965614032,0.7411509989769376,4,one_factor_ou,in_sample
2023-05-26,-0.6935632898951466,0.8291874933018389,4,one_factor_ou,in_sample
2023-05-29,-0.481216542514963,0.705257479557791,4,one_factor_ou,in_sample
2023-05-30,-0.4024217456523902,0.6666216300544056,4,one_factor_ou,in_sample
2023-05-31,-0.0948217145396768,0.6446551959592877,4,one_factor_ou,in_sample
2023-06-01,-0.6178424407570474,0.8268917758891206,4,one_factor_ou,in_sample
2023-06-02,-0.14272603925987157,0.6987411346656855,4,one_factor_ou,in_sample
2023-06-05,-0.11657006720833962,0.850169793338837,4,one_factor_ou,in_sample
2023-06-06,-0.4546450428027444,0.9937801838279503,4,one_factor_ou,in_sample
2023-06-07,-0.6201113896579491,1.0121594275409171,4,one_factor_ou,in_sample
2023-06-08,-1.1086693968838781,1.17315455371779,4,one_factor_ou,in_sample
2023-06-09,-0.37591135963896766,0.617321563915966,3,one_factor_ou,in_sample
2023-06-12,-0.1817991213980229,0.572867868118099,3,one_factor_ou,in_sample
2023-06-13,-0.3066655482650668,0.5882316043261361,3,one_factor_ou,in_sample
2023-06-14,-0.2673256342556372,0.5840136273190211,3,one_factor_ou,in_sample
2023-06-15,-0.47958185448055807,0.6639192636443473,3,one_factor_ou,in_sample
2023-06-16,-0.1578954391976648,0.6025176689664018,3,one_factor_ou,in_sample
2023-06-19,0.06257435958006252,0.5352344521907398,4,one_factor_ou,in_sample
2023-06-20,-0.2806738764268332,0.5489156187439649,4,one_factor_ou,in_sample
2023-06-21,-0.7593062239636739,0.8437265344746583,4,one_factor_ou,in_sample
2023-06-26,-1.1790735826127725,1.1911762491317588,4,one_factor_ou,in_sample
2023-06-27,0.8265908823920797,1.0326497036295557,4,one_factor_ou,in_sample
2023-06-28,-0.6451810336349515,0.7365761725334281,4,one_factor_ou,in_sample
2023-06-29,0.25234907569665943,0.6405962985467729,4,one_factor_ou,in_sample
2023-06-30,-0.2777065641084817,0.5830494980650199,4,one_factor_ou,in_sample
2023-07-03,-0.19763958023060962,0.6135500277385737,4,one_factor_ou,in_sample
2023-07-04,-0.3325556379662939,0.5895870741508246,4,one_factor_ou,in_sample
2023-07-05,-0.49418790152258585,0.6423041257601159,4,one_factor_ou,in_sample
2023-07-06,0.21228771692631307,0.7887792964697995,4,one_factor_ou,in_sample
2023-07-07,-1.1132920624948703,1.1431839898273963,4,one_factor_ou,in_sample
2023-07-10,-0.3065262544673242,0.45783943392622484,4,one_factor_ou,in_sample
2023-07-11,-0.15522044642397367,0.45623743113199555,4,one_factor_ou,in_sample
2023-07-12,-0.6696969085441922,0.7192230641446508,4,one_factor_ou,in_sample
2023-07-13,-0.24569317764617254,0.4075910020792583,4,one_factor_ou,in_sample
2023-07-14,-0.10782687780845966,0.41812106402758803,3,one_factor_ou,in_sample
2023-07-17,-0.14053104381576856,0.4542495820411709,3,one_factor_ou,in_sample
2023-07-18,-0.43035555501299494,0.5389444623839651,3,one_factor_ou,in_sample
2023-07-19,-0.2690909570098499,0.45321740947739597,3,one_factor_ou,in_sample
2023-07-20,-0.47221374483989004,0.566232015351539,3,one_factor_ou,in_sample
2023-07-21,-0.4667401988525395,0.5666503689465398,3,one_factor_ou,in_sample
2023-07-24,-0.38190795633755353,0.7241398350656318,4,one_factor_ou,in_sample
2023-07-25,-0.4356649114066205,0.7654146322802005,4,one_factor_ou,in_sample
2023-07-26,-0.8167240106472164,0.9515661480101544,4,one_factor_ou,in_sample
2023-07-27,-0.5763224074193148,0.7965367040879778,4,one_factor_ou,in_sample
2023-07-28,-0.25172580945695566,0.6644453743699718,4,one_factor_ou,in_sample
2023-07-31,-0.37986091486566587,0.6781660840470263,4,one_factor_ou,in_sample
2023-08-01,-0.30623595429599293,0.7682008577246875,4,one_factor_ou,in_sample
2023-08-02,-0.43834074997797573,0.8229351740720547,4,one_factor_ou,in_sample
2023-08-03,-0.37650062696668507,0.8322926550658204,4,one_factor_ou,in_sample
2023-08-04,-0.664426444439093,0.9416093924554146,4,one_factor_ou,in_sample
2023-08-07,-1.067432530473628,1.1649993812426613,4,one_factor_ou,in_sample
2023-08-08,-0.690204961142369,0.886933134228727,4,one_factor_ou,in_sample
2023-08-09,-0.6322890694229115,0.9086824069101004,4,one_factor_ou,in_sample
2023-08-10,0.1025270479680902,1.1680925337135957,4,one_factor_ou,in_sample
2023-08-11,-1.1904929118230194,1.3720146055721636,3,one_factor_ou,in_sample
2023-08-14,-0.6934388322155381,0.9983846175019618,3,one_factor_ou,in_sample
2023-08-15,-0.7193685528616239,1.0499967734346976,3,one_factor_ou,in_sample
2023-08-16,-0.7882983707554789,1.0779078537706859,3,one_factor_ou,in_sample
2023-08-17,-0.5168006248750825,0.9222692553967058,3,one_factor_ou,in_sample
2023-08-18,-0.7282204113811211,1.0996898947669131,3,one_factor_ou,in_sample
2023-08-21,-0.12325656679223762,0.9462265846801813,4,one_factor_ou,in_sample
2023-08-22,-0.15626059357021257,0.9970006045657248,4,one_factor_ou,in_sample
2023-08-23,-0.9790005588814503,1.2319049013095529,4,one_factor_ou,in_sample
2023-08-24,-0.22490823083293043,0.9606832954942456,4,one_factor_ou,in_sample
2023-08-25,-1.0323270826194415,1.2482363093215787,4,one_factor_ou,in_sample
2023-08-28,0.1609911711338557,1.0207029760265809,4,one_factor_ou,in_sample
2023-08-29,-0.7751458356881158,1.1568074998740498,4,one_factor_ou,in_sample
2023-08-30,-0.567826284735844,1.076630546978228,4,one_factor_ou,in_sample
2023-08-31,-1.1866210325094284,1.3129026133088053,4,one_factor_ou,in_sample
2023-09-01,-0.15902193000294712,0.926713718366323,4,one_factor_ou,in_sample
2023-09-04,-0.6501010701743047,0.9926025945139234,4,one_factor_ou,in_sample
2023-09-05,-0.29749745294852403,0.9258861176804234,4,one_factor_ou,in_sample
2023-09-06,-0.08151083683170102,1.2472313096418455,4,one_factor_ou,in_sample
2023-09-07,-1.0607989268697262,1.324911878903448,4,one_factor_ou,in_sample
2023-09-08,-0.5022228488162593,0.947542684751017,3,one_factor_ou,in_sample
2023-09-11,-0.6217721792784288,1.010986075839583,3,one_factor_ou,in_sample
2023-09-12,-0.7181620299232844,1.0342745533519053,3,one_factor_ou,in_sample
2023-09-13,-0.4110689631145424,0.8675671993779968,3,one_factor_ou,in_sample
2023-09-14,-0.7029298455147664,0.9050440224885303,3,one_factor_ou,in_sample
2023-09-15,-0.35376792211857305,0.7278601550174244,3,one_factor_ou,in_sample
2023-09-18,-0.6058531317190409,0.7555573551280876,4,one_factor_ou,in_sample
2023-09-19,-0.6644761870127349,0.8071948180815052,4,one_factor_ou,in_sample
2023-09-20,-0.32498645941399557,0.6754783125003899,4,one_factor_ou,in_sample
2023-09-21,-0.22558187352461856,0.6410317624057132,4,one_factor_ou,in_sample
2023-09-22,-0.6681209617624977,0.8394799918755602,4,one_factor_ou,in_sample
2023-09-25,-0.10749450819613557,0.6190273916908515,4,one_factor_ou,in_sample
2023-09-26,-0.589467277163369,0.7451446692968233,4,one_factor_ou,in_sample
2023-09-27,-0.4481495789385816,0.6134753247329854,4,one_factor_ou,in_sample
2023-09-28,0.614313825653996,0.9712367551364923,4,one_factor_ou,in_sample
2023-10-09,-0.1990473908156731,0.6978694187390145,4,one_factor_ou,in_sample
2023-10-10,-0.14463678606368824,0.7535194166366149,4,one_factor_ou,in_sample
2023-10-11,0.09044537215378934,1.0597951713653648,4,one_factor_ou,in_sample
2023-10-12,-0.7837463734688199,1.0958765609380756,4,one_factor_ou,in_sample
2023-10-13,-1.239063239648569,1.3103249410757347,3,one_factor_ou,in_sample
2023-10-16,-0.05460697547794591,0.6866261422094407,3,one_factor_ou,in_sample
2023-10-17,-0.4052144582781931,0.6854161375169572,3,one_factor_ou,in_sample
2023-10-18,-0.20601776164972985,0.6826503372394896,3,one_factor_ou,in_sample
2023-10-19,-0.45485434862184065,0.6806709463603631,3,one_factor_ou,in_sample
2023-10-20,-0.3624282094307328,0.5960243002015247,3,one_factor_ou,in_sample
2023-10-23,0.28285502892866926,1.0356615325400509,4,one_factor_ou,in_sample
2023-10-24,-0.21872213730411857,0.9548456046610948,4,one_factor_ou,in_sample
2023-10-25,-0.5569737977013142,0.9418233243338346,4,one_factor_ou,in_sample
2023-10-26,-0.7086275892076823,0.9494390877429623,4,one_factor_ou,in_sample
2023-10-27,-1.2217260603375157,1.2841060466639564,4,one_factor_ou,in_sample
2023-10-30,0.16201955534708223,1.0190014993025267,4,one_factor_ou,in_sample
2023-10-31,-0.708216914033894,1.0276891408731428,4,one_factor_ou,in_sample
2023-11-01,-0.6082544546835884,0.9786514733407938,4,one_factor_ou,in_sample
2023-11-02,-1.0340732516279905,1.1403067951657624,4,one_factor_ou,in_sample
2023-11-03,-0.31203749882186455,0.9050766377315472,4,one_factor_ou,in_sample
2023-11-06,-0.6736720418255016,0.9711209975534218,4,one_factor_ou,in_sample
2023-11-07,-0.1754862576138002,1.0043216572041127,4,one_factor_ou,in_sample
2023-11-08,-0.06035338249488603,1.308813211822004,4,one_factor_ou,in_sample
2023-11-09,-0.6192735987880331,1.4921895816012154,4,one_factor_ou,in_sample
2023-11-10,-1.5756413904018691,1.6347308755785466,3,one_factor_ou,in_sample
2023-11-13,-0.36193184252309835,0.7379220344570718,3,one_factor_ou,in_sample
2023-11-14,-0.17121477066125568,0.6810234172164052,3,one_factor_ou,in_sample
2023-11-15,-0.4294305066027359,0.6931251939883626,3,one_factor_ou,in_sample
2023-11-16,-0.20313922502831924,0.605625323569456,3,one_factor_ou,in_sample
2023-11-17,-0.48537215215605717,0.6031118475407282,3,one_factor_ou,in_sample
2023-11-20,-0.37419023818703084,0.44908227571463527,4,one_factor_ou,in_sample
2023-11-21,0.043692759850940205,0.486839684837661,4,one_factor_ou,in_sample
2023-11-22,-0.5348792039814997,0.6731156126070375,4,one_factor_ou,in_sample
2023-11-23,-0.838416980905804,0.864474389134104,4,one_factor_ou,in_sample
2023-11-24,0.1912135910686324,0.5932009787692151,4,one_factor_ou,in_sample
2023-11-27,-0.17693546954504755,0.3905728939284893,4,one_factor_ou,in_sample
2023-11-28,0.34456990862211606,0.7439548871511261,4,one_factor_ou,in_sample
2023-11-29,-0.3825790200568865,0.6026602767844674,4,one_factor_ou,in_sample
2023-11-30,0.09189608896381518,0.625929314291776,4,one_factor_ou,in_sample
2023-12-01,-0.36235487211363027,0.5970186551497112,4,one_factor_ou,in_sample
2023-12-04,0.6352643786827025,1.2304111387976968,4,one_factor_ou,in_sample
2023-12-05,-0.7221657349476098,0.8068015516073598,4,one_factor_ou,in_sample
2023-12-06,-0.4147759247874304,0.5156946045609205,4,one_factor_ou,in_sample
2023-12-07,-1.3384841185992626,1.3577191940278417,4,one_factor_ou,in_sample
2023-12-08,-0.2807036440054474,0.3161873705758805,3,one_factor_ou,in_sample
2023-12-11,0.08750901380353664,0.1671504152181692,3,one_factor_ou,in_sample
2023-12-12,-0.12593744209331184,0.17713197979684148,3,one_factor_ou,in_sample
2023-12-13,0.14130514354772364,0.17843048635832706,3,one_factor_ou,in_sample
2023-12-14,-0.04891141858649011,0.10075125530286651,3,one_factor_ou,in_sample
2023-12-15,0.31425632614912924,0.40265596472171233,3,one_factor_ou,in_sample
2023-12-18,-0.568758574490741,0.5781885749201781,4,one_factor_ou,in_sample
2023-12-19,-0.14571117555592897,0.21915700659930326,4,one_factor_ou,in_sample
2023-12-20,-0.3512712060929144,0.35895416657529844,4,one_factor_ou,in_sample
2023-12-21,0.3686181896640926,0.4442638503826884,4,one_factor_ou,in_sample
2023-12-22,-0.5253726159779667,0.5365531390393647,4,one_factor_ou,in_sample
2023-12-25,0.28809055273457873,0.31198372437174066,4,one_factor_ou,in_sample
2023-12-26,-0.05635710899405302,0.12186459623075298,4,one_factor_ou,in_sample
2023-12-27,0.2757444629223033,0.2982147602345136,4,one_factor_ou,in_sample
2023-12-28,-0.7929124213519934,0.8180121567011693,4,one_factor_ou,in_sample
2023-12-29,-0.4522612655336782,0.5170831725804516,4,one_factor_ou,in_sample
2024-01-02,1.0361842308051734,1.1218394910002065,4,one_factor_ou,in_sample
2024-01-03,-0.11581160771347848,0.2101290237432984,4,one_factor_ou,in_sample
2024-01-04,0.1119589454983675,0.21521929103318482,4,one_factor_ou,in_sample
2024-01-05,-0.08763985360230953,0.19659873679687276,4,one_factor_ou,in_sample
2024-01-08,2.8777640866692455,3.200849468864893,4,one_factor_ou,in_sample
2024-01-09,-0.9776483524330131,1.0610522485535403,4,one_factor_ou,in_sample
2024-01-10,-0.8179967730422752,0.854558558512929,4,one_factor_ou,in_sample
2024-01-11,-1.0047485830494054,1.015545789571835,4,one_factor_ou,in_sample
2024-01-12,0.20655742954802922,0.33062623545713193,3,one_factor_ou,in_sample
2024-01-15,0.4384115337028695,0.6084593625625286,3,one_factor_ou,in_sample
2024-01-16,0.297771595052276,0.5638761179617456,3,one_factor_ou,in_sample
2024-01-17,2.431052292244926,2.793313688326603,3,one_factor_ou,in_sample
2024-01-18,-1.0224926816650157,1.1787022861203045,3,one_factor_ou,in_sample
2024-01-19,-0.6978048174487311,1.0076541977667854,3,one_factor_ou,in_sample
2024-01-22,2.933178711051191,3.45516060010779,3,one_factor_ou,in_sample
2024-01-23,-2.6934291587053254,2.7262253751215657,4,one_factor_ou,in_sample
2024-01-24,-1.7110149655955191,1.7369008923726648,4,one_factor_ou,in_sample
2024-01-25,-2.2104136303296436,2.320312295541209,4,one_factor_ou,in_sample
2024-01-26,1.9727437192677528,2.211578602847807,4,one_factor_ou,in_sample
2024-01-29,1.060100086541336,1.6643761700455102,4,one_factor_ou,in_sample
2024-01-30,0.8062266898773229,1.7983832598127518,4,one_factor_ou,in_sample
2024-01-31,-0.9613538973833767,1.3680432746148667,4,one_factor_ou,in_sample
2024-02-01,-0.6303607943717804,1.3778302894651162,4,one_factor_ou,in_sample
2024-02-02,-0.36159960671974517,0.42410782863643226,3,one_factor_ou,in_sample
2024-02-05,2.6418173817944446,2.6973335182604106,2,one_factor_ou,in_sample
2024-02-06,-4.543571168946593,4.723935035271604,3,one_factor_ou,in_sample
2024-02-07,-1.5175477944982443,1.5788603457630601,3,one_factor_ou,in_sample
2024-02-08,0.1696552252043476,0.22569192852578848,3,one_factor_ou,in_sample
2024-02-19,2.3076475120638995,2.4504306281631036,3,one_factor_ou,in_sample
2024-02-20,-0.3692245456907704,0.4365326689111345,4,one_factor_ou,in_sample
2024-02-21,0.5352990293113447,0.705716326176627,4,one_factor_ou,in_sample
2024-02-22,-1.5149677982746668,1.582126763442374,4,one_factor_ou,in_sample
2024-02-23,-0.761306527430834,0.9084512585089733,4,one_factor_ou,in_sample
2024-02-26,1.276896038651765,1.3225893383379068,4,one_factor_ou,in_sample
2024-02-27,-1.0893175773049972,1.2214998035352216,4,one_factor_ou,in_sample
2024-02-28,1.294578109618291,1.3401159699904397,4,one_factor_ou,in_sample
2024-02-29,-0.8812242218867088,0.9944285018592469,4,one_factor_ou,in_sample
2024-03-01,0.0021138700916922687,0.2746795908047884,4,one_factor_ou,in_sample
2024-03-04,1.8333400132846414,2.049117996511937,4,one_factor_ou,in_sample
2024-03-05,1.0809905053968192,1.8343728872666554,4,one_factor_ou,in_sample
2024-03-06,-1.5470134122557897,1.6529097538298243,4,one_factor_ou,in_sample
2024-03-07,-0.7281567741387506,0.8714868714361348,4,one_factor_ou,in_sample
2024-03-08,-0.5047270026916961,0.5560275081574867,3,one_factor_ou,in_sample
2024-03-11,-0.2576680840965284,0.41067272975932734,3,one_factor_ou,in_sample
2024-03-12,0.052911490299390095,0.2767366394928045,3,one_factor_ou,in_sample
2024-03-13,0.12400756098371142,0.26886716713851816,3,one_factor_ou,in_sample
2024-03-14,0.2535447504928409,0.33825267447878293,3,one_factor_ou,in_sample
2024-03-15,-0.5583973428692711,0.7324615049566068,3,one_factor_ou,in_sample
2024-03-18,-0.4155788978738837,0.5971519189802298,4,one_factor_ou,in_sample
2024-03-19,0.6421778512806673,0.6750651427358655,4,one_factor_ou,in_sample
2024-03-20,0.35058157357668707,0.40893877066196255,4,one_factor_ou,in_sample
2024-03-21,0.1645516142277968,0.23998505955346883,4,one_factor_ou,in_sample
2024-03-22,0.41249700167579223,0.44512940890543384,4,one_factor_ou,in_sample
2024-03-25,0.14817987301502952,0.32953256247144774,4,one_factor_ou,in_sample
2024-03-26,0.734686464926848,0.7478896976466509,4,one_factor_ou,in_sample
2024-03-27,0.5216888260240548,0.5241853398268025,4,one_factor_ou,in_sample
2024-03-28,-0.47280145111589356,0.5869627748177285,4,one_factor_ou,in_sample
2024-03-29,0.00586707426546796,0.3219850142167352,4,one_factor_ou,in_sample
2024-04-01,-0.38244081112180234,0.5348954253126953,4,one_factor_ou,in_sample
2024-04-02,0.4282894314834785,0.45392011524326786,4,one_factor_ou,in_sample
2024-04-03,0.461313610728867,0.48718870186734586,4,one_factor_ou,in_sample
2024-04-08,1.6006828180735644,1.7370043823279893,4,one_factor_ou,in_sample
2024-04-09,-0.48996947783261,0.5460783456988477,4,one_factor_ou,in_sample
2024-04-10,0.2827525225251349,0.4735514868179269,4,one_factor_ou,in_sample
2024-04-11,-0.3596995779311364,0.387074541761463,4,one_factor_ou,in_sample
2024-04-12,0.4024063411939074,0.41587609326981345,3,one_factor_ou,in_sample
2024-04-15,0.547364137600452,0.5699783516745874,3,one_factor_ou,in_sample
2024-04-16,-0.029977898928300467,0.08942525140676047,3,one_factor_ou,in_sample
2024-04-17,-0.7811010177749577,0.8673160735274593,3,one_factor_ou,in_sample
2024-04-18,-0.06835747751520432,0.2267824590925996,3,one_factor_ou,in_sample
2024-04-19,0.9922461557115808,1.0324398758770221,3,one_factor_ou,in_sample
2024-04-22,-0.3372631113056909,0.36249675533622344,4,one_factor_ou,in_sample
2024-04-23,0.4310019883560054,0.5162995146594676,4,one_factor_ou,in_sample
2024-04-24,-1.1953379651675626,1.2982261543564508,4,one_factor_ou,in_sample
2024-04-25,0.18554315646798933,0.2649681130778185,4,one_factor_ou,in_sample
2024-04-26,-1.0248416626461232,1.1957772463205965,4,one_factor_ou,in_sample
2024-04-29,-0.8906443535587595,1.1403790167050145,4,one_factor_ou,in_sample
2024-04-30,0.7219009297227932,0.8005229449213271,4,one_factor_ou,in_sample
2024-05-06,0.5388979014560483,0.6842364910532841,4,one_factor_ou,in_sample
2024-05-07,0.2516707797852495,0.4025940492011724,4,one_factor_ou,in_sample
2024-05-08,0.16869506345736968,0.29011082309695735,4,one_factor_ou,in_sample
2024-05-09,-0.4277349098952171,0.48507811994553407,4,one_factor_ou,in_sample
2024-05-10,0.29268392690378037,0.4362859453810346,3,one_factor_ou,in_sample
2024-05-13,0.22347819020222306,0.365261033987481,3,one_factor_ou,in_sample
2024-05-14,0.05922323765132285,0.32693271312679745,3,one_factor_ou,in_sample
2024-05-15,-0.1946587844066641,0.2804812216254128,3,one_factor_ou,in_sample
2024-05-16,-0.09253019139811296,0.2888005746743874,3,one_factor_ou,in_sample
2024-05-17,-1.1679396598463443,1.1846132521492994,3,one_factor_ou,in_sample
2024-05-20,0.4651128693158158,0.5832453160550087,4,one_factor_ou,in_sample
2024-05-21,0.18681996149759245,0.3656122409618737,4,one_factor_ou,in_sample
2024-05-22,-0.08047525623827227,0.28825808138469394,4,one_factor_ou,in_sample
2024-05-23,-0.139072981854322,0.2782379135472982,4,one_factor_ou,in_sample
2024-05-24,0.1507277567138604,0.38514221540159566,4,one_factor_ou,in_sample
2024-05-27,0.29520841077690396,0.5520258483519064,4,one_factor_ou,in_sample
2024-05-28,0.0756867243348826,0.39156510957805973,4,one_factor_ou,in_sample
2024-05-29,-0.03282991939735433,0.36137874982237655,4,one_factor_ou,in_sample
2024-05-30,-0.8643146542882488,0.8672483507596664,4,one_factor_ou,in_sample
2024-05-31,-0.14291191703648085,0.22786035452739403,4,one_factor_ou,in_sample
2024-06-03,0.8783524885075104,1.0849815626023351,4,one_factor_ou,in_sample
2024-06-04,-0.5793783123202192,0.5974286137840565,4,one_factor_ou,in_sample
2024-06-05,-0.4121513509509745,0.4185698606460765,4,one_factor_ou,in_sample
2024-06-06,-0.1781260744721015,0.20461063122982534,4,one_factor_ou,in_sample
2024-06-07,0.50279149063901,0.7191134234748086,4,one_factor_ou,in_sample
2024-06-11,-0.5786071356732434,0.5814887709118174,4,one_factor_ou,in_sample
2024-06-12,0.6541859534897619,0.938146352176747,4,one_factor_ou,in_sample
2024-06-13,0.004199847725555345,0.5184566926867022,4,one_factor_ou,in_sample
2024-06-14,-1.4470005350591606,1.4845011992964856,3,one_factor_ou,in_sample
2024-06-17,0.031804074284253823,0.06824193434899786,3,one_factor_ou,in_sample
2024-06-18,-0.31108674956294236,0.3249673218712017,3,one_factor_ou,in_sample
2024-06-19,0.3389694976211288,0.3450980899909584,3,one_factor_ou,in_sample
2024-06-20,0.15916564987218512,0.16524176803094298,3,one_factor_ou,in_sample
2024-06-21,0.3109615820253826,0.3705777967470486,3,one_factor_ou,in_sample
2024-06-24,0.018535524129999734,0.08137095822078176,4,one_factor_ou,in_sample
2024-06-25,-0.3282508901650284,0.37923308265521233,4,one_factor_ou,in_sample
2024-06-26,-0.263811573427111,0.3196170524773823,4,one_factor_ou,in_sample
2024-06-27,0.02560955366322184,0.20605856281919963,4,one_factor_ou,in_sample
2024-06-28,0.787555555894502,0.8191007015915647,4,one_factor_ou,in_sample
2024-07-01,0.1776116852587263,0.3056260312124671,4,one_factor_ou,in_sample
2024-07-02,-0.04400301057141467,0.17499736995776863,4,one_factor_ou,in_sample
2024-07-03,-0.15766098927998215,0.17799453342205554,4,one_factor_ou,in_sample
2024-07-04,0.06765039417855553,0.15369874595910582,4,one_factor_ou,in_sample
2024-07-05,0.07532691883746323,0.22137205321442735,4,one_factor_ou,in_sample
2024-07-08,0.23640381250554046,0.31190143614110066,4,one_factor_ou,in_sample
2024-07-09,0.0005852737759605656,0.33896741860519025,4,one_factor_ou,in_sample
2024-07-10,-0.5568588903308389,0.5750606727317756,4,one_factor_ou,in_sample
2024-07-11,-0.48225234643486786,0.5103699702993302,4,one_factor_ou,in_sample
2024-07-12,0.12235686636169675,0.12443407973726617,3,one_factor_ou,in_sample
2024-07-15,0.5115672416789699,0.5225806848123787,3,one_factor_ou,in_sample
2024-07-16,0.4460706463646034,0.45485056162512494,3,one_factor_ou,in_sample
2024-07-17,0.256099965749991,0.2574045834110733,3,one_factor_ou,in_sample
2024-07-18,-0.18017706936020994,0.2222298065250557,3,one_factor_ou,in_sample
2024-07-19,0.3798526118772681,0.3992822793696341,3,one_factor_ou,in_sample
2024-07-22,0.05570528708681619,0.07902509822537535,4,one_factor_ou,in_sample
2024-07-23,0.5985437026405372,0.6423586228973989,4,one_factor_ou,in_sample
2024-07-24,-0.033257943881675106,0.1043979010513225,4,one_factor_ou,in_sample
2024-07-25,-0.08725441889745063,0.15044833960667162,4,one_factor_ou,in_sample
2024-07-26,-0.47080653396220107,0.5850972183725571,4,one_factor_ou,in_sample
2024-07-29,0.6497032098447214,0.6512955890776182,4,one_factor_ou,in_sample
2024-07-30,0.21586897510191552,0.23850679630498986,4,one_factor_ou,in_sample
2024-07-31,-2.414822678829069,2.6607580965384594,4,one_factor_ou,in_sample
2024-08-01,1.1608321396528538,1.171433944630007,4,one_factor_ou,in_sample
2024-08-02,0.35819431092879384,0.40198941237399916,4,one_factor_ou,in_sample
2024-08-05,-0.039289375344775626,0.5277290063232485,4,one_factor_ou,in_sample
2024-08-06,0.9280401531078761,0.9406584692877517,4,one_factor_ou,in_sample
2024-08-07,0.6506765565738817,0.6931681770816027,4,one_factor_ou,in_sample
2024-08-08,-1.0609234627177138,1.3310750906137498,4,one_factor_ou,in_sample
2024-08-09,1.225986925849648,1.2416122364249342,3,one_factor_ou,in_sample
2024-08-12,-0.25963367672402,0.357809256523581,3,one_factor_ou,in_sample
2024-08-13,0.32925043411805827,0.3300304607732469,3,one_factor_ou,in_sample
2024-08-14,0.31256759293652964,0.32775145204230643,3,one_factor_ou,in_sample
2024-08-15,0.11061464463533215,0.21273057578947926,3,one_factor_ou,in_sample
2024-08-16,0.057765474343232,0.21147158688751963,3,one_factor_ou,in_sample
2024-08-19,-0.044216889196719664,0.25148372339061587,4,one_factor_ou,in_sample
2024-08-20,0.2892349609232339,0.34750371228141175,4,one_factor_ou,in_sample
2024-08-21,-0.364051328512395,0.5470966627787421,4,one_factor_ou,in_sample
2024-08-22,-0.03321540497576694,0.46466778787134094,4,one_factor_ou,in_sample
2024-08-23,0.2413375915343221,0.4138595267006093,4,one_factor_ou,in_sample
2024-08-26,0.32663678054169254,0.4089235881875722,4,one_factor_ou,in_sample
2024-08-27,0.04658632327212368,0.3939202944204909,4,one_factor_ou,in_sample
2024-08-28,0.3169721964799841,0.41978112288359604,4,one_factor_ou,in_sample
2024-08-29,-0.05835673003668464,0.3536791947131362,4,one_factor_ou,in_sample
2024-08-30,-0.17142583925454,0.46121637595014786,4,one_factor_ou,in_sample
2024-09-02,0.6810017694611205,0.7043127365945245,4,one_factor_ou,in_sample
2024-09-03,0.7479327782291075,0.754570569366525,4,one_factor_ou,in_sample
2024-09-04,-0.2511888552696623,0.45264798278898766,4,one_factor_ou,in_sample
2024-09-05,-0.09542980488741098,0.4306994748896249,4,one_factor_ou,in_sample
2024-09-06,0.4683418039501438,0.5835227739319604,4,one_factor_ou,in_sample
2024-09-09,0.8050949994315637,0.8255584398262604,4,one_factor_ou,in_sample
2024-09-10,0.005939923941243527,0.18180090926809517,4,one_factor_ou,in_sample
2024-09-11,0.22453300557016576,0.2526143858318518,3,one_factor_ou,in_sample
2024-09-12,-0.24029576335814365,0.299187249720102,3,one_factor_ou,in_sample
2024-09-13,-0.10487300741273997,0.23616966031781464,3,one_factor_ou,in_sample
2024-09-18,0.32003545940365247,0.38832266056234593,3,one_factor_ou,in_sample
2024-09-19,0.006524215100023989,0.3064183491922361,3,one_factor_ou,in_sample
2024-09-20,0.7867341544772395,0.8003576778583161,3,one_factor_ou,in_sample
2024-09-23,-0.19870034316672783,0.3012211585489861,4,one_factor_ou,in_sample
2024-09-24,-1.9908577150325768,2.217378485568763,4,one_factor_ou,in_sample
2024-09-25,0.7886043998710538,0.813630927115,4,one_factor_ou,in_sample
2024-09-26,-2.9934287650796976,3.6395072795937664,4,one_factor_ou,in_sample
2024-09-27,-2.8276914933086275,3.1596443509590046,3,one_factor_ou,in_sample
2024-09-30,1.0756143950074244,2.683569152874169,4,one_factor_ou,in_sample
2024-10-08,4.541404773879468,4.614706005212723,4,one_factor_ou,in_sample
2024-10-09,0.10506796643841242,0.647903258764743,4,one_factor_ou,in_sample
2024-10-10,0.9445526075727392,1.0257074557757457,4,one_factor_ou,in_sample
2024-10-11,0.741706596805125,0.8048560030351688,3,one_factor_ou,in_sample
2024-10-14,0.3112148922588185,0.34557926564516867,3,one_factor_ou,in_sample
2024-10-15,1.2242014912963946,1.2823267744830216,3,one_factor_ou,in_sample
2024-10-16,-0.9530524929005667,0.9587070089254658,3,one_factor_ou,in_sample
2024-10-17,0.42423881727053564,0.4384573537237987,3,one_factor_ou,in_sample
2024-10-18,-1.0838675199377097,1.118281940858977,3,one_factor_ou,in_sample
2024-10-21,-0.11140087370459262,0.30223051570449494,4,one_factor_ou,in_sample
2024-10-22,-0.2338051499460887,0.2860191512707172,4,one_factor_ou,in_sample
2024-10-23,-0.21204918745089396,0.2722139154324647,4,one_factor_ou,in_sample
2024-10-24,-0.37156692020997056,0.3801370766247803,4,one_factor_ou,in_sample
2024-10-25,-0.9441322147603166,0.988436684110153,4,one_factor_ou,in_sample
2024-10-28,0.9543634167101334,1.0852705564242882,4,one_factor_ou,in_sample
2024-10-29,-0.1531936649137554,0.18256901112607804,4,one_factor_ou,in_sample
2024-10-30,0.2422568479915672,0.32876576432369375,4,one_factor_ou,in_sample
2024-10-31,0.24582750427576802,0.4054808797236492,4,one_factor_ou,in_sample
2024-11-01,-0.4204372281883886,0.434680750565519,4,one_factor_ou,in_sample
2024-11-04,-1.0192847393677167,1.1677820766877496,4,one_factor_ou,in_sample
2024-11-05,-0.22383537788501454,0.5533284226696725,4,one_factor_ou,in_sample
2024-11-06,0.8892928961871429,0.9071870553720173,4,one_factor_ou,in_sample
2024-11-07,-0.13469561148554804,0.23371851667748872,4,one_factor_ou,in_sample
2024-11-08,0.7007061079615422,0.7380635399274432,3,one_factor_ou,in_sample
2024-11-11,1.0833881489835202,1.1708002591630573,3,one_factor_ou,in_sample
2024-11-12,0.12764847390365508,0.24529596537056517,3,one_factor_ou,in_sample
2024-11-13,-0.14863388813043463,0.20355526572147944,3,one_factor_ou,in_sample
2024-11-14,-0.8807112642656878,0.9340502981683191,3,one_factor_ou,in_sample
2024-11-15,-0.2964779624705389,0.3555447288936717,3,one_factor_ou,in_sample
2024-11-18,-0.02662143037150641,0.1614072059410943,4,one_factor_ou,in_sample
2024-11-19,0.4285413136327576,0.43946181870802925,4,one_factor_ou,in_sample
2024-11-20,0.734060417117882,0.764980724597846,4,one_factor_ou,in_sample
2024-11-21,0.5251669598128104,0.5952520610506155,4,one_factor_ou,in_sample
2024-11-22,0.43144164538939767,0.5060948551939607,4,one_factor_ou,in_sample
2024-11-25,-0.4265431808072672,0.48372048219025443,4,one_factor_ou,in_sample
2024-11-26,0.33851772112498185,0.4032560115018344,4,one_factor_ou,in_sample
2024-11-27,-1.0895566918161632,1.1402221968241675,4,one_factor_ou,in_sample
2024-11-28,0.577957118339584,0.6112656401336075,4,one_factor_ou,in_sample
2024-11-29,-0.4241761207840088,0.4674083516259594,4,one_factor_ou,in_sample
2024-12-02,0.43959365733637673,0.5124647638185942,4,one_factor_ou,in_sample
2024-12-03,-0.2032477194856024,0.2739473493947364,4,one_factor_ou,in_sample
2024-12-04,-0.03887428132063583,0.149333524885745,4,one_factor_ou,in_sample
2024-12-05,0.010219040475223082,0.15869176192259216,4,one_factor_ou,in_sample
2024-12-06,-0.3994438619765432,0.4932866908369165,4,one_factor_ou,in_sample
2024-12-09,1.0408183594558258,1.1545001534119477,4,one_factor_ou,in_sample
2024-12-10,-1.3558801874306299,1.5012978786320847,4,one_factor_ou,in_sample
2024-12-11,0.6462234754132818,0.6583316674551838,4,one_factor_ou,in_sample
2024-12-12,-0.06697873828885542,0.21357003539636496,4,one_factor_ou,in_sample
2024-12-13,-0.03266109665854733,0.3595586032321235,3,one_factor_ou,in_sample
2024-12-16,0.6490205001150994,0.6726918777142388,3,one_factor_ou,in_sample
2024-12-17,-0.002934353300196572,0.3240728055053568,3,one_factor_ou,in_sample
2024-12-18,0.3619328535402047,0.41788443740435294,3,one_factor_ou,in_sample
2024-12-19,-0.26060671135817415,0.49296925950676707,3,one_factor_ou,in_sample
2024-12-20,0.6959588492536574,0.7035675032913397,3,one_factor_ou,in_sample
2024-12-23,-0.16582079439399408,0.31292141992596123,4,one_factor_ou,in_sample
2024-12-24,0.16693100106667216,0.24886933830651903,4,one_factor_ou,in_sample
2024-12-25,-0.40295644711086465,0.5808963022687563,4,one_factor_ou,in_sample
2024-12-26,0.5788872445473889,0.5890775283786871,4,one_factor_ou,in_sample
2024-12-27,0.13186591496718453,0.22208279952261678,4,one_factor_ou,in_sample
2024-12-30,-0.3415818687349577,0.5202315526211397,4,one_factor_ou,in_sample
2024-12-31,0.9342623942648424,0.9383683744976492,4,one_factor_ou,in_sample
2025-01-02,-0.17964542922838314,0.37716765200983365,4,one_factor_ou,in_sample
2025-01-03,-0.6482390223759481,0.9085311461329614,4,one_factor_ou,in_sample
2025-01-06,0.691334104699195,0.7244413137309507,4,one_factor_ou,in_sample
2025-01-07,0.7209461588125273,0.7281613713356798,4,one_factor_ou,in_sample
2025-01-08,0.3829800154216493,0.4551715684787957,4,one_factor_ou,in_sample
2025-01-09,0.8073820766582547,1.1193332322070164,4,one_factor_ou,in_sample
2025-01-10,-1.0145275338304278,1.0776244406232898,3,one_factor_ou,in_sample
2025-01-13,-0.3369603615379934,0.4158699122789484,3,one_factor_ou,in_sample
2025-01-14,-0.4585823923841839,0.5766350820278495,3,one_factor_ou,in_sample
2025-01-15,0.43735490902423396,0.46301117142737064,3,one_factor_ou,in_sample
2025-01-16,0.4557673531280065,0.4757259679805774,3,one_factor_ou,in_sample
2025-01-17,-0.4290028343776688,0.5131035130391891,3,one_factor_ou,in_sample
2025-01-20,0.12650798991578982,0.22222873975982213,4,one_factor_ou,in_sample
2025-01-21,0.10600395570628653,0.25191312537046134,4,one_factor_ou,in_sample
2025-01-22,-0.2063527800922071,0.44567158155497416,4,one_factor_ou,in_sample
2025-01-23,0.37733421978962906,0.41570054572994325,4,one_factor_ou,in_sample
2025-01-24,-0.7229528277331208,0.9925299890169816,4,one_factor_ou,in_sample
2025-01-27,1.1693208108679973,1.1769265380616203,4,one_factor_ou,in_sample
2025-02-05,0.1275060147313336,0.2746998007143173,4,one_factor_ou,in_sample
2025-02-06,0.2912955558036514,0.33511482762523037,4,one_factor_ou,in_sample
2025-02-07,-0.27272127586705464,0.5025564515299481,4,one_factor_ou,in_sample
2025-02-10,1.1273891506676403,1.1747648845357435,4,one_factor_ou,in_sample
2025-02-11,-0.3826061358431589,0.5922369491401149,4,one_factor_ou,in_sample
2025-02-12,0.47295981060499215,0.47645371990910285,4,one_factor_ou,in_sample
2025-02-13,-0.6988765845557336,1.1278227711718967,4,one_factor_ou,in_sample
2025-02-14,0.9362276778183564,0.9435883820000428,3,one_factor_ou,in_sample
2025-02-17,0.8265156368470508,0.8282042675138622,3,one_factor_ou,in_sample
2025-02-18,-0.32071839427894994,0.5859621949223258,3,one_factor_ou,in_sample
2025-02-19,0.5686440787436174,0.5931003530693035,3,one_factor_ou,in_sample
2025-02-20,1.044530013011803,1.0615060762505601,3,one_factor_ou,in_sample
2025-02-21,-0.4274205100339908,0.5622968598712658,3,one_factor_ou,in_sample
2025-02-24,1.3330419073316944,1.37763686629905,4,one_factor_ou,in_sample
2025-02-25,-0.10585469857599772,0.2961342387516337,4,one_factor_ou,in_sample
2025-02-26,0.9579407399220432,1.0003505272384716,4,one_factor_ou,in_sample
2025-02-27,-0.2197839940007295,0.37929351517895454,4,one_factor_ou,in_sample
2025-02-28,-1.008936494539703,1.2328904541139223,4,one_factor_ou,in_sample
2025-03-03,0.7399683869866704,0.7735227171022027,4,one_factor_ou,in_sample
2025-03-04,1.0155074419207206,1.079293712492007,4,one_factor_ou,in_sample
2025-03-05,0.5871379501920251,0.7661372851666823,4,one_factor_ou,in_sample
2025-03-06,-0.6678356082177274,0.8332089722012379,4,one_factor_ou,in_sample
2025-03-07,0.22462456385038804,0.47486918494992614,4,one_factor_ou,in_sample
2025-03-10,1.932559790069699,2.2167654339818594,4,one_factor_ou,in_sample
2025-03-11,-0.8037378765100722,0.9697542619780731,4,one_factor_ou,in_sample
2025-03-12,0.027856472747054856,0.42192369685991093,4,one_factor_ou,in_sample
2025-03-13,-0.3089684013678742,0.5703509369325266,4,one_factor_ou,in_sample
2025-03-14,-1.088285375330308,1.321929961280034,3,one_factor_ou,in_sample
2025-03-17,1.3408236480672684,1.3421622335651227,3,one_factor_ou,in_sample
2025-03-18,0.24904853418543182,0.4086803004159197,3,one_factor_ou,in_sample
2025-03-19,-0.0744274988401058,0.5361651426659477,3,one_factor_ou,in_sample
2025-03-20,0.36791588042585593,0.5835335623016875,3,one_factor_ou,in_sample
2025-03-21,0.6085253141395154,0.6833653374900203,3,one_factor_ou,in_sample
2025-03-24,0.13892499468716898,0.3921216885743309,4,one_factor_ou,in_sample
2025-03-25,-0.22381643706518708,0.5600569323928735,4,one_factor_ou,in_sample
2025-03-26,0.6633396989477269,0.6939770689293664,4,one_factor_ou,in_sample
2025-03-27,-0.3419214134606736,0.7073825493740402,4,one_factor_ou,in_sample
2025-03-28,0.558507608295047,0.6626537274278314,4,one_factor_ou,in_sample
2025-03-31,0.08479708933121793,0.5577602059738731,4,one_factor_ou,in_sample
2025-04-01,0.9250762781017279,0.9601342307738547,4,one_factor_ou,in_sample
2025-04-02,-0.16230323424664042,0.5927845025675395,4,one_factor_ou,in_sample
2025-04-03,0.27424587870897466,0.5555624494199732,4,one_factor_ou,in_sample
2025-04-07,-3.522945008270973,4.688600556430248,4,one_factor_ou,in_sample
2025-04-08,7.244049941349141,7.384074257100686,4,one_factor_ou,in_sample
2025-04-09,0.5335496480719386,0.6746854567043878,4,one_factor_ou,in_sample
2025-04-10,-0.7167074378861051,0.8180681424107904,4,one_factor_ou,in_sample
2025-04-11,-0.3328583303842668,0.5944567232233265,3,one_factor_ou,in_sample
2025-04-14,1.7768352338326316,1.7784264382448822,3,one_factor_ou,in_sample
2025-04-15,0.07856665582489557,0.4434686559815999,3,one_factor_ou,in_sample
2025-04-16,0.5109469363254079,0.5833135672071824,3,one_factor_ou,in_sample
2025-04-17,-0.7826995527811819,0.9477260369467072,3,one_factor_ou,in_sample
2025-04-18,0.4288680263582698,0.49391592328317496,3,one_factor_ou,in_sample
2025-04-21,0.238280398117712,0.47209791860867806,4,one_factor_ou,in_sample
2025-04-22,0.3710964748643896,0.5584916905017981,4,one_factor_ou,in_sample
2025-04-23,0.07163736799143477,0.4549159424093294,4,one_factor_ou,in_sample
2025-04-24,0.08391094085892845,0.581626072636178,4,one_factor_ou,in_sample
2025-04-25,0.4788048034420682,0.6088152840858351,4,one_factor_ou,in_sample
2025-04-28,0.36143651224966744,0.5480604923643365,4,one_factor_ou,in_sample
2025-04-29,-0.0009013105953415423,0.6762581123097084,4,one_factor_ou,in_sample
2025-04-30,1.099791426595319,1.1350857219040853,4,one_factor_ou,in_sample
2025-05-06,0.5706359454563903,0.6670721431277948,4,one_factor_ou,in_sample
2025-05-07,0.7975038245788078,0.8089043004996357,4,one_factor_ou,in_sample
2025-05-08,-0.15935813009497074,0.6776135716774708,4,one_factor_ou,in_sample
2025-05-09,0.749475046628138,0.794278841853246,3,one_factor_ou,in_sample
2025-05-12,0.38033510916273033,0.5549716354881811,3,one_factor_ou,in_sample
2025-05-13,1.0052278067499025,1.0146737431723254,3,one_factor_ou,in_sample
2025-05-14,-0.26114639915588606,0.658734795647546,3,one_factor_ou,in_sample
2025-05-15,0.28279586792225514,0.6204487738865375,3,one_factor_ou,in_sample
2025-05-16,1.1864963761408782,1.207530322051508,3,one_factor_ou,in_sample
2025-05-19,0.43570573638876264,0.7434356064382575,4,one_factor_ou,in_sample
2025-05-20,0.9155828224011602,1.0838865352613947,4,one_factor_ou,in_sample
2025-05-21,0.8073012142627843,0.9664388914015787,4,one_factor_ou,in_sample
2025-05-22,0.3023271767356915,0.7623896528057109,4,one_factor_ou,in_sample
2025-05-23,0.7226860016359488,0.9012179595497866,4,one_factor_ou,in_sample
2025-05-26,0.38271537460857186,0.9234358014215227,4,one_factor_ou,in_sample
2025-05-27,0.40494058324099125,0.9288617511752737,4,one_factor_ou,in_sample
2025-05-28,0.43901856820114576,0.9012865472985175,4,one_factor_ou,in_sample
2025-05-29,-0.21735952225882027,1.0931587012550477,4,one_factor_ou,in_sample
2025-05-30,0.8112928059824349,1.1591275233503524,4,one_factor_ou,in_sample
2025-06-03,1.2081683261557363,1.368719492531468,4,one_factor_ou,in_sample
2025-06-04,0.7418102722144446,1.0464038410450227,4,one_factor_ou,in_sample
2025-06-05,0.654399840435811,0.9922228202453014,4,one_factor_ou,in_sample
2025-06-06,0.3097896422740373,0.9319981256077965,4,one_factor_ou,in_sample
2025-06-09,0.6011312034891582,0.9126752410730041,4,one_factor_ou,in_sample
2025-06-10,0.7101329196947472,0.9522169627810119,4,one_factor_ou,in_sample
2025-06-11,0.48360316802906167,0.7957389559333045,4,one_factor_ou,in_sample
2025-06-12,0.4835977453145712,0.8342532423614114,4,one_factor_ou,in_sample
2025-06-13,0.5882044330363859,0.8988826864872622,3,one_factor_ou,in_sample
2025-06-16,0.42399164822193613,0.8176283356943067,3,one_factor_ou,in_sample
2025-06-17,0.41465290284489975,0.8186018429726223,3,one_factor_ou,in_sample
2025-06-18,0.590898573994367,0.9279637513146326,3,one_factor_ou,in_sample
2025-06-19,0.11132910482303464,0.924791409917315,3,one_factor_ou,in_sample
2025-06-20,0.09338175558468798,0.8042620299841257,3,one_factor_ou,in_sample
2025-06-23,0.8150353998860096,0.9633679642255436,4,one_factor_ou,in_sample
2025-06-24,-0.13784997715566066,0.6717877627447381,4,one_factor_ou,in_sample
2025-06-25,-0.5709730099232596,0.9001349116593901,4,one_factor_ou,in_sample
2025-06-26,0.17004545386326744,0.5209688336469137,4,one_factor_ou,in_sample
2025-06-27,0.7164555718824099,0.795995614186312,4,one_factor_ou,in_sample
2025-06-30,1.3658108810866856,1.3881215320149198,4,one_factor_ou,in_sample
2025-07-01,1.1571517303160248,1.1946185881912734,4,one_factor_ou,in_sample
2025-07-02,-0.9589580778491011,1.2114542802022825,4,one_factor_ou,in_sample
2025-07-03,0.8574957145631468,0.9111964987401283,4,one_factor_ou,in_sample
2025-07-04,0.03392920165950014,0.4658577961380978,4,one_factor_ou,in_sample
2025-07-07,0.8852667074514833,0.953942889874222,4,one_factor_ou,in_sample
2025-07-08,-1.1269538168969144,1.4075073069955162,4,one_factor_ou,in_sample
2025-07-09,0.5791019634483565,0.7237720336375053,4,one_factor_ou,in_sample
2025-07-10,0.4695534389668328,0.6125034665671028,4,one_factor_ou,in_sample
2025-07-11,-0.529215556326151,0.8608284996052141,3,one_factor_ou,in_sample
2025-07-14,0.6722128227644307,0.7770234936314945,3,one_factor_ou,in_sample
2025-07-15,0.48030186569419575,0.6242942094512953,3,one_factor_ou,in_sample
2025-07-16,0.36640030742505564,0.5693928823985991,3,one_factor_ou,in_sample
2025-07-17,-0.16372269634906159,0.6323468413818635,3,one_factor_ou,in_sample
2025-07-18,0.12316546782824138,0.5952241151173392,3,one_factor_ou,in_sample
2025-07-21,0.885731558540702,0.9981711612502183,4,one_factor_ou,in_sample
2025-07-22,-0.14763872925399435,0.8622840736034577,4,one_factor_ou,in_sample
2025-07-23,0.21876725110486006,0.7861788833308145,4,one_factor_ou,in_sample
2025-07-24,0.03121035739667452,0.8304104952931579,4,one_factor_ou,in_sample
2025-07-25,0.8907913740652269,1.0288118077702053,4,one_factor_ou,in_sample
2025-07-28,1.1504575418721652,1.2054126585810478,4,one_factor_ou,in_sample
2025-07-29,0.2105183232683931,0.7284691908907008,4,one_factor_ou,in_sample
2025-07-30,0.5796175846993409,0.8287534099174311,4,one_factor_ou,in_sample
2025-07-31,0.8149944958085347,0.9419771193687106,4,one_factor_ou,in_sample
2025-08-01,0.6941039618973028,0.8361044683398521,4,one_factor_ou,in_sample
2025-08-04,-0.45976775645356627,1.0292756332631883,4,one_factor_ou,in_sample
2025-08-05,0.7592432797867885,0.9445950548369485,4,one_factor_ou,in_sample
2025-08-06,0.2872381944749107,0.6988944211310072,4,one_factor_ou,in_sample
2025-08-07,0.9920465490499719,1.0973374280522545,4,one_factor_ou,in_sample
2025-08-08,0.2659983631378622,0.7668456017180945,3,one_factor_ou,in_sample
2025-08-11,0.21829812537110604,0.7249930849454247,3,one_factor_ou,in_sample
2025-08-12,0.2423104178761352,0.755800243828186,3,one_factor_ou,in_sample
2025-08-13,0.012511574407096271,0.7003102524078221,3,one_factor_ou,in_sample
2025-08-14,0.10717387672426167,0.7155959972636058,3,one_factor_ou,in_sample
2025-08-15,-0.037351848086179716,0.6737796173008851,3,one_factor_ou,in_sample
2025-08-18,0.6439966050295663,0.6845280933819411,4,one_factor_ou,in_sample
2025-08-19,0.6442217415882759,0.6896533650796425,4,one_factor_ou,in_sample
2025-08-20,-0.5673143406915623,0.788592799978089,4,one_factor_ou,in_sample
2025-08-21,0.6772544369181516,0.7084051334674849,4,one_factor_ou,in_sample
2025-08-22,-0.5748251495412335,0.8480093618563341,4,one_factor_ou,in_sample
2025-08-25,1.286326388769329,1.2969970628639278,4,one_factor_ou,in_sample
2025-08-26,0.29879628961080595,0.35384932903914834,4,one_factor_ou,in_sample
2025-08-27,0.040205618013276156,0.3394775561261625,4,one_factor_ou,in_sample
2025-08-28,1.2172125010637849,1.2250246395295095,4,one_factor_ou,in_sample
2025-08-29,0.1657720014696455,0.3383001718321518,4,one_factor_ou,in_sample
2025-09-01,1.691678490471171,1.7629081931436348,4,one_factor_ou,in_sample
2025-09-02,-1.3425007580360242,1.504113735958134,4,one_factor_ou,in_sample
2025-09-03,0.5528014089339705,0.6163544671952623,4,one_factor_ou,in_sample
2025-09-04,-0.44169740418037085,0.8139034956438268,4,one_factor_ou,in_sample
2025-09-05,-0.42682081448393094,0.9009152264902438,4,one_factor_ou,in_sample
2025-09-08,2.407280925277602,2.510967174427886,4,one_factor_ou,in_sample
2025-09-09,0.09126382879009515,0.3401563471797395,4,one_factor_ou,in_sample
2025-09-10,1.1033827785514432,1.4847276182649183,4,one_factor_ou,in_sample
2025-09-11,-2.829052479499655,3.144166003341643,4,one_factor_ou,in_sample
2025-09-12,1.4235207585018232,1.4429793870096197,3,one_factor_ou,in_sample
2025-09-15,1.0597771908412208,1.1011309547612602,3,one_factor_ou,in_sample
2025-09-16,-0.18785556262588568,0.5511156200598479,3,one_factor_ou,in_sample
2025-09-17,-0.1573578494693234,0.5597105423451396,3,one_factor_ou,in_sample
2025-09-18,1.3007880926649362,1.3428069161684055,3,one_factor_ou,in_sample
2025-09-19,0.12919213175385424,0.448342679344629,3,one_factor_ou,in_sample
2025-09-22,0.1614980497426414,0.5403282083213049,4,one_factor_ou,in_sample
2025-09-23,0.7895837226671025,0.936929267264199,4,one_factor_ou,in_sample
2025-09-24,-1.0388429784912712,1.262753055013734,4,one_factor_ou,in_sample
2025-09-25,0.22016848079533477,0.560065534823761,4,one_factor_ou,in_sample
2025-09-26,-0.22914785154992381,0.7503871666428782,4,one_factor_ou,in_sample
2025-09-29,-0.7193094448019045,1.2336744274785914,4,one_factor_ou,in_sample
2025-09-30,0.6225238168299985,0.908749803217432,4,one_factor_ou,in_sample
2025-10-09,1.4940385658228024,1.5852259444936445,4,one_factor_ou,in_sample
2025-10-10,0.047331154092689696,0.6995559391069442,3,one_factor_ou,in_sample
2025-10-13,0.7523297254551068,0.9815505688850398,3,one_factor_ou,in_sample
2025-10-14,0.9153400455540295,1.047658050193743,3,one_factor_ou,in_sample
2025-10-15,-0.023274288765258166,0.6406829718550038,3,one_factor_ou,in_sample
2025-10-16,0.20830443491845088,0.7405766673872517,3,one_factor_ou,in_sample
2025-10-17,-0.09040782772675611,0.775255063128394,3,one_factor_ou,in_sample
2025-10-20,1.0220937340874783,1.2391957522268462,4,one_factor_ou,in_sample
2025-10-21,0.29140862525972855,0.9693249227139644,4,one_factor_ou,in_sample
2025-10-22,0.43930920923577454,0.9941844145731069,4,one_factor_ou,in_sample
2025-10-23,0.2764784804953958,1.011013597916895,4,one_factor_ou,in_sample
2025-10-24,0.4559371530699714,1.0876965986725118,4,one_factor_ou,in_sample
2025-10-27,1.6725638880111673,1.7242426308793781,4,one_factor_ou,in_sample
2025-10-28,0.11473019159581399,0.8869428955784898,4,one_factor_ou,in_sample
2025-10-29,0.06638771767080695,0.926517252735249,4,one_factor_ou,in_sample
2025-10-30,0.552157558198608,0.9706473002922321,4,one_factor_ou,out_of_sample
2025-10-31,1.0622673171384276,1.158679840934505,4,one_factor_ou,out_of_sample
2025-11-03,0.6160330432464778,0.8249004404049568,4,one_factor_ou,out_of_sample
2025-11-04,0.852667385267744,1.0012078350182554,4,one_factor_ou,out_of_sample
2025-11-05,0.7205335379337137,0.8980115341463111,4,one_factor_ou,out_of_sample
2025-11-06,0.33938086031979764,0.7350287658580803,4,one_factor_ou,out_of_sample
2025-11-07,0.15300578466402814,0.8363841731436886,4,one_factor_ou,out_of_sample
2025-11-10,0.9093014700068756,1.053906577152995,4,one_factor_ou,out_of_sample
2025-11-11,1.0185542970346486,1.1270638850207402,4,one_factor_ou,out_of_sample
2025-11-12,-0.6144303229712418,1.3399788914455126,4,one_factor_ou,out_of_sample
2025-11-13,0.6109664940539772,1.1363168282024607,4,one_factor_ou,out_of_sample
2025-11-14,1.5719601308324969,1.6553358960506923,3,one_factor_ou,out_of_sample
2025-11-17,0.8223251718835692,1.080482412130328,3,one_factor_ou,out_of_sample
2025-11-18,0.14913347558217938,1.0007667825345834,3,one_factor_ou,out_of_sample
2025-11-19,0.529956977238372,1.050322819944838,3,one_factor_ou,out_of_sample
2025-11-20,0.5037495374840547,1.0816453647939999,3,one_factor_ou,out_of_sample
2025-11-21,0.21457998375050036,1.1879368105312331,3,one_factor_ou,out_of_sample
2025-11-24,0.7595079955797956,1.076899730238468,4,one_factor_ou,out_of_sample
2025-11-25,1.064464881329713,1.2446601125913388,4,one_factor_ou,out_of_sample
2025-11-26,0.5231852828160309,0.9394916836590006,4,one_factor_ou,out_of_sample
2025-11-27,0.8567942247802462,1.093216086343454,4,one_factor_ou,out_of_sample
2025-11-28,0.554621841957885,0.9833395068950099,4,one_factor_ou,out_of_sample
2025-12-01,1.2320713945457955,1.3378537401806243,4,one_factor_ou,out_of_sample
2025-12-02,0.03133689142476315,0.8292416953851676,4,one_factor_ou,out_of_sample
2025-12-03,-0.01432110108340956,0.9388983672343342,4,one_factor_ou,out_of_sample
2025-12-04,0.1055253892483069,1.059345040573084,4,one_factor_ou,out_of_sample
2025-12-05,0.3258955029346523,1.2144025832112637,4,one_factor_ou,out_of_sample
2025-12-08,1.4367357766626503,1.575532757129936,4,one_factor_ou,out_of_sample
2025-12-09,0.46802853804808864,1.030371797196283,4,one_factor_ou,out_of_sample
2025-12-10,1.0268543875784018,1.2690399026781256,4,one_factor_ou,out_of_sample
2025-12-11,-0.423134379909928,1.6260212691174567,4,one_factor_ou,out_of_sample
2025-12-12,1.5078213908590525,1.6810881247144809,3,one_factor_ou,out_of_sample
2025-12-15,0.6018451030730241,1.1299450545114025,3,one_factor_ou,out_of_sample
2025-12-16,0.5074963512301491,1.1279044134156664,3,one_factor_ou,out_of_sample
2025-12-17,0.5345412830284536,1.094903960984373,3,one_factor_ou,out_of_sample
2025-12-18,0.5927695957647593,1.0729265294231392,3,one_factor_ou,out_of_sample
2025-12-19,0.22898000369200391,1.0120001219152788,3,one_factor_ou,out_of_sample
2025-12-22,0.8459935765485926,1.0728896630918363,4,one_factor_ou,out_of_sample
2025-12-23,0.32617660947470906,0.8404810807298303,4,one_factor_ou,out_of_sample
2025-12-24,0.1702215471808997,0.7780307116653583,4,one_factor_ou,out_of_sample
2025-12-25,0.09669930102444221,0.7494711041631319,4,one_factor_ou,out_of_sample
2025-12-26,-0.24931157825979167,0.987777587573051,4,one_factor_ou,out_of_sample
2025-12-29,0.8874816416362634,1.129269578617824,4,one_factor_ou,out_of_sample
2025-12-30,0.0293536191954184,1.039490686760896,4,one_factor_ou,out_of_sample
2025-12-31,1.0037458947212996,1.3208202980393882,4,one_factor_ou,out_of_sample
2026-01-05,-0.32557070444988484,1.1756155123150593,4,one_factor_ou,out_of_sample
2026-01-06,0.24632060678659246,1.0739198823340055,4,one_factor_ou,out_of_sample
2026-01-07,1.8899909812626763,1.9012067548646727,4,one_factor_ou,out_of_sample
2026-01-08,0.34917269599571044,0.6407346660204711,4,one_factor_ou,out_of_sample
2026-01-09,-0.7632608945670126,1.0784426014577573,3,one_factor_ou,out_of_sample
2026-01-12,-0.5775058542062624,0.8606279308464897,3,one_factor_ou,out_of_sample
2026-01-13,0.10132547977967399,0.5246970193077918,3,one_factor_ou,out_of_sample
2026-01-14,1.1799720197754553,1.2060616041853287,3,one_factor_ou,out_of_sample
2026-01-15,-0.6745228669494114,0.9085907933152801,3,one_factor_ou,out_of_sample
2026-01-16,0.3376599659054873,0.6065934697173582,3,one_factor_ou,out_of_sample
2026-01-19,0.8045250249563433,0.8213822926099972,4,one_factor_ou,out_of_sample
2026-01-20,-0.011163098597063076,0.3892971218664063,4,one_factor_ou,out_of_sample
2026-01-21,-0.557575425516069,0.8534509340202023,4,one_factor_ou,out_of_sample
2026-01-22,0.19671662015775196,0.4530113234596799,4,one_factor_ou,out_of_sample
2026-01-23,-1.0975768277107463,1.360078772705294,4,one_factor_ou,out_of_sample
2026-01-26,2.442974971039766,2.5128366842825196,4,one_factor_ou,out_of_sample
2026-01-27,-0.7675894812329247,0.8636669455887896,4,one_factor_ou,out_of_sample
2026-01-28,-0.050668680588782766,0.2926830134983407,4,one_factor_ou,out_of_sample
2026-01-29,-0.28505332756830315,0.4690719557725097,4,one_factor_ou,out_of_sample
2026-01-30,-0.1913348183404938,0.46976667142421413,4,one_factor_ou,out_of_sample
2026-02-02,3.204193939639562,3.391037692602458,4,one_factor_ou,out_of_sample
2026-02-03,-2.0238258311159685,2.1857668423816343,4,one_factor_ou,out_of_sample
2026-02-04,-0.5419045808251906,1.0396933753245485,4,one_factor_ou,out_of_sample
2026-02-05,0.9275431303328519,1.0747080924260375,4,one_factor_ou,out_of_sample
2026-02-06,1.733166921639381,1.8019723160268064,4,one_factor_ou,out_of_sample
2026-02-09,-1.0269765375203768,1.28375069354159,3,one_factor_ou,out_of_sample
2026-02-10,0.4393539075061337,0.5376090490688071,3,one_factor_ou,out_of_sample
2026-02-11,-0.20951101162761762,0.5185349361808635,3,one_factor_ou,out_of_sample
2026-02-12,-0.16521860328352214,0.6542623574870635,3,one_factor_ou,out_of_sample
2026-02-13,1.0990540100786768,1.1201299078400833,3,one_factor_ou,out_of_sample
2026-02-24,0.6314252522367373,0.6552442465983315,3,one_factor_ou,out_of_sample
2026-02-25,-0.018664168874548345,0.32795313200595444,4,one_factor_ou,out_of_sample
2026-02-26,0.943389029055431,0.952831122783267,4,one_factor_ou,out_of_sample
2026-02-27,0.03578110083651431,0.5369122942785058,4,one_factor_ou,out_of_sample
2026-03-02,0.8247274278391594,0.8619070677820274,4,one_factor_ou,out_of_sample
2026-03-03,-0.6657687745866285,0.9503786997988362,4,one_factor_ou,out_of_sample
2026-03-04,0.8068254590890975,0.8627728629695022,4,one_factor_ou,out_of_sample
2026-03-05,0.7873726715920758,0.8279571785268398,4,one_factor_ou,out_of_sample
2026-03-06,0.27381258382213636,0.5173397531099854,4,one_factor_ou,out_of_sample
2026-03-09,-0.17715324679358332,0.861124416223684,4,one_factor_ou,out_of_sample
2026-03-10,1.0501012230326894,1.078868789016744,4,one_factor_ou,out_of_sample
2026-03-11,1.043993876602839,1.1183005713738852,4,one_factor_ou,out_of_sample
2026-03-12,0.6968762536855376,1.0533907474422415,4,one_factor_ou,out_of_sample
2026-03-13,-0.8233971464487895,1.0742896416125394,3,one_factor_ou,out_of_sample
2026-03-16,0.134298461470969,0.5472993213202594,3,one_factor_ou,out_of_sample
2026-03-17,0.16599840456410664,0.7409113300864868,3,one_factor_ou,out_of_sample
2026-03-18,0.6058650688625448,0.861317298380189,3,one_factor_ou,out_of_sample
2026-03-19,0.12684786223145372,0.9964588702455779,3,one_factor_ou,out_of_sample
2026-03-20,0.6822214655807598,0.9522882133780523,3,one_factor_ou,out_of_sample
2026-03-23,0.4758206057523775,0.9415700682498093,4,one_factor_ou,out_of_sample
2026-03-24,0.5461093373763806,0.8340060455110072,4,one_factor_ou,out_of_sample
2026-03-25,1.6829934825024904,1.6995506116688974,4,one_factor_ou,out_of_sample
2026-03-26,0.23248130404598283,0.5926735978775568,4,one_factor_ou,out_of_sample
2026-03-27,-0.5886990947404185,1.0275323272992234,4,one_factor_ou,out_of_sample
2026-03-30,1.1943342299768696,1.2577689946109003,4,one_factor_ou,out_of_sample
2026-03-31,-0.027953076817884448,0.8339590375934064,4,one_factor_ou,out_of_sample
2026-04-01,0.6679379864924413,0.846583621513501,4,one_factor_ou,out_of_sample
2026-04-02,0.5465506943639074,0.8567711593235743,4,one_factor_ou,out_of_sample
2026-04-03,-0.05996430683408338,0.9753359007955806,4,one_factor_ou,out_of_sample
2026-04-07,0.8967828140697085,1.0365420889766723,4,one_factor_ou,out_of_sample
2026-04-08,-0.9807625395462212,1.471615873524002,4,one_factor_ou,out_of_sample
2026-04-09,1.2747432152676446,1.415080276064582,4,one_factor_ou,out_of_sample
2026-04-10,0.9260604569075039,1.028769302941798,3,one_factor_ou,out_of_sample
2026-04-13,0.8577935290725206,0.9344389898963387,3,one_factor_ou,out_of_sample
2026-04-14,0.4220863415879608,0.6003697736873891,3,one_factor_ou,out_of_sample
2026-04-15,-0.13816789778621402,0.5289956346873959,3,one_factor_ou,out_of_sample
2026-04-16,-0.23709130675309378,0.756358580515181,3,one_factor_ou,out_of_sample
2026-04-17,0.25583322481762855,0.682320498481381,3,one_factor_ou,out_of_sample
2026-04-20,1.0639374537457758,1.1029519342789988,4,one_factor_ou,out_of_sample
2026-04-21,0.2917315495057684,0.5652045763785646,4,one_factor_ou,out_of_sample
2026-04-22,-0.10207689225955596,0.8103270812707577,4,one_factor_ou,out_of_sample
2026-04-23,0.2498851952266839,0.8001779278324905,4,one_factor_ou,out_of_sample
2026-04-24,0.5890725126124511,0.7824992240204639,4,one_factor_ou,out_of_sample
2026-04-27,0.5473074294183576,0.7354650607654731,4,one_factor_ou,out_of_sample
2026-04-28,0.1309442494252069,0.661461653223377,4,one_factor_ou,out_of_sample
2026-04-29,-0.039141708666384306,0.7412824772255266,4,one_factor_ou,out_of_sample
2026-04-30,0.5660323424213678,0.7964907529197309,4,one_factor_ou,out_of_sample
2026-05-06,0.913585004692811,0.9200882689882109,4,one_factor_ou,out_of_sample
2026-05-07,-0.475212428509452,0.8180959156263908,4,one_factor_ou,out_of_sample
2026-05-08,0.7967511130857391,0.8051803615963993,3,one_factor_ou,out_of_sample
2026-05-11,1.0309115706288867,1.0324800041024966,3,one_factor_ou,out_of_sample
2026-05-12,0.07474300778300282,0.2987415081338299,3,one_factor_ou,out_of_sample
2026-05-13,-0.360970151563214,0.5620459238452417,3,one_factor_ou,out_of_sample
2026-05-14,0.2672532425796623,0.36867601051444443,3,one_factor_ou,out_of_sample
2026-05-15,0.4770798114940839,0.5048468103259774,3,one_factor_ou,out_of_sample
2026-05-18,0.09216654937001384,0.325636991241854,4,one_factor_ou,out_of_sample
2026-05-19,0.3655891349500032,0.45709111399620206,4,one_factor_ou,out_of_sample
2026-05-20,0.5760782336397305,0.6170842709031502,4,one_factor_ou,out_of_sample
2026-05-21,-0.28088122995101983,0.5218799209571513,4,one_factor_ou,out_of_sample
2026-05-22,0.8298098890062808,0.8471121963876928,4,one_factor_ou,out_of_sample
2026-05-25,1.0061980962317971,1.030837009529317,4,one_factor_ou,out_of_sample
2026-05-26,-0.5130703690773789,0.7048902026257735,4,one_factor_ou,out_of_sample
2026-05-27,0.5812940593608087,0.6314357294462482,4,one_factor_ou,out_of_sample
2026-05-28,0.49245045391671594,0.5626099975024847,4,one_factor_ou,out_of_sample
2026-05-29,-0.6768608382975665,0.92733385806181,4,one_factor_ou,out_of_sample
2026-06-01,-0.32556603637387926,0.7281392335701495,4,one_factor_ou,out_of_sample
2026-06-02,0.7981369807661192,0.830875338737444,4,one_factor_ou,out_of_sample
2026-06-03,0.5809019458390003,0.6638845488562314,4,one_factor_ou,out_of_sample
2026-06-04,0.4061719586238025,0.5299169338666461,4,one_factor_ou,out_of_sample
2026-06-05,0.05138458939626539,0.5136668665025051,4,one_factor_ou,out_of_sample
2026-06-08,-0.7713608219257402,1.3645474045178734,4,one_factor_ou,out_of_sample
2026-06-09,2.97526298739488,3.1301402560816105,4,one_factor_ou,out_of_sample
2026-06-10,-1.1020997331807403,1.3583790271908636,4,one_factor_ou,out_of_sample
2026-06-11,0.21241514141666024,0.5354828700644158,4,one_factor_ou,out_of_sample
2026-06-12,-0.12380734695243605,0.7193383405441859,3,one_factor_ou,out_of_sample
2026-06-15,0.8981916014632843,0.9486489062120163,3,one_factor_ou,out_of_sample
2026-06-16,0.6251465516379253,0.7413313311808617,3,one_factor_ou,out_of_sample
2026-06-17,-0.17617246787616925,0.6483639948945824,3,one_factor_ou,out_of_sample
2026-06-18,0.315198593314916,0.5808625182057873,3,one_factor_ou,out_of_sample
2026-06-22,1.7517890465883237,1.775366109983042,3,one_factor_ou,out_of_sample
2026-06-23,-1.0444544198237191,1.3724233252849565,4,one_factor_ou,out_of_sample
2026-06-24,1.2219337349416253,1.2689302375904887,4,one_factor_ou,out_of_sample
2026-06-25,-0.0359517069058215,0.5832073086319167,4,one_factor_ou,out_of_sample
2026-06-26,-0.08317757782799734,0.8191985935193685,4,one_factor_ou,out_of_sample
2026-06-29,0.7927722730652269,0.9501662171836254,4,one_factor_ou,out_of_sample
2026-06-30,0.8191815224928785,0.9533962546007462,4,one_factor_ou,out_of_sample
2026-07-01,1.531574979331285,1.7217524618325324,4,one_factor_ou,out_of_sample
2026-07-02,-2.0009848781940294,2.2691336775716424,4,one_factor_ou,out_of_sample
2026-07-03,0.21552924690455194,0.6706382241058216,4,one_factor_ou,out_of_sample
2026-07-06,-0.616949114994764,1.3052680354703767,4,one_factor_ou,out_of_sample
2026-07-07,0.2508504434345666,1.123116901418612,4,one_factor_ou,out_of_sample
2026-07-08,-0.1642668374683685,1.412823961829153,4,one_factor_ou,out_of_sample
2026-07-09,1.7083795741508754,1.7487761729506037,4,one_factor_ou,out_of_sample
2026-07-10,0.9038752927633388,1.0524686874504454,3,one_factor_ou,out_of_sample
2026-07-13,-0.7296947552424284,1.1297564934478592,3,one_factor_ou,out_of_sample
2026-07-14,0.8083892222397772,0.9560056046244508,3,one_factor_ou,out_of_sample
2026-07-15,-0.30092659413751605,0.8067915512382707,3,one_factor_ou,out_of_sample
2026-07-16,0.01634152457435145,0.5915197004174791,3,one_factor_ou,out_of_sample
2026-07-17,0.8168552430073664,0.9520145952586178,3,one_factor_ou,out_of_sample
2026-07-20,0.8736176300058276,1.0385845282212878,4,one_factor_ou,out_of_sample
2026-07-21,0.053760743296912106,0.7032436518359045,4,one_factor_ou,out_of_sample
2026-07-22,1.1400460693090018,1.212147449831817,4,one_factor_ou,out_of_sample
2026-07-23,0.3993098983892974,0.7312587496618786,4,one_factor_ou,out_of_sample
2026-07-24,0.4079346757350723,0.7892025084365991,4,one_factor_ou,out_of_sample
2026-07-27,-0.27222942509032044,0.9883702774158472,4,one_factor_ou,out_of_sample
2026-07-28,0.5550583358470953,0.8791428566228618,4,one_factor_ou,out_of_sample
2026-07-29,-0.28350703165200386,0.790992914163529,4,one_factor_ou,out_of_sample
2026-07-30,0.5521948649405051,0.690388949507747,4,one_factor_ou,out_of_sample
2026-07-31,0.9588298389738458,0.9885177414874095,4,one_factor_ou,out_of_sample
2026-08-03,-0.23749641613344902,0.6740168399234018,4,one_factor_ou,out_of_sample
2026-08-04,0.5866384958955678,0.6628402003489774,4,one_factor_ou,out_of_sample
2026-08-05,0.07416220756716943,0.501950055479325,4,one_factor_ou,out_of_sample
2026-08-06,0.826168232961698,0.930892423279944,4,one_factor_ou,out_of_sample
2026-08-07,0.6629516296310909,0.8192128232426575,4,one_factor_ou,out_of_sample
2026-08-10,1.491756355715201,1.498799401938709,4,one_factor_ou,out_of_sample
2026-08-11,-0.7154867906615856,1.2559646566039717,4,one_factor_ou,out_of_sample
2026-08-12,1.4730669134023735,1.4807387340927824,4,one_factor_ou,out_of_sample
2026-08-13,-0.7089626353832253,1.3585351548790787,4,one_factor_ou,out_of_sample
2026-08-14,1.8059972999276281,1.806807233597186,3,one_factor_ou,out_of_sample
2026-08-17,0.19394462261419565,0.6000974759079066,3,one_factor_ou,out_of_sample
2026-08-18,1.2968444548756946,1.2995053018934248,3,one_factor_ou,out_of_sample
2026-08-19,-1.1133783480959778,1.4949900270779006,3,one_factor_ou,out_of_sample
2026-08-20,0.7400733037663331,0.8378490396461378,3,one_factor_ou,out_of_sample
2026-08-21,0.6559812259498632,0.8233276571050355,3,one_factor_ou,out_of_sample
