date,contract,expiry,sessions_to_expiry,tau,spot,futures_price,implied_carry,predicted_carry,fitted_carry,carry_prediction_error,carry_residual,predicted_futures_price,fitted_futures_price,futures_prediction_error,futures_residual,standardized_marginal_prediction_error
2022-07-22,IM2208,2022-08-19,20.0,0.08196721311475409,7034.598,6956.6,0.15002630138819212,0.08261737612606601,0.14969754020837578,0.06740892526212611,0.00032876117981633923,6995.143838731775,6956.787466462232,-38.543838731774485,-0.187466462231896,0.7125485470073002
2022-07-22,IM2209,2022-09-16,39.0,0.1598360655737705,7034.598,6901.2,0.1337804543185919,0.08261737612606601,0.1344256015461147,0.051163078192525885,-0.000645147227522791,6957.867367288934,6900.488400166095,-56.66736728893375,0.7115998339049838,0.8111862382674419
2022-07-22,IM2212,2022-12-16,99.0,0.4057377049180328,7034.598,6737.0,0.12053637454449517,0.08261737612606601,0.12041624537963018,0.03791899841842916,0.00012012916486499325,6841.45131285659,6737.328375659103,-104.45131285659045,-0.32837565910267585,0.8680349157148888
2022-07-22,IM2303,2023-03-17,158.0,0.6475409836065574,7034.598,6588.0,0.11529201922600309,0.08261737612606601,0.11421503835642459,0.032674643099937076,0.0010769808695784977,6728.87510177537,6592.596002804827,-140.87510177537024,-4.5960028048266395,0.8850703018617287
2022-07-25,IM2208,2022-08-19,19.0,0.0778688524590164,6948.909,6878.6,0.1445981229888313,0.1459798850584474,0.14452016513915586,-0.0013817620696160993,7.795784967543073e-05,6877.859928409968,6878.641756587524,0.7400715900321302,-0.041756587523195776,-0.028936929420230857
2022-07-25,IM2209,2022-09-16,38.0,0.1557377049180328,6948.909,6823.0,0.1314115864451097,0.1321648808484594,0.13098060581138563,-0.0007532944033497024,0.0004309806337240707,6822.199597552972,6823.457974684314,0.8004024470283184,-0.45797468431374,-0.029466030566690508
2022-07-25,IM2212,2022-12-16,98.0,0.4016393442622951,6948.909,6670.0,0.11599401401957343,0.11939668678088136,0.11848819982699337,-0.003402672761307929,-0.0024941858074199325,6660.89068882391,6663.321585428405,9.10931117609016,6.678414571594658,-0.2720506345943547
2022-07-25,IM2303,2023-03-17,157.0,0.6434426229508197,6948.909,6515.0,0.11420700519423466,0.11353912784877751,0.1127683528749909,0.0006678773454571463,0.001438652319243755,6517.800362664452,6521.033664016118,-2.800362664452223,-6.033664016117655,0.06765523780500385
2022-07-26,IM2208,2022-08-19,18.0,0.07377049180327869,7027.419,6991.0,0.08443317630106531,0.14136046880432507,0.0848093776272438,-0.05692729250325976,-0.00037620132617849356,6961.7024767633275,6990.8059845672915,29.297523236672532,0.19401543270851107,-1.1386984081948606
2022-07-26,IM2209,2022-09-16,37.0,0.15163934426229508,7027.419,6937.0,0.09940061449540678,0.1290775222072039,0.100205084312883,-0.02967690771179711,-0.0008044698174762138,6905.852341700714,6936.153812009135,31.147658299286377,0.8461879908645642,-1.135339032952533
2022-07-26,IM2212,2022-12-16,97.0,0.3975409836065574,7027.419,6777.2,0.10519930215525243,0.1176334936482396,0.10628927681620783,-0.012434191492987176,-0.001089974660955395,6743.782279448213,6774.2640103290505,33.41772055178717,2.9359896709493114,-1.0074900342285833
2022-07-26,IM2303,2023-03-17,156.0,0.639344262295082,7027.419,6624.0,0.10646986950295019,0.11220023527056065,0.10500278983905488,-0.0057303657676104625,0.0014670796638953099,6599.776208197187,6630.216021188834,24.22379180281314,-6.21602118883402,-0.5967359782189977
2022-07-27,IM2208,2022-08-19,17.0,0.06967213114754098,7099.434,7066.2,0.08134700645772011,0.08899718251652391,0.0802124985011484,-0.007650176058803804,0.0011345079565717175,7062.434690194759,7066.758559870433,3.7653098052405767,-0.5585598704328731,-0.14587966263399754
2022-07-27,IM2209,2022-09-16,36.0,0.14754098360655737,7099.434,7015.0,0.09509169881378786,0.10261031736297749,0.09687291562572359,-0.007518618549189629,-0.0017812168119357291,7007.222544381914,7013.156682824419,7.777455618085696,1.8433171755814328,-0.2807133587954704
2022-07-27,IM2212,2022-12-16,96.0,0.39344262295081966,7099.434,6856.6,0.10245856670700011,0.10725461621523621,0.10367878300668054,-0.004796049508236103,-0.0012202162996804294,6843.673998778135,6853.309038526957,12.92600122186559,3.290961473043353,-0.38755508633036534
2022-07-27,IM2303,2023-03-17,155.0,0.6352459016393442,7099.434,6715.0,0.10163729516533461,0.1055923775508586,0.10273748755095076,-0.003955082385523986,-0.00110019238561615,6698.150075241637,6710.308575085074,16.84992475836316,4.691424914925847,-0.41321366288613703
2022-07-28,IM2208,2022-08-19,16.0,0.06557377049180328,7150.198,7119.0,0.08068493325382547,0.08453286603540455,0.07792996619361263,-0.0038479327815790776,0.0027549670602128457,7117.203935884607,7120.286188993605,1.7960641153931647,-1.28618899360481,-0.06981703448616927
2022-07-28,IM2209,2022-09-16,35.0,0.14344262295081966,7150.198,7074.0,0.08869159184692438,0.09932395270208572,0.09310831499844331,-0.010632360855161338,-0.004416723151518934,7063.219426996888,7069.5197124786855,10.780573003112295,4.480287521314494,-0.38701682749452526
2022-07-28,IM2212,2022-12-16,95.0,0.38934426229508196,7150.198,6923.0,0.0969364910733481,0.10465343737566614,0.09931431606166687,-0.007716946302318034,-0.0023778249883187608,6902.230725671193,6916.593704319984,20.769274328807114,6.406295680016228,-0.620011774372903
2022-07-28,IM2303,2023-03-17,154.0,0.6311475409836066,7150.198,6787.6,0.09645715483980874,0.10333262306782025,0.09867253151232115,-0.006875468228011508,-0.002215376672512412,6758.209467180574,6778.116009122901,29.39053281942597,9.483990877099131,-0.7173798584099462
2022-07-29,IM2208,2022-08-19,15.0,0.06147540983606557,7117.434,7087.0,0.08370506404931596,0.08169633425880135,0.08099511082446448,0.002008729790514613,0.0027099532248514857,7087.875209858854,7088.180760555105,-0.8752098588538502,-1.1807605551048255,0.034610817388359
2022-07-29,IM2209,2022-09-16,34.0,0.13934426229508196,7117.434,7044.8,0.08761272735525831,0.09521636999205099,0.09348938115643338,-0.007603642636792682,-0.005876653801175066,7037.339818326673,7039.033529685326,7.460181673327497,5.766470314673825,-0.26959979447802224
2022-07-29,IM2212,2022-12-16,94.0,0.38524590163934425,7117.434,6891.8,0.09762183213146755,0.1001428253259848,0.09812818766289803,-0.0025209931945172487,-0.000506355531430483,6885.109917252438,6890.455738089744,6.6900827475619735,1.3442619102561366,-0.2012316206567044
2022-07-29,IM2303,2023-03-17,153.0,0.6270491803278688,7117.434,6749.0,0.09876675054281711,0.09917735560576259,0.09731885382204743,-0.0004106050629454766,0.0014478967207696841,6747.2625615628585,6755.130216046267,1.7374384371414635,-6.130216046267378,-0.042740635518287974
2022-08-01,IM2208,2022-08-19,14.0,0.05737704918032787,7180.454,7136.6,0.12076986505582013,0.0839964750805392,0.11987349447916595,0.03677338997528093,0.0008963705766541763,7151.6737560484935,7136.96705261758,-15.073756048493124,-0.36705261757924745,0.6004718851490186
2022-08-01,IM2209,2022-09-16,33.0,0.13524590163934427,7180.454,7087.4,0.11044693476029026,0.09514130145694898,0.1128028576963632,0.015305633303341282,-0.002355922936072938,7102.086284584755,7085.142109114242,-14.686284584755413,2.2578908857576607,0.5281664861205084
2022-08-01,IM2212,2022-12-16,93.0,0.38114754098360654,7180.454,6930.0,0.10714712870891006,0.09876423257067739,0.10621100306776464,0.008382896138232676,0.0009361256411454244,6952.177594501834,6932.47307893769,-22.177594501834392,-2.473078937689934,0.6646206420899622
2022-08-01,IM2303,2023-03-17,152.0,0.6229508196721312,7180.454,6778.6,0.10645034998805881,0.09770268831272261,0.10277728301627206,0.008747661675336207,0.003673066971786751,6815.639882327843,6794.128144862021,-37.03988232784286,-15.528144862020781,0.9081632344615942
2022-08-02,IM2208,2022-08-19,13.0,0.05327868852459016,6957.982,6948.2,0.04040561523891662,0.11853757431083738,0.03947949551214201,-0.07813195907192075,0.0009261197267746088,6919.336371200322,6948.5428496310415,28.863628799677826,-0.3428496310416449,-1.2065199074044282
2022-08-02,IM2209,2022-09-16,32.0,0.13114754098360656,6957.982,6905.0,0.0722832347259264,0.11203918272851711,0.07521075523351634,-0.039755948002590705,-0.0029275205075899313,6869.091748537181,6902.349423075739,35.90825146281895,2.6505769242612587,-1.333993652165389
2022-08-02,IM2212,2022-12-16,92.0,0.3770491803278688,6957.982,6767.0,0.08781432974298246,0.10587372639820297,0.09159099302439004,-0.018059396655220508,-0.0037766632814075773,6721.078122375202,6757.370732200792,45.92187762479807,9.62926779920781,-1.4219129167693694
2022-08-02,IM2303,2023-03-17,151.0,0.6188524590163934,6957.982,6612.0,0.09641594434062398,0.10254905007818488,0.09321076564045146,-0.006133105737560901,0.00320517870017252,6586.951801339434,6625.128134083362,25.048198660566413,-13.128134083362056,-0.6349975786479354
2022-08-03,IM2208,2022-08-19,12.0,0.04918032786885246,6916.67,6882.8,0.11381417879964391,0.047102767822090545,0.11067146188721681,0.06671141097755337,0.003142716912427096,6905.418787830267,6883.86388673783,-22.618787830267138,-1.0638867378302166,0.9720685087698565
2022-08-03,IM2209,2022-09-16,31.0,0.12704918032786885,6916.67,6841.8,0.0996643466638267,0.07931432063483107,0.10723539820800647,0.020350026028995633,-0.007571051544179766,6859.512047019683,6835.222064831496,-17.71204701968327,6.577935168504155,0.6633480150937333
2022-08-03,IM2212,2022-12-16,91.0,0.3729508196721312,6916.67,6688.8,0.10382405270467499,0.09316891352144092,0.10298169795214264,0.01065513918323406,0.0008423547525323455,6715.433123212507,6690.901662750667,-26.63312321250669,-2.1016627506669465,0.8330365630957732
2022-08-03,IM2303,2023-03-17,150.0,0.6147540983606558,6916.67,6536.8,0.10588501711247286,0.09417883589276942,0.10024988750852833,0.011706181219703446,0.005635129603944536,6584.011249396175,6559.4841756729,-47.211249396174935,-22.684175672899983,1.2086721446038386
2022-08-04,IM2208,2022-08-19,11.0,0.045081967213114756,6960.312,6890.8,0.23664140094605227,0.11014303502178542,0.23338419082112946,0.12649836592426683,0.0032572101249228047,6930.209085227588,6891.811929289911,-39.40908522758764,-1.0119292899107677,1.735336314770963
2022-08-04,IM2209,2022-09-16,30.0,0.12295081967213115,6960.312,6843.0,0.15225096085391307,0.10692710623470796,0.15952962809709254,0.045323854619205114,-0.007278667243179465,6881.239785188587,6836.878814804839,-38.23978518858712,6.121185195161161,1.4338420824966238
2022-08-04,IM2212,2022-12-16,90.0,0.36885245901639346,6960.312,6687.6,0.12236103859261135,0.10283167062486685,0.12096816284214931,0.0195293679677445,0.0013928757504620415,6735.947754703913,6691.036741896295,-48.34775470391287,-3.436741896294734,1.515914437860267
2022-08-04,IM2303,2023-03-17,149.0,0.610655737704918,6960.312,6537.6,0.11660146825463695,0.10014093267699523,0.11132760914842367,0.016460535577641724,0.00527385910621328,6603.645507319457,6558.688360799286,-66.04550731945619,-21.08836079928551,1.6948228859774956
2022-08-05,IM2208,2022-08-19,10.0,0.040983606557377046,7090.003,7080.0,0.0484492856555272,0.21930094322117494,0.05137327231800511,-0.17085165756564774,-0.0029239866624779162,7030.598171378328,7079.151615360128,49.401828621672394,0.8483846398721653,-2.201399351829284
2022-08-05,IM2209,2022-09-16,29.0,0.11885245901639344,7090.003,7026.6,0.08957955851690579,0.15212662676179656,0.08547574732559088,-0.06254706824489077,0.004103811191314907,6974.5588223349405,7030.028046401671,52.04117766505988,-3.428046401671054,-1.9183680742123093
2022-08-05,IM2212,2022-12-16,89.0,0.36475409836065575,7090.003,6872.8,0.0993017730938364,0.11812267403340183,0.09830773584824325,-0.018820900939565427,0.00099403724559316,6825.779804331981,6875.292385861996,47.02019566801937,-2.492385861995899,-1.45028723263234
2022-08-05,IM2303,2023-03-17,148.0,0.6065573770491803,7090.003,6730.8,0.09971613885547899,0.10955133173171926,0.09851874194703732,-0.009835192876240267,0.0011973969084416725,6690.766212018038,6735.6902879163235,40.03378798196263,-4.890287916323359,-1.0098015503592626
2022-08-08,IM2208,2022-08-19,9.0,0.036885245901639344,7176.105,7132.2,0.18038128264994963,0.057861027416530014,0.17771854997701975,0.12252025523341961,0.0026627326729298795,7164.504705646524,7132.900527342286,-32.30470564652387,-0.7005273422864775,1.4791650021244196
2022-08-08,IM2209,2022-09-16,28.0,0.11475409836065574,7176.105,7081.2,0.1300165264480736,0.08877904271467338,0.13572492735424377,0.04123748373340022,-0.005708400906170169,7114.788855487675,7076.562891103371,-33.58885548767557,4.637108896628888,1.2248932661594762
2022-08-08,IM2212,2022-12-16,88.0,0.36065573770491804,7176.105,6922.0,0.11396239564283517,0.09950460243252693,0.11396335107127425,0.01445779321030824,-9.554284390866918e-07,6958.187552350953,6921.99761481247,-36.18755235095341,0.0023851875303080305,1.105826369689983
2022-08-08,IM2303,2023-03-17,147.0,0.6024590163934426,7176.105,6770.0,0.11069648598012186,0.09923666892333498,0.10764283607007422,0.011459817056786878,0.00305364991004764,6816.902276657785,6782.466225231208,-46.90227665778457,-12.466225231208227,1.173245451124862
2022-08-09,IM2208,2022-08-19,8.0,0.03278688524590164,7207.396,7160.6,0.2126753123802356,0.1704162267906722,0.21055086979827017,0.0422590855895634,0.0021244425819654245,7170.528201251903,7161.098780765962,-9.928201251902465,-0.4987807659617829,0.4768449108391622
2022-08-09,IM2209,2022-09-16,27.0,0.11065573770491803,7207.396,7106.6,0.14127574350977362,0.1320059566833713,0.14772915714578563,0.00926978682640231,-0.006453413636012012,7113.893371157961,7101.5269370123615,-7.293371157960792,5.0730629876388775,0.26635727613381677
2022-08-09,IM2212,2022-12-16,87.0,0.35655737704918034,7207.396,6940.4,0.11986882700206727,0.11255905469890039,0.11776934071686553,0.0073097723031668865,0.0020994862852017487,6958.512727851673,6945.597440582917,-18.1127278516733,-5.197440582917807,0.5548847616398359
2022-08-09,IM2303,2023-03-17,146.0,0.5983606557377049,7207.396,6789.0,0.11394652074720557,0.1067627381289939,0.10999541929359248,0.007183782618211676,0.00395110145361309,6818.245278429511,6805.069430903266,-29.245278429511018,-16.06943090326604,0.7333427812970412
2022-08-10,IM2208,2022-08-19,7.0,0.028688524590163935,7212.075,7168.4,0.22573019599713995,0.20000322247340543,0.2227931557167388,0.025726973523734514,0.0029370402804011486,7173.692726150891,7169.004030188314,-5.2927261508912125,-0.6040301883140273,0.27063655496852945
2022-08-10,IM2209,2022-09-16,26.0,0.10655737704918032,7212.075,7115.0,0.14117536274725023,0.14247318622553418,0.15008044171594775,-0.0012978234782839437,-0.008905078968697522,7114.016115716969,7108.251765497644,0.9838842830313297,6.748234502356354,-0.03603152526189093
2022-08-10,IM2212,2022-12-16,86.0,0.3524590163934426,7212.075,6950.8,0.11869286367833398,0.11583195629412762,0.11738045106643748,0.002860907384206357,0.0013124126118965046,6957.812392158135,6954.01598683729,-7.012392158134389,-3.2159868372900746,0.21550525481224955
2022-08-10,IM2303,2023-03-17,145.0,0.5942622950819673,7212.075,6796.0,0.11399372550391904,0.10879273666063571,0.10937690913511323,0.005200988843283322,0.004616816368805801,6817.037241343702,6814.671106171717,-21.03724134370168,-18.67110617171693,0.5293784908542658
2022-08-11,IM2208,2022-08-19,6.0,0.02459016393442623,7294.486,7284.8,0.06803521013122743,0.21106422261956279,0.0705441296654439,-0.14302901248833536,-0.002508919534216475,7259.223583773372,7284.350580002351,25.57641622662777,0.4494199976488744,-1.3990413416955276
2022-08-11,IM2209,2022-09-16,25.0,0.10245901639344263,7294.486,7228.8,0.10228576830618973,0.14435698921259385,0.0969456927795789,-0.042071220906404125,0.005340075526610824,7197.706771849002,7232.756239786181,31.093228150998584,-3.9562397861809586,-1.1271520543210063
2022-08-11,IM2212,2022-12-16,85.0,0.3483606557377049,7294.486,7069.2,0.10405437446372985,0.11531237691075093,0.10380786606171216,-0.011258002447021076,0.0002465084020176894,7041.529986733779,7069.807085334937,27.67001326622085,-0.6070853349374374,-0.841414412089946
2022-08-11,IM2303,2023-03-17,144.0,0.5901639344262295,7294.486,6918.2,0.1037430307030214,0.10810059076591404,0.10242665638652518,-0.004357560062892632,0.0013163743164962272,6900.431496658158,6923.576676247666,17.768503341842006,-5.3766762476661825,-0.44221493563095204
2022-08-12,IM2209,2022-09-16,24.0,0.09836065573770492,7228.835,7170.2,0.09680079811983722,0.09893565775908822,0.09637962080340966,-0.002134859639251002,0.0004211773164275595,7168.694515062662,7170.497048014632,1.505484937338224,-0.2970480146323098,-0.05512248535217637
2022-08-12,IM2212,2022-12-16,84.0,0.3442622950819672,7228.835,7014.2,0.10155307724173944,0.10445812002350213,0.10310795461745159,-0.002905042781762693,-0.001554877375712152,7007.188628368593,7010.446404078829,7.011371631407201,3.753595921170927,-0.21539387910209867
2022-08-12,IM2303,2023-03-17,143.0,0.5860655737704918,7228.835,6866.8,0.10166883248024405,0.10279896493977811,0.10174369066357337,-0.0011301324595340556,-7.485818332932104e-05,6862.25340633071,6866.498747703454,4.546593669289905,0.3012522965464086,-0.11434346830764454
2022-08-15,IM2209,2022-09-16,23.0,0.0942622950819672,7283.5,7215.8,0.11306877090968069,0.09827939044567346,0.1124851334561945,0.014789380464007226,0.000583637453486191,7225.866424360543,7216.196988199349,-10.066424360542442,-0.39698819934892526,0.3657873458565498
2022-08-15,IM2212,2022-12-16,83.0,0.3401639344262295,7283.5,7058.2,0.10637150454820414,0.10371546107029628,0.10748118549063664,0.002656043477907863,-0.001109680942432495,7064.5798961786195,7055.536219783478,-6.379896178619674,2.6637802165214453,0.1952182665271434
2022-08-15,IM2303,2023-03-17,142.0,0.5819672131147541,7283.5,6909.8,0.10450479291490916,0.1020891749708426,0.1041910017652092,0.002415617944066556,0.0003137911496999546,6919.520700128019,6911.061956371831,-9.720700128018507,-1.26195637183082,0.24254591612150844
2022-08-16,IM2209,2022-09-16,22.0,0.09016393442622951,7324.62,7263.0,0.10769943596728589,0.11219788299642545,0.10781283503762447,-0.004498447029139568,-0.00011339907033858232,7260.0547413641125,7262.925739790076,2.9452586358875124,0.07426020992443227,-0.10695667272468455
2022-08-16,IM2212,2022-12-16,82.0,0.3360655737704918,7324.62,7103.2,0.1053389888288386,0.1073430945384357,0.1065924822312812,-0.0020041057095970954,-0.0012534934024426014,7098.417527829577,7100.20836469272,4.782472170422807,2.9916353072794664,-0.1457609188029083
2022-08-16,IM2303,2023-03-17,141.0,0.5778688524590164,7324.62,6945.0,0.10609581030641815,0.10408735891552194,0.10384166899178524,0.0020084513908962126,0.002254141314632918,6953.065195735253,6954.052438054474,-8.065195735252928,-9.052438054473896,0.20013122226695415
2022-08-17,IM2209,2022-09-16,21.0,0.0860655737704918,7328.674,7278.2,0.0942994732123449,0.1082206285197509,0.09379040731067592,-0.013921155307405994,0.0005090659016689786,7269.484976001163,7278.518887118264,8.715023998836841,-0.318887118263774,-0.3177132152970405
2022-08-17,IM2212,2022-12-16,81.0,0.3319672131147541,7328.674,7127.2,0.09797259608555797,0.10668314038335912,0.10161074442224077,-0.008710544297801145,-0.0036381483366828005,7106.620648871369,7118.597348918015,20.57935112863106,8.602651081984732,-0.6277284067784905
2022-08-17,IM2303,2023-03-17,140.0,0.5737704918032787,7328.674,6969.0,0.10170555019358224,0.1038744725423482,0.10041049553037135,-0.0021689223487659642,0.0012950546632108928,6960.332727045396,6974.18033849203,8.667272954604414,-5.180338492030387,-0.21511499772786732
2022-08-18,IM2209,2022-09-16,20.0,0.08196721311475409,7351.437,7316.6,0.0719507945243916,0.09572217419793996,0.0720296431085687,-0.023771379673548365,-7.884858417710194e-05,7302.35767690887,7316.552712976497,14.242323091129947,0.047287023503486125,-0.5199259643891038
2022-08-18,IM2212,2022-12-16,80.0,0.32786885245901637,7351.437,7161.6,0.09379527310253918,0.10219144035795134,0.09546258605491492,-0.00839616725541216,-0.001667312952375738,7141.91235962784,7157.686109736888,19.687640372160786,3.91389026311208,-0.5997282129878466
2022-08-18,IM2303,2023-03-17,139.0,0.569672131147541,7351.437,7010.8,0.09728297016521265,0.10073607413443593,0.09659065775239067,-0.003453103969223284,0.0006923124128219715,6997.02235094395,7013.565542353953,13.777649056049995,-2.7655423539526964,-0.3412005890982415
2022-08-19,IM2209,2022-09-16,19.0,0.0778688524590164,7234.405,7186.4,0.09949974017992311,0.07656261831271127,0.09871959177169139,0.022937121867211835,0.0007801484082317206,7199.247007716974,7186.836581752258,-12.847007716974076,-0.4365817522584621,0.4799908202922847
2022-08-19,IM2212,2022-12-16,79.0,0.3237704918032787,7234.405,7036.2,0.09980110472252862,0.0968494148121941,0.10169351030488265,0.0029516899103345234,-0.001892405582354026,7042.927500038113,7031.890204924762,-6.727500038113249,4.309795075238071,0.2089680747376467
2022-08-19,IM2303,2023-03-17,138.0,0.5655737704918032,7234.405,6890.0,0.10024344887534736,0.09739274140110465,0.09988816729867386,0.0028507074742427085,0.0003552815766734996,6901.1176062008335,6891.384601517669,-11.117606200833507,-1.3846015176686706,0.28069172843782997
2022-08-22,IM2209,2022-09-16,18.0,0.07377049180327869,7288.577,7232.4,0.11888471176180514,0.09970972167525005,0.11803788674395925,0.019174990086555085,0.0008468250178458869,7242.637819441301,7232.851827189322,-10.237819441301326,-0.45182718932210264,0.3832504850873644
2022-08-22,IM2210,2022-10-21,38.0,0.1557377049180328,7288.577,7180.2,0.11019436890168238,0.1022542121015655,0.11141835347904713,0.00794015680011688,-0.0012239845773647506,7189.084396626401,7178.831436776825,-8.884396626401212,1.368563223174533,0.31071921154409005
2022-08-22,IM2212,2022-12-16,78.0,0.319672131147541,7288.577,7079.0,0.10526749074869245,0.10196012898177043,0.10655836582331481,0.0033073617669220207,-0.0012908750746223607,7086.488382059408,7076.079405253911,-7.488382059407741,2.920594746088682,0.23204333979995403
2022-08-22,IM2303,2023-03-17,137.0,0.5614754098360656,7288.577,6925.0,0.10513538205655912,0.10002678710736758,0.10272936644986927,0.005108594949191539,0.0024060156066898486,6944.891841564324,6934.361433140321,-19.89184156432384,-9.361433140321424,0.5012686053603145
2022-08-23,IM2209,2022-09-16,17.0,0.06967213114754098,7306.021,7253.6,0.11735417118002196,0.11665092533349476,0.11724835245582381,0.0007032458465272007,0.00010581872419815341,7253.955410711936,7253.653478204774,-0.35541071193529206,-0.05347820477345522,0.013410090037026683
2022-08-23,IM2210,2022-10-21,37.0,0.15163934426229508,7306.021,7199.6,0.11076468773329176,0.11060219463464689,0.11214833149894557,0.00016249309864486972,-0.001383643765653808,7199.777402827351,7198.08957558632,-0.17740282735030632,1.5104244136800844,0.006219866902880477
2022-08-23,IM2212,2022-12-16,77.0,0.3155737704918033,7306.021,7093.0,0.1077670467756069,0.10610306887658053,0.10793261287360935,0.0016639778990263782,-0.00016556609800244537,7096.725567557427,7092.629412363132,-3.7255675574269844,0.37058763686763996,0.11612379063387503
2022-08-23,IM2303,2023-03-17,136.0,0.5573770491803278,7306.021,6930.4,0.10869580995958716,0.10244343362433997,0.1041865596085051,0.006252376335247195,0.004509250351082059,6954.594099200223,6947.840447054238,-24.194099200223718,-17.440447054238575,0.6146147609956876
2022-08-24,IM2209,2022-09-16,16.0,0.06557377049180328,7039.41,6969.8,0.16555190572539455,0.11628796950845054,0.16512015213673886,0.04926393621694401,0.0004317535886556867,6992.351801890438,6969.997329754815,-22.551801890437673,-0.19732975481474568,0.8938450036312974
2022-08-24,IM2210,2022-10-21,36.0,0.14754098360655737,7039.41,6915.0,0.1348572309007406,0.11157982738464417,0.1365193273069256,0.023277403516096418,-0.001662096406185004,6938.789503145176,6913.304460858232,-23.78950314517624,1.6955391417677674,0.8693092074190009
2022-08-24,IM2212,2022-12-16,76.0,0.3114754098360656,7039.41,6805.0,0.12273000778513073,0.1076078514691332,0.12116163869766561,0.015122156315997531,0.0015683690874651185,6837.128379608321,6808.325111797614,-32.128379608320756,-3.325111797614227,1.0457767262839806
2022-08-24,IM2303,2023-03-17,135.0,0.5532786885245902,7039.41,6648.8,0.11718122452056962,0.10397598242328072,0.11272277251496549,0.013205242097288891,0.00445845200560413,6697.555213408208,6665.221282369891,-48.755213408207965,-16.421282369890832,1.2944230944997859
2022-08-25,IM2209,2022-09-16,15.0,0.06147540983606557,7016.306,6940.4,0.1909399992229582,0.15887558082848974,0.18895304403081942,0.03206441839446847,0.0019869551921387896,6954.0942233165915,6941.2478138985125,-13.694223316591888,-0.847813898512868,0.5524741136091168
2022-08-25,IM2210,2022-10-21,35.0,0.14344262295081966,7016.306,6888.4,0.1422605608216228,0.13302591603682418,0.14775573696089017,0.009234644784798629,-0.005495176139267366,6897.530707802184,6882.972409917259,-9.130707802184588,5.427590082740608,0.33620382030041035
2022-08-25,IM2212,2022-12-16,75.0,0.3073770491803279,7016.306,6775.2,0.12776250172873926,0.11932661092349481,0.12702626919798363,0.008435890805244456,0.0007362325307556372,6792.790885054552,6776.733407918078,-17.590885054552018,-1.5334079180784101,0.5778717395884652
2022-08-25,IM2303,2023-03-17,134.0,0.5491803278688525,7016.306,6611.6,0.12218156375610459,0.11163272811761095,0.11646660030017639,0.01054883563849364,0.005714963455928201,6650.013568726253,6632.383405228459,-38.41356872625238,-20.783405228458832,1.0306104644805152
2022-08-26,IM2209,2022-09-16,14.0,0.05737704918032787,6980.18,6911.6,0.18608178342410814,0.18017650827318088,0.18504344878724338,0.005905275150927258,0.0010383346368647572,6913.942235293459,6912.011781739375,-2.3422352934585433,-0.411781739374419,0.09642657538328246
2022-08-26,IM2210,2022-10-21,34.0,0.13934426229508196,6980.18,6856.2,0.14261205559261778,0.14293018379392344,0.1457255701046165,-0.00031812820130566744,-0.003113514511998733,6855.896075918767,6853.226080170088,0.3039240812331627,2.97391982991212,-0.011281605494498213
2022-08-26,IM2212,2022-12-16,74.0,0.30327868852459017,6980.18,6747.8,0.12564048070437925,0.12452899520555426,0.12634194729351106,0.0011114854988249906,-0.0007014665891318106,6750.074998404893,6746.364626610123,-2.2749984048932674,1.435373389876986,0.0754007083965393
2022-08-26,IM2303,2023-03-17,133.0,0.5450819672131147,6980.18,6584.6,0.12103182031657854,0.11499774357583366,0.11634340337990147,0.006034076740744881,0.00468841693667707,6606.292841792919,6601.448936437569,-21.692841792918443,-16.848936437568227,0.5874862651320587
2022-08-29,IM2209,2022-09-16,13.0,0.05327868852459016,7021.315,6950.0,0.20561250283151472,0.17698908177755332,0.2039493852455887,0.0286234210539614,0.0016631175859260217,6960.606963278191,6950.61585791548,-10.60696327819096,-0.6158579154798645,0.4420022558417898
2022-08-29,IM2210,2022-10-21,33.0,0.13524590163934427,7021.315,6893.8,0.1495166054604041,0.14136118677708326,0.1531764831440889,0.008155418683320842,-0.003659877683684809,6901.407966429636,6890.388527423518,-7.6079664296357805,3.4114725764820832,0.28146877393806635
2022-08-29,IM2212,2022-12-16,73.0,0.29918032786885246,7021.315,6787.0,0.12744831711574098,0.12410347780556993,0.12955701946222084,0.003344839310171044,-0.0021087023464798627,6793.795219049691,6782.719552476643,-6.795219049690786,4.280447523356997,0.22466123564334683
2022-08-29,IM2303,2023-03-17,132.0,0.5409836065573771,7021.315,6618.0,0.12335139663383421,0.11502971537586122,0.11810879683403763,0.008321681257972988,0.005242599799796577,6647.8606931902,6636.796352640277,-29.860693190200436,-18.79635264027729,0.8073557197350222
2022-08-30,IM2209,2022-09-16,12.0,0.04918032786885246,6976.722,6941.0,0.1183775595360935,0.19385738794665203,0.11861531554088528,-0.07547982841055853,-0.00023775600479178371,6915.2819201455395,6940.918839928799,25.718079854460484,0.08116007120133872,-1.0998274732061437
2022-08-30,IM2210,2022-10-21,32.0,0.13114754098360656,6976.722,6884.6,0.11535261155479236,0.1478053309663158,0.11729170642425801,-0.03245271941152343,-0.0019390948694656546,6855.360759465168,6882.849417023849,29.23924053483279,1.750582976151236,-1.089085560011714
2022-08-30,IM2212,2022-12-16,72.0,0.29508196721311475,6976.722,6774.0,0.11392960546011935,0.1268417926098513,0.11423634497217859,-0.01291218714973194,-0.00030673951205924255,6748.239127219759,6773.386890662703,25.76087278024079,0.613109337296919,-0.858510187068642
2022-08-30,IM2303,2023-03-17,131.0,0.5368852459016393,6976.722,6607.2,0.115360981436212,0.11652906739893237,0.11023217411015894,-0.001168085962720375,0.005128807326053059,6603.057738090187,6625.418531857147,4.142261909812987,-18.218531857147354,-0.11292049931630839
2022-08-31,IM2209,2022-09-16,11.0,0.045081967213114756,6750.743,6710.2,0.14761919353747,0.11861274872796652,0.145878661812454,0.02900644480950347,0.0017405317250159813,6718.980450792665,6710.726547198048,-8.780450792664851,-0.5265471980483198,0.3979147508831398
2022-08-31,IM2210,2022-10-21,31.0,0.12704918032786885,6750.743,6657.0,0.12406478157633836,0.11724809855139562,0.12854350322182773,0.006816683024942746,-0.004478721645489361,6662.767818677927,6653.213125248623,-5.767818677926698,3.786874751376672,0.22223072884727493
2022-08-31,IM2212,2022-12-16,71.0,0.29098360655737704,6750.743,6549.8,0.11784797421574002,0.11417427165512489,0.11924184887500254,0.0036737025606151247,-0.0013938746592625229,6556.805396169257,6547.1439746660735,-7.005396169256528,2.6560253339266637,0.24174203786069676
2022-08-31,IM2303,2023-03-17,130.0,0.5327868852459017,6750.743,6385.6,0.11837028224298161,0.11016747121498331,0.11300949700827627,0.008202811027998302,0.005360785234705345,6413.56837912893,6403.864340673298,-27.968379128929882,-18.26434067329774,0.7901016797155523
2022-09-01,IM2209,2022-09-16,10.0,0.040983606557377046,6717.1,6682.6,0.13964488161748165,0.14285600430821235,0.1385262849042115,-0.0032111226907307056,0.0011185967132701369,6681.720605059853,6682.906364989518,0.8793949401469945,-0.3063649895175331,-0.041374554813595484
2022-09-01,IM2210,2022-10-21,30.0,0.12295081967213115,6717.1,6628.6,0.12187153184884757,0.1269581121007263,0.1256140560583654,-0.005086580251878733,-0.0037425242095178307,6624.455774820655,6625.550575090454,4.144225179345085,3.04942490954636,-0.1609349992741942
2022-09-01,IM2212,2022-12-16,70.0,0.28688524590163933,6717.1,6520.2,0.11770510119581166,0.11842951476100441,0.11815496349279377,-0.0007244135651927469,-0.0004498622969821009,6518.845089595441,6519.358564747623,1.3549104045587228,0.8414352523768684,-0.0471676914479511
2022-09-01,IM2303,2023-03-17,129.0,0.5286885245901639,6717.1,6361.0,0.11703025986443918,0.11252038274589957,0.11256165660897897,0.004509877118539618,0.00446860325546021,6376.184756768337,6376.04562344544,-15.184756768337138,-15.04562344543956,0.4327977768971371
2022-09-02,IM2209,2022-09-16,9.0,0.036885245901639344,6776.827,6730.2,0.20117883648945262,0.13642374263761417,0.19838274081158128,0.06475509385183845,0.002796095677871341,6746.294346663907,6730.894152795738,-16.094346663907345,-0.6941527957378639,0.7817709990606965
2022-09-02,IM2210,2022-10-21,29.0,0.11885245901639344,6776.827,6676.2,0.13987063846071274,0.12451629367059912,0.14690088538512888,0.01535434479011362,-0.007030246924416145,6688.394531821132,6670.623949970472,-12.194531821131932,5.576050029528233,0.4709797194686243
2022-09-02,IM2212,2022-12-16,69.0,0.2827868852459016,6776.827,6566.0,0.12575970625974742,0.1175854823071301,0.12592407106609646,0.008174223952617313,-0.00016436480634904327,6581.195280490931,6565.694818022944,-15.1952804909306,0.30518197705623606,0.5265250144071391
2022-09-02,IM2303,2023-03-17,128.0,0.5245901639344263,6776.827,6413.8,0.11895255744159865,0.11221097294730234,0.11601033977483083,0.006741584494296307,0.0029422176667678185,6436.52300275624,6423.707077409073,-22.72300275624002,-9.907077409072372,0.6445540123380574
2022-09-05,IM2209,2022-09-16,8.0,0.03278688524590164,6791.092,6747.2,0.21176655583995946,0.1896424855896835,0.20838301976287987,0.022124070250275962,0.0033835360770795853,6752.096055100929,6747.9485462610655,-4.896055100929516,-0.7485462610657123,0.24964285219164709
2022-09-05,IM2210,2022-10-21,28.0,0.11475409836065574,6791.092,6695.2,0.13792500005305952,0.14256503191364195,0.1471549015617848,-0.0046400318605824276,-0.009229901508725269,6691.636004846301,6688.112405682638,3.56399515369867,7.087594317361436,-0.13783803072830036
2022-09-05,IM2212,2022-12-16,68.0,0.2786885245901639,6791.092,6589.4,0.12218334230979375,0.12383023707314546,0.1238309780985266,-0.0016468947633517111,-0.0016476357887328513,6586.3763525913655,6586.374992404214,3.023647408634133,3.0250075957856097,-0.10491906976510974
2022-09-05,IM2303,2023-03-17,127.0,0.5204918032786885,6791.092,6432.2,0.11831504803599233,0.11481117093379198,0.1136359630163434,0.003503877102200348,0.004679085019648921,6443.941359333686,6447.8842343942115,-11.741359333685978,-15.684234394211671,0.3337331555544138
2022-09-06,IM2209,2022-09-16,7.0,0.028688524590163935,6919.646,6879.8,0.21530106301810648,0.19834821258712737,0.21245417407293882,0.016952850430979105,0.0028468889451676582,6883.146820123615,6880.361917151163,-3.346820123614634,-0.5619171511625609,0.1783354777124216
2022-09-06,IM2210,2022-10-21,27.0,0.11065573770491803,6919.646,6826.0,0.13713651374786975,0.14228557680506765,0.14518933027201883,-0.005149063057197895,-0.008052816524149076,6822.111834760682,6819.920126510476,3.8881652393183685,6.079873489524289,-0.1479658036652467
2022-09-06,IM2212,2022-12-16,67.0,0.27459016393442626,6919.646,6722.4,0.11931833407817358,0.12152059463741285,0.12098128966498423,-0.0022022605592392774,-0.0016629555868106494,6718.336065296197,6719.331042848028,4.063934703802261,3.0689571519715173,-0.1387305263102577
2022-09-06,IM2303,2023-03-17,126.0,0.5163934426229508,6919.646,6566.8,0.11535287649592904,0.11232651296097194,0.11098361714330301,0.0030263635349570966,0.004369259352626026,6577.070580819253,6581.633115038151,-10.270580819253155,-14.833115038150936,0.28714415125197296
2022-09-07,IM2209,2022-09-16,6.0,0.02459016393442623,6963.52,6920.2,0.26777718897673375,0.20184872034147494,0.2645580872032246,0.06592846863525881,0.0032191017735091476,6931.428070821311,6920.747812536399,-11.228070821311121,-0.5478125363988511,0.6448770210154104
2022-09-07,IM2210,2022-10-21,26.0,0.10655737704918032,6963.52,6863.0,0.15045634025490556,0.14015480849549178,0.15985166401412942,0.010301531759413785,-0.009395323759223861,6870.537680265951,6856.132607118611,-7.537680265951167,6.867392881388696,0.2860248263722463
2022-09-07,IM2212,2022-12-16,66.0,0.27049180327868855,6963.52,6760.0,0.12366026774703084,0.1186312047135185,0.12493429262328967,0.005029063033512346,-0.001274024876258828,6769.202022852631,6757.670815542286,-9.202022852630762,2.329184457714291,0.31318476984385335
2022-09-07,IM2303,2023-03-17,125.0,0.5122950819672131,6963.52,6603.0,0.11777027671087209,0.10966279090875566,0.11205874919591559,0.008107485802116426,0.005711527514956502,6630.482098870711,6622.348588233807,-27.482098870710615,-19.348588233807277,0.7662451991792354
2022-09-08,IM2210,2022-10-21,25.0,0.10245901639344263,6897.1,6816.2,0.12915727944105418,0.15248178557167438,0.13125458749899244,-0.023324506130620204,-0.0020973080579382575,6799.930053393694,6814.735436955985,16.269946606305894,1.4645630440145396,-0.6249446895459505
2022-09-08,IM2212,2022-12-16,65.0,0.26639344262295084,6897.1,6712.4,0.11589616902528418,0.12156253366248634,0.1150626648231615,-0.005666364637202159,0.0008335042021226785,6702.275393833044,6713.890587136323,10.124606166955346,-1.4905871363234837,-0.3487550059972687
2022-09-08,IM2303,2023-03-17,124.0,0.5081967213114754,6897.1,6557.4,0.11338444770505247,0.110187459874306,0.107844114858096,0.00319698783074647,0.005540332846956472,6568.062458772295,6575.888893910984,-10.662458772295395,-18.48889391098419,0.3009529379632672
2022-09-09,IM2210,2022-10-21,24.0,0.09836065573770492,6913.579,6857.8,0.0963577074049663,0.1281880217296808,0.09665275734303223,-0.031830314324714504,-0.00029504993806593605,6836.362828629893,6857.600980579857,21.437171370107535,0.19901942014348606,-0.8181101261498048
2022-09-09,IM2212,2022-12-16,64.0,0.26229508196721313,6913.579,6761.0,0.09908219225340156,0.11365970386785978,0.10149734852003874,-0.014577511614458222,-0.0024151562666371723,6735.197935415219,6756.718373619817,25.802064584780965,4.281626380183297,-0.8864920965669181
2022-09-09,IM2303,2023-03-17,123.0,0.5040983606557377,6913.579,6610.6,0.10289738768234083,0.107055431515784,0.10061614716565923,-0.004158043833443176,0.002281240516681604,6596.758277033543,6618.206361773146,13.841722966457382,-7.606361773146091,-0.38809876531333637
2022-09-13,IM2210,2022-10-21,23.0,0.0942622950819672,6904.078,6836.4,0.11850598741422409,0.09812929994005617,0.1187471644518448,0.020376687474167918,-0.0002411770376207073,6849.543656868436,6836.244583725223,-13.143656868436665,0.15541627477705333,0.5041678060422266
2022-09-13,IM2212,2022-12-16,63.0,0.2581967213114754,6904.078,6732.0,0.1117548245342635,0.10211330202652376,0.11125651853744414,0.009641522507739739,0.0004983059968193537,6748.779581713241,6732.866201402894,-16.779581713240987,-0.8662014028941485,0.5783248906955268
2022-09-13,IM2303,2023-03-17,122.0,0.5,6904.078,6583.4,0.10912184461131771,0.10092699855544757,0.10654742753932862,0.008194846055870147,0.0025744170719890908,6610.430314260789,6591.879665053652,-27.030314260789055,-8.479665053652752,0.7578948810762376
2022-09-14,IM2210,2022-10-21,22.0,0.09016393442622951,6829.558,6767.0,0.11605965170242685,0.11766752568705133,0.1165279636786624,-0.001607873984624475,-0.00046831197623554977,6766.019043928784,6766.714270470395,0.9809560712155871,0.2857295296053053,-0.03824257518707063
2022-09-14,IM2212,2022-12-16,62.0,0.2540983606557377,6829.558,6663.0,0.1111675824654412,0.11075260404163999,0.11164031439461601,0.00041497842380121275,-0.00047273192917481055,6663.702619325048,6662.199685787941,-0.7026193250476354,0.8003142120587654,0.02456881225899055
2022-09-14,IM2303,2023-03-17,121.0,0.4959016393442623,6829.558,6509.8,0.11069502862465563,0.10625030531008918,0.1074796625778268,0.004444723314566454,0.0032153660468288298,6524.164371652125,6520.18819037234,-14.364371652124646,-10.388190372339523,0.408623010004393
2022-09-15,IM2210,2022-10-21,21.0,0.0860655737704918,6619.189,6518.6,0.19192510134796145,0.11603944431393565,0.1917275050284879,0.0758856570340258,0.00019759631947355305,6561.3132375332325,6518.710857822678,-42.71323753323213,-0.11085782267764444,1.7324229095472663
2022-09-15,IM2212,2022-12-16,61.0,0.25,6619.189,6410.0,0.14245433583521996,0.11139201019882407,0.14097633490250197,0.031062325636395896,0.0014780009327179933,6459.971153239107,6412.368934128584,-49.97115323910657,-2.368934128584442,1.8153426689027277
2022-09-15,IM2303,2023-03-17,120.0,0.4918032786885246,6619.189,6258.6,0.1278998851591985,0.10731876917982598,0.12409962469860131,0.020581115979372525,0.003800260460597199,6322.270362647353,6270.308139432052,-63.670362647352704,-11.708139432051212,1.8829543274424592
2022-09-16,IM2210,2022-10-21,20.0,0.08196721311475409,6481.244,6383.2,0.19996372447907373,0.18224726828939536,0.2005405508727473,0.017716456189678376,-0.0005768263936735685,6392.476215909728,6382.898204000536,-9.276215909728307,0.3017959994640478,0.3875996939095563
2022-09-16,IM2212,2022-12-16,60.0,0.2459016393442623,6481.244,6273.0,0.14680821640882483,0.13697040315403802,0.1447597518002985,0.009837813254786804,0.0020484646085263403,6288.19360040565,6276.160636584492,-15.193600405649704,-3.16063658449184,0.5674294355474765
2022-09-16,IM2303,2023-03-17,119.0,0.48770491803278687,6481.244,6131.4,0.12777649954334092,0.12193800608421695,0.12676385443833768,0.005838493459123961,0.0010126451050032348,6148.883808773913,6134.428874644741,-17.48380877391355,-3.028874644741336,0.5317420050405945
2022-09-19,IM2210,2022-10-21,19.0,0.0778688524590164,6399.801,6298.2,0.21951243968772063,0.1903670996239371,0.22199479383474208,0.029145340063783526,-0.0024823541470214427,6312.510086571816,6296.982687758767,-14.3100865718161,1.2173122412332305,0.6100547639130952
2022-09-19,IM2211,2022-11-18,39.0,0.1598360655737705,6399.801,6236.8,0.1754132937299646,0.15406368764463704,0.17369362733443042,0.021349606085327544,0.0017196663955341696,6258.119041575707,6238.514511846685,-21.31904157570716,-1.7145118466851272,0.8552816954724931
2022-09-19,IM2212,2022-12-16,59.0,0.24180327868852458,6399.801,6177.8,0.16000577497351867,0.14053811836301303,0.15582473582929382,0.019467656610505646,0.004181039144224852,6206.949579511306,6184.04884590477,-29.149579511306,-6.248845904769951,1.1078955383798077
2022-09-19,IM2303,2023-03-17,118.0,0.48360655737704916,6399.801,6024.4,0.1389962513008678,0.12450053011493256,0.13493377292449227,0.014495721185935229,0.004062478376375522,6066.780780285975,6036.247418489343,-42.38078028597556,-11.847418489343,1.3142923745972483
2022-09-20,IM2210,2022-10-21,18.0,0.07377049180327869,6482.131,6388.8,0.2105942837792255,0.21025235998117398,0.213266740340087,0.0003419237980515355,-0.002672456560861486,6388.96115240005,6387.540582229838,-0.16115240005001397,1.2594177701621447,0.0068403177314737855
2022-09-20,IM2211,2022-11-18,38.0,0.1557377049180328,6482.131,6323.8,0.17278634558189893,0.16686033849589,0.17149333461509972,0.005926007086008933,0.0012930109667992074,6329.638946340924,6325.073555373854,-5.83894634092394,-1.2735553738539238,0.23236570759315484
2022-09-20,IM2212,2022-12-16,58.0,0.23770491803278687,6482.131,6259.2,0.16122847637419546,0.15103966915050634,0.15601208270268907,0.010188807223689117,0.005216393671506392,6274.377713922586,6266.965986613353,-15.177713922586008,-7.7659866133535616,0.5735479535845677
2022-09-20,IM2303,2023-03-17,117.0,0.47950819672131145,6482.131,6103.8,0.13941555429605704,0.13238313334949675,0.13717436236615904,0.007032420946560286,0.0022411919298979954,6124.417387707596,6110.363096089835,-20.617387707596208,-6.563096089835199,0.6378056607240639
2022-09-21,IM2210,2022-10-21,17.0,0.06967213114754098,6480.602,6412.6,0.1654034692602676,0.203564871539871,0.16812019338740963,-0.03816140227960338,-0.002716724127142023,6395.572913179938,6411.386338195122,17.027086820062323,1.2136618048780292,-0.727766386343132
2022-09-21,IM2211,2022-11-18,37.0,0.15163934426229508,6480.602,6345.2,0.15324345185120797,0.16590670825486567,0.15057016063195963,-0.012663256403657702,0.002673291219248336,6333.02733405071,6347.772714027464,12.172665949289694,-2.572714027463917,-0.4848055284014825
2022-09-21,IM2212,2022-12-16,57.0,0.2336065573770492,6480.602,6283.2,0.14641923852403702,0.15211407520723172,0.14319005300912152,-0.005694836683194704,0.0032291855149154947,6274.84669503461,6287.941576111544,8.353304965389725,-4.741576111544418,-0.3161340126442153
2022-09-21,IM2303,2023-03-17,116.0,0.47540983606557374,6480.602,6128.4,0.13154006456132686,0.13509656799049008,0.131955235210115,-0.0035565034291632214,-0.00041517064878815457,6118.046876408916,6127.190518999462,10.353123591083204,1.2094810005373802,-0.3212790039504984
2022-09-22,IM2210,2022-10-21,16.0,0.06557377049180328,6487.275,6435.8,0.13548778855619933,0.1644864094291631,0.1341837788816762,-0.02899862087296376,0.0013040096745231267,6423.573639722061,6436.350341264481,12.22636027793942,-0.550341264481176,-0.5261958897670909
2022-09-22,IM2211,2022-11-18,36.0,0.14754098360655737,6487.275,6377.0,0.13020363411856947,0.148467644629532,0.13068748762817814,-0.01826401051096252,-0.00048385350960866713,6359.839093435838,6376.544773552753,17.16090656416236,0.45522644724678685,-0.6821745121220497
2022-09-22,IM2212,2022-12-16,56.0,0.22950819672131148,6487.275,6321.4,0.12685811820785423,0.14170664794286733,0.1280957354432098,-0.014848529735013105,-0.0012376172353555648,6299.894223468842,6319.604703666918,21.505776531157608,1.795296333081751,-0.8124957698429499
2022-09-22,IM2303,2023-03-17,115.0,0.4713114754098361,6487.275,6185.8,0.11496555170486003,0.1311351873709042,0.12194746611896404,-0.01616963566604418,-0.006981914414104007,6138.837597248855,6165.478112254374,46.96240275114542,20.321887745626555,-1.4542496638934002
2022-09-23,IM2210,2022-10-21,15.0,0.06147540983606557,6363.684,6323.4,0.11730011249021122,0.1338072624603588,0.11481387276956673,-0.016507149970147572,0.0024862397206444897,6316.98637083203,6324.366558797173,6.413629167969702,-0.9665587971730929,-0.28444104115723
2022-09-23,IM2211,2022-11-18,35.0,0.14344262295081966,6363.684,6271.8,0.11539287649294748,0.1304262294117993,0.1171415733895345,-0.015033352918851814,-0.0017486968965870209,6258.28991459459,6270.226993596729,13.510085405409882,1.5730064032713926,-0.54738375313602
2022-09-23,IM2212,2022-12-16,55.0,0.22540983606557377,6363.684,6222.6,0.11346162726070082,0.12788235744760565,0.11662958126389847,-0.014420730186904832,-0.003167954003197651,6202.405814700739,6218.158102199414,20.194185299261335,4.441897800586048,-0.7775167289702898
2022-09-23,IM2303,2023-03-17,114.0,0.4672131147540984,6363.684,6094.4,0.10654264666309778,0.12179058840771428,0.11309774496056814,-0.015247941744616508,-0.006555098297470363,6051.13754530685,6075.763673202458,43.262454693149266,18.636326797541187,-1.3650812159433696
2022-09-26,IM2210,2022-10-21,14.0,0.05737704918032787,6283.593,6255.0,0.0934883455707564,0.11564934144866348,0.09247395658858729,-0.022160995877907083,0.0010143889821691149,6247.051618281373,6255.364068148732,7.948381718627388,-0.3640681487322581,-0.3618867766940233
2022-09-26,IM2211,2022-11-18,34.0,0.13934426229508196,6283.593,6205.0,0.10432687652919842,0.1175540516873969,0.10418583793121308,-0.013227175158198476,0.0001410385979853379,6193.573905493199,6205.121947563132,11.426094506800837,-0.12194756313238031,-0.46912184772226656
2022-09-26,IM2212,2022-12-16,54.0,0.22131147540983606,6283.593,6159.0,0.10449473774442286,0.1168798084861519,0.10661136063740995,-0.012385070741729037,-0.0021166228929870856,6142.141552665191,6156.1155971786675,16.85844733480917,2.8844028213325146,-0.6577284653246779
2022-09-26,IM2303,2023-03-17,113.0,0.46311475409836067,6283.593,6035.2,0.10109063198284067,0.11318606738267749,0.10614809107917997,-0.012095435399836818,-0.005057459096339298,6001.487885641048,6021.080992681759,33.71211435895202,14.11900731824062,-1.0777955938732762
2022-09-27,IM2210,2022-10-21,13.0,0.05327868852459016,6409.776,6398.8,0.04616768629849967,0.09521460857466892,0.04636936019083744,-0.04904692227616925,-0.00020167389233777255,6382.100767688248,6398.731245772127,16.699232311751985,0.06875422787288699,-0.7574209722386794
2022-09-27,IM2211,2022-11-18,33.0,0.13524590163934427,6409.776,6350.2,0.0830447277098104,0.10562039420883998,0.08290483644980574,-0.022575666499029576,0.0001398912600046598,6330.840717455148,6350.320145139898,19.35928254485225,-0.12014513989834086,-0.7792399679554595
2022-09-27,IM2212,2022-12-16,53.0,0.21721311475409835,6409.776,6300.0,0.09352876853788178,0.10755033950284174,0.09245323123573902,-0.014021570964959956,0.0010755373021427567,6280.8414747247625,6301.471983023062,19.15852527523748,-1.4719830230624211,-0.733175497189194
2022-09-27,IM2303,2023-03-17,112.0,0.45901639344262296,6409.776,6178.6,0.09402462844371123,0.10658829295694473,0.09838587017284899,-0.0125636645132335,-0.004361241729137752,6143.071003872017,6166.2435474796,35.52899612798319,12.356452520400126,-1.1142040509336488
2022-09-28,IM2210,2022-10-21,12.0,0.04918032786885246,6211.109,6202.6,0.04187504692276128,0.05404175880416798,0.039550076822133046,-0.012166711881406694,0.0023249701006282375,6198.8897045663825,6203.309263149423,3.71029543361783,-0.7092631494224406,-0.1772906311474858
2022-09-28,IM2211,2022-11-18,32.0,0.13114754098360656,6211.109,6162.4,0.07403277542562615,0.08692371956289746,0.07573232700266785,-0.012890944137271307,-0.0016995515770416997,6151.9905519423155,6161.026603342193,10.40944805768413,1.373396657806552,-0.43265275229492817
2022-09-28,IM2212,2022-12-16,52.0,0.21311475409836064,6211.109,6122.0,0.08180676668786922,0.09511001305121725,0.08514580755231686,-0.013303246363348023,-0.00333904086444764,6104.667987889776,6117.64514134104,17.33201211022424,4.354858658960438,-0.6846429538531521
2022-09-28,IM2303,2023-03-17,111.0,0.45491803278688525,6211.109,6014.2,0.08481742393186481,0.09968393587863257,0.09152993515565362,-0.01486651194676776,-0.006712511223788811,5973.662930065404,5995.862795753315,40.53706993459582,18.33720424668445,-1.312072060765634
2022-09-29,IM2210,2022-10-21,11.0,0.045081967213114756,6228.779,6232.4,0.0011087052201028836,0.04679259409695942,0.0019019552124299038,-0.04568388887685654,-0.0007932499923270202,6219.5774588360655,6232.177125445104,12.822541163934147,0.22287455489549757,-0.6267210162201065
2022-09-29,IM2211,2022-11-18,31.0,0.12704918032786885,6228.779,6190.6,0.06239318037654073,0.07946942184794606,0.0602932956923739,-0.01707624147140533,0.0020998846841668306,6177.183912636635,6192.2518020111165,13.416087363365477,-1.6518020111161604,-0.556755495089595
2022-09-29,IM2212,2022-12-16,51.0,0.20901639344262296,6228.779,6149.2,0.07551830564277155,0.08760195305728302,0.07541559901051298,-0.01208364741451147,0.0001027066322585729,6133.68868263149,6149.33200856766,15.51131736850948,-0.13200856765979552,-0.6118230625659642
2022-09-29,IM2303,2023-03-17,110.0,0.45081967213114754,6228.779,6037.6,0.08314903313019138,0.09272673104980464,0.08652333631176622,-0.009577697919613257,-0.0033743031815748337,6011.586962505895,6028.422571403609,26.013037494105447,9.17742859639111,-0.8411548774837249
2022-09-30,IM2210,2022-10-21,10.0,0.040983606557377046,6124.864,6103.0,0.10125680438297305,0.013038734062266785,0.0986833941302055,0.08821807032070626,0.002573410252767541,6125.105300783311,6103.643702910406,-22.105300783310668,-0.6437029104063186,1.1367025486718119
2022-09-30,IM2211,2022-11-18,30.0,0.12295081967213115,6124.864,6065.2,0.09361747781837237,0.06595193332498431,0.0991157665325318,0.027665544493388067,-0.00549828871415943,6085.865913763557,6061.101194520707,-20.665913763557,4.098805479292423,0.8753920592102652
2022-09-30,IM2212,2022-12-16,50.0,0.20491803278688525,6124.864,6021.0,0.09746358486722456,0.07911322765644202,0.0986282549753139,0.018350357210782542,-0.0011646701080893357,6043.683503180951,6019.5631881185245,-22.683503180951448,1.436811881475478,0.9137200723256309
2022-09-30,IM2303,2023-03-17,109.0,0.44672131147540983,6124.864,5893.0,0.10038796774528114,0.08832140208789195,0.09675212314901277,0.012066565657389186,0.003635844596268367,5924.851348769846,5902.579242447987,-31.851348769845572,-9.579242447986871,1.0544590309102482
2022-10-10,IM2210,2022-10-21,9.0,0.036885245901639344,5984.501,5976.0,0.05253878601991995,0.09887615284230332,0.05570851861254648,-0.04633736682238337,-0.0031697325926265257,5965.794752656993,5975.301348638744,10.205247343006704,0.6986513612564522,-0.5594321325020868
2022-10-10,IM2211,2022-11-18,29.0,0.11885245901639344,5984.501,5929.2,0.09211082621995653,0.09919049759498719,0.08695591163747365,-0.007079671375030655,0.005154914582482878,5924.213053975087,5932.833781354785,4.986946024912868,-3.633781354785242,-0.21718035501018076
2022-10-10,IM2212,2022-12-16,49.0,0.20081967213114754,5984.501,5885.0,0.09748893083752362,0.09866253434784429,0.09397086823234559,-0.00117360351032067,0.003518062605178035,5883.613170906583,5889.159199069001,1.3868290934169636,-4.159199069001261,-0.05744385451906252
2022-10-10,IM2303,2023-03-17,108.0,0.4426229508196721,5984.501,5763.8,0.09889388304661069,0.09675030423630618,0.09748503197954686,0.002143578810304511,0.0014088510670638293,5769.271272329897,5767.395367885633,-5.471272329897147,-3.5953678856330953,0.1863719172337825
2022-10-11,IM2210,2022-10-21,8.0,0.03278688524590164,6017.719,5994.2,0.1334364392011771,0.061292466264565804,0.13350069724835023,0.07214397293661129,-6.425804717313799e-05,6008.3953198063655,5994.187371305553,-14.19531980636566,0.012628694446902955,0.8140715171986174
2022-10-11,IM2211,2022-11-18,28.0,0.11475409836065574,6017.719,5946.6,0.11760114693395854,0.08966730357465516,0.11740815834927779,0.02793384335930338,0.0001929885846807533,5965.692547573693,5946.731696235719,-19.092547573693082,-0.13169623571866396,0.8298760283770833
2022-10-11,IM2212,2022-12-16,48.0,0.19672131147540983,6017.719,5900.6,0.11390906963947825,0.09569865845809461,0.11256613086129157,0.01821041118138364,0.0013429387781866836,5921.776075334151,5902.159054039123,-21.176075334150482,-1.559054039122202,0.87579185097467
2022-10-11,IM2303,2023-03-17,107.0,0.4385245901639344,6017.719,5777.8,0.10677768541383217,0.09829295809714643,0.10650494401502565,0.008484727316685745,0.0002727413988065225,5799.337859967738,5778.491088221752,-21.53785996773786,-0.6910882217516701,0.7338992532881602
2022-10-12,IM2210,2022-10-21,7.0,0.028688524590163935,6192.653,6169.2,0.14626262313128188,0.1309712580945926,0.14288227818576588,0.015291365036689292,0.003380344945516006,6171.906939707005,6169.798300191657,-2.7069397070054038,-0.5983001916574722,0.16085996210563774
2022-10-12,IM2211,2022-11-18,27.0,0.11065573770491803,6192.653,6129.0,0.10737053002475899,0.1161563578687083,0.11915833193617077,-0.00878582784394931,-0.01178780191141178,6123.044267896965,6121.010618219528,5.955732103035189,7.989381780472286,-0.2524924079149345
2022-10-12,IM2212,2022-12-16,47.0,0.19262295081967212,6192.653,6074.0,0.11443570964675918,0.11174398957483704,0.11272900453159804,0.0026917200719221435,0.0017067051151611473,6077.150106995162,6075.997159260994,-3.1501069951618774,-1.9971592609936124,0.12713578644141976
2022-10-12,IM2303,2023-03-17,106.0,0.4344262295081967,6192.653,5935.8,0.11151201453983456,0.10608322866304803,0.10570385921972478,0.005428785876786524,0.005808155320109781,5949.815552840002,5950.796211068865,-14.015552840001874,-14.996211068864795,0.4671109867173314
2022-10-13,IM2210,2022-10-21,6.0,0.02459016393442623,6252.223,6242.4,0.07794250534288127,0.13922416241538818,0.0804781334481087,-0.061281657072506907,-0.002535628105227422,6233.000249320719,6242.010789063151,9.39975067928026,0.38921093684894004,-0.5994316676683485
2022-10-13,IM2211,2022-11-18,26.0,0.10655737704918032,6252.223,6191.0,0.10634889450719935,0.11740169190263765,0.09944367062320457,-0.011052797395438296,0.006905223883994782,6183.7127979162515,6195.557029887688,7.287202083748525,-4.557029887688259,-0.3069056031685854
2022-10-13,IM2212,2022-12-16,46.0,0.1885245901639344,6252.223,6147.8,0.10333999671702723,0.11159635304732775,0.10272441310488839,-0.008256356330300516,0.0006155836121388425,6138.238231769962,6148.5135098720975,9.56176823003807,-0.7135098720973474,-0.3828008123685918
2022-10-13,IM2303,2023-03-17,105.0,0.430327868852459,6252.223,6023.2,0.100720855553497,0.10514074385221707,0.10272122062940608,-0.004419888298720073,-0.0020003650759090885,6011.754754786203,6018.017383053486,11.445245213796625,5.182616946513917,-0.37827482916196314
2022-10-14,IM2211,2022-11-18,25.0,0.10245901639344263,6406.457,6373.2,0.06479777222897748,0.10081146866534363,0.0652545015577922,-0.03601369643636615,-0.0004567293288147145,6349.726685474069,6372.901766470096,23.47331452593062,0.2982335299038823,-0.964996691961298
2022-10-14,IM2212,2022-12-16,45.0,0.18442622950819673,6406.457,6326.6,0.08201321587970122,0.10355720629455861,0.08330512355152889,-0.021543990414857397,-0.0012919076718276717,6301.512538952518,6325.09279333877,25.087461047482066,1.507206661230157,-0.98002752874035
2022-10-14,IM2303,2023-03-17,104.0,0.4262295081967213,6406.457,6189.0,0.09501941463567841,0.1030815331395953,0.09400668446854453,-0.008062118503916887,0.0010127301671338795,6167.76915884741,6191.672092442548,21.230841152590074,-2.6720924425480916,-0.6862506076525506
2022-10-17,IM2211,2022-11-18,24.0,0.09836065573770492,6472.451,6400.0,0.128444862880486,0.0710597679417923,0.12453788300552633,0.057385094938693704,0.003906979874959679,6436.22653061214,6402.459948496058,-36.22653061213987,-2.459948496058132,1.4763105019915217
2022-10-17,IM2212,2022-12-16,44.0,0.18032786885245902,6472.451,6360.4,0.11084356488761096,0.08688187389720478,0.11587600901906399,0.02396169099040618,-0.005032444131453026,6387.942500425434,6354.630619302213,-27.54250042543481,5.769380697786801,1.068572012767885
2022-10-17,IM2303,2023-03-17,103.0,0.42213114754098363,6472.451,6220.0,0.1082478554473685,0.09563851530472661,0.1074572113016576,0.012609340142641881,0.0007906441457108948,6253.1960558216315,6222.076305807658,-33.19605582163149,-2.076305807658173,1.062283368778349
2022-10-18,IM2211,2022-11-18,23.0,0.0942622950819672,6508.504,6447.4,0.11406843915045362,0.12227580980579046,0.11557410058811443,-0.008207370655336846,-0.0015056614376608157,6442.413926369271,6446.485004130748,4.986073630728242,0.9149958692514701,-0.20324550078083958
2022-10-18,IM2212,2022-12-16,43.0,0.1762295081967213,6508.504,6395.4,0.11347623268938445,0.11446462395905498,0.11203900742458327,-0.0009883912696705272,0.0014372252648011813,6394.28612253042,6397.020041669862,1.1138774695800748,-1.6200416698620757,-0.04317736646485668
2022-10-18,IM2303,2023-03-17,102.0,0.4180327868852459,6508.504,6254.0,0.1094192391622669,0.1067796784065812,0.1070191661800528,0.0026395607556856937,0.002400072982214091,6260.904615714709,6260.277844504002,-6.904615714708598,-6.2778445040021325,0.21980626754221316
2022-10-19,IM2211,2022-11-18,22.0,0.09016393442622951,6461.146,6409.4,0.10318242849262478,0.11487799960289209,0.10270896571911159,-0.011695571110267311,0.0004734627735131919,6402.644730206688,6409.673618424719,6.755269793311527,-0.27361842471964337,-0.2783942078664129
2022-10-19,IM2212,2022-12-16,42.0,0.1721311475409836,6461.146,6363.0,0.1029248541586957,0.11159021421414463,0.10543108869196569,-0.00866536005544892,-0.00250623453326998,6353.516161532886,6360.255587283965,9.483838467113856,2.7444127160351854,-0.37072495827181495
2022-10-19,IM2303,2023-03-17,101.0,0.4139344262295082,6461.146,6216.4,0.10728951141931713,0.10678283790200375,0.10456136475461295,0.0005066735173133718,0.0027281466647041813,6217.703899886444,6223.423983055182,-1.3038998864440146,-7.023983055182725,0.04184988887466412
2022-10-20,IM2211,2022-11-18,21.0,0.0860655737704918,6429.704,6366.0,0.12969288019799166,0.10377858345909426,0.13120318023818942,0.025914296738897405,-0.001510300040197754,6380.214118440229,6365.172570289407,-14.214118440228958,0.8274297105926962,0.5920346851815222
2022-10-20,IM2212,2022-12-16,41.0,0.1680327868852459,6429.704,6310.4,0.12546299086242235,0.10604533492397765,0.12164750808663198,0.019417655938444703,0.0038154827757903714,6331.023217505206,6314.447059998015,-20.623217505206412,-4.0470599980153565,0.8132208449499974
2022-10-20,IM2303,2023-03-17,100.0,0.4098360655737705,6429.704,6175.2,0.11254484686517993,0.10480450847036432,0.11247513372375957,0.00774033839481561,6.971314142036056e-05,6194.820504992698,6175.376433910143,-19.620504992698443,-0.17643391014280496,0.6350356831767152
2022-10-21,IM2211,2022-11-18,20.0,0.08196721311475409,6432.326,6377.4,0.11862383141430916,0.12896051030211828,0.12011069132261834,-0.01033667888780912,-0.001486859908309185,6371.998916609432,6376.622809624515,5.401083390567692,0.777190375484679,-0.22629367480123866
2022-10-21,IM2212,2022-12-16,40.0,0.16393442622950818,6432.326,6322.6,0.11895476211085408,0.12028728131480747,0.11672869395481325,-0.0013325192039533862,0.0022260681560408307,6321.219005609075,6324.907722449326,1.3809943909254798,-2.3077224493254107,-0.05459921422460759
2022-10-21,IM2303,2023-03-17,99.0,0.4057377049180328,6432.326,6181.0,0.11223130439106763,0.1118328969031954,0.11138429825380772,0.0003984074878722321,0.0008470061372599091,6181.999232856893,6183.124541879732,-0.9992328568932862,-2.1245418797316233,0.032482077558128465
2022-10-24,IM2211,2022-11-18,19.0,0.0778688524590164,6378.432,6360.0,0.05116404804093063,0.11956869879347506,0.05222273255504362,-0.06840465075254443,-0.0010586845141129925,6326.212941878144,6359.475712444306,33.78705812185581,0.5242875556941726,-1.4326590226935434
2022-10-24,IM2212,2022-12-16,39.0,0.1598360655737705,6378.432,6308.8,0.082675457851644,0.11637792843118433,0.0815550324583874,-0.03370247057954033,0.0011204253932566022,6274.906684075935,6309.929908749841,33.893315924065064,-1.129908749840979,-1.3502122611449434
2022-10-24,IM2303,2023-03-17,98.0,0.4016393442622951,6378.432,6179.8,0.0927681562856864,0.11119017324235331,0.09635614864674351,-0.018422016956666912,-0.003587992361057113,6134.244358792055,6170.900834359254,45.55564120794497,8.899165640746105,-1.4927197505157497
2022-10-24,IM2306,2023-06-16,159.0,0.6516393442622951,6378.432,6034.8,0.0989850237398133,0.10733937791475767,0.09774304968636838,-0.008354354174944373,0.001241974053444922,6002.035658523971,6039.686056176095,32.764341476029585,-4.886056176094826,-0.8691430857999823
2022-10-25,IM2211,2022-11-18,18.0,0.07377049180327869,6355.778,6340.8,0.045982665769740534,0.059932883433672875,0.043270673644988905,-0.01395021766393234,0.002711992124751629,6334.277947843983,6342.0686990133045,6.522052156016798,-1.2686990133042855,-0.27903277631307283
2022-10-25,IM2212,2022-12-16,38.0,0.1557377049180328,6355.778,6300.2,0.07039572970676132,0.08597911181940503,0.07546087058630868,-0.015583382112643707,-0.005065140879547361,6284.928456480106,6295.23215137472,15.271543519893385,4.967848625279657,-0.6107506155497183
2022-10-25,IM2303,2023-03-17,97.0,0.3975409836065574,6355.778,6168.2,0.08935640478725948,0.09824188196537265,0.09182932058010987,-0.008885477178113166,-0.0024729157928503886,6146.450248552023,6162.139112452739,21.74975144797645,6.060887547260791,-0.721993209254615
2022-10-25,IM2306,2023-06-16,158.0,0.6475409836065574,6355.778,6033.8,0.09428422458874532,0.09890952457843578,0.09390124212818571,-0.004625299989690468,0.0003829824605596083,6015.755374719827,6035.296548890481,18.044625280173022,-1.4965488904808808,-0.4865394203777784
2022-10-26,IM2211,2022-11-18,17.0,0.06967213114754098,6491.692,6500.6,-0.005681826737726279,0.051373691712208215,-0.008753686430895774,-0.05705551844993449,0.0030718596931694955,6474.810241147481,6501.991426881341,25.7897588525193,-1.3914268813405215,-1.087938799974596
2022-10-26,IM2212,2022-12-16,37.0,0.15163934426229508,6491.692,6465.2,0.04096699848241474,0.08005388421020188,0.04858099467332269,-0.03908688572778714,-0.007613996190907954,6426.993389469813,6457.7397079858365,38.20661053018648,7.460292014163315,-1.4959129082256037
2022-10-26,IM2303,2023-03-17,96.0,0.39344262295081966,6491.692,6332.0,0.07730545306592224,0.0937700492684208,0.07912782066862167,-0.016464596202498558,-0.0018223676026994373,6291.114670342795,6327.461601632374,40.88532965720515,4.538398367625632,-1.3314716136910596
2022-10-26,IM2306,2023-06-16,157.0,0.6434426229508197,6491.692,6196.0,0.08645289836674873,0.09510112668631263,0.08498284559945136,-0.008648228319563897,0.001470052767297364,6161.617251039519,6201.863535700274,34.38274896048097,-5.863535700274042,-0.9098490801248504
2022-10-27,IM2211,2022-11-18,16.0,0.06557377049180328,6461.61,6473.0,-0.012857793918269073,0.004954026729813862,-0.016969065338518344,-0.017811820648082934,0.004111271420249271,6465.444025631124,6474.745301471875,7.555974368876377,-1.7453014718748818,-0.32316665613662315
2022-10-27,IM2212,2022-12-16,36.0,0.14754098360655737,6461.61,6442.2,0.03439037553846826,0.0562659416643108,0.0421680769965729,-0.021875566125842544,-0.0077777014581046425,6421.441043656403,6434.811624017672,20.758956343596765,7.388375982327489,-0.816828603287224
2022-10-27,IM2303,2023-03-17,95.0,0.38934426229508196,6461.61,6324.4,0.06912690534769085,0.08236155664410452,0.07334253895662013,-0.013234651296413671,-0.004215633608929278,6291.895224676827,6314.028069331251,32.50477532317291,10.371930668748973,-1.0636490634593951
2022-10-27,IM2306,2023-06-16,156.0,0.639344262295082,6461.61,6192.8,0.08046057272518779,0.08698964010330841,0.07979240001841341,-0.006529067378120618,0.0006681727067743837,6167.0031398219835,6195.446082162704,25.796860178016686,-2.6460821627042606,-0.6855577479411971
2022-10-28,IM2211,2022-11-18,15.0,0.06147540983606557,6239.932,6224.2,0.055063001562502746,-0.003395174505740478,0.04951157849948888,0.058458176068243224,0.005551423063013865,6246.6083994422825,6226.324532634208,-22.408399442282644,-2.1245326342077533,1.00721297321262
2022-10-28,IM2212,2022-12-16,35.0,0.14344262295081966,6239.932,6198.4,0.06055583199849428,0.049675091420194606,0.06993856775760554,0.010880740578299672,-0.009382735759111263,6208.08178049569,6190.063282589435,-9.681780495689964,8.336717410564233,0.3960739504700202
2022-10-28,IM2303,2023-03-17,94.0,0.38524590163934425,6239.932,6095.0,0.07500135485627307,0.07646934711392658,0.08025170882658607,-0.001467992257653511,-0.005250353970312996,6091.554020392573,6082.68424115861,3.4459796074270344,12.315758841389652,-0.11720171836664371
2022-10-28,IM2306,2023-06-16,155.0,0.6352459016393442,6239.932,5966.0,0.08466963939106521,0.08173026987550115,0.08227657025530453,0.002939369515564061,0.002393069135760678,5977.150255830404,5975.076334911601,-11.150255830403694,-9.076334911601407,0.3078778193700357
2022-10-31,IM2211,2022-11-18,14.0,0.05737704918032787,6292.619,6286.6,0.030678711044682318,0.05403765943947547,0.03099459824996583,-0.023358948394793154,-0.0003158872052835132,6278.179917982262,6286.486058446243,8.420082017738423,0.11394155375728587,-0.38141649920857623
2022-10-31,IM2212,2022-12-16,34.0,0.13934426229508196,6292.619,6250.0,0.06277054419562195,0.07240304194636815,0.06491917990190225,-0.009632497750746205,-0.002148635706280308,6241.616669369246,6248.129029739325,8.383330630754244,1.870970260674767,-0.3415436852207497
2022-10-31,IM2303,2023-03-17,93.0,0.38114754098360654,6292.619,6128.0,0.0835503026053334,0.08126359338020875,0.08115674005310923,0.002286709225124653,0.002393562552224171,6133.343331224121,6133.593128266266,-5.343331224121357,-5.593128266265921,0.1813284015100792
2022-10-31,IM2306,2023-06-16,154.0,0.6311475409836066,6292.619,5996.0,0.09050315635450072,0.08290079184566577,0.08405091011644947,0.007602364508834947,0.006452246238051254,6024.83922218272,6020.467412549644,-28.839222182719823,-24.467412549643996,0.7942272608628972
2022-11-01,IM2211,2022-11-18,13.0,0.05327868852459016,6439.822,6471.0,-0.07665080665743887,0.03825501269367545,-0.07538463889165635,-0.11490581935111432,-0.0012661677657825193,6431.505352165485,6470.563482629742,39.49464783451458,0.436517370258116,-1.7743381379781402
2022-11-01,IM2212,2022-12-16,33.0,0.13524590163934427,6439.822,6434.2,0.0204577689730731,0.06880736079342231,0.020358747550324977,-0.048349591820349216,9.902142274812245e-05,6392.263487453122,6434.286168937906,41.936512546877566,-0.08616893790622271,-1.668470154313424
2022-11-01,IM2303,2023-03-17,92.0,0.3770491803278688,6439.822,6315.4,0.06574339569784438,0.08272790885279802,0.0661034019533403,-0.01698451315495364,-0.000360006255495926,6275.0854238273605,6314.542805381813,40.314576172639136,0.8571946181864405,-1.3375049833895323
2022-11-01,IM2306,2023-06-16,153.0,0.6270491803278688,6439.822,6184.4,0.07854183978880389,0.08501458135589202,0.07538415135300036,-0.0064727415670881305,0.003157688435803524,6159.350076713773,6196.657403440559,25.049923286226658,-12.257403440559756,-0.6744246915074
2022-11-02,IM2211,2022-11-18,12.0,0.04918032786885246,6524.514,6532.0,-0.009316384451900967,-0.05578504189618454,-0.012686879462614958,0.04646865744428357,0.0033704950107139916,6546.944936413081,6533.082847453715,-14.94493641308145,-1.0828474537147486,0.6770905963899321
2022-11-02,IM2212,2022-12-16,32.0,0.13114754098360656,6524.514,6502.6,0.03965332699345167,0.03070057724993884,0.04599659151780738,0.00895274974351283,-0.006343264524355706,6510.239388925755,6497.192713495882,-7.639388925754247,5.407286504118019,0.30040831016052433
2022-11-02,IM2303,2023-03-17,91.0,0.3729508196721312,6524.514,6390.8,0.06952209678231162,0.07024277783016072,0.07298428604983878,-0.0007206810478491005,-0.0034621892675271576,6389.082520624073,6382.553356088647,1.717479375926814,8.246643911353203,-0.05635333759786891
2022-11-02,IM2306,2023-06-16,152.0,0.6229508196721312,6524.514,6260.8,0.08023074229818333,0.07792338789372613,0.07835140649837785,0.0023073544044572014,0.0018793357998054816,6269.805546155284,6268.134022286718,-9.00554615528381,-7.334022286718209,0.2397693701813692
2022-11-03,IM2211,2022-11-18,11.0,0.045081967213114756,6566.841,6563.4,0.025626235666354705,-0.001134362073274539,0.023238379445869387,0.026760597739629244,0.002387856220485318,6571.3229978592,6564.106583156683,-7.922997859200223,-0.7065831566833367,0.3671011046438689
2022-11-03,IM2212,2022-12-16,31.0,0.12704918032786885,6566.841,6532.4,0.05538936365243911,0.05198888707468373,0.06243097872878653,0.0034004765777553778,-0.0070416150763474225,6535.222787869475,6526.558523062275,-2.822787869475178,5.8414769377250195,0.11084552828445116
2022-11-03,IM2303,2023-03-17,90.0,0.36885245901639346,6566.841,6407.4,0.0806372743966872,0.07534816223645209,0.07939109366376562,0.0052891121602351154,0.001246180732921584,6419.912410918787,6410.345882153468,-12.512410918787282,-2.945882153468119,0.41062011054695513
2022-11-03,IM2306,2023-06-16,151.0,0.6188524590163934,6566.841,6272.6,0.08807573895993315,0.07979588316886618,0.08240288199020185,0.008279855791066965,0.005672856969731299,6304.823345439479,6294.659674601463,-32.22334543947909,-22.059674601462575,0.858070127240434
2022-11-04,IM2211,2022-11-18,10.0,0.040983606557377046,6709.645,6746.6,-0.12002019165856735,0.030675903350442867,-0.11955435727005881,-0.1506960950090102,-0.0004658343885085431,6705.060935841121,6746.471198021098,41.53906415887923,0.12880197890262934,-1.9416632690871094
2022-11-04,IM2212,2022-12-16,30.0,0.12295081967213115,6709.645,6717.0,0.005089259803884296,0.06621657333974158,0.005471920182233289,-0.061127313535857285,-0.0003826603783489927,6666.706587421239,6716.683983283113,50.29341257876058,0.31601671688713395,-1.9337928456014482
2022-11-04,IM2303,2023-03-17,89.0,0.36475409836065575,6709.645,6606.6,0.05643103553277477,0.08085769988021092,0.05920167731935874,-0.02442666434743615,-0.002770641786583969,6547.998454191347,6599.926723156613,58.6015458086531,6.673276843387612,-1.8825564903282686
2022-11-04,IM2306,2023-06-16,150.0,0.6147540983606558,6709.645,6477.8,0.07120189100231755,0.08329314693413563,0.06994871166849137,-0.012091255931818076,0.001253179333826182,6429.8280586857445,6482.792401357032,47.97194131425567,-4.992401357031667,-1.2496208203270334
2022-11-07,IM2211,2022-11-18,9.0,0.036885245901639344,6713.638,6711.8,0.021423254650392194,-0.09688238201052822,0.017296037787541615,0.11830563666092042,0.004127216862850579,6741.1524964355,6712.821837970657,-29.352496435500143,-1.0218379706566338,1.4282606988070374
2022-11-07,IM2212,2022-12-16,29.0,0.11885245901639344,6713.638,6686.6,0.04795349346108114,0.016819301381821805,0.05581569003335739,0.031134192079259333,-0.007862196572276249,6711.38876498257,6680.354682558288,-24.788764982569774,6.245317441712359,0.9549070435970994
2022-11-07,IM2303,2023-03-17,88.0,0.36065573770491804,6713.638,6583.2,0.0684009939555727,0.06355172063669048,0.07216740158245802,0.0048492733188822135,-0.003766407626885321,6594.723552536456,6574.2636065534525,-11.523552536456009,8.9363934465473,0.3709633745016027
2022-11-07,IM2306,2023-06-16,149.0,0.610655737704918,6713.638,6466.0,0.07554580771533441,0.07258999251597005,0.07573573236775566,0.002955815199364359,-0.00018992465242125,6477.6815756805945,6465.250125995416,-11.681575680594506,0.749874004583944,0.3046327596136622
2022-11-08,IM2211,2022-11-18,8.0,0.03278688524590164,6694.956,6707.6,-0.043547547558565276,0.023972682923849,-0.043734438997788186,-0.06752023048241428,0.00018689143922290957,6692.76728658656,6707.641101536344,14.832713413440615,-0.04110153634337621,-0.761877653332945
2022-11-08,IM2212,2022-12-16,28.0,0.11475409836065574,6694.956,6681.0,0.032184362382711044,0.05909900479536721,0.033300527836278404,-0.02691464241265617,-0.0011161654535673596,6660.397126782332,6680.14432185375,20.602873217668275,0.855678146250284,-0.7994507615343065
2022-11-08,IM2303,2023-03-17,87.0,0.35655737704918034,6694.956,6578.8,0.06308620686156971,0.07341205129378417,0.06442780153178607,-0.01032584443221446,-0.0013415946702163561,6554.622997806105,6575.653747563584,24.177002193895532,3.1462524364160345,-0.7839584586226539
2022-11-08,IM2306,2023-06-16,148.0,0.6065573770491803,6694.956,6463.2,0.07208165427128832,0.076491494906071,0.07092704041500916,-0.004409840634782683,0.0011546138562791575,6445.935194958603,6467.728019984251,17.264805041397267,-4.528019984250932,-0.453210230692386
2022-11-09,IM2211,2022-11-18,7.0,0.028688524590163935,6676.008,6674.8,0.020307847238360002,-0.030915878840735572,0.015577466031976385,0.051223726079095575,0.004730381206383617,6684.616050443358,6675.705882938918,-9.816050443358108,-0.9058829389177845,0.5388452199951643
2022-11-09,IM2212,2022-12-16,27.0,0.11065573770491803,6676.008,6658.2,0.03813816422159854,0.039477005167146376,0.049988635328773734,-0.0013388409455478353,-0.011850471107175194,6657.213657855646,6649.4746738238855,0.9863421443542393,8.725326176114322,-0.03846975965303142
2022-11-09,IM2303,2023-03-17,86.0,0.3524590163934426,6676.008,6565.0,0.06157346410949056,0.06672887317863423,0.06465960271021955,-0.00515540906914367,-0.0030861386007289895,6553.081764176942,6557.862886485013,11.91823582305824,7.137113514986595,-0.388404890518868
2022-11-09,IM2306,2023-06-16,147.0,0.6024590163934426,6676.008,6456.0,0.06962249421409168,0.07231745810556811,0.06869134835455444,-0.002694963891476429,0.0009311458595372413,6445.526508922252,6459.622684950501,10.473491077747894,-3.622684950501025,-0.2761795535270119
2022-11-10,IM2211,2022-11-18,6.0,0.02459016393442623,6603.309,6616.0,-0.06408287486500718,0.020999456340983894,-0.06361286124120052,-0.08508233120599107,-0.00047001362380665046,6602.172550926035,6615.923534618889,13.827449073965,0.07646538111112022,-0.8322267207475257
2022-11-10,IM2212,2022-12-16,26.0,0.10655737704918032,6603.309,6596.2,0.02410874529043655,0.052563370373036905,0.02315966160819169,-0.028454625082600354,0.0009490836822448612,6576.230280275754,6596.867119759217,19.969719724245806,-0.6671197592168028,-0.7899768663940522
2022-11-10,IM2303,2023-03-17,85.0,0.3483606557377049,6603.309,6511.0,0.054411661137367485,0.06561976834001117,0.05632632194929499,-0.011208107202643681,-0.001914660811927503,6485.627602698878,6506.658659840417,25.372397301121964,4.341340159582614,-0.8378132614979091
2022-11-10,IM2306,2023-06-16,146.0,0.5983606557377049,6603.309,6406.0,0.064698246200064,0.0692779635886409,0.06376984184973161,-0.004579717388576904,0.0009284043503323819,6388.4695233373795,6409.559653832322,17.53047666262046,-3.559653832321601,-0.4679748783076401
2022-11-11,IM2212,2022-12-16,25.0,0.10245901639344263,6643.482,6630.2,0.03353223879628533,0.029272096272373364,0.03188607910719393,0.004260142523911964,0.0016461596890913963,6633.094647778641,6631.318369718474,-2.894647778641229,-1.1183697184742414,0.11413398877608738
2022-11-11,IM2303,2023-03-17,84.0,0.3442622950819672,6643.482,6555.6,0.05268148679956732,0.058540340127219335,0.057641652375205896,-0.005858853327652014,-0.004960165575638574,6542.390796721901,6544.415222918371,13.209203278099267,11.184777081629363,-0.43446874364193844
2022-11-11,IM2306,2023-06-16,145.0,0.5942622950819673,6643.482,6450.0,0.06373576999122818,0.06510378010384252,0.06383491943391977,-0.0013680101126143374,-9.914944269158454e-05,6444.7585592727355,6449.61997219474,5.241440727264489,0.38002780526039714,-0.13938023805805552
2022-11-14,IM2212,2022-12-16,24.0,0.09836065573770492,6599.666,6578.0,0.047430988231183684,0.036402805115494666,0.04615181888134645,0.011028183115689018,0.0012791693498372322,6585.139286698205,6578.8276956085465,-7.139286698205069,-0.8276956085464917,0.2833282334310056
2022-11-14,IM2303,2023-03-17,83.0,0.3401639344262295,6599.666,6502.4,0.05764866661826453,0.05925800174228095,0.06056237948283337,-0.0016093351240164186,-0.002913712864568839,6498.8413148281925,6495.958403846461,3.5586851718071557,6.44159615353874,-0.11831028320355025
2022-11-14,IM2306,2023-06-16,144.0,0.5901639344262295,6599.666,6408.0,0.06393838187323152,0.06480957404868327,0.06487552750019615,-0.0008711921754517571,-0.0009371456269646333,6404.706197958651,6404.456910199279,3.2938020413494087,3.543089800720736,-0.08808108392852441
2022-11-15,IM2212,2022-12-16,23.0,0.0942622950819672,6752.513,6742.8,0.02927082456879403,0.04840132315883438,0.029445424786795578,-0.01913049859004035,-0.00017460021800154782,6730.651768555508,6742.689026445803,12.148231444492012,0.11097355419678934,-0.47315536462060975
2022-11-15,IM2303,2023-03-17,82.0,0.3360655737704918,6752.513,6661.2,0.05451317497633275,0.061369076543610304,0.05546848952155744,-0.006855901567277556,-0.0009553145452246906,6645.870045889365,6659.06177611403,15.32995411063439,2.138223885969637,-0.49870503015171674
2022-11-15,IM2306,2023-06-16,143.0,0.5860655737704918,6752.513,6565.4,0.06194906591489396,0.06536827090579805,0.06176411715496382,-0.003419204990904097,0.00018494875993013693,6552.25691015502,6566.111676069941,13.14308984497984,-0.7116760699409497,-0.3429966431995057
2022-11-16,IM2212,2022-12-16,22.0,0.09016393442622951,6702.041,6684.2,0.04356364318450225,0.033758505861354274,0.04296041582996153,0.009805137323147979,0.000603227354540721,6690.111911966972,6684.5635591910095,-5.911911966972184,-0.36355919100969913,0.23313214313024724
2022-11-16,IM2303,2023-03-17,81.0,0.3319672131147541,6702.041,6607.4,0.05684120011458674,0.05696121604470625,0.05919173817731073,-0.00012001593011951028,-0.002350538062723992,6607.136757482568,6602.246246408871,0.2632425174315358,5.153753591128407,-0.008649782851517504
2022-11-16,IM2306,2023-06-16,142.0,0.5819672131147541,6702.041,6504.8,0.0653289070047116,0.06265993740854452,0.06379390730382695,0.002668969596167081,0.001534999700884651,6514.911449584706,6510.613460923346,-10.111449584705952,-5.813460923345701,0.26647841246945236
2022-11-17,IM2212,2022-12-16,21.0,0.0860655737704918,6714.504,6707.0,0.026992484660190316,0.04541894723278134,0.026486912352001922,-0.01842646257259102,0.0005055723081883942,6696.37190520718,6707.291843820229,10.628094792819866,-0.29184382022867794,-0.4205380134956722
2022-11-17,IM2303,2023-03-17,80.0,0.32786885245901637,6714.504,6635.8,0.04996172506130643,0.060039994199892796,0.05339352566044335,-0.010078269138586365,-0.0034318005991369194,6613.9091780978615,6628.337726066739,21.89082190213867,7.4622739332608035,-0.7199331517125328
2022-11-17,IM2306,2023-06-16,141.0,0.5778688524590164,6714.504,6537.0,0.06036280017513385,0.06430782681399064,0.0598533585570824,-0.003945026638856784,0.0005094416180514497,6522.114522412756,6538.924713622066,14.885477587244168,-1.9247136220656103,-0.3924277687922625
2022-11-18,IM2212,2022-12-16,20.0,0.08196721311475409,6658.401,6646.4,0.03600893342300441,0.030713325498778164,0.034753269398928394,0.005295607924226245,0.0012556640240760156,6649.285603972825,6647.084104497127,-2.8856039728252654,-0.6841044971270094,0.11582597596361932
2022-11-18,IM2303,2023-03-17,79.0,0.3237704918032787,6658.401,6583.4,0.048987859340883615,0.05480409371416444,0.053766226866704174,-0.005816234373280826,-0.004778367525820559,6571.014300028246,6573.222733327781,12.385699971753638,10.177266672219048,-0.4117959672382155
2022-11-18,IM2306,2023-06-16,140.0,0.5737704918032787,6658.401,6485.8,0.05977473789168244,0.060695463622372436,0.059201413257115254,-0.0009207257306899988,0.0005733246345671836,6482.374552377487,6487.933898698999,3.425447622513275,-2.133898698998564,-0.09127457728508864
2022-11-21,IM2212,2022-12-16,19.0,0.0778688524590164,6689.325,6685.0,0.022305780994444448,0.037464110050374824,0.018503857779145684,-0.015158329055930377,0.0038019232152987636,6677.113937229288,6686.979396582151,7.88606277071176,-1.9793965821509119,-0.31721085591689635
2022-11-21,IM2301,2023-01-20,43.0,0.1762295081967213,6689.325,6671.6,0.029055713398898973,0.04889607227234682,0.037690047127116946,-0.019840358873447844,-0.008634333728217973,6648.313772934329,6661.456050340639,23.286227065671483,10.14394965936117,-0.866196517872946
2022-11-21,IM2303,2023-03-17,78.0,0.319672131147541,6689.325,6624.4,0.044509917835219695,0.05467031571087414,0.046668278879129006,-0.010160397875654446,-0.002158361043909311,6602.918879200152,6619.830953239889,21.481120799847304,4.569046760110723,-0.7129008347084677
2022-11-21,IM2306,2023-06-16,139.0,0.569672131147541,6689.325,6528.2,0.0567995620782937,0.05974784574801935,0.053857035402145585,-0.002948283669725646,0.0029425266761481175,6517.244731342659,6539.152238263583,10.955268657340639,-10.95223826358324,-0.291285982313007
2022-11-22,IM2212,2022-12-16,18.0,0.07377049180327869,6583.233,6557.2,0.06771089970440046,0.022586285231712123,0.06626601920904025,0.04512461447268834,0.0014448804953602068,6579.064405227763,6557.898966213351,-21.8644052277632,-0.6989662133510137,0.9025042331734676
2022-11-22,IM2301,2023-01-20,42.0,0.1721311475409836,6583.233,6535.6,0.05618763417175231,0.03989647292459711,0.062050290165774825,0.016291161247155198,-0.005862655994022518,6553.952956724474,6529.007954064511,-18.352956724473188,6.5920459354892955,0.6981988267682391
2022-11-22,IM2303,2023-03-17,77.0,0.3155737704918033,6583.233,6479.2,0.06447604583577089,0.047988384271936524,0.06199160067091735,0.01648766156383437,0.0024844451648535423,6512.999608664261,6484.281851389299,-33.79960866426154,-5.081851389299118,1.1511550246573314
2022-11-22,IM2306,2023-06-16,138.0,0.5655737704918032,6583.233,6369.0,0.07249544726686559,0.05464570838598034,0.06392178438305932,0.01784973888088525,0.008573662883806274,6433.622893038155,6399.9585272877985,-64.62289303815487,-30.95852728779846,1.7683382714893081
2022-11-23,IM2212,2022-12-16,17.0,0.06967213114754098,6567.993,6553.4,0.04592535380115598,0.06504718604612576,0.04539263682590716,-0.019121832244969786,0.0005327169752488148,6544.674988431426,6553.643237408321,8.725011568573791,-0.2432374083209652,-0.3645844227019817
2022-11-23,IM2301,2023-01-20,41.0,0.1680327868852459,6567.993,6528.2,0.05016587001479463,0.06144209765814527,0.05408888448222974,-0.011276227643350636,-0.003923014467435107,6515.842234896317,6523.898060913039,12.35776510368305,4.301939086960374,-0.47311948592928926
2022-11-23,IM2303,2023-03-17,76.0,0.3114754098360656,6567.993,6476.0,0.05928534232653344,0.06166272458792169,0.05852344449342591,-0.0023773822613882556,0.0007618978331075249,6471.206322233346,6477.537017729777,4.793677766653673,-1.5370177297772898,-0.16449326712197887
2022-11-23,IM2306,2023-06-16,137.0,0.5614754098360656,6567.993,6371.2,0.06817952586250217,0.0637534311086394,0.06264272095206952,0.004426094753862769,0.005536804910432652,6387.053035787224,6391.037477099173,-15.853035787224144,-19.837477099173157,0.43734937034800436
2022-11-24,IM2212,2022-12-16,16.0,0.06557377049180328,6586.858,6559.2,0.07816906457134817,0.047032732813201195,0.07607959124650093,0.03113633175814698,0.002089473324847241,6572.605774397929,6560.098768025364,-13.405774397929235,-0.8987680253640065,0.5648716420478456
2022-11-24,IM2301,2023-01-20,40.0,0.16393442622950818,6586.858,6536.2,0.061095019304588966,0.0549623290685554,0.06835333157266874,0.006132690236033564,-0.00725831226807977,6542.774532184829,6528.427284155229,-6.574532184828968,7.772715844770573,0.2517351215906806
2022-11-24,IM2303,2023-03-17,75.0,0.3073770491803279,6586.858,6475.2,0.06962209904361429,0.05904840907294889,0.06697021254929603,0.010573689970665393,0.002651886494318259,6496.279346362978,6480.480275355213,-21.079346362977958,-5.280275355213234,0.7246918109451854
2022-11-24,IM2306,2023-06-16,136.0,0.5573770491803278,6586.858,6371.4,0.07366737634047912,0.06296251227503179,0.06791679702659947,0.010704864065447336,0.00575057931387965,6409.529524983273,6391.854635561038,-38.12952498327377,-20.45463556103823,1.054395502020423
2022-11-25,IM2212,2022-12-16,15.0,0.06147540983606557,6512.162,6497.0,0.05191717124793764,0.07425169656229712,0.05051061465756163,-0.022334525314359477,0.0014065565903760083,6488.0855836951805,6497.561811061773,8.914416304819497,-0.5618110617733691,-0.38478628813025806
2022-11-25,IM2301,2023-01-20,39.0,0.1598360655737705,6512.162,6472.8,0.051930888798023794,0.06745218593326131,0.05850999541835429,-0.015521297135237519,-0.0065791066203304965,6456.761772091363,6465.996920187176,16.038227908637054,6.803079812823853,-0.6229008505640126
2022-11-25,IM2303,2023-03-17,74.0,0.30327868852459017,6512.162,6414.8,0.06366944746909617,0.06647659364442762,0.06233010246164822,-0.002807146175331454,0.0013393450074479507,6409.341099388545,6417.406187660082,5.458900611454737,-2.6061876600815594,-0.19052870504571692
2022-11-25,IM2306,2023-06-16,135.0,0.5532786885245902,6512.162,6306.2,0.07208687332645498,0.06765323247487386,0.06580873392837801,0.004433640851581128,0.006278139398076976,6321.688343503678,6328.143056898906,-15.488343503678152,-21.943056898906434,0.4352346475235272
2022-11-28,IM2212,2022-12-16,14.0,0.05737704918032787,6492.712,6492.0,0.01591134664667087,0.051940534519281795,0.015006940116291882,-0.036029187872610925,0.0009044065303789872,6478.593285118659,6492.3368927603715,13.406714881341031,-0.33689276037148375,-0.5882613069950021
2022-11-28,IM2301,2023-01-20,38.0,0.1557377049180328,6492.712,6466.8,0.039677284378126954,0.059247318019008885,0.04543466145864195,-0.01957003364088193,-0.0057573770805149985,6447.120542571212,6461.0042027295085,19.679457428787828,5.795797270491676,-0.767333568363183
2022-11-28,IM2303,2023-03-17,73.0,0.29918032786885246,6492.712,6407.0,0.058418610410215,0.0627662444598423,0.056217933748820725,-0.004347634049627305,0.0022006766613942713,6398.671662418491,6411.219752439033,8.328337581509004,-4.219752439033073,-0.29216331715220506
2022-11-28,IM2306,2023-06-16,134.0,0.5491803278688525,6492.712,6302.8,0.06805571989866918,0.06607229360998172,0.06298963071861509,0.0019834262886874593,0.0050660891800540925,6309.669120176646,6320.36004462718,-6.869120176645993,-17.560044627180105,0.19403832754092573
2022-11-29,IM2212,2022-12-16,13.0,0.05327868852459016,6594.323,6597.0,0.006382078513430937,0.020783397791633927,0.004025472645237664,-0.014401319278202991,0.002356605868193273,6591.940172791673,6597.828350673037,5.0598272083270786,-0.8283506730367662,-0.22236635311670705
2022-11-29,IM2301,2023-01-20,37.0,0.15163934426229508,6594.323,6575.2,0.03315157004022398,0.0482865985159878,0.04027995775131123,-0.015135028475763819,-0.0071283877110872446,6560.126787018918,6568.096416739975,15.073212981082179,7.103583260024607,-0.5793869615501189
2022-11-29,IM2303,2023-03-17,72.0,0.29508196721311475,6594.323,6520.2,0.05230826114751472,0.05783328018509817,0.052674642913375466,-0.005525019037583449,-0.0003663817658607488,6509.578560198452,6519.49512198879,10.62143980154815,0.7048780112099848,-0.3675316055961911
2022-11-29,IM2306,2023-06-16,133.0,0.5450819672131147,6594.323,6418.6,0.06355053297230501,0.06391501899216225,0.06035103982282189,-0.00036448601985723805,0.003199493149483118,6417.324912874488,6429.803715389849,1.2750871255120728,-11.203715389848185,-0.03553349223118992
2022-11-30,IM2212,2022-12-16,12.0,0.04918032786885246,6590.307,6582.8,0.037174843999542274,0.010674563322396462,0.03596546879359708,0.026500280677145813,0.001209375205945197,6591.384906925635,6583.191539927673,-8.584906925634641,-0.39153992767296586,0.3861111291247678
2022-11-30,IM2301,2023-01-20,36.0,0.14754098360655737,6590.307,6556.4,0.04896154902955721,0.04350339034108841,0.054222461175458224,0.0054581586884688005,-0.005260912145901013,6561.682009219891,6551.312895879915,-5.282009219891734,5.087104120084405,0.20384577399241405
2022-11-30,IM2303,2023-03-17,71.0,0.29098360655737704,6590.307,6496.4,0.06332152713612438,0.05448363246822114,0.06076510787739009,0.008837894667903239,0.002556419258734288,6513.128178526897,6501.234314511199,-16.728178526896954,-4.834314511199409,0.5818450178678095
2022-11-30,IM2306,2023-06-16,132.0,0.5409836065573771,6590.307,6394.0,0.06989796467231899,0.06138221145390893,0.0653795166361376,0.008515753218410055,0.004518448036181386,6423.524364617903,6409.648652015926,-29.524364617903302,-15.648652015926018,0.8272640765753311
2022-12-01,IM2212,2022-12-16,11.0,0.045081967213114756,6658.427,6662.0,0.0021001354889828242,0.03912681090626966,0.00012197920964335252,-0.03702667541728684,0.0019781562793394717,6650.888830142708,6662.5941381660095,11.111169857292225,-0.5941381660095431,-0.5079049669695475
2022-12-01,IM2301,2023-01-20,35.0,0.14344262295081966,6658.427,6640.2,0.033109989044497204,0.0557376541932085,0.04007079746986805,-0.0226276651487113,-0.0069608084253708485,6618.682366707548,6633.573224449316,21.517633292452047,6.626775550684215,-0.8238112773044927
2022-12-01,IM2303,2023-03-17,70.0,0.28688524590163933,6658.427,6585.0,0.05265286009974596,0.0616161707677214,0.052742877016298026,-0.008963310667975441,-9.001691655206867e-05,6568.088809549974,6584.829947697062,16.91119045002597,0.17005230293761997,-0.5838906023160428
2022-12-01,IM2306,2023-06-16,131.0,0.5368852459016393,6658.427,6483.6,0.0635587446609642,0.0658695075604272,0.06037570391689876,-0.002310762899462998,0.0031830407440654393,6475.561339249798,6494.689475925975,8.038660750202325,-11.089475925974511,-0.22367570303074882
2022-12-02,IM2212,2022-12-16,10.0,0.040983606557377046,6680.542,6681.8,0.009405715541379605,0.006942074651713294,0.007294227558292912,0.0024636408896663107,0.0021114879830866923,6682.474687982665,6682.378243888283,-0.6746879826650911,-0.5782438882824863,0.031741667123896276
2022-12-02,IM2301,2023-01-20,34.0,0.13934426229508196,6680.542,6661.0,0.03502346018648554,0.043251673136954064,0.0420824881664832,-0.008228212950468522,-0.007059027979997662,6653.36717860835,6654.451228284675,7.6328213916503955,6.548771715324619,-0.2917914353795582
2022-12-02,IM2303,2023-03-17,69.0,0.2827868852459016,6680.542,6606.2,0.05357227349658937,0.05449391835292635,0.05304244949834432,-0.0009216448563369797,0.0005298239982450478,6604.478456535308,6607.18986311759,1.7215434646914218,-0.9898631175901755,-0.05939302062333765
2022-12-02,IM2306,2023-06-16,130.0,0.5327868852459017,6680.542,6508.4,0.0629979622650484,0.061363816833267644,0.059956699919964176,0.0016341454317807605,0.003041262345084228,6514.069014134707,6518.954399967511,-5.66901413470714,-10.554399967511017,0.1576064599365812
2022-12-05,IM2212,2022-12-16,9.0,0.036885245901639344,6714.367,6703.0,0.059936296402633565,0.012976010138572157,0.05694312993864281,0.04696028626406141,0.002993166463990754,6714.620607222166,6703.740076726916,-11.620607222165745,-0.7400767269164135,0.5669119459761925
2022-12-05,IM2301,2023-01-20,33.0,0.13524590163934427,6714.367,6683.2,0.048401369263488515,0.044686254949231785,0.05969442129939973,0.0037151143142567303,-0.011293052035911216,6686.558844235058,6673.000279161274,-3.3588442350583136,10.199720838725625,0.12821774875864697
2022-12-05,IM2303,2023-03-17,68.0,0.2786885245901639,6714.367,6621.6,0.06392141817052897,0.054467218103676156,0.06187032058384565,0.009454200066852818,0.0020510975866833217,6639.069443770993,6625.386103510611,-17.469443770992257,-3.786103510610701,0.6025689317765308
2022-12-05,IM2306,2023-06-16,129.0,0.5286885245901639,6714.367,6508.2,0.07298868089964368,0.06076133957565552,0.06473727543076493,0.012227341323988158,0.008251405468878745,6550.40824598603,6536.653541936157,-42.208245986030306,-28.453541936157308,1.174929994756003
2022-12-06,IM2212,2022-12-16,8.0,0.03278688524590164,6703.552,6697.8,0.04018183758967177,0.05722660132118309,0.038919292729278736,-0.01704476373151132,0.001262544860393032,6694.058015576053,6698.077260589892,3.7419844239475424,-0.2772605898917391,-0.19232129642946977
2022-12-06,IM2301,2023-01-20,32.0,0.13114754098360656,6703.552,6673.4,0.048373957439983344,0.05985126700005845,0.0559933477270501,-0.01147730956007511,-0.007619390287066756,6663.36261480927,6666.734840303441,10.037385190729765,6.665159696558476,-0.38515656833670187
2022-12-06,IM2303,2023-03-17,67.0,0.27459016393442626,6703.552,6611.4,0.06441004831782797,0.06197770807198782,0.0615369511168763,0.002432340245840152,0.00287309720095167,6615.817207242545,6616.617951677156,-4.4172072425453734,-5.217951677156634,0.1532903333915207
2022-12-06,IM2306,2023-06-16,128.0,0.5245901639344263,6703.552,6496.2,0.07389465065978804,0.06481588415383092,0.06559694601305792,0.009078766505957112,0.008297704646730117,6527.212800112836,6524.538904949477,-31.012800112835976,-28.338904949477183,0.8691192383559461
2022-12-07,IM2212,2022-12-16,7.0,0.028688524590163935,6705.287,6695.2,0.0664763117052805,0.041443842779697815,0.06459627923797595,0.025032468925582682,0.001880032467304546,6700.0098486047755,6695.561117745082,-4.809848604775652,-0.3611177450820833,0.2633199107204223
2022-12-07,IM2301,2023-01-20,31.0,0.12704918032786885,6705.287,6668.8,0.056947038181614916,0.057114183383524454,0.06498242785836433,-0.0001671452019095382,-0.008035389676749417,6668.658385128249,6661.99536493688,0.14161487175078946,6.804635063120259,-0.005448865163038484
2022-12-07,IM2303,2023-03-17,66.0,0.27049180327868855,6705.287,6609.6,0.06713721843213652,0.062147398219005556,0.06627757468704164,0.004989820213130963,0.0008596437450948818,6618.527036337572,6611.137086427839,-8.927036337571735,-1.5370864278384033,0.3108701713502881
2022-12-07,IM2306,2023-06-16,127.0,0.5204918032786885,6705.287,6491.8,0.07616520118266654,0.06594615470311078,0.06839337312756268,0.010219046479555752,0.00777182805510386,6526.421422155502,6518.113638503274,-34.62142215550193,-26.313638503273978,0.9745642916342104
2022-12-08,IM2212,2022-12-16,6.0,0.02459016393442623,6662.344,6663.8,0.005113608422320608,0.06453662585270203,0.005482874483219602,-0.059423017430381427,-0.0003692660608989942,6654.069821274022,6663.739490885132,9.730178725978476,0.06050911486818222,-0.5812273036065597
2022-12-08,IM2301,2023-01-20,30.0,0.12295081967213115,6662.344,6634.0,0.04867593034514286,0.06498336880198916,0.05107645412777141,-0.016307438456846297,-0.002400523782628554,6620.7120699427005,6632.042287923217,13.28793005729949,1.9577120767826273,-0.5159253497246699
2022-12-08,IM2303,2023-03-17,65.0,0.26639344262295084,6662.344,6572.2,0.0651376804220428,0.06629793430454045,0.0623929217155963,-0.0011602538824976444,0.0027447587064465054,6570.168951862265,6577.007256079747,2.031048137734615,-4.807256079747276,-0.07144022745481611
2022-12-08,IM2306,2023-06-16,126.0,0.5163934426229508,6662.344,6455.4,0.07510531647658461,0.06842066815595906,0.06820869679450693,0.006684648320625555,0.006896619682077679,6477.721955020549,6478.431049297156,-22.321955020549467,-23.031049297156642,0.6350390547984881
2022-12-09,IM2301,2023-01-20,29.0,0.11885245901639344,6680.375,6649.8,0.05259696894688624,0.05376215739335802,0.054629395678087826,-0.0011651884464717807,-0.0020324267312015892,6648.879162804543,6648.193875523189,0.9208371954573522,1.6061244768116012,-0.035738768021552014
2022-12-09,IM2303,2023-03-17,64.0,0.26229508196721313,6680.375,6586.8,0.06778094484249118,0.063786700813875,0.06582650347493296,0.003994244028616187,0.001954441367558221,6593.7044126201745,6590.1775251685995,-6.904412620174298,-3.377525168599277,0.24300126516307877
2022-12-09,IM2306,2023-06-16,125.0,0.5122950819672131,6680.375,6472.4,0.07573617953246402,0.0689688378934569,0.07117196008325387,0.006767341639007121,0.0045642194492101495,6494.8779487994325,6487.551648674568,-22.477948799432852,-15.151648674568605,0.6403758726904121
2022-12-12,IM2301,2023-01-20,28.0,0.11475409836065574,6655.674,6632.0,0.045051667626289975,0.05729365757678343,0.047153318355444285,-0.012241989950493457,-0.00210165072915431,6622.689784695187,6630.400733292996,9.310215304813028,1.5992667070040625,-0.36166904264361716
2022-12-12,IM2303,2023-03-17,63.0,0.2581967213114754,6655.674,6565.8,0.0666550655433285,0.06718835174414442,0.0642818102225381,-0.0005332862008159134,0.002373255320790413,6564.8959991900365,6569.8245368042035,0.9040008099636907,-4.024536804203308,-0.032047916576138646
2022-12-12,IM2306,2023-06-16,124.0,0.5081967213114754,6655.674,6454.2,0.07448571543484253,0.0719069753862268,0.07156939191684175,0.0025787400486157325,0.0029163235180007796,6462.663820552057,6463.7726425928495,-8.463820552056859,-9.572642592849661,0.24193352204197596
2022-12-13,IM2301,2023-01-20,27.0,0.11065573770491803,6593.668,6580.0,0.032752296861119704,0.05128442439742502,0.03319819943256052,-0.018532127536305315,-0.0004459025714408163,6566.52031054671,6579.67533976855,13.47968945329012,0.32466023145025247,-0.5297417792958173
2022-12-13,IM2303,2023-03-17,62.0,0.2540983606557377,6593.668,6521.0,0.05761325331021654,0.06635710627093444,0.05849235234530577,-0.008743852960717897,-0.0008790990350892244,6506.527733841353,6519.543517194937,14.472266158646562,1.4564828050633878,-0.5181680593206989
2022-12-13,IM2306,2023-06-16,123.0,0.5040983606557377,6593.668,6410.0,0.07004168918686288,0.0726747247354993,0.06875908247346563,-0.00263303554863642,0.0012826067133972496,6401.497593835783,6414.1457893318175,8.502406164217064,-4.145789331817468,-0.24449493016495147
2022-12-14,IM2301,2023-01-20,26.0,0.10655737704918032,6570.018,6539.0,0.05841103723368175,0.03920998636746791,0.05887114690487871,0.019201050866213834,-0.0004601096711969663,6552.392579068454,6538.679413245666,-13.392579068454324,0.3205867543338172,0.5304463455327701
2022-12-14,IM2303,2023-03-17,61.0,0.25,6570.018,6474.8,0.0723954125645003,0.06146941157842606,0.07159215181406248,0.010926000986074241,0.0008032607504378231,6492.51009434831,6476.10036873926,-17.710094348310122,-1.3003687392601933,0.6388661979016679
2022-12-14,IM2306,2023-06-16,122.0,0.5,6570.018,6358.4,0.0794795976868658,0.07033176561566643,0.07654360587728551,0.009147832071199374,0.0029359918095802906,6387.549400356794,6367.740959728842,-29.149400356794104,-9.34095972884279,0.8438365734169314
2022-12-15,IM2301,2023-01-20,25.0,0.10245901639344263,6597.551,6567.0,0.0593001846088323,0.06184120706534928,0.059059900004910446,-0.002541022456516974,0.0002402846039218573,6565.29049975016,6567.161677092023,1.709500249839948,-0.16167709202272817,-0.06775846029908855
2022-12-15,IM2303,2023-03-17,60.0,0.2459016393442623,6597.551,6506.2,0.07070133460766723,0.07304169362941162,0.07172553692579446,-0.002340359021744398,-0.0010242023181272347,6502.456771344838,6504.5616001490525,3.7432286551620564,1.6383998509472804,-0.13503742617612138
2022-12-15,IM2306,2023-06-16,121.0,0.4959016393442623,6597.551,6394.2,0.07713185440336011,0.0773033080507084,0.07655145851283042,-0.00017145364734828805,0.0005803958905296891,6393.656361724891,6396.040638872105,0.5436382751086057,-1.8406388721050462,-0.01573503097796505
2022-12-16,IM2301,2023-01-20,24.0,0.09836065573770492,6519.436,6531.8,-0.005262651333624796,0.06194353573727407,-0.0047420317418633146,-0.06720618707089887,-0.0005206195917614818,6488.764297046321,6531.465524985417,43.03570295367899,0.3344750145834041,-1.7275689909545988
2022-12-16,IM2303,2023-03-17,59.0,0.24180327868852458,6519.436,6476.0,0.041645751332813855,0.07311321310372007,0.0441339284216448,-0.031467461770906216,-0.0024881770888309437,6426.911526514295,6472.1048904904355,49.088473485705435,3.8951095095644632,-1.7913746100593086
2022-12-16,IM2306,2023-06-16,120.0,0.4918032786885246,6519.436,6368.0,0.06178825519435738,0.07727394864686915,0.06200363629451668,-0.015485693452511773,-0.00021538110015930506,6319.68606540355,6367.325504487997,48.31393459645005,0.6744955120029772,-1.4146676346827443
2022-12-19,IM2301,2023-01-20,23.0,0.0942622950819672,6390.77,6417.0,-0.029452759690780872,0.006162375767418779,-0.029269531729901044,-0.03561513545819965,-0.00018322796087982818,6395.493197130237,6416.889169817865,21.506802869763305,0.11083018213503237,-0.8813245341361688
2022-12-19,IM2302,2023-02-17,38.0,0.1557377049180328,6390.77,6392.4,0.012362485072765413,0.033953997720663265,0.011382963224983736,-0.021591512647897854,0.000979521847781677,6370.940934535127,6393.375225314937,21.459065464872765,-0.9752253149372336,-0.8448260393340646
2022-12-19,IM2303,2023-03-17,58.0,0.23770491803278687,6390.77,6365.0,0.030998091315691097,0.04930077898848956,0.03383310749789173,-0.01830268767279846,-0.0028350161822006323,6337.368334855805,6360.712088722336,27.631665144194812,4.287911277663625,-1.0277261003904783
2022-12-19,IM2306,2023-06-16,119.0,0.48770491803278687,6390.77,6261.0,0.05606405223850437,0.06467209882182649,0.056323543240302754,-0.008608046583322121,-0.00025949100179838147,6234.77025057983,6260.207689045099,26.229749420170265,0.7923109549010405,-0.7828727254737355
2022-12-20,IM2301,2023-01-20,22.0,0.09016393442622951,6341.583,6350.4,-0.0014095008140641227,-0.015548946844272618,-0.004049291195337243,0.014139446030208495,0.00263979038127312,6358.501085095224,6351.9116632782525,-8.101085095224335,-1.511663278252854,0.3367945481825351
2022-12-20,IM2302,2023-02-17,37.0,0.15163934426229508,6341.583,6330.6,0.025431092901329645,0.020639864912516438,0.026202848673018794,0.004791227988813207,-0.000771755771689149,6335.201096942089,6329.859182479302,-4.6010969420885885,0.7408175206983287,0.18339873117936117
2022-12-20,IM2303,2023-03-17,57.0,0.2336065573770492,6341.583,6306.4,0.03781538910820282,0.04023583568581487,0.04271780042032759,-0.002420446577612048,-0.004902411312124773,6302.8351663532385,6299.181821333477,3.5648336467611443,7.218178666522363,-0.1343535809002202
2022-12-20,IM2306,2023-06-16,118.0,0.48360655737704916,6341.583,6203.4,0.05955540583785246,0.05960698343059113,0.05943875381279222,-5.1577592738667744e-05,0.00011665202506024042,6203.24526889788,6203.749966520237,0.1547311021195128,-0.3499665202371034,-0.00468551819229577
2022-12-21,IM2301,2023-01-20,21.0,0.0860655737704918,6289.136,6302.2,-0.010110434756462618,0.005778035889645969,-0.013820045948646553,-0.015888470646108585,0.0037096111921839352,6293.587944072942,6304.212423468575,8.612055927057554,-2.0124234685754345,-0.36321040084078926
2022-12-21,IM2302,2023-02-17,36.0,0.14754098360655737,6289.136,6288.8,0.014362115586194027,0.03277579335782443,0.019260188603737516,-0.018413677771630402,-0.0048980730175434885,6271.737950771627,6284.256936604578,17.062049228373326,4.543063395421996,-0.6876604393138469
2022-12-21,IM2303,2023-03-17,56.0,0.22950819672131148,6289.136,6260.2,0.034093255794843125,0.047238174713190306,0.037048213133458976,-0.013144918918347182,-0.0029549573386158517,6241.342271407961,6255.955853504735,18.857728592039166,4.244146495264431,-0.7192283465471179
2022-12-21,IM2306,2023-06-16,117.0,0.47950819672131145,6289.136,6166.4,0.0551014895762468,0.06174526589649117,0.05508715012116196,-0.00664377632024437,1.433945508483997e-05,6146.786678891557,6166.442399610737,19.613321108442506,-0.0423996107374478,-0.6010062863017533
2022-12-22,IM2301,2023-01-20,20.0,0.08196721311475409,6186.928,6206.0,-0.023550219558719103,-0.0034641961845088415,-0.027745947874961027,-0.02008602337421026,0.004195728316241924,6195.790876837471,6208.134685897946,10.209123162529067,-2.1346858979459284,-0.4399760084332851
2022-12-22,IM2302,2023-02-17,35.0,0.14344262295081966,6186.928,6195.0,0.004910401126452609,0.026122966599027186,0.009136073197376297,-0.02121256547257458,-0.0042256720709236886,6176.17858982212,6191.24609131164,18.821410177880352,3.753908688359843,-0.7722714055420817
2022-12-22,IM2303,2023-03-17,55.0,0.22540983606557377,6186.928,6173.6,0.023567209015801616,0.04173885412191099,0.028693484069813202,-0.01817164510610937,-0.0051262750540115865,6148.364236387286,6166.470445996028,25.235763612714436,7.129554003972771,-0.9796939681903581
2022-12-22,IM2306,2023-06-16,116.0,0.47540983606557374,6186.928,6088.8,0.04762921839897144,0.057466669012132335,0.048653348610818006,-0.009837450613160895,-0.0010241302118465662,6060.390259031126,6085.836197028377,28.409740968873848,2.9638029716234087,-0.8859797606127952
2022-12-23,IM2301,2023-01-20,19.0,0.0778688524590164,6160.745,6165.2,0.004716885165620287,-0.01663673585043507,0.0047768980818780685,0.021353621016055355,-6.0012916257781365e-05,6175.459911000266,6165.171189243569,-10.259911000266584,0.028810756431084883,0.44745420022096627
2022-12-23,IM2302,2023-02-17,34.0,0.13934426229508196,6160.745,6146.6,0.030496038937192965,0.016428927595562498,0.028068630451699904,0.014067111341630467,0.0024274084854930614,6158.660204792573,6148.6794111062345,-12.060204792572222,-2.079411106234147,0.49885107021681346
2022-12-23,IM2303,2023-03-17,54.0,0.22131147540983606,6160.745,6127.0,0.03881786377023815,0.03364745555890149,0.04043766836916109,0.005170408211336665,-0.0016198045989229345,6134.014959133958,6124.803978435022,-7.0149591339577455,2.1960215649778547,0.2745665720060765
2022-12-23,IM2306,2023-06-16,115.0,0.4713114754098361,6160.745,6053.2,0.051365213620104655,0.051153125349529066,0.053691950092872774,0.00021208827057558888,-0.002326736472768119,6053.805105909532,6046.565592713225,-0.60510590953254,6.634407286775058,0.019014711383599444
2022-12-26,IM2301,2023-01-20,18.0,0.07377049180327869,6275.524,6285.2,-0.006884716756868201,0.011464866282505634,-0.007543305455866858,-0.018349583039373833,0.0006585886989986574,6276.6977460834705,6285.505370165748,8.502253916529298,-0.30537016574817244,-0.36719406173382346
2022-12-26,IM2302,2023-02-17,33.0,0.13524590163934427,6275.524,6268.8,0.021926589467291265,0.032422423178400446,0.020429573820451456,-0.010495833711109182,0.0014970156468398083,6259.9076353978,6270.069342534152,8.89236460220036,-1.2693425341522016,-0.36224448167069456
2022-12-26,IM2303,2023-03-17,53.0,0.21721311475409835,6275.524,6254.0,0.029817315983674965,0.04338189851819088,0.034909783628251215,-0.013564582534515916,-0.00509246764457625,6235.600301532419,6247.085957845543,18.399698467581402,6.914042154457093,-0.709239063390872
2022-12-26,IM2306,2023-06-16,114.0,0.4672131147540984,6275.524,6170.0,0.05029639035099053,0.05517702447552446,0.050090001010975826,-0.004880634124533927,0.00020638934001470516,6155.946601052211,6170.594988251735,14.053398947788992,-0.5949882517352307,-0.43555972345946986
2022-12-27,IM2301,2023-01-20,17.0,0.06967213114754098,6325.628,6336.2,-0.009967997255839115,0.00022134523321028915,-0.009329126914663186,-0.010189342489049404,-0.0006388703411759292,6331.703444213862,6335.917972775342,4.496555786137833,0.2820272246581226,-0.19436801800231487
2022-12-27,IM2302,2023-02-17,32.0,0.13114754098360656,6325.628,6319.2,0.02175234020138818,0.02542869697640865,0.020752151341183786,-0.00367635677502047,0.001000188860204393,6316.153962737979,6320.028958425421,3.0460372620209455,-0.8289584254207512,-0.12337676074027631
2022-12-27,IM2303,2023-03-17,52.0,0.21311475409836064,6325.628,6297.8,0.034688160139173994,0.038264632682067166,0.03587101561180081,-0.003576472542893172,-0.0011828554726268162,6293.001651599517,6296.212625763838,4.798348400483519,1.5873742361618497,-0.18405017890891354
2022-12-27,IM2306,2023-06-16,113.0,0.46311475409836067,6325.628,6211.0,0.053487847198456416,0.05176816356125154,0.05123432424063489,0.0017196836372048788,0.0022535229578215243,6215.948478130411,6217.485430003486,-4.9484781304108765,-6.485430003485817,0.15275234503839608
2022-12-28,IM2301,2023-01-20,16.0,0.06557377049180328,6268.466,6293.4,-0.04653941339032359,-0.0012525534296357957,-0.0464146839305401,-0.04528685996068779,-0.0001247294597834861,6274.738651907664,6293.348526611668,18.661348092336084,0.05147338833194226,-0.8219450062021172
2022-12-28,IM2302,2023-02-17,31.0,0.12704918032786885,6268.466,6278.2,0.0017870319698023995,0.025891069212676854,0.0004564046599041388,-0.024104037242874455,0.0013306273098982607,6259.003061120258,6279.261451504975,19.196938879741538,-1.0614515049755937,-0.7858319887827977
2022-12-28,IM2303,2023-03-17,51.0,0.20901639344262296,6268.466,6261.2,0.019548883334351185,0.03929111989193615,0.02309601626035495,-0.019742236557584964,-0.0035471329260037647,6235.416697827605,6256.559610825179,25.783302172394542,4.640389174820484,-0.9995364598276208
2022-12-28,IM2306,2023-06-16,112.0,0.45901639344262296,6268.466,6179.6,0.04510591116641196,0.05292886555238254,0.04477670817595189,-0.007822954385970582,0.0003292029904600688,6157.449688103615,6180.533867251374,22.150311896385574,-0.9338672513740676,-0.691588409826545
2022-12-29,IM2301,2023-01-20,15.0,0.06147540983606557,6261.829,6269.2,-0.0051367546637654995,-0.03420341262140776,-0.007109550588929037,0.02906665795764226,0.001972795925163537,6280.412352234143,6269.960364890651,-11.21235223414351,-0.7603648906515446,0.500963215736703
2022-12-29,IM2302,2023-02-17,30.0,0.12295081967213115,6261.829,6257.6,0.01949479820124621,0.008124409934151769,0.0224301726751227,0.011370388267094442,-0.0029353744738764877,6266.354233550137,6255.341997737629,-8.754233550136632,2.2580022623715195,0.35976008553644745
2022-12-29,IM2303,2023-03-17,50.0,0.20491803278688525,6261.829,6235.0,0.0349534308498583,0.028149611656912543,0.03666825427482173,0.006803819192945759,-0.0017148234249634298,6243.69905721262,6232.809416862089,-8.699057212619664,2.190583137910835,0.33876251412790476
2022-12-29,IM2306,2023-06-16,111.0,0.45491803278688525,6261.829,6149.0,0.053969503690952284,0.04724842404751474,0.05097210481360185,0.006721079643437544,0.0029973988773504337,6167.829586928287,6157.390315948775,-18.829586928287426,-8.390315948775424,0.5913200662522213
2022-12-30,IM2301,2023-01-20,14.0,0.05737704918032787,6281.621,6285.8,0.002409077298435574,0.00022199327198968444,0.0010444275940413653,0.0021870840264458895,0.0013646497043942087,6286.588844653534,6286.292194726307,-0.7888446535334879,-0.4921947263064794,0.03572153721386636
2022-12-30,IM2302,2023-02-17,29.0,0.11885245901639344,6281.621,6274.0,0.024213995009249013,0.026988149823981802,0.02868400619634731,-0.002774154814732789,-0.004470011187098298,6271.93170832045,6270.667685853109,2.0682916795503843,3.3323141468908943,-0.08509790643487614
2022-12-30,IM2303,2023-03-17,49.0,0.20081967213114754,6281.621,6246.2,0.04215854288750418,0.03965640568128323,0.04165151739658328,0.0025021372062209515,0.0005070254909209024,6249.33936908229,6246.836024791366,-3.1393690822906137,-0.6360247913662533,0.12246345296429519
2022-12-30,IM2306,2023-06-16,110.0,0.45081967213114754,6281.621,6152.0,0.06025094528330231,0.05243322544501452,0.05442564638250035,0.007817719838287794,0.00582529890080196,6173.720250159247,6168.177365134637,-21.72025015924737,-16.177365134636602,0.6844449315515947
2023-01-03,IM2301,2023-01-20,13.0,0.05327868852459016,6423.701,6420.0,0.024816963895309928,0.007647107836415909,0.027943528682591354,0.01716985605889402,-0.003126564787281426,6425.875622254189,6418.930650145501,-5.875622254188784,1.069349854498796,0.26519456767119104
2023-01-03,IM2302,2023-02-17,28.0,0.11475409836065574,6423.701,6397.0,0.050297621989397245,0.032736664116103556,0.047428537077653904,0.01756095787329369,0.0028690849117433415,6409.904180334547,6399.106490246722,-12.904180334547164,-2.1064902467223874,0.5216961957504022
2023-01-03,IM2303,2023-03-17,48.0,0.19672131147540983,6423.701,6366.0,0.059867437668321095,0.04428572433311266,0.056280794481559544,0.015581713335208434,0.003586643186761551,6385.543351230396,6370.49323817713,-19.543351230396183,-4.4932381771295695,0.7493222911902039
2023-01-03,IM2306,2023-06-16,109.0,0.44672131147540983,6423.701,6264.2,0.0702846321568668,0.05570285795992538,0.06472130211570587,0.01458177419694142,0.005563330041160927,6305.138122216162,6279.787515217027,-40.9381222161619,-15.58751521702743,1.2703129802310453
2023-01-04,IM2301,2023-01-20,12.0,0.04918032786885246,6421.277,6414.4,0.035788075021372524,0.03242751745697277,0.037949192020115936,0.0033605575643997562,-0.002161116998743412,6415.460216812385,6413.71828530011,-1.0602168123850788,0.6817146998891985,0.048976531012013484
2023-01-04,IM2302,2023-02-17,27.0,0.11065573770491803,6421.277,6389.8,0.05840834868687663,0.05014308795497388,0.055670650768288144,0.00826526073190275,0.0027376979185884873,6395.646774964488,6391.736031919529,-5.8467749644878495,-1.936031919528432,0.2375281183347834
2023-01-04,IM2303,2023-03-17,47.0,0.19262295081967212,6421.277,6359.0,0.0645956079093645,0.058028563228188154,0.06337379573498765,0.0065670446811763455,0.001221812174376849,6367.048992821145,6360.496760836809,-8.048992821144566,-1.4967608368087895,0.31015522913132704
2023-01-04,IM2306,2023-06-16,108.0,0.4426229508196721,6421.277,6253.0,0.07399611846821261,0.06556005802983264,0.07023956220249358,0.008436060438379966,0.0037565562657190243,6276.392310453878,6263.405749454609,-23.392310453878054,-10.405749454608667,0.731219910936514
2023-01-05,IM2301,2023-01-20,11.0,0.045081967213114756,6485.469,6490.4,-0.0028587630962777343,0.04188969809461762,5.47364227788949e-06,-0.04474846119089536,-0.002864236738555624,6477.319798355213,6489.56197843641,13.08020164478694,0.8380215635897912,-0.6139679470728517
2023-01-05,IM2302,2023-02-17,26.0,0.10655737704918032,6485.469,6464.6,0.04424658911013926,0.058019382520891644,0.04019944242865977,-0.013772793410752382,0.004047146681479492,6455.119558385078,6467.3884815366355,9.48044161492271,-2.7884815366351177,-0.3824309196621628
2023-01-05,IM2303,2023-03-17,46.0,0.1885245901639344,6485.469,6432.0,0.057912595220040955,0.064868799442257,0.056628868387654505,-0.006956204222216045,0.0012837268323864504,6423.570503676196,6433.5568229090595,8.429496323804415,-1.5568229090595196,-0.3224977801843808
2023-01-05,IM2306,2023-06-16,107.0,0.4385245901639344,6485.469,6323.8,0.07156539807822683,0.07094644011839915,0.06948564586997295,0.000618957959827679,0.0020797522082538766,6325.5166911616,6329.57007860993,-1.716691161599556,-5.770078609929442,0.05337553606912981
2023-01-06,IM2301,2023-01-20,10.0,0.040983606557377046,6500.32,6505.2,-0.004310994960326076,0.008674213652080973,-0.0042687250061211185,-0.012985208612407049,-4.22699542049574e-05,6501.738979260895,6505.18873056279,3.4610207391051517,0.011269437210103206,-0.16733526587634787
2023-01-06,IM2302,2023-02-17,25.0,0.10245901639344263,6500.32,6483.4,0.03943790123059038,0.04527469718403629,0.03909649028113295,-0.005836795953445911,0.00034141094945742967,6479.523876056885,6483.626797383713,3.87612394311509,-0.2267973837133468,-0.1563997601107973
2023-01-06,IM2303,2023-03-17,45.0,0.18442622950819673,6500.32,6451.0,0.05529699408393809,0.05981355271750801,0.05629770043445877,-0.004516558633569923,-0.001000706350520679,6445.628735774249,6449.809535881814,5.371264225750565,1.1904641181863553,-0.20544160367772743
2023-01-06,IM2306,2023-06-16,106.0,0.4344262295081967,6500.32,6344.0,0.07003234904586143,0.07095892485417793,0.06941491855660424,-0.000926575808316496,0.0006174304892571925,6341.446870960782,6345.701866662334,2.55312903921822,-1.701866662334396,-0.07948741756711958
2023-01-09,IM2301,2023-01-20,9.0,0.036885245901639344,6535.749,6518.2,0.08689337127094401,0.004692623831457771,0.08572540874982432,0.08220074743948624,0.0011679625211196976,6537.993139576754,6518.480813916584,-19.793139576754584,-0.2808139165845205,0.9925092185179535
2023-01-09,IM2302,2023-02-17,24.0,0.09836065573770492,6535.749,6493.0,0.08071651944524129,0.044263880065527283,0.08099906189362628,0.036452639379714005,-0.00028254244838499254,6516.322473737576,6492.819555151582,-23.32247373757582,0.18044484841811936,0.941353474372377
2023-01-09,IM2303,2023-03-17,44.0,0.18032786885245902,6535.749,6462.8,0.07624381055690312,0.0595072132748858,0.07939364070120986,0.016736597282017318,-0.0031498301443067395,6482.334678324365,6459.130157996395,-19.534678324364904,3.6698420036054813,0.7465283906971899
2023-01-09,IM2306,2023-06-16,105.0,0.430327868852459,6535.749,6351.2,0.08056130074758179,0.07088478315756554,0.0787927564546098,0.009676517590016254,0.0017685442929719908,6377.702014257845,6356.035445291717,-26.502014257845076,-4.835445291717406,0.8257243781947107
2023-01-10,IM2301,2023-01-20,8.0,0.03278688524590164,6540.201,6532.2,0.051335227166302906,0.08475898820979891,0.049315316137470186,-0.033423761043496,0.00201991102883272,6525.045537523654,6532.632619663748,7.154462476345543,-0.4326196637484827,-0.37718516428639437
2023-01-10,IM2302,2023-02-17,23.0,0.0942622950819672,6540.201,6512.6,0.05886562617785104,0.08045742227726102,0.06410636950242794,-0.021591796099409984,-0.005240743324576906,6499.3584354562,6509.383540872307,13.24156454380045,3.2164591276932697,-0.5366344973379034
2023-01-10,IM2303,2023-03-17,43.0,0.1762295081967213,6540.201,6477.2,0.06892599294892052,0.07906659111123736,0.06980058698497557,-0.010140598162316841,-0.0008745940360550541,6465.6351099077065,6476.201750779705,11.564890092293354,0.9982492202943831,-0.44330612704331895
2023-01-10,IM2306,2023-06-16,104.0,0.4262295081967213,6540.201,6363.8,0.0781490446106509,0.07865175629484615,0.07441206263404507,-0.000502711684195245,0.003736981976605838,6362.436571125515,6373.944413869426,1.3634288744851801,-10.144413869425989,-0.0426672321584819
2023-01-11,IM2301,2023-01-20,7.0,0.028688524590163935,6486.905,6494.4,-0.026250855325319053,0.052090562238480194,-0.023911529798893674,-0.07834141756379925,-0.0023393255264253787,6479.820228204315,6493.964163764828,14.579771795684792,0.43583623517133674,-0.8241847113098135
2023-01-11,IM2302,2023-02-17,22.0,0.09016393442622951,6486.905,6472.4,0.038827520232454026,0.06566172296024739,0.035229647363014725,-0.026834202727793362,0.0035978728694393003,6456.759104181143,6474.499976628558,15.640895818856734,-2.0999766285585793,-0.6409433786818142
2023-01-11,IM2303,2023-03-17,42.0,0.1721311475409836,6486.905,6438.2,0.057783659233010765,0.07075087254579879,0.05646437408464476,-0.012967213312788023,0.0013192851483660034,6423.845568832029,6439.662217287509,14.354431167970688,-1.4622172875087927,-0.5552650559557636
2023-01-11,IM2306,2023-06-16,103.0,0.42213114754098363,6486.905,6328.0,0.07275259176879403,0.07484432932534259,0.07103544544711168,-0.0020917375565485535,0.0017171463216823502,6322.414920765425,6332.588582915676,5.58507923457455,-4.588582915675943,-0.17656378802130937
2023-01-12,IM2301,2023-01-20,6.0,0.02459016393442623,6489.57,6492.0,-0.0012246609854109983,-0.013194202801542945,-0.0037803537339142906,0.011969541816131947,0.0025556927485032924,6493.9110910414265,6492.408001934793,-1.9110910414265163,-0.40800193479299196,0.11708825870124838
2023-01-12,IM2302,2023-02-17,21.0,0.0860655737704918,6489.57,6475.6,0.039039109869879525,0.04110798732234867,0.041453506381451496,-0.0020688774524691422,-0.0024143965115719715,6474.447062978626,6474.254533292093,1.1529370213747825,1.3454667079076899,-0.04741896792778267
2023-01-12,IM2303,2023-03-17,41.0,0.1680327868852459,6489.57,6450.4,0.05002944679080207,0.059993151300928735,0.05742206520225682,-0.009963704510126667,-0.007392618411454749,6439.609588353464,6442.392273089423,10.790411646536086,8.007726910576821,-0.4176667962021984
2023-01-12,IM2306,2023-06-16,102.0,0.4180327868852459,6489.57,6338.8,0.0702319449426441,0.0725967291454461,0.068736146324988,-0.002364784202801992,0.0014957986176560994,6332.536829054119,6342.764845876861,6.263170945881029,-3.964845876860636,-0.19850110612280103
2023-01-13,IM2302,2023-02-17,20.0,0.08196721311475409,6517.513,6534.0,-0.016822711051162453,0.04566585428466215,-0.01832860862962371,-0.0624885653358246,0.0015058975784612572,6500.6183271216205,6534.806569022158,33.381672878379504,-0.8065690221583282,-1.3722036666724446
2023-01-13,IM2303,2023-03-17,40.0,0.16393442622950818,6517.513,6511.0,0.020098823911754042,0.05992745312438227,0.026013414056210077,-0.039828629212628225,-0.005914590144456035,6468.6263206980375,6504.689961840946,42.37367930196251,6.3100381590538746,-1.633392411732241
2023-01-13,IM2306,2023-06-16,101.0,0.4139344262295082,6517.513,6401.4,0.05742751863811581,0.0698403997706093,0.055311481680717964,-0.012412881132493489,0.0021160369573978433,6368.593200916964,6407.00944604113,32.80679908303591,-5.609446041130468,-1.0360423550214117
2023-01-16,IM2302,2023-02-17,19.0,0.0778688524590164,6591.806,6593.4,0.010894956986003537,-0.00687089908540979,0.007497522407940098,0.017765856071413327,0.0033974345780634387,6602.527666744007,6595.144543285006,-9.127666744007001,-1.7445432850063298,0.37209200580908225
2023-01-16,IM2303,2023-03-17,39.0,0.1598360655737705,6591.806,6573.0,0.03187464719408242,0.032732350056874145,0.038618657064262485,-0.0008577028627917219,-0.006744009870180062,6572.0989570274805,6565.918544010632,0.9010429725194626,7.081455989367896,-0.0343845994935284
2023-01-16,IM2306,2023-06-16,100.0,0.4098360655737705,6591.806,6467.6,0.06041432825660864,0.058224847397222015,0.059179784134391115,0.002189480859386625,0.001234544122217525,6473.406164630625,6470.87317944127,-5.806164630625062,-3.273179441269349,0.18082680642550786
2023-01-17,IM2302,2023-02-17,18.0,0.07377049180327869,6597.495,6608.6,-0.008797727856120515,0.015220118350222273,-0.01358226211230848,-0.024017846206342786,0.004784534256187965,6596.901194573131,6610.932966266563,11.698805426869512,-2.332966266562835,-0.4804044363651073
2023-01-17,IM2303,2023-03-17,38.0,0.1557377049180328,6597.495,6596.6,0.014871123349358417,0.043095706054194105,0.02623627009147448,-0.028224582704835688,-0.011365146742116063,6567.667410800794,6584.934464537161,28.93258919920663,11.665535462839216,-1.1050941776966543
2023-01-17,IM2306,2023-06-16,99.0,0.4057377049180328,6597.495,6490.8,0.05418419203183811,0.06110593553527526,0.051954632615137934,-0.006921743503437154,0.0022295594167001734,6472.596730400822,6496.674340225892,18.203269599178384,-5.874340225891501,-0.5656712176667217
2023-01-18,IM2302,2023-02-17,17.0,0.06967213114754098,6613.005,6637.8,-0.039714712703738594,-0.004044797909347031,-0.045530562379811845,-0.03566991479439156,0.005815849676073251,6621.324227466476,6640.490199093939,16.475772533523923,-2.690199093938645,-0.6801489113299446
2023-01-18,IM2303,2023-03-17,37.0,0.15163934426229508,6613.005,6633.2,-0.006108089980899749,0.03169452478482929,0.00843729881721151,-0.037802614765729034,-0.014545388798111259,6595.2848605182535,6618.58558415666,37.91513948174634,14.614415843339884,-1.4449456482788634
2023-01-18,IM2306,2023-06-16,98.0,0.4016393442622951,6613.005,6528.8,0.04590674865127431,0.05427783451491132,0.04223488474344214,-0.00837108586363701,0.003671863907832168,6506.886006316674,6538.435549150396,21.913993683326225,-9.63554915039549,-0.6789116181153998
2023-01-19,IM2302,2023-02-17,16.0,0.06557377049180328,6676.08,6717.0,-0.07918721933511291,-0.03303953486047147,-0.0843384186501496,-0.046147684474641446,0.005151199315036686,6696.704559564379,6719.26927542394,20.29544043562055,-2.269275423939689,-0.8372654432785153
2023-01-19,IM2303,2023-03-17,36.0,0.14754098360655737,6676.08,6715.0,-0.025398144717702333,0.015487973859057876,-0.01126714324132861,-0.04088611857676021,-0.014131001476373722,6674.614513449112,6701.014468325628,40.385486550888345,13.985531674372396,-1.5247099936400994
2023-01-19,IM2306,2023-06-16,97.0,0.3975409836065574,6676.08,6613.2,0.03780468340741049,0.04520005884068647,0.03265973052508052,-0.00739537543327598,0.005144952882329974,6593.785976882799,6626.7400160832785,19.414023117200486,-13.540016083278715,-0.5958012217240592
2023-01-20,IM2302,2023-02-17,15.0,0.06147540983606557,6736.852,6777.6,-0.08409293665350565,-0.06797564155399433,-0.08631408005513069,-0.01611729509951132,0.0022211434016250475,6770.887962271239,6778.525515328684,6.712037728761061,-0.9255153286840141,-0.2776923273531465
2023-01-20,IM2303,2023-03-17,35.0,0.14344262295081966,6736.852,6767.8,-0.017952270834716524,-0.00216677375986718,-0.010036662134084134,-0.015785497074849345,-0.00791560870063239,6752.492918320908,6760.119959364829,15.307081679092335,7.680040635171281,-0.5738898435352594
2023-01-20,IM2306,2023-06-16,96.0,0.39344262295081966,6736.852,6665.0,0.04125378300654121,0.0364351451669301,0.034066406090184416,0.00481863783961111,0.007187376916356791,6677.6478758054345,6683.874096840961,-12.647875805434523,-18.8740968409611,0.38573190260129864
2023-01-30,IM2302,2023-02-17,14.0,0.05737704918032787,6786.453,6792.8,-0.002292376452912767,-0.06981575544916796,-0.008921201127519547,0.0675233789962552,0.00662882467460678,6819.168338653005,6795.384081237068,-26.368338653004685,-2.5840812370679487,1.1025460940977458
2023-01-30,IM2303,2023-03-17,34.0,0.13934426229508196,6786.453,6792.2,0.007925291568578526,-0.0009997808868922042,0.023076054379011585,0.00892507245547073,-0.015150762810433059,6800.652426276456,6777.87562437456,-8.452426276456208,14.324375625439643,0.31607614356518804
2023-01-30,IM2306,2023-06-16,95.0,0.38934426229508196,6786.453,6698.6,0.047466192110679775,0.037764901149434885,0.04347140208891508,0.00970129096124489,0.003994790021764692,6723.9494072348825,6709.0267644827945,-25.349407234882165,-10.42676448279417,0.7716387358144298
2023-01-30,IM2309,2023-09-15,158.0,0.6475409836065574,6786.453,6621.4,0.05202321689083766,0.04890333035504213,0.05100561539625576,0.0031198865357955283,0.0010176014945818962,6634.790433945716,6625.764534349868,-13.390433945716723,-4.364534349868336,0.3246262575371081
2023-01-31,IM2302,2023-02-17,13.0,0.05327868852459016,6805.276,6818.0,-0.02106054810186346,-0.0024357006003272313,-0.029401877222609334,-0.01862484750153623,0.008341329120745873,6811.237803457605,6821.030695382365,6.762196542395031,-3.0306953823646836,-0.28759704780572487
2023-01-31,IM2303,2023-03-17,33.0,0.13524590163934427,6805.276,6828.8,-0.011514776784540397,0.026600562329315555,0.010384843906311454,-0.03811533911385595,-0.02189962069085185,6793.688499130363,6808.604151489061,35.111500869636984,20.19584851093896,-1.3150560097056325
2023-01-31,IM2306,2023-06-16,94.0,0.38524590163934425,6805.276,6737.4,0.04002000391652258,0.04492570113221227,0.03497148193555616,-0.004905697215689689,0.0050485219809664195,6724.679013924873,6750.516471319417,12.720986075126348,-13.116471319417542,-0.3909235587862378
2023-01-31,IM2309,2023-09-15,157.0,0.6434426229508197,6805.276,6666.0,0.04613684184226536,0.05192433083177981,0.04404462489862234,-0.00578748898951445,0.002092216943643019,6641.222531892096,6674.979956054635,24.777468107903587,-8.979956054635295,-0.6083329177919184
2023-02-01,IM2302,2023-02-17,12.0,0.04918032786885246,6916.72,6922.6,-0.003278306621182227,-0.021629715884043305,-0.007990155983677187,0.01835140926286108,0.00471184936249496,6928.850662854355,6924.20436203313,-6.250662854354232,-1.6043620331292914,0.2673961812437597
2023-02-01,IM2303,2023-03-17,32.0,0.13114754098360656,6916.72,6924.0,0.005978740250634478,0.014542739443552496,0.021040079455246795,-0.008563999192918018,-0.015061339204612317,6916.227692699656,6910.336814970856,7.772307300344437,13.663185029144188,-0.28734873689870877
2023-02-01,IM2306,2023-06-16,93.0,0.38114754098360654,6916.72,6825.4,0.048870279828377994,0.03666652812072774,0.039604907025802855,0.012203751707650257,0.00926537280257514,6857.221821120807,6849.546334030551,-31.821821120807726,-24.14633403055177,0.967321667257343
2023-02-01,IM2309,2023-09-15,156.0,0.639344262295082,6916.72,6752.2,0.051653096358099906,0.04511329437416095,0.04717837987598522,0.006539801983938956,0.004474716482114685,6780.491300876059,6771.54492162314,-28.291300876058813,-19.34492162314018,0.6872345131842784
2023-02-02,IM2302,2023-02-17,11.0,0.045081967213114756,6933.226,6928.0,0.03072610883204767,-0.002606492929092444,0.025035932962303373,0.03333260176114011,0.005690175869744296,6938.418526466859,6929.7774284698635,-10.418526466858566,-1.7774284698634801,0.45725517448507247
2023-02-02,IM2303,2023-03-17,31.0,0.12704918032786885,6933.226,6930.0,0.017663179463972497,0.02388687071458087,0.034900795652121744,-0.006223691250608374,-0.017237616188149247,6924.522511788102,6914.839733438713,5.477488211898162,15.160266561287244,-0.20286892616188404
2023-02-02,IM2306,2023-06-16,92.0,0.3770491803278688,6933.226,6833.8,0.05230887342124082,0.04076594351069321,0.04422152948856562,0.01154292991054761,0.008087343932675198,6863.60723876384,6854.670290750707,-29.80723876383945,-20.870290750706772,0.9088957538200892
2023-02-02,IM2309,2023-09-15,155.0,0.6352459016393442,6933.226,6754.6,0.05508875448056624,0.047916372324114866,0.049846831132022325,0.007172382156451378,0.0052419233485439184,6785.445703280324,6777.129702399911,-30.845703280323505,-22.529702399911002,0.752119730148572
2023-02-03,IM2302,2023-02-17,10.0,0.040983606557377046,6925.076,6920.0,0.031891473553392086,0.026600273075929073,0.02947395573018386,0.005291200477463013,0.0024175178232082248,6921.500781870059,6920.685657873688,-1.500781870058745,-0.6856578736878873,0.06817510366561565
2023-02-03,IM2303,2023-03-17,30.0,0.12295081967213115,6925.076,6911.6,0.029842653922819255,0.03575107111299092,0.04085450995607494,-0.005908417190171662,-0.011011856033255683,6906.580927819237,6902.2486010969105,5.0190721807630325,9.35139890308983,-0.18691215667179042
2023-02-03,IM2306,2023-06-16,91.0,0.3729508196721312,6925.076,6806.6,0.060269631627146256,0.044604265726615286,0.049909815275442596,0.01566536590053097,0.01035981635170366,6846.483349086226,6832.94954464827,-39.88334908622528,-26.34954464826933,1.2249077182293175
2023-02-03,IM2309,2023-09-15,154.0,0.6311475409836066,6925.076,6716.8,0.062383577714103106,0.05010952138725593,0.05485926528030288,0.012274056326847173,0.007524312433800223,6769.035372086018,6748.773616509108,-52.23537208601738,-31.97361650910807,1.2838723115948658
2023-02-06,IM2302,2023-02-17,9.0,0.036885245901639344,6891.413,6893.6,0.005397614133918897,0.03130071698769805,0.001418203289987055,-0.02590310285377915,0.003979410843931842,6887.01670831258,6894.611927540326,6.583291687420569,-1.0119275403258143,-0.31271851333984235
2023-02-06,IM2303,2023-03-17,29.0,0.11885245901639344,6891.413,6889.2,0.016702307117686173,0.04181386876792041,0.03164059155987485,-0.02511156165023424,-0.014938284442188678,6868.66934732107,6876.979408933346,20.530652678929982,12.22059106665347,-0.7701756409972345
2023-02-06,IM2306,2023-06-16,90.0,0.36885245901639346,6891.413,6782.8,0.057069111744399055,0.05031955650725245,0.048186940731285065,0.006749555237146605,0.00888217101311399,6799.707428917926,6805.058322958346,-16.907428917926154,-22.25832295834607,0.5239972571366934
2023-02-06,IM2309,2023-09-15,153.0,0.6270491803278688,6891.413,6691.2,0.0610185026919508,0.05513263888074567,0.0543950995702325,0.005885863811205129,0.006623403121718295,6715.941014404853,6719.047676934139,-24.74101440485356,-27.8476769341396,0.6140572511975413
2023-02-07,IM2302,2023-02-17,8.0,0.03278688524590164,6924.321,6912.8,0.06478955097672634,0.006463978467473257,0.06175376714458274,0.05832557250925308,0.0030357838321435973,6926.032091124537,6913.488092160887,-13.232091124536964,-0.6880921608872086,0.6581276582119829
2023-02-07,IM2303,2023-03-17,28.0,0.11475409836065574,6924.321,6899.2,0.045672366600475744,0.03416161262022404,0.056471664164208145,0.011510753980251705,-0.0107992975637324,6908.319217506302,6890.655367812038,-9.119217506302448,8.544632187961724,0.34190061164002555
2023-02-07,IM2306,2023-06-16,89.0,0.36475409836065575,6924.321,6798.0,0.06447659651650704,0.04916598498815234,0.05785830263264251,0.015310611528354702,0.006618293883864534,6836.070372360774,6814.430534750218,-38.070372360773945,-16.430534750217703,1.1799916772798378
2023-02-07,IM2309,2023-09-15,152.0,0.6229508196721312,6924.321,6698.8,0.06715281688506057,0.05500919889720708,0.06082058771262807,0.012143617987853489,0.0063322291724325006,6749.667758145107,6725.276724268973,-50.86775814510656,-26.476724268973157,1.263547728081396
2023-02-08,IM2302,2023-02-17,7.0,0.028688524590163935,6877.725,6865.8,0.07448979907078036,0.06069595844194747,0.07178483518526563,0.01379384062883289,0.0027049638855147357,6868.517505923056,6866.33281652305,-2.7175059230557963,-0.5328165230494051,0.1451035144488999
2023-02-08,IM2303,2023-03-17,27.0,0.11065573770491803,6877.725,6850.0,0.05050309028096394,0.05600178401980735,0.060412567781166486,-0.005498693738843409,-0.009909477500202546,6845.833302984193,6842.4928139992,4.166697015806676,7.507186000800175,-0.15799501371119382
2023-02-08,IM2306,2023-06-16,88.0,0.36065573770491804,6877.725,6751.4,0.06540092318993583,0.0577298921163881,0.05948865048947009,0.007671031073547732,0.005912272700465744,6770.10429422741,6765.811336101283,-18.704294227410173,-14.411336101283268,0.5868349707542957
2023-02-08,IM2309,2023-09-15,151.0,0.6188524590163934,6877.725,6662.0,0.06549561647835522,0.06076537022686382,0.06196471098296346,0.0047302462514914045,0.003530905495391763,6681.530407956526,6676.573115940162,-19.530407956525778,-14.573115940162097,0.49085875396777073
2023-02-09,IM2302,2023-02-17,6.0,0.02459016393442623,6999.182,7020.8,-0.11141138736670712,0.0698052098444012,-0.11294085644023136,-0.18121659721110833,0.0015294690735242339,6989.583894749368,7021.064056518114,31.21610525063261,-0.26405651811364805,-1.7725567221316247
2023-02-09,IM2303,2023-03-17,26.0,0.10655737704918032,6999.182,7018.6,-0.011999916120646896,0.05951833626388627,-0.004377324635885346,-0.07151825238453317,-0.00762259148476155,6965.315962776931,7012.90150338536,53.28403722306939,5.698496614640135,-1.9855101158457837
2023-02-09,IM2306,2023-06-16,87.0,0.35655737704918034,6999.182,6928.0,0.04266891693166202,0.05921078914761972,0.03912670337430198,-0.016541872215957702,0.0035422135573600425,6887.258047837081,6936.755608466975,40.741952162919006,-8.75560846697499,-1.255928957430534
2023-02-09,IM2309,2023-09-15,150.0,0.6147540983606558,6999.182,6839.4,0.05156506326197666,0.061820058474646875,0.04981213786740603,-0.010254995212670218,0.0017529253945706286,6796.41799637128,6846.774233621003,42.98200362871921,-7.374233621003441,-1.0612606340198767
2023-02-10,IM2303,2023-03-17,25.0,0.10245901639344263,6975.395,6969.2,0.022671919690429483,0.0032566604770364257,0.023552059475586015,0.019415259213393057,-0.0008801397851565321,6983.077407436132,6968.571558029901,-13.877407436131762,0.62844197009872,0.5201493939627543
2023-02-10,IM2306,2023-06-16,86.0,0.3524590163934426,6975.395,6877.4,0.05414164123091347,0.041851745883990724,0.04971084126303022,0.01228989534692275,0.004430799967883252,6907.255341745219,6888.148657157968,-29.855341745219448,-10.74865715796841,0.9259500414794274
2023-02-10,IM2309,2023-09-15,149.0,0.610655737704918,6975.395,6794.2,0.057100634709443626,0.05145669552060292,0.05682202768435742,0.0056439391888407076,0.0002786070250862041,6817.656634922711,6795.356015817493,-23.4566349227116,-1.1560158174934259,0.5824607979827786
2023-02-13,IM2303,2023-03-17,24.0,0.09836065573770492,7052.177,7022.4,0.057018455902877525,0.027849881308539725,0.05730940410630958,0.0291685745943378,-0.00029094820343205513,7042.576477088137,7022.199036843078,-20.17647708813729,0.2009631569217163,0.7493514845459976
2023-02-13,IM2306,2023-06-16,85.0,0.3483606557377049,7052.177,6928.2,0.06491368381419474,0.05123209427218708,0.06128545839022876,0.013681589542007662,0.003628225423965979,6961.299500137642,6936.962302976702,-33.09950013764228,-8.762302976701903,1.0221259018775748
2023-02-13,IM2309,2023-09-15,148.0,0.6065573770491803,7052.177,6842.2,0.06383377876497451,0.05774376884786864,0.06422671066913412,0.006090009917105871,-0.00039293190415960744,6867.521418401756,6840.569453481041,-25.32141840175609,1.6305465189589086,0.6236951879772699
2023-02-14,IM2303,2023-03-17,23.0,0.0942622950819672,7061.449,7037.8,0.04958845989028071,0.057486256994213274,0.05028145083077737,-0.007897797103932562,-0.0006929909404966572,7032.562557661647,7037.340285393214,5.237442338353503,0.4597146067862923,-0.19533042413996346
2023-02-14,IM2306,2023-06-16,84.0,0.3442622950819672,7061.449,6945.4,0.062133941869153775,0.061381216374820476,0.06013674180369284,0.0007527254943332992,0.001997200065460933,6947.200029487633,6950.177025994306,-1.8000294876337648,-4.777025994306314,0.05565540998329965
2023-02-14,IM2309,2023-09-15,147.0,0.6024590163934426,7061.449,6853.2,0.06368732137475733,0.06430143803637635,0.06391955896085601,-0.0006141166616190213,-0.00023223758609867973,6850.664921235524,6852.241211002098,2.5350787644756565,0.9587889979020474,-0.06241081771567664
2023-02-15,IM2303,2023-03-17,22.0,0.09016393442622951,7063.605,7030.4,0.06625971152173589,0.051552234526913696,0.06682833293128394,0.014707476994822194,-0.0005686214095480535,7039.729085100796,7030.039566653285,-9.329085100795965,0.36043334671467164,0.34968309339973
2023-02-15,IM2306,2023-06-16,83.0,0.3401639344262295,7063.605,6931.8,0.06937337374643852,0.060592314481860476,0.06645326785897918,0.008781059264578048,0.0029201058874593483,6952.536238448733,6938.688879736634,-20.736238448732365,-6.888879736633498,0.6434732417512966
2023-02-15,IM2309,2023-09-15,146.0,0.5983606557377049,7063.605,6836.0,0.06873752133186105,0.06420445861458943,0.06828645101532226,0.0045330627172716215,0.00045107031653879304,6854.5671794983355,6837.845304080035,-18.567179498335463,-1.8453040800350209,0.4585884659048359
2023-02-16,IM2303,2023-03-17,21.0,0.0860655737704918,6925.203,6909.2,0.04088076991565108,0.06632187927683039,0.04161969387428294,-0.025441109361179312,-0.0007389239586318569,6894.088140820792,6908.760617079355,15.111859179207386,0.4393829206446753,-0.5806155864948688
2023-02-16,IM2306,2023-06-16,82.0,0.3360655737704918,6925.203,6815.0,0.06173265049050958,0.06631899234903003,0.0598726800603725,-0.004586341858520457,0.0018599704301370742,6804.504052231128,6819.261197522038,10.495947768871702,-4.261197522037946,-0.33321583441875924
2023-02-16,IM2309,2023-09-15,145.0,0.5942622950819673,6925.203,6726.0,0.06311425921961239,0.06822315854180856,0.06458728485266273,-0.005108899322196173,-0.0014730256330503372,6705.610654488406,6720.114880656121,20.389345511594,5.885119343878614,-0.5150161446476991
2023-02-17,IM2303,2023-03-17,20.0,0.08196721311475409,6868.548,6849.8,0.04734596008160857,0.04436603024856398,0.04728491176815288,0.002979929833044584,6.104831345568607e-05,6851.473312823467,6849.834276211784,-1.6733128234664036,-0.03427621178343543,0.06517586361029985
2023-02-17,IM2306,2023-06-16,81.0,0.3319672131147541,6868.548,6759.4,0.062253564906528246,0.0607761333155788,0.06106025629003289,0.0014774315909494434,0.0011933086164953588,6762.716020655284,6762.078194660535,-3.316020655284774,-2.678194660535155,0.1064245266934091
2023-02-17,IM2309,2023-09-15,144.0,0.5901639344262295,6868.548,6673.0,0.0629409714450539,0.06512821761977385,0.06509252507302205,-0.0021872461747199506,-0.00215155362796815,6664.3918230572,6664.532206309543,8.608176942800128,8.467793690457256,-0.21977216392818752
2023-02-20,IM2303,2023-03-17,19.0,0.0778688524590164,6959.361,6922.0,0.08312795557573617,0.04919600969013546,0.08079444452937064,0.03393194588560071,0.002333511046365533,6940.313781026173,6923.257895862433,-18.313781026173274,-1.2578958624326333,0.7100635843877959
2023-02-20,IM2304,2023-04-21,43.0,0.1762295081967213,6959.361,6898.2,0.0640889542925293,0.057333038444732094,0.07272700585966083,0.006755915847797202,-0.00863805156713153,6906.417830923113,6887.7069996713935,-8.21783092311307,10.493000328606286,0.29493702156397283
2023-02-20,IM2306,2023-06-16,80.0,0.32786885245901637,6959.361,6813.0,0.0788280793851828,0.06168633385302725,0.070680552610863,0.01714174553215555,0.008147526774319791,6851.398528831807,6831.224035169629,-38.3985288318072,-18.224035169629133,1.2240893903316137
2023-02-20,IM2309,2023-09-15,143.0,0.5860655737704918,6959.361,6727.8,0.0717400645736816,0.06547097593891392,0.07103385029302892,0.006269088634767675,0.0007062142806526783,6752.564054896094,6730.585131189148,-24.764054896093512,-2.78513118914816,0.6278893679370939
2023-02-21,IM2303,2023-03-17,18.0,0.07377049180327869,6990.475,6935.2,0.12161234459607913,0.07873211539526821,0.11934291967942226,0.042880229200810915,0.0022694249166568675,6957.17282256676,6936.361164746721,-21.972822566760442,-1.1611647467216244,0.8576090907829822
2023-02-21,IM2304,2023-04-21,42.0,0.1721311475409836,6990.475,6907.0,0.08379049534050288,0.07165106864338575,0.08981529401604085,0.012139426697117137,-0.006024798675537971,6921.447773389264,6899.840770495176,-14.447773389263602,7.159229504823998,0.5202514200537802
2023-02-21,IM2306,2023-06-16,79.0,0.3237704918032787,6990.475,6834.8,0.08355945688513437,0.07008263088513703,0.07980295007540146,0.013476825999997347,0.0037565068097329124,6864.688116089117,6843.117855806403,-29.88811608911692,-8.317855806402804,0.9581023091759634
2023-02-21,IM2309,2023-09-15,142.0,0.5819672131147541,6990.475,6738.8,0.07700465009204609,0.07070369171098535,0.07615475195336198,0.006300958381060734,0.0008498981386841076,6763.556212843921,6742.133921513921,-24.756212843920366,-3.3339215139212683,0.6329723860993631
2023-02-22,IM2303,2023-03-17,17.0,0.06967213114754098,6998.43,6968.0,0.07654435687916343,0.11255056201061256,0.07527449584519837,-0.03600620513144913,0.001269861033965064,6950.541780061683,6968.616513578185,17.458219938316688,-0.6165135781848221,-0.686503808020086
2023-02-22,IM2304,2023-04-21,41.0,0.1680327868852459,6998.43,6941.8,0.06235205945473698,0.08627876460059825,0.07125562527502251,-0.023926705145861267,-0.00890356582028553,6913.9467239449705,6931.422200650626,27.85327605502971,10.377799349374072,-1.0038727774636333
2023-02-22,IM2306,2023-06-16,78.0,0.319672131147541,6998.43,6855.8,0.07841233638326969,0.0778156417424042,0.07075118458030273,0.0005966946408654944,0.007661151802966962,6857.107845595477,6872.610820011162,-1.307845595476465,-16.810820011161923,0.042054771736464734
2023-02-22,IM2309,2023-09-15,141.0,0.5778688524590164,6998.43,6758.2,0.07444495325851226,0.07502951615126392,0.071735021187316,-0.0005845628927516611,0.0027099320711962555,6755.917460933531,6768.791533027497,2.2825390664684164,-10.591533027497462,-0.05858286142554916
2023-02-23,IM2303,2023-03-17,16.0,0.06557377049180328,6966.787,6944.8,0.06220471297575478,0.07424505750457733,0.06021228549418255,-0.01204034452882255,0.0019924274815722245,6939.319030559894,6945.707404217895,5.480969440106492,-0.9074042178945092,-0.21843321120685305
2023-02-23,IM2304,2023-04-21,40.0,0.16393442622950818,6966.787,6918.6,0.05633830573238511,0.0707433781745197,0.06500984832380159,-0.01440507244213459,-0.008671542591416483,6902.281090098699,6908.771752222594,16.318909901301595,9.828247777406432,-0.5912858532222521
2023-02-23,IM2306,2023-06-16,77.0,0.3155737704918033,6966.787,6837.2,0.07349750434429184,0.07047853101257764,0.06764110793887529,0.003018973331714192,0.005856396405416547,6843.716964480689,6849.847684552265,-6.516964480689239,-12.647684552264764,0.21084473060328993
2023-02-23,IM2309,2023-09-15,140.0,0.5737704918032787,6966.787,6739.0,0.07193709748335073,0.071592089129403,0.07013582277239827,0.0003450083539477261,0.0018012747109524552,6740.3341549228435,6745.968480072664,-1.3341549228434815,-6.968480072663624,0.034471942725084186
2023-02-24,IM2303,2023-03-17,15.0,0.06147540983606557,6944.824,6928.6,0.052045477497857685,0.061066973779167436,0.05009337572553617,-0.00902149628130975,0.001952101772321517,6924.758462541495,6929.43152524187,3.841537458505627,-0.8315252418697128,-0.15542442134584142
2023-02-24,IM2304,2023-04-21,39.0,0.1598360655737705,6944.824,6902.0,0.0526984577888348,0.06546158901878601,0.06092582809081939,-0.012763131229951215,-0.008227370301984588,6887.934212132008,6892.929624712488,14.065787867992185,9.070375287512434,-0.5121979378416506
2023-02-24,IM2306,2023-06-16,76.0,0.3114754098360656,6944.824,6822.4,0.07110023084208594,0.0679075440799209,0.06556172281114137,0.0031926867621650395,0.005538508030944578,6829.1878652876685,6834.179541618536,-6.787865287668865,-11.779541618536314,0.2208992749436493
2023-02-24,IM2309,2023-09-15,139.0,0.569672131147541,6944.824,6725.8,0.07025298244336288,0.07029944767565718,0.06900501719415537,-4.6465232294304326e-05,0.0012479652492075055,6725.6219707806,6730.583279964855,0.17802921939983207,-4.783279964854955,-0.004627936366219246
2023-02-27,IM2303,2023-03-17,14.0,0.05737704918032787,6894.296,6879.2,0.052204072464476926,0.05214068971274319,0.04938179246047075,6.338275173373847e-05,0.002822280004006174,6879.225017737132,6880.314067251327,-0.025017737131747708,-1.1140672513274694,0.0010348682767897532
2023-02-27,IM2304,2023-04-21,38.0,0.1557377049180328,6894.296,6856.6,0.04920477594076164,0.061965166200982046,0.06141504158889591,-0.012760390260220404,-0.012210265648134266,6842.987588100662,6843.57388716639,13.61241189933844,13.026112833610568,-0.5003186123249553
2023-02-27,IM2306,2023-06-16,75.0,0.3073770491803279,6894.296,6767.2,0.07453474422109184,0.06615013271656142,0.06626122950310911,0.008384611504530418,0.008273514717982725,6784.663172895484,6784.431490086067,-17.463172895484604,-17.231490086067424,0.5746039724569888
2023-02-27,IM2309,2023-09-15,138.0,0.5655737704918032,6894.296,6668.6,0.07285078472836623,0.06934975659480404,0.06969121329789434,0.0035010281335621923,0.003159571430471894,6681.817507660751,6680.527246636934,-13.217507660750925,-11.927246636933887,0.34757404185346713
2023-02-28,IM2303,2023-03-17,13.0,0.05327868852459016,6955.574,6937.4,0.06310571265373151,0.05160333620689035,0.06014103851856868,0.011502376446841156,0.002964674135162826,6941.652760449876,6938.495876278225,-4.252760449876405,-1.09587627822566,0.17760404464502205
2023-02-28,IM2304,2023-04-21,37.0,0.15163934426229508,6955.574,6913.2,0.054297753917581064,0.06252080693570347,0.06539746007716879,-0.008223053018122407,-0.011099706159587726,6904.5850379573885,6901.573819523148,8.614962042611296,11.626180476851914,-0.31478137054024896
2023-02-28,IM2306,2023-06-16,74.0,0.30327868852459017,6955.574,6830.0,0.07407240083185111,0.06687960120238065,0.06801666874051927,0.007192799629470462,0.006055732091331839,6844.915380447661,6842.555329614187,-14.915380447660937,-12.55532961418703,0.4881430747300079
2023-02-28,IM2309,2023-09-15,137.0,0.5614754098360656,6955.574,6730.0,0.07271710192347568,0.07005026066680586,0.07044742820361939,0.0026668412566698135,0.0022696737198562855,6740.084820198356,6738.581950170448,-10.084820198356283,-8.58195017044818,0.2638882632331696
2023-03-01,IM2303,2023-03-17,12.0,0.04918032786885246,7002.771,6980.6,0.07847811634217192,0.06100280592966736,0.07543777376805536,0.01747531041250456,0.0030403425741165613,6986.601996117681,6981.643852565641,-6.001996117680392,-1.0438525656409183,0.25461588287059567
2023-03-01,IM2304,2023-04-21,36.0,0.14754098360655737,7002.771,6955.6,0.05980989753768719,0.06583072759082946,0.0706140515051192,-0.006020830053142273,-0.010804153967432006,6949.423950612497,6944.521219981683,6.176049387503554,11.078780018317048,-0.22485510015160762
2023-03-01,IM2306,2023-06-16,73.0,0.29918032786885246,7002.771,6877.6,0.07428529388206237,0.06826621448237044,0.0701858443038984,0.006019079399691929,0.004099449578163966,6889.9962725165105,6886.04037707898,-12.39627251651018,-8.440377078979509,0.4044429305322707
2023-03-01,IM2309,2023-09-15,136.0,0.5573770491803278,7002.771,6768.6,0.07502091404844766,0.07059924878169464,0.07131448476776074,0.004421665266753014,0.0037064292806869154,6785.302022737064,6782.597559647914,-16.702022737064,-13.997559647913477,0.4360740119278408
2023-03-02,IM2303,2023-03-17,11.0,0.045081967213114756,6972.306,6961.6,0.04808643523018849,0.07443109090040417,0.04579948310490396,-0.026344655670215683,0.0022869521252845276,6953.336832088815,6962.317780054596,8.26316791118552,-0.7177800545960054,-0.3613759473729961
2023-03-02,IM2304,2023-04-21,35.0,0.14344262295081966,6972.306,6937.0,0.04939123889497171,0.07015984482491636,0.05936106741645942,-0.020768605929944645,-0.009969828521487707,6916.364712928757,6927.086498052807,20.6352870712426,9.913501947193254,-0.7561126492381789
2023-03-02,IM2306,2023-06-16,72.0,0.29508196721311475,6972.306,6859.6,0.06922833432960361,0.06995910206767174,0.06441752798416418,-0.0007307677380681277,0.004810806345439428,6858.120980146895,6869.344681112594,1.4790198531054557,-9.744681112593753,-0.048606779102395754
2023-03-02,IM2309,2023-09-15,135.0,0.5532786885245902,6972.306,6755.4,0.07112099912796609,0.07120191587483883,0.06804610719698047,-8.091674687274453e-05,0.003074891930985618,6755.097570811263,6766.902555765211,0.30242918873682356,-11.502555765211582,-0.007953242317710113
2023-03-03,IM2303,2023-03-17,10.0,0.040983606557377046,6967.94,6942.0,0.10500495526472212,0.048041086399203216,0.10111774987615982,0.0569638688655189,0.003887205388562298,6958.225620282833,6943.106029894796,-16.225620282833006,-1.1060298947959382,0.7339238111283413
2023-03-03,IM2304,2023-04-21,34.0,0.13934426229508196,6967.94,6919.4,0.06416760602585449,0.060419232629828484,0.0775248320997098,0.003748373396026003,-0.01335722607385531,6923.015045757988,6906.533225156712,-3.61504575798881,12.866774843287203,0.13292337734293014
2023-03-03,IM2306,2023-06-16,71.0,0.29098360655737704,6967.94,6841.6,0.07688328929895637,0.06499547274222407,0.0721691739140531,0.011887816556732295,0.004714115384903267,6865.307167047528,6850.991269668011,-23.707167047527946,-9.391269668010864,0.782563633203252
2023-03-03,IM2309,2023-09-15,134.0,0.5491803278688525,6967.94,6738.0,0.07510285098301618,0.06837941060768993,0.07145280456869955,0.006723440375326253,0.0036500464143166267,6762.92525290531,6751.520094194957,-24.925252905310117,-13.520094194956982,0.6585794703435599
2023-03-06,IM2303,2023-03-17,9.0,0.036885245901639344,6997.044,6956.4,0.1719405222698175,0.09700596802561445,0.1681983552978435,0.07493455424420303,0.0037421669719739925,6975.653943208444,6957.360263373521,-19.25394320844407,-0.9602633735212294,0.9046203146412971
2023-03-06,IM2304,2023-04-21,33.0,0.13524590163934427,6997.044,6930.0,0.08518855976256243,0.07568850014724439,0.0995788453957262,0.009500059615318038,-0.014390285633163774,6938.909692366394,6916.525762030797,-8.909692366393756,13.474237969203386,0.3278642938841328
2023-03-06,IM2306,2023-06-16,70.0,0.28688524590163933,6997.044,6848.8,0.08864420012212532,0.07122696516238144,0.08240273503933829,0.01741723495974387,0.006241465082787029,6883.107367131827,6861.0743392173,-34.30736713182705,-12.274339217299712,1.1344986877777643
2023-03-06,IM2309,2023-09-15,133.0,0.5450819672131147,6997.044,6740.0,0.08266462565336866,0.07095151899003511,0.07675323208780103,0.011713106663333542,0.005911393565567621,6783.169890383442,6761.752614538864,-43.16989038344218,-21.75261453886378,1.1433472958657278
2023-03-07,IM2303,2023-03-17,8.0,0.03278688524590164,6855.344,6846.8,0.05203668006615843,0.15695725805088462,0.04971676199827948,-0.10492057798472619,0.0023199180678789497,6823.287343429909,6847.3208071847375,23.512656570091167,-0.5208071847373503,-1.1838496198127397
2023-03-07,IM2304,2023-04-21,32.0,0.13114754098360656,6855.344,6826.0,0.04670853259732331,0.0946242113995453,0.059942250211283785,-0.047915678802221986,-0.013233717613960472,6783.239749854241,6814.163277133976,42.76025014575862,11.836722866023592,-1.6079294755412137
2023-03-07,IM2306,2023-06-16,69.0,0.2827868852459016,6855.344,6746.2,0.07075337698759243,0.07985600463014732,0.06386272129683997,-0.009102627642554886,0.006890655690752465,6728.8569125229105,6759.358373979893,17.343087477089284,-13.15837397989344,-0.5865474307900296
2023-03-07,IM2309,2023-09-15,132.0,0.5409836065573771,6855.344,6640.6,0.07283019904168715,0.07537918738184868,0.06711569194452328,-0.002548988340161526,0.005714507097163868,6631.44918297156,6661.160878946688,9.150817028440542,-20.560878946687808,-0.2479368959586421
2023-03-08,IM2303,2023-03-17,7.0,0.028688524590163935,6891.456,6871.0,0.11762078387533977,0.05118081012278415,0.11391935253141619,0.06643997375255561,0.003701431343923575,6884.109060774439,6871.729660639106,-13.109060774439058,-0.7296606391064415,0.6988903615762676
2023-03-08,IM2304,2023-04-21,31.0,0.12704918032786885,6891.456,6847.8,0.06401961156558768,0.06060269618175272,0.07980086549525321,0.0034169153838349564,-0.015781253929665534,6850.773386941861,6834.083947567843,-2.9733869418605536,13.716052432157085,0.11138810420787262
2023-03-08,IM2306,2023-06-16,68.0,0.2786885245901639,6891.456,6766.0,0.07992418228809395,0.06422146094640016,0.07272034708204479,0.015702721341693787,0.007203835206049156,6795.674036261224,6779.597243426854,-29.67403626122359,-13.59724342685422,1.0007470141666888
2023-03-08,IM2309,2023-09-15,131.0,0.5368852459016393,6891.456,6660.0,0.07763165902525052,0.06732673978282692,0.07154205628632251,0.01030491924242359,0.006089602738928002,6696.948960521509,6681.8099564770655,-36.948960521509434,-21.809956477065498,0.9987622167975662
2023-03-09,IM2303,2023-03-17,6.0,0.02459016393442623,6892.857,6878.6,0.09820094893318963,0.10870067604178199,0.09563369529734035,-0.010499727108592358,0.0025672536358492815,6876.824243442417,6879.034254137884,1.7757565575830085,-0.4342541378837268,-0.10269965767322217
2023-03-09,IM2304,2023-04-21,30.0,0.12295081967213115,6892.857,6853.2,0.0609290204245808,0.07761984729612094,0.07473099926307038,-0.016690826871540138,-0.013801978838489576,6839.150620483557,6841.5802240886105,14.049379516442968,11.619775911389297,-0.5280459410484335
2023-03-09,IM2306,2023-06-16,67.0,0.27459016393442626,6892.857,6771.2,0.07885059023021504,0.07163809238969887,0.07104125633533423,0.007212497840516169,0.00780933389488081,6784.62352083232,6785.735512078358,-13.42352083231981,-14.535512078357897,0.45451321060098426
2023-03-09,IM2309,2023-09-15,130.0,0.5327868852459017,6892.857,6662.0,0.07793910806772603,0.0709752150926079,0.07114883167344818,0.0069638929751181244,0.006790276394277844,6686.76373606101,6686.1452347600525,-24.763736061009695,-24.145234760052517,0.6724963041497882
2023-03-10,IM2304,2023-04-21,29.0,0.11885245901639344,6798.299,6769.8,0.04934541460640406,0.07347530879236482,0.05374702888755752,-0.024129894185960753,-0.00440161428115346,6750.412722778264,6766.259354890496,19.38727722173644,3.540645109504112,-0.7401024679389225
2023-03-10,IM2306,2023-06-16,66.0,0.27049180327868855,6798.299,6696.8,0.06961216009209471,0.07043360835687669,0.06397810133968075,-0.0008214482647819765,0.005634058752413962,6695.3121696740845,6707.013480800701,1.4878303259156382,-10.213480800700381,-0.05117380539494262
2023-03-10,IM2309,2023-09-15,129.0,0.5286885245901639,6798.299,6586.8,0.07377959800439496,0.07083877592740101,0.06907282590392756,0.0029408220769939486,0.004706772100467396,6597.048982946042,6603.211111497298,-10.248982946041906,-16.411111497297497,0.2829450439611988
2023-03-13,IM2304,2023-04-21,28.0,0.11475409836065574,6832.621,6802.0,0.053141622122464156,0.05602953403692898,0.055935974617862635,-0.0028879119144648233,-0.002794352495398479,6799.7461925271145,6799.819197216147,2.2538074728854554,2.1808027838533235,-0.08530944227650566
2023-03-13,IM2306,2023-06-16,65.0,0.26639344262295084,6832.621,6726.8,0.07259303562391059,0.06511873544175034,0.06741591839125403,0.007474300182160248,0.005177117232656556,6740.2071051769,6736.083667088371,-13.407105176899677,-9.283667088370748,0.46018918751269394
2023-03-13,IM2309,2023-09-15,128.0,0.5245901639344263,6832.621,6618.8,0.07460781480543098,0.06969185669454298,0.07243901959392143,0.004915958110888005,0.002168795211509547,6635.891008434916,6626.334683692893,-17.091008434916148,-7.534683692892941,0.46897341711106555
2023-03-14,IM2304,2023-04-21,27.0,0.11065573770491803,6769.849,6745.8,0.04616004397072716,0.058560324001470224,0.04800956015300048,-0.01240028003074306,-0.001849516182273317,6736.550016362748,6744.419548687895,9.249983637252626,1.380451312104924,-0.35442809909208445
2023-03-14,IM2306,2023-06-16,64.0,0.26229508196721313,6769.849,6673.8,0.06847822140149722,0.06870243990892272,0.06564647154234954,-0.00022421850742550264,0.002831749859147678,6673.4075159414215,6678.7588334239335,0.3924840585787024,-4.958833423933356,-0.01361931848095708
2023-03-14,IM2309,2023-09-15,127.0,0.5204918032786885,6769.849,6562.0,0.073911313985148,0.0731268973760747,0.07254604872051229,0.0007844166090733018,0.0013652652646357066,6564.679696208909,6566.664675933511,-2.679696208909263,-4.664675933510807,0.0740812118538257
2023-03-15,IM2304,2023-04-21,26.0,0.10655737704918032,6803.474,6775.4,0.05280499483194836,0.05207890787957843,0.05247850464598444,0.0007260869523699268,0.0003264901859639166,6775.924232443438,6775.635719845215,-0.52423244343845,-0.23571984521549894,0.020057015175493926
2023-03-15,IM2306,2023-06-16,63.0,0.2581967213114754,6803.474,6712.0,0.06642667236586694,0.06760583586426028,0.06779596263909156,-0.0011791634983933375,-0.0013692902732246187,6709.95680137471,6709.627416942765,2.043198625289733,2.372583057234806,-0.07070766795922208
2023-03-15,IM2309,2023-09-15,126.0,0.5163934426229508,6803.474,6592.8,0.07491328242324968,0.07358048943050069,0.07369138585726805,0.0013327929927489934,0.0012218965659816367,6597.339027143501,6596.961233506662,-4.539027143500789,-4.161233506662029,0.12507388237792436
2023-03-16,IM2304,2023-04-21,25.0,0.10245901639344263,6689.783,6679.0,0.02974445524660447,0.055924798780411095,0.02999536413271709,-0.026180343533806626,-0.00025090888611262185,6661.1081759522895,6678.828299292046,17.891824047710543,0.17170070795418724,-0.6980633077639912
2023-03-16,IM2306,2023-06-16,62.0,0.2540983606557377,6689.783,6618.2,0.05633796495463678,0.0694326531447976,0.059154834225887784,-0.013094688190160825,-0.0028168692712510074,6596.215601391878,6613.464639728946,21.98439860812141,4.735360271053651,-0.7752762844393344
2023-03-16,IM2309,2023-09-15,125.0,0.5122950819672131,6689.783,6490.0,0.07318250534300161,0.07455034773384364,0.06964459735770123,-0.0013678423908420334,0.003537907985300376,6485.453797382629,6501.773485290553,4.546202617370909,-11.773485290553253,-0.12774217502033458
2023-03-17,IM2304,2023-04-21,24.0,0.09836065573770492,6736.367,6726.0,0.029658146025493985,0.03648649637319685,0.029246944526857215,-0.006828350347702863,0.0004112014986367707,6721.484059229521,6726.272045627433,4.5159407704786645,-0.2720456274328171,-0.17551306008000284
2023-03-17,IM2306,2023-06-16,61.0,0.25,6736.367,6663.6,0.05744351910142958,0.06218674642039082,0.05848577982600732,-0.004743227318961242,-0.0010422607245777413,6655.702940728115,6661.86392404922,7.897059271885155,1.736075950780105,-0.27723325409194366
2023-03-17,IM2309,2023-09-15,124.0,0.5081967213114754,6736.367,6553.8,0.0680651357656571,0.07122069741412461,0.06886340268321826,-0.003155561648467503,-0.0007982669175611579,6543.2984469347675,6551.141815718836,10.501553065232656,2.6581842811638126,-0.2934192030708374
2023-03-20,IM2304,2023-04-21,23.0,0.0942622950819672,6721.455,6719.8,0.016612463106022313,0.035578014332725685,0.013826461634444592,-0.018965551226703372,0.002786001471577721,6707.797500881393,6721.564951297828,12.002499118607375,-1.7649512978277926,-0.4692854987700711
2023-03-20,IM2305,2023-05-19,40.0,0.16393442622950818,6721.455,6701.4,0.03222795389365245,0.05308713091730159,0.039650423622266395,-0.020859177023649145,-0.007422469728613948,6678.523449194226,6693.250706792655,22.87655080577406,8.149293207344272,-0.8544114081580713
2023-03-20,IM2306,2023-06-16,60.0,0.2459016393442623,6721.455,6655.0,0.05440720157463885,0.0614000038399094,0.05189380161922867,-0.006992802265270548,0.002513399955410181,6643.566284238936,6659.114388538352,11.433715761064377,-4.1143885383517045,-0.4033916283884003
2023-03-20,IM2309,2023-09-15,123.0,0.5040983606557377,6721.455,6549.0,0.06556192669594302,0.07036934629046487,0.06505368578061729,-0.004807419594521856,0.000508240915325725,6533.148287982944,6550.678091103874,15.851712017056343,-1.678091103874067,-0.4451401352449555
2023-03-21,IM2304,2023-04-21,22.0,0.09016393442622951,6809.391,6791.4,0.04334192016273723,0.02186711909648434,0.04115520684644078,0.021474801066252894,0.002186713316296454,6804.562604554124,6792.739142608322,-13.1626045541243,-1.3391426083226179,0.5114333698598066
2023-03-21,IM2305,2023-05-19,39.0,0.1598360655737705,6809.391,6769.0,0.05122140745868541,0.04484833198515606,0.055466091980029164,0.0063730754735293535,-0.0042446845213437515,6775.898736729878,6764.409104615142,-6.898736729877783,4.590895384858413,0.2557523094148711
2023-03-21,IM2306,2023-06-16,59.0,0.24180327868852458,6809.391,6727.0,0.06434427106341005,0.05553722202854493,0.062230042512863806,0.008807049034865122,0.0021142285505462433,6741.340904389725,6730.439905901131,-14.340904389725438,-3.4399059011311692,0.5026592381086715
2023-03-21,IM2309,2023-09-15,122.0,0.5,6809.391,6624.8,0.06896501222486343,0.0669235356848062,0.06974916112122774,0.0020414765400572216,-0.0007841488963643145,6631.565639277322,6622.203094319131,-6.7656392773214975,2.5969056808689857,0.18897181201008087
2023-03-22,IM2304,2023-04-21,21.0,0.0860655737704918,6840.326,6825.6,0.039040697785672804,0.045426728680999784,0.037374319668344994,-0.00638603089532698,0.0016663781173278103,6821.849562132382,6826.578982659226,3.7504378676185297,-0.9789826592259487,-0.14596192369730093
2023-03-22,IM2305,2023-05-19,38.0,0.1557377049180328,6840.326,6803.4,0.04875654207546414,0.05820327207632725,0.053582585622222276,-0.009446730000863109,-0.004826043546758134,6793.398115194474,6798.2885064709835,10.00188480552606,5.111493529016116,-0.3703975009067074
2023-03-22,IM2306,2023-06-16,58.0,0.23770491803278687,6840.326,6761.4,0.06282281026936759,0.06413998724031487,0.061055594562255545,-0.0013171769709472841,0.001767215707112045,6759.283340799622,6764.240897606777,2.1166592003773985,-2.8408976067776166,-0.07415515222761727
2023-03-22,IM2309,2023-09-15,121.0,0.4959016393442623,6840.326,6651.0,0.07060028075781843,0.07072681329313289,0.06918178422762106,-0.00012653253531445807,0.0014184965301973773,6650.582678195678,6655.680190465031,0.41732180432154564,-4.680190465031046,-0.011667614883697811
2023-03-23,IM2304,2023-04-21,20.0,0.08196721311475409,6868.835,6850.4,0.04678712484562252,0.04206704748163265,0.04709886026853996,0.004720077363989876,-0.00031173542291743767,6853.05087489657,6850.2249602411475,-2.6508748965707127,0.1750397588521082,0.10337641667556353
2023-03-23,IM2305,2023-05-19,37.0,0.15163934426229508,6868.835,6822.0,0.059119095023240927,0.056557256493023095,0.060007379372212344,0.0025618385302178318,-0.0008882843489714173,6824.650694793834,6821.081146288689,-2.650694793834191,0.9188537113113853,0.09807092781775353
2023-03-23,IM2306,2023-06-16,57.0,0.2336065573770492,6868.835,6782.6,0.06808240613216672,0.06311762668786369,0.06583316892487591,0.004964779444303027,0.0022492372072908107,6790.471057187987,6786.164762462987,-7.87105718798648,-3.5647624629864367,0.27560321405963706
2023-03-23,IM2309,2023-09-15,120.0,0.4918032786885246,6868.835,6674.0,0.07250943842228502,0.0702289677344963,0.07209603009597661,0.0022804706877887215,0.00041340832630841484,6681.48937676695,6675.3570660679425,-7.489376766950045,-1.357066067942469,0.209417460132199
2023-03-24,IM2304,2023-04-21,19.0,0.0778688524590164,6867.952,6857.0,0.03449504678692234,0.050712463584643944,0.034436256814804125,-0.016217416797721602,5.878997211821585e-05,6848.346228750812,6857.031390784711,8.65377124918814,-0.031390784711220476,-0.3397823802884843
2023-03-24,IM2305,2023-05-19,36.0,0.14754098360655737,6867.952,6829.8,0.05175604149681376,0.06227312887525813,0.05312111548406501,-0.010517087378444367,-0.0013650739872512474,6819.210407733086,6828.424587022175,10.589592266914224,1.3754129778253628,-0.3927915738722184
2023-03-24,IM2306,2023-06-16,56.0,0.22950819672131148,6867.952,6790.8,0.06322351046135148,0.06739375413313148,0.061292538549776614,-0.004170243671779997,0.0019309719115748677,6784.303600017688,6793.810172159011,6.496399982312141,-3.0101721590108355,-0.22818144813521998
2023-03-24,IM2309,2023-09-15,119.0,0.48770491803278687,6867.952,6688.6,0.06825692549145536,0.07288305222062713,0.06975862662214952,-0.004626126729171773,-0.001501701130694158,6673.526293560171,6683.703149545937,15.073706439829039,4.896850454063497,-0.4230220076594538
2023-03-27,IM2304,2023-04-21,18.0,0.07377049180327869,6886.689,6860.0,0.06663590043959755,0.039513806151758896,0.06508634537093583,0.027122094287838655,0.0015495550686617232,6873.739298488669,6860.78422129679,-13.739298488669192,-0.7842212967898377,0.5426745476296885
2023-03-27,IM2305,2023-05-19,35.0,0.14344262295081966,6886.689,6834.6,0.0669303751685451,0.056266279676477765,0.0691747767558871,0.01066409549206733,-0.0022444015873420015,6845.06279111684,6832.40000354856,-10.46279111683998,2.199996451440711,0.38826735776122057
2023-03-27,IM2306,2023-06-16,55.0,0.22540983606557377,6886.689,6797.4,0.07189557413357137,0.06344257800068859,0.07114618885512179,0.008452996132882779,0.0007493852784495741,6810.364034442214,6798.548305720379,-12.964034442214142,-1.1483057203795397,0.45573383832179604
2023-03-27,IM2309,2023-09-15,118.0,0.48360655737704916,6886.689,6695.0,0.07237273797465528,0.07083251016344216,0.07379496911508447,0.0015402278112131157,-0.001422231140429192,6699.988724013825,6690.396760190236,-4.988724013825049,4.603239809764091,0.14023423188716996
2023-03-28,IM2304,2023-04-21,17.0,0.06967213114754098,6825.383,6827.4,0.009759123606732159,0.06609268427161145,0.008183425623281365,-0.056333560664879295,0.001575697983450794,6800.655797781959,6828.149568385728,26.7442022180403,-0.7495683857287077,-1.0744770915926496
2023-03-28,IM2305,2023-05-19,34.0,0.13934426229508196,6825.383,6806.8,0.033565528946649895,0.06979819418813527,0.03795963358372051,-0.03623266524148537,-0.004394104637070614,6772.520341430511,6802.633517860544,34.279658569489584,4.166482139456093,-1.284972165270894
2023-03-28,IM2306,2023-06-16,54.0,0.22131147540983606,6825.383,6770.0,0.050814041266306745,0.07157521857356017,0.05038238457741083,-0.020761177307253423,0.000431656688895915,6738.965322401437,6770.646772910535,31.034677598562666,-0.6467729105352191,-1.1024970966907781
2023-03-28,IM2309,2023-09-15,117.0,0.47950819672131145,6825.383,6670.6,0.06183785963444045,0.07401562197880784,0.06292198226408043,-0.012177762344367397,-0.001084122629639979,6631.761625065271,6667.133218532977,38.83837493472947,3.466781467023793,-1.1039045789460444
2023-03-29,IM2304,2023-04-21,16.0,0.06557377049180328,6806.281,6806.0,0.014629615271769413,0.015717114643427142,0.011778467787446664,-0.0010874993716577293,0.0028511474843227486,6805.514671683722,6807.272572056857,0.4853283162783555,-1.2725720568569159,-0.019735823647473616
2023-03-29,IM2305,2023-05-19,33.0,0.13524590163934427,6806.281,6789.2,0.032579106578065446,0.04251464062259238,0.03883457482906129,-0.009935534044526934,-0.006255468250995842,6780.083205299833,6783.458586304236,9.116794700166793,5.741413695764095,-0.3429264204611186
2023-03-29,IM2306,2023-06-16,53.0,0.21721311475409835,6806.281,6750.8,0.05168117756203059,0.053452912563759156,0.049984634648215134,-0.0017717350017285652,0.0016965429138154561,6748.202494445962,6753.2882049985665,2.5975055540384346,-2.488204998566289,-0.09263755016668908
2023-03-29,IM2309,2023-09-15,116.0,0.47540983606557374,6806.281,6659.2,0.05995299350485375,0.06443299589307294,0.06147170578530799,-0.00448000238821919,-0.0015187122804542347,6645.032081147422,6654.393721273032,14.167918852577714,4.80627872696823,-0.4043051711858413
2023-03-30,IM2304,2023-04-21,15.0,0.06147540983606557,6807.645,6821.6,-0.019310929939375235,0.018339969726544135,-0.020534451239656554,-0.03765089966591937,0.0012235213002813189,6805.8289529361155,6822.113115991941,15.771047063884907,-0.5131159919410493,-0.6488525123054998
2023-03-30,IM2305,2023-05-19,32.0,0.13114754098360656,6807.645,6804.0,0.01808372767058568,0.04275578220806369,0.0226492446811861,-0.02467205453747801,-0.004565517010600418,6782.020017418344,6799.927281340434,21.97998258165626,4.072718659565908,-0.8280247974889893
2023-03-30,IM2306,2023-06-16,52.0,0.21311475409836064,6807.645,6767.2,0.04196067964980674,0.052612109570277246,0.03973739404347598,-0.01065142992047051,0.002223285606330755,6751.856034349101,6770.407160373357,15.343965650899008,-3.2071603733575103,-0.5481396165047946
2023-03-30,IM2309,2023-09-15,115.0,0.4713114754098361,6807.645,6673.8,0.05613101858912068,0.06275966897734557,0.05639595422557999,-0.0066286503882248896,-0.00026493563645930973,6652.982523188735,6672.96671326872,20.817476811264896,0.8332867312801682,-0.5955178223375516
2023-03-31,IM2304,2023-04-21,14.0,0.05737704918032787,6875.808,6873.8,0.01909055555290942,-0.010383301079080101,0.018361199542445174,0.02947385663198952,0.0007293560104642445,6885.434275460077,6874.087662833919,-11.634275460076424,-0.28766283391905745,0.4813550670478445
2023-03-31,IM2305,2023-05-19,31.0,0.12704918032786885,6875.808,6852.4,0.040841637518688176,0.028626657525344587,0.04260556036904484,0.012214979993343589,-0.0017639228503566612,6863.0425174018455,6850.864515286154,-10.642517401845907,1.5354847138460173,0.39824687597896385
2023-03-31,IM2306,2023-06-16,51.0,0.20901639344262296,6875.808,6818.8,0.05383257240167684,0.04370578517153879,0.05219115541123866,0.010126787230138053,0.0016414169904381826,6833.248398004152,6821.139816118646,-14.448398004151386,-2.339816118646013,0.5127148946096968
2023-03-31,IM2309,2023-09-15,114.0,0.4672131147540984,6875.808,6725.0,0.061467071730944005,0.058317414819556365,0.062066214446499346,0.0031496569113876396,-0.0005991427155553411,6734.903532871719,6723.117752135324,-9.903532871719108,1.8822478646761738,0.2816710752581517
2023-04-03,IM2304,2023-04-21,13.0,0.05327868852459016,6962.205,6940.0,0.0739575568975915,0.023789680599935747,0.0727243049334203,0.05016787629765575,0.001233251964171192,6958.574590622005,6940.45601494937,-18.574590622005417,-0.456014949370001,0.7748032000928484
2023-04-03,IM2305,2023-05-19,30.0,0.12295081967213115,6962.205,6918.8,0.06486497468175566,0.04576604752151074,0.06901173967081406,0.019098927160244916,-0.004146764989058402,6935.066015758482,6915.273361690801,-16.266015758481444,3.5266383091993703,0.6043154948991277
2023-04-03,IM2306,2023-06-16,50.0,0.20491803278688525,6962.205,6878.2,0.0732395141830004,0.05427915960356207,0.06823979015730952,0.01896035457943833,0.004999724025690877,6904.975981053334,6885.250558239053,-26.775981053334363,-7.050558239053316,0.9440416365846827
2023-04-03,IM2309,2023-09-15,113.0,0.46311475409836067,6962.205,6793.2,0.06706270735580712,0.06307750000978635,0.06920372229270788,0.003985207346020772,-0.002141014936900762,6805.749163297934,6786.467638560772,-12.549163297933774,6.732361439228043,0.3547390944030957
2023-04-04,IM2304,2023-04-21,12.0,0.04918032786885246,6953.363,6950.2,0.023251489627926315,0.07178479483173553,0.023178780775032187,-0.04853330520380921,7.270885289412804e-05,6933.6304624265795,6950.224852883913,16.569537573420348,-0.024852883912899415,-0.7072742698411714
2023-04-04,IM2305,2023-05-19,29.0,0.11885245901639344,6953.363,6929.4,0.04304608029026551,0.0684949573783029,0.04593222568508096,-0.025448877088037385,-0.002886145394815444,6908.472574907049,6927.023446890362,20.927425092950216,2.3765531096378254,-0.7806767667481677
2023-04-04,IM2306,2023-06-16,49.0,0.20081967213114754,6953.363,6891.8,0.05828414929618485,0.06791818534105792,0.05449483222903244,-0.009634036044873076,0.003789317067152409,6878.479297212889,6897.0464449257925,13.320702787111259,-5.246444925792275,-0.47152639813453
2023-04-04,IM2309,2023-09-15,112.0,0.45901639344262296,6953.363,6802.0,0.061947613992990716,0.069071626722521,0.06319518066532497,-0.007124012729530282,-0.0012475666723342493,6779.7935250426635,6798.105925606383,22.206474957336468,3.894074393617302,-0.6311472026868226
2023-04-06,IM2304,2023-04-21,11.0,0.045081967213114756,6983.027,6959.4,0.08917920945334404,0.027879700374053844,0.08917270613461446,0.061299509079290194,6.503318729575436e-06,6978.658917786351,6959.402040373905,-19.25891778635105,-0.0020403739054017933,0.841006311461327
2023-04-06,IM2305,2023-05-19,28.0,0.11475409836065574,6983.027,6933.6,0.07590046066249474,0.048591638560055495,0.07740415995234749,0.027308822102439248,-0.0015036992898527501,6955.362592520716,6932.403671321693,-21.76259252071577,1.196328678307509,0.8113052540479645
2023-04-06,IM2306,2023-06-16,48.0,0.19672131147540983,6983.027,6895.2,0.07833961294509618,0.05622454404243325,0.0739135801960599,0.022115068902662932,0.004426032749036288,6925.26295164338,6901.206230354442,-30.062951643380075,-6.006230354441868,1.0635170479483143
2023-04-06,IM2309,2023-09-15,111.0,0.45491803278688525,6983.027,6802.0,0.07173744259712164,0.06402154566964506,0.07254399086705046,0.0077158969274765815,-0.0008065482699288196,6825.917656765287,6799.5047131826495,-23.917656765286665,2.495286817350461,0.6803115276349825
2023-04-07,IM2304,2023-04-21,10.0,0.040983606557377046,7042.89,7026.2,0.07189090709234727,0.08668686969227121,0.07121369709789109,-0.01479596259992394,0.0006772099944561821,7021.940660708093,7026.395011430105,4.259339291907054,-0.1950114301052963,-0.19065998403891035
2023-04-07,IM2305,2023-05-19,27.0,0.11065573770491803,7042.89,7003.2,0.06507200005685024,0.07604760770769195,0.07010471272312156,-0.010975607650841712,-0.0050327126662713245,6994.6996787500575,6999.301013966062,8.500321249942317,3.8989860339379447,-0.31542517653334146
2023-04-07,IM2306,2023-06-16,47.0,0.19262295081967212,7042.89,6959.8,0.07561186372174476,0.07306001657133676,0.07020639180877605,0.0025518471504080015,0.0054054719129687095,6963.22189115177,6967.050442682032,-3.421891151770069,-7.250442682031462,0.12052217438503016
2023-04-07,IM2309,2023-09-15,110.0,0.45081967213114754,7042.89,6860.6,0.07216892528880188,0.0721668355971323,0.07159455348926412,2.0896916695795076e-06,0.0005743717995377595,6860.606463196707,6862.37670079026,-0.006463196707045427,-1.7767007902593832,0.00018335192593231823
2023-04-10,IM2304,2023-04-21,9.0,0.036885245901639344,6968.573,6971.0,0.004559442913850792,0.0709173149234492,0.003166619952171476,-0.0663578720095984,0.0013928229616793162,6953.958460349496,6971.358141657783,17.04153965050409,-0.35814165778265306,-0.8011832889060218
2023-04-10,IM2305,2023-05-19,26.0,0.10655737704918032,6968.573,6953.4,0.03445583993139564,0.06995946564832363,0.03845118754348051,-0.035503625716927986,-0.003995347612084865,6927.1437804769175,6950.440332919505,26.25621952308211,2.95966708049491,-0.9858492866249405
2023-04-10,IM2306,2023-06-16,46.0,0.1885245901639344,6968.573,6919.0,0.05186889928687044,0.0701265060509697,0.050349736145148836,-0.018257606764099266,0.0015191631417216037,6895.2256869642615,6920.981882684158,23.774313035738487,-1.981882684158336,-0.8464512644414638
2023-04-10,IM2309,2023-09-15,109.0,0.44672131147540983,6968.573,6835.0,0.05732454835175912,0.07157357566193748,0.06124224499452192,-0.01424902731017836,-0.0039176966427628,6791.631048202759,6823.048400898939,43.3689517972407,11.95159910106122,-1.2440433651442127
2023-04-11,IM2304,2023-04-21,8.0,0.03278688524590164,6984.142,6972.4,0.06532089087663151,0.009653755306330766,0.0644702228442206,0.055667135570300744,0.0008506680324109062,6985.137309933974,6972.594468213204,-12.737309933974757,-0.19446821320434537,0.6281761273726354
2023-04-11,IM2305,2023-05-19,25.0,0.10245901639344263,6984.142,6950.8,0.06070540300840619,0.04193845356046384,0.06432103542119236,0.018766949447942348,-0.003615632412786167,6964.1781563098475,6948.225524251183,-13.378156309847327,2.574475748817349,0.5028746792517848
2023-04-11,IM2306,2023-06-16,45.0,0.18442622950819673,6984.142,6912.4,0.06998580173925038,0.052551518345732205,0.06493374054238778,0.017434283393518178,0.005052061196862606,6934.661480269041,6918.843509756802,-22.261480269041385,-6.4435097568020865,0.7930291897890154
2023-04-11,IM2309,2023-09-15,108.0,0.4426229508196721,6984.142,6830.2,0.06435481044611283,0.062260510808185114,0.06722324048204326,0.0020942996379277115,-0.0028684300359304304,6836.534429038963,6821.53365561311,-6.334429038963208,8.66634438689016,0.18192821501702489
2023-04-12,IM2304,2023-04-21,7.0,0.028688524590163935,7021.016,7002.2,0.10754093862667964,0.06434636187667625,0.10543334336613555,0.04319457675000339,0.00210759526054409,7010.8824254264555,7002.623392409391,-8.682425426455666,-0.42339240939145384,0.4544101162442137
2023-04-12,IM2305,2023-05-19,24.0,0.09836065573770492,7021.016,6980.6,0.07269281677253092,0.06427869316303242,0.07960061297735777,0.008414123609498503,-0.006907796204826844,6986.379666556941,6975.8586048488005,-5.779666556940356,4.7413951511998675,0.21728760339736042
2023-04-12,IM2306,2023-06-16,44.0,0.18032786885245902,7021.016,6942.0,0.07676356251863391,0.06492456988160042,0.07262097874127077,0.011838992637033488,0.004142583777363137,6956.836309348751,6947.1877732296625,-14.836309348750547,-5.187773229662525,0.5280790567292831
2023-04-12,IM2309,2023-09-15,107.0,0.4385245901639344,7021.016,6855.0,0.06856848813642238,0.06724086656489385,0.06958635969472102,0.0013276215715285339,-0.001017871558298633,6858.992106685454,6851.940873281359,-3.9921066854540186,3.0591267186409823,0.1147384726723704
2023-04-13,IM2304,2023-04-21,6.0,0.02459016393442623,6966.818,6967.0,0.012937644609142446,0.10091289019643127,0.014663441945411679,-0.08797524558728882,-0.0017257973362692323,6951.94440072449,6966.704343239718,15.055599275509849,0.295656760282327,-0.860565788869491
2023-04-13,IM2305,2023-05-19,23.0,0.0942622950819672,6966.818,6944.6,0.047886437803432026,0.077298202133575,0.045475527373403775,-0.02941176433014297,0.0024109104300282513,6925.373313777257,6946.178394906753,19.22668622274341,-1.578394906752692,-0.7309895530168067
2023-04-13,IM2306,2023-06-16,43.0,0.1762295081967213,6966.818,6913.0,0.05800452382230751,0.07122713958678029,0.055012929192376145,-0.013222615764472777,0.002991594629931364,6896.909977086207,6916.6455446160535,16.09002291379329,-3.645544616053485,-0.5780472513105582
2023-04-13,IM2309,2023-09-15,106.0,0.4344262295081967,6966.818,6823.2,0.06194835375290903,0.06899230589576213,0.06353994033085836,-0.0070439521428531035,-0.0015915865779493263,6802.352392638681,6818.483886205848,20.847607361319206,4.716113794152079,-0.6056000599681258
2023-04-14,IM2305,2023-05-19,22.0,0.09016393442622951,7020.094,6986.0,0.06799566808837189,0.048003576584772,0.07028158536535865,0.019992091503599888,-0.0022859172769867653,6998.6040799006205,6984.56028280708,-12.60407990062049,1.4397171929203978,0.47751566971727905
2023-04-14,IM2306,2023-06-16,42.0,0.1721311475409836,7020.094,6946.8,0.07497377796275642,0.05656422644163979,0.06932498652565022,0.018409551521116632,0.005648791437106199,6968.848332958224,6953.557887478875,-22.04833295822391,-6.757887478875091,0.7883217799948948
2023-04-14,IM2309,2023-09-15,105.0,0.430327868852459,7020.094,6856.2,0.06889594695753737,0.06424166886045413,0.07026854079622497,0.004654278097083242,-0.0013725938386875969,6869.945807859933,6852.151475791282,-13.745807859932938,4.048524208717936,0.3980305701372578
2023-04-17,IM2305,2023-05-19,21.0,0.0860655737704918,7012.773,6989.6,0.05245754377243913,0.06984198435584871,0.05367680088232858,-0.01738444058340958,-0.001219257109889453,6979.149967153574,6988.866577377812,10.450032846426438,0.7334226221883,-0.39716844968861403
2023-04-17,IM2306,2023-06-16,41.0,0.1680327868852459,7012.773,6955.2,0.06305958814791256,0.06907649335395713,0.06033305780368318,-0.006016905206044573,0.002726530344229379,6948.171586614841,6958.3872305365185,7.028413385159183,-3.187230536518655,-0.2521721503883978
2023-04-17,IM2309,2023-09-15,104.0,0.4262295081967213,7012.773,6865.0,0.06396641701907414,0.07017964977921685,0.06643862383503067,-0.006213232760142712,-0.002472206815956529,6846.843725426392,6857.76997065393,18.156274573608243,7.230029346070296,-0.5257691150631428
2023-04-18,IM2305,2023-05-19,20.0,0.08196721311475409,6997.072,6959.0,0.08056307766380173,0.0552959026340759,0.0810049976867757,0.025267175029725836,-0.0004419200229739684,6973.427580345418,6958.747929037546,-14.427580345418392,0.25207096245412686,0.5531555611643746
2023-04-18,IM2306,2023-06-16,40.0,0.16393442622950818,6997.072,6925.0,0.07715771494669671,0.0613090151025907,0.07420597006273097,0.015848699844106008,0.00295174488396574,6943.01556495769,6928.351767164475,-18.015564957690003,-3.35176716447495,0.6495547501859211
2023-04-18,IM2309,2023-09-15,103.0,0.42213114754098363,6997.072,6838.0,0.06847710919226482,0.0668769137184059,0.07158465383541635,0.001600195473858923,-0.003107544643151522,6842.620577107274,6829.035851332793,-4.620577107273675,8.964148667207155,0.13394594848773417
2023-04-19,IM2305,2023-05-19,19.0,0.0778688524590164,6965.576,6930.2,0.07938725109845166,0.07905778759796712,0.08012373245173193,0.0003294635004845309,-0.0007364813532802772,6930.3777961784945,6929.802571648555,-0.17779617849464557,0.39742835144443234,0.006900210618509714
2023-04-19,IM2306,2023-06-16,39.0,0.1598360655737705,6965.576,6897.0,0.07589947517817662,0.07308299520859231,0.0728537725329643,0.0028164799695843123,0.0030457026452123254,6900.105556476415,6900.358367524249,-3.1055564764146766,-3.3583675242489335,0.11284370090207439
2023-04-19,IM2309,2023-09-15,102.0,0.4180327868852459,6965.576,6815.0,0.0662787651108777,0.07112958191837004,0.07026747950292311,-0.004850816807492345,-0.003988714392045414,6801.19454189362,6803.64604622189,13.805458106379774,11.353953778109826,-0.40296573097690325
2023-04-20,IM2305,2023-05-19,18.0,0.07377049180327869,6963.899,6929.0,0.08210332795150724,0.07810572300058433,0.08212760109252334,0.003997604950922912,-2.427314101610678e-05,6931.0437000419,6928.987592655806,-2.043700041899683,0.012407344193889003,0.07995942307235228
2023-04-20,IM2306,2023-06-16,38.0,0.1557377049180328,6963.899,6899.0,0.07412060523572707,0.07170655858455839,0.0727879724902913,0.0024140466511686776,0.001332632745435769,6901.594222457436,6900.431975090967,-2.5942224574364445,-1.4319750909671711,0.09449839520287609
2023-04-20,IM2309,2023-09-15,101.0,0.4139344262295082,6963.899,6814.8,0.06628557853851161,0.06981024759134426,0.06931991569830458,-0.003524669052832649,-0.0030343371597929686,6804.864579967827,6806.245871186328,9.93542003217317,8.554128813671923,-0.2909311316933868
2023-04-21,IM2305,2023-05-19,17.0,0.06967213114754098,6773.512,6770.2,0.021019780415302773,0.07965491327200959,0.025100736235588804,-0.058635132856706816,-0.004080955820286031,6742.598561825632,6768.275310190315,27.601438174368013,1.9246898096844234,-1.1180422573957678
2023-04-21,IM2306,2023-06-16,37.0,0.15163934426229508,6773.512,6732.2,0.05434392878905272,0.07139945028621113,0.04660357381889528,-0.01705552149715841,0.007740354970157438,6714.811087342519,6740.106507455965,17.388912657480432,-7.9065074559648565,-0.651871489909159
2023-04-21,IM2309,2023-09-15,100.0,0.4098360655737705,6773.512,6650.0,0.05890297102942468,0.06877148191487503,0.061005491021894336,-0.009868510885450349,-0.002102519992469652,6623.158579636416,6644.272239459164,26.841420363583893,5.727760540836243,-0.8096494710576617
2023-04-24,IM2305,2023-05-19,16.0,0.06557377049180328,6725.271,6722.2,0.02096528749742644,0.030014541789179422,0.02322749654805329,-0.009049254291752983,-0.002262209050626851,6718.2122719716,6721.202892208584,3.9877280283999426,0.997107791416056,-0.1641817935537056
2023-04-24,IM2306,2023-06-16,36.0,0.14754098360655737,6725.271,6687.4,0.05227453970021777,0.049384788442249604,0.045725343839607344,0.0028897512579681636,0.006549195860610424,6690.251825987416,6693.8649890665265,-2.851825987416305,-6.4649890665268686,0.10776028436118208
2023-04-24,IM2309,2023-09-15,99.0,0.4057377049180328,6725.271,6610.4,0.05646106649712743,0.062162315705164596,0.060366710207884575,-0.005701249208037169,-0.003905643710757148,6595.1264172496585,6599.933013356324,15.27358275034112,10.466986643675227,-0.4649569603861102
2023-04-24,IM2312,2023-12-15,158.0,0.6475409836065574,6725.271,6516.0,0.062817807882817,0.06620446705795605,0.06488005318318904,-0.0033866591751390424,-0.002062245300372037,6501.7260650975995,6507.304416792296,14.27393490240047,8.695583207703748,-0.35197746914539446
2023-04-25,IM2305,2023-05-19,15.0,0.06147540983606557,6603.239,6612.0,-0.007567871386156435,0.028190939889424442,-0.009266673222279281,-0.03575881127558088,0.001698801836122846,6597.480886971348,6612.690557230955,14.5191130286521,-0.6905572309551644,-0.616105135633348
2023-04-25,IM2306,2023-06-16,35.0,0.14344262295081966,6603.239,6592.8,0.025029788262642266,0.048495329479953664,0.026481673978562104,-0.023465541217311398,-0.0014518857159198373,6570.646212231999,6591.427111304875,22.153787768001166,1.372888695124857,-0.8540036693130879
2023-04-25,IM2309,2023-09-15,98.0,0.4016393442622951,6603.239,6524.8,0.04375302344936407,0.06150539249135803,0.048923664693033386,-0.01775236904199396,-0.0051706412436693175,6478.44330981078,6511.263793200562,46.35669018921999,13.536206799438332,-1.451899187356325
2023-04-25,IM2312,2023-12-15,157.0,0.6434426229508197,6603.239,6450.2,0.05044326208853883,0.06561957042367124,0.0557472952131469,-0.015176308335132407,-0.005304033124608067,6387.519794300398,6428.224014674764,62.680205699602084,21.975985325236252,-1.5939039313211205
2023-04-26,IM2305,2023-05-19,14.0,0.05737704918032787,6624.4,6629.0,0.001901756260169989,-0.0016475244723515858,0.0018747141887582794,0.003549280732521575,2.704207141170957e-05,6630.350115123309,6629.010285526339,-1.3501151233085693,-0.010285526339430362,0.05795417031403816
2023-04-26,IM2306,2023-06-16,34.0,0.13934426229508196,6624.4,6607.8,0.032005996623450814,0.03067039249914533,0.03027509550681676,0.0013356041243054832,0.001730901116634053,6609.029883982335,6609.393935023401,-1.2298839823351955,-1.5939350234011727,0.04735424415493
2023-04-26,IM2309,2023-09-15,97.0,0.3975409836065574,6624.4,6540.0,0.04625487884987947,0.05062323603751072,0.048603206864669395,-0.004368357187631247,-0.002348328014789923,6528.652485278807,6533.897388657301,11.347514721192965,6.102611342698765,-0.35558677500085545
2023-04-26,IM2312,2023-12-15,156.0,0.639344262295082,6624.4,6470.0,0.050887315037019654,0.0568478211806752,0.054787779706499715,-0.005960506143655543,-0.003900464669480061,6445.390944406269,6453.885605001803,24.609055593730773,16.114394998196985,-0.6259304972701435
2023-04-27,IM2305,2023-05-19,13.0,0.05327868852459016,6633.493,6647.6,-0.02587286860188103,0.007635445915120838,-0.025225054689744418,-0.03350831451700187,-0.0006478139121366133,6635.742766357746,6647.370564201645,11.85723364225396,0.22943579835555283,-0.51742304991701
2023-04-27,IM2306,2023-06-16,33.0,0.13524590163934427,6633.493,6628.2,0.01990213078981748,0.0334050922874462,0.017464032913647794,-0.013502961497628724,0.0024380978761696856,6616.10649331765,6630.385961248663,12.09350668234947,-2.1859612486632614,-0.465952836257695
2023-04-27,IM2309,2023-09-15,96.0,0.39344262295081966,6633.493,6565.2,0.04030254234061398,0.04987006108465508,0.04278224098987515,-0.009567518744041104,-0.002479698649261175,6540.533271998675,6558.797988687714,24.666728001324373,6.402011312286049,-0.7740474490318848
2023-04-27,IM2312,2023-12-15,155.0,0.6352459016393442,6633.493,6495.0,0.047213694015810284,0.055612312467534904,0.05054352335808832,-0.00839861845172462,-0.0033298293422780387,6460.440227675815,6481.275903560081,34.55977232418536,13.724096439918867,-0.8801359572874322
2023-04-28,IM2305,2023-05-19,12.0,0.04918032786885246,6723.305,6738.4,-0.03160073115699156,-0.01678669387933021,-0.03038576519113123,-0.014814037277661347,-0.0012149659658603276,6733.492464548949,6737.9973762914005,4.907535451050535,0.40262370859909424,-0.21585355290006658
2023-04-28,IM2306,2023-06-16,32.0,0.13114754098360656,6723.305,6718.8,0.019110899860710906,0.021962452205159133,0.015267065868538557,-0.002851552344448227,0.003843833992172349,6716.287812740736,6722.187863930862,2.512187259264465,-3.3878639308613856,-0.09568135542436489
2023-04-28,IM2309,2023-09-15,95.0,0.38934426229508196,6723.305,6653.0,0.040999160814495915,0.0445640054678182,0.04140015020121163,-0.0035648446533222827,-0.00040098938671571244,6643.77236183637,6651.961395310578,9.227638163630218,1.0386046894218453,-0.28653900836285495
2023-04-28,IM2312,2023-12-15,154.0,0.6311475409836066,6723.305,6596.0,0.04428839244546895,0.051693061720249386,0.04935876159153648,-0.007404669274780437,-0.005070369146067531,6565.2459172818635,6574.925542590905,30.754082718136488,21.074457409094975,-0.7740274209682521
2023-05-04,IM2305,2023-05-19,11.0,0.045081967213114756,6733.969,6725.2,0.04290407144140782,-0.021694689228669302,0.04404995093584597,0.06459876067007712,-0.0011458794944381456,6744.813937515278,6724.852595216987,-19.61393751527794,0.34740478301318944,0.8861624990722506
2023-05-04,IM2306,2023-06-16,31.0,0.12704918032786885,6733.969,6702.0,0.051455793860958596,0.01982366801843376,0.04647844003922255,0.03163212584252484,0.004977353821736044,6728.988431306285,6706.239475497821,-26.988431306284838,-4.239475497821331,1.031093924674868
2023-05-04,IM2309,2023-09-15,94.0,0.38524590163934425,6733.969,6637.4,0.051493965856673485,0.04318087095631189,0.05178492967542173,0.008313094900361598,-0.000290963818748248,6658.690917389283,6636.6560381497475,-21.290917389283095,0.7439618502521625,0.6637549419838135
2023-05-04,IM2312,2023-12-15,153.0,0.6270491803278688,6733.969,6580.2,0.050838541435496,0.050504816247547914,0.05569886205049469,0.00033372518794808764,-0.004860320614998685,6581.577130592588,6560.17631547837,-1.3771305925884008,20.023684521629548,0.034793516367691874
2023-05-05,IM2305,2023-05-19,10.0,0.040983606557377046,6653.653,6650.0,0.027399808645060718,0.04425901457826968,0.02885447139115026,-0.016859205933208964,-0.0014546627460895432,6645.406762466056,6649.60355660193,4.593237533944375,0.39644339807000506,-0.21722433681855294
2023-05-05,IM2306,2023-06-16,30.0,0.12295081967213115,6653.653,6628.6,0.044682240678358034,0.04662907755680967,0.04064193920766401,-0.0019468368784516382,0.004040301470694022,6627.01353378171,6631.893630582953,1.5864662182902975,-3.2936305829525736,-0.061588011735876184
2023-05-05,IM2309,2023-09-15,93.0,0.38114754098360654,6653.653,6562.2,0.05031169843153568,0.05189058145137671,0.050059196029572844,-0.0015788830198410347,0.00025250240196283275,6558.252138857247,6562.83158091345,3.947861142753027,-0.631580913450307,-0.12521104720308765
2023-05-05,IM2312,2023-12-15,152.0,0.6229508196721312,6653.653,6501.0,0.05125818346799862,0.05578925381061894,0.054714324961034524,-0.004531070342620319,-0.0034561414930359066,6482.675929708307,6487.018363525646,18.324070291692806,13.981636474353763,-0.4711378876331682
2023-05-08,IM2305,2023-05-19,9.0,0.036885245901639344,6702.5,6687.8,0.07352570046013786,0.030755284079294527,0.07530659740912768,0.042770416380843335,-0.0017808969489898213,6698.35898211466,6687.360700725655,-10.558982114659557,0.4392992743451032,0.5163510874157997
2023-05-08,IM2306,2023-06-16,29.0,0.11885245901639344,6702.5,6662.0,0.06499474934425552,0.041638311001105814,0.05882397094905904,0.023356438343149703,0.0061707783951964745,6680.5192055006055,6666.887784146363,-18.519205500605494,-4.887784146362719,0.7163454539219385
2023-05-08,IM2309,2023-09-15,92.0,0.3770491803278688,6702.5,6594.2,0.057204221583659544,0.05047563123426546,0.056011805777791385,0.006728590349394083,0.0011924158058681592,6610.950787355184,6597.165414952513,-16.750787355184002,-2.965414952513129,0.5299233762570797
2023-05-08,IM2312,2023-12-15,151.0,0.6188524590163934,6702.5,6548.0,0.05168415440435555,0.054998875740923145,0.05841004092894137,-0.003314721336567593,-0.00672588652458582,6534.581701389387,6520.801697338199,13.41829861061342,27.19830266180088,-0.34372963208257434
2023-05-09,IM2305,2023-05-19,8.0,0.03278688524590164,6611.637,6613.6,0.004945871073661916,0.07222276164733152,0.0070918830296358565,-0.0672768905736696,-0.0021460119559739404,6599.027800748784,6613.134676545203,14.572199251216261,0.4653234547977263,-0.7591312983906079
2023-05-09,IM2306,2023-06-16,28.0,0.11475409836065574,6611.637,6592.8,0.03886302314202027,0.05735420978640054,0.032384501991802844,-0.01849118664438027,0.006478521150217423,6578.825309554538,6597.703152852894,13.974690445462329,-4.903152852893982,-0.5492381136193135
2023-05-09,IM2309,2023-09-15,91.0,0.3729508196721312,6611.637,6532.6,0.04624621388503485,0.0555286686599265,0.04704782830326581,-0.009282454774891646,-0.0008016144182309559,6510.02389846954,6530.647287819648,22.57610153046062,1.9527121803521368,-0.7259324790300646
2023-05-09,IM2312,2023-12-15,150.0,0.6147540983606558,6611.637,6482.4,0.04611115819883469,0.05813292597844433,0.05267445638517221,-0.012021767779609636,-0.006563298186337517,6434.668864090924,6456.2974137103765,47.73113590907542,26.102586289623105,-1.2432155572561139
2023-05-10,IM2305,2023-05-19,7.0,0.028688524590163935,6627.311,6624.4,0.02931411973733296,0.011094342349927677,0.03075604721956289,0.018219777387405284,-0.0014419274822299287,6627.86346924906,6624.1259756231475,-3.4634692490599264,0.27402437685213954,0.19166185231400493
2023-05-10,IM2306,2023-06-16,27.0,0.11065573770491803,6627.311,6603.6,0.046390424903599715,0.034358940295662464,0.04137379736820536,0.012031484607937251,0.0050166275353943565,6612.397576422492,6607.266798983821,-8.797576422492057,-3.6667989838206267,0.34570276301533964
2023-05-10,IM2309,2023-09-15,90.0,0.36885245901639346,6627.311,6538.0,0.05078390261521374,0.047803085642328845,0.04990910042760947,0.002980816972884895,0.0008748021876042733,6545.192364372444,6540.109976066757,-7.19236437244399,-2.1099760667566443,0.23145145851842802
2023-05-10,IM2312,2023-12-15,149.0,0.610655737704918,6627.311,6488.0,0.04879018227290307,0.05316841469790763,0.05443461583744659,-0.004378232425004562,-0.00564443356454352,6470.676898008233,6465.675620346067,17.323101991766634,22.324379653932738,-0.4515127737041758
2023-05-11,IM2305,2023-05-19,6.0,0.02459016393442623,6622.521,6615.6,0.056521748463113246,0.03225158986705051,0.057016489106803375,0.024270158596062734,-0.0004947406436901294,6619.549415973369,6615.5195167304955,-3.949415973368559,0.08048326950483897,0.2373967115545744
2023-05-11,IM2306,2023-06-16,26.0,0.10655737704918032,6622.521,6595.8,0.051942284694052966,0.042127297600265685,0.04924773363482577,0.00981498709378728,0.002694551059227196,6602.701887214505,6597.69408631915,-6.901887214505223,-1.8940863191501194,0.27248633948232653
2023-05-11,IM2309,2023-09-15,89.0,0.36475409836065575,6622.521,6534.0,0.05089279996740024,0.05022512637247432,0.051074941466547404,0.0006676735949259216,-0.00018214149914716482,6535.591462449756,6533.565915987647,-1.5914624497563636,0.43408401235319616,0.05146659033055
2023-05-11,IM2312,2023-12-15,148.0,0.6065573770491803,6622.521,6482.2,0.049307713762102925,0.05465523627327638,0.054648379957708236,-0.005347522511173451,-0.005340666195605311,6461.208532874976,6461.235403474,20.99146712502352,20.964596525999696,-0.5499222130767434
2023-05-12,IM2306,2023-06-16,25.0,0.10245901639344263,6535.944,6520.0,0.03783795723355304,0.048659192312285965,0.036811128135825856,-0.010821235078732921,0.0010268290977271874,6512.775066174588,6520.685991589044,7.224933825412336,-0.6859915890436241,-0.2899088913897595
2023-05-12,IM2309,2023-09-15,88.0,0.36065573770491804,6535.944,6465.8,0.043917843140812825,0.05092850595254997,0.045097349542308623,-0.007010662811737144,-0.0011795064014957987,6449.472290491119,6463.050061098494,16.327709508881526,2.749938901506539,-0.5364146811742551
2023-05-12,IM2312,2023-12-15,147.0,0.6024590163934426,6535.944,6415.8,0.04479560779433196,0.05458502698668366,0.05009089133072995,-0.009789419192351698,-0.005295283536397986,6378.072745095508,6395.364983724586,37.72725490449193,20.435016275414455,-1.0038446493821107
2023-05-15,IM2306,2023-06-16,24.0,0.09836065573770492,6585.91,6557.2,0.05841649872224184,0.03734279066148075,0.05760934344408966,0.021073708060761087,0.0008071552781521787,6570.8060164173785,6557.720612002736,-13.606016417378669,-0.5206120027360157,0.5413803237238584
2023-05-15,IM2309,2023-09-15,87.0,0.35655737704918034,6585.91,6498.8,0.05134314557390842,0.04533925899083966,0.05001417924968294,0.00600388658306876,0.0013289663242254807,6512.727078201735,6501.8802039545135,-13.92707820173473,-3.0802039545133084,0.45560630275342073
2023-05-15,IM2312,2023-12-15,146.0,0.5983606557377049,6585.91,6450.8,0.0486419240420774,0.05026924519244654,0.052648324084585384,-0.0016273211503691418,-0.0040064000425079835,6444.521752227777,6435.354198064914,6.27824777222304,15.44580193508591,-0.16561559244936158
2023-05-16,IM2306,2023-06-16,23.0,0.0942622950819672,6516.289,6499.6,0.0412049982547176,0.05518275048961156,0.041172168522941366,-0.013977752234893961,3.282973177623494e-05,6491.041928681143,6499.6201137313965,8.558071318857401,-0.020113731396122603,-0.345695190496659
2023-05-16,IM2309,2023-09-15,86.0,0.3524590163934426,6516.289,6445.4,0.04503437146001332,0.04927689085262012,0.044130224973681,-0.0042425193926067944,0.0009041464863323231,6435.769304029789,6447.454312457173,9.630695970210581,-2.0543124571731823,-0.31869732893040686
2023-05-16,IM2312,2023-12-15,145.0,0.5942622950819673,6516.289,6397.0,0.04509049960695522,0.05222920231001642,0.048626780175046444,-0.007138702703061196,-0.0035362805680912227,6369.919732337653,6383.570959273687,27.08026766234707,13.42904072631336,-0.7209594622244034
2023-05-17,IM2306,2023-06-16,22.0,0.09016393442622951,6554.98,6521.0,0.07164308896890104,0.040641740324124896,0.07120596954459807,0.03100134864477614,0.00043711942430296746,6539.253021026303,6521.257013371484,-18.25302102630303,-0.2570133714843905,0.7370720656973226
2023-05-17,IM2309,2023-09-15,85.0,0.3483606557377049,6554.98,6463.0,0.05456560231894918,0.04402773833929015,0.052090839324818276,0.010537863979659029,0.002474762994130901,6486.769126951317,6468.574219764322,-23.76912695131705,-5.574219764322152,0.7847660303531054
2023-05-17,IM2312,2023-12-15,144.0,0.5901639344262295,6554.98,6415.6,0.05041791775160259,0.048597510670033546,0.05335873902065007,0.0018204070815690462,-0.002940821269047475,6422.496230537595,6404.474955517164,-6.89623053759442,11.125044482836529,0.18300442205449707
2023-05-18,IM2306,2023-06-16,21.0,0.0860655737704918,6583.738,6551.8,0.07050166352195852,0.06680305963282329,0.07038896930504923,0.0036986038891352324,0.0001126942169092926,6553.885917111401,6551.8635468220145,-2.085917111400704,-0.06354682201435935,0.08440810257184958
2023-05-18,IM2309,2023-09-15,84.0,0.3442622950819672,6583.738,6496.8,0.05261277098359153,0.05076255077282958,0.05104895006019206,0.0018502202107619492,0.0015638209233994685,6500.939526808413,6500.298588678168,-4.139526808412484,-3.4985886781678346,0.13665209527534486
2023-05-18,IM2312,2023-12-15,143.0,0.5860655737704918,6583.738,6447.8,0.04959956892975346,0.052587352036935264,0.052499098112568074,-0.002987783107181806,-0.0028995291828146155,6436.519543914737,6436.852465965398,11.280456085262813,10.94753403460254,-0.29927538061306996
2023-05-19,IM2306,2023-06-16,20.0,0.08196721311475409,6602.317,6590.6,0.03567033076677306,0.0660200812410516,0.03610743300912367,-0.030349750474278542,-0.0004371022423506066,6574.225043072065,6590.363875866153,16.374956927935273,0.23612413384762476,-0.6637893198177801
2023-05-19,IM2309,2023-09-15,83.0,0.3401639344262295,6602.317,6538.4,0.042598448650090555,0.04976319366832688,0.041531967435634,-0.007164745018236322,0.0010664812144565577,6522.484093836536,6540.772420896244,15.91590616346366,-2.372420896243966,-0.5248115423745292
2023-05-19,IM2312,2023-12-15,142.0,0.5819672131147541,6602.317,6487.0,0.044277433853806,0.05175777675712839,0.046610928955001386,-0.00748034290332239,-0.0023334951011953833,6458.82142964286,6478.196518558249,28.178570357140416,8.803481441750591,-0.7467699421671758
2023-05-22,IM2306,2023-06-16,19.0,0.0778688524590164,6595.984,6578.2,0.04867146636566207,0.035986508798643554,0.048072475592044715,0.012684957567018512,0.0005989907736173514,6584.700913306146,6578.506832323861,-6.500913306145776,-0.306832323861272,0.265443766119103
2023-05-22,IM2307,2023-07-21,42.0,0.1721311475409836,6595.984,6564.4,0.04188495415903083,0.037761205388719465,0.04275043258271082,0.004123748770311367,-0.0008654784236799898,6569.061233356871,6563.422136137122,-4.66123335687098,0.9778638628777117,0.17634877607582558
2023-05-22,IM2309,2023-09-15,82.0,0.3360655737704918,6595.984,6527.0,0.045284249710019625,0.04157010127011433,0.04361473806577791,0.003714148439905293,0.001669511644241714,6535.152071241696,6530.663101315232,-8.152071241695921,-3.66310131523187,0.26978900381025184
2023-05-22,IM2312,2023-12-15,141.0,0.5778688524590164,6595.984,6480.0,0.04469981803342189,0.046669127082283345,0.047515809352010954,-0.001969309048861452,-0.0028159913185890617,6472.629939074633,6469.463841538316,7.370060925367397,10.536158461683954,-0.19594880951940577
2023-05-23,IM2306,2023-06-16,18.0,0.07377049180327869,6528.453,6513.0,0.04612434964653111,0.046299041764844555,0.04750368955210031,-0.00017469211831344644,-0.0013793399055692032,6512.916066705591,6512.337306116275,0.08393329440878006,0.6626938837252965,-0.003493957622703433
2023-05-23,IM2307,2023-07-21,41.0,0.1680327868852459,6528.453,6492.6,0.04677301957021864,0.04184204595102944,0.041861679703390865,0.004930973619189205,0.004911339866827777,6497.9817719393,6497.960334391207,-5.381771939300052,-5.360334391206379,0.20687047066026928
2023-05-23,IM2309,2023-09-15,81.0,0.3319672131147541,6528.453,6469.4,0.04137210112393318,0.043165607863112854,0.042764137608569903,-0.001793506739179676,-0.0013920364846367259,6465.54935989514,6466.4111131612635,3.850640104859849,2.988886838736107,-0.12973915625760146
2023-05-23,IM2312,2023-12-15,140.0,0.5737704918032787,6528.453,6421.0,0.04292470083722656,0.04728382024394211,0.04677782753643644,-0.004359119406715545,-0.003853126699209876,6404.960285135333,6406.820066761515,16.039714864667076,14.179933238485319,-0.4348863230679117
2023-05-24,IM2306,2023-06-16,17.0,0.06967213114754098,6513.182,6497.0,0.0497042528518284,0.04570748517709645,0.049908459147344465,0.003996767674731949,-0.0002042062955160684,6498.809428118426,6496.907564669311,-1.8094281184257852,0.09243533068911347,0.0762053388399765
2023-05-24,IM2307,2023-07-21,40.0,0.16393442622950818,6513.182,6482.0,0.04327401325416074,0.040957242597796484,0.042129286190635454,0.0023167706563642573,0.0011447270635252874,6484.462321234556,6483.216527393428,-2.4623212345559295,-1.2165273934278957,0.09509473887872995
2023-05-24,IM2309,2023-09-15,80.0,0.32786885245901637,6513.182,6450.4,0.043542235635655756,0.042323199779587456,0.042372209374262386,0.0012190358560682998,0.0011700262613933698,6452.978636231573,6452.8749459605915,-2.5786362315730003,-2.4749459605918673,0.087451977307025
2023-05-24,IM2312,2023-12-15,139.0,0.569672131147541,6513.182,6409.0,0.042305528534527376,0.046552925835783715,0.046225417042511596,-0.004247397301256339,-0.0039198885079842205,6393.511376479776,6394.7043420103955,15.488623520223882,14.295657989604479,-0.4226637202285311
2023-05-25,IM2306,2023-06-16,16.0,0.06557377049180328,6501.0,6476.8,0.07087411236933361,0.047690670886408285,0.07136256405061983,0.023183441482925324,-0.0004884516812862227,6486.653685641214,6476.5925538894835,-9.853685641213815,0.2074461105166847,0.42059830624239064
2023-05-25,IM2307,2023-07-21,39.0,0.1598360655737705,6501.0,6460.2,0.053388695737363295,0.04101995836674602,0.05093428097287035,0.012368737370617278,0.002454414764492943,6472.984256528691,6462.734859481154,-12.784256528691003,-2.534859481153944,0.49636745759177164
2023-05-25,IM2309,2023-09-15,79.0,0.3237704918032787,6501.0,6431.0,0.04743715484789558,0.041827641501502116,0.04645838490521288,0.005609513346393466,0.0009787699426827001,6442.690562325654,6433.038286432299,-11.690562325654355,-2.0382864322991736,0.3989068622098928
2023-05-25,IM2312,2023-12-15,138.0,0.5655737704918032,6501.0,6390.4,0.044339361332212605,0.045941593460773825,0.0484162165307793,-0.0016022321285612193,-0.004076855198566695,6384.611767336869,6375.682230533852,5.788232663130657,14.717769466147729,-0.15894451756267383
2023-05-26,IM2306,2023-06-16,15.0,0.06147540983606557,6546.408,6535.8,0.04038038438457994,0.06652003833208885,0.04229609382305355,-0.026139653947508903,-0.0019157094384736062,6525.305756828273,6535.030330542911,10.494243171727248,0.7696694570895488,-0.4503492006160695
2023-05-26,IM2307,2023-07-21,38.0,0.1557377049180328,6546.408,6517.4,0.042515759089956286,0.04848517126614103,0.0393845047581055,-0.005969412176184748,0.003131254331850783,6511.34383281551,6520.57901361337,6.056167184489823,-3.1790136133704436,-0.23405305994863215
2023-05-26,IM2309,2023-09-15,78.0,0.319672131147541,6546.408,6481.8,0.045026328981295924,0.045207845611323495,0.041621703457224844,-0.0001815166300275714,0.0034046255240710796,6481.423899229848,6488.858397463569,0.376100770152334,-7.058397463569236,-0.012792484229593394
2023-05-26,IM2312,2023-12-15,137.0,0.5614754098360656,6546.408,6440.6,0.043021393479129304,0.04771852139721868,0.04623478766478868,-0.004697127918089378,-0.003213394185659378,6423.636444078244,6428.990076855013,16.96355592175678,11.609923144987079,-0.46444061994165536
2023-05-29,IM2306,2023-06-16,14.0,0.05737704918032787,6534.117,6525.4,0.03726653883223869,0.04125103605827264,0.03758750528540936,-0.003984497226033952,-0.0003209664531706735,6523.908342095697,6525.279828635607,1.4916579043028833,0.12017136439226306,-0.06505721355250728
2023-05-29,IM2307,2023-07-21,37.0,0.15163934426229508,6534.117,6510.8,0.037574902917414346,0.03891038589940602,0.03700080508867881,-0.0013354829819916744,0.0005740978287355342,6509.481619907389,6511.366827694201,1.3183800926108233,-0.5668276942005832,-0.05112299073263263
2023-05-29,IM2309,2023-09-15,77.0,0.3155737704918033,6534.117,6475.0,0.04280027625516703,0.04142293463809808,0.040197318767789716,0.0013773416170689487,0.002602957487377315,6477.8149891728835,6480.32091264541,-2.814989172883543,-5.320912645410317,0.09618117001577821
2023-05-29,IM2312,2023-12-15,136.0,0.5573770491803278,6534.117,6436.0,0.041144982461626796,0.046156169173132824,0.045262310572764954,-0.0050111867115060285,-0.004117328111138158,6418.048558645395,6421.2469315274575,17.951441354604867,14.753068472542509,-0.4938393201521018
2023-05-30,IM2306,2023-06-16,13.0,0.05327868852459016,6564.469,6558.0,0.03250538396118347,0.03703964112421333,0.03415982157241682,-0.00453425716302986,-0.0016544376112333503,6556.41591446285,6557.421962262751,1.5840855371498037,0.5780377372493604,-0.0700129674020274
2023-05-30,IM2307,2023-07-21,36.0,0.14754098360655737,6564.469,6538.8,0.04055505283931342,0.0367866680250044,0.03603084554701183,0.0037683848143090157,0.004524207292301588,6542.436526116949,6543.166145245159,-3.6365261169485166,-4.366145245158805,0.1407360111489867
2023-05-30,IM2309,2023-09-15,76.0,0.3114754098360656,6564.469,6507.8,0.04183578818643173,0.0401379448123533,0.040072045780338975,0.0016978433740784324,0.0017637424060927553,6511.242472091605,6511.376122757453,-3.442472091604941,-3.5761227574530494,0.11745631427458328
2023-05-30,IM2312,2023-12-15,135.0,0.5532786885245902,6564.469,6468.4,0.040646315129568684,0.04526640369270427,0.04541890529668371,-0.004620088563135588,-0.004772590167115023,6451.886613016759,6451.342252323855,16.513386983240707,17.057747676144572,-0.4537544614436269
2023-05-31,IM2306,2023-06-16,12.0,0.04918032786885246,6561.649,6547.0,0.059445281812427024,0.03411356260590978,0.059517885254341735,0.025331719206517243,-7.260344191471063e-05,6555.161481132231,6546.976622923659,-8.16148113223062,0.023377076340693748,0.36908933020871504
2023-05-31,IM2307,2023-07-21,35.0,0.14344262295081966,6561.649,6531.4,0.046212377430039586,0.03606844315776926,0.04596200651224667,0.010143934272270325,0.0002503709177929178,6540.910578394299,6531.63457200494,-9.510578394299046,-0.23457200494067365,0.36930970334522367
2023-05-31,IM2309,2023-09-15,75.0,0.3073770491803279,6561.649,6494.8,0.047314415032177815,0.04014347400180347,0.04483590435337575,0.007170941030374342,0.0024785106788020664,6509.131514595295,6499.749866145245,-14.33151459529472,-4.949866145244414,0.4913654051148898
2023-05-31,IM2312,2023-12-15,134.0,0.5491803278688525,6561.649,6449.4,0.04541926106604217,0.04549878571553581,0.0481685958312001,-7.952464949364385e-05,-0.002749334765157936,6449.118339098227,6439.669524043209,0.2816609017727387,9.730475956790542,-0.007783546996234377
2023-06-01,IM2306,2023-06-16,11.0,0.045081967213114756,6574.758,6567.6,0.03816270660799434,0.05663059959247066,0.039813311263082934,-0.01846789298447632,-0.0016506046550885944,6562.134295793627,6567.111306615215,5.46570420637363,0.48869338478561986,-0.2533316930943895
2023-06-01,IM2307,2023-07-21,34.0,0.13934426229508196,6574.758,6548.0,0.043266449344667064,0.04462918236452089,0.037946604757550594,-0.0013627330198538248,0.005319844587116471,6546.756724694774,6552.855765280518,1.2432753052262342,-4.855765280518426,-0.04832544055638375
2023-06-01,IM2309,2023-09-15,74.0,0.30327868852459017,6574.758,6519.4,0.041880047159876366,0.04420830809416564,0.04083447757483659,-0.0023282609342892766,0.0010455695850397767,6514.79819881573,6521.46762284461,4.601801184269789,-2.067622844610014,-0.15798906562472592
2023-06-01,IM2312,2023-12-15,133.0,0.5450819672131147,6574.758,6485.0,0.03921814031876781,0.04784446476575858,0.04577696185057182,-0.008626324446990769,-0.00655882153180401,6454.578757672419,6461.856900742743,30.42124232758124,23.143099257256836,-0.8413683055165821
2023-06-02,IM2306,2023-06-16,10.0,0.040983606557377046,6626.279,6612.4,0.06516034977000151,0.03911195711589167,0.06577741068440665,0.026048392654109846,-0.0006170609144051376,6619.462883754244,6612.232778606668,-7.062883754244467,0.16722139333160158,0.33561176429322076
2023-06-02,IM2307,2023-07-21,33.0,0.13524590163934427,6626.279,6594.6,0.0494338095585198,0.037677506333991646,0.04752483863765257,0.011756303224528156,0.0019089709208672326,6605.093700357307,6596.302816889343,-10.493700357306807,-1.702816889343012,0.40573861672927
2023-06-02,IM2309,2023-09-15,73.0,0.29918032786885246,6626.279,6558.4,0.048416497730456136,0.04075239024387551,0.04537866072249758,0.007664107486580626,0.003037837007958559,6573.455338504783,6564.363383988241,-15.055338504783322,-5.9633839882417305,0.5149189408419832
2023-06-02,IM2312,2023-12-15,132.0,0.5409836065573771,6626.279,6520.0,0.04388821418705052,0.04576900813175044,0.04843172005625547,-0.0018807939446999142,-0.004543505869204947,6513.36941274476,6503.993765928842,6.630587255240243,16.00623407115836,-0.1827952393528795
2023-06-05,IM2306,2023-06-16,9.0,0.036885245901639344,6632.956,6611.8,0.10060984837532158,0.06230794439493274,0.10052226752391503,0.03830190398038884,8.758085140654626e-05,6621.1475881810975,6611.821359065893,-9.347588181097308,-0.021359065893193474,0.46239024608793144
2023-06-05,IM2307,2023-07-21,32.0,0.13114754098360656,6632.956,6594.0,0.05891439434189168,0.04597865836727697,0.05874467193174533,0.012935735974614705,0.0001697224101463446,6605.196149213955,6594.146775347933,-11.196149213955323,-0.14677534793281666,0.4340995855457558
2023-06-05,IM2309,2023-09-15,72.0,0.29508196721311475,6632.956,6557.6,0.05272101969996191,0.04466166146462015,0.049954364524824185,0.008059358235341756,0.0027666551751377236,6573.213654616184,6562.955745294022,-15.61365461618334,-5.35574529402129,0.5360090500715275
2023-06-05,IM2312,2023-12-15,131.0,0.5368852459016393,6632.956,6518.8,0.04633511674062702,0.04806094992470267,0.05071780472731165,-0.0017258331840756466,-0.004382687986684626,6512.762644435982,6503.47929211243,6.037355564018071,15.32070788757028,-0.16713359135909872
2023-06-06,IM2306,2023-06-16,8.0,0.03278688524590164,6489.811,6467.8,0.1176203580624159,0.09331851258581346,0.11531145615462715,0.02430184547660244,0.002308901907788749,6472.955479071558,6468.289642000647,-5.1554790715581476,-0.48964200064710894,0.2742070527740989
2023-06-06,IM2307,2023-07-21,31.0,0.12704918032786885,6489.811,6458.0,0.05267585935979242,0.05553797402539108,0.060519317282901705,-0.0028621146655986654,-0.007843457923109289,6455.652108743713,6451.567776758634,2.3478912562868572,6.432223241366046,-0.0933042528677699
2023-06-06,IM2309,2023-09-15,71.0,0.29098360655737704,6489.811,6416.4,0.05309565882512593,0.04843044984167062,0.04886709642082896,0.004665208983455307,0.004228562404296969,6425.116173496685,6424.299869393867,-8.71617349668577,-7.899869393867448,0.30707682901395317
2023-06-06,IM2312,2023-12-15,130.0,0.5327868852459017,6489.811,6377.8,0.04667760289256527,0.04989138547883922,0.04903040611953598,-0.0032137825862739514,-0.0023528032269707067,6366.888884435155,6369.810164195915,10.911115564845204,7.989835804085487,-0.3100986226684621
2023-06-07,IM2306,2023-06-16,7.0,0.028688524590163935,6488.557,6470.8,0.10952305304539442,0.10631719044748503,0.10942143603683055,0.0032058625979093924,0.00010161700856387013,6471.39515634324,6470.818863975747,-0.595156343239978,-0.018863975747080985,0.03372309871016092
2023-06-07,IM2307,2023-07-21,30.0,0.12295081967213115,6488.557,6454.8,0.05642447393577166,0.05659425065551102,0.057983498277587794,-0.00016977671973936181,-0.001559024341816137,6454.665262704971,6453.562841076602,0.13473729502948117,1.2371589233980558,-0.005371339414593096
2023-06-07,IM2309,2023-09-15,70.0,0.28688524590163933,6488.557,6418.0,0.052111479757679054,0.04701846471106049,0.04789688060609578,0.0050930150466185625,0.004214599151583273,6427.384263644857,6425.764737573765,-9.384263644857128,-7.76473757376516,0.33171292291765186
2023-06-07,IM2312,2023-12-15,129.0,0.5286885245901639,6488.557,6378.4,0.04638746620564018,0.04802853860027174,0.04868074737212061,-0.001641072394631557,-0.002293281166480428,6372.868397194025,6370.671313524193,5.531602805974217,7.728686475807081,-0.15776323276553622
2023-06-08,IM2306,2023-06-16,6.0,0.02459016393442623,6442.482,6438.4,0.03977484040152216,0.1013061872935161,0.04140514819370996,-0.061531346891993945,-0.001630307792187799,6428.66564268243,6438.141892705968,9.734357317569447,0.2581072940320155,-0.6018522717853909
2023-06-08,IM2307,2023-07-21,29.0,0.11885245901639344,6442.482,6421.2,0.04184000851385043,0.054530759304514356,0.038058694228198575,-0.012690750790663924,0.0037813142856518572,6411.522031669199,6424.086454644148,9.677968330800468,-2.886454644148216,-0.38925568247401615
2023-06-08,IM2309,2023-09-15,69.0,0.2827868852459016,6442.482,6387.4,0.04436410177434671,0.04629954657869546,0.0408575752236709,-0.0019354448043487488,0.0035065265506758064,6383.905014924179,6393.73688536746,3.4949850758202956,-6.336885367460127,-0.12470506793736151
2023-06-08,IM2312,2023-12-15,128.0,0.5245901639344263,6442.482,6345.8,0.04282382073616441,0.0478258084570847,0.045836025665018716,-0.005001987720920288,-0.0030122049288543035,6329.170489082791,6335.780456076867,16.62951091720879,10.019543923132915,-0.4790610008291894
2023-06-09,IM2307,2023-07-21,28.0,0.11475409836065574,6495.564,6465.8,0.05402240133299701,0.0378022402547513,0.054811906971989954,0.016220161078245712,-0.0007895056389929447,6477.846194747774,6465.214231471094,-12.04619474777337,0.5857685289065557,0.4818116572768025
2023-06-09,IM2309,2023-09-15,68.0,0.2786885245901639,6495.564,6425.0,0.05319376161980978,0.040793136543361336,0.04842606731974135,0.012400625076448443,0.004767694300068431,6447.242646174871,6433.542582374455,-22.24264617487097,-8.542582374455378,0.790249494748663
2023-06-09,IM2312,2023-12-15,127.0,0.5204918032786885,6495.564,6383.8,0.04734529177011929,0.04584072346171396,0.05028972679570919,0.0015045683084053338,-0.0029444350255899004,6388.801210557232,6374.02397294408,-5.0012105572313885,9.776027055920167,0.14355052360624557
2023-06-12,IM2307,2023-07-21,27.0,0.11065573770491803,6530.161,6494.2,0.06390367123825424,0.05244949983056135,0.06426034292654517,0.011454171407692892,-0.0003566716882909271,6502.436420894876,6493.943693473904,-8.236420894876574,0.25630652609561366,0.32736266346999426
2023-06-12,IM2309,2023-09-15,67.0,0.27459016393442626,6530.161,6456.2,0.05548250918933763,0.04737874146196789,0.052312798581983254,0.008103767727369739,0.0031697106073543743,6470.582428556416,6461.821737688907,-14.382428556416016,-5.62173768890716,0.510643388865085
2023-06-12,IM2312,2023-12-15,126.0,0.5163934426229508,6530.161,6410.6,0.049784203670005994,0.04974760637511512,0.052456705875498236,3.659729489087493e-05,-0.0026725022054922415,6410.721152529833,6401.759072524619,-0.1211525298322158,8.84092747538125,0.003462745341976252
2023-06-13,IM2307,2023-07-21,26.0,0.10655737704918032,6554.957,6520.2,0.06389337339838709,0.060689410003167084,0.06417110251560099,0.0032039633952200067,-0.0002777291172138957,6522.426415015039,6520.007043493964,-2.2264150150394926,0.19295650603544345,0.08849639422097354
2023-06-13,IM2309,2023-09-15,66.0,0.27049180327868855,6554.957,6484.6,0.05389556105275007,0.05072504403118944,0.05213800890023695,0.003170517021560633,0.0017575521525131227,6490.163570924697,6487.683534122242,-5.563570924696251,-3.083534122241872,0.1971744593878605
2023-06-13,IM2312,2023-12-15,125.0,0.5122950819672131,6554.957,6432.4,0.05084173239763182,0.051619522731027226,0.05238335300542447,-0.0007777903333954089,-0.00154162060779265,6429.837468279635,6427.321923335795,2.562531720364859,5.078076664204673,-0.07288122804878937
2023-06-14,IM2307,2023-07-21,25.0,0.10245901639344263,6578.123,6542.0,0.06774360756423166,0.060663040866808876,0.06783738120847876,0.007080566697422783,-9.377364424710544e-05,6546.747732953088,6541.937145058034,-4.747732953088416,0.06285494196617947,0.18877707276972114
2023-06-14,IM2309,2023-09-15,65.0,0.26639344262295084,6578.123,6507.0,0.05480778289726181,0.05060362990277284,0.05343548633693992,0.004204152994488973,0.001372296560321895,6514.29165425735,6509.37920408544,-7.291654257350274,-2.3792040854395964,0.25824247272017625
2023-06-14,IM2312,2023-12-15,124.0,0.5081967213114754,6578.123,6452.8,0.05185010870997428,0.051581020015666564,0.05309146021448101,0.00026908869430771615,-0.0012413515045067297,6453.682480687837,6448.730529935396,-0.8824806878365052,4.069470064604502,0.025058627275667125
2023-06-15,IM2307,2023-07-21,24.0,0.09836065573770492,6613.955,6585.0,0.058606001847821665,0.06389591012775649,0.05856376912427384,-0.005289908279934821,4.223272354782204e-05,6581.574591620694,6585.02735439956,3.425408379305736,-0.02735439955995389,-0.13595843114935524
2023-06-15,IM2309,2023-09-15,64.0,0.26229508196721313,6613.955,6553.0,0.04929936840611793,0.051732405074301276,0.04928578249087393,-0.0024330366681833485,1.3585915243995161e-05,6548.81938283325,6553.0233517799925,4.18061716675038,-0.02335177999248117,-0.14763903453811986
2023-06-15,IM2312,2023-12-15,123.0,0.5040983606557377,6613.955,6495.6,0.049819966076758045,0.052202507149998634,0.05067530540216131,-0.002382541073240589,-0.0008553393254032635,6487.803239762699,6492.799862402616,7.796760237300987,2.8001375973844915,-0.22079798133434947
2023-06-16,IM2307,2023-07-21,23.0,0.0942622950819672,6669.005,6632.6,0.07206976369087416,0.05579349524401865,0.07196076985837341,0.016276268446855507,0.00010899383250075056,6642.783799929919,6632.66814374083,-10.183799929918678,-0.06814374082932773,0.4027112517781382
2023-06-16,IM2309,2023-09-15,63.0,0.2581967213114754,6669.005,6597.6,0.05569195796055567,0.04812714303247283,0.05406324342779653,0.007564814928082843,0.0016287145327591387,6610.499094234332,6600.3750639524405,-12.899094234331642,-2.7750639524401777,0.4534224042235295
2023-06-16,IM2312,2023-12-15,122.0,0.5,6669.005,6545.8,0.05129410156943082,0.05008838111553851,0.05311899574610609,0.001205720453892306,-0.0018248941766752722,6549.747392216874,6539.830027905184,-3.9473922168735953,5.969972094816512,0.1112447923276857
2023-06-19,IM2307,2023-07-21,22.0,0.09016393442622951,6693.299,6647.8,0.08965002391310867,0.06746370870052151,0.09109537693665622,0.022186315212587154,-0.0014453530235475492,6661.111605348458,6646.933723692076,-13.311605348458215,0.8662763079246361,0.5276908491042216
2023-06-19,IM2308,2023-08-18,42.0,0.1721311475409836,6693.299,6629.0,0.07007883023401354,0.05537682498757425,0.06943760326326795,0.01470200524643929,0.0006412269707455898,6645.797076533717,6629.731717146278,-16.79707653371679,-0.7317171462782426,0.6288368619548371
2023-06-19,IM2309,2023-09-15,62.0,0.2540983606557377,6693.299,6602.8,0.0675740377616437,0.0521788422680656,0.06261904505950744,0.015395195493578095,0.004954992702136257,6628.680040269497,6611.118527450184,-25.88004026949693,-8.318527450183865,0.9112621435463961
2023-06-19,IM2312,2023-12-15,121.0,0.4959016393442623,6693.299,6550.8,0.05739509160540742,0.05214563112143659,0.05862626627822898,0.005249460483970833,-0.001231174672821557,6567.875363551092,6546.801685181968,-17.07536355109187,3.9983148180317585,0.4822475179213769
2023-06-20,IM2307,2023-07-21,21.0,0.0860655737704918,6693.915,6652.2,0.08663389380879806,0.08461853463871147,0.08759244194582334,0.002015359170086592,-0.0009585481370252835,6653.353944409512,6651.651229471547,-1.1539444095124054,0.548770528453133,0.046054575515235126
2023-06-20,IM2308,2023-08-18,41.0,0.1680327868852459,6693.915,6633.8,0.06768662027644422,0.06559195785033556,0.0677692298367106,0.0020946624261086594,-8.260956026638622e-05,6636.135322581632,6633.7079161008505,-2.3353225816317718,0.09208389914965665,0.08788983089782608
2023-06-20,IM2309,2023-09-15,61.0,0.25,6693.915,6608.0,0.06567147420554416,0.05992248735239287,0.061772897585103764,0.00574898685315129,0.0038985766204403943,6617.504154552809,6614.443588169661,-9.504154552809268,-6.44358816966087,0.3369657302859062
2023-06-20,IM2312,2023-12-15,120.0,0.4918032786885246,6693.915,6554.4,0.05682672734667686,0.05722224295393509,0.05863879418851512,-0.0003955156072582289,-0.0018120668418382599,6553.125189155287,6548.5614490818825,1.2748108447121922,5.838550918117107,-0.03634561948477212
2023-06-21,IM2307,2023-07-21,20.0,0.08196721311475409,6548.407,6525.2,0.05731256054671919,0.08182790144341702,0.05705710100790044,-0.02451534089669783,0.0002554595388187461,6512.101074890315,6525.336634593028,13.098925109684387,-0.13663459302824776,-0.536820652119706
2023-06-21,IM2308,2023-08-18,40.0,0.16393442622950818,6548.407,6510.6,0.04932019614173596,0.06439137928277963,0.05055177339812932,-0.015071183141043672,-0.0012315772563933625,6494.534208219573,6509.285656147502,16.06579178042739,1.3143438524984958,-0.6186839252568177
2023-06-21,IM2309,2023-09-15,60.0,0.2459016393442623,6548.407,6489.0,0.05106107184222123,0.059421058344956326,0.049490391631805894,-0.008359986502735096,0.0015706802104153358,6475.674041578259,6491.506748953068,13.325958421741234,-2.5067489530683815,-0.48366533892540853
2023-06-21,IM2312,2023-12-15,119.0,0.48770491803278687,6548.407,6440.0,0.04822822536209217,0.057426655887629116,0.05156610902679698,-0.009198430525536948,-0.003337883664704812,6411.174095028343,6429.524837906055,28.82590497165711,10.475162093945073,-0.8420361641316639
2023-06-26,IM2307,2023-07-21,19.0,0.0778688524590164,6420.973,6427.2,0.0015518806082317031,0.05492645874958733,-0.001128290093860479,-0.05337457814135563,0.002680170702092182,6400.542596483734,6428.541508300745,26.65740351626573,-1.341508300744863,-1.1180965014004562
2023-06-26,IM2308,2023-08-18,39.0,0.1598360655737705,6420.973,6423.4,0.0116356482526601,0.049346964923315986,0.01874352915643242,-0.03771131667065589,-0.007107880903772321,6384.798585560037,6416.106546578629,38.601414439962355,7.293453421370941,-1.5135492102777799
2023-06-26,IM2309,2023-09-15,59.0,0.24180327868852458,6420.973,6399.6,0.027788793337438125,0.04867600328800855,0.02693505860317308,-0.020887209950570425,0.0008537347342650464,6367.35969172372,6400.921243287365,32.2403082762803,-1.3212432873642683,-1.1923114294549064
2023-06-26,IM2312,2023-12-15,118.0,0.48360655737704916,6420.973,6350.0,0.036983251108617096,0.05117650568027958,0.038492625745979295,-0.014193254571662484,-0.0015093746373621986,6306.563155991796,6345.366550235677,43.43684400820439,4.633449764322904,-1.2937772525402578
2023-06-27,IM2307,2023-07-21,18.0,0.07377049180327869,6507.273,6478.4,0.07428031054416134,0.0034207974090786977,0.07459985902925076,0.07085951313508265,-0.0003195484850894159,6512.353472672514,6478.247284864328,-33.95347267251418,0.15271513567131478,1.4175761622384364
2023-06-27,IM2308,2023-08-18,38.0,0.1557377049180328,6507.273,6462.4,0.0584318132676175,0.0214213026907271,0.058330075871507805,0.03701051057689039,0.00010173739610969124,6499.7563904184735,6462.502393329403,-37.35639041847389,-0.10239332940363965,1.4512946551679893
2023-06-27,IM2309,2023-09-15,58.0,0.23770491803278687,6507.273,6440.0,0.05771779271710763,0.028830695219551332,0.05419985732573741,0.028887097497556295,0.003517935391370214,6484.373109079346,6445.387577016672,-44.37310907934625,-5.387577016672367,1.6264315011672439
2023-06-27,IM2312,2023-12-15,117.0,0.47950819672131145,6507.273,6382.4,0.05440863621130771,0.03953112566813951,0.05350752560075363,0.014877510543168201,0.0009011106105540831,6428.094122974759,6385.158366618679,-45.69412297475901,-2.758366618679247,1.3502160444692768
2023-06-28,IM2307,2023-07-21,17.0,0.06967213114754098,6475.505,6463.0,0.04174409953819779,0.07021917178624823,0.041927405338775495,-0.02847507224805044,-0.00018330580057770302,6450.190642274437,6462.917459577833,12.809357725563132,0.08254042216685775,-0.5430413411408468
2023-06-28,IM2308,2023-08-18,37.0,0.15163934426229508,6475.505,6448.8,0.041252358912551274,0.05587760380964872,0.04153928423443555,-0.014625244897097447,-0.00028692532188427655,6434.513940293721,6448.5194241834315,14.286059706279048,0.28057581656867114,-0.5599253131638994
2023-06-28,IM2309,2023-09-15,57.0,0.2336065573770492,6475.505,6430.6,0.04378833474157715,0.052535441802324126,0.04276769751653662,-0.008747107060746974,0.0010206372250405327,6417.4732465427205,6432.133414990132,13.126753457279847,-1.5334149901318597,-0.48559587390368225
2023-06-28,IM2312,2023-12-15,116.0,0.47540983606557374,6475.505,6380.8,0.044990346348228544,0.05268369787179207,0.047347794452230876,-0.007693351523563527,-0.0023574481040023326,6357.504882845278,6373.652698701973,23.295117154721993,7.147301298026832,-0.695097652336821
2023-06-29,IM2307,2023-07-21,16.0,0.06557377049180328,6520.039,6491.8,0.0801928611497151,0.04143102140454962,0.08108755155354652,0.038761839745165484,-0.0008946904038314163,6508.321585517115,6491.419148800657,-16.521585517114545,0.380851199342942,0.7033549958272671
2023-06-29,IM2308,2023-08-18,36.0,0.14754098360655737,6520.039,6473.0,0.06307570612175956,0.04130788801077017,0.06083858182261359,0.021767818110989386,0.002237124299145965,6493.82239917712,6475.136879691911,-20.822399177120133,-2.1368796919114175,0.8130465332017983
2023-06-29,IM2309,2023-09-15,56.0,0.22950819672131148,6520.039,6455.4,0.057411816276352626,0.04264087875278925,0.05577043889940522,0.014770937523563378,0.0016413773769474033,6477.321272866868,6457.832269006765,-21.921272866868094,-2.4322690067656367,0.8082592897499011
2023-06-29,IM2312,2023-12-15,115.0,0.4713114754098361,6520.039,6401.0,0.05309543967686093,0.0473258661580208,0.05437756342669911,0.005769573518840131,-0.0012821237498381807,6418.429710266037,6397.133174488343,-17.429710266036636,3.8668255116572254,0.5189191426719918
2023-06-30,IM2307,2023-07-21,15.0,0.06147540983606557,6602.037,6575.0,0.08075286467753956,0.07610748426676314,0.08021417623023548,0.004645380410776417,0.0005386884473040782,6576.877934704126,6575.217741917309,-1.8779347041263463,-0.21774191730855819,0.08004633750209575
2023-06-30,IM2308,2023-08-18,35.0,0.14344262295081966,6602.037,6561.0,0.0574683031208142,0.05812572527882262,0.05977377095243225,-0.0006574221580084236,-0.0023054678316180507,6560.3813113967235,6558.830620591857,0.618688603276496,2.1693794081429587,-0.023937603042309026
2023-06-30,IM2309,2023-09-15,55.0,0.22540983606557377,6602.037,6537.8,0.057376635681771544,0.05395192759111628,0.05486158995590906,0.0034247080906552665,0.0025150457258624817,6542.848887503743,6541.50743452022,-5.048887503742662,-3.7074345202199765,0.18464911108942275
2023-06-30,IM2312,2023-12-15,114.0,0.4672131147540984,6602.037,6484.2,0.052547268160596,0.05348799327381666,0.05376178971481387,-0.0009407251132206584,-0.0012145215542178692,6481.350696392715,6480.521646691292,2.8493036072850373,3.6783533087082105,-0.08421977067307243
2023-07-03,IM2307,2023-07-21,14.0,0.05737704918032787,6612.884,6583.6,0.09135077365582209,0.07536930618110303,0.09046846539522402,0.015981467474719055,0.0008823082605980692,6589.639728740041,6583.933298212245,-6.039728740041028,-0.33329821224469924,0.26097571763455496
2023-07-03,IM2308,2023-08-18,34.0,0.13934426229508196,6612.884,6570.2,0.0604719091537188,0.057177636071089395,0.06350980572313737,0.0032942730826294037,-0.003037896569418573,6573.216664141364,6567.41933451688,-3.0166641413643447,2.780665483120174,0.11683641274783721
2023-07-03,IM2309,2023-09-15,54.0,0.22131147540983606,6612.884,6546.2,0.059795811949955126,0.05313602019735017,0.05688823499464196,0.006659791752604956,0.002907576955313164,6555.855481645721,6550.4137053032055,-9.65548164572101,-4.213705303205643,0.3536788267383194
2023-07-03,IM2312,2023-12-15,113.0,0.46311475409836067,6612.884,6494.6,0.052972640757865966,0.05292744841213001,0.054438642332238184,4.519234573595321e-05,-0.001466001574372218,6494.735928478065,6490.192137452197,-0.13592847806467034,4.407862547803234,0.004026991399620825
2023-07-04,IM2307,2023-07-21,13.0,0.05327868852459016,6638.447,6613.4,0.08495063546790167,0.08441828935735807,0.08518272764964284,0.000532346110543605,-0.00023209218174116697,6613.587576557523,6613.318222064421,-0.18757655752324354,0.0817779355784296,0.008220905423052814
2023-07-04,IM2308,2023-08-18,33.0,0.13524590163934427,6638.447,6597.4,0.05986030697840754,0.06030947396058149,0.06159967473701359,-0.0004491669821739541,-0.0017393677586060516,6596.9992333607515,6595.848194581232,0.4007666392481042,1.551805418767799,-0.015503811406210426
2023-07-04,IM2309,2023-09-15,53.0,0.21721311475409835,6638.447,6572.8,0.05975289705636931,0.054770640298550645,0.05615394593111171,0.004982256757818666,0.003598951125257599,6579.917010166049,6577.940225518201,-7.117010166049113,-5.140225518201078,0.26051781750130953
2023-07-04,IM2312,2023-12-15,112.0,0.45901639344262296,6638.447,6515.2,0.05482673813929999,0.053414694907637804,0.05473458960745847,0.0014120432316621842,9.21485318415155e-05,6519.4242021528835,6515.475583716929,-4.224202152883663,-0.27558371692884975,0.12522660243990344
2023-07-05,IM2307,2023-07-21,12.0,0.04918032786885246,6584.423,6566.2,0.07035239798154543,0.08006290741636517,0.06936813171299627,-0.009710509434819742,0.0009842662685491527,6563.064954537945,6566.517854701546,3.135045462055132,-0.31785470154591167,-0.14149939308307172
2023-07-05,IM2308,2023-08-18,32.0,0.13114754098360656,6584.423,6553.4,0.05001065635725942,0.058942771746014797,0.05427943554434066,-0.00893211538875538,-0.00426877918708124,6545.727678260025,6549.732172036679,7.672321739974905,3.667827963320633,-0.29978442938393196
2023-07-05,IM2309,2023-09-15,52.0,0.21311475409836064,6584.423,6528.6,0.05395116529000449,0.05441420315192204,0.05144271724009077,-0.0004630378619175507,0.0025084480499137154,6527.9557882317495,6532.091039626659,0.6442117682508979,-3.491039626658676,-0.02382994420153587
2023-07-05,IM2312,2023-12-15,111.0,0.45491803278688525,6584.423,6468.4,0.05307940324775705,0.05390678797825561,0.05240816799642161,-0.0008273847304985649,0.0006712352513354378,6465.965802609112,6470.375472945567,2.4341973908876753,-1.9754729455671622,-0.07302240764464389
2023-07-06,IM2307,2023-07-21,11.0,0.045081967213114756,6567.079,6535.6,0.12058321065343737,0.06610997815735108,0.11940427921296673,0.054473232496086293,0.0011789314404706402,6551.669591660203,6535.947366884818,-16.069591660202605,-0.34736688481734745,0.7472988939454083
2023-07-06,IM2308,2023-08-18,31.0,0.12704918032786885,6567.079,6519.4,0.07135408760377011,0.05263658440625185,0.07381200207152712,0.018717503197518262,-0.0024579144677570053,6534.921864916122,6517.364465566188,-15.521864916122468,2.0355344338113355,0.6102673583729002
2023-07-06,IM2309,2023-09-15,51.0,0.20901639344262296,6567.079,6498.8,0.06400369749509138,0.05038849952273777,0.06293140039645342,0.01361519797235361,0.0010722970986379587,6517.32062277674,6500.256724156459,-18.5206227767394,-1.4567241564591313,0.6893690194283353
2023-07-06,IM2312,2023-12-15,110.0,0.45081967213114754,6567.079,6442.0,0.05665582729068859,0.0519281711525246,0.05732227401826091,0.004727656138163991,-0.0006664467275723229,6455.744607831911,6440.064809250182,-13.744607831910798,1.9351907498175933,0.4152032287457219
2023-07-07,IM2307,2023-07-21,10.0,0.040983606557377046,6521.427,6513.0,0.045550113963371754,0.11051927558251351,0.045952058353403505,-0.06496916161914176,-0.00040194439003175125,6495.681094157355,6512.892711383189,17.31890584264511,0.10728861681127455,-0.8371370097968149
2023-07-07,IM2308,2023-08-18,30.0,0.12295081967213115,6521.427,6498.4,0.042769424039671065,0.06933059162332805,0.043720207144587894,-0.026561167583656987,-0.0009507831049168289,6477.21267726318,6497.640384286016,21.187322736819624,0.759615713983294,-0.8404474091531625
2023-07-07,IM2309,2023-09-15,50.0,0.20491803278688525,6521.427,6477.8,0.0467558799214364,0.06002494209403251,0.0445816583232695,-0.01326906217259611,0.002174221598166902,6460.210332201171,6480.686743984864,17.589667798829396,-2.8867439848636423,-0.6607069455186817
2023-07-07,IM2312,2023-12-15,109.0,0.44672131147540983,6521.427,6424.0,0.04769492341344825,0.05593757638982754,0.048838688467452,-0.008242652976379293,-0.0011437650540037508,6400.389244035924,6420.718532693732,23.610755964075906,3.2814673062675865,-0.7202993918215097
2023-07-10,IM2307,2023-07-21,9.0,0.036885245901639344,6526.852,6520.4,0.04081344748262688,0.04527263341154543,0.04167933287116187,-0.004459185928918551,-0.0008658853885349926,6519.3276247371095,6520.191752211687,1.072375262890091,0.20824778831229196,-0.0538358578510658
2023-07-10,IM2308,2023-08-18,29.0,0.11885245901639344,6526.852,6503.8,0.043769033959751236,0.0434323907416383,0.043361617850766386,0.000336643218112935,0.00040741610898484965,6504.060227930107,6504.114937271666,-0.26022793010724854,-0.31493727166616736,0.0103270744858418
2023-07-10,IM2309,2023-09-15,49.0,0.20081967213114754,6526.852,6481.6,0.04864476768507193,0.0444288986394561,0.045169196280612146,0.004215869045615828,0.003475571404459782,6487.089836975872,6486.1254968244075,-5.489836975871185,-4.525496824407128,0.20635228682492315
2023-07-10,IM2312,2023-12-15,108.0,0.4426229508196721,6526.852,6426.6,0.04897133916959806,0.048808797778908716,0.0500112131807858,0.00016254139068934415,-0.0010398740111877414,6427.062375477382,6423.642695935341,-0.462375477382011,2.9573040646591835,0.014132044266405108
2023-07-11,IM2307,2023-07-21,8.0,0.03278688524590164,6579.37,6571.0,0.05282552878329507,0.04172587075127643,0.05244830226758781,0.011099658032018643,0.00037722651570726295,6573.391774625033,6571.081271172574,-2.3917746250326672,-0.08127117257390637,0.12524837608337772
2023-07-11,IM2308,2023-08-18,28.0,0.11475409836065574,6579.37,6555.6,0.04554004882378893,0.04343499599435642,0.046817492046978874,0.002105052829432512,-0.0012774432231899419,6557.183784568136,6554.639072932813,-1.5837845681353429,0.9609270671871855,0.06253822143839101
2023-07-11,IM2309,2023-09-15,48.0,0.19672131147540983,6579.37,6535.2,0.04824156222077552,0.04524965808166146,0.04688120186293867,0.002991904139114057,0.0013603603578368484,6539.047563370959,6536.94913115052,-3.847563370959506,-1.7491311505200429,0.14388940688590662
2023-07-11,IM2312,2023-12-15,107.0,0.4385245901639344,6579.37,6479.4,0.04891499206966809,0.05009256068873478,0.050436980984705004,-0.0011775686190666906,-0.0015219889150369162,6476.05494827181,6475.076899718191,3.345051728189901,4.323100281808365,-0.10185556920026356
2023-07-12,IM2307,2023-07-21,7.0,0.028688524590163935,6482.987,6483.8,0.009629008607919425,0.05127263337076913,0.010349634726722588,-0.041643624762849704,-0.0007206261188031637,6476.0584673532485,6483.665957248683,7.741532646751693,0.13404275131688337,-0.4380767763519445
2023-07-12,IM2308,2023-08-18,27.0,0.11065573770491803,6482.987,6469.0,0.033518408437831895,0.0463041404729663,0.031099444181027277,-0.012785732035134403,0.0024189642568046184,6459.854035732589,6470.731803710145,9.145964267410818,-1.731803710144959,-0.36744406171521893
2023-07-12,IM2309,2023-09-15,47.0,0.19262295081967212,6482.987,6454.0,0.03726445160103318,0.04658765329522847,0.03744785680535894,-0.009323201694195295,-0.00018340520432576224,6442.419903884489,6453.77199678211,11.580096115510969,0.2280032178896363,-0.4403550695765298
2023-07-12,IM2312,2023-12-15,106.0,0.4344262295081967,6482.987,6401.8,0.04300874594604942,0.05034036774356714,0.04591614705863194,-0.007331621797517722,-0.0029074011125825167,6381.442391702561,6393.719302410479,20.357608297439583,8.08069758952115,-0.63083738609145
2023-07-13,IM2307,2023-07-21,6.0,0.02459016393442623,6548.313,6549.6,0.0060081924244822105,0.013437836683813972,0.006884020265600185,-0.007429644259331762,-0.0008758278411179748,6548.4035224621875,6549.458944419892,1.1964775378128252,0.14105558010851382,-0.072673688364603
2023-07-13,IM2308,2023-08-18,26.0,0.10655737704918032,6548.313,6534.6,0.033673184083356775,0.03261017576552162,0.030154985836515047,0.0010630083178351513,0.0035181982468417278,6535.340225069895,6537.050215296387,-0.7402250698942225,-2.4502152963868866,0.029516799891143926
2023-07-13,IM2309,2023-09-15,46.0,0.1885245901639344,6548.313,6520.8,0.036333380594622246,0.038439757540602075,0.03692199121990555,-0.0021063769459798293,-0.0005886106252833076,6518.211079281059,6520.076442771005,2.5889207189411536,0.7235572289955599,-0.09766085350717477
2023-07-13,IM2312,2023-12-15,105.0,0.430327868852459,6548.313,6467.6,0.04282072771916317,0.04643134443076962,0.04563957669579016,-0.0036106167116064514,-0.0028188489766269934,6457.558775792646,6459.759368295005,10.04122420735439,7.840631704995758,-0.3090135604000675
2023-07-14,IM2308,2023-08-18,25.0,0.10245901639344263,6544.459,6527.0,0.040072061478404565,0.031755268583856675,0.039306129157859145,0.00831679289454789,0.0007659323205454205,6532.564225634497,6527.512237338442,-5.564225634497234,-0.5122373384419916,0.22285070473527047
2023-07-14,IM2309,2023-09-15,45.0,0.18442622950819673,6544.459,6511.0,0.04179259320352891,0.03796141508805957,0.04169881168640431,0.00383117811546934,9.37815171246012e-05,6515.6021012019955,6511.112613742762,-4.602101201995538,-0.11261374276182323,0.17427876397860503
2023-07-14,IM2312,2023-12-15,104.0,0.4262295081967213,6544.459,6459.0,0.04483838665413284,0.04617315034524031,0.047257685637069745,-0.0013347636911074726,-0.0024192989829369058,6455.326418755064,6452.343063068058,3.673581244936031,6.656936931942255,-0.11361559541089476
2023-07-17,IM2308,2023-08-18,24.0,0.09836065573770492,6516.56,6497.8,0.04331020791941867,0.03952119789016809,0.0436797062875468,0.0037890100292505766,-0.00036949836812812803,6500.222113225117,6497.563847586834,-2.4221132251168456,0.23615241316656466,0.0974774948845134
2023-07-17,IM2309,2023-09-15,44.0,0.18032786885245902,6516.56,6479.2,0.04588405334573927,0.0418705010524034,0.04365034677991998,0.004013552293335873,0.0022337065658192892,6483.891052926917,6481.8103444972285,-4.691052926917109,-2.6103444972286525,0.1789844320317924
2023-07-17,IM2312,2023-12-15,103.0,0.42213114754098363,6516.56,6433.4,0.04442528260313459,0.04738499831721175,0.04760182957247957,-0.00295971571407716,-0.0031765469693449816,6425.367205097904,6424.779110271139,8.032794902095702,8.620889728860675,-0.24934348219731672
2023-07-18,IM2308,2023-08-18,23.0,0.0942622950819672,6510.034,6500.4,0.029711111957227733,0.043162606628702485,0.03016987902012078,-0.013451494671474752,-0.0004587670628930472,6492.162919156576,6500.118899944609,8.237080843423428,0.28110005539019767,-0.3331098211065838
2023-07-18,IM2309,2023-09-15,43.0,0.1762295081967213,6510.034,6483.8,0.03691285234813924,0.043373075811058454,0.03590649932995337,-0.006460223462919211,0.001006353018185871,6476.422510750565,6484.949998050702,7.377489249434802,-1.1499980507014698,-0.28221155372640194
2023-07-18,IM2312,2023-12-15,102.0,0.4180327868852459,6510.034,6433.4,0.0423267471577695,0.04752368085808264,0.04394634258437385,-0.005196933700313142,-0.0016195954266043505,6419.438682232457,6429.04577936174,13.961317767542823,4.354220638259903,-0.4327684433365202
2023-07-19,IM2308,2023-08-18,22.0,0.09016393442622951,6492.349,6483.4,0.02929816293316422,0.03131246191456566,0.02903464862934202,-0.0020142989814014405,0.00026351430382219945,6482.222610476217,6483.554044084189,1.1773895237829493,-0.15404408418908133,-0.047947138625927234
2023-07-19,IM2309,2023-09-15,42.0,0.1721311475409836,6492.349,6469.0,0.03493095682563357,0.036641581329658605,0.034791153558985675,-0.0017106245040250379,0.0001398032666478921,6467.095471981316,6469.155675102384,1.9045280186837772,-0.15567510238361137,-0.0731846332772579
2023-07-19,IM2312,2023-12-15,101.0,0.4139344262295082,6492.349,6419.6,0.04122314333010638,0.04433162265607722,0.04290758297793304,-0.003108479325970845,-0.0016844396478266632,6411.3451701815,6415.125509664344,8.254829818500184,4.47449033565681,-0.2567521489002862
2023-07-20,IM2308,2023-08-18,21.0,0.0860655737704918,6408.76,6408.2,0.015015321366503895,0.030136150311409298,0.014503906625015533,-0.015120828944905403,0.000511414741488362,6399.865902720822,6408.482064432411,8.334097279177513,-0.2820644324110617,-0.3454485103060377
2023-07-20,IM2309,2023-09-15,41.0,0.1680327868852459,6408.76,6396.4,0.025488664884256218,0.03549573990662121,0.026326115828862934,-0.010007075022364989,-0.0008374509446067158,6385.653384389841,6395.499966933584,10.746615610158187,0.9000330664157445,-0.4191011536595135
2023-07-20,IM2312,2023-12-15,100.0,0.4098360655737705,6408.76,6349.0,0.036859101674747284,0.04327762767465307,0.038510697230278,-0.0064185259999057845,-0.0016515955555307174,6332.320627208496,6344.703921274766,16.679372791503738,4.296078725234111,-0.5265910655880077
2023-07-21,IM2308,2023-08-18,20.0,0.08196721311475409,6401.417,6407.0,0.003364399314340842,0.017185626324488005,0.0023236288652888175,-0.013821227010147163,0.0010407704490520246,6399.745699973386,6407.546598418424,7.254300026614146,-0.546598418423855,-0.30257844752022195
2023-07-21,IM2309,2023-09-15,40.0,0.16393442622950818,6401.417,6398.0,0.01725697654747566,0.02796253090869535,0.018881492724367913,-0.010705554361219692,-0.0016245161768922538,6386.781300321577,6396.296349076379,11.218699678423036,1.7036509236213533,-0.43865398279232876
2023-07-21,IM2312,2023-12-15,99.0,0.4057377049180328,6401.417,6354.8,0.032013951270870436,0.03929495162012358,0.034159258308374574,-0.007281000349253143,-0.0021453070375041378,6336.054502382186,6349.27098568482,18.74549761781418,5.529014315180575,-0.5936184063916169
2023-07-24,IM2308,2023-08-18,19.0,0.0778688524590164,6393.794,6393.6,0.014389660070102405,0.006127540580215408,0.013541293479315432,0.008262119489886997,0.0008483665907869729,6397.7147212567115,6394.022383689422,-4.114721256711164,-0.42238368942162197,0.17304086642556965
2023-07-24,IM2309,2023-09-15,39.0,0.1598360655737705,6393.794,6385.0,0.022610966023890438,0.02115924109469316,0.022700462530146535,0.0014517249291972796,-8.949650625609748e-05,6386.481734538958,6384.908664700376,-1.4817345389583352,0.09133529962400644,0.05816003294434673
2023-07-24,IM2312,2023-12-15,98.0,0.4016393442622951,6393.794,6343.2,0.033780082683609054,0.03522160475762652,0.03365826783369908,-0.0014415220740174664,0.0001218148499099736,6339.528527875291,6343.5103526891,3.6714721247089983,-0.31035268910000013,-0.11680525947575844
2023-07-24,IM2403,2024-03-15,156.0,0.639344262295082,6393.794,6308.8,0.03493136524802121,0.04232617170890033,0.04034494970142349,-0.007394806460879123,-0.00541358445340228,6279.04348177163,6287.002078366668,29.756518228370624,21.797921633332408,-0.7629217357101005
2023-07-25,IM2308,2023-08-18,18.0,0.07377049180327869,6498.269,6497.6,0.015395622974450069,0.015312611252453614,0.015362919079603674,8.301172199645483e-05,3.2703894846395146e-05,6497.639790225799,6497.615676014356,-0.03979022579824232,-0.015676014355449297,0.0016604043538840613
2023-07-25,IM2309,2023-09-15,38.0,0.1557377049180328,6498.269,6488.8,0.02336330716998212,0.023780538555602276,0.0225712121202584,-0.0004172313856201579,0.0007920950497237178,6488.378380179563,6489.600501675311,0.4216198204376269,-0.8005016753104428,-0.01635251228828545
2023-07-25,IM2312,2023-12-15,97.0,0.3975409836065574,6498.269,6448.0,0.03353466147895853,0.034194357465357546,0.03250424170038785,-0.0006596959863990129,0.0010304197785706848,6446.309193800293,6450.64186168852,1.6908061997073673,-2.6418616885202937,-0.053606907158738094
2023-07-25,IM2403,2024-03-15,155.0,0.6352459016393442,6498.269,6415.8,0.03410581367247599,0.04072357793457572,0.03910998274230246,-0.006617764262099729,-0.005004169069826467,6388.88518279729,6395.437337572122,26.914817202709855,20.362662427878604,-0.6902432000483312
2023-07-26,IM2308,2023-08-18,17.0,0.06967213114754098,6457.254,6468.4,-0.010753551658673146,0.016580071036687703,-0.01096624016154528,-0.027333622695360847,0.00021268850287213363,6456.0933544919935,6468.495852445042,12.306645508006113,-0.09585244504251023,-0.5211997588439485
2023-07-26,IM2309,2023-09-15,37.0,0.15163934426229508,6457.254,6462.8,0.008338471980383535,0.02332526283136875,0.008451966942742733,-0.014986790850985216,-0.00011349496235919798,6448.129400271613,6462.6887742194895,14.67059972838706,0.11122578051072196,-0.5735733711983676
2023-07-26,IM2312,2023-12-15,96.0,0.39344262295081966,6457.254,6429.2,0.02506650895781727,0.03289833447008799,0.02557188352946068,-0.00783182551227072,-0.0005053745716434091,6409.419721327806,6427.921771333833,19.780278672194072,1.2782286661667968,-0.6333880460648544
2023-07-26,IM2403,2024-03-15,154.0,0.6311475409836066,6457.254,6390.0,0.03058864362896998,0.039398545384725356,0.034108481814563295,-0.008809901755755377,-0.003519838185593316,6354.5679758480865,6375.820133575196,35.43202415191354,14.17986642480355,-0.9189047891030957
2023-07-27,IM2308,2023-08-18,16.0,0.06557377049180328,6407.546,6421.0,-0.017987035042410622,-0.006935671577408525,-0.017983928320623496,-0.011051363465002097,-3.1067217871258435e-06,6416.348518092078,6420.998691917473,4.6514819079220615,0.0013080825274300878,-0.2005091805025517
2023-07-27,IM2309,2023-09-15,36.0,0.14754098360655737,6407.546,6416.0,0.00506341699332615,0.010782725399700398,0.0044509794969304906,-0.005719308406374248,0.0006124374963956594,6410.588255023674,6416.5797735836995,5.41174497632619,-0.5797735836995344,-0.21356005027305838
2023-07-27,IM2312,2023-12-15,95.0,0.38934426229508196,6407.546,6385.8,0.022731560610064684,0.026635327961431136,0.02312860684982138,-0.0039037673513664523,-0.00039704623975669526,6376.101534689832,6384.8129103208885,9.698465310168103,0.9870896791117048,-0.3137588920483459
2023-07-27,IM2403,2024-03-15,153.0,0.6270491803278688,6407.546,6347.0,0.029140914446343397,0.034824585208826676,0.03214631743636638,-0.00568367076248328,-0.0030054029900229845,6324.419926809318,6335.050116825307,22.580073190682015,11.949883174693241,-0.5916017561893648
2023-07-28,IM2308,2023-08-18,15.0,0.06147540983606557,6465.376,6473.6,-0.006678156398367505,-0.013420254565352112,-0.005705950124873956,0.006742098166984607,-0.0009722062734935488,6476.283690138527,6473.213105340604,-2.6836901385267993,0.38689465939660295,0.11616391918002264
2023-07-28,IM2309,2023-09-15,35.0,0.14344262295081966,6465.376,6466.0,0.013327191254519694,0.0070478370439769,0.011149877364344097,0.006279354210542794,0.0021773138901755966,6471.826724780617,6468.019774024243,-5.826724780617042,-2.0197740242429063,0.22857959675693076
2023-07-28,IM2312,2023-12-15,94.0,0.38524590163934425,6465.376,6431.0,0.027838233389722328,0.02429422005726304,0.02636799223064032,0.003544013332459288,0.0014702411590820086,6439.7863478382,6434.643578345899,-8.786347838199617,-3.6435783458991864,0.2829645053703441
2023-07-28,IM2403,2024-03-15,152.0,0.6229508196721312,6465.376,6391.0,0.03257356763731434,0.032926484226406254,0.03445474616347105,-0.00035291658909191587,-0.0018811785261567127,6389.59509514462,6383.51489071243,1.4049048553797547,7.485109287569685,-0.036639995018391054
2023-07-31,IM2308,2023-08-18,14.0,0.05737704918032787,6515.849,6524.6,-0.009391441731154202,-0.002513392152117412,-0.0075426160026351025,-0.00687804957903679,-0.0018488257285190993,6522.025625585693,6523.9079060664335,2.5743744143073855,0.6920939335668663,-0.11230823323974197
2023-07-31,IM2309,2023-09-15,34.0,0.13934426229508196,6515.849,6514.4,0.015596087062529749,0.012960219691044403,0.011805965629743459,0.002635867371485346,0.00379012143278629,6516.793132946215,6517.841369652183,-2.393132946215701,-3.4413696521833117,0.09346206264793669
2023-07-31,IM2312,2023-12-15,93.0,0.38114754098360654,6515.849,6476.0,0.03009476717035013,0.027193473456168335,0.027797779536267473,0.0029012937141817963,0.0022969876340826582,6483.1652575841135,6481.672163538377,-7.165257584113533,-5.67216353837739,0.2300769653097035
2023-07-31,IM2403,2024-03-15,151.0,0.6188524590163934,6515.849,6439.2,0.033121210193609196,0.03501670979199381,0.03585140721766189,-0.0018954995983846146,-0.002730197024052694,6431.651024154516,6428.329583452132,7.548975845484165,10.870416547867535,-0.19625920089247006
2023-08-01,IM2308,2023-08-18,13.0,0.05327868852459016,6507.412,6509.0,0.009420314198810675,-0.003915281436970154,0.009314883379626942,0.01333559563578083,0.00010543081918373311,6513.626307635727,6509.036562560177,-4.626307635727244,-0.03656256017711712,0.20592395089654297
2023-08-01,IM2309,2023-09-15,33.0,0.13524590163934427,6507.412,6502.8,0.019242166678492875,0.013821236265683538,0.018161379963027344,0.005420930412809336,0.0010807867154655308,6507.5693320080745,6503.750596584908,-4.769332008074343,-0.9505965849075437,0.18706982512077516
2023-08-01,IM2312,2023-12-15,92.0,0.3770491803278688,6507.412,6472.0,0.028471998522773087,0.02869447241553428,0.02894810595108596,-0.00022247389276119217,-0.0004761074283128712,6471.457128117197,6470.838277271259,0.5428718828034107,1.1617227287406422,-0.017520562955119504
2023-08-01,IM2403,2024-03-15,150.0,0.6147540983606558,6507.412,6435.4,0.03210127950051762,0.036455069701488166,0.03602440578611285,-0.004353790200970549,-0.003923126285595234,6418.19861527954,6419.89807376943,17.201384720459828,15.501926230569552,-0.44954511264063124
2023-08-02,IM2308,2023-08-18,12.0,0.04918032786885246,6496.022,6495.8,0.014694898683253011,0.010654091574850512,0.014641497368736139,0.004040807108402499,5.340131451687241e-05,6497.091027038886,6495.817059903985,-1.2910270388856588,-0.017059903984772973,0.05887824235990864
2023-08-02,IM2309,2023-09-15,32.0,0.13114754098360656,6496.022,6490.8,0.020132024008023667,0.018940036054467452,0.019654986062995216,0.0011919879535562151,0.0004770379450284509,6491.814761991504,6491.206092426667,-1.0147619915042014,-0.4060924266668735,0.03999737224582226
2023-08-02,IM2312,2023-12-15,91.0,0.3729508196721312,6496.022,6459.0,0.02932503000754442,0.029340454532560054,0.0286999353940083,-1.5424525015635127e-05,0.0006250946135361174,6458.9628441329205,6460.505959288686,0.037155867079491145,-1.5059592886864266,-0.0012061884148330925
2023-08-02,IM2403,2024-03-15,149.0,0.610655737704918,6496.022,6424.6,0.0321045011724466,0.036311520019328754,0.035521531832703325,-0.0042070188468821546,-0.0034170306602567257,6408.116127279161,6411.208217596557,16.483872720838917,13.391782403443358,-0.43317555242784234
2023-08-03,IM2308,2023-08-18,11.0,0.045081967213114756,6499.545,6495.6,0.02746768741948253,0.015172391786953851,0.027475681902325688,0.012295295632528678,-7.994482843158568e-06,6499.201483893928,6495.597658940626,-3.601483893927252,0.0023410593739754404,0.16866652660308737
2023-08-03,IM2309,2023-09-15,31.0,0.12704918032786885,6499.545,6490.4,0.025082419808812696,0.02000509339508083,0.02464257562186458,0.005077326413731865,0.000439844186948115,6494.588114029226,6490.762705650793,-4.188114029226199,-0.36270565079303196,0.16550739083760485
2023-08-03,IM2312,2023-12-15,90.0,0.36885245901639346,6499.545,6459.4,0.030797340172273417,0.02892102735651572,0.030162998422017206,0.0018763128157576955,0.0006343417502562114,6463.871985633663,6460.911537642935,-4.47198563366328,-1.5115376429357639,0.1456765270020389
2023-08-03,IM2403,2024-03-15,148.0,0.6065573770491803,6499.545,6420.2,0.034250194048616754,0.03570207151557062,0.03629663709766523,-0.0014518774669538687,-0.0020464430490484756,6414.5485590341395,6412.235645260662,5.6514409658602744,7.964354739337978,-0.1490694519895175
2023-08-04,IM2308,2023-08-18,10.0,0.040983606557377046,6535.322,6534.6,0.016695777376164296,0.02650911265841455,0.016613624847264308,-0.009813335282250254,8.215252889998831e-05,6531.972404625657,6534.622001427012,2.6275953743434,-0.022001427011673513,-0.12644119321979458
2023-08-04,IM2309,2023-09-15,30.0,0.12295081967213115,6535.322,6531.0,0.019380591102636176,0.02422594899787882,0.019456042177013157,-0.004845357895242642,-7.545107437698095e-05,6527.110376044903,6530.9394136867495,3.889623955096795,0.06058631325049646,-0.15328661850879477
2023-08-04,IM2312,2023-12-15,89.0,0.36475409836065575,6535.322,6500.6,0.028604739733002635,0.03008458970382147,0.027701223468419592,-0.0014798499708188369,0.000903516264583043,6497.0920442591005,6502.742698985527,3.507955740899888,-2.1426989855262946,-0.11405871747411356
2023-08-04,IM2403,2024-03-15,147.0,0.6024590163934426,6535.322,6466.0,0.03170068903193945,0.03629089058580282,0.03450727404562203,-0.004590201553863374,-0.002806585013682583,6448.14357138472,6455.07618596063,17.856428615279583,10.923814039369972,-0.4699427506481099
2023-08-07,IM2308,2023-08-18,9.0,0.036885245901639344,6503.983,6515.6,-0.03438094451412833,0.016710209148436565,-0.034017369538202114,-0.05109115366256489,-0.0003635749759262133,6503.332850578957,6515.512622790733,12.267149421043541,0.08737720926728798,-0.6168048509012753
2023-08-07,IM2309,2023-09-15,29.0,0.11885245901639344,6503.983,6515.0,-0.00023994189820827037,0.01958403100598898,-0.0011021072007691111,-0.019823972904197247,0.0008621653025608408,6499.667895846891,6515.667629293424,15.332104153108958,-0.6676292934243975,-0.6080198568097075
2023-08-07,IM2312,2023-12-15,88.0,0.36065573770491804,6503.983,6488.8,0.020480264827701437,0.027837096847188957,0.019878698345923176,-0.00735683201948752,0.0006015664817782609,6471.606192973362,6490.207952415132,17.19380702663784,-1.4079524151320584,-0.5628234259582616
2023-08-07,IM2403,2024-03-15,146.0,0.5983606557377049,6503.983,6459.8,0.025391793289995905,0.03463578711349127,0.02935072781399875,-0.009243993823495368,-0.003958934524002845,6424.167917284323,6444.515679760972,35.632082715676916,15.284320239028602,-0.9436524853415319
2023-08-08,IM2308,2023-08-18,8.0,0.03278688524590164,6471.344,6484.8,-0.049353440277024915,-0.02870345844442157,-0.049455177085754615,-0.020649981832603345,0.00010173680872969937,6480.410961301975,6484.821630949429,4.389038698025615,-0.021630949428981694,-0.23300809449232257
2023-08-08,IM2309,2023-09-15,28.0,0.11475409836065574,6471.344,6487.4,-0.007594167309108496,0.0015916981952193501,-0.00783661786138292,-0.009185865504327847,0.00024245055227442407,6480.565132722901,6487.580496215638,6.834867277098965,-0.18049621563841356,-0.27285165356352065
2023-08-08,IM2312,2023-12-15,87.0,0.35655737704918034,6471.344,6465.6,0.01649048156256909,0.020986828881950415,0.01638687725007566,-0.004496347319381325,0.00010360431249343063,6455.242617263999,6465.8388493777275,10.357382736001455,-0.23884937772709236,-0.3413927182730548
2023-08-08,IM2403,2024-03-15,145.0,0.5942622950819673,6471.344,6438.4,0.022588384143964073,0.030080930476774237,0.026641027796315563,-0.007492546332810164,-0.00405264365235149,6409.796507080884,6422.912843368622,28.603492919115524,15.48715663137773,-0.7626147164888147
2023-08-09,IM2308,2023-08-18,7.0,0.028688524590163935,6420.977,6433.2,-0.05229113408938081,-0.04291643164574825,-0.05377888622274703,-0.00937470244363256,0.0014877521333662158,6431.470046780779,6433.474583930145,1.729953219220988,-0.27458393014512694,-0.09861667823901447
2023-08-09,IM2309,2023-09-15,27.0,0.11065573770491803,6420.977,6442.0,-0.015539942237803245,-0.004599959442700845,-0.012413052008734462,-0.0109399827951024,-0.0031268902290687833,6434.206214455467,6439.771399820745,7.793785544533421,2.228600179255409,-0.3143477529238083
2023-08-09,IM2312,2023-12-15,86.0,0.3524590163934426,6420.977,6427.6,0.01107503190842459,0.017684705999097466,0.011747049569683752,-0.006609674090672877,-0.0006720176612591625,6412.643439353319,6426.0777474099405,14.956560646681282,1.5222525900599067,-0.4979990025033433
2023-08-09,IM2403,2024-03-15,144.0,0.5901639344262295,6420.977,6407.2,0.01763954599102197,0.02748732934466358,0.02242357515827829,-0.009847783353641611,-0.004784029167256322,6370.070591927895,6389.135671417013,37.129408072104525,18.06432858298649,-0.9993574839251326
2023-08-10,IM2308,2023-08-18,6.0,0.02459016393442623,6426.814,6424.6,0.028011843504651857,-0.04757872003514719,0.026601903985591018,0.07559056353979904,0.0014099395190608384,6436.553051561789,6424.822748880274,-11.953051561788925,-0.22274888027368434,0.7393836859283913
2023-08-10,IM2309,2023-09-15,26.0,0.10655737704918032,6426.814,6429.2,0.010516541975642134,-0.009391250803364781,0.013220766709887961,0.019907792779006915,-0.002704224734245827,6442.852880527774,6427.347660158985,-13.65288052777396,1.8523398410152367,0.5526977370663664
2023-08-10,IM2312,2023-12-15,85.0,0.3483606557377049,6426.814,6417.6,0.018118460295186586,0.01295560172166056,0.0173545420663643,0.005162858573526026,0.0007639182288222864,6429.152675597773,6419.308072913449,-11.552675597772577,-1.7080729134486319,0.38595080704866336
2023-08-10,IM2403,2024-03-15,143.0,0.5860655737704918,6426.814,6404.2,0.020014515427477324,0.0232166063366463,0.02470653043885921,-0.003202090909168974,-0.004692015011381886,6392.192922534127,6386.613739195744,12.007077465872499,17.5862608042562,-0.3239703415994445
2023-08-11,IM2309,2023-09-15,25.0,0.10245901639344263,6304.635,6310.0,0.005698150099927371,0.012194324390610854,0.0058859187511882596,-0.006496174290683483,-0.00018776865126088858,6305.801514219904,6309.878605656518,4.1984857800962345,0.12139434348227951,-0.17404094835153894
2023-08-11,IM2312,2023-12-15,84.0,0.3442622950819672,6304.635,6298.4,0.016874100080458903,0.017098264892251788,0.014638856935799471,-0.0002241648117928853,0.0022352431446594316,6297.913961825493,6303.2485466380485,0.48603817450657516,-4.8485466380489015,-0.016624170692208576
2023-08-11,IM2403,2024-03-15,142.0,0.5819672131147541,6304.635,6285.0,0.0193598124870458,0.024606704422993328,0.02290791907572354,-0.005246891935947528,-0.0035481065886777408,6265.83790340073,6272.035608069334,19.162096599269717,12.964391930666352,-0.5292303131826451
2023-08-14,IM2309,2023-09-15,24.0,0.09836065573770492,6319.407,6326.2,0.003077286158007392,0.005743445153996907,0.003894455546030259,-0.002666158995989515,-0.0008171693880228668,6324.541202265457,6325.691537452816,1.6587977345425315,0.5084625471836262,-0.06849756123496095
2023-08-14,IM2312,2023-12-15,83.0,0.3401639344262295,6319.407,6309.4,0.01865890005791053,0.014703116837631022,0.014864860229238434,0.003955783220279507,0.0037940398286720953,6317.895736630323,6317.5481401910465,-8.495736630323336,-8.148140191046878,0.29082602464906077
2023-08-14,IM2403,2024-03-15,141.0,0.5778688524590164,6319.407,6292.6,0.02135640065842679,0.02300439165722669,0.023403790275118082,-0.001647990998799899,-0.002047389616691292,6286.610266915478,6285.159484560628,5.989733084522413,7.440515439372575,-0.16495742804675517
2023-08-15,IM2309,2023-09-15,23.0,0.0942622950819672,6261.733,6270.2,-0.0003351931030246436,0.00420332121603058,-0.0003198004091520216,-0.004538514319055224,-1.5392693872622043e-05,6267.518114583116,6270.190902255822,2.6818854168841426,0.009097744177779532,-0.11225194030732441
2023-08-15,IM2312,2023-12-15,82.0,0.3360655737704918,6261.733,6260.0,0.014823645056198183,0.015085278705984974,0.012920464484944157,-0.00026163364978679104,0.0019031805712540258,6259.449607045213,6264.005135819201,0.5503929547867301,-4.005135819201314,-0.019032569343394205
2023-08-15,IM2403,2024-03-15,140.0,0.5737704918032787,6261.733,6246.4,0.018272938568372248,0.02359388488325446,0.021948396833911886,-0.005320946314882214,-0.0036754582655396384,6227.358809593464,6233.241037720239,19.04119040653586,13.158962279760999,-0.5284161358378007
2023-08-16,IM2309,2023-09-15,22.0,0.09016393442622951,6186.403,6200.0,-0.010349789278279719,0.0003722069944001368,-0.010156327692553471,-0.010721996272679855,-0.0001934615857262477,6194.009124581291,6199.891852745302,5.990875418709038,0.10814725469845143,-0.2549332291637325
2023-08-16,IM2312,2023-12-15,81.0,0.3319672131147541,6186.403,6191.2,0.011665101563575876,0.01327187717349038,0.009481035494066599,-0.0016067756099145038,0.002184066069509277,6187.8985141791145,6195.690484976262,3.3014858208853184,-4.490484976262451,-0.1158101426324091
2023-08-16,IM2403,2024-03-15,139.0,0.569672131147541,6186.403,6180.0,0.01581779609892647,0.022218126043417007,0.019632484458966044,-0.006400329944490538,-0.0038146883600395746,6157.508194760621,6166.584690046715,22.491805239378664,13.415309953285032,-0.6325508039030585
2023-08-17,IM2309,2023-09-15,21.0,0.0860655737704918,6247.601,6257.6,-0.0045808899676428785,-0.008356671483257605,-0.004156891515705368,0.003775781515614727,-0.00042399845193751007,6259.633830192298,6257.371653891924,-2.0338301922975006,0.22834610807603895,0.0861731899615132
2023-08-17,IM2312,2023-12-15,80.0,0.32786885245901637,6247.601,6245.8,0.014879352233719176,0.010198912288839523,0.011829887584152654,0.0046804399448796535,0.003049464649566522,6255.391978165717,6252.047826552109,-9.591978165716682,-6.247826552108563,0.3343631516447249
2023-08-17,IM2403,2024-03-15,138.0,0.5655737704918032,6247.601,6229.2,0.019215299184171215,0.020122206144087287,0.02128296205201627,-0.0009069069599160727,-0.002067662867845054,6226.005720643345,6221.919732233738,3.194279356654988,7.280267766262114,-0.0892876653842914
2023-08-18,IM2309,2023-09-15,20.0,0.08196721311475409,6117.107,6127.4,-0.006511177718938872,-0.0030114851678319423,-0.006913830757616552,-0.0034996925511069296,0.0004026530386776802,6125.6425458429485,6127.6022341757425,1.7574541570511428,-0.2022341757428876,-0.07654587638020782
2023-08-18,IM2312,2023-12-15,79.0,0.3237704918032787,6117.107,6124.0,0.0105215932836601,0.012322228167156776,0.00935147448039441,-0.0018006348834966757,0.0011701188032656896,6120.43079479741,6126.320516571047,3.5692052025897283,-2.3205165710469373,-0.12749459756783374
2023-08-18,IM2403,2024-03-15,137.0,0.5614754098360656,6117.107,6116.8,0.014089386607686664,0.02163586701935342,0.01909010971434588,-0.0075464804116667575,-0.005000723106659215,6090.936951920586,6099.649441395688,25.86304807941451,17.15055860431221,-0.740327665289269
2023-08-21,IM2309,2023-09-15,19.0,0.0778688524590164,6057.171,6053.8,0.02114901190995927,-0.0058045548885824,0.022523839959416612,0.02695356679854167,-0.0013748280494573425,6066.519320929754,6053.151937366968,-12.719320929753849,0.6480626330321684,0.5640459438044324
2023-08-21,IM2310,2023-10-20,38.0,0.1557377049180328,6057.171,6051.6,0.019908392641085914,0.0009672789299468988,0.015530287905294189,0.018941113711139015,0.004378104735791725,6069.477640675599,6055.7276056525225,-17.87764067559874,-4.1276056525221065,0.7411691417385752
2023-08-21,IM2312,2023-12-15,78.0,0.319672131147541,6057.171,6050.0,0.017705632240188677,0.009830212259236205,0.016886403530230364,0.007875419980952472,0.0008192287099583126,6065.250380108253,6051.58460923835,-15.250380108253012,-1.5846092383499126,0.5526096330077869
2023-08-21,IM2403,2024-03-15,136.0,0.5573770491803278,6057.171,6040.2,0.01903381942448254,0.019436287523048903,0.023453489156540743,-0.000402468098566363,-0.004419669732058203,6038.845175155674,6025.338747861572,1.3548248443257762,14.861252138427517,-0.03934422300665822
2023-08-22,IM2309,2023-09-15,18.0,0.07377049180327869,6099.195,6084.0,0.047813260555687756,0.0199391966974376,0.04890177430284513,0.027874063858250156,-0.001088513747157377,6096.523299515582,6083.511473231551,-12.523299515582039,0.48852676844944654,0.5575951516318031
2023-08-22,IM2310,2023-10-20,37.0,0.15163934426229508,6099.195,6082.8,0.031750531609323854,0.014083878965571358,0.029232105012457515,0.017666652643752494,0.0025184265968663383,6099.117422689292,6085.123419670211,-16.31742268929156,-2.323419670210569,0.67623019121285
2023-08-22,IM2312,2023-12-15,77.0,0.3155737704918033,6099.195,6074.0,0.027117150477062375,0.01620898774912896,0.02396776179126111,0.010908162727933414,0.003149388685801266,6094.944741344075,6080.039733585279,-20.944741344074828,-6.0397335852785545,0.7612266312081728
2023-08-22,IM2403,2024-03-15,135.0,0.5532786885245902,6099.195,6065.6,0.023982906611688552,0.02311575634529263,0.027845729514632215,0.0008671502663959232,-0.0038628229029436627,6068.510826078934,6052.65033604163,-2.9108260789334963,12.949663958370365,0.0848875927952372
2023-08-23,IM2309,2023-09-15,17.0,0.06967213114754098,5973.671,5974.8,0.011287607655162736,0.04324548629398149,0.014515558106526978,-0.03195787863881876,-0.0032279504513642414,5961.511468018796,5973.456429400165,13.28853198120396,1.3435705998354024,-0.6094267382022329
2023-08-23,IM2310,2023-10-20,36.0,0.14754098360655737,5973.671,5969.8,0.018393493097020118,0.026014700416872236,0.012044858691648105,-0.007621207319852118,0.006348634405372013,5963.09108814809,5975.394434437588,6.708911851909761,-5.594434437587552,-0.28461379029492473
2023-08-23,IM2312,2023-12-15,76.0,0.3114754098360656,5973.671,5966.0,0.018125398556973506,0.022374460361494437,0.015949203027341544,-0.004249061804520931,0.002176195529631962,5958.109351361946,5970.0453129646185,7.89064863805379,-4.045312964618461,-0.2938248498435204
2023-08-23,IM2403,2024-03-15,134.0,0.5491803278688525,5973.671,5962.4,0.01743887356782963,0.0269710060747897,0.02345649873553927,-0.00953213250696007,-0.00601762516770964,5931.269226497046,5942.728214034457,31.13077350295407,19.671785965542767,-0.9303653187399439
2023-08-24,IM2309,2023-09-15,16.0,0.06557377049180328,5987.966,5977.6,0.04042274331982453,0.013227888227286832,0.04172373991586007,0.0271948550925377,-0.001300996596035539,5988.269180071257,5977.090065210753,-10.66918007125696,0.5099347892473816,0.49344264460414994
2023-08-24,IM2310,2023-10-20,35.0,0.14344262295081966,5987.966,5975.6,0.02841187626102878,0.011385618192141792,0.02585256607557894,0.01702625806888699,0.0025593101854498417,5990.21199090006,5977.7941301335095,-14.611990900059936,-2.194130133509134,0.6198621287007835
2023-08-24,IM2312,2023-12-15,75.0,0.3073770491803279,5987.966,5963.0,0.027592681655063553,0.01569361538538119,0.023090205508764998,0.011899066269682363,0.004502476146298555,5984.849604878563,5971.258253770724,-21.849604878562786,-8.258253770723968,0.8150412631364103
2023-08-24,IM2403,2024-03-15,133.0,0.5450819672131147,5987.966,5958.4,0.023080835829702794,0.023368816198405216,0.02794517117676533,-0.00028798036870242294,-0.004864335347062536,5957.464766042654,5942.622457932464,0.93523395734519,15.77754206753525,-0.0280127512850147
2023-08-25,IM2309,2023-09-15,15.0,0.06147540983606557,5879.027,5881.8,0.00632920142391863,0.03737273646728872,0.005926372290016637,-0.03104353504337009,0.0004028291339019932,5870.5857943794435,5881.945659205178,11.21420562055664,-0.14565920517816267,-0.534902592188031
2023-08-25,IM2310,2023-10-20,34.0,0.13934426229508196,5879.027,5885.8,0.005737024154462445,0.023466206500024508,0.00727276403248568,-0.01772918234556206,-0.0015357398780232352,5871.277313745685,5884.540593921708,14.522686254314976,1.2594060782921588,-0.628713021541788
2023-08-25,IM2312,2023-12-15,74.0,0.30327868852459017,5879.027,5875.4,0.01603485847108592,0.021956440831256016,0.013283349007981074,-0.005921582360170097,0.0027515094631048453,5864.857898526812,5880.30491583378,10.542101473187358,-4.904915833780251,-0.40167450659759835
2023-08-25,IM2403,2024-03-15,132.0,0.5409836065573771,5879.027,5870.2,0.016777472735425965,0.027346355870192116,0.021709733091998744,-0.01056888313476615,-0.004932260356572779,5836.732356762383,5854.557588113566,33.46764323761727,15.642411886433365,-1.0244554757855282
2023-08-28,IM2309,2023-09-15,14.0,0.05737704918032787,5922.162,5907.6,0.056907876816494285,0.005593212771006178,0.059369042860773734,0.05131466404548811,-0.002461166044279449,5925.019283248621,5906.76582044424,-17.41928324862056,0.8341795557607838,0.8379371033473583
2023-08-28,IM2310,2023-10-20,33.0,0.13524590163934427,5922.162,5902.0,0.03921561368039212,0.00717222338025304,0.03445406113328582,0.03204339030013908,0.0047615525471063,5927.633220732071,5905.801996793252,-25.633220732071095,-3.8019967932523286,1.1059081911574955
2023-08-28,IM2312,2023-12-15,73.0,0.29918032786885246,5922.162,5887.8,0.033450381351699865,0.01332023590458132,0.027947505330672542,0.020130145447118546,0.0055028760210273225,5923.366524675583,5897.501376540739,-35.566524675582514,-9.701376540739147,1.3519597429746977
2023-08-28,IM2403,2024-03-15,131.0,0.5368852459016393,5922.162,5877.4,0.028131693384185086,0.021794611928150152,0.031377549726388544,0.006337081456034933,-0.0032458563422034584,5897.4306486792375,5867.166654071242,-20.030648679237856,10.233345928757444,0.6120616809659668
2023-08-29,IM2309,2023-09-15,13.0,0.05327868852459016,6108.759,6099.2,0.04339313829448336,0.05340108926017052,0.0442174820053871,-0.010007950965687164,-0.0008243437109037438,6095.948709392734,6098.932129312394,3.251290607266128,0.2678706876058641,-0.15454676792102578
2023-08-29,IM2310,2023-10-20,32.0,0.13114754098360656,6108.759,6096.8,0.028941946400027976,0.03125098680405675,0.02611917226445132,-0.0023090404040287775,0.002822774135576654,6094.954016235781,6099.057452497372,1.8459837642194543,-2.2574524973715597,-0.07748911707081306
2023-08-29,IM2312,2023-12-15,72.0,0.29508196721311475,6108.759,6092.0,0.023309982208244248,0.026433547909312214,0.023255081132135563,-0.003123565701067966,5.490107610868489e-05,6086.387542322032,6092.098693133883,5.61245767796845,-0.09869313388298906,-0.20766312954932925
2023-08-29,IM2403,2024-03-15,130.0,0.5327868852459017,6108.759,6077.8,0.023536373071826648,0.03056543518837142,0.02824477478184577,-0.007029062116544773,-0.004708401710019121,6055.08125426035,6062.572492455804,22.71874573965033,15.22750754419576,-0.6764292792720323
2023-08-30,IM2309,2023-09-15,12.0,0.04918032786885246,6139.627,6128.2,0.05187941698181249,0.03988977853197715,0.05125028877500801,0.01198963844983534,0.0006291282068044829,6131.81458536088,6128.3896139240505,-3.6145853608804828,-0.1896139240507182,0.1747069375359158
2023-08-30,IM2310,2023-10-20,31.0,0.12704918032786885,6139.627,6129.8,0.026608252453755483,0.023860115766972133,0.02788838275787053,0.0027481366867833507,-0.0012801303041150465,6131.940584227114,6128.803133424178,-2.140584227114232,0.9968665758224233,0.0895919884744428
2023-08-30,IM2312,2023-12-15,71.0,0.29098360655737704,6139.627,6120.0,0.025003694131513973,0.022228393208837387,0.023207183397909607,0.002775300922676586,0.001796510733604366,6124.944306640095,6123.200098016618,-4.944306640095419,-3.2000980166176305,0.18260830768593322
2023-08-30,IM2403,2024-03-15,129.0,0.5286885245901639,6139.627,6105.0,0.024697950309765626,0.027718378278710404,0.027765395817437487,-0.0030204279689447777,-0.0030674455076718614,6095.258915143773,6095.107403316647,9.741084856226735,9.892596683353077,-0.28959478884115286
2023-08-31,IM2309,2023-09-15,11.0,0.045081967213114756,6104.295,6110.6,-0.008899316949877148,0.04602852602699718,-0.00715681054642078,-0.05492784297687433,-0.0017425064034563686,6095.487314032178,6110.119996903231,15.112685967822472,0.48000309676899633,-0.7535241644753918
2023-08-31,IM2310,2023-10-20,30.0,0.12295081967213115,6104.295,6110.0,0.0064022352430633854,0.025195006216361983,0.0033716301644163187,-0.0187927709732986,0.0030306050786470667,6095.8986134152,6112.277104178441,14.101386584799911,-2.2771041784408226,-0.5945888188102326
2023-08-31,IM2312,2023-12-15,70.0,0.28688524590163933,6104.295,6102.0,0.01531075226020321,0.021986004889263645,0.013139435303276607,-0.006675252629060435,0.0021713169569266035,6090.325659768576,6105.802234630987,11.67434023142414,-3.8022346309871864,-0.4345974640912624
2023-08-31,IM2403,2024-03-15,128.0,0.5245901639344263,6104.295,6086.2,0.01965910064904314,0.027133174855049305,0.022634988328386507,-0.007474074206006164,-0.0029758876793433663,6062.383790052658,6076.706115382875,23.81620994734203,9.493884617124422,-0.7139283709026425
2023-09-01,IM2309,2023-09-15,10.0,0.040983606557377046,6107.2,6103.0,0.030785966493875216,-0.0056227279502833495,0.031613555790162354,0.03640869444415856,-0.0008275892962871373,6112.113447758228,6102.793004433562,-9.113447758228176,0.20699556643830874,0.4691259420657161
2023-09-01,IM2310,2023-10-20,29.0,0.11885245901639344,6107.2,6101.0,0.022545980853224814,0.004263673842768422,0.01958539452688124,0.01828230701045639,0.002960586326343575,6114.271258798233,6103.147154700256,-13.271258798233248,-2.147154700255669,0.5607956219372525
2023-09-01,IM2312,2023-12-15,69.0,0.2827868852459016,6107.2,6095.0,0.021071190991953412,0.013655914604886306,0.020186870182606453,0.007415276387067106,0.0008843208093469584,6107.794276798939,6096.524393622398,-12.794276798938881,-1.524393622397838,0.47759575058112197
2023-09-01,IM2403,2024-03-15,127.0,0.5204918032786885,6107.2,6078.0,0.02320803840528622,0.022990363327096586,0.026574579188296456,0.00021767507818963583,-0.0033665407830102342,6078.6886648266545,6067.3591081759905,-0.6886648266545308,10.640891824009486,0.020713711670441594
2023-09-04,IM2309,2023-09-15,9.0,0.036885245901639344,6198.762,6198.0,0.01733291333538206,0.0289192512700096,0.018444393148580086,-0.01158633793462754,-0.0011114798131980248,6195.3517581253245,6197.745904524458,2.6482418746754774,0.25409547554227174,-0.1398809687925805
2023-09-04,IM2310,2023-10-20,28.0,0.11475409836065574,6198.762,6196.6,0.017039892809154654,0.018289790886000655,0.014593735122978235,-0.001249898076846001,0.0024461576861764187,6195.711279655189,6198.3396707969205,0.8887203448111904,-1.7396707969201088,-0.03713014680291859
2023-09-04,IM2312,2023-12-15,68.0,0.2786885245901639,6198.762,6186.8,0.020931051482990883,0.019662231560710428,0.018519267659089084,0.0012688199222804543,0.002411783823901798,6188.988073664499,6190.959771757267,-2.1880736644989156,-4.159771757266753,0.08082550900957865
2023-09-04,IM2403,2024-03-15,126.0,0.5163934426229508,6198.762,6171.8,0.022441364209581455,0.026342136987635812,0.025963870483261233,-0.0039007727780543573,-0.0035225062736797784,6159.380449362748,6160.5837054073445,12.419550637252541,11.216294592655686,-0.3697668948075754
2023-09-05,IM2309,2023-09-15,8.0,0.03278688524590164,6167.642,6162.2,0.04092346110810176,0.017325276208977662,0.04172390479751244,0.023598184899124096,-0.0008004436894106792,6166.969606713406,6162.038281003963,-4.769606713406574,0.16171899603705242,0.2662799991212991
2023-09-05,IM2310,2023-10-20,27.0,0.11065573770491803,6167.642,6159.4,0.02608453258426352,0.0141195279547404,0.024267200105629848,0.01196500462952312,0.0018173324786336723,6167.560424506227,6160.6387692130775,-8.160424506227173,-1.2387692130778305,0.34383582959257697
2023-09-05,IM2312,2023-12-15,67.0,0.27459016393442626,6167.642,6147.0,0.0262088682970585,0.018386759285860556,0.023162971328748706,0.007822109011197943,0.003045896968309793,6160.217172011005,6152.143337544666,-13.21717201100455,-5.143337544665883,0.4927043217162005
2023-09-05,IM2403,2024-03-15,125.0,0.5122950819672131,6167.642,6130.6,0.02575878676876838,0.02595240281780413,0.028913208649063313,-0.0001936160490357483,-0.0031544218802949317,6129.991944833696,6120.700982717246,0.6080551663044389,9.899017282754357,-0.018281935344319503
2023-09-06,IM2309,2023-09-15,7.0,0.028688524590163935,6195.383,6178.8,0.10742618353724316,0.038349788899681936,0.10517371857646231,0.06907639463756123,0.0022524649607808533,6191.0566675163855,6179.199286316756,-12.256667516385278,-0.3992863167559335,0.7266573033605551
2023-09-06,IM2310,2023-10-20,26.0,0.10655737704918032,6195.383,6178.6,0.039456976396299234,0.02268737256806462,0.045093623374248895,0.016769603828234614,-0.005636646977949661,6189.650565118265,6174.890084483768,-11.050565118264785,3.709915516232286,0.46561916147387705
2023-09-06,IM2312,2023-12-15,66.0,0.27049180327868855,6195.383,6166.0,0.03157542261964843,0.022523884287027843,0.02945319403879,0.009051538332620585,0.0021222285808584276,6181.115126603337,6169.54058028693,-15.115126603336648,-3.5405802869299805,0.5636305085526996
2023-09-06,IM2403,2024-03-15,124.0,0.5081967213114754,6195.383,6149.8,0.02853133392566736,0.028619422298795057,0.031108213945472148,-8.808837312769546e-05,-0.0025768800198047864,6149.5247028474805,6141.751726758647,0.2752971525196699,8.048273241352945,-0.00828470801357291
2023-09-07,IM2309,2023-09-15,6.0,0.02459016393442623,6083.489,6077.2,0.056062203789147266,0.09497528263165288,0.057391494946252244,-0.03891307884250561,-0.0013292911571049781,6071.387636322377,6077.001354847772,5.81236367762267,0.19864515222798218,-0.38063059200397076
2023-09-07,IM2310,2023-10-20,25.0,0.10245901639344263,6083.489,6073.0,0.03084247242846755,0.04024279493940611,0.028623985065594538,-0.009400322510938558,0.002218487362873011,6067.153619337499,6074.38057429201,5.84638066250136,-1.3805742920103512,-0.2518713971324967
2023-09-07,IM2312,2023-12-15,65.0,0.26639344262295084,6083.489,6059.8,0.028645945483510918,0.027346868804843404,0.02434300653101978,0.0012990766786675143,0.004302938952491137,6061.8974506761215,6066.750178199791,-2.097450676121298,-6.950178199790571,0.07994820405290942
2023-09-07,IM2403,2024-03-15,123.0,0.5040983606557377,6083.489,6044.8,0.026656223957443798,0.03000857069100185,0.02933371573834098,-0.0033523467335580537,-0.002677491780897181,6034.593443486582,6036.646720831097,10.206556513418036,8.153279168903282,-0.31402104379149326
2023-09-08,IM2310,2023-10-20,24.0,0.09836065573770492,6102.488,6072.2,0.06458505569344926,0.02641499185090372,0.06464538417551025,0.03817006384254554,-6.032848206098673e-05,6095.040514837955,6072.163967981453,-22.840514837955197,0.036032018546393374,0.9856411703194329
2023-09-08,IM2312,2023-12-15,64.0,0.26229508196721313,6102.488,6057.2,0.04239896851898398,0.023447743785907974,0.0388300830286046,0.01895122473307601,0.0035688854903793837,6087.384166547371,6062.872806402946,-30.184166547371206,-5.672806402945753,1.1523961943225567
2023-09-08,IM2403,2024-03-15,122.0,0.5,6102.488,6037.0,0.03557871412309104,0.028904977160637432,0.037490343069008406,0.006673736962453609,-0.0019116289459173638,6057.178322502067,6031.232504793533,-20.178322502067203,5.767495206467174,0.6225905534272982
2023-09-11,IM2310,2023-10-20,23.0,0.0942622950819672,6182.643,6155.4,0.060849109756764795,0.05793319908626652,0.06077864146637406,0.0029159106704982757,7.046829039073638e-05,6157.092108439647,6155.440887397425,-1.6921084396471997,-0.0408873974256494,0.07214822712816708
2023-09-11,IM2312,2023-12-15,63.0,0.2581967213114754,6182.643,6144.6,0.037905038720645746,0.03596983607305681,0.03641448314423402,0.0019352026475889378,0.0014905555764117284,6147.67099630649,6146.965244746336,-3.0709963064900876,-2.36524474633552,0.11623777307308743
2023-09-11,IM2403,2024-03-15,121.0,0.4959016393442623,6182.643,6124.6,0.03302071101130681,0.03599005134868521,0.03585794554709491,-0.002969340337378397,-0.0028372345357881024,6115.588158561132,6115.988812937924,9.011841438868032,8.61118706207617,-0.2746507513966228
2023-09-12,IM2310,2023-10-20,22.0,0.09016393442622951,6184.606,6164.8,0.049575271198548286,0.05451176980875656,0.049722747539669654,-0.004936498610208277,-0.00014747634112136782,6162.056694224257,6164.718026908729,2.7433057757434653,0.08197309127081098,-0.11741313407668107
2023-09-12,IM2312,2023-12-15,62.0,0.2540983606557377,6184.606,6155.0,0.03288458335778788,0.033797784196012655,0.03153386038638757,-0.0009132008382247772,0.001350722971400306,6153.571942036492,6157.112860076242,1.4280579635078539,-2.112860076242214,-0.054091885560109056
2023-09-12,IM2403,2024-03-15,120.0,0.4918032786885246,6184.606,6134.0,0.030706345755049727,0.034501346610537706,0.03301613819954963,-0.003795000855487979,-0.0023097924444999,6122.562217066343,6127.035956106295,11.437782933657218,6.964043893704911,-0.3478715777111864
2023-09-13,IM2310,2023-10-20,21.0,0.0860655737704918,6103.137,6082.0,0.05431010170093642,0.044850181843029094,0.05534963637022699,0.009459919857907326,-0.001039534669290569,6086.953819163977,6081.455879066391,-4.953819163976732,0.5441209336086104,0.2159648015622317
2023-09-13,IM2312,2023-12-15,61.0,0.25,6103.137,6065.6,0.03867774202750985,0.02955824125880175,0.034452563738108954,0.0091195007687081,0.004225178289400895,6079.444586934,6072.010445421358,-13.84458693399938,-6.410445421357508,0.5330431783000024
2023-09-13,IM2403,2024-03-15,119.0,0.48770491803278687,6103.137,6044.6,0.033761108493711556,0.0320158819897213,0.03523005957474607,0.0017452265039902548,-0.0014689510810345155,6049.7470850061945,6040.271110731482,-5.147085006194175,4.328889268518651,0.15902863202543996
2023-09-14,IM2310,2023-10-20,20.0,0.08196721311475409,6068.713,6058.8,0.03394450584132081,0.050101065875891894,0.03549107005302516,-0.016156560034571082,-0.0015465642117043488,6050.781592074103,6058.031989397994,8.018407925897009,0.768010602006143,-0.3534730802311835
2023-09-14,IM2312,2023-12-15,60.0,0.2459016393442623,6068.713,6041.0,0.03261311330456541,0.032354755696128626,0.028976789547067425,0.00025835760843678085,0.0036363237574979813,6041.383800301042,6046.404144909426,-0.3838003010423563,-5.404144909425668,0.014902444381478575
2023-09-14,IM2403,2024-03-15,118.0,0.48360655737704916,6068.713,6011.6,0.03355229930086094,0.03416996646726994,0.033402372096486,-0.000617667166409,0.00014992720437494167,6009.804555806768,6012.035891544165,1.7954441932324698,-0.4358915441644058,-0.05600656109405009
2023-09-15,IM2310,2023-10-20,19.0,0.0778688524590164,6079.063,6067.4,0.03866191511303098,0.033203028386898,0.04021466467046177,0.005458886726132976,-0.0015527495574307881,6069.9796619156705,6066.666430002325,-2.5796619156708402,0.7335699976747492,0.11426269603890749
2023-09-15,IM2312,2023-12-15,59.0,0.24180327868852458,6079.063,6043.8,0.03805930596359147,0.028129551035840757,0.032395029246024505,0.009929754927750715,0.005664276717566967,6058.328884950305,6052.083505770415,-14.528884950304928,-8.283505770415104,0.5651108352598394
2023-09-15,IM2403,2024-03-15,117.0,0.47950819672131145,6079.063,6018.6,0.03484614651534801,0.03301295765534964,0.03628831507932028,0.0018331888599983706,-0.0014421685639722723,6023.8928503919215,6014.439386390284,-5.2928503919210925,4.160613609716165,0.16545197300823797
2023-09-18,IM2310,2023-10-20,18.0,0.07377049180327869,6083.969,6083.6,0.014822185598705998,0.03779698327295414,0.01793032238971658,-0.02297479767424814,-0.0031081367910105826,6073.297869596841,6082.20525868541,10.302130403159026,1.3947413145906467,-0.45929612042129125
2023-09-18,IM2311,2023-11-17,38.0,0.1557377049180328,6083.969,6071.2,0.0274906312224558,0.03170729548957347,0.023275105010580114,-0.00421666426711767,0.004215526211875684,6067.214390527739,6075.18715090134,3.985609472260876,-3.987150901340101,-0.1650573225695705
2023-09-18,IM2312,2023-12-15,58.0,0.23770491803278687,6083.969,6060.0,0.0306066356703618,0.03150989302913529,0.02680275782295108,-0.0009032573587734877,0.003803877847410722,6058.699004850933,6065.481932869519,1.3009951490666936,-5.481932869519369,-0.05070403537369342
2023-09-18,IM2403,2024-03-15,116.0,0.47540983606557374,6083.969,6033.8,0.031417149888634914,0.035879309779783396,0.034509321034992,-0.004462159891148482,-0.003092171146357084,6021.013736891654,6024.93653734794,12.786263108346247,8.863462652059752,-0.4008718912210879
2023-09-19,IM2310,2023-10-20,17.0,0.06967213114754098,6031.042,6039.2,-0.005401651093179428,0.018681345552561512,-0.004235196669092292,-0.024082996645740942,-0.001166454424087136,6029.075240190597,6038.709217990232,10.124759809403258,0.4907820097678268,-0.45927986840037327
2023-09-19,IM2311,2023-11-17,37.0,0.15163934426229508,6031.042,6030.8,0.01426461827175428,0.023764623291370034,0.011834020592590621,-0.009500005019615754,0.002430597679163659,6022.118437834493,6033.023207199223,8.681562165506875,-2.2232071992229976,-0.36368979349669234
2023-09-19,IM2312,2023-12-15,57.0,0.2336065573770492,6031.042,6021.6,0.02070697665015008,0.027182403949294894,0.018871313289526497,-0.006475427299144812,0.0018356633606235843,6012.497998002618,6024.182754298475,9.102001997382104,-2.582754298474356,-0.3594121220698592
2023-09-19,IM2403,2024-03-15,115.0,0.4713114754098361,6031.042,6001.6,0.02438315079023661,0.03476450705598016,0.029983967274425972,-0.010381356265743547,-0.00560081648418936,5972.306779547139,5985.778293646037,29.293220452861533,15.821706353963236,-0.9328313111106182
2023-09-20,IM2310,2023-10-20,16.0,0.06557377049180328,5982.558,5987.2,0.0021717736400516195,-0.00099169352202743,0.0017559593783273986,0.0031634671620790495,0.0004158142617242209,5988.442116408007,5987.363252268128,-1.2421164080069502,-0.1632522681284172,0.05740282361176143
2023-09-20,IM2311,2023-11-17,36.0,0.14754098360655737,5982.558,5983.2,0.013272702433475822,0.013721944692999533,0.013018589606788804,-0.00044924225952371055,0.00025411282668701823,5982.803436805122,5983.424326677039,0.3965631948776718,-0.2243266770392438,-0.01677945592844161
2023-09-20,IM2312,2023-12-15,56.0,0.22950819672131148,5982.558,5974.0,0.020237319291917712,0.020210644723663226,0.01854389261113654,2.667456825448597e-05,0.0016934266807811724,5974.036573131468,5976.322278038422,-0.036573131467775966,-2.322278038422155,0.0014595596368473962
2023-09-20,IM2403,2024-03-15,114.0,0.4672131147540984,5982.558,5960.8,0.021798444274232418,0.03073936389106242,0.028493710949449264,-0.008940919616830002,-0.006695266675216846,5935.951796844536,5942.183056941319,24.848203155464034,18.6169430586815,-0.8001132075972235
2023-09-21,IM2310,2023-10-20,15.0,0.06147540983606557,5939.664,5941.8,0.00815129307729641,0.0037638678978639834,0.009039433764915866,0.004387425179432426,-0.000888140687619457,5943.402831081383,5941.475593630505,-1.6028310813826465,0.3244063694955912,0.07560141080850938
2023-09-21,IM2311,2023-11-17,35.0,0.14344262295081966,5939.664,5936.2,0.018066909027636087,0.014200911264546229,0.016267183091180106,0.003865997763089858,0.0017997259364559808,5939.4928258715545,5937.732671837602,-3.292825871554669,-1.5326718376018107,0.14076618340299882
2023-09-21,IM2312,2023-12-15,55.0,0.22540983606557377,5939.664,5927.2,0.023319202899245096,0.019396739175243052,0.020502042986223865,0.003922463724002043,0.002817159913021231,5932.442921897674,5930.965059501797,-5.242921897674023,-3.765059501797623,0.21148540945043118
2023-09-21,IM2403,2024-03-15,113.0,0.46311475409836067,5939.664,5911.2,0.024372611935334285,0.028996864749132194,0.029288069010621816,-0.00462425281379791,-0.004915457075287531,5898.554357805196,5897.758926562743,12.645642194804168,13.441073437256819,-0.4119331774538336
2023-09-22,IM2310,2023-10-20,14.0,0.05737704918032787,6054.928,6065.0,-0.014967269745906715,0.010091031165594327,-0.014737400009255195,-0.02505830091150104,-0.0002298697366515199,6056.286182418492,6064.920007743344,8.71381758150801,0.0799922566557143,-0.4091995099776626
2023-09-22,IM2311,2023-11-17,34.0,0.13934426229508196,6054.928,6062.4,0.005149435744940865,0.01691277464811433,0.00422519118452299,-0.011763338903173466,0.0009242445604178747,6052.470933970693,6063.180815719757,9.929066029306341,-0.7808157197578112,-0.4172059124896264
2023-09-22,IM2312,2023-12-15,54.0,0.22131147540983606,6054.928,6056.0,0.01320008576312231,0.020986949890498076,0.012005428606800025,-0.007786864127375765,0.001194657156322285,6045.572547125305,6057.6013656264395,10.427452874694609,-1.601365626439474,-0.4135353679045518
2023-09-22,IM2403,2024-03-15,112.0,0.45901639344262296,6054.928,6042.0,0.018656485043316337,0.029600310071829013,0.024141604259914323,-0.010943825028512676,-0.005485119216597986,6011.724752764938,6026.8068306529,30.275247235062125,15.193169347099683,-0.9702799493781598
2023-09-25,IM2310,2023-10-20,13.0,0.05327868852459016,6027.394,6031.4,0.0015295089662339893,-0.01125849891693496,0.0026532200945769014,0.01278800788316895,-0.0011237111283429121,6035.510763672182,6031.038911764613,-4.110763672182657,0.3610882353868874,0.19748244694206424
2023-09-25,IM2311,2023-11-17,33.0,0.13524590163934427,6027.394,6027.0,0.014483344433947058,0.006170291347975759,0.012562947540577052,0.008313053085971299,0.001920396893370006,6033.780005118888,6028.565570753712,-6.780005118887857,-1.565570753711654,0.28694097756794074
2023-09-25,IM2312,2023-12-15,53.0,0.21721311475409835,6027.394,6018.2,0.021027814910449586,0.01336332564106828,0.017568660664039122,0.0076644892693813055,0.003459154246410464,6028.227610190249,6022.723616260679,-10.027610190249106,-4.523616260678864,0.40077176594510394
2023-09-25,IM2403,2024-03-15,111.0,0.45491803278688525,6027.394,6002.6,0.023061052448970526,0.0248993044263047,0.02715380197283084,-0.0018382519773341745,-0.0040927495238603125,5997.5824001861965,5991.434363459624,5.017599813803827,11.165636540376,-0.16219341630726145
2023-09-26,IM2310,2023-10-20,12.0,0.04918032786885246,5996.11,6007.2,-0.023572424744340653,0.00417064766402281,-0.022417012091033396,-0.02774307240836346,-0.001155412653307257,5999.00928487214,6006.858659129788,8.19071512786013,0.3413408702117522,-0.4042659341369223
2023-09-26,IM2311,2023-11-17,32.0,0.13114754098360656,5996.11,6003.8,0.004227217032995431,0.013441661861806762,0.002204815905899757,-0.00921444482881133,0.0020224011270956743,5996.54907927471,6005.392616691222,7.250920725290598,-1.592616691222247,-0.30926108219951715
2023-09-26,IM2312,2023-12-15,52.0,0.21311475409836064,5996.11,5997.0,0.013303574493384707,0.018205671652554753,0.011252760004513808,-0.004902097159170046,0.0020508144888708984,5990.738150219492,5999.621614634681,6.261849780507873,-2.6216146346805544,-0.2522848940545155
2023-09-26,IM2403,2024-03-15,110.0,0.45081967213114754,5996.11,5978.0,0.02070969338968085,0.027542072088390882,0.02423484040153172,-0.006832378698710031,-0.0035251470118508703,5959.615068306676,5968.507273747899,18.38493169332378,9.49272625210142,-0.5998802110284708
2023-09-27,IM2310,2023-10-20,11.0,0.045081967213114756,6034.061,6050.2,-0.04524939497460968,-0.018065731087694402,-0.04295499691821228,-0.02718366388691528,-0.0022943980563974037,6042.790063324994,6049.5742240106265,7.409936675006065,0.6257759893733237,-0.3729230295141664
2023-09-27,IM2311,2023-11-17,31.0,0.12704918032786885,6034.061,6045.4,-0.0007769721579436017,0.004543071358598541,-0.003902608160822812,-0.005320043516542142,0.00312563600287921,6041.315251416991,6047.801162454604,4.084748583009059,-2.4011624546046733,-0.17345575315461798
2023-09-27,IM2312,2023-12-15,51.0,0.20901639344262296,6034.061,6034.4,0.013731219688513863,0.01285146320318589,0.008740657367600737,0.0008797564853279729,0.004990562320913126,6035.509728786673,6040.697823074604,-1.1097287866732586,-6.297823074603912,0.04454440582538695
2023-09-27,IM2403,2024-03-15,109.0,0.44672131147540983,6034.061,6015.6,0.02085920933681823,0.0251019591495069,0.024347341772432692,-0.00424274981268867,-0.0034881324356144626,6004.209270326279,6006.233652466971,11.39072967372158,9.366347533029511,-0.37065451162986446
2023-09-28,IM2310,2023-10-20,10.0,0.040983606557377046,6078.945,6075.0,0.02983979578325291,-0.03602333062111119,0.03208241731932929,0.06586312640436409,-0.002242621536076378,6091.420450850239,6074.4416680426875,-16.42045085023892,0.5583319573124754,0.8486559001839722
2023-09-28,IM2311,2023-11-17,30.0,0.12295081967213115,6078.945,6064.0,0.034020304471623325,-0.00029030643654280944,0.02861752053657292,0.03431061090816613,0.0054027839350504064,6089.635124639993,6068.029512196994,-25.635124639992682,-4.029512196993892,1.085658091079419
2023-09-28,IM2312,2023-12-15,50.0,0.20491803278688525,6078.945,6054.0,0.034066318856826976,0.011160903712737215,0.029726422343990477,0.02290541514408976,0.004339896512836498,6082.482649909302,6059.386356530995,-28.48264990930238,-5.386356530994817,1.140537952870643
2023-09-28,IM2403,2024-03-15,108.0,0.4426229508196721,6078.945,6034.4,0.03061624552915375,0.025612332528559142,0.0354854584336469,0.005003913000594606,-0.004869212904493152,6047.780083102583,6021.408512763373,-13.38008310258374,12.991487236626199,0.43493559478839666
2023-10-09,IM2310,2023-10-20,9.0,0.036885245901639344,6059.965,6055.0,0.03622155395457468,0.031071191573936972,0.038602592712024375,0.0051503623806377075,-0.0023810387574496952,6056.150392046313,6054.468241764806,-1.1503920463128452,0.5317582351935926,0.0621804486986268
2023-10-09,IM2311,2023-11-17,29.0,0.11885245901639344,6059.965,6043.0,0.03758762393951406,0.028184212657563018,0.031948447991001244,0.00940341128195104,0.005639175948512813,6049.757544396947,6047.051557042485,-6.757544396947196,-4.051557042485001,0.28846561667377557
2023-10-09,IM2312,2023-12-15,49.0,0.20081967213114754,6059.965,6032.4,0.03670237240312045,0.029492605472891106,0.03225587934384052,0.007209766930229344,0.004446493059279931,6041.14041488354,6037.788996708124,-8.740414883540325,-5.388996708124068,0.35289568940745414
2023-10-09,IM2403,2024-03-15,107.0,0.4385245901639344,6059.965,6017.6,0.02999799853966932,0.03543220618510285,0.037275270977814794,-0.0054342076454335295,-0.007277272438145473,6003.276929481685,5998.426865819903,14.323070518315035,19.173134180097804,-0.4699024474587884
2023-10-10,IM2310,2023-10-20,8.0,0.03278688524590164,6043.482,6033.8,0.06290190744257326,0.03709341147824863,0.06325093889883898,0.025808495964324635,-0.0003490314562657193,6038.9078428368675,6033.730951673745,-5.1078428368673485,0.06904832625514246,0.2912226870131935
2023-10-10,IM2311,2023-11-17,28.0,0.11475409836065574,6043.482,6024.2,0.04184776730734003,0.03127960532702877,0.0402121591948565,0.010568161980311262,0.0016356081124835262,6031.510219503326,6025.330804688077,-7.310219503326152,-1.1308046880767506,0.31396635775252146
2023-10-10,IM2312,2023-12-15,48.0,0.19672131147540983,6043.482,6015.0,0.03801359793870099,0.03187212594304074,0.03665918763297376,0.006141471995660251,0.0013544103057272286,6022.271464584755,6016.602858374695,-7.271464584755449,-1.6028583746947334,0.29536334004716536
2023-10-10,IM2403,2024-03-15,106.0,0.4344262295081967,6043.482,5990.0,0.034461296246065865,0.03714884860418824,0.03882055195628893,-0.002687552358122375,-0.004359255710223067,5983.010497074526,5978.667022062595,6.989502925473971,11.332977937405303,-0.23117794218701448
2023-10-11,IM2310,2023-10-20,7.0,0.028688524590163935,6059.401,6040.4,0.12347636508421034,0.05907107255341504,0.12251231038212948,0.0644052925307953,0.0009640547020808576,6051.571120922703,6040.567063507618,-11.171120922703267,-0.16706350761796784,0.6775217855316721
2023-10-11,IM2311,2023-11-17,27.0,0.11065573770491803,6059.401,6030.2,0.057655871141722485,0.038275202005154656,0.059067215993813364,0.01938066913656783,-0.001411344852090879,6043.146136892568,6029.258316663422,-12.946136892568575,0.9416833365776256,0.5569747071974985
2023-10-11,IM2312,2023-12-15,47.0,0.19262295081967212,6059.401,6021.2,0.0468329271259369,0.03547087240565818,0.04636928222251081,0.011362054720278722,0.00046364490342609005,6034.392384317576,6021.7377692533155,-13.192384317576398,-0.5377692533156733,0.536658197221852
2023-10-11,IM2403,2024-03-15,105.0,0.430327868852459,6059.401,5995.2,0.03875275719970456,0.03830922384809352,0.041965548780154995,0.00044353335161103485,-0.0032127915804504373,5996.344381628514,5986.9170408722175,-1.1443816285145658,8.282959127782306,0.037948458552234894
2023-10-12,IM2310,2023-10-20,6.0,0.02459016393442623,6104.456,6093.0,0.09038928483446293,0.1120391533856986,0.09152076139790076,-0.02164986855123567,-0.0011314765634378304,6089.757109625588,6092.8304756362095,3.242890374412127,0.16952436379051505,-0.21177000446178368
2023-10-12,IM2311,2023-11-17,26.0,0.10655737704918032,6104.456,6081.0,0.05012926924356344,0.054210137672009474,0.047876187290432054,-0.004080868428446037,0.0022530819531313834,6078.356272457264,6082.46011696923,2.6437275427360873,-1.4601169692296025,-0.1133146907177992
2023-10-12,IM2312,2023-12-15,46.0,0.1885245901639344,6104.456,6071.0,0.043150892995946113,0.043347935045593325,0.04017709363583566,-0.0001970420496472114,0.0029737993601104545,6070.774483102478,6074.404565138096,0.2255168975216293,-3.404565138095677,-0.009135794103307034
2023-10-12,IM2403,2024-03-15,104.0,0.4262295081967213,6104.456,6047.0,0.03618690829784099,0.04058684009188038,0.03965472087301431,-0.004399931794039386,-0.0034678125751733194,6035.670199681444,6038.068628044381,11.329800318556408,8.931371955619397,-0.37441332123029003
2023-10-13,IM2311,2023-11-17,25.0,0.10245901639344263,6081.866,6072.0,0.029845522922603555,0.04473278059341211,0.030800553424591537,-0.014887257670808555,-0.0009550305019879815,6062.74523339995,6071.40587484635,9.254766600050061,0.5941251536496566,-0.398908961688697
2023-10-13,IM2312,2023-12-15,45.0,0.18442622950819673,6081.866,6061.0,0.0326348429192265,0.038259665611833554,0.029813518906610645,-0.005624822692607057,0.002821324012615853,6054.715791771495,6064.1545174121275,6.284208228505122,-3.1545174121274613,-0.2558726777188072
2023-10-13,IM2403,2024-03-15,103.0,0.42213114754098363,6081.866,6039.6,0.030520392391475415,0.03881193802017047,0.03445994993501866,-0.008291545628695052,-0.003939557543543248,6018.49762918931,6029.564432063669,21.102370810690445,10.035567936331063,-0.7016751186921043
2023-10-16,IM2311,2023-11-17,24.0,0.09836065573770492,6024.359,6000.2,0.05485253030717252,0.029769724623272903,0.05466374765947608,0.025082805683899617,0.00018878264769644354,6015.021737010263,6000.311417458313,-14.82173701026295,-0.11141745831355365,0.6452924613536392
2023-10-16,IM2312,2023-12-15,44.0,0.18032786885245902,6024.359,5991.0,0.044792470453684355,0.02922881604866455,0.04246679154285048,0.015563654405019806,0.0023256789108338782,6007.837721728006,5993.513060800078,-16.837721728005818,-2.513060800078165,0.6940676612202937
2023-10-16,IM2403,2024-03-15,102.0,0.4180327868852459,6024.359,5969.6,0.03584316751488014,0.034253278418143955,0.03943023933607066,0.0015898890967361856,-0.0035870718211905225,5973.568868756407,5960.655211525518,-3.968868756406664,8.944788474482266,0.13316384292295638
2023-10-17,IM2311,2023-11-17,23.0,0.0942622950819672,6011.37,5994.4,0.043990527073892546,0.05034459624818792,0.04605578670963305,-0.006354069174295374,-0.0020652596357405018,5990.810734255454,5993.233147089883,3.589265744545628,1.1668529101170861,-0.1573513117328985
2023-10-17,IM2312,2023-12-15,43.0,0.1762295081967213,6011.37,5981.4,0.04236086735549094,0.03987289762247251,0.03793149688824596,0.0024879697330184303,0.004429370467244981,5984.02314187734,5986.070818528985,-2.6231418773404584,-4.6708185289853645,0.10868647773904427
2023-10-17,IM2403,2024-03-15,101.0,0.4139344262295082,6011.37,5957.0,0.03594955712400411,0.03829584338772383,0.03787008239180453,-0.0023462862637197157,-0.00192052526780042,5951.2173185719275,5952.266236479753,5.782681428072465,4.733763520246612,-0.19424258947813636
2023-10-18,IM2311,2023-11-17,22.0,0.09016393442622951,5908.008,5887.4,0.05275435035428229,0.04304603017272997,0.0543497137527289,0.009708320181552321,-0.0015953633984466115,5892.555734924858,5886.5531923221215,-5.155734924858734,0.8468076778781324,0.23109159850916078
2023-10-18,IM2312,2023-12-15,42.0,0.1721311475409836,5908.008,5874.4,0.04714212268140198,0.03616152227793037,0.04213338452579877,0.01098060040347161,0.0050087381556032096,5885.513722842043,5879.466855707934,-11.11372284204299,-5.066855707934337,0.4697794238555742
2023-10-18,IM2403,2024-03-15,100.0,0.4098360655737705,5908.008,5855.4,0.03582435154529851,0.037126078910507565,0.03957708163115004,-0.001301727365209053,-0.00375273008585153,5852.277007544614,5846.40129239502,3.122992455385429,8.998707604979245,-0.1068824805252659
2023-10-19,IM2311,2023-11-17,21.0,0.0860655737704918,5842.892,5830.4,0.03886791185612473,0.05029716625942468,0.04187153809384638,-0.011429254403299949,-0.00300362623772165,5824.667657428952,5828.89298499859,5.732342571047411,1.5070150014098544,-0.26111194744253746
2023-10-19,IM2312,2023-12-15,41.0,0.1680327868852459,5842.892,5815.0,0.042477143442599966,0.03975973021881539,0.03634864116930713,0.002717413223784576,0.006128502273292834,5817.6558197137765,5820.991309238605,-2.655819713776509,-5.991309238605027,0.11380722062467327
2023-10-19,IM2403,2024-03-15,99.0,0.4057377049180328,5842.892,5790.0,0.0364124799117497,0.038568231838413,0.038167324216663516,-0.002155751926663299,-0.0017548443049138149,5784.937875798039,5785.878949641996,5.062124201960614,4.12105035800414,-0.17579870124372182
2023-10-20,IM2311,2023-11-17,20.0,0.08196721311475409,5774.32,5766.2,0.031168033389773413,0.03977647169596191,0.03484497001149999,-0.008608438306188494,-0.0036769366217265786,5762.13274847865,5764.462396945936,4.067251521350045,1.7376030540635838,-0.1884589318758595
2023-10-20,IM2312,2023-12-15,40.0,0.16393442622950818,5774.32,5748.0,0.04186804727632847,0.035163035547251406,0.0340769001274698,0.006705011729077066,0.007791147148858674,5754.321573220904,5755.346250094658,-6.321573220903701,-7.346250094657989,0.27473548307387996
2023-10-20,IM2403,2024-03-15,98.0,0.4016393442622951,5774.32,5722.0,0.036662386191173284,0.0377019615448791,0.038706774518677635,-0.0010395753537058156,-0.002044388327504351,5719.611367075641,5717.303555368354,2.388632924358717,4.696444631646045,-0.08423766023433166
2023-10-23,IM2311,2023-11-17,19.0,0.0778688524590164,5638.136,5602.0,0.09657265118354096,0.034094860646817104,0.0984324546625944,0.06247779053672385,-0.001859803479053443,5629.320548080723,5601.188772829967,-27.3205480807228,0.8112271700329075,1.3085300437602507
2023-10-23,IM2312,2023-12-15,39.0,0.1598360655737705,5638.136,5585.0,0.07324246117371631,0.03369176813226455,0.06662051978829014,0.039550693041451764,0.006621941385426169,5620.418119847969,5590.91443338628,-35.41811984796914,-5.9144333862795975,1.5845159811340788
2023-10-23,IM2403,2024-03-15,97.0,0.3975409836065574,5638.136,5550.8,0.05327004650873902,0.03859965829783436,0.052431531693449704,0.014670388210904654,0.0008385148152893138,5583.267296686974,5552.650634331632,-32.467296686973896,-1.8506343316321363,1.1813275000858452
2023-10-23,IM2406,2024-06-21,161.0,0.6598360655737705,5638.136,5514.0,0.04774050463445557,0.04421873314344247,0.05283607112907043,0.003521771491013098,-0.005095566494614866,5526.828287592768,5495.4917486619315,-12.828287592767992,18.508251338068476,0.3683588376783392
2023-10-24,IM2311,2023-11-17,18.0,0.07377049180327869,5719.323,5675.2,0.11898285313159826,0.08988741073344526,0.11995525056805291,0.029095442398152996,-0.00097239743645465,5687.394246784064,5674.792908458898,-12.19424678406449,0.40709154110209056,0.5819688208482743
2023-10-24,IM2312,2023-12-15,38.0,0.1557377049180328,5719.323,5660.8,0.08004191814521656,0.0617357112198957,0.07648452250499377,0.018306206925320867,0.0035573956402227963,5676.96177942553,5663.937068916633,-16.161779425529858,-3.1370689166324155,0.7174622444282871
2023-10-24,IM2403,2024-03-15,96.0,0.39344262295081966,5719.323,5624.4,0.05653775527319555,0.05035015967580567,0.056153326728816094,0.006187595597389885,0.00038442854437945734,5638.109078788277,5625.2507580703195,-13.709078788277111,-0.8507580703198983,0.49951966966715766
2023-10-24,IM2406,2024-06-21,160.0,0.6557377049180327,5719.323,5580.4,0.05149972458104659,0.05158977628995663,0.05505185071082048,-9.00517089100425e-05,-0.0035521261297738888,5580.070485429783,5567.416906943685,0.3295145702168156,12.983093056314829,-0.009524640116973156
2023-10-25,IM2311,2023-11-17,17.0,0.06967213114754098,5778.905,5739.6,0.111954472839471,0.108851200656186,0.11464933178656195,0.0031032721832850024,-0.0026948589470909418,5740.841102187609,5738.522453575241,-1.2411021876087034,1.0775464247590207,0.05917348245505226
2023-10-25,IM2312,2023-12-15,37.0,0.15163934426229508,5778.905,5721.2,0.08018100876450313,0.0702077771924317,0.07429539379832367,0.009973231572071431,0.005885614966179453,5729.858912908052,5726.308397590753,-8.658912908052116,-5.108397590753157,0.38168906563647226
2023-10-25,IM2403,2024-03-15,95.0,0.38934426229508196,5778.905,5682.8,0.05707280465784652,0.05349468701996373,0.056349987729128484,0.003578117637882787,0.0007228169287180342,5690.722337004555,5684.399504912097,-7.92233700455472,-1.5995049120965632,0.28744486349272186
2023-10-25,IM2406,2024-06-21,159.0,0.6516393442622951,5778.905,5630.6,0.053896624091100194,0.0534564277651666,0.055773304378355225,0.0004401963259335964,-0.0018766802872550309,5632.215365031943,5623.718442551786,-1.615365031942929,6.881557448214153,0.04656998512766483
2023-10-26,IM2311,2023-11-17,16.0,0.06557377049180328,5811.692,5780.8,0.09527745357152846,0.10468605539027699,0.09790647420357136,-0.00940860181874853,-0.0026290206320429,5777.234592070991,5779.803506063573,3.5654079290088703,0.9964939364272141,-0.17070400429520793
2023-10-26,IM2312,2023-12-15,36.0,0.14754098360655737,5811.692,5762.0,0.07220154932990423,0.06874632823363487,0.06682389203984893,0.003455221096269362,0.005377657290055307,5764.938139924305,5766.573528098562,-2.938139924304778,-4.573528098561837,0.12901675773425128
2023-10-26,IM2403,2024-03-15,94.0,0.38524590163934425,5811.692,5718.4,0.05600616916639975,0.05403390510787326,0.05450653625693488,0.0019722640585264906,0.0014996329094648722,5722.746529373459,5721.704631045152,-4.346529373459816,-3.304631045152746,0.15744090971311495
2023-10-26,IM2406,2024-06-21,158.0,0.6475409836065574,5811.692,5667.4,0.05282579227346612,0.054391731911590885,0.05525649173818923,-0.0015659396381247637,-0.0024306994647231087,5661.656111868307,5658.486656331919,5.743888131692984,8.913343668080415,-0.1653556639785961
2023-10-27,IM2311,2023-11-17,15.0,0.06147540983606557,5916.678,5907.0,0.040629418554599804,0.09042645428055301,0.04201169020940849,-0.04979703572595321,-0.0013822716548086839,5888.944591736115,5906.498069768971,18.0554082638846,0.5019302310292915,-0.8579853498221562
2023-10-27,IM2312,2023-12-15,35.0,0.14344262295081966,5916.678,5892.6,0.04242820530540547,0.06273009543959185,0.03963331422451803,-0.02030189013418638,0.0027948910808874364,5875.4647896798515,5894.962855296505,17.13521032014887,-2.3628552965046765,-0.7390145462675325
2023-10-27,IM2403,2024-03-15,93.0,0.38114754098360654,5916.678,5850.0,0.04373515576520711,0.05283341543121539,0.04324176993885527,-0.00909825966600828,0.0004933858263518401,5829.748625045078,5851.100212293406,20.25137495492163,-1.1002122934060026,-0.7214116294879627
2023-10-27,IM2406,2024-06-21,157.0,0.6434426229508197,5916.678,5806.0,0.043347258742981114,0.05427018421391753,0.04816380229673316,-0.010922925470936415,-0.004816543553752044,5765.3368937643445,5788.034076460749,40.663106235655505,17.96592353925098,-1.150659553542228
2023-10-30,IM2311,2023-11-17,14.0,0.05737704918032787,6006.559,5975.0,0.10581268609689705,0.041089517771367184,0.10696564547070239,0.06472316832552986,-0.0011529593738053429,5997.2301575422725,5974.604746468833,-22.230157542272536,0.3952535311673273,1.0568326852171368
2023-10-30,IM2312,2023-12-15,34.0,0.13934426229508196,6006.559,5957.0,0.0734573471496,0.03918364392694544,0.0680132896736923,0.034273703222654564,0.005444057475907704,5985.517746009953,5961.52068379024,-28.517746009953044,-4.520683790239673,1.2152541169487336
2023-10-30,IM2403,2024-03-15,92.0,0.3770491803278688,6006.559,5919.0,0.05294590912988305,0.04311480978229949,0.05327601220996783,0.009831099347583555,-0.0003301030800847843,5940.981311340808,5918.263336943509,-21.981311340808134,0.7366630564911247,0.7741382759896475
2023-10-30,IM2406,2024-06-21,156.0,0.639344262295082,6006.559,5877.8,0.04789331516970555,0.04812047984772512,0.0538664702097746,-0.00022716467801957296,-0.005973155040069053,5876.9463912802885,5855.3960619123745,0.8536087197117013,22.403938087625647,-0.023870038511708318
2023-10-31,IM2311,2023-11-17,13.0,0.05327868852459016,5969.341,5945.0,0.09069118783483444,0.09833379033492246,0.09210588953744514,-0.007642602500088011,-0.0014147017026106962,5942.579761081746,5944.551921718429,2.4202389182537445,0.4480782815708153,-0.11801463538944575
2023-10-31,IM2312,2023-12-15,33.0,0.13524590163934427,5969.341,5928.8,0.06438751129877957,0.06343248747483929,0.0600382547064343,0.0009550238239402764,0.004349256592345266,5929.565831396692,5932.288459462459,-0.7658313966921924,-3.4884594624591045,0.03295631128837917
2023-10-31,IM2403,2024-03-15,91.0,0.3729508196721312,5969.341,5891.8,0.04905819445713317,0.05145289407781538,0.04957495362639354,-0.002394699620682207,-0.0005167591692603682,5886.5403519218535,5890.664607805454,5.259648078146711,1.1353921945465117,-0.18724086466012832
2023-10-31,IM2406,2024-06-21,155.0,0.6352459016393442,5969.341,5846.8,0.04665197455890649,0.052799932841864496,0.05139068787373462,-0.006147958282958006,-0.004738713314828127,5824.010057101064,5829.226144856001,22.789942898935806,17.573855143999026,-0.6443551345776307
2023-11-01,IM2311,2023-11-17,12.0,0.04918032786885246,5958.418,5936.2,0.08996150215409715,0.08519230755327624,0.09132773363877345,0.004769194600820911,-0.0013662314846762946,5937.592502299187,5935.80114995694,-1.392502299187072,0.39885004305961047,0.06949153320338723
2023-11-01,IM2312,2023-12-15,32.0,0.13114754098360656,5958.418,5920.2,0.06306517837782978,0.05644354787390188,0.05869300061884279,0.006621630503927903,0.004372177758986989,5925.3433971517925,5923.595618253463,-5.143397151792669,-3.395618253462999,0.22218730304331413
2023-11-01,IM2403,2024-03-15,90.0,0.36885245901639346,5958.418,5883.8,0.04816595881177634,0.048180576740603775,0.04867264998034964,-1.4617928827433124e-05,-0.0005066911685732978,5883.76827546558,5882.700454167417,0.03172453442039114,1.099545832583317,-0.0011347862211732401
2023-11-01,IM2406,2024-06-21,154.0,0.6311475409836066,5958.418,5836.6,0.046728597895110906,0.0505875827732558,0.050728086825262454,-0.003858984878144893,-0.0039994889301515485,5822.401739893964,5821.885439263491,14.198260106036287,14.714560736509156,-0.4033993069169908
2023-11-02,IM2311,2023-11-17,11.0,0.045081967213114756,5885.247,5877.4,0.04359550738774487,0.08456562262953857,0.04538812009510387,-0.0409701152417937,-0.0017926127073590037,5866.554382573173,5876.925040006888,10.84561742682672,0.4749599931119519,-0.5620270586620676
2023-11-02,IM2312,2023-12-15,31.0,0.12704918032786885,5885.247,5863.0,0.04380966073629976,0.05524080855040686,0.03923728859175976,-0.011431147814107104,0.004572372144539996,5854.491240008636,5866.406900754467,8.508759991364059,-3.406900754466733,-0.3726207764020436
2023-11-02,IM2403,2024-03-15,89.0,0.36475409836065575,5885.247,5827.4,0.041080653035814846,0.047357612848214714,0.041781843060105565,-0.006276959812399868,-0.0007011900242907196,5814.07315691689,5825.90976348047,13.326843083109452,1.4902365195293896,-0.4837282528795724
2023-11-02,IM2406,2024-06-21,153.0,0.6270491803278688,5885.247,5776.2,0.043826502452102366,0.049976564812745504,0.04674188964715607,-0.006150062360643138,-0.002915387195053701,5753.967607017621,5765.6502258060755,22.23239298237877,10.54977419392435,-0.6412040150787598
2023-11-03,IM2311,2023-11-17,10.0,0.040983606557377046,5973.167,5958.0,0.07603500451273036,0.04388494824817465,0.07622819955340737,0.032150056264555714,-0.00019319504067701054,5965.855585502082,5957.952825758384,-7.855585502082249,0.04717424161572126,0.41424166795086714
2023-11-03,IM2312,2023-12-15,30.0,0.12295081967213115,5973.167,5945.2,0.05217055655861052,0.03853120359267187,0.049573622929338056,0.013639352965938649,0.002596933629272463,5955.178284127473,5947.098576424595,-9.978284127472762,-1.898576424595376,0.43148657271328106
2023-11-03,IM2403,2024-03-15,88.0,0.36065573770491804,5973.167,5914.6,0.04132079658801484,0.04157004765664771,0.04374675409273381,-0.00024925106863286917,-0.0024259575047189744,5914.068337861655,5909.427369719004,0.5316621383453821,5.1726302809966,-0.019065891491315247
2023-11-03,IM2406,2024-06-21,152.0,0.6229508196721312,5973.167,5865.2,0.04328110825448261,0.04665190314112159,0.047158024358237564,-0.003370794886638981,-0.003876916103754957,5852.896943473045,5851.051882510092,12.303056526954606,14.148117489908145,-0.3505019562184945
2023-11-06,IM2311,2023-11-17,9.0,0.036885245901639344,6096.57,6085.8,0.061935950514723864,0.07105715136614565,0.0635676924284173,-0.00912120085142179,-0.0016317419136934325,6083.75285161258,6085.433723750365,2.0471483874198384,0.3662762496351206,-0.11011694917085181
2023-11-06,IM2312,2023-12-15,29.0,0.11885245901639344,6096.57,6071.0,0.04936301929820046,0.047049691539357896,0.044078494621551154,0.002313327758842562,0.005284524676649305,6072.669418717465,6074.814263810386,-1.6694187174653052,-3.8142638103863646,0.07095117416766392
2023-11-06,IM2403,2024-03-15,87.0,0.35655737704918034,6096.57,6039.8,0.040238186997694624,0.042838468125538084,0.04175438050743991,-0.002600281127843461,-0.0015161935097452867,6034.202798064146,6036.535706271543,5.597201935854173,3.2642937284572326,-0.19740175411512173
2023-11-06,IM2406,2024-06-21,151.0,0.6188524590163934,6096.57,5989.0,0.04276592701288014,0.04665729847161157,0.04599123898488115,-0.0038913714587314324,-0.003225311972001016,5974.594733489333,5977.0579245546305,14.405266510667389,11.942075445369483,-0.40354170536461353
2023-11-07,IM2311,2023-11-17,8.0,0.03278688524590164,6116.757,6098.0,0.10767176926662525,0.05985438698665068,0.10829710132125372,0.04781738227997457,-0.0006253320546284746,6107.567839078026,6097.874975876124,-9.567839078025827,0.12502412387584627,0.5395568343601839
2023-11-07,IM2312,2023-12-15,28.0,0.11475409836065574,6116.757,6082.4,0.0630849500293739,0.042321507430801174,0.05995085326743517,0.020763442598572733,0.003134096761938737,6096.909753731593,6084.587931307125,-14.509753731593264,-2.187931307124927,0.6167390327163751
2023-11-07,IM2403,2024-03-15,86.0,0.3524590163934426,6116.757,6049.4,0.045416306661932415,0.04115531358354328,0.046644702961505545,0.004260993078389133,-0.0012283962995731298,6058.49196831753,6046.781422608792,-9.0919683175307,2.618577391207509,0.32099126536365385
2023-11-07,IM2406,2024-06-21,150.0,0.6147540983606558,6116.757,5996.4,0.04632636433455267,0.045676019671696697,0.04868996017108466,0.0006503446628559756,-0.0023635958365319856,5998.797852294845,5987.693376569927,-2.3978522948455065,8.706623430072796,0.06725777243789624
2023-11-08,IM2311,2023-11-17,7.0,0.028688524590163935,6138.938,6110.6,0.17527685410248572,0.09992751888656551,0.1755227579848363,0.07534933521592022,-0.00024590388235057326,6123.8233343076845,6110.5568921936765,-13.223334307684127,0.04310780632386013,0.7926333783533837
2023-11-08,IM2312,2023-12-15,27.0,0.11065573770491803,6138.938,6091.0,0.0848457721026695,0.05599035974533753,0.08270135091816921,0.028855412357331967,0.0021444211845002836,6110.479749223121,6092.445520165735,-19.47974922312096,-1.445520165734706,0.829118846765953
2023-11-08,IM2403,2024-03-15,85.0,0.3483606557377049,6138.938,6056.6,0.052762059614073084,0.045230120897945945,0.053496019352811564,0.007531938716127139,-0.0007339597387384794,6072.51236204784,6055.051630138307,-15.912362047839451,1.5483698616935726,0.5629635373319334
2023-11-08,IM2406,2024-06-21,149.0,0.610655737704918,6138.938,6004.0,0.05039669274534442,0.04789671038455455,0.05248128502361777,0.002499982360789868,-0.002084592278273352,6013.172877958226,5996.361961235824,-9.172877958226309,7.63803876417569,0.25783023169477937
2023-11-09,IM2311,2023-11-17,6.0,0.02459016393442623,6100.693,6072.2,0.20437667536871726,0.16039690523020364,0.20361667674429643,0.04397977013851362,0.0007599986244208323,6078.77045289418,6072.313481314013,-6.570452894180562,-0.11348131401337014,0.43018501612977333
2023-11-09,IM2312,2023-12-15,26.0,0.10655737704918032,6100.693,6053.0,0.08765378720549709,0.07564071539530526,0.08908616226129934,0.01201307181019183,-0.0014323750558022513,6060.753294214997,6052.076200331411,-7.753294214997368,0.9237996685887992,0.3335144411582866
2023-11-09,IM2403,2024-03-15,84.0,0.3442622950819672,6100.693,6017.6,0.05383550550229795,0.05096290202948037,0.05389979885847908,0.002872603472817585,-6.429335618112625e-05,6023.553923056554,6017.46680924937,-5.953923056553322,0.13319075063009223,0.2129991996638543
2023-11-09,IM2406,2024-06-21,148.0,0.6065573770491803,6100.693,5967.6,0.05036512487022612,0.05103671347301631,0.05212065234654259,-0.0006715886027901935,-0.0017555274763164722,5965.169551303085,5961.248913591418,2.4304486969149366,6.351086408581978,-0.06906886002235717
2023-11-10,IM2312,2023-12-15,25.0,0.10245901639344263,6088.558,6043.8,0.0860123922772491,0.08094154739746579,0.08660955194016423,0.0050708448797833205,-0.0005971596629151255,6046.94089498878,6043.430225085834,-3.140894988780019,0.3697749141665554,0.13585333593118806
2023-11-10,IM2403,2024-03-15,83.0,0.3401639344262295,6088.558,6002.8,0.05570120227368786,0.05102266952114584,0.053708111275894393,0.004678532752542021,0.001993090997793469,6012.360870653793,6006.871144306899,-9.560870653793245,-4.071144306898532,0.3440936557812374
2023-11-10,IM2406,2024-06-21,147.0,0.6024590163934426,6088.558,5947.0,0.05304727244649567,0.05048404771041609,0.05244169345679069,0.002563224736079582,0.0006055789897049801,5956.19067698279,5949.170078637127,-9.190676982790137,-2.1700786371266076,0.2628639523405272
2023-11-13,IM2312,2023-12-15,24.0,0.09836065573770492,6144.635,6092.2,0.10112913583392373,0.07910212619259352,0.1022603875421288,0.02202700964133021,-0.0011312517082050638,6105.413615456172,6091.522154599075,-13.213615456172192,0.6778454009245252,0.5659075322434951
2023-11-13,IM2403,2024-03-15,82.0,0.3360655737704918,6144.635,6039.6,0.06530415051977982,0.051109578853870394,0.06085590624293925,0.014194571665909428,0.004448244276840568,6068.479572827576,6048.635360506459,-28.87957282757543,-9.035360506458346,1.034830463492096
2023-11-13,IM2406,2024-06-21,146.0,0.5983606557377049,6144.635,5979.0,0.05966813210163039,0.050973569645660084,0.05776631688972698,0.008694562455970306,0.0019018152119034126,6010.186706219431,5985.80780379271,-31.18670621943056,-6.807803792709819,0.8847407532720639
2023-11-14,IM2312,2023-12-15,23.0,0.0942622950819672,6181.98,6123.2,0.1153530681394736,0.09342004195302625,0.1166823600049301,0.021933026186447352,-0.0013292918654564945,6135.872550533734,6122.432798235594,-12.672550533734466,0.7672017644053994,0.5424749943438155
2023-11-14,IM2403,2024-03-15,81.0,0.3319672131147541,6181.98,6061.6,0.07323722612902163,0.05783451822011768,0.06789787827471576,0.015402707908903947,0.00533934785430587,6092.673511611319,6072.353643388192,-31.07351161131828,-10.753643388191449,1.1109501098204964
2023-11-14,IM2406,2024-06-21,145.0,0.5942622950819673,6181.98,5998.2,0.06478428252378171,0.05605719951592173,0.063208129142125,0.00872708300785998,0.001576153381656717,6029.388527846474,6003.820837152042,-31.188527846474244,-5.620837152042441,0.8811207553495843
2023-11-15,IM2312,2023-12-15,22.0,0.09016393442622951,6207.268,6153.4,0.11066935043314903,0.10679263992014651,0.11185952284155473,0.003876710513002521,-0.0011901724084057014,6155.551232138352,6152.739710216585,-2.1512321383524977,0.6602897834145551,0.09217543115516239
2023-11-15,IM2403,2024-03-15,80.0,0.32786885245901637,6207.268,6090.0,0.0721719845990919,0.06456839922977259,0.0684657716219291,0.007603585369319307,0.0037062129771627955,6105.201181188962,6097.404772486507,-15.201181188962437,-7.404772486506772,0.543296328940786
2023-11-15,IM2406,2024-06-21,144.0,0.5901639344262295,6207.268,6019.6,0.06601953192377678,0.061325850859291355,0.06461555752127379,0.004693681064485429,0.0014039744025029915,6036.297656434815,6024.58975732317,-16.697656434814235,-4.989757323169215,0.47169242934739547
2023-11-16,IM2312,2023-12-15,21.0,0.0860655737704918,6145.151,6088.8,0.1210381241290075,0.10323986742287532,0.12230184966017554,0.01779825670613218,-0.0012637255311680473,6098.134075641874,6088.137798256946,-9.334075641873824,0.6622017430545384,0.4062035811260619
2023-11-16,IM2403,2024-03-15,79.0,0.3237704918032787,6145.151,6016.2,0.07950159851075267,0.0656251828243102,0.07386553299333756,0.013876415686442475,0.005636065517415106,6043.29023611052,6027.18833451376,-27.09023611051998,-10.988334513760492,0.9825716211497845
2023-11-16,IM2406,2024-06-21,143.0,0.5860655737704918,6145.151,5949.2,0.06929510732856976,0.06301935661838884,0.06895396781585345,0.0062757507101809246,0.00034113951271631804,5971.121455030994,5950.389543204021,-21.921455030994366,-1.1895432040209926,0.6284013798129496
2023-11-17,IM2312,2023-12-15,20.0,0.08196721311475409,6199.228,6153.2,0.10492045693129085,0.11308738229829471,0.10655832682326712,-0.008166925367003863,-0.0016378698919762708,6149.082302555049,6152.373978315889,4.117697444950863,0.8260216841108559,-0.1786287689847586
2023-11-17,IM2403,2024-03-15,78.0,0.319672131147541,6199.228,6075.4,0.07711759932400636,0.07088187063558812,0.07226959781895335,0.006235728688418235,0.004848001505053004,6087.522712205312,6084.822778257071,-12.122712205312382,-9.422778257071514,0.43755638212805215
2023-11-17,IM2406,2024-06-21,142.0,0.5819672131147541,6199.228,5997.4,0.07087386753866828,0.06728046620260036,0.0694407752220023,0.0035934013360679196,0.001433092316665982,6009.955136675807,6002.403994424368,-12.555136675807262,-5.003994424368102,0.35861251455201826
2023-11-20,IM2312,2023-12-15,19.0,0.0778688524590164,6253.276,6213.8,0.09532727219415099,0.10009257865925492,0.09727482251474265,-0.0047653064651039245,-0.0019475503205916567,6211.494679525887,6212.857726879762,2.305320474113614,0.9422731202384966,-0.09972175713034741
2023-11-20,IM2401,2024-01-19,43.0,0.1762295081967213,6253.276,6181.4,0.07960027042003419,0.07723635216037737,0.0785402579264046,0.0023639182596568165,0.0010600124936295946,6183.975659192783,6182.554827257431,-2.5756591927829504,-1.1548272574309522,0.10320361012925797
2023-11-20,IM2403,2024-03-15,77.0,0.3155737704918033,6253.276,6128.2,0.07802438774149036,0.07022884529790731,0.07277667995851962,0.007795542443583048,0.005247707782970734,6143.29435210109,6138.3569456075065,-15.094352101090408,-10.156945607506714,0.5419947421250625
2023-11-20,IM2406,2024-06-21,141.0,0.5778688524590164,6253.276,6049.0,0.07147414341218536,0.06830625914599167,0.07116087261082575,0.003167884266193688,0.00031327080135960805,6060.083572152703,6050.095146197289,-11.0835721527028,-1.0951461972890684,0.3151084733937761
2023-11-21,IM2312,2023-12-15,18.0,0.07377049180327869,6212.125,6161.8,0.12426203805549085,0.0927125191829001,0.1224821968880245,0.03154951887259075,0.0017798411674663506,6176.157820149351,6162.609095966311,-14.357820149351028,-0.8090959663104513,0.6310007156301681
2023-11-21,IM2401,2024-01-19,42.0,0.1721311475409836,6212.125,6137.0,0.08468449954987219,0.07613892400827355,0.08911753367005426,0.00854557554159864,-0.004433034120182075,6146.033922467624,6132.318867060948,-9.033922467623597,4.681132939052077,0.3662394892023589
2023-11-21,IM2403,2024-03-15,76.0,0.3114754098360656,6212.125,6084.0,0.08090946499359916,0.07137379045155397,0.07835602466648983,0.009535674542045194,0.0025534403271093298,6102.097121660935,6088.840736025044,-18.097121660935045,-4.840736025043952,0.6595700010667499
2023-11-21,IM2406,2024-06-21,140.0,0.5737704918032787,6212.125,6001.8,0.07403027984679951,0.07038776254027515,0.07402330226137306,0.0036425173065243593,6.9775854264486625e-06,6014.3566926005,6001.824028450189,-12.556692600499446,-0.02402845018877997,0.36336083386342416
2023-11-22,IM2312,2023-12-15,17.0,0.06967213114754098,6132.97,6093.0,0.10784762153299482,0.11478835397000034,0.10615568342128166,-0.00694073243700552,0.0016919381117131566,6090.054286038749,6093.718290866507,2.9457139612513856,-0.7182908665072318,-0.13233511920271637
2023-11-22,IM2401,2024-01-19,41.0,0.1680327868852459,6132.97,6068.6,0.07679250193998813,0.08511363140604497,0.07932546062846228,-0.008321129466056842,-0.0025329586884741545,6060.120675858779,6066.017631408671,8.479324141221696,2.582368591329214,-0.3491293590099291
2023-11-22,IM2403,2024-03-15,75.0,0.3073770491803279,6132.97,6031.0,0.06854636459537022,0.07602373797545058,0.07144230513253745,-0.007477373380080352,-0.002895940537167227,6017.154429883924,6025.633920193778,13.845570116075578,5.366079806221933,-0.5124467721641252
2023-11-22,IM2406,2024-06-21,139.0,0.569672131147541,6132.97,5943.2,0.06917458988719423,0.07273370352588342,0.06913673246073719,-0.0035591136386891875,3.78574264570386e-05,5931.162204079744,5943.328174339955,12.03779592025603,-0.12817433995496685,-0.35416233903109656
2023-11-23,IM2312,2023-12-15,16.0,0.06557377049180328,6197.526,6176.6,0.06557888390886055,0.10008563093646716,0.06470008695827664,-0.034506747027606616,0.0008787969505839044,6162.639775613715,6176.955943189795,13.960224386285518,-0.3559431897947434,-0.6260188288463644
2023-11-23,IM2401,2024-01-19,40.0,0.16393442622950818,6197.526,6154.2,0.05679396805476233,0.076226684064716,0.0599096985317031,-0.019432716009953672,-0.0031157304769407757,6134.625814738389,6151.057388144484,19.574185261611092,3.142611855515497,-0.7976704660139755
2023-11-23,IM2403,2024-03-15,74.0,0.30327868852459017,6197.526,6110.4,0.06068294609880576,0.06966076164543236,0.0599002660316523,-0.008977815546626605,0.0007826800671534573,6093.7853536043685,6111.850598931807,16.614646395631098,-1.45059893180769,-0.6093453087976191
2023-11-23,IM2406,2024-06-21,138.0,0.5655737704918032,6197.526,6035.0,0.06098648875781783,0.06816470499176926,0.06219265978704384,-0.007178216233951429,-0.0012061710292260094,6010.548709087906,6030.884455492464,24.45129091209401,4.11554450753556,-0.7120948170023601
2023-11-24,IM2312,2023-12-15,15.0,0.06147540983606557,6115.407,6081.0,0.10577927315136067,0.06341991375906557,0.10565894662826578,0.0423593593922951,0.00012032652309489078,6096.855918564987,6081.044982067206,-15.855918564987405,-0.04498206720563758,0.7297820031886334
2023-11-24,IM2401,2024-01-19,39.0,0.1598360655737705,6115.407,6053.8,0.07734709559126263,0.059294493751837984,0.07682124588993694,0.018052601839424642,0.0005258497013256869,6071.293204493119,6054.308841744176,-17.493204493119265,-0.5088417441756974,0.7244827095908128
2023-11-24,IM2403,2024-03-15,73.0,0.29918032786885246,6115.407,6012.6,0.07066835577050244,0.05957146577254558,0.06904997015664752,0.011096889997956862,0.0016183856138549252,6032.594831531146,6015.5119405226715,-19.994831531145792,-2.9119405226711024,0.745720477621135
2023-11-24,IM2406,2024-06-21,137.0,0.5614754098360656,6115.407,5942.4,0.0651121803206633,0.06203419245011392,0.06716885545223786,0.003077987870549373,-0.0020566751315745646,5952.678621124013,5935.541840391525,-10.278621124013625,6.8581596084750345,0.304350913662791
2023-11-27,IM2312,2023-12-15,14.0,0.05737704918032787,6111.364,6081.2,0.10023559427280741,0.09956492758281096,0.10212854422456394,0.0006706666899964492,-0.0018929499517565257,6081.434014403547,6080.539545287539,-0.23401440354700753,0.6604547124607052,0.010950232008684956
2023-11-27,IM2401,2024-01-19,38.0,0.1557377049180328,6111.364,6048.2,0.08071012488695015,0.07381719411691862,0.0775487648532371,0.00689293077003153,0.003161360033713048,6054.696163647003,6051.178521833858,-6.496163647003414,-2.9785218338583945,0.2702675637161604
2023-11-27,IM2403,2024-03-15,72.0,0.29508196721311475,6111.364,6004.8,0.07361340039090078,0.06735656400236995,0.07117331537478926,0.006256836388530834,0.0024400850161115234,6015.896780409797,6009.125163567021,-11.096780409797248,-4.325163567021264,0.41621513236941826
2023-11-27,IM2406,2024-06-21,136.0,0.5573770491803278,6111.364,5921.0,0.07077419864188286,0.06625851458597024,0.0697189544535015,0.004515684055912628,0.001055244188381363,5935.921564224587,5924.483572372874,-14.9215642245872,-3.483572372873823,0.44502680270428674
2023-11-28,IM2312,2023-12-15,13.0,0.05327868852459016,6143.302,6097.2,0.1553836080400818,0.09712259399815512,0.155029412035941,0.058261014041926684,0.0003541960041407999,6116.1555426158975,6097.315061947938,-18.955542615897684,-0.11506194793855684,0.8995918032280065
2023-11-28,IM2401,2024-01-19,37.0,0.15163934426229508,6143.302,6065.8,0.09772460732954487,0.07512559911500354,0.09870433377766742,0.022599008214541333,-0.0009797264481225532,6086.622540651906,6064.898900898677,-20.82254065190591,0.9010991013228704,0.865111957629626
2023-11-28,IM2403,2024-03-15,71.0,0.29098360655737704,6143.302,6017.8,0.08493402560312818,0.0698207438002387,0.08289785705649771,0.015113281802889483,0.002036168546630468,6044.322860116375,6021.3665528273,-26.52286011637443,-3.5665528273002565,0.9949893642352483
2023-11-28,IM2406,2024-06-21,135.0,0.5532786885245902,6143.302,5931.4,0.0774438132424205,0.06899682895191352,0.0764751379990945,0.008446984290506984,0.0009686752433260004,5959.185491423637,5934.5797702385735,-27.785491423637723,-3.1797702385738376,0.829654086214765
2023-11-29,IM2312,2023-12-15,12.0,0.04918032786885246,6113.366,6074.6,0.14334802380577935,0.14424082758014517,0.1435019183844505,-0.000892803774365819,-0.0001538945786711543,6074.333279996267,6074.554024042465,0.26672000373309857,0.04597595753511996,-0.013008236206214675
2023-11-29,IM2401,2024-01-19,36.0,0.14754098360655737,6113.366,6042.0,0.09358764002967404,0.09354355345189455,0.09429272818312567,4.4086577779489655e-05,-0.0007050881534516329,6042.0393007823495,6041.371487059554,-0.03930078234952816,0.628512940445944,0.0016464914524176155
2023-11-29,IM2403,2024-03-15,70.0,0.28688524590163933,6113.366,5994.6,0.08238433817268664,0.0800179346500835,0.08109600026325109,0.0023664035226031443,0.0012883379094355552,5998.671033281037,5996.816044465455,-4.071033281036762,-2.2160444654546154,0.15415291540724274
2023-11-29,IM2406,2024-06-21,134.0,0.5491803278688525,6113.366,5903.6,0.07757690827599548,0.07492277018188258,0.07601912684906477,0.0026541380941128984,0.0015577814269307072,5912.211364330604,5908.652708002798,-8.611364330603465,-5.052708002797772,0.25979512915888936
2023-11-30,IM2312,2023-12-15,11.0,0.045081967213114756,6080.547,6036.0,0.17710552944991848,0.13441096985740755,0.17602602607415357,0.04269455959251092,0.0010795033757649009,6047.629007488325,6036.29375594357,-11.629007488325442,-0.29375594357043155,0.5856534924541972
2023-11-30,IM2401,2024-01-19,35.0,0.14344262295081966,6080.547,6004.8,0.10139041004722833,0.09002959606887434,0.10722439202211745,0.011360813978353992,-0.005833981974889116,6014.59354967436,5999.777035105912,-9.793549674359383,5.022964894088545,0.41361383700663257
2023-11-30,IM2403,2024-03-15,69.0,0.2827868852459016,6080.547,5945.2,0.09360230448581214,0.07874228501805294,0.08888292239606255,0.014860019467759195,0.004719382089749591,5970.235595821768,5953.139638079783,-25.035595821767856,-7.939638079783435,0.9576123910139095
2023-11-30,IM2406,2024-06-21,133.0,0.5450819672131147,6080.547,5847.6,0.08566507191742183,0.07475985447814104,0.08109478016440352,0.010905217439280787,0.004570291753018305,5882.46303690168,5862.185605500799,-34.86303690168006,-14.58560550079892,1.0637340151438173
2023-12-01,IM2312,2023-12-15,10.0,0.040983606557377046,6130.051,6092.2,0.16512884730868505,0.16387347113664075,0.1643920273866808,0.001255376172044298,0.0007368199220042504,6092.513450797663,6092.383972217446,-0.3134507976628811,-0.18397221744635317,0.016174340758818687
2023-12-01,IM2401,2024-01-19,34.0,0.13934426229508196,6130.051,6058.4,0.09837613893370224,0.10162653368602438,0.1038003657794618,-0.003250394752322139,-0.005424226845759564,6055.656627409405,6053.822580017238,2.743372590594845,4.577419982761967,-0.11526589679752879
2023-12-01,IM2403,2024-03-15,68.0,0.2786885245901639,6130.051,5997.6,0.09238026512899149,0.08581426573351521,0.0882345832391844,0.00656599939547628,0.004145681889807087,6008.584867786689,6004.533355434833,-10.984867786688483,-6.933355434832265,0.4184850884109152
2023-12-01,IM2406,2024-06-21,132.0,0.5409836065573771,6130.051,5894.4,0.08646120129805884,0.0794549559576999,0.0817135594765405,0.007006245340358944,0.004747641821518336,5916.783724685242,5909.558614043963,-22.38372468524267,-15.158614043963098,0.6810103598529499
2023-12-04,IM2312,2023-12-15,9.0,0.036885245901639344,6114.393,6058.6,0.26252077285717873,0.15410388631404137,0.26074733261716976,0.10841688654313736,0.0017734402400089722,6082.8767503642475,6058.996328886082,-24.276750364247164,-0.39632888608139183,1.308826600268036
2023-12-04,IM2401,2024-01-19,33.0,0.13524590163934427,6114.393,6019.2,0.1300193380553338,0.09915839816549292,0.13653532506634303,0.030860939889840885,-0.006515987011009222,6044.375533575222,6013.897853196937,-25.17553357522229,5.302146803062897,1.065081676666394
2023-12-04,IM2403,2024-03-15,67.0,0.27459016393442626,6114.393,5957.6,0.10860566365870468,0.08571591586901647,0.1050632172781587,0.022889747789688206,0.0035424463805459744,5995.163225286211,5963.397901639633,-37.56322528621058,-5.7979016396329826,1.4425380274184716
2023-12-04,IM2406,2024-06-21,131.0,0.5368852459016393,6114.393,5852.6,0.0955062315261558,0.08037560728139626,0.09094415630543534,0.015130624244759541,0.004562075220720455,5900.336692862631,5866.952406414379,-47.73669286263066,-14.352406414378493,1.465455119907851
2023-12-05,IM2312,2023-12-15,8.0,0.03278688524590164,5992.6,5958.2,0.18958705655822747,0.2405737431904853,0.19182303728645064,-0.05098668663225783,-0.0022359807282231747,5948.248029619429,5957.763215342691,9.951970380570856,0.43678465730863536,-0.5752987523612645
2023-12-05,IM2401,2024-01-19,32.0,0.13114754098360656,5992.6,5910.0,0.11983151762616392,0.12761030247370855,0.12037588904994768,-0.007778784847544629,-0.0005443714237837599,5903.97387849016,5909.578082587108,6.026121509839868,0.4219174128920713,-0.2610398830661939
2023-12-05,IM2403,2024-03-15,66.0,0.27049180327868855,5992.6,5835.8,0.1120215088462195,0.1002590834788786,0.10246113841546789,0.0117624253673409,0.009560370430751614,5854.3969814198435,5850.910919536964,-18.59698141984336,-15.110919536963593,0.7328000193309091
2023-12-05,IM2406,2024-06-21,130.0,0.5327868852459017,5992.6,5718.6,0.10184254233687211,0.08839652636908757,0.09380294886635974,0.013446015967784539,0.008039593470512363,5759.714348224593,5743.147529636018,-41.114348224592504,-24.547529636017316,1.2975777743766193
2023-12-06,IM2312,2023-12-15,7.0,0.028688524590163935,6023.804,5997.8,0.16479960321270026,0.1807349725934603,0.1645436357299791,-0.01593536938076004,0.00025596748272116443,5995.058659005455,5997.844043982924,2.741340994544771,-0.04404398292354017,-0.16762637295692098
2023-12-06,IM2401,2024-01-19,31.0,0.12704918032786885,6023.804,5952.0,0.10838593689425721,0.11556738578906267,0.11452263770770495,-0.007181448894805459,-0.006136700813447735,5946.5718885648685,5947.361255528453,5.428111435131541,4.6387444715473976,-0.2341112114063116
2023-12-06,IM2403,2024-03-15,65.0,0.26639344262295084,6023.804,5871.8,0.10993975891216219,0.09989224069666919,0.1020489919672848,0.010047518215493004,0.007890766944877392,5887.537470591139,5884.155790487692,-15.737470591138845,-12.355790487691593,0.6186452237174692
2023-12-06,IM2406,2024-06-21,129.0,0.5286885245901639,6023.804,5753.4,0.10087150733550311,0.09244142529061537,0.09550608045312388,0.008430082044887738,0.005365426882379232,5779.09948465613,5769.7434917416995,-25.699484656130153,-16.343491741699836,0.8105346930505661
2023-12-07,IM2312,2023-12-15,6.0,0.02459016393442623,6020.83,6014.2,0.05880587539456747,0.15713469705786393,0.05816744768537162,-0.09832882166329646,0.0006384277091958518,5999.675700831024,6014.294417919707,14.524299168975631,-0.09441791970675695,-0.9617723764535914
2023-12-07,IM2401,2024-01-19,30.0,0.12295081967213115,6020.83,5975.0,0.07614700946257742,0.11137348337253944,0.0763662834417714,-0.03522647390996202,-0.00021927397919398184,5949.177495646058,5974.838916676445,25.82250435394235,0.16108332355543098,-1.1144700037724662
2023-12-07,IM2403,2024-03-15,64.0,0.26229508196721313,6020.83,5921.6,0.07735780601289632,0.1003779251579819,0.0803896333874025,-0.023020119145085574,-0.003031827374506177,5885.952728549086,5916.892817743447,35.64727145091456,4.7071822565530965,-1.4004681025098367
2023-12-07,IM2406,2024-06-21,128.0,0.5245901639344263,6020.83,5830.0,0.07539673486671589,0.09461943055226804,0.08203207131576518,-0.019222695685552155,-0.006635336449049289,5771.505489903195,5809.742025825535,58.49451009680524,20.257974174464835,-1.8413195928810167
2023-12-08,IM2401,2024-01-19,29.0,0.11885245901639344,6003.144,5970.6,0.05973659784532708,0.07744521539101498,0.06083127163673156,-0.0177086175456879,-0.001094673791404481,5958.046817164025,5969.823247576435,12.553182835975349,0.7767524235650853,-0.5431580992924528
2023-12-08,IM2403,2024-03-15,63.0,0.2581967213114754,6003.144,5907.4,0.0762685276754992,0.08095014729968338,0.07246170777069219,-0.0046816196241841745,0.00380681990480701,5900.263573945333,5913.209287719957,7.136426054667027,-5.809287719956956,-0.2813387248876044
2023-12-08,IM2406,2024-06-21,127.0,0.5204918032786885,6003.144,5823.8,0.07227250717791858,0.08232305410633257,0.07752418458867819,-0.010050546928413992,-0.005251677410759603,5793.413926005663,5807.902641759984,30.386073994337494,15.89735824001582,-0.959077711298109
2023-12-11,IM2401,2024-01-19,28.0,0.11475409836065574,6075.08,6035.8,0.07052741057955464,0.06379903639980494,0.070585206247158,0.0067283741797496965,-5.7795667603360856e-05,6040.462092148235,6035.759968958427,-4.662092148234478,0.040031041573456605,0.19878566148180052
2023-12-11,IM2403,2024-03-15,62.0,0.2540983606557377,6075.08,5975.4,0.07910910435619822,0.07398957631101502,0.07648287151498613,0.005119528045183203,0.0026262328412120922,5983.178238972465,5979.388843422388,-7.77823897246526,-3.988843422388527,0.3038118886674209
2023-12-11,IM2406,2024-06-21,126.0,0.5163934426229508,6075.08,5886.4,0.07509789530935071,0.07831617130548771,0.07911287765272593,-0.003218275996136999,-0.004014982343375217,5876.62553605438,5874.208307702223,9.774463945619573,12.191692297777081,-0.30443871071389567
2023-12-12,IM2401,2024-01-19,27.0,0.11065573770491803,6078.99,6045.0,0.06467138683785222,0.07203393871820599,0.06524454469882758,-0.007362551880353771,-0.0005731578609753651,6040.077092094322,6044.616618877926,4.9229079056776754,0.38338112207384256,-0.21046618873142517
2023-12-12,IM2403,2024-03-15,61.0,0.25,6078.99,5985.0,0.07632889899157348,0.07722079679344718,0.07345190402570523,-0.000891897801873695,0.002876994965868254,5983.6656466828235,5989.306252165264,1.3343533171764648,-4.306252165263686,-0.052182063014630076
2023-12-12,IM2406,2024-06-21,125.0,0.5122950819672131,6078.99,5898.0,0.07299969456798283,0.07949402523771684,0.07711860324401106,-0.006494330669734011,-0.004118908676028224,5878.409879786048,5885.5677711274675,19.590120213952105,12.432228872532505,-0.6080109575829412
2023-12-13,IM2401,2024-01-19,26.0,0.10655737704918032,6019.553,5982.0,0.07272933472769322,0.067198774807084,0.0738447442703738,0.005530559920609218,-0.0011154095426805788,5985.526362936761,5981.289050951654,-3.526362936760961,0.710949048346265,0.15279167701513258
2023-12-13,IM2403,2024-03-15,60.0,0.2459016393442623,6019.553,5920.2,0.08168060598345091,0.07443552639473097,0.07806643808159341,0.007245079588719935,0.003614167901857493,5930.756692835864,5925.463796932767,-10.556692835863942,-5.263796932767036,0.4181310484991571
2023-12-13,IM2406,2024-06-21,124.0,0.5081967213114754,6019.553,5825.4,0.07851308336968049,0.07762411970659049,0.07990166338022585,0.0008889636630900061,-0.0013885800105453566,5828.032326303911,5821.29062954993,-2.6323263039112135,4.109370450069946,0.08268149250894785
2023-12-14,IM2401,2024-01-19,25.0,0.10245901639344263,5991.862,5956.0,0.07259026010246825,0.07482793383010253,0.07275917340494426,-0.0022376737276342817,-0.00016891330247600922,5954.634625304111,5955.896922241402,1.3653746958889315,0.1030777585983742,-0.05967122854939862
2023-12-14,IM2403,2024-03-15,59.0,0.24180327868852458,5991.862,5899.0,0.07859536159259067,0.07855459795963474,0.07713147495589158,4.076363295593688e-05,0.0014638866366990938,5899.058145432373,5901.088453904777,-0.05814543237283942,-2.0884539047774524,0.002320794990499669
2023-12-14,IM2406,2024-06-21,123.0,0.5040983606557377,5991.862,5805.6,0.07664500884158502,0.08015074190138903,0.07908539671395962,-0.003505733059804006,-0.0024403878723745914,5795.34920506161,5798.462368096832,10.250794938390754,7.137631903168767,-0.3244337242431891
2023-12-15,IM2401,2024-01-19,24.0,0.09836065573770492,5951.6,5903.0,0.09736051291400583,0.07373695761929419,0.09727422246386372,0.023623555294711635,8.62904501421069e-05,5916.732326617372,5903.050102428413,-13.732326617371655,-0.050102428413083544,0.6072725474870898
2023-12-15,IM2403,2024-03-15,58.0,0.23770491803278687,5951.6,5845.0,0.09003332819929577,0.07761145982994927,0.08709736855122183,0.0124218683693465,0.0029359596480739436,5862.284266045892,5849.080602762082,-17.284266045891854,-4.0806027620819805,0.6975398276839236
2023-12-15,IM2406,2024-06-21,122.0,0.5,5951.6,5758.8,0.07986194260268435,0.07932960199636464,0.08357110923933131,0.0005323406063197089,-0.0037091666366469572,5760.333025555725,5748.129723103555,-1.5330255557246346,10.670276896445102,0.049044671696196904
2023-12-18,IM2401,2024-01-19,23.0,0.0942622950819672,5857.005,5831.6,0.060115740491243644,0.09490759573403598,0.06276164487312032,-0.03479185524279234,-0.0026459043818766736,5812.506243847292,5830.145727723133,19.09375615270801,1.454272276867414,-0.8609742474828621
2023-12-18,IM2402,2024-02-19,38.0,0.1557377049180328,5857.005,5804.0,0.07237408333121569,0.08900672890740084,0.06873536209088096,-0.016632645576185157,0.003638721240334722,5788.985179463009,5807.289978198661,15.014820536990555,-3.2899781986607195,-0.6507987549632498
2023-12-18,IM2403,2024-03-15,57.0,0.2336065573770492,5857.005,5776.2,0.07346902309928455,0.08596387260913972,0.07201516706401813,-0.012494849509855174,0.0014538560352664182,5759.364554662102,5778.162105734462,16.83544533789791,-1.9621057344620567,-0.6918481805296575
2023-12-18,IM2406,2024-06-21,121.0,0.4959016393442623,5857.005,5693.0,0.07127150016130054,0.08300800570205388,0.07589220799368529,-0.01173650554075334,-0.004620707832384746,5659.962108781509,5679.969899754002,33.037891218490586,13.030100245998256,-1.0766161558134475
2023-12-19,IM2401,2024-01-19,22.0,0.09016393442622951,5863.542,5838.0,0.06241831100721594,0.06474092665810151,0.06326976510186279,-0.0023226156508855678,-0.0008514540946468474,5836.777556431496,5837.5518313094235,1.222443568503877,0.44816869057649455,-0.05532436093334406
2023-12-19,IM2402,2024-02-19,37.0,0.15163934426229508,5863.542,5812.6,0.07154365944075318,0.07007368415810655,0.06794688671475635,0.0014699752826466267,0.00359677272599683,5813.8958083431935,5815.771127996134,-1.29580834319313,-3.1711279961336913,0.05626764011729254
2023-12-19,IM2403,2024-03-15,56.0,0.22950819672131148,5863.542,5789.0,0.06974656128414797,0.07295798351866964,0.07057670290395616,-0.0032114222345216714,-0.0008301416198081973,5784.7348027345,5787.8971598537555,4.265197265500319,1.102840146244489,-0.17571685082973756
2023-12-19,IM2406,2024-06-21,120.0,0.4918032786885246,5863.542,5708.0,0.06866648841323343,0.0763644976802699,0.07400467678097208,-0.007698009267036468,-0.005338188367738653,5686.4309024806935,5693.0342213186905,21.569097519306524,14.96577868130953,-0.7054782046467868
2023-12-20,IM2401,2024-01-19,21.0,0.0860655737704918,5761.312,5745.0,0.04694366287500806,0.0647275113075385,0.046633838323069485,-0.017783848432530433,0.0003098245519385784,5736.213560327304,5745.153193776352,8.78643967269636,-0.15319377635205456,-0.406544227530915
2023-12-20,IM2402,2024-02-19,36.0,0.14754098360655737,5761.312,5724.6,0.05732727346787079,0.06892715871286981,0.057015005783024694,-0.011599885244999018,0.0003122676848460945,5714.810963946222,5724.863751457704,9.789036053778545,-0.26375145770361996,-0.43319798329056
2023-12-20,IM2403,2024-03-15,55.0,0.22540983606557377,5761.312,5699.6,0.06177621862751599,0.07126615032434315,0.062568645012135,-0.009489931696827159,-0.0007924263846190022,5687.420880113325,5698.5820243684775,12.179119886674926,1.0179756315228587,-0.5116611058750941
2023-12-20,IM2406,2024-06-21,119.0,0.48770491803278687,5761.312,5616.0,0.06637913106902661,0.07435213545322672,0.0692028192452568,-0.007973004384200108,-0.002823688176230188,5594.204735722317,5608.271379820901,21.79526427768269,7.72862017909938,-0.7277164455096988
2023-12-21,IM2401,2024-01-19,20.0,0.08196721311475409,5798.912,5770.2,0.07455557577248664,0.04982700591829328,0.07636250452006878,0.02472856985419336,-0.0018069287475821344,5781.907664079107,5769.345445231111,-11.707664079107417,0.854554768889102,0.5416757381827012
2023-12-21,IM2402,2024-02-19,35.0,0.14344262295081966,5798.912,5744.2,0.0800867981406908,0.05913627776486558,0.07478373748873335,0.020950520375825225,0.005303060651957459,5761.488420573266,5748.571188710426,-17.288420573266194,-4.371188710426395,0.7627299197437927
2023-12-21,IM2403,2024-03-15,54.0,0.22131147540983606,5798.912,5723.6,0.0730675909341486,0.06404638868979315,0.07428304383238887,0.009021202244355445,-0.0012154528982402796,5735.038556808615,5722.06059486075,-11.438556808614521,1.539405139250448,0.47908683855229334
2023-12-21,IM2406,2024-06-21,118.0,0.48360655737704916,5798.912,5637.0,0.07255649436007827,0.06993529664209293,0.07471790187086225,0.0026211977179853435,-0.0021614075107839748,5644.150152227304,5631.110886640047,-7.150152227303806,5.889113359952717,0.23822293347580242
2023-12-22,IM2401,2024-01-19,19.0,0.0778688524590164,5733.909,5722.8,0.038904707290729174,0.07578299961817285,0.040778351037158295,-0.036878292327443676,-0.0018736437464291211,5706.389579119727,5721.9651130361435,16.410420880272795,0.8348869638566612,-0.7727743701425411
2023-12-22,IM2402,2024-02-19,34.0,0.13934426229508196,5733.909,5699.2,0.05757325428682198,0.0744134621896934,0.05430429150688791,-0.01684020790287142,0.003268962779934069,5685.842014053818,5701.796640825763,13.357985946181543,-2.5966408257627336,-0.5971900981161092
2023-12-22,IM2403,2024-03-15,53.0,0.21721311475409835,5733.909,5677.2,0.05975848772246148,0.07403606168477184,0.06114890934044265,-0.014277573962310358,-0.001390421617981169,5659.6207073360665,5675.485643382586,17.579292663933302,1.714356617413614,-0.7465665097093529
2023-12-22,IM2406,2024-06-21,117.0,0.47950819672131145,5733.909,5586.0,0.06850173686979272,0.07460973780432183,0.0688202394780848,-0.006108000934529109,-0.00031850260829208166,5569.663454448117,5585.146945463851,16.33654555188332,0.8530545361491022,-0.5526902068031165
2023-12-25,IM2401,2024-01-19,18.0,0.07377049180327869,5735.726,5717.6,0.05690600042901469,0.04469257487731962,0.05962952045873526,0.012213425551695072,-0.0027235200297205733,5722.753824190085,5716.451361433645,-5.153824190084379,1.1486385663556575,0.2444056845739999
2023-12-25,IM2402,2024-02-19,33.0,0.13524590163934427,5735.726,5692.4,0.07006367185487176,0.05684919967636165,0.06713321485218784,0.013214472178510114,0.00293045700268392,5702.582571973416,5694.6565291200695,-10.182571973416088,-2.2565291200698994,0.4560723842441338
2023-12-25,IM2403,2024-03-15,52.0,0.21311475409836064,5735.726,5662.6,0.07420785859483137,0.06289557448325395,0.07085316227419723,0.01131228411157742,0.0033546963206341346,5676.267947843124,5666.649840038984,-13.66794784312333,-4.049840038983348,0.5821829223059081
2023-12-25,IM2406,2024-06-21,116.0,0.47540983606557374,5735.726,5571.0,0.07529398347974965,0.06966935945708334,0.07498262861344719,0.005624624022666308,0.0003113548663024601,5585.916797709585,5571.824686949547,-14.916797709584898,-0.8246869495469582,0.5066906384198456
2023-12-26,IM2401,2024-01-19,17.0,0.06967213114754098,5651.588,5636.6,0.052114533310239915,0.061722687473844046,0.05433219703114196,-0.009608154163604131,-0.002217663720902048,5632.828006641683,5635.72915983314,3.771993358317559,0.8708401668600345,-0.18328313750630817
2023-12-26,IM2402,2024-02-19,32.0,0.13114754098360656,5651.588,5610.4,0.06977343897811467,0.0684797002787598,0.06478910154636715,0.0012937386993548683,0.004984337431747518,5611.352000970714,5614.068625385496,-0.9520009707139252,-3.668625385495943,0.04341715417295347
2023-12-26,IM2403,2024-03-15,51.0,0.20901639344262296,5651.588,5588.0,0.06813511368012973,0.07177095602071314,0.06976365877582644,-0.003635842340583409,-0.0016285450956967096,5583.755008946333,5586.09820972174,4.244991053667036,1.9017902782597957,-0.18409193299949336
2023-12-26,IM2406,2024-06-21,115.0,0.4713114754098361,5651.588,5493.0,0.07438896725251509,0.07542555859093902,0.07492004861660283,-0.0010365913384239311,-0.0005310813640877349,5490.317009690391,5491.625248116834,2.6829903096086127,1.3747518831660273,-0.09295969449968189
2023-12-27,IM2401,2024-01-19,16.0,0.06557377049180328,5696.161,5673.0,0.07613400243214223,0.057169890908751214,0.07626879517685586,0.018964111523391017,-0.00013479274471363267,5680.059037704175,5672.949857320569,-7.059037704175353,0.05014267943079176,0.3441965529990192
2023-12-27,IM2402,2024-02-19,31.0,0.12704918032786885,5696.161,5649.4,0.07888112957007207,0.06659103724175337,0.07699099535240395,0.012290092328318694,0.0018901342176681213,5658.228124443169,5650.756809838951,-8.828124443169145,-1.356809838951449,0.40067670107858794
2023-12-27,IM2403,2024-03-15,50.0,0.20491803278688525,5696.161,5625.2,0.07517536839100133,0.07098035005155508,0.07745838061314203,0.004195018339446258,-0.0022830122221406957,5630.0376972999375,5622.56897606805,-4.837697299937645,2.6310239319500397,0.20888312203937398
2023-12-27,IM2406,2024-06-21,114.0,0.4672131147540984,5696.161,5525.6,0.0790679516627583,0.07549891663087659,0.0783496861319247,0.0035690350318817177,0.0007182655308336089,5534.821624248175,5527.454609014384,-9.221624248174521,-1.854609014383641,0.31860089259996366
2023-12-28,IM2401,2024-01-19,15.0,0.06147540983606557,5805.527,5803.4,0.01996079213646022,0.07642306139743026,0.0205625526701034,-0.05646226926097003,-0.0006017605336431815,5783.2910794650015,5803.185316035673,20.108920534998106,0.2146839643264684,-0.9731328189261347
2023-12-28,IM2402,2024-02-19,30.0,0.12295081967213115,5805.527,5780.6,0.048997011997362006,0.07709220180187606,0.04573628589489375,-0.02809518980451406,0.0032607261024682546,5760.666368026567,5782.917958873351,19.933631973432966,-2.3179588733510172,-0.8889322180331346
2023-12-28,IM2403,2024-03-15,49.0,0.20081967213114754,5805.527,5760.6,0.05268524833437473,0.07752988222018084,0.05704011003437269,-0.024844633885806107,-0.004354861699997957,5731.930269224931,5755.5643162171245,28.669730775069183,5.035683782875822,-1.216057948345385
2023-12-28,IM2406,2024-06-21,113.0,0.46311475409836067,5805.527,5667.4,0.06599561413966708,0.07838857891301926,0.0680524391573588,-0.01239296477335218,-0.0020568250176917213,5634.965888374535,5662.004111054181,32.43411162546454,5.395888945819024,-1.1011619830394461
2023-12-29,IM2401,2024-01-19,14.0,0.05737704918032787,5887.235,5894.8,-0.008381050637831433,0.026916629003509704,-0.007829365341155858,-0.03529767964134114,-0.0005516852966755744,5882.873480232454,5894.613408515436,11.92651976754587,0.1865914845639054,-0.5765188312070745
2023-12-29,IM2402,2024-02-19,29.0,0.11885245901639344,5887.235,5873.4,0.033795679618119356,0.04967183078773783,0.029984535817858524,-0.015876151169618477,0.0038111438002608328,5862.32781583067,5876.0610402872935,11.072184169329375,-2.661040287293872,-0.4870038235680707
2023-12-29,IM2403,2024-03-15,48.0,0.19672131147540983,5887.235,5855.0,0.0419097908760246,0.05965333141003848,0.04650673335793447,-0.017743540534013877,-0.004596942481909866,5834.598558499286,5849.707619931517,20.4014415007141,5.2923800684829985,-0.8533345392497741
2023-12-29,IM2406,2024-06-21,112.0,0.45901639344262296,5887.235,5764.2,0.06001158554230585,0.0692707155426708,0.06222391471629096,-0.009259130000364942,-0.00221232917398511,5739.753603567847,5758.349452758799,24.44639643215305,5.850547241200729,-0.8188339758612829
2024-01-02,IM2401,2024-01-19,13.0,0.05327868852459016,5854.749,5833.6,0.08192249183169463,0.0013511949778414328,0.08180876742973875,0.0805712968538532,0.00011372440195588085,5858.6959138897555,5833.635346396945,-25.09591388975514,-0.035346396944987646,1.244459130695137
2024-01-02,IM2402,2024-02-19,28.0,0.11475409836065574,5854.749,5810.6,0.07996096471398291,0.03559743529307206,0.07537846852992058,0.04436352942091085,0.004582496184062326,5840.256590324587,5813.656366922257,-29.656590324586432,-3.0563669222565295,1.317936539661199
2024-01-02,IM2403,2024-03-15,47.0,0.19262295081967212,5854.749,5793.8,0.06832762015008233,0.05020212448231861,0.07313497970366102,0.018125495667763718,-0.004807359553578694,5814.063748579891,5788.437379405061,-20.26374857989049,5.362620594939472,0.8560987488759964
2024-01-02,IM2406,2024-06-21,111.0,0.45491803278688525,5854.749,5706.4,0.07041626173709763,0.0639302261055199,0.0725778410338062,0.006486035631577722,-0.002161579296708571,5723.262251751948,5700.791418654273,-16.86225175194795,5.608581345726634,0.570851995644973
2024-01-03,IM2401,2024-01-19,12.0,0.04918032786885246,5824.043,5809.4,0.06518710896497423,0.08020498941480962,0.06872517916234126,-0.015017880449835389,-0.0035380701973670298,5805.110852601511,5808.3892322851225,4.28914739848824,1.0107677148771472,-0.21887054330381714
2024-01-03,IM2402,2024-02-19,27.0,0.11065573770491803,5824.043,5783.0,0.07791096457794885,0.07442751908255141,0.06990152852930158,0.003483445495397447,0.008009436048647275,5785.229563544929,5788.127687359041,-2.2295635449290785,-5.127687359041374,0.10010745357376831
2024-01-03,IM2403,2024-03-15,46.0,0.1885245901639344,5824.043,5763.4,0.06952122277316186,0.07252804222746041,0.07074090480812352,-0.003006819454298551,-0.0012196820349616583,5760.133888303912,5762.074915833368,3.2661116960880463,1.3250841666313136,-0.13940737599683287
2024-01-03,IM2406,2024-06-21,110.0,0.45081967213114754,5824.043,5676.0,0.07111360085369231,0.07231896591948726,0.0726007380141108,-0.0012053650657949527,-0.0014871371604184835,5672.916486507392,5672.1959107517405,3.08351349260829,3.8040892482595154,-0.10557207409564484
2024-01-04,IM2401,2024-01-19,11.0,0.045081967213114756,5783.016,5765.2,0.08244201498412931,0.06891902960404275,0.08320811082023505,0.01352298538008656,-0.0007660958361057346,5768.715784152926,5765.000890106977,-3.515784152926244,0.1991098930229782,0.18554184440733582
2024-01-04,IM2402,2024-02-19,26.0,0.10655737704918032,5783.016,5743.6,0.07818283420286584,0.07002878638413527,0.07778312160204273,0.008154047818730567,0.00039971260082311,5748.5926330774555,5743.84463849526,-4.992633077455139,-0.24463849526000558,0.2264139260096604
2024-01-04,IM2403,2024-03-15,45.0,0.18442622950819673,5783.016,5714.4,0.07871986699250177,0.07083308437489014,0.07596821920059695,0.007886782617611637,0.0027516477919048293,5722.717811623393,5717.300656954489,-8.317811623393027,-2.9006569544890226,0.3587597381966084
2024-01-04,IM2406,2024-06-21,109.0,0.44672131147540983,5783.016,5628.8,0.07450544186475515,0.07265585648851891,0.07548207990523,0.0018495853762362374,-0.0009766380404748476,5633.45271341055,5626.3447744721,-4.65271341054995,2.4552255279004385,0.16119726349865304
2024-01-05,IM2401,2024-01-19,10.0,0.040983606557377046,5675.809,5664.8,0.06137306160189924,0.08197656674192581,0.06696246508928066,-0.020603505140026575,-0.005589403487381427,5660.018628177227,5663.502490713713,4.781371822773508,1.2975092862870952,-0.2655101274140115
2024-01-05,IM2402,2024-02-19,25.0,0.10245901639344263,5675.809,5635.8,0.08304225002498533,0.07707350440199134,0.07407047922604107,0.005968745622993987,0.008971770798944262,5639.247637763296,5640.983027948358,-3.447637763295461,-5.183027948357449,0.15993501620566578
2024-01-05,IM2403,2024-03-15,44.0,0.18032786885245902,5675.809,5606.4,0.0822329693793724,0.07552377982780761,0.07685306712274782,0.006709189551564784,0.005379902256624575,5613.18702947361,5611.841667444367,-6.787029473610346,-5.44166744436734,0.2992756115101249
2024-01-05,IM2406,2024-06-21,108.0,0.4426229508196721,5675.809,5519.0,0.07729636491802173,0.0752965107228402,0.07929686137390463,0.001999854195181533,-0.0020004964558828914,5523.88747878732,5514.115278054404,-4.887478787320106,4.884721945595629,0.173420238291296
2024-01-08,IM2401,2024-01-19,9.0,0.036885245901639344,5543.575,5480.2,0.32572363290743606,0.06842360036397038,0.3289184783949287,0.2573000325434657,-0.003194845487492659,5532.457835164133,5479.554236696846,-52.25783516413321,0.6457633031541263,3.1067036199499034
2024-01-08,IM2402,2024-02-19,24.0,0.09836065573770492,5543.575,5440.0,0.2057488094009882,0.07491457220974808,0.19866111149215615,0.1308342371912401,0.007087697908832041,5510.459437807698,5443.79382161895,-70.45943780769812,-3.7938216189495506,3.3786568260270373
2024-01-08,IM2403,2024-03-15,43.0,0.1762295081967213,5543.575,5406.2,0.156389073509045,0.0773889001345077,0.1502690567400468,0.0790001733745373,0.006120016768998177,5481.992363146391,5412.033881050901,-75.79236314639093,-5.833881050901255,3.453736969109628
2024-01-08,IM2406,2024-06-21,107.0,0.4385245901639344,5543.575,5317.0,0.10916083228002137,0.07953503533424884,0.11213542245737271,0.029625796945772526,-0.002974590177351341,5386.527210695357,5310.068862278416,-69.5272106953571,6.931137721583582,2.5559578783459584
2024-01-09,IM2401,2024-01-19,8.0,0.03278688524590164,5553.304,5513.4,0.23395298232654538,0.30310554762793074,0.24200231631466976,-0.06915256530138536,-0.00804933398812438,5500.913643979882,5511.945136314402,12.486356020117455,1.4548636855979566,-0.7803843906019755
2024-01-09,IM2402,2024-02-19,23.0,0.0942622950819672,5553.304,5468.6,0.17706014779543636,0.18401933701221024,0.16185542965578797,-0.006959189216773881,0.015204718139648382,5465.013834119625,5476.443389834994,3.5861658803751197,-7.843389834994014,-0.17296068755414262
2024-01-09,IM2403,2024-03-15,42.0,0.1721311475409836,5553.304,5435.4,0.13867209641719225,0.14109875036407382,0.13260473365659958,-0.002426653946881574,0.006067362760592665,5433.130092695417,5441.07959986532,2.269907304582375,-5.679599865320597,-0.10391577525974813
2024-01-09,IM2406,2024-06-21,106.0,0.4344262295081967,5553.304,5341.8,0.1033831644608725,0.1081421535698865,0.10901090256417384,-0.004758989109013997,-0.005627738103301333,5330.767612328338,5328.756121050096,11.032387671662036,13.043878949903956,-0.408454101279931
2024-01-10,IM2401,2024-01-19,7.0,0.028688524590163935,5512.069,5484.6,0.18814234231004007,0.22686381246204673,0.19255292547820047,-0.038721470152006665,-0.004410583168160398,5478.510749889044,5483.906060333985,6.089250110956527,0.6939396660154671,-0.40736694052219946
2024-01-10,IM2402,2024-02-19,22.0,0.09016393442622951,5512.069,5445.0,0.1497781852380674,0.15339559267273148,0.13990882614190994,-0.0036174074346640717,0.009869359096157465,5443.224350094194,5449.8474454961615,1.775649905805949,-4.8474454961615265,-0.08640270912575693
2024-01-10,IM2403,2024-03-15,41.0,0.1680327868852459,5512.069,5411.4,0.12369414183583648,0.12735187732424758,0.12102633875148125,-0.0036577354884110985,0.0026678030843552275,5408.075069991739,5413.826357465262,3.324930008260708,-2.4263574652622992,-0.15333460913036318
2024-01-10,IM2406,2024-06-21,105.0,0.430327868852459,5512.069,5315.4,0.09842814593491594,0.1067350840811371,0.10540437529171948,-0.00830693814622116,-0.006976229356803532,5296.432923537864,5299.4667471567545,18.967076462135992,15.9332528432451,-0.7092114257368471
2024-01-11,IM2401,2024-01-19,6.0,0.02459016393442623,5611.115,5595.2,0.12950816394561354,0.1830800953326363,0.13099146328860037,-0.053571931387022764,-0.0014832993429868269,5587.834057623834,5594.9959211853775,7.365942376165549,0.2040788146223349,-0.5240512803554193
2024-01-11,IM2402,2024-02-19,21.0,0.0860655737704918,5611.115,5562.0,0.11615113682775069,0.13469544137002062,0.10858868812285857,-0.018544304542269935,0.007562448704892116,5553.129982489714,5565.621297762955,8.870017510285834,-3.6212977629547822,-0.425037135557523
2024-01-11,IM2403,2024-03-15,40.0,0.16393442622950818,5611.115,5535.8,0.0964315052660521,0.11781724956147863,0.10071070583611344,-0.02138574429542653,-0.004279200570061342,5516.426242440697,5531.917952210809,19.373757559303158,3.882047789191347,-0.8770757798608886
2024-01-11,IM2406,2024-06-21,104.0,0.4262295081967213,5611.115,5446.8,0.08373044140379118,0.10401989903152847,0.09408145363240857,-0.02028945762773729,-0.010351012228617382,5399.899351157745,5422.822158656166,46.90064884225558,23.97784134383437,-1.7229443020423885
2024-01-12,IM2402,2024-02-19,20.0,0.08196721311475409,5574.493,5517.2,0.14003681270715204,0.10650821307494021,0.1384480182755258,0.03352859963221183,0.0015887944316262392,5532.383476528993,5517.91854651124,-15.183476528993197,-0.7185465112397651,0.7362621378926675
2024-01-12,IM2403,2024-03-15,39.0,0.1598360655737705,5574.493,5485.4,0.11479924213845358,0.09944179600931569,0.11523223783424258,0.015357446129137892,-0.0004329956957890013,5498.8814069377,5485.020377771917,-13.48140693770074,0.3796222280825532,0.6157937646412711
2024-01-12,IM2406,2024-06-21,103.0,0.42213114754098363,5574.493,5388.0,0.0946079180766399,0.09353663095814821,0.09843096171160994,0.0010712871184916928,-0.003823043634970033,5390.437132106583,5379.311719178753,-2.4371321065827942,8.688280821246735,0.09047552611020986
2024-01-15,IM2402,2024-02-19,19.0,0.0778688524590164,5559.376,5490.2,0.17479840170482733,0.13229811272132388,0.17328668762382834,0.04250028898350344,0.0015117140809989826,5508.399634197475,5490.846319352852,-18.19963419747546,-0.6463193528525153,0.8901746499518045
2024-01-15,IM2403,2024-03-15,38.0,0.1557377049180328,5559.376,5459.0,0.1309931774604667,0.11154634346658156,0.13179881348391145,0.01944683399388515,-0.0008056360234447446,5475.558217797078,5458.315113671544,-16.558217797078214,0.684886328455832,0.761704193950484
2024-01-15,IM2406,2024-06-21,102.0,0.4180327868852459,5559.376,5360.2,0.10127684783007125,0.0968930669852006,0.10350431716746128,0.0043837808448706495,-0.0022274693373900284,5370.031916272703,5355.211144877269,-9.831916272702983,4.988855122730456,0.36629426751206956
2024-01-16,IM2402,2024-02-19,18.0,0.07377049180327869,5539.474,5464.6,0.1984724654454619,0.162580326607071,0.1988499161618697,0.0358921388383909,-0.0003774507164077956,5479.088234969176,5464.447841834281,-14.48823496917521,0.15215816571981122,0.7179433928582456
2024-01-16,IM2403,2024-03-15,37.0,0.15163934426229508,5539.474,5429.4,0.1463595792227373,0.12546901963413987,0.14383340337851858,0.020890559588597424,0.0025261758442187143,5446.626691529215,5431.480225898997,-17.226691529215714,-2.080225898997014,0.7986199307093399
2024-01-16,IM2406,2024-06-21,101.0,0.4139344262295082,5539.474,5333.2,0.10567663943701015,0.1009053382688672,0.10768781198353536,0.00477130116814295,-0.0020111725465252056,5343.743509312249,5328.761992939751,-10.543509312249626,4.43800706024922,0.3944977122929099
2024-01-17,IM2402,2024-02-19,17.0,0.06967213114754098,5389.122,5258.6,0.36590032761658386,0.18511248781240536,0.37231523292825586,0.1807878398041785,-0.006414905311671992,5325.255574802034,5256.250245801851,-66.6555748020337,2.3497541981496397,3.447367778324093
2024-01-17,IM2403,2024-03-15,36.0,0.14754098360655737,5389.122,5202.6,0.2527402870275424,0.1358180479695118,0.23248019299920444,0.11692223905803062,0.020260094028337977,5293.12772115079,5218.17484827555,-90.52772115079006,-15.574848275549812,4.36042035188456
2024-01-17,IM2406,2024-06-21,100.0,0.4098360655737705,5389.122,5124.2,0.1369956715839855,0.10444082812234308,0.1435952768276194,0.03255484346164243,-0.006599605243633899,5193.025961827121,5110.359014720869,-68.82596182712132,13.840985279131019,2.671532273694363
2024-01-18,IM2402,2024-02-19,16.0,0.06557377049180328,5373.424,5272.8,0.3022828121518316,0.3386003561387999,0.30541376780604734,-0.03631754398696829,-0.003130955654215728,5260.257881569256,5271.717560106235,12.542118430744267,1.0824398937647857,-0.6589382729284861
2024-01-18,IM2403,2024-03-15,35.0,0.14344262295081966,5373.424,5228.6,0.20447173941154875,0.21307239104033737,0.19850761991408533,-0.00860065162878862,0.0059641194974634215,5222.153453399845,5233.075028006516,6.446546600155671,-4.475028006515458,-0.31268637796493015
2024-01-18,IM2406,2024-06-21,99.0,0.4057377049180328,5373.424,5123.8,0.13124069484812795,0.13583610526467063,0.13216182826137096,-0.0045954104165426835,-0.0009211334132430138,5114.255415503543,5121.885396184499,9.544584496456991,1.914603815501323,-0.3746784556408868
2024-01-19,IM2402,2024-02-19,15.0,0.06147540983606557,5306.986,5217.4,0.29093792272803476,0.28059634988573023,0.28939369413844573,0.010341572842304525,0.001544228589589025,5220.718029333025,5217.89532217311,-3.3180293330251516,-0.49532217311025306,0.17818531426241285
2024-01-19,IM2403,2024-03-15,34.0,0.13934426229508196,5306.986,5182.4,0.18448277403625382,0.18441446059947592,0.18669734557228979,6.831343677790591e-05,-0.002214571536035964,5182.449331943247,5180.801021118996,-0.04933194324712531,1.598978881003859,0.002419303752758605
2024-01-19,IM2406,2024-06-21,98.0,0.4016393442622951,5306.986,5079.4,0.12313004929566268,0.12659536695168289,0.1255129513614183,-0.003465317656020206,-0.0023829020657556155,5072.335368342281,5074.540998313347,7.064631657718564,4.859001686652846,-0.28079487866985636
2024-01-22,IM2403,2024-03-15,33.0,0.13524590163934427,5000.834,4732.4,0.42194008881897466,0.17382364223440433,0.4112239911775198,0.24811644658457033,0.01071609764145487,4893.898406052241,4739.263679132212,-161.49840605224108,-6.863679132212383,8.552245577608517
2024-01-22,IM2406,2024-06-21,97.0,0.3975409836065574,5000.834,4619.8,0.213358777281808,0.12050247090408747,0.20427230839744664,0.09285630637772052,0.009086468884361348,4793.522855222203,4636.518020408796,-173.72285522220318,-16.718020408795383,7.477878753157358
2024-01-22,IM2409,2024-09-20,160.0,0.6557377049180327,5000.834,4588.6,0.14519534110266902,0.10851855068953828,0.16051701762073614,0.03667679041313074,-0.015321676518067123,4700.295227115586,4542.729149331602,-111.69522711558602,45.870850668398816,3.8348760113667577
2024-01-23,IM2402,2024-02-19,13.0,0.05327868852459016,5079.632,4998.0,0.3180800375801014,0.6979507974584408,0.32679918576103884,-0.3798707598783394,-0.008719148180937442,4897.8621623629215,4995.678744394232,100.13783763707852,2.321255605767874,-5.775152419472342
2024-01-23,IM2403,2024-03-15,32.0,0.13114754098360656,5079.632,4945.0,0.21882162871981664,0.3676134281789392,0.20620349845352062,-0.14879179945912258,0.012618130266296018,4849.440252615535,4953.189942399439,95.55974738446457,-8.189942399439133,-4.954717220844251
2024-01-23,IM2406,2024-06-21,96.0,0.39344262295081966,5079.632,4830.2,0.14197531433989155,0.1875797073689607,0.13810835233144195,-0.04560439302906916,0.0038669620084496037,4744.306002460019,4837.554393127979,85.89399753998077,-7.354393127979165,-3.68068556107653
2024-01-23,IM2409,2024-09-20,159.0,0.6516393442622951,5079.632,4753.2,0.1159286867385144,0.15016327554833764,0.1222306423978892,-0.03423458880982323,-0.006301955659374789,4648.336763894168,4733.720522776901,104.86323610583167,19.47947722309891,-3.604322370331405
2024-01-24,IM2402,2024-02-19,12.0,0.04918032786885246,5143.408,5090.8,0.22304508135006867,0.30183329204471854,0.2245746126231651,-0.07878821069464986,-0.001529531273096435,5071.11218336692,5090.41706992051,19.68781663307982,0.3829300794905066,-1.1480298567946774
2024-01-24,IM2403,2024-03-15,31.0,0.12704918032786885,5143.408,5048.6,0.16043870663409363,0.19264909806954122,0.1573749179341402,-0.0322103914354476,0.0030637886999534125,5027.981811604276,5050.565559378693,20.618188395724246,-1.9655593786928875,-1.0497250547790904
2024-01-24,IM2406,2024-06-21,95.0,0.38934426229508196,5143.408,4930.4,0.1226333566615409,0.13296854645748993,0.11978331687609409,-0.010335189795949024,0.0028500397854468174,4910.600195863103,4935.874038345326,19.799804136896455,-5.474038345326335,-0.8283647534861747
2024-01-24,IM2409,2024-09-20,158.0,0.6475409836065574,5143.408,4861.0,0.1012094865688315,0.11903976095511076,0.1104105536374169,-0.017830274386279266,-0.009201067068585408,4805.198461299136,4832.12393954335,55.8015387008636,28.87606045664961,-1.877490313347844
2024-01-25,IM2402,2024-02-19,11.0,0.045081967213114756,5316.195,5306.6,0.05407130013055519,0.21125726663850597,0.054232892478400116,-0.15718596650795078,-0.00016159234784492854,5269.129013252684,5306.561342085549,37.4709867473166,0.03865791445150535,-2.1563106940948815
2024-01-25,IM2403,2024-03-15,30.0,0.12295081967213115,5316.195,5273.8,0.07912080670995879,0.15025190125013105,0.07928996890096814,-0.07113109454017226,-0.0001691621910093477,5227.878414817709,5273.690313325554,45.92158518229098,0.10968667444649327,-2.2500993644456595
2024-01-25,IM2406,2024-06-21,94.0,0.38524590163934425,5316.195,5162.0,0.09040242367834364,0.1171101030295162,0.0898916629808867,-0.02670767935117256,0.0005107606974569384,5109.160358369648,5163.015818755736,52.83964163035216,-1.0158187557362908,-2.1307222332837417
2024-01-25,IM2409,2024-09-20,157.0,0.6434426229508197,5316.195,5095.8,0.07980408159434511,0.10875033156851882,0.09054046902314977,-0.028946249974173707,-0.010736387428804658,5001.767850404902,5060.718259501276,94.03214959509842,35.081740498723775,-3.0498562879036593
2024-01-26,IM2402,2024-02-19,10.0,0.040983606557377046,5269.765,5216.8,0.26047861133593975,0.05916890352641365,0.258646189407318,0.2013097078095261,0.0018324219286217636,5260.018716208868,5217.19179252776,-43.21871620886759,-0.3917925277601171,2.5938430815983273
2024-01-26,IM2403,2024-03-15,29.0,0.11885245901639344,5269.765,5178.2,0.16147918670406475,0.0818560787941648,0.16375603599795918,0.07962310790989995,-0.002276849293894434,5227.435991662305,5176.798921345665,-49.23599166230542,1.401078654334924,2.4420039251396544
2024-01-26,IM2406,2024-06-21,93.0,0.38114754098360654,5269.765,5060.0,0.1205710305370414,0.09080584449682887,0.1166546129700427,0.029765186040212527,0.0039164175669986895,5117.73219756362,5067.5588688837815,-57.73219756361959,-7.5588688837815425,2.359529788212988
2024-01-26,IM2409,2024-09-20,156.0,0.639344262295082,5269.765,4975.8,0.10377887377847181,0.09108962086305289,0.10657524651582989,0.01268925291541892,-0.0027963727373580827,5016.331866612301,4966.91198908119,-40.5318666123012,8.888010918810323,1.3344237883330314
2024-01-29,IM2402,2024-02-19,9.0,0.036885245901639344,5131.247,5063.0,0.37700467166469076,0.24117723869634733,0.37712627025525525,0.13582743296834343,-0.00012159859056448674,5088.429420975102,5062.977291514138,-25.429420975102403,0.02270848586158536,1.6398184174127568
2024-01-29,IM2403,2024-03-15,28.0,0.11475409836065574,5131.247,5016.4,0.21125800578092055,0.1547520820762415,0.21027448517205843,0.05650592370467905,0.0009835206088621151,5049.033461943079,5016.966198007792,-32.633461943079055,-0.5661980077920816,1.6783622814270538
2024-01-29,IM2406,2024-06-21,92.0,0.3770491803278688,5131.247,4896.2,0.1383586194137655,0.11340230717834693,0.1318946352930636,0.024956312235418582,0.006463984120701899,4942.489497488479,4908.147767942881,-46.289497488479356,-11.947767942881,1.9648481903154067
2024-01-29,IM2409,2024-09-20,155.0,0.6352459016393442,5131.247,4823.6,0.11132950997198247,0.10457981748815104,0.1161879491753478,0.006749692483831435,-0.004858439203365331,4844.326622769105,4808.735855422324,-20.726622769104324,14.864144577676598,0.7080796072348323
2024-01-30,IM2402,2024-02-19,8.0,0.03278688524590164,4984.66,4907.2,0.4916813039301253,0.3475981807765904,0.49473521539505483,0.14408312315353494,-0.003053911464929504,4930.436635654059,4906.708675275506,-23.236635654058773,0.49132472449400666,1.6258101321706941
2024-01-30,IM2403,2024-03-15,27.0,0.11065573770491803,4984.66,4848.0,0.265220120017968,0.1953457258790023,0.2569102633352216,0.0698743941389657,0.00830985668274642,4885.630039059122,4852.459947763431,-37.63003905912228,-4.459947763431046,2.00770417534729
2024-01-30,IM2406,2024-06-21,91.0,0.3729508196721312,4984.66,4726.4,0.15664986242895665,0.12660390616348657,0.1497581795246459,0.030045956265470075,0.0068916829043107475,4779.660301623081,4738.563696363385,-53.26030162308143,-12.163696363385498,2.349019247165255
2024-01-30,IM2409,2024-09-20,154.0,0.6311475409836066,4984.66,4648.6,0.12459077781868876,0.11295961776684633,0.12865044656297112,0.01163116005184242,-0.00405966874428236,4682.8508341318275,4636.704371200064,-34.250834131827105,11.895628799936276,1.2170427522767837
2024-01-31,IM2402,2024-02-19,7.0,0.028688524590163935,4785.032,4727.2,0.4378507058918418,0.45438627571096346,0.44261388525293593,-0.016535569819121687,-0.004763179361094161,4724.958037471983,4726.554078926834,2.2419625280172113,0.6459210731654821,-0.17394688901501545
2024-01-31,IM2403,2024-03-15,26.0,0.10655737704918032,4785.032,4666.2,0.2500012717790725,0.2368999737256649,0.23824843733065132,0.013101298053407595,0.011752834448421179,4672.71875080465,4672.047381947803,-6.518750804650153,-5.847381947803115,0.36372150008536336
2024-01-31,IM2406,2024-06-21,90.0,0.36885245901639346,4785.032,4544.0,0.15412386190088237,0.1427868504839898,0.1484635460149228,0.011337011416892556,0.005660315885959583,4563.0413592769455,4553.4969711332915,-19.041359276945514,-9.496971133291481,0.8800204158924375
2024-01-31,IM2409,2024-09-20,153.0,0.6270491803278688,4785.032,4461.4,0.1256819804958565,0.12441170573538468,0.12997588733862425,0.0012702747604718123,-0.0042939068427677585,4464.955031154993,4449.4038786659685,-3.5550311549932303,11.996121334031159,0.13256942714491202
2024-02-01,IM2402,2024-02-19,6.0,0.02459016393442623,4750.444,4699.2,0.4550627732727383,0.4094639000517565,0.45559176755776215,0.04559887322098183,-0.0005289942850238427,4704.472091884465,4699.138872939929,-5.272091884465226,0.06112706007115776,0.4460261591873224
2024-02-01,IM2403,2024-03-15,25.0,0.10245901639344263,4750.444,4641.6,0.24022658105908445,0.22211782296547689,0.23796877991418108,0.01810875809360757,0.002257801144903371,4650.220044731991,4642.673875209609,-8.620044731990674,-1.073875209608559,0.4851481380052472
2024-02-01,IM2406,2024-06-21,89.0,0.36475409836065575,4750.444,4521.4,0.14947868875190654,0.1429236555604836,0.14682942817971803,0.006555033191422949,0.0026492605721885054,4532.223489557711,4525.771270065728,-10.823489557711582,-4.371270065727913,0.5051347431431816
2024-02-01,IM2409,2024-09-20,152.0,0.6229508196721312,4750.444,4441.0,0.12212813616306742,0.12661050635756246,0.12864799663015256,-0.0044823701944950445,-0.006519860467085137,4428.616709587967,4422.999225982396,12.383290412032693,18.00077401760427,-0.4665524510345039
2024-02-02,IM2403,2024-03-15,24.0,0.09836065573770492,4574.669,4447.4,0.30084935463815515,0.22185585979229072,0.30014958143505566,0.07899349484586443,0.0006997732030994963,4482.090234040553,4447.7061257493315,-34.69023404055315,-0.3061257493318408,2.0395753561334296
2024-02-02,IM2406,2024-06-21,88.0,0.36065573770491804,4574.669,4323.0,0.17089405375311909,0.14139932096767446,0.16516793769614457,0.029494732785444622,0.005726116056974512,4369.2311276434575,4331.936896897736,-46.23112764345751,-8.936896897736005,2.256102386810522
2024-02-02,IM2409,2024-09-20,151.0,0.6188524590163934,4574.669,4238.0,0.13752360473566216,0.12536302400624927,0.1401088522218473,0.012160580729412895,-0.0025852474861851327,4270.013825825658,4231.22510087503,-32.01382582565839,6.774899124970034,1.2623469413048336
2024-02-05,IM2406,2024-06-21,87.0,0.35655737704918034,4293.07,3922.6,0.2671076378923352,0.1573439740575539,0.24462638643342177,0.10976366383478131,0.022481251458913443,4079.1626859281223,3954.169355620766,-156.5626859281224,-31.569355620766146,8.326542307938334
2024-02-05,IM2409,2024-09-20,150.0,0.6147540983606558,4293.07,3850.0,0.1911910861823657,0.13540389274163606,0.19112644796363776,0.05578719344072963,6.463821872793041e-05,3984.3275555588802,3850.1529889876256,-134.32755555888025,-0.15298898762557656,5.747393933021816
2024-02-06,IM2403,2024-03-15,22.0,0.09016393442622951,4592.444,4568.4,0.0722196204908196,0.5015556669680556,0.07585027178316245,-0.42933604647723606,-0.003630651292342843,4394.933530152522,4566.90476162636,173.46646984747804,1.4952383736399497,-9.446846139151951
2024-02-06,IM2406,2024-06-21,86.0,0.3524590163934426,4592.444,4454.0,0.10084633951660418,0.2271072002342252,0.10778034151993851,-0.12626086071762102,-0.0069340020033343275,4260.134744978322,4443.127930720873,193.86525502167842,10.872069279126663,-9.315418051944034
2024-02-06,IM2409,2024-09-20,149.0,0.610655737704918,4592.444,4375.4,0.09328264167116516,0.18065564291933783,0.10830495084028675,-0.08737300124817267,-0.01502230916912159,4148.069808530834,4335.445984684014,227.33019146916558,39.954015315986,-8.91581215199893
2024-02-07,IM2403,2024-03-15,21.0,0.0860655737704918,4797.846,4793.0,0.02574159392269567,0.0824740854395036,0.020899068945900892,-0.05673249151680793,0.004842524976794778,4769.654191558679,4794.998017424795,23.345808441321424,-1.9980174247948526,-1.2946625355944203
2024-02-07,IM2406,2024-06-21,85.0,0.3483606557377049,4797.846,4715.0,0.06400033965697109,0.1097924610084084,0.07853021021179528,-0.045792121351437315,-0.014529870554824187,4640.382242358678,4691.194687599078,74.61775764132199,23.80531240092205,-3.40128034488588
2024-02-07,IM2409,2024-09-20,148.0,0.6065573770491803,4797.846,4636.8,0.07028914154387852,0.10946410466353196,0.08502182201905054,-0.03917496311965343,-0.01473268047517201,4527.919716407732,4595.549141333347,108.88028359226792,41.250858666653585,-3.970178347966306
2024-02-08,IM2403,2024-03-15,20.0,0.08196721311475409,4993.105,4980.4,0.0450825700379375,0.031219790062080255,0.043053238689478975,0.013862779975857248,0.002029331348458528,4986.062412323516,4981.228501842372,-5.662412323516037,-0.828501842372134,0.3031929865812401
2024-02-08,IM2406,2024-06-21,84.0,0.3442622950819672,4993.105,4887.0,0.07639237568971179,0.08167360977833672,0.07935845400829998,-0.0052812340886249365,-0.0029660783185881945,4878.122872153279,4882.01238754344,8.877127846721123,4.987612456559873,-0.38968881796826227
2024-02-08,IM2409,2024-09-20,147.0,0.6024590163934426,4993.105,4810.0,0.07601397207823585,0.08686221096732766,0.08339567812932891,-0.01084823888909181,-0.007381706051093062,4778.666175527191,4788.656580626285,31.333824472809283,21.343419373714823,-1.0993262854406103
2024-02-19,IM2403,2024-03-15,19.0,0.0778688524590164,5029.586,4954.6,0.20690430130140317,0.049383188304216764,0.20540282184554276,0.1575211129971864,0.001501479455860405,5015.747315137576,4955.179318177842,-61.14731513757579,-0.579318177841742,3.2962265301572993
2024-02-19,IM2406,2024-06-21,83.0,0.3401639344262295,5029.586,4842.8,0.1252540304241071,0.08124489085165948,0.12114676668760774,0.04400913957244762,0.004107263736499361,4915.843655080788,4849.570812878767,-73.04365508078808,-6.770812878767174,3.222322869009165
2024-02-19,IM2409,2024-09-20,146.0,0.5983606557377049,5029.586,4753.8,0.10824646457519446,0.08449575677398553,0.10841705931489266,0.02375070780120893,-0.0001705947396982016,4821.840913041544,4753.314770266099,-68.04091304154372,0.4852297339011784,2.4015972543252238
2024-02-20,IM2403,2024-03-15,18.0,0.07377049180327869,5046.012,4989.0,0.1680282459919446,0.19187438772456406,0.16675804564102448,-0.023846141732619452,0.0012702003509201254,4980.231357444738,4989.467507689696,8.768642555261977,-0.4675076896955943,-0.4765978077224736
2024-02-20,IM2404,2024-04-19,41.0,0.1680327868852459,5046.012,4955.2,0.12207830089090625,0.13992381044091837,0.12857442461056146,-0.017845509550012115,-0.006496123719655203,4940.363440938147,4949.794044108753,14.836559061853222,5.4059558912467764,-0.7470977532998894
2024-02-20,IM2406,2024-06-21,82.0,0.3360655737704918,5046.012,4873.2,0.11769233137520159,0.11714959754936931,0.11155487708803778,0.0005427338258322811,0.006137454287163807,4874.088924258944,4883.261772512648,-0.8889242589439164,-10.061772512648531,0.03941284938564901
2024-02-20,IM2409,2024-09-20,145.0,0.5942622950819673,5046.012,4787.8,0.10239061983764203,0.10606880016518049,0.10296061334458426,-0.003678180327538458,-0.0005699935069422291,4777.346237267865,4786.178523968027,10.453762732135147,1.6214760319735433,-0.37086241158427663
2024-02-21,IM2403,2024-03-15,17.0,0.06967213114754098,5073.482,5001.4,0.2193833205178439,0.15820705486440367,0.2177159425137677,0.061176265653440226,0.0016673780040762087,5022.762866137209,5001.98104528185,-21.362866137209494,-0.5810452818504928,1.1664256932711647
2024-02-21,IM2404,2024-04-19,40.0,0.16393442622950818,5073.482,4964.0,0.14707454720432073,0.12398566300473603,0.15092355749198524,0.0230888841995847,-0.003849010287664517,4982.824656430804,4960.868776986977,-18.82465643080377,3.131223013023373,0.9476253598836791
2024-02-21,IM2406,2024-06-21,81.0,0.3319672131147541,5073.482,4887.2,0.1266852985861031,0.10907870410340148,0.12274681676608015,0.017606594482701632,0.00393848182002296,4915.848406428645,4893.59393311862,-28.648406428645103,-6.393933118620225,1.2734503486273354
2024-02-21,IM2409,2024-09-20,144.0,0.5901639344262295,5073.482,4796.6,0.10909227863048908,0.101508083653619,0.10943348671099028,0.007584194976870073,-0.00034120808050119855,4818.117308879184,4795.634212120997,-21.517308879183474,0.9657878790030736,0.7670852307846886
2024-02-22,IM2403,2024-03-15,16.0,0.06557377049180328,5151.534,5122.4,0.10048969146697223,0.20313949159827394,0.09952352424990996,-0.1026498001313017,0.0009661672170622748,5088.036220327877,5122.724541097148,34.36377967212229,-0.32454109714853985,-1.8622850859134272
2024-02-22,IM2404,2024-04-19,39.0,0.1598360655737705,5151.534,5089.0,0.09041070712094633,0.14323084980814724,0.09696399964503401,-0.05282014268720091,-0.006553292524087678,5046.216647584501,5083.672305000864,42.783352415499394,5.327694999135929,-2.119631951863358
2024-02-22,IM2406,2024-06-21,80.0,0.32786885245901637,5151.534,5010.8,0.09848180180878868,0.1186444125111353,0.095036809819454,-0.020162610702346623,0.003444991989334678,4977.784392599854,5016.462924061608,33.01560740014611,-5.662924061607555,-1.446285282739933
2024-02-22,IM2409,2024-09-20,143.0,0.5860655737704918,5151.534,4919.8,0.09253499196862792,0.10704533516937714,0.09315386924689453,-0.014510343200749218,-0.000618877278266608,4878.139351153874,4918.01589898666,41.660648846126605,1.7841010133397504,-1.4642571832282847
2024-02-23,IM2403,2024-03-15,15.0,0.06147540983606557,5225.67,5217.0,0.04101072281417983,0.099104974266923,0.0400743117497647,-0.05809425145274317,0.0009364110644151241,5198.4014045578615,5217.300331791314,18.598595442138503,-0.3003317913144201,-1.0008789880535662
2024-02-23,IM2404,2024-04-19,38.0,0.1557377049180328,5225.67,5184.0,0.06540733420635636,0.0967314266358319,0.07143799466595346,-0.031324092429475536,-0.006030660459597104,5158.772258515477,5179.133466564892,25.227741484522994,4.866533435108067,-1.2281438276572907
2024-02-23,IM2406,2024-06-21,79.0,0.3237704918032787,5225.67,5102.2,0.08785231401768435,0.09490054445014692,0.08242839142876746,-0.007048230432462568,0.005423922588916899,5090.57000842938,5111.167876428883,11.629991570619495,-8.967876428882846,-0.5011684818125368
2024-02-23,IM2409,2024-09-20,142.0,0.5819672131147541,5225.67,5014.6,0.08484481883363197,0.09306479949514933,0.08593278808786327,-0.008219980661517357,-0.0010879692542312969,4990.668647480047,5011.425948605347,23.93135251995318,3.174051394653361,-0.8270769988070198
2024-02-26,IM2403,2024-03-15,14.0,0.05737704918032787,5255.396,5215.0,0.14848356006930538,0.046649352471460646,0.14626514144943673,0.10183420759784473,0.002218418619868656,5245.560158891062,5215.663840376839,-30.5601588910622,-0.6638403768392891,1.6627030553321114
2024-02-26,IM2404,2024-04-19,37.0,0.15163934426229508,5255.396,5178.4,0.1113311386659989,0.07477351501784352,0.11587509114523992,0.03655762364815539,-0.004543952479241012,5207.186560499277,5174.833094055308,-28.786560499277584,3.5669059446918254,1.3994108861607055
2024-02-26,IM2406,2024-06-21,78.0,0.319672131147541,5255.396,5102.6,0.10629814447973088,0.0841515279644437,0.10385722352865104,0.022146616515287182,0.002440920951079839,5138.852830577587,5106.583084004639,-36.25283057758679,-3.9830840046388403,1.5606464223071435
2024-02-26,IM2409,2024-09-20,141.0,0.5778688524590164,5255.396,5003.2,0.09910174992486884,0.08691086643142243,0.09793326762845178,0.012190883493446408,0.001168482296417056,5038.570644487202,5006.57944917675,-35.3706444872023,-3.379449176750313,1.2228487628320501
2024-02-27,IM2403,2024-03-15,13.0,0.05327868852459016,5394.034,5386.0,0.04197616926212935,0.14033793098358072,0.04006282599951388,-0.09836176172145136,0.001913343262615469,5357.848036423889,5386.5490790868635,28.151963576110575,-0.5490790868634576,-1.5187905435511946
2024-02-27,IM2404,2024-04-19,36.0,0.14754098360655737,5394.034,5355.8,0.062213330232089005,0.11289054152411979,0.07160135269858489,-0.05067721129203078,-0.009388022466495886,5315.904203251402,5348.386719966267,39.895796748598514,7.413280033732917,-1.8925733082217826
2024-02-27,IM2406,2024-06-21,77.0,0.3155737704918033,5394.034,5271.0,0.08711580455057141,0.10230577347700281,0.08193921053177995,-0.015189968926431402,0.005176594018791461,5245.7936298848745,5279.617728362824,25.206370115125537,-8.617728362823982,-1.0606329182501766
2024-02-27,IM2409,2024-09-20,140.0,0.5737704918032787,5394.034,5178.0,0.08523866990759026,0.09703765612932956,0.08516214182230555,-0.011798986221739305,7.652808528470223e-05,5143.063796272908,5178.227368678614,34.936203727092106,-0.2273686786138569,-1.1798181864232173
2024-02-28,IM2403,2024-03-15,12.0,0.04918032786885246,5152.052,5117.6,0.15042655622222983,0.046195963388468285,0.14973831450580483,0.10423059283376154,0.0006882417164250088,5143.900654619856,5117.7732232172475,-26.300654619855777,-0.1732232172471413,1.5186630401411036
2024-02-28,IM2404,2024-04-19,35.0,0.14344262295081966,5152.052,5078.6,0.11410587206416924,0.07460524342334272,0.11654117648935863,0.03950062864082651,-0.002435304425189397,5107.457399173727,5076.826220500607,-28.857399173726662,1.7737794993936404,1.4380657442585056
2024-02-28,IM2406,2024-06-21,76.0,0.3114754098360656,5152.052,5000.0,0.11017828097725327,0.08345860570546047,0.10429256249687863,0.026719675271792795,0.005885718480374641,5041.7862513325435,5009.174690090194,-41.78625133254354,-9.174690090194417,1.848293789330756
2024-02-28,IM2409,2024-09-20,139.0,0.569672131147541,5152.052,4910.8,0.09818565341728105,0.08601607681863825,0.09837096782089907,0.012169576598642803,-0.00018531440361801987,4944.963233497875,4910.281601813372,-34.1632334978749,0.5183981866284739,1.2129929240962112
2024-02-29,IM2403,2024-03-15,11.0,0.045081967213114756,5344.605,5333.8,0.05888959301535871,0.14371832243508736,0.05786347460459439,-0.08482872941972866,0.0010261184107643179,5313.441190054358,5334.046744289757,20.35880994564195,-0.2467442897568617,-1.1636293001797595
2024-02-29,IM2404,2024-04-19,34.0,0.13934426229508196,5344.605,5300.0,0.07414471071994751,0.11361714558364279,0.0808361892635907,-0.03947243486369528,-0.006691478543643187,5270.928659437166,5295.060481759514,29.07134056283394,4.939518240485995,-1.3997477798954991
2024-02-29,IM2406,2024-06-21,75.0,0.3073770491803279,5344.605,5215.2,0.09373985807159783,0.10280368696638773,0.08737790484282587,-0.009063828894789891,0.006361953228771963,5200.690606171701,5225.408397716069,14.509393828298926,-10.208397716069157,-0.6210156778840044
2024-02-29,IM2409,2024-09-20,138.0,0.5655737704918032,5344.605,5129.0,0.08680559079209234,0.09751888623058895,0.08879130686289939,-0.010713295438496612,-0.001985716070807053,5098.016535683791,5123.243012833969,30.983464316209393,5.75698716603074,-1.0643863898800698
2024-03-01,IM2403,2024-03-15,10.0,0.040983606557377046,5401.939,5392.0,0.058934785816166,0.06204422783991984,0.05644856709841347,-0.003109442023753843,0.0024862187177525294,5391.312908068315,5392.549441570921,0.6870919316852451,-0.5494415709208624,-0.04006252513761666
2024-03-01,IM2404,2024-04-19,33.0,0.13524590163934427,5401.939,5361.2,0.0699731014298542,0.08279922705184073,0.0791356667990652,-0.012826125621986526,-0.009162565369210993,5351.908090208094,5354.560518768241,9.29190979190571,6.639481231758509,-0.44265181756048166
2024-03-01,IM2406,2024-06-21,74.0,0.30327868852459017,5401.939,5277.0,0.09115744513056183,0.08834171514811623,0.08548456952139748,0.0028157299824456,0.005672875609164352,5281.5082235066475,5286.086693840303,-4.508223506647482,-9.086693840303269,0.19105142208256773
2024-03-01,IM2409,2024-09-20,137.0,0.5614754098360656,5401.939,5189.0,0.08562729142274501,0.08932222193305676,0.08699829497080677,-0.0036949305103117502,-0.0013710035480617583,5178.245994156617,5185.007123806419,10.754005843383311,3.9928761935807415,-0.36589518115333813
2024-03-04,IM2403,2024-03-15,9.0,0.036885245901639344,5428.336,5383.4,0.23936101580953587,0.060400498987123345,0.23623209748109758,0.1789605168224125,0.003128918328438285,5419.053382346968,5384.021339011193,-35.6533823469681,-0.6213390111934132,2.16045496953372
2024-03-04,IM2404,2024-04-19,32.0,0.13114754098360656,5428.336,5344.4,0.13282310152447954,0.08095611950841021,0.14192066205194453,0.05186698201606933,-0.009097560527464993,5380.877747086477,5338.0272775600615,-36.47774708647739,6.372722439938116,1.7405269971863477
2024-03-04,IM2406,2024-06-21,73.0,0.29918032786885246,5428.336,5260.6,0.11891181973023446,0.08636954745867656,0.11296818589905291,0.0325422722715579,0.005943633831181544,5312.067378892638,5269.962817385031,-51.4673788926375,-9.362817385030212,2.1862034421618173
2024-03-04,IM2409,2024-09-20,136.0,0.5573770491803278,5428.336,5167.8,0.10224470857002178,0.08748445022720959,0.10163086195925385,0.014760258342812194,0.0006138466107679375,5210.491011014455,5169.568434340463,-42.69101101445449,-1.7684343404625906,1.4567956715320522
2024-03-05,IM2403,2024-03-15,8.0,0.03278688524590164,5375.132,5311.4,0.37779417486259,0.22079005078030958,0.373709130154969,0.1570041240822804,0.0040850447076209995,5338.811860525365,5312.11143473931,-27.411860525365228,-0.7114347393107892,1.7715368327654555
2024-03-05,IM2404,2024-04-19,31.0,0.12704918032786885,5375.132,5268.6,0.1715646469200885,0.13489331337338142,0.18499423877434454,0.03667133354670707,-0.013429591854256046,5293.204009937958,5259.618281055018,-24.604009937957926,8.981718944982276,1.19545442236737
2024-03-05,IM2406,2024-06-21,72.0,0.29508196721311475,5375.132,5183.8,0.13682944340924494,0.10954040416032586,0.13029582661399355,0.02728903924891908,0.006533616795251385,5225.711085155188,5193.803760442535,-41.91108515518772,-10.003760442535167,1.8147922778295231
2024-03-05,IM2409,2024-09-20,135.0,0.5532786885245902,5375.132,5090.0,0.11251328529322402,0.09971873152126756,0.11022313606576814,0.012794553771956457,0.002290149227455879,5126.159710972317,5096.453579746151,-36.15971097231704,-6.453579746151263,1.258529529757187
2024-03-06,IM2403,2024-03-15,7.0,0.028688524590163935,5381.459,5345.0,0.2509582479275661,0.3439534113757702,0.2504154589563114,-0.09299516344820408,0.000542788971254704,5330.759111429381,5345.083231997869,14.240888570619063,-0.08323199786900659,-0.9782339841282648
2024-03-06,IM2404,2024-04-19,30.0,0.12295081967213115,5381.459,5300.8,0.13682776541301378,0.17176074134651068,0.14363326777474955,-0.034932975933496896,-0.006805502361735771,5278.081685376113,5296.366452636475,22.718314623887636,4.433547363525577,-1.1051781676363697
2024-03-06,IM2406,2024-06-21,71.0,0.29098360655737704,5381.459,5215.2,0.12184830369864912,0.12393380781124191,0.11350965876971997,-0.002085504112592798,0.008338644928929148,5212.0361289661,5227.869572654006,3.16387103390025,-12.669572654006515,-0.13726368604489916
2024-03-06,IM2409,2024-09-20,134.0,0.5491803278688525,5381.459,5122.0,0.10397871321054973,0.10670241945723387,0.10212998975563946,-0.0027237062466841377,0.0018487234549102727,5114.344209449352,5127.20291800602,7.655790550647907,-5.2029180060199,-0.26699960311537607
2024-03-07,IM2403,2024-03-15,6.0,0.02459016393442623,5303.277,5277.0,0.21599852936024058,0.23429326713551374,0.2146300964192288,-0.018294737775273157,0.0013684329410117713,5274.626566747309,5277.177573986756,2.3734332526910293,-0.17757398675621516,-0.17894498457796812
2024-03-07,IM2404,2024-04-19,29.0,0.11885245901639344,5303.277,5234.8,0.12334811347934405,0.13661549735728928,0.13159580349239997,-0.013267383877945238,-0.00824769001305592,5226.551951720232,5229.671058423462,8.248048279768227,5.128941576538637,-0.4069354590475634
2024-03-07,IM2406,2024-06-21,70.0,0.28688524590163933,5303.277,5149.2,0.11677129616410657,0.11017195946812887,0.10886536551077106,0.006599336695977703,0.007905930653335516,5158.95796913602,5160.892128466828,-9.75796913602062,-11.692128466827853,0.42979174131212383
2024-03-07,IM2409,2024-09-20,133.0,0.5450819672131147,5303.277,5056.2,0.10152760359091685,0.10028774449153827,0.10008995319122473,0.0012398590993785846,0.0014376503996921253,5059.618260483181,5060.163779836894,-3.418260483181257,-3.963779836893991,0.12111904152592497
2024-03-08,IM2404,2024-04-19,28.0,0.11475409836065574,5370.372,5303.6,0.12302743156699356,0.12648685720148337,0.12668992245924676,-0.00345942563448981,-0.0036624908922532062,5301.494977388737,5301.371440367308,2.105022611262939,2.2285596326919404,-0.10275881058286225
2024-03-08,IM2406,2024-06-21,69.0,0.2827868852459016,5370.372,5216.0,0.11713899534188563,0.10646274327704215,0.10885597590915996,0.010676252064843475,0.008283019432725663,5231.771442649788,5228.2319094376635,-15.771442649787787,-12.23190943766349,0.6878507035219934
2024-03-08,IM2409,2024-09-20,132.0,0.5409836065573771,5370.372,5120.2,0.10217952798892983,0.09876755662723351,0.10145378833516751,0.0034119713616963254,0.0007257396537623251,5129.659698263471,5122.210653068554,-9.459698263471182,-2.0106530685543476,0.33213298923093365
2024-03-11,IM2404,2024-04-19,27.0,0.11065573770491803,5466.646,5413.6,0.10211978423763109,0.12290191199806928,0.10619458346561193,-0.020782127760438196,-0.0040747992279808465,5401.164855330808,5411.159558461263,12.435144669192596,2.4404415387371046,-0.5939247439989592
2024-03-11,IM2406,2024-06-21,68.0,0.2786885245901639,5466.646,5319.6,0.11184096116020417,0.10708964901207352,0.1031928774400504,0.004751312148130654,0.00864808372015377,5326.648540366617,5332.436345719544,-7.04854036661709,-12.836345719543715,0.3027606205584396
2024-03-11,IM2409,2024-09-20,131.0,0.5368852459016393,5466.646,5219.0,0.10034890483526014,0.1004804111093975,0.10017796750314015,-0.00013150627413735516,0.00017093733211999418,5218.63153188868,5219.478989084135,0.36846811131999857,-0.4789890841348097,-0.012694670382207295
2024-03-12,IM2404,2024-04-19,26.0,0.10655737704918032,5496.355,5446.2,0.10002902718011995,0.10593436039867064,0.10261266202655399,-0.00590533321855069,-0.0025836348464340353,5442.774019539622,5444.700838362355,3.425980460378014,1.4991616376446473,-0.16310266398084974
2024-03-12,IM2406,2024-06-21,67.0,0.27459016393442626,5496.355,5352.0,0.11092562201657785,0.10304709377190063,0.10355260924742311,0.007878528244677219,0.007373012769154738,5363.590869899295,5362.846403788569,-11.590869899295285,-10.84640378856875,0.49557256534700816
2024-03-12,IM2409,2024-09-20,130.0,0.5327868852459017,5496.355,5252.2,0.09928383501273146,0.1000796412285021,0.10144825824107176,-0.0007958062157706475,-0.0021644232283403037,5249.9735648893675,5246.14677827042,2.2264351106323375,6.053221729579491,-0.0760907023615693
2024-03-13,IM2404,2024-04-19,25.0,0.10245901639344263,5521.784,5473.0,0.10061106295243197,0.10329122764229437,0.10222210757819072,-0.002680164689862402,-0.0016110446257587563,5471.497282019507,5472.096668077588,1.5027179804928892,0.9033319224117804,-0.07145348905311938
2024-03-13,IM2406,2024-06-21,66.0,0.27049180327868855,5521.784,5380.0,0.11016787640764066,0.1038238833021864,0.10409271354301111,0.006343993105454249,0.006075162864629544,5389.239995606977,5388.8481238497,-9.239995606976663,-8.848123849699732,0.39423620937450626
2024-03-13,IM2409,2024-09-20,129.0,0.5286885245901639,5521.784,5281.2,0.09826067483174891,0.10157073681942858,0.10212174068717082,-0.0033100619876796633,-0.0038610658554219107,5271.966025412629,5270.430475708503,9.23397458737054,10.769524291496964,-0.3146156426830814
2024-03-14,IM2404,2024-04-19,24.0,0.09836065573770492,5486.646,5437.2,0.106037993440552,0.10310797350312806,0.10750571787395517,0.002930019937423936,-0.001467724433403178,5438.7672197002585,5436.415108005948,-1.5672197002586472,0.7848919940515771,0.07530280875044258
2024-03-14,IM2406,2024-06-21,65.0,0.26639344262295084,5486.646,5344.2,0.1127459710862381,0.10444858105321597,0.10709898821425273,0.008297390033022128,0.005646982871985368,5356.025725735848,5352.245432642007,-11.82572573584821,-8.045432642006745,0.5095055992641315
2024-03-14,IM2409,2024-09-20,128.0,0.5245901639344263,5486.646,5241.0,0.10131543821368239,0.10228705643176048,0.10424223406099345,-0.0009716182180780908,-0.0029267958473110645,5238.329335849045,5232.95930896045,2.6706641509554174,8.040691039550438,-0.09192985624779029
2024-03-15,IM2404,2024-04-19,23.0,0.0942622950819672,5555.644,5532.2,0.05886185619160853,0.10792200251010647,0.060704213379304844,-0.04906014631849794,-0.0018423571876963127,5506.675284745433,5531.239334919372,25.524715254567127,0.9606650806281323,-1.2138138125450395
2024-03-15,IM2406,2024-06-21,64.0,0.26229508196721313,5555.644,5440.0,0.09419703205866081,0.10724223535443676,0.08917415643067364,-0.01304520329577595,0.005022875627987172,5421.417801303983,5447.171790417559,18.582198696017258,-7.17179041755935,-0.791452974083064
2024-03-15,IM2409,2024-09-20,127.0,0.5204918032786885,5555.644,5342.8,0.089053031764028,0.10429192746901327,0.0946837735968464,-0.015238895704985267,-0.005630741832818406,5300.590024903507,5327.164485466866,42.20997509649351,15.635514533134483,-1.4358902111171685
2024-03-18,IM2404,2024-04-19,22.0,0.09016393442622951,5648.012,5639.6,0.0305308206101707,0.06703562237096156,0.030658674148627357,-0.03650480176079086,-0.00012785353845665842,5621.068241810218,5639.534988317588,18.531758189782522,0.06501168241265987,-0.8682210254618219
2024-03-18,IM2405,2024-05-17,39.0,0.1598360655737705,5648.012,5606.6,0.060041859254863036,0.08401889965921697,0.06171444947897676,-0.02397704040435393,-0.0016725902241137222,5585.154409937364,5605.101330542523,21.445590062636256,1.4986694574772628,-0.960238015630989
2024-03-18,IM2406,2024-06-21,63.0,0.2581967213114754,5648.012,5550.8,0.08124161031817946,0.09183702850794058,0.07687407496189812,-0.010595418189761119,0.0043675353562813435,5535.6354163703845,5557.0630752317165,15.164583629615663,-6.263075231716357,-0.6349863415078053
2024-03-18,IM2409,2024-09-20,126.0,0.5163934426229508,5648.012,5456.8,0.08069543923963236,0.09605893675584633,0.0873675619474716,-0.015363497516213964,-0.006672122707839234,5413.6791585051815,5438.031272578094,43.120841494818706,18.76872742190608,-1.4418214135500154
2024-03-19,IM2404,2024-04-19,21.0,0.0860655737704918,5607.475,5581.6,0.06773873945202258,0.04034800212862705,0.06862619657802857,0.02739073732339553,-0.0008874571260059916,5594.773582779733,5581.17369642578,-13.173582779732897,0.42630357422058296,0.6260228733921546
2024-03-19,IM2405,2024-05-17,38.0,0.1557377049180328,5607.475,5545.2,0.08570929102444992,0.0678863353450384,0.08336103114716023,0.017822955679411515,0.0023482598772896907,5560.613227488475,5547.228320399376,-15.413227488475059,-2.0283203993758434,0.6987848757407598
2024-03-19,IM2406,2024-06-21,62.0,0.2540983606557377,5607.475,5495.2,0.09359730679804998,0.08090135380695075,0.09000333845330095,0.012695952991099227,0.003593968344749024,5512.956255356468,5500.22062671566,-17.7562553564685,-5.020626715660001,0.7535366382212806
2024-03-19,IM2409,2024-09-20,125.0,0.5122950819672131,5607.475,5401.8,0.08694291716345912,0.08944904015050228,0.09355243239182277,-0.002506122987043169,-0.006609515228363658,5394.869216907965,5383.540316865035,6.930783092035199,18.2596831349656,-0.2351817910523887
2024-03-20,IM2404,2024-04-19,20.0,0.08196721311475409,5659.154,5629.0,0.07917977608083009,0.07317959573286344,0.08121088279407387,0.006000180347966649,-0.0020311067132437882,5631.769124764076,5628.062938686338,-2.7691247640759684,0.9370613136616157,0.13140654297517304
2024-03-20,IM2405,2024-05-17,37.0,0.15163934426229508,5659.154,5591.4,0.09342996654164616,0.08622056675975022,0.09074364631981179,0.007209399781895942,0.0026863202218343762,5597.516021199777,5593.6781310298675,-6.116021199777606,-2.2781310298678363,0.27597622951463197
2024-03-20,IM2406,2024-06-21,61.0,0.25,5659.154,5539.0,0.09984172811084818,0.0918467011577595,0.09464876817143775,0.00799502695308868,0.005192959939410435,5550.082185179971,5546.195621086963,-11.08218517997102,-7.195621086963001,0.4685076780823091
2024-03-20,IM2409,2024-09-20,124.0,0.5081967213114754,5659.154,5446.2,0.08947528681648209,0.09448786964110094,0.09592389144841314,-0.005012582824618847,-0.006448604631931046,5432.344124652402,5428.3811462356725,13.855875347598158,17.818853764327287,-0.46868114824980106
2024-03-21,IM2404,2024-04-19,19.0,0.0778688524590164,5658.279,5627.0,0.08518818048482842,0.08413103280389886,0.08593423707163787,0.0010571476809295571,-0.0007460565868094571,5627.463227385635,5626.673111348329,-0.4632273856350366,0.32688865167074255,0.02214814976864924
2024-03-21,IM2405,2024-05-17,36.0,0.14754098360655737,5658.279,5592.2,0.09361864165423985,0.09254963558960103,0.09302246296120663,0.0010690060646388194,0.0005961786930332169,5593.082083682101,5592.691915968516,-0.8820836821014382,-0.4919159685159684,0.03992391391901521
2024-03-21,IM2406,2024-06-21,60.0,0.2459016393442623,5658.279,5540.0,0.0999094785674567,0.09579744709750507,0.0956788414256481,0.004112031469951635,0.004230637141808602,5545.604633348178,5545.7663750912325,-5.60463334817814,-5.766375091232476,0.23782172207233265
2024-03-21,IM2409,2024-09-20,123.0,0.5040983606557377,5658.279,5445.0,0.09021930358836544,0.09649458948777097,0.09602087068261694,-0.006275285899405528,-0.005801567094251503,5427.802712491525,5429.099031293099,17.1972875084748,15.90096870690104,-0.5844388210287068
2024-03-22,IM2404,2024-04-19,18.0,0.07377049180327869,5595.885,5558.8,0.10413425837496185,0.08806964860493466,0.10632330096435136,0.01606460977002719,-0.0021890425893895116,5565.391606501032,5557.902399940216,-6.591606501031492,0.8976000597840539,0.32141864308133866
2024-03-22,IM2405,2024-05-17,35.0,0.14344262295081966,5595.885,5521.8,0.10691249584006031,0.09432319534660409,0.1049254807741496,0.012589300493456218,0.001987015065910716,5531.780508823391,5523.374062395831,-9.980508823390664,-1.5740623958308788,0.4583487184740719
2024-03-22,IM2406,2024-06-21,59.0,0.24180327868852458,5595.885,5466.6,0.11066806571019905,0.09649548569604391,0.10347314409346678,0.01417258001415514,0.007194921616732269,5485.366045754224,5476.1188259789615,-18.76604575422334,-9.518825978961104,0.8087281784093894
2024-03-22,IM2409,2024-09-20,122.0,0.5,5595.885,5374.8,0.09462028435963385,0.09641860872532448,0.10048690851836953,-0.0017983243656906345,-0.005866624158735678,5369.969355191671,5359.0571348920585,4.830644808329453,15.742865107941725,-0.16680619286384535
2024-03-25,IM2404,2024-04-19,17.0,0.06967213114754098,5466.062,5435.4,0.09473982056272781,0.10614304534127898,0.09976305435963109,-0.011403224778551171,-0.005023233796903281,5431.083360494874,5433.498054788375,4.31663950512575,1.9019452116244793,-0.2174924381443297
2024-03-25,IM2405,2024-05-17,34.0,0.13934426229508196,5466.062,5393.8,0.10950651224523023,0.10479424060407805,0.10421850873019758,0.004712271641152177,0.005288003515032641,5397.342883241284,5397.775902083017,-3.542883241283562,-3.97590208301699,0.167113812141452
2024-03-25,IM2406,2024-06-21,58.0,0.23770491803278687,5466.062,5337.0,0.11452266959462584,0.10337116991306824,0.10519163650699119,0.011151499681557597,0.009331033087634652,5351.165906797316,5348.850777059288,-14.165906797315984,-11.850777059287793,0.627635088665991
2024-03-25,IM2409,2024-09-20,121.0,0.4959016393442623,5466.062,5241.6,0.09855635498024046,0.1004133486998719,0.1034783846708917,-0.001856993719631439,-0.004922029690651239,5236.775304576538,5228.821680744258,4.824695423462799,12.778319255742645,-0.1715384133147592
2024-03-26,IM2404,2024-04-19,16.0,0.06557377049180328,5447.748,5401.0,0.14542740756546133,0.10113965433386231,0.14664451200972536,0.04428775323159902,-0.0012171044442640389,5416.7079226982,5400.568962702211,-15.707922698199582,0.4310372977888619,0.8037076936835069
2024-03-26,IM2405,2024-05-17,33.0,0.13524590163934427,5447.748,5363.2,0.12965230602641717,0.10502096491075111,0.12923938570242954,0.02463134111566606,0.00041292032398762557,5381.096155541234,5363.499520458863,-17.896155541234293,-0.2995204588632987,0.8501338176134279
2024-03-26,IM2406,2024-06-21,57.0,0.2336065573770492,5447.748,5304.2,0.12830908878289762,0.10567328881813258,0.12045864658739383,0.022635799964765044,0.007850442195503793,5332.3222147644465,5313.9363758634645,-28.122214764446653,-9.736375863464673,1.2561710838286522
2024-03-26,IM2409,2024-09-20,120.0,0.4918032786885246,5447.748,5207.2,0.10582539228931247,0.1036928924200497,0.11145086369876757,0.002132499869262769,-0.005625471409455102,5212.664022121687,5192.813538974427,-5.464022121686867,14.386461025573226,0.19616421535814482
2024-03-27,IM2404,2024-04-19,15.0,0.06147540983606557,5266.231,5216.8,0.16740669305830852,0.14257834747152487,0.17188408720635617,0.02482834558678365,-0.004477394148047653,5224.768652396703,5215.364275277171,-7.968652396702964,1.4357247228290362,0.42786643914500466
2024-03-27,IM2405,2024-05-17,32.0,0.13114754098360656,5266.231,5172.0,0.15167292454882048,0.12678946087804505,0.14378516030601377,0.02488346367077543,0.00788776424280671,5188.905901428708,5177.352999950786,-16.905901428707693,-5.352999950786398,0.8351013969190354
2024-03-27,IM2406,2024-06-21,56.0,0.22950819672131148,5266.231,5121.4,0.1355080230179179,0.11890189063211992,0.13045132274231713,0.016606132385797973,0.005056700275600762,5140.956145396582,5127.347112388795,-19.556145396581996,-5.947112388795176,0.9083532426936081
2024-03-27,IM2409,2024-09-20,119.0,0.48770491803278687,5266.231,5017.4,0.11324660053429247,0.11064257700646535,0.11788353061124172,0.002604023527827126,-0.00463693007694925,5023.776121284722,5006.066202950131,-6.376121284722103,11.333797049868735,0.23852241509499988
2024-03-28,IM2404,2024-04-19,14.0,0.05737704918032787,5382.236,5349.6,0.1200024790840392,0.16545541969162522,0.12262049849033814,-0.04545294060758602,-0.002618019406298938,5335.666657342851,5348.796474316667,13.933342657149296,0.8035256833336462,-0.7423040072741922
2024-03-28,IM2405,2024-05-17,31.0,0.12704918032786885,5382.236,5309.0,0.12183546636336506,0.13997547410902744,0.12015093108903283,-0.01814000774566238,0.0016845352743322384,5296.77857903095,5310.136347541916,12.221420969050087,-1.1363475419157112,-0.5914094102368317
2024-03-28,IM2406,2024-06-21,55.0,0.22540983606557377,5382.236,5249.0,0.1252033058567095,0.1280616116574031,0.11769043044374464,-0.0028583058006936,0.007512875412964859,5245.61920974199,5257.89658655567,3.3807902580101654,-8.896586555670183,-0.1540556597211101
2024-03-28,IM2409,2024-09-20,118.0,0.48360655737704916,5382.236,5145.0,0.10721323551060649,0.11666317551123029,0.11266233845000101,-0.009449940000623797,-0.005449102939394518,5121.540723464115,5131.459632029,23.459276535884783,13.540367970999796,-0.8618667049184854
2024-03-29,IM2404,2024-04-19,13.0,0.05327868852459016,5441.26,5412.0,0.11520259218944301,0.12232046106875698,0.11555665911678402,-0.007117868879313968,-0.00035406692734100964,5409.94799246562,5411.89790779598,2.052007534380209,0.10209220401975472,-0.10992796808699501
2024-03-29,IM2405,2024-05-17,30.0,0.12295081967213115,5441.26,5375.0,0.1136502318132543,0.11993859595963749,0.1168453314860532,-0.006288364146383188,-0.003195099672798893,5370.845873654818,5372.888899024821,4.154126345181794,2.111100975179397,-0.19896849996439203
2024-03-29,IM2406,2024-06-21,54.0,0.22131147540983606,5441.26,5308.0,0.1260390850940073,0.11752690165620484,0.11589967496697982,0.008512183437802454,0.010139410127027473,5318.008867903814,5319.924355092881,-10.008867903813552,-11.924355092881342,0.4518941233046934
2024-03-29,IM2409,2024-09-20,117.0,0.47950819672131145,5441.26,5209.6,0.10473374471415133,0.11254388847973698,0.11188947576721035,-0.007810143765585656,-0.007155731053059028,5190.126389742703,5191.755287548804,19.47361025729697,17.844712451196756,-0.7092008679539378
2024-04-01,IM2404,2024-04-19,12.0,0.04918032786885246,5559.056,5541.6,0.07794918628833247,0.11609392819679935,0.0789175515581896,-0.03814474190846688,-0.0009683652698571216,5531.213864675427,5541.336090236169,10.386135324572933,0.2639097638311796,-0.555873989270676
2024-04-01,IM2405,2024-05-17,29.0,0.11885245901639344,5559.056,5503.0,0.09927304930094119,0.11711208670431023,0.09762975624889542,-0.017839037403369035,0.0016432930520457745,5491.344825414456,5504.07489270384,11.655174585544046,-1.0748927038403053,-0.5472258701167821
2024-04-01,IM2406,2024-06-21,53.0,0.21721311475409835,5559.056,5446.2,0.10842427967383282,0.11602779279359077,0.10361611444443394,-0.007603513119757946,0.004808165229398878,5437.212573712047,5451.890963761511,8.987426287952985,-5.6909637615108295,-0.3974433509050673
2024-04-01,IM2409,2024-09-20,116.0,0.47540983606557374,5559.056,5352.8,0.09352826870662312,0.11191344167764665,0.10459329513482217,-0.01838517297102353,-0.011065026428199051,5306.217766437302,5324.715942739581,46.58223356269809,28.084057260419286,-1.66206727628453
2024-04-02,IM2404,2024-04-19,11.0,0.045081967213114756,5531.052,5506.6,0.11228008809745882,0.08308908196541763,0.11186937824027245,0.02919100613204119,0.00041070985718637265,5513.851389742535,5506.701958992666,-7.251389742534229,-0.10195899266545894,0.400484789708802
2024-04-02,IM2405,2024-05-17,28.0,0.11475409836065574,5531.052,5470.4,0.11008626426278278,0.0999368647906888,0.11097017608726428,0.010149399472093978,-0.0008839118244814981,5476.775005554413,5469.845151767962,-6.375005554413292,0.5548482320373296,0.30151913360651644
2024-04-02,IM2406,2024-06-21,52.0,0.21311475409836064,5531.052,5414.2,0.1141943804424494,0.10497352593223688,0.10946058352675384,0.009220854510212512,0.0047337969156955595,5424.849905824786,5419.664828280929,-10.649905824786401,-5.464828280929396,0.4743838529471214
2024-04-02,IM2409,2024-09-20,115.0,0.4713114754098361,5531.052,5318.6,0.0971041121213068,0.10521557842226686,0.10580992487080278,-0.00811146630096006,-0.008705812749495973,5298.305665413552,5296.821699691816,20.294334586448713,21.778300308184043,-0.7299974531890976
2024-04-03,IM2404,2024-04-19,10.0,0.040983606557377046,5500.926,5475.0,0.12926965041605665,0.11186280428102399,0.13221607478665232,0.017406846135032655,-0.0029464243705956683,5478.90723298556,5474.338905759127,-3.907232985559858,0.6610942408733536,0.22430141776636692
2024-04-03,IM2405,2024-05-17,27.0,0.11065573770491803,5500.926,5433.0,0.12628495143170776,0.1109344375040979,0.12224684903942169,0.01535051392760986,0.0040381023922860665,5442.236458138483,5435.428219840464,-9.236458138482703,-2.4282198404644078,0.4411481842915987
2024-04-03,IM2406,2024-06-21,51.0,0.20901639344262296,5500.926,5374.4,0.1253285969778206,0.10941206324624397,0.11724123086546337,0.015916533731576615,0.00808736611235722,5392.309416625425,5383.492526089509,-17.909416625425365,-9.092526089509192,0.8056221377035706
2024-04-03,IM2409,2024-09-20,114.0,0.4672131147540984,5500.926,5271.6,0.10514153385449626,0.10575619510797862,0.11097187456859992,-0.0006146612534823626,-0.0058303407141036545,5270.086330872554,5257.259640731846,1.5136691274465193,14.340359268154316,-0.05506406666196067
2024-04-08,IM2404,2024-04-19,9.0,0.036885245901639344,5399.915,5348.4,0.2738806572359564,0.1304647447401635,0.2728248264780931,0.14341591249579289,0.0010558307578633075,5376.767633285041,5348.608295232303,-28.367633285040938,-0.20829523230349878,1.7315424883225754
2024-04-08,IM2405,2024-05-17,26.0,0.10655737704918032,5399.915,5306.2,0.17829894398402998,0.12125718764843593,0.18302954749485645,0.05704175633559405,-0.004730603510826464,5338.550467662305,5303.525921011619,-32.350467662305164,2.674078988380643,1.583890081366612
2024-04-08,IM2406,2024-06-21,50.0,0.20491803278688525,5399.915,5241.8,0.15902511811503653,0.1166264945786716,0.14986475809426747,0.042398623536364935,0.00916036002076906,5287.5404439901195,5251.648743865599,-45.740443990119275,-9.848743865598408,2.110467519117615
2024-04-08,IM2409,2024-09-20,113.0,0.46311475409836067,5399.915,5135.0,0.12261966473734012,0.1106443863328791,0.1261395320836719,0.011975278404461026,-0.0035198673463317787,5163.557456467511,5126.636242402774,-28.557456467510747,8.36375759722614,1.067816857628068
2024-04-09,IM2404,2024-04-19,8.0,0.03278688524590164,5468.911,5431.6,0.22279570586206515,0.2562482325794617,0.2243748973285265,-0.03345252671739657,-0.0015791914664613493,5425.64586441072,5431.318776579853,5.954135589280668,0.28122342014739843,-0.37749267636570466
2024-04-09,IM2405,2024-05-17,25.0,0.10245901639344263,5468.911,5386.4,0.16237398382909143,0.17413322628796496,0.16239624177433823,-0.011759242458873526,-2.2257945246795252e-05,5379.914155572308,5386.38771618242,6.485844427691518,0.012283817579373135,-0.31509408213018647
2024-04-09,IM2406,2024-06-21,49.0,0.20081967213114754,5468.911,5322.4,0.14922171885214794,0.14464898626624956,0.13967226390288265,0.004572732585898381,0.00954945494926529,5327.289776275267,5332.616657680893,-4.88977627526765,-10.21665768089315,0.2237482791554082
2024-04-09,IM2409,2024-09-20,112.0,0.45901639344262296,5468.911,5218.6,0.11606682086031185,0.12364579953381946,0.12247400938514039,-0.007578978673507611,-0.006407188524828536,5200.476683200939,5203.274620609215,18.123316799061286,15.325379390785201,-0.6726166483076188
2024-04-10,IM2404,2024-04-19,7.0,0.028688524590163935,5367.052,5330.0,0.25547438420655993,0.21348316788398175,0.2575660005586526,0.041991216322578184,-0.002091616352092651,5336.42473905959,5329.68018088202,-6.424739059590138,0.31981911797993234,0.4417482569768656
2024-04-10,IM2405,2024-05-17,24.0,0.09836065573770492,5367.052,5280.6,0.17909705267294976,0.15663704337158815,0.17662332321537982,0.022460009301361605,0.0024737294575699342,5292.278697900868,5281.885019518477,-11.678697900867519,-1.2850195184764743,0.5800043527165667
2024-04-10,IM2406,2024-06-21,48.0,0.19672131147540983,5367.052,5218.0,0.1571700259681408,0.13631924849585228,0.14819863048356144,0.02085077747228853,0.00897139548457937,5239.447107888089,5227.217195087511,-21.447107888088794,-9.217195087510845,1.0024641400885739
2024-04-10,IM2409,2024-09-20,111.0,0.45491803278688525,5367.052,5111.2,0.12137004946085206,0.12086911754680525,0.12763613740941643,0.0005009319140468066,-0.0062660879485643695,5112.364888113779,5096.650982363252,-1.164888113778943,14.549017636747521,0.04424327324788573
2024-04-11,IM2404,2024-04-19,6.0,0.02459016393442623,5379.915,5353.8,0.21188341604107047,0.24391262924719803,0.21594647697202035,-0.03202921320612756,-0.00406306093094988,5349.584987925197,5353.2651214187235,4.215012074802871,0.5348785812766437,-0.31330545836465334
2024-04-11,IM2405,2024-05-17,23.0,0.0942622950819672,5379.915,5301.8,0.16916479032033677,0.1695423273365972,0.16281130616493877,-0.0003775370162604208,0.006353484155397993,5301.6113255198925,5304.97616719875,0.18867448010769294,-3.176167198749681,-0.0093830772187233
2024-04-11,IM2406,2024-06-21,47.0,0.19262295081967212,5379.915,5235.6,0.1551624302360843,0.14412868159113973,0.1438422263910901,0.01103374864494458,0.011320203844994214,5246.739332647324,5247.028844409001,-11.1393326473235,-11.428844409000703,0.5209912403858632
2024-04-11,IM2409,2024-09-20,110.0,0.45081967213114754,5379.915,5128.6,0.12011750173230766,0.1257102274910713,0.12839303036166877,-0.005592725758763642,-0.008275528629361109,5115.685493051954,5109.50201457669,12.914506948046437,19.097985423310092,-0.49155066628088556
2024-04-12,IM2405,2024-05-17,22.0,0.09016393442622951,5338.769,5253.0,0.19362570271531318,0.1584685944650711,0.1961846186934898,0.03515710825024207,-0.002558915978176618,5269.677921257415,5251.788157493493,-16.67792125741471,1.2118425065073097,0.8397278586500221
2024-04-12,IM2406,2024-06-21,46.0,0.1885245901639344,5338.769,5183.8,0.17024870988063462,0.14135290601780884,0.15990858357609478,0.02889580386282578,0.010340126304539843,5212.11616831511,5193.914989937114,-28.31616831511019,-10.114989937113933,1.3393461003106546
2024-04-12,IM2409,2024-09-20,109.0,0.44672131147540983,5338.769,5076.0,0.12698219024715227,0.1272007557451517,0.13520081945335724,-0.00021856549799942337,-0.008218629206204975,5075.504414386997,5057.397955724791,0.4955856130027314,18.602044275208755,-0.01911463029873965
2024-04-15,IM2405,2024-05-17,21.0,0.0860655737704918,5287.512,5197.0,0.21461770450872342,0.18759009054083525,0.2201518989856251,0.027027613967888164,-0.005534194476901677,5209.103057787395,5194.525239486692,-12.1030577873953,2.474760513307956,0.6173510176757111
2024-04-15,IM2406,2024-06-21,45.0,0.18442622950819673,5287.512,5120.0,0.18855963236791,0.15509166965780274,0.17255464376931784,0.03346796271010727,0.016004988598592174,5151.700267529828,5135.135233913131,-31.700267529828125,-15.135233913130833,1.5218710763601382
2024-04-15,IM2409,2024-09-20,108.0,0.4426229508196721,5287.512,5013.2,0.1343583773039392,0.13296499639367318,0.14197843560548096,0.0013933809102660288,-0.007620058301541749,5016.29280648424,4996.319898131296,-3.0928064842401,16.880101868703605,0.12063958275695817
2024-04-16,IM2405,2024-05-17,20.0,0.08196721311475409,5066.66,4986.4,0.20880492595159048,0.2090724567460785,0.21255967975401385,-0.000267530794488019,-0.0037547538024233773,4986.290655661714,4984.8655882341445,0.10934433828606416,1.5344117658551113,-0.005855741058214356
2024-04-16,IM2406,2024-06-21,44.0,0.18032786885245902,5066.66,4917.2,0.18004510868606333,0.16643677786006242,0.16805316523230387,0.013608330826000908,0.011991943453759452,4929.281436112631,4927.844860063876,-12.081436112631309,-10.644860063875967,0.606453092512322
2024-04-16,IM2409,2024-09-20,107.0,0.4385245901639344,5066.66,4814.2,0.13055432910722334,0.13917691870668586,0.1398318699223274,-0.008622589599462521,-0.009277540815104068,4796.030834804569,4794.653553968297,18.16916519543065,19.546446031702544,-0.7389323943727386
2024-04-17,IM2405,2024-05-17,19.0,0.0778688524590164,5287.456,5232.0,0.1494021323920468,0.20254226297823724,0.154788458385448,-0.05314013058619044,-0.005386325993401192,5210.394919427794,5229.806017949877,21.605080572206134,2.1939820501229406,-1.1127620611727833
2024-04-17,IM2406,2024-06-21,43.0,0.1762295081967213,5287.456,5157.4,0.1553193882414168,0.16259182957506046,0.14086473170162478,-0.007272441333643659,0.014454656539792027,5150.794413235271,5170.554383122027,6.605586764728287,-13.154383122026957,-0.31758297437492905
2024-04-17,IM2409,2024-09-20,106.0,0.4344262295081967,5287.456,5054.0,0.11794679416546501,0.1373501838037289,0.12858132815035853,-0.019403389638263893,-0.010634533984893516,5011.577158063865,5030.7047742640025,42.42284193613523,23.29522573599752,-1.6510924094593613
2024-04-18,IM2405,2024-05-17,18.0,0.07377049180327869,5286.719,5234.0,0.14985408276311507,0.15213381545131477,0.15249358410600472,-0.002279732688199698,-0.0026395013428896497,5233.119835587467,5232.980948804722,0.8801644125333041,1.0190511952778252,-0.04559164307063913
2024-04-18,IM2406,2024-06-21,42.0,0.1721311475409836,5286.719,5165.6,0.14864480198875082,0.13939551028500047,0.1380970613197165,0.009249291703750356,0.010547740669034328,5173.830656515743,5174.987155065709,-8.23065651574234,-9.387155065708612,0.3956323327599651
2024-04-18,IM2409,2024-09-20,105.0,0.430327868852459,5286.719,5062.6,0.1146619473621322,0.12787665478798244,0.1260840198190206,-0.013214707425850236,-0.011422072456888394,5033.892433261916,5037.777180713353,28.707566738084097,24.822819286647245,-1.1178005539021878
2024-04-19,IM2405,2024-05-17,17.0,0.06967213114754098,5264.389,5191.8,0.21328530076047697,0.1497813154277094,0.21686211174777242,0.06350398533276758,-0.0035768109872954534,5214.821792937853,5190.5063436422315,-23.021792937853206,1.2936563577686684,1.210707962953487
2024-04-19,IM2406,2024-06-21,41.0,0.1680327868852459,5264.389,5118.8,0.1809022659656357,0.13662132740953822,0.1662475660145956,0.044280938556097466,0.014654699951040101,5157.0292455534745,5131.420424144583,-38.22924555347436,-12.620424144583012,1.8542585642348712
2024-04-19,IM2409,2024-09-20,104.0,0.4262295081967213,5264.389,5018.2,0.12636618976728894,0.12538673009000134,0.13750624417863466,0.000979459677287603,-0.011140054411345718,5020.295408480258,4994.4289625501,-2.095408480257902,23.771037449900177,0.08238414739796299
2024-04-22,IM2405,2024-05-17,16.0,0.06557377049180328,5246.082,5189.2,0.18025503586196648,0.20640477826877332,0.18476060681263248,-0.026149742406806842,-0.004505570950666005,5180.309510290573,5187.667091456194,8.89048970942713,1.5329085438061156,-0.47437738947411207
2024-04-22,IM2406,2024-06-21,40.0,0.16393442622950818,5246.082,5118.4,0.16430169460457011,0.1607992689796665,0.14818825502503663,0.0035024256249036045,0.016113439579533484,5121.339666033884,5131.938369831962,-2.9396660338843503,-13.538369831961973,0.14349245322301235
2024-04-22,IM2409,2024-09-20,103.0,0.42213114754098363,5246.082,5014.2,0.12109379132403847,0.1351113587103519,0.12725055355521298,-0.014017567386313434,-0.006156762231174506,4984.617326373177,5001.185209016974,29.582673626822725,13.014790983025705,-1.1724597367667022
2024-04-22,IM2412,2024-12-20,163.0,0.6680327868852459,5246.082,4938.0,0.10459603442315468,0.12552283062880715,0.1192524629826079,-0.020926796205652465,-0.014656428559453219,4869.448103648608,4889.888081991831,68.55189635139232,48.111918008168686,-2.210023030736016
2024-04-23,IM2405,2024-05-17,15.0,0.06147540983606557,5218.428,5151.8,0.22302730012158392,0.17751800862606334,0.22688886980085857,0.045509291495520576,-0.0038615696792746457,5166.233383687671,5150.577151217886,-14.433383687671267,1.2228487821139424,0.784011350731705
2024-04-23,IM2406,2024-06-21,39.0,0.1598360655737705,5218.428,5082.8,0.17875578382070165,0.1444648877279563,0.16354264698737206,0.034290896092745354,0.015213136833329588,5110.734914528092,5095.174415585888,-27.934914528092122,-12.374415585887618,1.3755097722502847
2024-04-23,IM2409,2024-09-20,102.0,0.4180327868852459,5218.428,4976.0,0.12779454715078603,0.12562164153505656,0.1318835689435351,0.00217290561572947,-0.004089021792749059,4980.521982102728,4967.5015638556115,-4.521982102727634,8.498436144388506,0.18227661718018684
2024-04-23,IM2412,2024-12-20,162.0,0.6639344262295082,5218.428,4898.0,0.1094450410781749,0.11817748078119703,0.12166451857566797,-0.008732439703022121,-0.012219477497493067,4869.684697633801,4858.423617457026,28.31530236619892,39.57638254297399,-0.9312504269071246
2024-04-24,IM2405,2024-05-17,14.0,0.05737704918032787,5305.607,5275.4,0.11351156584456862,0.21445130432518777,0.11963043761846333,-0.10093973848061916,-0.00611887177389471,5244.935170542196,5273.5482228441215,30.464829457803717,1.8517771558781533,-1.6480195858862752
2024-04-24,IM2406,2024-06-21,38.0,0.1557377049180328,5305.607,5205.8,0.1359409086905525,0.15729338015913844,0.11810572667496086,-0.021352471468585932,0.017835182015591644,5188.517462753504,5220.2797840614585,17.28253724649585,-14.479784061458304,-0.8369932647671509
2024-04-24,IM2409,2024-09-20,101.0,0.4139344262295082,5305.607,5099.8,0.10957760866597492,0.12921890342356762,0.11335904785232964,-0.0196412947575927,-0.003781439186354721,5058.505658114251,5091.82369112645,41.29434188574942,7.976308873549897,-1.6403862151477562
2024-04-24,IM2412,2024-12-20,161.0,0.6598360655737705,5305.607,5028.4,0.09532678193846145,0.1199294237440867,0.10949868743429877,-0.024602641805625255,-0.014171905495837328,4947.429415471971,4981.597923262941,80.97058452802867,46.802076737059,-2.6232092542230894
2024-04-25,IM2405,2024-05-17,13.0,0.05327868852459016,5313.986,5279.2,0.13726958261746078,0.1196663404402237,0.14092276789209882,0.017603242177237077,-0.0036531852746380378,5284.153566283217,5278.172572760863,-4.953566283216787,1.0274272391370687,0.27179835901635874
2024-04-25,IM2406,2024-06-21,37.0,0.15163934426229508,5313.986,5214.2,0.1390106945151395,0.11807713277602526,0.12491975397484216,0.020933561739114245,0.014090940540297345,5230.778002266483,5225.353306456514,-16.578002266483054,-11.153306456513747,0.801180897472586
2024-04-25,IM2409,2024-09-20,100.0,0.4098360655737705,5313.986,5106.8,0.11103691588042883,0.11330100132149716,0.11467758332175111,-0.0022640854410683336,-0.0036406674413222845,5102.063578332145,5099.185943885443,4.736421667855211,7.61405611455757,-0.1880099431254668
2024-04-25,IM2412,2024-12-20,160.0,0.6557377049180327,5313.986,5030.4,0.09763513118109694,0.10943828109991578,0.10979412480135543,-0.01180314991881884,-0.01215899362025849,4991.616141475647,4990.451532986078,38.78385852435258,39.9484670139218,-1.256004063026287
2024-04-26,IM2405,2024-05-17,12.0,0.04918032786885246,5415.938,5408.6,0.04156810920818517,0.13820572508637474,0.04459387449866256,-0.09663761587818957,-0.003025765290477392,5382.955698737807,5407.795216233944,25.64430126219304,0.8047837660560617,-1.4079840877969996
2024-04-26,IM2406,2024-06-21,36.0,0.14754098360655737,5415.938,5351.2,0.09550449363736944,0.12356954487523256,0.08447080289250422,-0.02806505123786311,0.011033690744865224,5329.087855912157,5359.918428520877,22.112144087843262,-8.718428520876842,-1.0479254730677867
2024-04-26,IM2409,2024-09-20,99.0,0.4057377049180328,5415.938,5247.8,0.09172791742031726,0.11408314192539722,0.09657473583556309,-0.022355224505079957,-0.004846818415245827,5200.415798683187,5237.49014791186,47.38420131681323,10.30985208814036,-1.8451263787763792
2024-04-26,IM2412,2024-12-20,159.0,0.6516393442622951,5415.938,5175.6,0.08365634276333969,0.10939328733745962,0.09707254993161653,-0.02573694457411993,-0.013416207168276836,5089.522774870312,5130.549384880814,86.07722512968849,45.05061511918666,-2.732255871644016
2024-04-29,IM2405,2024-05-17,11.0,0.045081967213114756,5545.235,5557.0,-0.0330120094908523,0.05206020685077726,-0.03194116667642263,-0.08507221634162956,-0.001070842814429665,5535.728483100763,5556.731738406796,21.271516899237213,0.26826159320444276,-1.1669362250126536
2024-04-29,IM2406,2024-06-21,35.0,0.14344262295081966,5545.235,5510.2,0.058185473955917506,0.08795670530013575,0.050313477378118664,-0.02977123134421824,0.007871996577798843,5486.719064876681,5516.425520942599,23.480935123318886,-6.22552094259936,-1.0836720527905421
2024-04-29,IM2409,2024-09-20,98.0,0.4016393442622951,5545.235,5426.8,0.06775309741612195,0.0979432105009729,0.07863247844202215,-0.03019011308485095,-0.010879381025900192,5361.394474539038,5403.138855133824,65.40552546096205,23.661144866176073,-2.476307524595771
2024-04-29,IM2412,2024-12-20,158.0,0.6475409836065574,5545.235,5340.0,0.07224086569029582,0.09792450139557993,0.08342013500096532,-0.025683635705284105,-0.011179269310669496,5251.923793005398,5301.483133532301,88.07620699460222,38.5168664676994,-2.719866308278072
2024-04-30,IM2405,2024-05-17,10.0,0.040983606557377046,5497.43,5493.0,0.03367020505184548,-0.017436493476679346,0.03430835965782124,0.05110669852852483,-0.0006381546059757576,5504.517348323856,5492.856338630682,-11.517348323855913,0.1436613693176696,0.6584509429964647
2024-04-30,IM2406,2024-06-21,34.0,0.13934426229508196,5497.43,5448.8,0.07776516129127414,0.05699881196788261,0.07112241066007524,0.020766349323391532,0.0066427506311989015,5464.589872296267,5453.845903267786,-15.789872296266367,-5.045903267785434,0.7362811012278025
2024-04-30,IM2409,2024-09-20,97.0,0.3975409836065574,5497.43,5359.0,0.0781526807151996,0.08126774006177345,0.08298080363441622,-0.0031150593465738563,-0.004828122919216624,5352.367716065821,5348.723925065336,6.632283934179213,10.276074934664393,-0.25389235367895346
2024-04-30,IM2412,2024-12-20,157.0,0.6434426229508197,5497.43,5287.0,0.07465767429724823,0.0850787848969833,0.08473795644750758,-0.010421110599735064,-0.010080282150259343,5251.667212702597,5252.819048269874,35.33278729740323,34.18095173012625,-1.100811093495372
2024-05-06,IM2405,2024-05-17,9.0,0.036885245901639344,5606.842,5590.2,0.0945897563551835,0.04057009945231764,0.0944155139576549,0.054019656902865865,0.00017424239752859838,5601.349736255143,5590.235928183716,-11.14973625514358,-0.03592818371635076,0.6521257225990386
2024-05-06,IM2406,2024-06-21,33.0,0.13524590163934427,5606.842,5548.6,0.09120747076918007,0.07394573517985467,0.08730100363530778,0.017261735589325394,0.003906467133872285,5561.568777431518,5551.532286744647,-12.968777431517992,-2.9322867446462624,0.5956348177532523
2024-05-06,IM2409,2024-09-20,96.0,0.39344262295081966,5606.842,5461.8,0.0806151311438525,0.08407484636490645,0.08479088187534571,-0.003459715221053941,-0.004175750731493205,5454.370458637384,5452.83407587384,7.429541362615964,8.965924126159734,-0.2801691409402019
2024-05-06,IM2412,2024-12-20,156.0,0.639344262295082,5606.842,5394.6,0.07435744233856231,0.08542247731250857,0.08419505915905727,-0.011065034973946258,-0.009837616820494957,5356.571294918902,5360.776475204624,38.02870508109845,33.823524795376215,-1.1658564384903196
2024-05-07,IM2405,2024-05-17,8.0,0.03278688524590164,5625.336,5606.8,0.11466625140915426,0.09327202331228954,0.11755547512537831,0.021394228096864726,-0.0028892237162240486,5610.734270115066,5606.268900580738,-3.934270115065374,0.5310994192623184,0.24139528595989038
2024-05-07,IM2406,2024-06-21,32.0,0.13114754098360656,5625.336,5557.2,0.10692050202303464,0.08679280252639311,0.09630641801788725,0.020127699496641532,0.010614084005147392,5571.888709714722,5564.941070201569,-14.688709714721881,-7.741070201569528,0.6753269070016173
2024-05-07,IM2409,2024-09-20,95.0,0.38934426229508196,5625.336,5462.8,0.08930405262656561,0.08459327600960644,0.08909348561793248,0.004710776616959178,0.00021056700863313071,5472.828591099692,5463.247875400659,-10.028591099691766,-0.4478754006586314,0.37898479317049344
2024-05-07,IM2412,2024-12-20,155.0,0.6352459016393442,5625.336,5393.6,0.08022256677867871,0.08407010186898295,0.0873781966416145,-0.0038475350903042355,-0.007155629862935789,5380.433432552752,5369.13857306434,13.16656744724878,24.46142693566071,-0.4043472827997727
2024-05-08,IM2405,2024-05-17,7.0,0.028688524590163935,5536.659,5519.8,0.12030112712795306,0.1142752760206382,0.1255451229602782,0.006025851107314864,-0.005243995832325141,5520.754305642534,5518.969649931346,-0.9543056425336545,0.8303500686542975,0.06338625744780432
2024-05-08,IM2406,2024-06-21,31.0,0.12704918032786885,5536.659,5461.2,0.12201096381932532,0.0948802744423817,0.10394061165997177,0.027130689376943615,0.018070352159353542,5480.056864696555,5473.752354397609,-18.85686469655502,-12.552354397609633,0.8842979904358028
2024-05-08,IM2409,2024-09-20,94.0,0.38524590163934425,5536.659,5363.6,0.0964301016302742,0.08854642834941517,0.09592361145696889,0.007883673280859024,0.0005064901733053129,5379.914835655902,5364.646665247085,-16.314835655901334,-1.0466652470850022,0.6300263977498526
2024-05-08,IM2412,2024-12-20,154.0,0.6311475409836066,5536.659,5288.8,0.08656603287960223,0.08703314032851747,0.09340121445515666,-0.0004671074489152466,-0.006835181575554433,5287.241019025301,5266.033217608991,1.5589809746988976,22.766782391008746,-0.048961429240911306
2024-05-09,IM2405,2024-05-17,6.0,0.02459016393442623,5626.825,5617.0,0.08507013879921817,0.1223958248385798,0.08861964724064514,-0.037325686039361636,-0.003549508441426971,5611.846831369002,5616.509752815543,5.153168630998152,0.4902471844570755,-0.3650871594303059
2024-05-09,IM2406,2024-06-21,30.0,0.12295081967213115,5626.825,5562.8,0.10707592517405568,0.10259060165895523,0.0923823375212334,0.004485323515100448,0.014693587652822276,5565.868586740092,5572.8587746172925,-3.0685867400916322,-10.058774617292329,0.14188074052836394
2024-05-09,IM2409,2024-09-20,93.0,0.38114754098360654,5626.825,5469.0,0.08864184466770254,0.09540192005660868,0.09203546151286819,-0.006760075388906134,-0.003393616845165648,5454.926788763124,5461.930592608796,14.073211236875977,7.06940739120364,-0.536577841883783
2024-05-09,IM2412,2024-12-20,153.0,0.6270491803278688,5626.825,5398.4,0.08009166847651301,0.093067621662769,0.09099619311148732,-0.012975953186255981,-0.010904524634974308,5354.653803267525,5361.613415460462,43.746196732474345,36.786584539537216,-1.3565223881074768
2024-05-10,IM2406,2024-06-21,29.0,0.11885245901639344,5574.232,5503.6,0.12129375347532087,0.09261749043081816,0.1181442100996041,0.028676263044502714,0.003149543375716768,5522.389615372016,5505.660553594372,-18.78961537201576,-2.060553594371413,0.8794220622717585
2024-05-10,IM2409,2024-09-20,92.0,0.3770491803278688,5574.232,5404.8,0.09586492369769933,0.09210581540818985,0.09761844199095246,0.003759108289509483,-0.0017535182932531257,5412.466025855272,5401.227729245586,-7.666025855271982,3.5722707544146033,0.2963233779759487
2024-05-10,IM2412,2024-12-20,152.0,0.6229508196721312,5574.232,5332.2,0.08525865737231243,0.09103193844022554,0.0932798118191162,-0.005773281067913111,-0.008021154446803763,5313.057345367861,5305.622600493962,19.142654632139056,26.57739950603809,-0.6019288292189936
2024-05-13,IM2406,2024-06-21,28.0,0.11475409836065574,5520.804,5443.8,0.1364022116493195,0.1141984170364747,0.13511538613876206,0.022203794612844815,0.0012868255105574489,5457.688360188378,5444.603937143531,-13.888360188378101,-0.8039371435306748,0.6553743334816002
2024-05-13,IM2409,2024-09-20,91.0,0.3729508196721312,5520.804,5341.8,0.10237848127027065,0.09617879392637801,0.10140026574597792,0.006199687343892632,0.0009782155242927248,5354.165485081618,5343.749184566315,-12.365485081617408,-1.9491845663151253,0.48500602287650424
2024-05-13,IM2412,2024-12-20,151.0,0.6188524590163934,5520.804,5266.2,0.09029356775558747,0.09238347669296977,0.09500192300222159,-0.002089908937382298,-0.004708355246634113,5259.393387658829,5250.877799971211,6.806612341170876,15.322200028788757,-0.21628498268687607
2024-05-14,IM2406,2024-06-21,27.0,0.11065573770491803,5551.675,5470.0,0.14793853676865193,0.12857474956293446,0.14679828297866504,0.019363787205717464,0.0011402537899868892,5481.733212415344,5470.69022420875,-11.733212415343587,-0.6902242087498962,0.5530550798192144
2024-05-14,IM2409,2024-09-20,90.0,0.36885245901639346,5551.675,5370.4,0.10400154282084408,0.09906346232442095,0.10318097469414714,0.004938080496423122,0.0008205681266969383,5380.190684581353,5372.025697306761,-9.790684581353162,-1.6256973067611398,0.38245979636726746
2024-05-14,IM2412,2024-12-20,150.0,0.6147540983606558,5551.675,5295.0,0.09100104009066982,0.09355718533099569,0.0954444875911128,-0.002556145240325866,-0.004443447500442982,5286.685967012296,5280.555769171714,8.314032987704195,14.444230828285981,-0.2623225017241316
2024-05-15,IM2406,2024-06-21,26.0,0.10655737704918032,5497.235,5424.0,0.1398635327677956,0.13838969883512103,0.14026875188867552,0.0014738339326745564,-0.0004052191208799294,5424.85189458303,5423.765801690275,-0.8518945830301163,0.23419830972488853,0.040685132579735134
2024-05-15,IM2409,2024-09-20,89.0,0.36475409836065575,5497.235,5318.6,0.10456821534766934,0.10023445226699362,0.10081013403338247,0.0043337630806757205,0.0037580813142868708,5327.01406722372,5325.895606077515,-8.41406722371994,-7.295606077515004,0.3328625632677724
2024-05-15,IM2412,2024-12-20,149.0,0.610655737704918,5497.235,5247.0,0.09029299288417113,0.09363256152990679,0.09398554480719637,-0.0033395686457356605,-0.003692551923025242,5236.310555856003,5235.181984136035,10.689444143997207,11.818015863965229,-0.34105253755915976
2024-05-16,IM2406,2024-06-21,25.0,0.10245901639344263,5488.946,5415.0,0.1463785029986002,0.13280506857496566,0.14607465217098436,0.01357343442363454,0.0003038508276158314,5422.535991823232,5415.168583795447,-7.535991823231598,-0.16858379544737545,0.3616966928374747
2024-05-16,IM2409,2024-09-20,88.0,0.36065573770491804,5488.946,5313.8,0.10391688769713246,0.09824137607090475,0.10155879325943104,0.005675511626227717,0.002358094437701422,5324.687987753516,5318.321098118429,-10.887987753515517,-4.521098118429109,0.43253015439327935
2024-05-16,IM2412,2024-12-20,148.0,0.6065573770491803,5488.946,5240.0,0.0905216203530118,0.09241206311851917,0.0941794000994231,-0.001890442765507372,-0.0036577797464113077,5233.994934640303,5228.387143980867,6.005065359697255,11.612856019132778,-0.19236480599658465
2024-05-17,IM2406,2024-06-21,24.0,0.09836065573770492,5563.231,5530.2,0.07454324565249662,0.1377835852542373,0.07592239637466755,-0.06324033960174069,-0.0013791507221709298,5495.906926320411,5529.449856193635,34.293073679588815,0.7501438063645764,-1.6246035364215898
2024-05-17,IM2409,2024-09-20,87.0,0.35655737704918034,5563.231,5429.6,0.08218983351910789,0.0987599258466324,0.07996152738030689,-0.016570092327524516,0.002228306138800998,5397.615477200654,5433.91563451935,31.98452279934645,-4.31563451934926,-1.2530983368428912
2024-05-17,IM2412,2024-12-20,147.0,0.6024590163934426,5563.231,5358.0,0.07639143650136794,0.09247272759552182,0.08072002685437557,-0.016081291094153877,-0.00432859035300763,5306.340638050662,5344.045619793825,51.659361949337836,13.954380206175301,-1.6311053063320358
2024-05-20,IM2406,2024-06-21,23.0,0.0942622950819672,5596.777,5539.2,0.12370250972373491,0.07663129424858008,0.12452053604914491,0.04707121547515483,-0.000818026325410004,5563.832263182358,5538.772894078963,-24.632263182357747,0.42710592103685485,1.1641516526717348
2024-05-20,IM2407,2024-07-19,43.0,0.1762295081967213,5596.777,5503.8,0.10905861845983342,0.07881417053657364,0.10487356433323206,0.030244447923259782,0.004185054126601362,5533.213373352223,5507.860715047485,-29.41337335222306,-4.060715047485246,1.3199203973156795
2024-05-20,IM2409,2024-09-20,86.0,0.3524590163934426,5596.777,5439.4,0.09492326865987961,0.08019808298618626,0.09328562121556012,0.014725185673693353,0.00163764744431949,5467.704004745576,5442.5405475827265,-28.304004745576094,-3.1405475827268674,1.104940576300525
2024-05-20,IM2412,2024-12-20,146.0,0.5983606557377049,5596.777,5369.0,0.083438430658357,0.08086456302957898,0.08860699200613933,0.0025738676287780232,-0.005168561347782333,5377.275173591159,5352.421137924242,-8.275173591158818,16.57886207575757,0.26024806142671353
2024-05-21,IM2406,2024-06-21,22.0,0.09016393442622951,5536.745,5476.8,0.13473335348608892,0.11887825094656856,0.13909743462112176,0.015855102539520355,-0.004364081135032838,5484.635004549903,5474.645397737318,-7.835004549902806,2.1546022626826016,0.3774392117287626
2024-05-21,IM2407,2024-07-19,42.0,0.1721311475409836,5536.745,5433.6,0.123247428686598,0.10145029661959891,0.11326051872282347,0.021797132066999098,0.009986909963774535,5454.024971890106,5442.948708214052,-20.424971890105553,-9.34870821405184,0.9340623689710461
2024-05-21,IM2409,2024-09-20,85.0,0.3483606557377049,5536.745,5375.0,0.09910779980032898,0.09145779548508642,0.09824722770363538,0.007650004315242556,0.0008605720966936015,5389.3432664236725,5376.611609906798,-14.343266423672503,-1.6116099067976393,0.5718615687466769
2024-05-21,IM2412,2024-12-20,145.0,0.5942622950819673,5536.745,5301.8,0.08696508255451559,0.08750324154890012,0.09208335344933748,-0.00053815899438453,-0.005118270894821891,5300.10471516791,5285.6985688943105,1.6952848320897829,16.1014311056897,-0.05451282324017968
2024-05-22,IM2406,2024-06-21,21.0,0.0860655737704918,5539.66,5479.6,0.14065948720310117,0.13193085689362066,0.14248198308553017,0.008728630309480512,-0.0018224958824289983,5483.718011584317,5478.740569383145,-4.118011584316264,0.8594306168552066,0.1994293322641507
2024-05-22,IM2407,2024-07-19,41.0,0.1680327868852459,5539.66,5442.6,0.11919517943818782,0.10895966388926687,0.11422975920932704,0.010235515548920951,0.004965420228860776,5451.968794124832,5447.142946757995,-9.368794124831766,-4.542946757994287,0.4293962152988854
2024-05-22,IM2409,2024-09-20,84.0,0.3442622950819672,5539.66,5379.6,0.09916501948164488,0.09596927128464718,0.09831104223712141,0.003195748196997708,0.0008539772445234767,5385.521761596648,5381.1817927629545,-5.9217615966472295,-1.5817927629541373,0.2370319119732603
2024-05-22,IM2412,2024-12-20,144.0,0.5901639344262295,5539.66,5307.2,0.08663869464632012,0.09071174085593953,0.09193205286520625,-0.004073046209619402,-0.0052933582188861295,5294.458058969601,5290.646446959548,12.741941030399175,16.553553040452243,-0.41151515474543426
2024-05-23,IM2406,2024-06-21,20.0,0.08196721311475409,5412.824,5359.0,0.1359214619649279,0.13487885158942953,0.13993430736358167,0.0010426103754983818,-0.004012845398653764,5359.457998996406,5357.237598182416,-0.4579989964058768,1.76240181758385,0.022826761594935737
2024-05-23,IM2407,2024-07-19,40.0,0.16393442622950818,5412.824,5317.8,0.12203874076936595,0.10972188786437163,0.11307600183943878,0.012316852904994319,0.008962738929927175,5328.5483165277765,5325.619194294956,-10.748316527776296,-7.819194294956105,0.5055205033773669
2024-05-23,IM2409,2024-09-20,83.0,0.3401639344262295,5412.824,5257.8,0.09942429611224302,0.09594678234832114,0.09825563104240202,0.0034775137639218717,0.0011686650698409934,5264.023261923565,5259.8905892785915,-6.223261923564678,-2.090589278591324,0.255838167151336
2024-05-23,IM2412,2024-12-20,143.0,0.5860655737704918,5412.824,5187.0,0.08671448709300954,0.09051518181525983,0.09228729755515194,-0.0038006947222502946,-0.005572810462142405,5175.459042261562,5170.086724829905,11.54095773843801,16.913275170095403,-0.38286482429345087
2024-05-24,IM2406,2024-06-21,19.0,0.0778688524590164,5350.107,5291.2,0.1561813358345522,0.1329516547542812,0.16015759567914795,0.023229681080271014,-0.0039762598445957364,5300.779747222337,5289.561956326711,-9.579747222337573,1.6380436732888484,0.486549541948721
2024-05-24,IM2407,2024-07-19,39.0,0.1598360655737705,5350.107,5249.0,0.13336591637980105,0.1089855222214682,0.12360220565242856,0.024380394158332847,0.00976371072737249,5269.494557440385,5257.197948391297,-20.494557440384597,-8.19794839129736,0.978329891756437
2024-05-24,IM2409,2024-09-20,82.0,0.3360655737704918,5350.107,5188.0,0.10555443655985093,0.09612942279974485,0.10393508116800541,0.009425013760106085,0.0016193553918455172,5204.45864072052,5190.8241277881125,-16.458640720519725,-2.8241277881124915,0.6876301779610953
2024-05-24,IM2412,2024-12-20,142.0,0.5819672131147541,5350.107,5120.0,0.08954054707173481,0.091017456643989,0.09605227933481872,-0.001476909572254187,-0.006511732263083908,5115.601184397618,5100.633891072191,4.398815602381546,19.366108927809364,-0.1483199635457089
2024-05-27,IM2406,2024-06-21,18.0,0.07377049180327869,5404.616,5335.8,0.18770870485170255,0.15097229466733558,0.1918054089466063,0.03673641018436696,-0.004096704094903758,5350.279966351506,5334.187680176216,-14.479966351505936,1.6123198237837641,0.7348378647435839
2024-05-27,IM2407,2024-07-19,38.0,0.1557377049180328,5404.616,5291.2,0.15017986732695274,0.11828928964613009,0.13949645360294716,0.03189057768082265,0.01068341372400558,5317.544457302297,5300.010881024492,-26.344457302297087,-8.810881024492119,1.250306854859931
2024-05-27,IM2409,2024-09-20,81.0,0.3319672131147541,5404.616,5229.0,0.11350786321033642,0.10119979804795892,0.11216111089503432,0.012308065162377493,0.0013467523153020966,5250.408742550213,5231.338291497623,-21.40874255021299,-2.3382914976227767,0.8903606179732932
2024-05-27,IM2412,2024-12-20,141.0,0.5778688524590164,5404.616,5158.6,0.09462067749457796,0.09442504008264176,0.10134209594597289,0.00019563741193620587,-0.006721418451394928,5159.183226969562,5138.602351719164,-0.5832269695620198,19.997648280836074,0.019585538311167047
2024-05-28,IM2406,2024-06-21,17.0,0.06967213114754098,5348.029,5279.0,0.20046474217772445,0.1791005238026971,0.20477176415174175,0.02136421837502736,-0.0043070219740173055,5286.863592997021,5277.416118505292,-7.863592997021442,1.5838814947082938,0.4073883881361035
2024-05-28,IM2407,2024-07-19,37.0,0.15163934426229508,5348.029,5233.8,0.15638052949135273,0.1322453183924035,0.1465038635407346,0.024135211098949227,0.009876665950618119,5252.990005115604,5241.644488776093,-19.190005115603526,-7.844488776092476,0.9238597332920422
2024-05-28,IM2409,2024-09-20,80.0,0.32786885245901637,5348.029,5167.0,0.11902928914888287,0.10846576907630895,0.11676509340702187,0.010563520072573926,0.002264195741861,5184.926668170092,5170.837194406668,-17.926668170091943,-3.8371944066675496,0.7575595008299212
2024-05-28,IM2412,2024-12-20,140.0,0.5737704918032787,5348.029,5090.6,0.0999792908658577,0.09915319337135081,0.10494014322819964,0.0008260974945068916,-0.004960852362341936,5093.013467290573,5076.130765819958,-2.413467290572953,14.469234180042804,0.08243931204873327
2024-05-29,IM2406,2024-06-21,16.0,0.06557377049180328,5351.252,5284.0,0.20686927481016637,0.19112716254216505,0.21164541162466088,0.015742112268001318,-0.004776136814494514,5289.4573291001725,5282.345366862662,-5.457329100172501,1.654633137338351,0.28562299468510766
2024-05-29,IM2407,2024-07-19,36.0,0.14754098360655737,5351.252,5236.2,0.1613116640199205,0.13882104336395035,0.15044294044018988,0.022490620655970156,0.010868723579730621,5253.604081071939,5244.6034129262625,-17.40408107193889,-8.403412926262718,0.839912646726939
2024-05-29,IM2409,2024-09-20,79.0,0.3237704918032787,5351.252,5165.0,0.12341531284241837,0.11288762129945293,0.11993828162496827,0.010527691542965442,0.003477031217450105,5182.635229318367,5170.817825077412,-17.635229318367237,-5.817825077411726,0.7483434803701406
2024-05-29,IM2412,2024-12-20,139.0,0.569672131147541,5351.252,5093.2,0.10075908966215058,0.10265132850390633,0.10772830820302079,-0.0018922388417557529,-0.006969218540870209,5087.712713914606,5073.019219370747,5.487286085393862,20.180780629252695,-0.1882267752850612
2024-05-30,IM2406,2024-06-21,15.0,0.06147540983606557,5334.296,5291.4,0.14533797993351158,0.19783959534209633,0.1497515803864686,-0.05250161540858475,-0.004413600452957023,5274.349228863643,5289.964490323128,17.05077113635707,1.4355096768713338,-0.9046041801726934
2024-05-30,IM2407,2024-07-19,35.0,0.14344262295081966,5334.296,5245.8,0.13062614993089638,0.1427775199995345,0.12186914050148777,-0.012151370068638118,0.008757009429408616,5236.664406722131,5252.393538668572,9.135593277868793,-6.593538668571455,-0.4423823092609151
2024-05-30,IM2409,2024-09-20,78.0,0.319672131147541,5334.296,5171.0,0.11125847466844879,0.11610758451935083,0.10767381744270846,-0.004849109850902034,0.003584657225740334,5162.9905116350765,5176.928922913568,8.009488364923527,-5.928922913568385,-0.34159829984788986
2024-05-30,IM2412,2024-12-20,138.0,0.5655737704918032,5334.296,5098.6,0.09390279500155127,0.1054746535098316,0.10129523199229744,-0.011571858508280325,-0.007392436990746168,5065.3399483400735,5077.327415190785,33.26005165992683,21.272584809215004,-1.1473445197266818
2024-05-31,IM2406,2024-06-21,14.0,0.05737704918032787,5355.21,5314.0,0.14863696007041244,0.14376863158925435,0.15208090354215192,0.004868328481158091,-0.0034439434717394857,5315.484568667642,5312.950039730888,-1.4845686676417245,1.0499602691115797,0.0794939791594538
2024-05-31,IM2407,2024-07-19,34.0,0.13934426229508196,5355.21,5268.0,0.13183143895273688,0.1185855015883707,0.12219719559062059,0.01324593736436619,0.009634243362116296,5277.732365582861,5275.07691561517,-9.732365582861348,-7.076915615170037,0.4697224045297341
2024-05-31,IM2409,2024-09-20,77.0,0.3155737704918033,5355.21,5197.2,0.10890617595991062,0.10603954411667263,0.10755543664675214,0.002866631843237988,0.001350739313158475,5201.903690123899,5199.415819769299,-4.703690123898923,-2.2158197692988324,0.20009470730142398
2024-05-31,IM2412,2024-12-20,137.0,0.5614754098360656,5355.21,5126.4,0.09177056590594529,0.10033013979116481,0.10113233533416253,-0.008559573885219524,-0.009361769428217245,5101.821680445957,5099.524270704308,24.578319554042537,26.8757292956916,-0.8458835681573178
2024-06-03,IM2406,2024-06-21,13.0,0.05327868852459016,5284.624,5222.4,0.2363103838027112,0.145888218954743,0.23752197553015406,0.0904221648479682,-0.0012115917274428678,5247.620001158003,5222.06289442035,-25.22000115800347,0.33710557964968757,1.3962911435989764
2024-06-03,IM2407,2024-07-19,33.0,0.13524590163934427,5284.624,5178.8,0.16356536645072767,0.11885208626977672,0.15944956255720835,0.04471328018095094,0.004115803893519315,5210.212579268139,5181.683558763262,-31.41257926813887,-2.8835587632620445,1.5431590784725302
2024-06-03,IM2409,2024-09-20,76.0,0.3114754098360656,5284.624,5098.0,0.12942858586172745,0.10591030024501903,0.1243032371872625,0.02351828561670842,0.005125348674464958,5135.481840808111,5106.145049292668,-37.481840808110974,-8.145049292667863,1.626302806425161
2024-06-03,IM2412,2024-12-20,136.0,0.5573770491803278,5284.624,5027.0,0.10366656844780699,0.1001657657176603,0.11087872324241844,0.0035008027301466904,-0.007212154794611458,5036.8185959253005,5006.832577756691,-9.818595925300542,20.167422243309375,0.34480665510168046
2024-06-04,IM2406,2024-06-21,12.0,0.04918032786885246,5313.708,5268.6,0.18734622184522637,0.22174925749016966,0.19136257592389627,-0.03440303564494329,-0.004016354078669904,5259.693315643984,5267.559419342955,8.90668435601674,1.0405806570452114,-0.5012898305674541
2024-06-04,IM2407,2024-07-19,32.0,0.13114754098360656,5313.708,5220.6,0.1487913859959894,0.15109503038680963,0.1398547393372242,-0.002303644390820231,0.008936646658765202,5219.023004669242,5226.72223059789,1.576995330758109,-6.1222305978899385,-0.077306680823441
2024-06-04,IM2409,2024-09-20,75.0,0.3073770491803279,5313.708,5141.0,0.12149756252715704,0.12027001912295979,0.11679169685636971,0.0012275434041972566,0.004705865670787332,5142.940161285508,5148.441709334376,-1.9401612855081112,-7.441709334376355,0.08407842443551476
2024-06-04,IM2412,2024-12-20,135.0,0.5532786885245902,5313.708,5069.6,0.09899871508747356,0.10853860569599216,0.10740442128419048,-0.009539890608518606,-0.00840570619671692,5042.912039591304,5046.077561186945,26.6879604086962,23.522438813055487,-0.9364447188033792
2024-06-05,IM2406,2024-06-21,11.0,0.045081967213114756,5244.085,5209.6,0.16034892380878507,0.18141394130086047,0.16435072306738438,-0.0210650174920754,-0.004001799258599309,5204.655039080203,5208.660226136694,4.944960919797268,0.9397738633060726,-0.2889722346258348
2024-06-05,IM2407,2024-07-19,31.0,0.12704918032786885,5244.085,5161.4,0.13909261537095471,0.13466303554883496,0.12906511155194741,0.00442957982211975,0.0100275038190073,5164.305521730024,5167.979742428244,-2.9055217300247023,-6.579742428244572,0.14440582274820127
2024-06-05,IM2409,2024-09-20,74.0,0.30327868852459017,5244.085,5083.2,0.11674309213524156,0.11430513118176266,0.11311540282338062,0.002437960953478896,0.0036276893118609432,5086.95981434989,5088.79561858342,-3.7598143498898935,-5.595618583420219,0.16536516123609796
2024-06-05,IM2412,2024-12-20,134.0,0.5491803278688525,5244.085,5010.2,0.09707824952186117,0.10596118892976436,0.10599777049009751,-0.00888293940790319,-0.008919520968236339,4985.8180830349465,4985.7179195875115,24.38191696505328,24.482080412488358,-0.8689738159193156
2024-06-06,IM2406,2024-06-21,10.0,0.040983606557377046,5130.869,5101.8,0.152631574620612,0.15785867339789467,0.15568753261479998,-0.005227098777282668,-0.00305595799418798,5100.707182118587,5101.161069254033,1.0928178814128842,0.6389307459676274,-0.06734977370700855
2024-06-06,IM2407,2024-07-19,30.0,0.12295081967213115,5130.869,5055.8,0.13387672377878976,0.1257249079449363,0.12525350645870037,0.008151815833853465,0.008623217320089388,5060.869829245668,5061.163161708435,-5.069829245668188,-5.363161708434745,0.2579114265760491
2024-06-06,IM2409,2024-09-20,73.0,0.29918032786885246,5130.869,4978.8,0.11456190063689144,0.11152422724887513,0.11165512135769981,0.0030376733880163043,0.0029067792791916264,4983.326850500704,4983.131702546093,-4.526850500703404,-4.331702546092856,0.2040060974267531
2024-06-06,IM2412,2024-12-20,133.0,0.5450819672131147,5130.869,4907.0,0.09584509142482212,0.10507090245045703,0.10533562822869083,-0.009225811025634911,-0.009490536803868715,4882.385507284185,4881.681043319276,24.614492715814777,25.318956680724114,-0.8993847754145416
2024-06-07,IM2406,2024-06-21,9.0,0.036885245901639344,5153.587,5115.0,0.21775566153279696,0.15033142472439015,0.21951949127783435,0.06742423680840681,-0.0017638297450373874,5127.736629297124,5114.667232536758,-12.736629297123727,0.33276746324190754,0.8139933586156154
2024-06-07,IM2407,2024-07-19,29.0,0.11885245901639344,5153.587,5067.6,0.15556749028639064,0.12254181690112147,0.1480348793702826,0.03302567338526917,0.007532610916108046,5087.530344329377,5072.138898322754,-19.930344329376567,-4.538898322753994,1.0130121648996984
2024-06-07,IM2409,2024-09-20,72.0,0.29508196721311475,5153.587,4995.0,0.11992163688534675,0.11037404660393887,0.11983066053258065,0.009547590281407878,9.097635276610061e-05,5009.092364043694,4995.134094978229,-14.092364043694033,-0.13409497822885896,0.6347363898244304
2024-06-07,IM2412,2024-12-20,132.0,0.5409836065573771,5153.587,4919.0,0.10011669319583036,0.10458898523323781,0.10923766601506325,-0.004472292037407455,-0.009120972819232895,4907.113176497717,4894.787977958972,11.886823502282823,24.21202204102792,-0.43445127526373767
2024-06-11,IM2406,2024-06-21,8.0,0.03278688524590164,5198.923,5174.0,0.1605648521210548,0.20722988533424397,0.1657127579934346,-0.046665033213189155,-0.005147905872379788,5166.089827195318,5173.12678631772,7.910172804681679,0.8732136822800385,-0.5265565987987028
2024-06-11,IM2407,2024-07-19,28.0,0.11475409836065574,5198.923,5122.2,0.14355924626332772,0.14197054153255848,0.12874978758316363,0.001588704730769247,0.01480945868016409,5123.133915351655,5130.912303649284,-0.9339153516548322,-8.712303649283967,0.04719367143662013
2024-06-11,IM2409,2024-09-20,71.0,0.29098360655737704,5198.923,5047.8,0.11537678990830173,0.11704184816224295,0.11358199278164599,-0.0016650582539412123,0.0017947971266557422,5045.35490977478,5050.436935085785,2.445090225220156,-2.6369350857848985,-0.10955615275840822
2024-06-11,IM2412,2024-12-20,131.0,0.5368852459016393,5198.923,4973.0,0.09675177863045811,0.10764530973405947,0.10681679670236102,-0.010893531103601362,-0.01006501807190291,4943.999918186281,4946.199579730516,29.00008181371868,26.800420269483766,-1.054454089013494
2024-06-12,IM2406,2024-06-21,7.0,0.028688524590163935,5216.462,5180.6,0.254462510383181,0.15969826187544195,0.2554228890284913,0.09476424850773907,-0.0009603786453102892,5194.703382289754,5180.457266870924,-14.103382289753426,0.1427331290760776,0.9968712124384813
2024-06-12,IM2407,2024-07-19,27.0,0.11065573770491803,5216.462,5130.6,0.1639857418871747,0.12582147487071108,0.15926574043345232,0.03816426701646364,0.0047200014537223944,5152.31282722365,5133.280387888853,-21.712827223649583,-2.6803878888522377,1.0966876417056888
2024-06-12,IM2409,2024-09-20,70.0,0.28688524590163933,5216.462,5050.8,0.12649357783372775,0.11223581795253547,0.12458777158002507,0.01425775988119228,0.0019058062537026799,5071.501803922714,5053.562268324725,-20.701803922714134,-2.762268324724573,0.9282689291497468
2024-06-12,IM2412,2024-12-20,130.0,0.5327868852459017,5216.462,4971.8,0.10416259234958127,0.10603989336299932,0.11231567825673845,-0.0018773010134180562,-0.008153085907157187,4966.829684952595,4950.2500493864645,4.970315047405165,21.549950613535657,-0.18105822507158414
2024-06-13,IM2406,2024-06-21,6.0,0.02459016393442623,5180.236,5148.4,0.2646948836326092,0.24018921514975883,0.26767377093853095,0.02450566848285035,-0.0029788873059217735,5151.503352573675,5148.022886679264,-3.103352573675693,0.3771133207355888,0.23970113649642297
2024-06-13,IM2407,2024-07-19,26.0,0.10655737704918032,5180.236,5093.2,0.17301572308944355,0.15205192536162793,0.16444129649881933,0.02096379772781562,0.008574426590624212,5104.590148252062,5097.855622455243,-11.390148252062318,-4.655622455243247,0.5820564993199719
2024-06-13,IM2409,2024-09-20,69.0,0.2827868852459016,5180.236,5009.2,0.1327268403278243,0.12136694316378072,0.12845856778745418,0.011359897164043592,0.004268272540370127,5025.317578469139,5015.249812353179,-16.117578469139517,-6.049812353178822,0.7316724955007036
2024-06-13,IM2412,2024-12-20,129.0,0.5286885245901639,5180.236,4925.8,0.10926198272846385,0.11049777706259778,0.11567023292485594,-0.0012357943341339273,-0.006408250196392087,4922.582778275771,4909.139783622044,3.217221724229603,16.660216377956203,-0.11874963118315775
2024-06-14,IM2407,2024-07-19,25.0,0.10245901639344263,5180.651,5128.0,0.11369844325800114,0.15718122209795277,0.11403503923995062,-0.04348277883995162,-0.00033659598194947515,5105.204537207549,5127.823152209822,22.795462792450962,0.17684779017781693,-1.1650378580770315
2024-06-14,IM2409,2024-09-20,68.0,0.2786885245901639,5180.651,5045.4,0.10892241205364914,0.12526026501196844,0.10683011324094956,-0.0163378529583193,0.0020922988126995806,5022.479645063652,5048.34282896846,22.920354936347394,-2.9428289684601623,-1.0407796859434904
2024-06-14,IM2412,2024-12-20,128.0,0.5245901639344263,5180.651,4964.8,0.09512563342663476,0.1138712257092651,0.10270000041812069,-0.01874559228263034,-0.007574366991485934,4916.216651318743,4945.111813724963,48.58334868125712,19.68818627503697,-1.794578357377508
2024-06-17,IM2407,2024-07-19,24.0,0.09836065573770492,5183.968,5126.4,0.12753246535226467,0.11294718856146416,0.12733308995970477,0.014585276790800517,0.00019937539255990289,5133.7597004991885,5126.5005332492765,-7.359700499188875,-0.10053324927685026,0.37484081572446637
2024-06-17,IM2409,2024-09-20,67.0,0.27459016393442626,5183.968,5044.0,0.11368080318885214,0.10633289917702902,0.11087066434835627,0.007347904011823114,0.002810138840495871,5054.187361842519,5047.8936364725705,-10.18736184251884,-3.893636472570506,0.4628204727767955
2024-06-17,IM2412,2024-12-20,127.0,0.5204918032786885,5183.968,4957.2,0.09993741669142761,0.10240517006295922,0.10440867102159176,-0.002467753371531614,-0.004471254330164154,4950.836834695284,4945.676764139811,6.363165304715949,11.523235860188834,-0.23427849439141477
2024-06-18,IM2407,2024-07-19,23.0,0.0942622950819672,5227.254,5180.6,0.1091092131015176,0.12432471402587116,0.10885251633850865,-0.015215500924353559,0.0002566967630089484,5173.1750604898525,5180.725355593485,7.424939510147851,-0.12535559348452807,-0.3764378518323542
2024-06-18,IM2409,2024-09-20,66.0,0.27049180327868855,5227.254,5102.4,0.10337452012642784,0.10957286022578777,0.10196495722572936,-0.006198340099359934,0.0014095629006984772,5093.85248257333,5104.345789552903,8.547517426669401,-1.9457895529030793,-0.3853358294855647
2024-06-18,IM2412,2024-12-20,126.0,0.5163934426229508,5227.254,5019.0,0.09272946935677738,0.10367758320082758,0.09847895435684491,-0.0109481138440502,-0.005749485000067528,4990.704970682221,5004.120706520871,28.295029317779154,14.879293479129046,-1.0301661301658425
2024-06-19,IM2407,2024-07-19,22.0,0.09016393442622951,5159.995,5106.0,0.13066850773984784,0.10778195917139856,0.1307015065389567,0.02288654856844928,-3.2998799108868715e-05,5116.547320368551,5105.98480813284,-10.547320368550572,0.015191867159956018,0.5443076795216495
2024-06-19,IM2409,2024-09-20,65.0,0.26639344262295084,5159.995,5026.6,0.11231998497629495,0.10149665235204935,0.10958711284914566,0.01082333262424559,0.0027328721271492884,5041.113932738011,5030.260793784514,-14.513932738010226,-3.6607937845137712,0.6646418958955695
2024-06-19,IM2412,2024-12-20,125.0,0.5122950819672131,5159.995,4937.4,0.10007682407146531,0.09820754779958023,0.10252096288044374,0.001869276271885087,-0.0024441388089784244,4942.130422742139,4931.221650098666,-4.730422742139126,6.178349901333604,0.17489297473079474
2024-06-20,IM2407,2024-07-19,21.0,0.0860655737704918,5056.138,5002.8,0.13722226668164764,0.12684434034943487,0.1374774160490586,0.010377926332212767,-0.00025514936741097283,5007.270407978949,5002.690141835892,-4.47040797894897,0.10985816410811822,0.23690653658559976
2024-06-20,IM2409,2024-09-20,64.0,0.26229508196721313,5056.138,4925.0,0.11418745282880927,0.1079915677918055,0.11166799147355506,0.006195885037003759,0.0025194613552542017,4933.010371870772,4928.255724080894,-8.01037187077236,-3.255724080893742,0.3758798117487638
2024-06-20,IM2412,2024-12-20,124.0,0.5081967213114754,5056.138,4836.6,0.10134994615046002,0.10164047067368188,0.10359924377934217,-0.00029052452322186895,-0.002249297628882152,4835.885959628138,4831.074510454538,0.714040371862211,5.525489545462733,-0.02705748838784458
2024-06-21,IM2407,2024-07-19,20.0,0.08196721311475409,5055.333,4994.6,0.16145404168970134,0.13280722441726261,0.16094289966702297,0.02864681727243873,0.0005111420226783792,5006.341598971469,4994.809262576028,-11.741598971468193,-0.2092625760278679,0.6266977820165665
2024-06-21,IM2409,2024-09-20,63.0,0.2581967213114754,5055.333,4919.2,0.1197248514926495,0.10977571754956422,0.11841250612198354,0.009949133943085275,0.0013123453706659627,4931.852851630159,4920.867120253589,-12.652851630159603,-1.6671202535890188,0.596193267884663
2024-06-21,IM2412,2024-12-20,123.0,0.5040983606557377,5055.333,4831.0,0.10404242751822038,0.10256443073132886,0.10668758303075992,0.0014779967868915195,-0.0026451555125395487,4834.600705560283,4824.562547811397,-3.6007055602831315,6.437452188602947,0.13706196025088838
2024-06-24,IM2407,2024-07-19,19.0,0.0778688524590164,4887.777,4834.0,0.15607627654271056,0.15321993134374984,0.15795444112203766,0.002856345198960719,-0.0018781645793271018,4835.075299420542,4833.293076679012,-1.075299420542251,0.7069233209876984,0.05978446697595221
2024-06-24,IM2408,2024-08-16,39.0,0.1598360655737705,4887.777,4797.0,0.1312881496431904,0.12611163662287622,0.13042786356430155,0.0051765130203141885,0.0008602860788888556,4800.970648915439,4797.659655599784,-3.9706489154386873,-0.659655599783946,0.20736525776906056
2024-06-24,IM2409,2024-09-20,62.0,0.2540983606557377,4887.777,4752.8,0.12420803426539144,0.11535981593347983,0.11937410566228342,0.008848218331911614,0.004833928603108023,4763.49782626092,4758.641419309607,-10.69782626092001,-5.841419309606863,0.5236123580264156
2024-06-24,IM2412,2024-12-20,122.0,0.5,4887.777,4662.8,0.10824294566756347,0.10504010995880539,0.10847937628542384,0.003202835708758081,-0.00023643061786036978,4670.273073330846,4662.2488182372235,-7.473073330846091,0.5511817627766504,0.2957599083518041
2024-06-25,IM2407,2024-07-19,18.0,0.07377049180327869,4847.611,4808.4,0.12409304163836665,0.1512187836708873,0.12749498002939905,-0.02712574203252066,-0.003401938391032394,4798.7876309124695,4807.1934225155555,9.612369087530169,1.2065774844440966,-0.5426474794256719
2024-06-25,IM2408,2024-08-16,38.0,0.1557377049180328,4847.611,4767.2,0.12140415002208188,0.12651290536223728,0.1166334907880221,-0.0051087553401553965,0.004770659234059782,4763.408601002786,4770.743209919463,3.791398997213946,-3.543209919463152,-0.20031612737152749
2024-06-25,IM2409,2024-09-20,61.0,0.25,4847.611,4727.0,0.11478101785057535,0.11675407009539063,0.11178676712640975,-0.001973052244815282,0.0029942507241655925,4724.668920474665,4730.539780501782,2.331079525334644,-3.5397805017819337,-0.1156170378862498
2024-06-25,IM2412,2024-12-20,121.0,0.4959016393442623,4847.611,4635.2,0.10435392240292414,0.10706849282296664,0.10584150950088873,-0.0027145704200425003,-0.0014875870979645933,4628.964477479152,4631.781888339448,6.235522520847553,3.4181116605514035,-0.2508292656947968
2024-06-26,IM2407,2024-07-19,17.0,0.06967213114754098,4986.384,4954.4,0.10636013068518536,0.125083884144203,0.10759219947693144,-0.018723753459017625,-0.0012320687917460743,4947.941081075449,4953.974728304043,6.458918924550744,0.42527169595632586,-0.35706812573697283
2024-06-26,IM2408,2024-08-16,37.0,0.15163934426229508,4986.384,4915.0,0.10908906973077549,0.11523213621262454,0.10638268693100433,-0.006143066481849049,0.0027063827997711593,4910.423659065048,4917.017501022744,4.576340934951986,-2.017501022744,-0.23517909273195345
2024-06-26,IM2409,2024-09-20,60.0,0.2459016393442623,4986.384,4874.8,0.10603647390378464,0.11084181974388774,0.10508694437845435,-0.004805345840103101,0.0009495295253302838,4869.043131482331,4875.938354170368,5.756868517669318,-1.1383541703680748,-0.2779510844403313
2024-06-26,IM2412,2024-12-20,120.0,0.4918032786885246,4986.384,4784.0,0.09824909496694768,0.1053194919960817,0.10213270589621971,-0.007070397029134021,-0.00388361092927203,4767.393751321812,4774.871411590114,16.60624867818842,9.128588409886106,-0.6509010757858879
2024-06-27,IM2407,2024-07-19,16.0,0.06557377049180328,4864.086,4835.0,0.10546487198116788,0.10752820224732462,0.10472673044874899,-0.0020633302661567376,0.0007381415324188983,4834.345867083572,4835.234032831687,0.6541329164283525,-0.2340328316868181,-0.03743954645939437
2024-06-27,IM2408,2024-08-16,36.0,0.14754098360655737,4864.086,4802.2,0.10078727002538816,0.10632064614712555,0.10484202468343927,-0.005533376121737391,-0.004054754658051107,4798.281085011626,4799.327979080097,3.9189149883741266,2.872020919902752,-0.20667185317705167
2024-06-27,IM2409,2024-09-20,59.0,0.24180327868852458,4864.086,4753.6,0.10902186995571568,0.10502712724672238,0.10401575043785925,0.003994742708993304,0.005006119517856428,4758.193919714945,4759.357698455134,-4.5939197149446045,-5.757698455133323,0.2279846038830953
2024-06-27,IM2412,2024-12-20,119.0,0.48770491803278687,4864.086,4665.8,0.09933749502073644,0.10207822312937583,0.10146312310657767,-0.002740728108639387,-0.0021256280858412274,4659.567547365869,4660.965568166227,6.232452634130823,4.834431833773124,-0.25126685515600644
2024-06-28,IM2407,2024-07-19,15.0,0.06147540983606557,4895.987,4851.4,0.16281668805713037,0.10496119497060208,0.16395332003270385,0.05785549308652829,-0.0011366319755734822,4868.685648213046,4851.061020673154,-17.285648213046443,0.3389793268452195,0.9969138095596345
2024-06-28,IM2408,2024-08-16,35.0,0.14344262295081966,4895.987,4810.0,0.13752538942450135,0.10494580359951033,0.13185886417832088,0.032579585824991014,0.0056665252461804705,4832.531185492665,4813.911259547309,-22.531185492664918,-3.911259547308873,1.186243683991749
2024-06-28,IM2409,2024-09-20,58.0,0.23770491803278687,4895.987,4775.0,0.11926461232744356,0.10406412953815074,0.1202697593788845,0.015200482789292827,-0.0010051470514409327,4792.284378344875,4773.859253185894,-17.284378344875222,1.1407468141060235,0.855653170352954
2024-06-28,IM2412,2024-12-20,118.0,0.48360655737704916,4895.987,4684.4,0.1053512236713794,0.1014652702293372,0.10936539956790273,0.003885953442042206,-0.004014175896523323,4693.211541460046,4675.315080648882,-8.8115414600461,9.084919351117605,0.354728711668525
2024-07-01,IM2407,2024-07-19,14.0,0.05737704918032787,4940.247,4893.2,0.1807712769469041,0.15710265611710356,0.17998974750717295,0.023668620829800535,0.0007815294397311434,4899.84965411415,4893.419425075263,-6.649654114150508,-0.21942507526273403,0.38650068433957274
2024-07-01,IM2408,2024-08-16,34.0,0.13934426229508196,4940.247,4856.6,0.13655061715339742,0.12809404798206242,0.1370296824685389,0.008456569171334999,-0.0004790653151414692,4862.326266255871,4856.275808473597,-5.7262662558705415,0.32419152640341053,0.29992008971256867
2024-07-01,IM2409,2024-09-20,57.0,0.2336065573770492,4940.247,4816.6,0.12250313993911265,0.11782076191445952,0.12233005835112246,0.004682378024653128,0.0001730815879901898,4821.871444376652,4816.794753495702,-5.271444376651743,-0.19475349570166145,0.25988823015197665
2024-07-01,IM2412,2024-12-20,117.0,0.47950819672131145,4940.247,4726.0,0.10646171700152363,0.10807909858257618,0.10941434402026917,-0.0016173815810525544,-0.002952627018745546,4722.336182366396,4719.3136217738365,3.663817633603685,6.68637822616347,-0.14699503718488086
2024-07-02,IM2407,2024-07-19,13.0,0.05327868852459016,4905.65,4863.8,0.1748068238235791,0.17106626702453367,0.17675282301038736,0.003740556799045419,-0.0019459991868082671,4864.769412832874,4863.295745973092,-0.9694128328737861,0.5042540269078017,0.057763913988501454
2024-07-02,IM2408,2024-08-16,33.0,0.13524590163934427,4905.65,4822.0,0.14116704986327258,0.13221255182269206,0.13554406352009396,0.008954498040580516,0.005622986343178621,4827.843264830959,4825.668457534977,-5.843264830959015,-3.6684575349772786,0.3090759041961634
2024-07-02,IM2409,2024-09-20,56.0,0.22950819672131148,4905.65,4787.0,0.12067894225978854,0.11922889878986602,0.12176032766488229,0.0014500434699225156,-0.0010813854050937544,4788.593363696666,4785.812077139516,-1.5933636966656195,1.1879228604839227,0.07932948262088217
2024-07-02,IM2412,2024-12-20,116.0,0.47540983606557374,4905.65,4690.8,0.10820179195788339,0.10780589014301734,0.10960675315488345,0.0003959018148660537,-0.0014049611970000653,4691.682964907057,4687.667908956752,-0.8829649070567029,3.132091043247783,0.035821011286281894
2024-07-03,IM2407,2024-07-19,12.0,0.04918032786885246,4867.133,4832.2,0.16046520633520425,0.16852697899899322,0.1632204065935029,-0.008061772663788963,-0.0027552002582986457,4830.2845060876625,4831.545273276254,1.915493912337297,0.6547267237456253,-0.11747317889569928
2024-07-03,IM2408,2024-08-16,32.0,0.13114754098360656,4867.133,4789.0,0.13739869959828788,0.1311715982817495,0.13041098967589246,0.006227101316538364,0.006987709922395419,4792.912625403826,4793.3907516229,-3.9126254038255865,-4.390751622900098,0.20899426765749116
2024-07-03,IM2409,2024-09-20,55.0,0.22540983606557377,4867.133,4752.6,0.11964410618835185,0.11896573451065984,0.11948065987757452,0.0006783716776920107,0.00016344631077733207,4753.326783466836,4752.775100444857,-0.7267834668355135,-0.17510044485698018,0.036568233507858317
2024-07-03,IM2412,2024-12-20,115.0,0.4713114754098361,4867.133,4658.4,0.10700222489697236,0.10816452534625534,0.10938716103111425,-0.001162300449282977,-0.0023849361341418823,4655.848801518359,4653.166677680048,2.551198481640313,5.233322319951185,-0.10468839366534413
2024-07-04,IM2407,2024-07-19,11.0,0.045081967213114756,4761.868,4729.0,0.16763714144034725,0.15696972929607975,0.16832900086737868,0.010667412144267502,-0.0006918594270314271,4731.27476050647,4728.852502974294,-2.2747605064696472,0.14749702570588852,0.14634119600923778
2024-07-04,IM2408,2024-08-16,31.0,0.12704918032786885,4761.868,4690.0,0.13369731514549016,0.12713463912140005,0.13290405342813338,0.006562676024090108,0.0007932617173567746,4693.912071120905,4690.472697266659,-3.912071120905239,-0.472697266659452,0.21396724233196832
2024-07-04,IM2409,2024-09-20,54.0,0.22131147540983606,4761.868,4648.0,0.1233617429482072,0.11739737845187853,0.1214485163591518,0.005964364496328672,0.0019132265890554057,4654.139328772182,4649.968468222374,-6.139328772182125,-1.968468222374213,0.31668474051795
2024-07-04,IM2412,2024-12-20,114.0,0.4672131147540984,4761.868,4551.2,0.11084893756542731,0.10831180405011387,0.11096501818958984,0.0025371335153134417,-0.00011608062416253173,4556.598109575155,4550.953175137593,-5.398109575155104,0.24682486240726575,0.22746901291582766
2024-07-05,IM2407,2024-07-19,10.0,0.040983606557377046,4810.794,4778.2,0.1798769758203795,0.1618376972913227,0.17947882031142504,0.018039278529056818,0.00039815550895447305,4781.733899640981,4778.277970580944,-3.5338996409809624,-0.07797058094456588,0.2324370784634742
2024-07-05,IM2408,2024-08-16,30.0,0.12295081967213115,4810.794,4739.6,0.13526311430085078,0.1295594539881399,0.13588832410084525,0.005703660312710884,-0.000625209799994475,4742.924903611098,4739.235680678862,-3.3249036110973975,0.36431932113828225,0.18047269427451137
2024-07-05,IM2409,2024-09-20,53.0,0.21721311475409835,4810.794,4698.2,0.12302972709090644,0.11933920465596716,0.12250886587670437,0.0036905224349392807,0.0005208612142020702,4701.96772742976,4698.731574489294,-3.7677274297602708,-0.5315744892941439,0.19293718376287144
2024-07-05,IM2412,2024-12-20,113.0,0.46311475409836067,4810.794,4602.8,0.10943494112731149,0.10988292068128587,0.11094161637263725,-0.0004479795539743814,-0.0015066752453257587,4601.845174817135,4599.589454228818,0.9548251828655339,3.2105457711822964,-0.0399764233384411
2024-07-08,IM2407,2024-07-19,9.0,0.036885245901639344,4693.965,4663.0,0.19343823026889428,0.17175411564090082,0.19485272820245983,0.021684114627993467,-0.001414497933565545,4666.731070747568,4662.756718499102,-3.731070747568083,0.24328150089786504,0.2617913306296598
2024-07-08,IM2408,2024-08-16,29.0,0.11885245901639344,4693.965,4621.2,0.14545062017543658,0.13198788140273154,0.14358100047975617,0.01346273877270504,0.001869619695680419,4628.600206766663,4622.226985859098,-7.400206766663359,-1.026985859098204,0.41298631929933544
2024-07-08,IM2409,2024-09-20,52.0,0.21311475409836064,4693.965,4577.6,0.13179005102815286,0.12007632171383055,0.12833675062299266,0.01171372931432231,0.0034533004051602034,4589.04165198783,4580.970121330175,-11.441651987829573,-3.3701213301746975,0.6027274077265814
2024-07-08,IM2412,2024-12-20,112.0,0.45901639344262296,4693.965,4479.4,0.11593215940864308,0.10970894185501666,0.11529094421768946,0.006223217553626426,0.0006412151909536284,4492.213963040486,4480.718608159335,-12.81396304048667,-1.3186081593357812,0.5527063867087344
2024-07-09,IM2407,2024-07-19,8.0,0.03278688524590164,4797.063,4766.6,0.208303091257436,0.186128474008803,0.20713671942372708,0.02217461724863301,0.0011663718337089346,4770.066752881277,4766.782286370122,-3.4667528812769888,-0.18228637012180116,0.2502168851266174
2024-07-09,IM2408,2024-08-16,28.0,0.11475409836065574,4797.063,4726.8,0.1425829009160492,0.13925722329147194,0.14529874828550915,0.00332567762457725,-0.002715847369459956,4728.604257228816,4725.327100490187,-1.8042572288159135,1.4728995098130326,0.09880019249724437
2024-07-09,IM2409,2024-09-20,51.0,0.20901639344262296,4797.063,4683.6,0.12852121173490855,0.1256640053067432,0.12787951494934113,0.0028572064281653375,0.0006416967855674138,4686.397895263423,4684.2282306720745,-2.7978952634230154,-0.6282306720740962,0.14464099108654085
2024-07-09,IM2412,2024-12-20,111.0,0.45491803278688525,4797.063,4588.2,0.11185513463410934,0.11394539631197753,0.11386194365874633,-0.002090261677868188,-0.002006809024636985,4583.839164715673,4584.013189424619,4.36083528432664,4.18681057538106,-0.18474798006085766
2024-07-10,IM2407,2024-07-19,7.0,0.028688524590163935,4777.682,4758.0,0.15789306605995768,0.19698682384182803,0.1585219229530607,-0.03909375778187035,-0.0006288568931030192,4752.66669338612,4757.914161808396,5.333306613880268,0.08583819160412531,-0.4112515006613519
2024-07-10,IM2408,2024-08-16,27.0,0.11065573770491803,4777.682,4718.2,0.1272170908985739,0.14037699864804576,0.12651393247614998,-0.013159907749471872,0.0007031584224239107,4711.334266318272,4718.567130413301,6.865733681727761,-0.3671304133013109,-0.37819334143594635
2024-07-10,IM2409,2024-09-20,50.0,0.20491803278688525,4777.682,4675.0,0.12002448505215833,0.12487338547838754,0.11726252173273682,-0.004848900426229208,0.0027619633194215093,4670.35710017438,4677.646687131129,4.642899825619679,-2.6466871311286013,-0.24139977223766773
2024-07-10,IM2412,2024-12-20,110.0,0.45081967213114754,4777.682,4585.0,0.10531231062245552,0.11236808870567111,0.10884031494773842,-0.007055778083215586,-0.003528004325282899,4570.438819854556,4577.713382337571,14.561180145444268,7.2866176624293075,-0.6205661586769998
2024-07-11,IM2407,2024-07-19,6.0,0.02459016393442623,4893.594,4881.4,0.11546084807097708,0.15355569099444158,0.1163851384542916,-0.0380948429234645,-0.0009242903833145272,4876.829448472949,4881.289054594982,4.570551527051066,0.11094540501744632,-0.3726267879404521
2024-07-11,IM2408,2024-08-16,26.0,0.10655737704918032,4893.594,4841.8,0.11385653487246415,0.12413680239043363,0.11021284660698497,-0.010280267517969482,0.0036436882654791863,4836.499010618925,4843.680251286146,5.300989381074942,-1.8802512861457217,-0.2854517312597316
2024-07-11,IM2409,2024-09-20,49.0,0.20081967213114754,4893.594,4802.6,0.10746477226549037,0.11581238310065439,0.1076416970931822,-0.008347610835164027,-0.0001769248276918406,4794.555836350472,4802.429366721087,8.044163649527945,0.17063327891355584,-0.40851924414771323
2024-07-11,IM2412,2024-12-20,109.0,0.44672131147540983,4893.594,4712.0,0.09864909896523083,0.10811114981235277,0.103746522963342,-0.009462050847121942,-0.005097423998111167,4692.1248829691685,4701.2823805035105,19.87511703083146,10.717619496489533,-0.8280488604201087
2024-07-12,IM2408,2024-08-16,25.0,0.10245901639344263,4878.02,4827.0,0.11661901312416785,0.10980299474215069,0.11566171906340075,0.006816018382017161,0.0009572940607670971,4830.3721733391485,4827.473471829252,-3.372173339148503,-0.47347182925204834,0.18263532091837484
2024-07-12,IM2409,2024-09-20,48.0,0.19672131147540983,4878.02,4786.6,0.11017185045206204,0.10737466696537679,0.10937304065114285,0.0027971834866852563,0.0007988098009191896,4789.234626145406,4787.352239363928,-2.634626145405491,-0.7522393639274014,0.13450352446973163
2024-07-12,IM2412,2024-12-20,108.0,0.4426229508196721,4878.02,4699.0,0.09847298007571699,0.10359177647941142,0.10344441334684543,-0.005118796403694434,-0.0049714332711284365,4688.365542660225,4688.67135739256,10.634457339774599,10.328642607440088,-0.44568517358590215
2024-07-15,IM2408,2024-08-16,24.0,0.09836065573770492,4827.602,4765.8,0.14499190997063585,0.11418131025479666,0.1438587661067743,0.030810599715839188,0.001133143863861541,4780.26490620891,4766.331210294064,-14.464906208910179,-0.5312102940633849,0.7924850034207476
2024-07-15,IM2409,2024-09-20,47.0,0.19262295081967212,4827.602,4727.0,0.12332815713464051,0.10848328554861611,0.12348041468480978,0.014844871586024405,-0.00015225755016926024,4740.536025114683,4726.861367165468,-13.53602511468307,0.13863283453156328,0.7009262385390721
2024-07-15,IM2412,2024-12-20,107.0,0.4385245901639344,4827.602,4633.0,0.10782656875902406,0.10299817860737763,0.10925588997163786,0.004828390151646433,-0.0014293212126137989,4642.8201578490825,4630.096980242799,-9.820157849082534,2.9030197572010366,0.41622082283594264
2024-07-16,IM2408,2024-08-16,23.0,0.0942622950819672,4836.718,4769.4,0.16269021282138674,0.13855149109096782,0.16385212552981543,0.02413872173041892,-0.0011619127084286918,4780.264511640664,4768.877662175234,-10.864511640664205,0.5223378247656001,0.5976528708208809
2024-07-16,IM2409,2024-09-20,46.0,0.1885245901639344,4836.718,4725.2,0.13773188786270932,0.12038376953729861,0.13426529102207377,0.017348118325410708,0.0034665968406355496,4740.679287269317,4728.289110611886,-15.479287269316956,-3.089110611886099,0.803553626773032
2024-07-16,IM2412,2024-12-20,106.0,0.4344262295081967,4836.718,4630.0,0.11454531811548485,0.10777786920278234,0.11477394031135921,0.006767448912702506,-0.00022862219587435617,4643.632031342559,4629.540173649614,-13.632031342558548,0.45982635038581066,0.5769262432915926
2024-07-17,IM2408,2024-08-16,22.0,0.09016393442622951,4795.624,4729.8,0.16728653527098017,0.1562718626519384,0.17017072406026112,0.011014672619041765,-0.002884188789280956,4734.499621666652,4728.570176328645,-4.699621666652092,1.2298236713550068,0.26214056409860476
2024-07-17,IM2409,2024-09-20,45.0,0.18442622950819673,4795.624,4681.2,0.14494313196285208,0.1299018995149396,0.13912042529132118,0.015041232447912473,0.005822706671530897,4694.203666174892,4686.229652756495,-13.003666174891805,-5.029652756495125,0.6834028665361542
2024-07-17,IM2412,2024-12-20,105.0,0.430327868852459,4795.624,4582.0,0.11989193657521804,0.11271828346819968,0.11879920903335014,0.0071736531070183684,0.0010927275418678994,4596.166593763475,4584.155105625002,-14.166593763475248,-2.155105625001852,0.6068878943822221
2024-07-18,IM2408,2024-08-16,21.0,0.0860655737704918,4812.426,4756.8,0.14908478595183117,0.16248872599364644,0.15227851012613505,-0.013403940041815277,-0.0031937241743038858,4751.315634933012,4755.4926794739,5.484365066988175,1.3073205260998293,-0.3061751937387321
2024-07-18,IM2409,2024-09-20,44.0,0.18032786885245902,4812.426,4706.0,0.13801318059956066,0.1347483285147792,0.1311257360954649,0.003264852084781472,0.006887444504095758,4708.771444165434,4711.848474624317,-2.771444165434332,-5.848474624316623,0.14545913576967048
2024-07-18,IM2412,2024-12-20,104.0,0.4262295081967213,4812.426,4610.4,0.11461880021734978,0.11675407947156342,0.11646690240723787,-0.00213527925421364,-0.0018481021898880817,4606.205896097133,4606.76974558627,4.1941039028670275,3.6302544137297446,-0.1795107775884923
2024-07-19,IM2408,2024-08-16,20.0,0.08196721311475409,4821.423,4757.0,0.17811312213366604,0.1473350126134654,0.17845040961986205,0.03077810952020063,-0.00033728748619601956,4769.016090615827,4756.868487344841,-12.016090615827125,0.13151265515898558,0.6737036239714908
2024-07-19,IM2409,2024-09-20,43.0,0.1762295081967213,4821.423,4710.4,0.14619285937421903,0.1283345099493239,0.14293669589784472,0.017858349424895115,0.0032561634763743075,4725.24777275295,4713.103754343857,-14.847772752950732,-2.7037543438573266,0.7798197465341473
2024-07-19,IM2412,2024-12-20,103.0,0.42213114754098363,4821.423,4615.0,0.11765793902459772,0.1151593144657593,0.12102464283673618,0.002498624558838411,-0.0033667038121384663,4619.8702265468755,4608.445864082217,-4.870226546875529,6.554135917783242,0.20883244343269672
2024-07-22,IM2408,2024-08-16,19.0,0.0778688524590164,4826.871,4766.2,0.1764409444978774,0.17015702723441334,0.17785196413160143,0.006283917263464056,-0.001411019633724031,4768.532774473529,4765.676345023658,-2.3327744735288434,0.5236549763421863,0.13159178488301762
2024-07-22,IM2409,2024-09-20,42.0,0.1721311475409836,4826.871,4718.4,0.14604276444650288,0.13833936306342703,0.1412954834187197,0.007703401383075847,0.0047472810277831845,4724.660726247584,4722.257239593026,-6.260726247583989,-3.8572395930259518,0.3295127990723659
2024-07-22,IM2412,2024-12-20,102.0,0.4180327868852459,4826.871,4619.0,0.11930322400561044,0.1189167993847102,0.11956193916596222,0.0003864246209002442,-0.0002587151603517801,4619.746205035237,4618.5004756059925,-0.746205035236926,0.49952439400749427,0.032111816538759504
2024-07-22,IM2503,2025-03-21,160.0,0.6557377049180327,4826.871,4541.6,0.10690156462906221,0.11185095224955434,0.11200075063897724,-0.0049493876204921294,-0.005099186009915033,4526.884129937073,4526.439482955092,14.715870062927024,15.160517044908374,-0.5173549499427275
2024-07-23,IM2408,2024-08-16,18.0,0.07377049180327869,4694.953,4625.0,0.2174923535027387,0.16955339582075518,0.21978370735976668,0.04793895768198353,-0.0022913538570279723,4641.385178096163,4624.218282428609,-16.385178096163145,0.7817175713908,0.9587596850786896
2024-07-23,IM2409,2024-09-20,41.0,0.1680327868852459,4694.953,4574.8,0.16828608021167019,0.13676058804535104,0.16112586448843635,0.03152549216631914,0.0071602157232338315,4599.0984641437235,4580.307487712344,-24.298464143723322,-5.507487712343391,1.3221175237205678
2024-07-23,IM2412,2024-12-20,101.0,0.4139344262295082,4694.953,4476.0,0.12937651493701446,0.11750585743763677,0.1286975477410856,0.011870657499377699,0.000678967195928859,4498.047727242653,4477.258147177046,-22.04772724265331,-1.2581471770463395,0.9895136291703949
2024-07-23,IM2503,2025-03-21,159.0,0.6516393442622951,4694.953,4395.8,0.1150352780862089,0.1106471315000599,0.1183455640913356,0.004388146586149,-0.0033102860051267002,4408.387730248335,4386.327984200644,-12.587730248334992,9.472015799356086,0.46345224094354215
2024-07-24,IM2408,2024-08-16,17.0,0.06967213114754098,4631.011,4570.2,0.2037205518237154,0.20673625206420476,0.20700668319803978,-0.0030157002404893607,-0.0032861313743243747,4569.239854949301,4569.153764366282,0.960145050698884,1.0462356337175152,-0.05749721724570577
2024-07-24,IM2409,2024-09-20,40.0,0.16393442622950818,4631.011,4518.8,0.16362525862462315,0.15411424991603928,0.1560686072493502,0.009511008708583873,0.007556651375272949,4525.851126081881,4524.401336973833,-7.051126081881193,-5.601336973832986,0.3903067591081514
2024-07-24,IM2412,2024-12-20,100.0,0.4098360655737705,4631.011,4417.4,0.12922635278415853,0.12556861874465328,0.12796688549156687,0.003657734039505256,0.0012594672925916595,4424.0269635873665,4419.680740554836,-6.626963587366845,-2.280740554836484,0.30356411740633465
2024-07-24,IM2503,2025-03-21,158.0,0.6475409836065574,4631.011,4335.8,0.11572184749382465,0.11629971039960786,0.11855024458640695,-0.0005778629057832108,-0.0028283970925822993,4334.177890876506,4327.866236712808,1.6221091234938285,7.9337632871920505,-0.06102873949297192
2024-07-25,IM2408,2024-08-16,16.0,0.06557377049180328,4632.567,4579.2,0.19069918381714013,0.19611951152962048,0.1938772184397438,-0.005420327712480355,-0.0031780346226036593,4577.572698088858,4578.245813778836,1.62730191114224,0.9541862211635816,-0.09833325008313633
2024-07-25,IM2409,2024-09-20,39.0,0.1598360655737705,4632.567,4526.8,0.15849713782149863,0.15029597077131432,0.15065652069289795,0.00820116705018431,0.00784061712860068,4532.737811724885,4532.476602644008,-5.93781172488525,-5.676602644008199,0.32906103674529597
2024-07-25,IM2412,2024-12-20,99.0,0.4057377049180328,4632.567,4423.0,0.12809573884406708,0.12540896080064587,0.1267139286441863,0.002686778043421212,0.0013818101998807897,4427.824261466708,4425.480461277094,-4.824261466707867,-2.4804612770940366,0.22169494861714978
2024-07-25,IM2503,2025-03-21,157.0,0.6434426229508197,4632.567,4345.0,0.11359766590291868,0.11687730710037929,0.11822548048901914,-0.0032796411974606032,-0.004627814586100454,4335.840584017819,4332.080993660716,9.15941598218069,12.919006339284351,-0.34567773913385863
2024-07-26,IM2408,2024-08-16,15.0,0.06147540983606557,4702.08,4664.6,0.14418015360866365,0.1850195070112594,0.14690954309369675,-0.04083935340259576,-0.0027293894850330958,4652.903669304114,4663.817390852085,11.69633069588599,0.7826091479155366,-0.7035842056013449
2024-07-26,IM2409,2024-09-20,38.0,0.1557377049180328,4702.08,4613.0,0.13681264478697705,0.14602266887252663,0.13008477837113383,-0.009210024085549579,0.00672786641584322,4606.388095634071,4617.835953626623,6.611904365929149,-4.83595362662345,-0.3610542260605871
2024-07-26,IM2412,2024-12-20,98.0,0.4016393442622951,4702.08,4508.6,0.1186169419706673,0.1246728167949738,0.11861132607136858,-0.006055874824306501,5.615899298719307e-06,4497.64715881736,4508.610169456841,10.95284118264044,-0.01016945684023085,-0.49661066848206276
2024-07-26,IM2503,2025-03-21,156.0,0.639344262295082,4702.08,4427.6,0.10807652657189028,0.11688883042890383,0.11313710662987841,-0.008812303857013551,-0.005060580057988137,4402.724617901061,4413.297858505099,24.875382098939554,14.302141494901662,-0.926550637243423
2024-07-29,IM2408,2024-08-16,14.0,0.05737704918032787,4685.646,4638.6,0.18987513874756856,0.14378960227771564,0.192624713239693,0.04608553646985292,-0.002749574492124429,4650.881858765492,4637.8682607246865,-12.281858765491961,0.7317392753138847,0.7524476857365499
2024-07-29,IM2409,2024-09-20,37.0,0.15163934426229508,4685.646,4583.8,0.15891914826987205,0.12844953685366634,0.14994502975936386,0.030469611416205716,0.008974118510508194,4605.027955340515,4590.042016212248,-21.22795534051511,-6.242016212248018,1.1662113099737463
2024-07-29,IM2412,2024-12-20,97.0,0.3975409836065574,4685.646,4480.2,0.12678360375206799,0.11786929113893493,0.12733240716085217,0.008914312613133052,-0.0005488034087841875,4496.105119060284,4479.222653110028,-15.90511906028405,0.9773468899720683,0.7263884287796184
2024-07-29,IM2503,2025-03-21,155.0,0.6352459016393442,4685.646,4394.0,0.11516368941476468,0.1126374188370555,0.11912180914857609,0.002526270577709183,-0.0039581197338114105,4401.057165683729,4382.965695211314,-7.057165683729181,11.034304788686313,0.2649352798803493
2024-07-30,IM2408,2024-08-16,13.0,0.05327868852459016,4702.491,4656.0,0.20048465571551013,0.1844937707405242,0.20210352895085062,0.015990884974985936,-0.00161887323534049,4659.968478335322,4655.598430600233,-3.9684783353222883,0.40156939976714057,0.24690868259288767
2024-07-30,IM2409,2024-09-20,36.0,0.14754098360655737,4702.491,4603.4,0.15834773909976685,0.14582330931576598,0.15272356641797746,0.012524429784000868,0.0056241726817893856,4611.914333772299,4607.221468065863,-8.514333772299324,-3.821468065862973,0.4676740555556609
2024-07-30,IM2412,2024-12-20,96.0,0.39344262295081966,4702.491,4495.2,0.12858394406190915,0.12555121384243514,0.12804898559763112,0.003032730219474006,0.0005349584642780347,4500.566897878367,4496.146228869369,-5.366897878367126,-0.9462288693694063,0.24553004806110218
2024-07-30,IM2503,2025-03-21,154.0,0.6311475409836066,4702.491,4416.0,0.11359328882572214,0.11795813930065199,0.1194733892335881,-0.004364850474929849,-0.0058801004078659624,4403.8512594832455,4399.641665996708,12.148740516754515,16.35833400329193,-0.4565495607691025
2024-07-31,IM2408,2024-08-16,12.0,0.04918032786885246,4889.081,4895.0,-0.010601802597960721,0.19297279783000007,-0.010715934079459907,-0.2035746004279608,0.00011413148149918596,4846.236432383122,4895.027475828025,48.76356761687839,-0.02747582802476245,-2.96608425863167
2024-07-31,IM2409,2024-09-20,35.0,0.14344262295081966,4889.081,4855.2,0.06247970276880028,0.14818217396131805,0.06213606252465096,-0.08570247119251778,0.00034364024414931804,4795.878524196468,4855.439331611584,59.32147580353194,-0.23933161158402072,-3.1197199893509855
2024-07-31,IM2412,2024-12-20,95.0,0.38934426229508196,4889.081,4762.0,0.08164348611335062,0.12611610857864766,0.08810515983240763,-0.04447262246529704,-0.0064616737190570095,4680.25496281033,4750.034743673285,81.74503718967026,11.965256326714552,-3.5768860927445014
2024-07-31,IM2503,2025-03-21,153.0,0.6270491803278688,4889.081,4683.8,0.08240708246600364,0.1182171871867419,0.09183170331568152,-0.035810104720738256,-0.009424620849677878,4579.798719546152,4656.2017724474845,104.00128045384827,27.59822755251571,-3.7356657990272666
2024-08-01,IM2408,2024-08-16,11.0,0.045081967213114756,4878.289,4859.4,0.10005591925551534,0.002953520453959288,0.09845212881683842,0.09710239880155605,0.001603790438676922,4880.718978438014,4859.751357176498,-21.31897843801471,-0.3513571764979133,1.3319763649765424
2024-08-01,IM2409,2024-09-20,34.0,0.13934426229508196,4878.289,4819.8,0.10056337912217382,0.06870123889146632,0.10154655933477083,0.031862140230707506,-0.0009831802125970096,4841.2465530527725,4819.139730116516,-21.446553052772288,0.6602698834840339,1.1297451617295935
2024-08-01,IM2412,2024-12-20,94.0,0.38524590163934425,4878.289,4721.6,0.09874280527261421,0.09075606508538081,0.1003123301086639,0.007986740187233402,-0.0015695248360496905,4736.1500698756545,4718.745933292076,-14.550069875654117,2.8540667079241757,0.6380797698523281
2024-08-01,IM2503,2025-03-21,152.0,0.6229508196721312,4878.289,4641.0,0.0940459390974707,0.09349559566609436,0.09836400703376758,0.0005503434313763322,-0.004318067936296882,4642.5913787903655,4628.532745705413,-1.5913787903655248,12.467254294587292,0.057256705425171646
2024-08-02,IM2408,2024-08-16,10.0,0.040983606557377046,4809.889,4792.8,0.10084484943401929,0.09916996146933768,0.10225254556533077,0.0016748879646816123,-0.0014076961313114755,4793.1290032194975,4792.523499532707,-0.32900321949728095,0.2765004672928626,0.021579307454926838
2024-08-02,IM2409,2024-09-20,33.0,0.13524590163934427,4809.889,4749.0,0.108198324732272,0.10185785500273827,0.10429574810098227,0.00634046972953374,0.0039025766312897336,4753.074121143756,4751.507219401168,-4.0741211437562015,-2.507219401168186,0.21879627328322343
2024-08-02,IM2412,2024-12-20,93.0,0.38114754098360654,4809.889,4648.0,0.10382607441295054,0.10040951857981249,0.10237041160933749,0.0034165558331380463,0.0014556628036130476,4654.056623346889,4650.579529565651,-6.056623346888955,-2.5795295656507733,0.271104986607452
2024-08-02,IM2503,2025-03-21,151.0,0.6188524590163934,4809.889,4566.6,0.09787307936297261,0.09841096203205844,0.1001017258729058,-0.0005378826690858318,-0.0022286465099331937,4565.080168768409,4560.306071178708,1.5198312315915246,6.293928821291956,-0.055807977275582815
2024-08-05,IM2408,2024-08-16,9.0,0.036885245901639344,4678.775,4670.6,0.06141138093555545,0.1027767596242557,0.06441614988614608,-0.04136537868870025,-0.003004768950590632,4663.479162296742,4670.082378419604,7.120837703258076,0.5176215803967352,-0.4993691731968243
2024-08-05,IM2409,2024-09-20,32.0,0.13114754098360656,4678.775,4625.0,0.10214463831075601,0.10450703338429401,0.09427879383811175,-0.0023623950735379984,0.007865844472644268,4623.56729379427,4629.773547731169,1.4327062057300282,-4.7735477311689465,-0.0792676542256659
2024-08-05,IM2412,2024-12-20,92.0,0.3770491803278688,4678.775,4523.8,0.10333575956510294,0.10242297457210195,0.10141892220880933,0.0009127849930009868,0.0019168373562936103,4525.357200824966,4527.07072185314,-1.5572008249655482,-3.2707218531395483,0.07193003821478863
2024-08-05,IM2503,2025-03-21,150.0,0.6147540983606558,4678.775,4442.8,0.09818246475608636,0.1001188399184918,0.1006312224069866,-0.0019363751624054404,-0.0024487576509002462,4437.51446157976,4436.1169124134285,5.2855384202403,6.6830875865716735,-0.2003548507542872
2024-08-06,IM2408,2024-08-16,8.0,0.03278688524590164,4749.947,4729.8,0.14364152422237203,0.06952625022477966,0.14433099577268707,0.07411527399759237,-0.0006894715503150406,4741.307432409794,4729.693081125253,-11.507432409794092,0.1069188747469525,0.8362656830932997
2024-08-06,IM2409,2024-09-20,31.0,0.12704918032786885,4749.947,4683.2,0.12538854337791178,0.09656084050459672,0.12101930153631713,0.028827702873315056,0.004369241841594651,4700.383837695926,4685.800406257522,-17.18383769592583,-2.6004062575220814,0.9396626070683035
2024-08-06,IM2412,2024-12-20,91.0,0.3729508196721312,4749.947,4584.0,0.1093516624749281,0.10227478567069649,0.11011271482045219,0.007076876804231608,-0.0007610523455240936,4596.114655226006,4582.699084551049,-12.114655226006107,1.3009154489509456,0.5537632655176075
2024-08-06,IM2503,2025-03-21,149.0,0.610655737704918,4749.947,4504.8,0.10077551336936333,0.10114864438839538,0.10570591492403209,-0.0003731310190320525,-0.004930401554668756,4503.773677538923,4491.257444316517,1.026322461077143,13.542555683483442,-0.03849977194124107
2024-08-07,IM2408,2024-08-16,7.0,0.028688524590163935,4743.41,4719.0,0.1938410224410432,0.14083168860155637,0.19497016942921663,0.05300933383948683,-0.0011291469881734295,4726.181924051323,4718.8471372608965,-7.181924051323222,0.15286273910351156,0.5576127991282758
2024-08-07,IM2409,2024-09-20,30.0,0.12295081967213115,4743.41,4669.0,0.1425991455139082,0.1194257400551743,0.13826763619055177,0.023173405458733906,0.004331509323356436,4682.321833554969,4671.487197116153,-13.32183355496909,-2.4871971161528563,0.7330675472111324
2024-08-07,IM2412,2024-12-20,90.0,0.36885245901639346,4743.41,4565.0,0.11793796043592303,0.10946034336322832,0.11686757941420511,0.008477617072694704,0.0010703810217179144,4579.297050627828,4566.802675683615,-14.297050627827957,-1.8026756836152344,0.6586329834788113
2024-08-07,IM2503,2025-03-21,148.0,0.6065573770491803,4743.41,4481.6,0.10760394080337757,0.10527942687642013,0.1102637946371156,0.0023245139269574416,-0.0026598538337380268,4487.923293436964,4474.375422339267,-6.323293436963468,7.224577660733303,0.2391660478055202
2024-08-08,IM2408,2024-08-16,6.0,0.02459016393442623,4739.493,4735.0,0.052569947126460154,0.18655931822809713,0.056068292893152176,-0.13398937110163697,-0.0034983457666920223,4719.424697459017,4734.5926896375695,15.575302540983103,0.40731036243050767,-1.3105758336062427
2024-08-08,IM2409,2024-09-20,29.0,0.11885245901639344,4739.493,4687.2,0.10734917261452097,0.1345722003131248,0.09645203929038818,-0.02722302769860384,0.010897133324132793,4672.058960725484,4693.274565088169,15.141039274515606,-6.074565088169038,-0.8349026999035105
2024-08-08,IM2412,2024-12-20,89.0,0.36475409836065575,4739.493,4585.0,0.10485590100656678,0.11542299854654525,0.1048122031282974,-0.010567097539978476,4.3697878269383095e-05,4567.361626499656,4585.073080806579,17.638373500343732,-0.07308080657912797,-0.8149998761419612
2024-08-08,IM2503,2025-03-21,147.0,0.6024590163934426,4739.493,4505.0,0.0982252759437238,0.10934426074596718,0.1037351465916227,-0.011118984802243381,-0.005509870647898901,4474.9230605823,4490.07057462227,30.076939417699577,14.929425377729785,-1.1407395256614554
2024-08-09,IM2409,2024-09-20,28.0,0.11475409836065574,4702.745,4631.6,0.14684057166167058,0.09897768504005897,0.1445214886495097,0.04786288662161162,0.002319083012160883,4657.108877997299,4632.832745240082,-25.50887799729844,-1.2327452400813854,1.4215917514515233
2024-08-09,IM2412,2024-12-20,88.0,0.36065573770491804,4702.745,4526.4,0.11997213692142869,0.10571081954680525,0.11969200541670127,0.014261317374623439,0.00028013150472741555,4549.741178521823,4526.857329976395,-23.341178521823167,-0.45732997639515816,1.0917847902063378
2024-08-09,IM2503,2025-03-21,146.0,0.5983606557377049,4702.745,4445.6,0.10797599467804087,0.10426940130595157,0.11243654011047169,0.003706593372089298,-0.004460545432430824,4455.470747749651,4433.750447755491,-9.870747749650945,11.849552244509141,0.3791691029261246
2024-08-12,IM2409,2024-09-20,27.0,0.11065573770491803,4674.102,4624.2,0.1110006248308278,0.14031823022177578,0.11092278059418029,-0.02931760539094798,7.784423664751461e-05,4609.222657130774,4624.239832620802,14.97734286922605,-0.03983262080237182,-0.8374245114437163
2024-08-12,IM2412,2024-12-20,87.0,0.35655737704918034,4674.102,4523.0,0.10616347872146248,0.11810214954564813,0.10685642652611906,-0.011938670824185649,-0.0006929478046565768,4503.787319402665,4521.882614872554,19.21268059733484,1.1173851274461413,-0.9066357802384835
2024-08-12,IM2503,2025-03-21,145.0,0.5942622950819673,4674.102,4441.0,0.10008569455233118,0.1114325888960727,0.10379877758134713,-0.011346894343741518,-0.0037130830290159483,4411.15493341629,4431.211535893372,29.845066583709922,9.788464106628453,-1.1520418984672867
2024-08-13,IM2409,2024-09-20,26.0,0.10655737704918032,4697.586,4639.0,0.1317763034926558,0.11079145027312919,0.13053020334495,0.020984853219526603,0.001246100147705792,4649.384832150517,4639.616012712993,-10.384832150516559,-0.6160127129933244,0.5793223011098415
2024-08-13,IM2412,2024-12-20,86.0,0.3524590163934426,4697.586,4539.4,0.11118552633326052,0.10676943882361452,0.11145901984591525,0.004416087509646005,-0.0002734935126547239,4546.471031637252,4538.96244447138,-7.071031637252418,0.4375555286196686,0.33191532212114344
2024-08-13,IM2503,2025-03-21,144.0,0.5901639344262295,4697.586,4457.8,0.10277768684613833,0.10372559291912378,0.10595430187947125,-0.0009479060729854494,-0.0031766150333329135,4455.306915030089,4449.450685792665,2.4930849699112514,8.349314207334828,-0.09543526782606011
2024-08-14,IM2409,2024-09-20,25.0,0.10245901639344263,4649.278,4590.6,0.13796375341056485,0.12744272556900918,0.13833895131032087,0.010521027841555675,-0.0003751978997560135,4595.551216359894,4590.423529674922,-4.951216359893806,0.17647032507829863,0.28037324386469825
2024-08-14,IM2412,2024-12-20,85.0,0.3483606557377049,4649.278,4485.6,0.1168809433814747,0.1103265712824146,0.11457805290319889,0.006554372099060096,0.0023028904782758097,4495.8536063214215,4489.199955576971,-10.253606321421103,-3.5999555769703875,0.488310667703242
2024-08-14,IM2503,2025-03-21,143.0,0.5860655737704918,4649.278,4400.2,0.10795184899826467,0.105242673586716,0.10820291255442392,0.0027091754115486644,-0.00025106355615925335,4407.191986405609,4399.552603490882,-6.991986405609168,0.6473965091181526,0.271400442459448
2024-08-15,IM2409,2024-09-20,24.0,0.09836065573770492,4691.85,4637.4,0.13267648222193634,0.13445969401837565,0.133353452047328,-0.0017832117964393102,-0.0006769698253916712,4636.586681193072,4637.091218818097,0.8133188069277821,0.3087811819023045,-0.04581177739826618
2024-08-15,IM2412,2024-12-20,84.0,0.3442622950819672,4691.85,4529.6,0.11622823149093155,0.1131868258387488,0.1137817855788084,0.0030414056521827493,0.0024464459121231463,4534.345161984373,4533.4165225136085,-4.7451619843723165,-3.8165225136081062,0.2247100053126695
2024-08-15,IM2503,2025-03-21,142.0,0.5819672131147541,4691.85,4443.0,0.10764296783196887,0.10733503780961702,0.10807702262075257,0.0003079300223518544,-0.0004340547887836943,4443.796279947769,4441.877814812555,-0.7962799477691078,1.1221851874452113,0.03073088662391044
2024-08-16,IM2409,2024-09-20,23.0,0.0942622950819672,4655.651,4606.2,0.12728525881941513,0.13036225208117208,0.12753894278734693,-0.0030769932617569495,-0.0002536839679317948,4604.864191000483,4606.089854025395,1.3358089995172122,0.11014597460507503,-0.0761025941596664
2024-08-16,IM2412,2024-12-20,83.0,0.3401639344262295,4655.651,4501.4,0.11305015688837498,0.11271709563073484,0.11212580861655226,0.00033306125764014094,0.0009243482718227225,4501.910016929463,4502.815597495535,-0.5100169294637453,-1.4155974955356214,0.024404857358868583
2024-08-16,IM2503,2025-03-21,141.0,0.5778688524590164,4655.651,4412.8,0.10670674778581757,0.10740983092821241,0.10714805393326331,-0.0007030831423948392,-0.0004413061474457386,4411.007488320057,4411.674804120761,1.7925116799433454,1.1251958792390724,-0.06992514923719292
2024-08-19,IM2409,2024-09-20,22.0,0.09016393442622951,4663.612,4622.8,0.11148546500274653,0.12537056531058693,0.117176421922506,-0.013885100307840403,-0.005690956919759474,4617.016174859726,4620.428561646368,5.78382514027453,2.371438353632584,-0.33013694254187187
2024-08-19,IM2410,2024-10-18,37.0,0.15163934426229508,4663.612,4585.8,0.12495855617330492,0.11882808189792098,0.1144108886006843,0.006130474275383949,0.010547667572620628,4590.065038564185,4593.140587200177,-4.265038564184579,-7.340587200176742,0.23409914617363306
2024-08-19,IM2412,2024-12-20,82.0,0.3360655737704918,4663.612,4517.8,0.10852055783560505,0.11135608375485087,0.11000701995135108,-0.0028355259192458238,-0.0014864621157460317,4513.4969366433315,4515.54370229745,4.303063356668645,2.2562977025500004,-0.20603875103006147
2024-08-19,IM2503,2025-03-21,140.0,0.5737704918032787,4663.612,4430.6,0.10333056136372806,0.10666165969510041,0.10624806972735758,-0.003331098331372351,-0.0029175083636295146,4422.1399439365705,4423.189467560409,8.460056063429874,7.410532439591407,-0.3301813757463894
2024-08-20,IM2409,2024-09-20,21.0,0.0860655737704918,4579.304,4537.0,0.12183662298764758,0.11655389687023977,0.12694528233246005,0.005282726117407807,-0.005108659344812472,4539.063265303704,4535.005611689648,-2.0632653037037016,1.9943883103524058,0.12073757794417234
2024-08-20,IM2410,2024-10-18,36.0,0.14754098360655737,4579.304,4501.0,0.13089922881311733,0.11397092861681173,0.12103207268807793,0.016928300196305604,0.009867156125039397,4512.255829426129,4507.557372436104,-11.255829426128912,-6.557372436103833,0.6320313877674438
2024-08-20,IM2412,2024-12-20,81.0,0.3319672131147541,4579.304,4431.0,0.11317162898854773,0.10975711343198384,0.11393181270396174,0.003414515556563885,-0.0007601837154140173,4436.025418098557,4429.881951335334,-5.025418098556656,1.1180486646662757,0.24681411493831354
2024-08-20,IM2503,2025-03-21,139.0,0.569672131147541,4579.304,4344.0,0.10659964810782432,0.10607539794107887,0.10910628584051979,0.0005242501667454547,-0.002506637732695466,4345.297532427975,4337.801361314919,-1.2975324279750566,6.198638685081278,0.05197914310846534
2024-08-21,IM2409,2024-09-20,20.0,0.08196721311475409,4548.264,4522.0,0.08465322366294037,0.1253625927616161,0.09009902400985498,-0.04070936909867573,-0.005445800346914609,4506.935985796561,4519.981933297888,15.064014203439001,2.0180667021122645,-0.8915541854625629
2024-08-21,IM2410,2024-10-18,35.0,0.14344262295081966,4548.264,4486.4,0.10947387657306805,0.11995872980061334,0.09927454714360046,-0.01048485322754529,0.010199329429467593,4479.657638682796,4492.968490233134,6.742361317204086,-6.568490233134071,-0.38162903139499565
2024-08-21,IM2412,2024-12-20,80.0,0.32786885245901637,4548.264,4419.0,0.10193819642261973,0.11337347194089453,0.10428206131216797,-0.011435275518274807,-0.0023438648895482417,4402.462993174841,4415.605390103638,16.53700682515864,3.3946098963624536,-0.8195385100052829
2024-08-21,IM2503,2025-03-21,138.0,0.5655737704918032,4548.264,4332.8,0.09980956178190013,0.10874764244987616,0.10346203600040806,-0.008938080667976023,-0.003652474218507923,4310.952340203065,4323.8587843723735,21.84765979693475,8.941215627626661,-0.8834972024745468
2024-08-22,IM2409,2024-09-20,19.0,0.0778688524590164,4491.839,4473.2,0.06739951000529242,0.09319361935489959,0.07394085387528018,-0.025794109349607172,-0.006541343869987767,4464.224336803817,4470.9220799987015,8.975663196182722,2.2779200012982983,-0.5404126637731084
2024-08-22,IM2410,2024-10-18,34.0,0.13934426229508196,4491.839,4436.2,0.10344782080036978,0.10127374816388258,0.09101569000548566,0.0021740726364871954,0.012432130794884116,4437.54412619011,4443.891694158428,-1.3441261901098187,-7.691694158428618,0.07708140348302255
2024-08-22,IM2412,2024-12-20,79.0,0.3237704918032787,4491.839,4369.0,0.09964104966499152,0.10520586319644848,0.10174221187653897,-0.0055648135314569636,-0.00210116221154745,4361.135361848722,4366.028804862779,7.864638151278086,2.9711951372210024,-0.39531409742353596
2024-08-22,IM2503,2025-03-21,137.0,0.5614754098360656,4491.839,4281.0,0.09962363860086003,0.10398875369052775,0.10254263248207517,-0.0043651150896677204,-0.0029189938812151373,4270.520523964666,4273.98943032597,10.4794760353343,7.010569674030194,-0.4300620948235704
2024-08-23,IM2409,2024-09-20,18.0,0.07377049180327869,4495.344,4475.0,0.0754858683310167,0.0792808807689665,0.08095358246492275,-0.003795012437949802,-0.005467714133906051,4473.747354649023,4473.195346059306,1.2526453509772182,1.804653940694152,-0.07593105276910614
2024-08-23,IM2410,2024-10-18,33.0,0.13524590163934427,4495.344,4438.6,0.10792656570054802,0.09444585122416925,0.09478167383962138,0.013480714476378775,0.013144891860926641,4446.699887709473,4446.497929268175,-8.099887709472569,-7.897929268174266,0.4651723498700311
2024-08-23,IM2412,2024-12-20,78.0,0.319672131147541,4495.344,4376.6,0.097742136476925,0.10333095344176475,0.10277500283354424,-0.005588816964839746,-0.005032866356619231,4368.787795130163,4369.5642934649295,7.812204869836933,7.035706535070858,-0.3934564918004204
2024-08-23,IM2503,2025-03-21,136.0,0.5573770491803278,4495.344,4291.0,0.09746663812508448,0.10345970794305419,0.1027420923093609,-0.0059930698179697095,-0.005275454184276426,4276.690258874796,4278.401202220226,14.3097411252038,12.598797779774031,-0.588467180483216
2024-08-26,IM2409,2024-09-20,17.0,0.06967213114754098,4512.893,4489.2,0.08955243442164902,0.08516123869190426,0.09386069184761059,0.004391195729744765,-0.0043082574259615675,4490.573653766503,4487.852699360035,-1.373653766503594,1.3473006399644873,0.08375415281692593
2024-08-26,IM2410,2024-10-18,32.0,0.13114754098360656,4512.893,4455.0,0.11244904647008275,0.09744911906566467,0.10156703601991508,0.014999927404418079,0.010882010450167665,4463.77251784663,4461.362487429324,-8.772517846629853,-6.362487429323664,0.5033002945134127
2024-08-26,IM2412,2024-12-20,77.0,0.3155737704918033,4512.893,4390.6,0.1010557753548562,0.1039873609663664,0.10490046388435717,-0.002931585611510204,-0.0038446885295009697,4386.539995835074,4385.27619059053,4.060004164926795,5.323809409470414,-0.20449661976353384
2024-08-26,IM2503,2025-03-21,135.0,0.5532786885245902,4512.893,4307.8,0.0980644674791589,0.1034333416849396,0.1034978096582876,-0.005368874205780708,-0.005433342179128706,4295.022737126482,4294.869541741709,12.777262873518339,12.930458258290855,-0.525376806086898
2024-08-27,IM2409,2024-09-20,16.0,0.06557377049180328,4459.68,4442.2,0.0738907966897301,0.0962146277373197,0.08085604795838813,-0.0223238310475896,-0.006965251268658032,4435.702008226312,4440.171542669484,6.497991773688227,2.0284573305161757,-0.4051274134749393
2024-08-27,IM2410,2024-10-18,31.0,0.12704918032786885,4459.68,4405.4,0.11038750426765907,0.10303056242016187,0.09508831968192703,0.007356941847497203,0.01529918458573204,4409.519623435441,4413.971318780488,-4.119623435441099,-8.571318780488582,0.23980895830550317
2024-08-27,IM2412,2024-12-20,76.0,0.3114754098360656,4459.68,4344.2,0.0982294179990875,0.1055412894932005,0.10275223929053928,-0.007311871494112998,-0.004522821291451776,4334.317480607877,4338.084427269957,9.882519392122958,6.1155727300429135,-0.5052895362800625
2024-08-27,IM2503,2025-03-21,134.0,0.5491803278688525,4459.68,4258.0,0.09826639804683365,0.10385079541982509,0.1025301165658577,-0.005584397372991434,-0.004263718519024046,4244.961394140754,4248.041342575868,13.038605859245763,9.95865742413207,-0.5445773018797901
2024-08-28,IM2409,2024-09-20,15.0,0.06147540983606557,4470.55,4450.2,0.0882151143961176,0.08485477252035924,0.09274110689627688,0.0033603418757583575,-0.0045259925001592816,4451.11941013085,4448.96196085965,-0.9194101308503377,1.2380391403494286,0.05790996615293967
2024-08-28,IM2410,2024-10-18,30.0,0.12295081967213115,4470.55,4416.6,0.11274903057792245,0.09756209102036388,0.10166997591216448,0.015186939557558565,0.011079054665757967,4424.85458590472,4422.620298550058,-8.254585904719534,-6.020298550057305,0.4804427631378198
2024-08-28,IM2412,2024-12-20,75.0,0.3073770491803279,4470.55,4351.8,0.10158588521319065,0.10384393342069552,0.10539046014665931,-0.002258048207504873,-0.0038045749334686685,4348.780584589459,4346.713809862525,3.0194154105411144,5.086190137475569,-0.15455854183613424
2024-08-28,IM2503,2025-03-21,133.0,0.5450819672131147,4470.55,4265.8,0.10000854505767841,0.103144063460873,0.10395786901462319,-0.0031355184031945926,-0.003949323956944778,4258.515486005237,4256.626866920785,7.284513994763074,9.173133079215404,-0.3046978846211924
2024-08-29,IM2409,2024-09-20,14.0,0.05737704918032787,4542.464,4527.4,0.07189375483755704,0.09523151513906748,0.07661072376463662,-0.02333776030151044,-0.004716968927079582,4521.341633925824,4526.174844193817,6.058366074175865,1.2251558061825563,-0.38114395796909284
2024-08-29,IM2410,2024-10-18,29.0,0.11885245901639344,4542.464,4493.8,0.10462435228166223,0.10318013399543882,0.09240404882764709,0.0014442182862234032,0.012220303454015133,4494.57142200786,4500.331596197936,-0.7714220078596554,-6.531596197935869,0.04429553633138489
2024-08-29,IM2412,2024-12-20,74.0,0.30327868852459017,4542.464,4432.8,0.0945798707892141,0.10603255566894922,0.10061583892045722,-0.011452684879735123,-0.00603596813124313,4417.430019000281,4424.6928254465965,15.369980999718791,8.107174553403638,-0.7763059317365605
2024-08-29,IM2503,2025-03-21,132.0,0.5409836065573771,4542.464,4346.4,0.09555825669290574,0.10430697869278542,0.10061516001616815,-0.00874872199987968,-0.0050569033232624044,4325.877461487094,4334.525795253154,20.522538512906067,11.874204746845862,-0.8471544110239551
2024-08-30,IM2409,2024-09-20,13.0,0.05327868852459016,4629.32,4621.0,0.04776316540609908,0.0806664192868172,0.05120626221515556,-0.03290325388071812,-0.003443096809056481,4612.906288306594,4620.152384490631,8.093711693405567,0.847615509368552,-0.5081681527180077
2024-08-30,IM2410,2024-10-18,28.0,0.11475409836065574,4629.32,4590.4,0.08757317025756493,0.09485109764376704,0.0786446703866939,-0.0072779273862021016,0.008928499870871034,4586.56782695807,4595.105651245291,3.832173041929309,-4.705651245290937,-0.21618275766031086
2024-08-30,IM2412,2024-12-20,73.0,0.29918032786885246,4629.32,4525.0,0.09018285624550412,0.10166692326215816,0.0941139293180854,-0.01148406701665404,-0.0039310730725812815,4509.479651346333,4519.681277005858,15.520348653666588,5.318722994142263,-0.7707305145431188
2024-08-30,IM2503,2025-03-21,131.0,0.5368852459016393,4629.32,4441.8,0.0910188595832823,0.10120087358899166,0.09626998735913556,-0.010182014005709353,-0.005251127775853251,4417.584822954802,4429.295077456773,24.21517704519829,12.504922543227622,-0.9824037181038178
2024-09-02,IM2409,2024-09-20,12.0,0.04918032786885246,4532.515,4515.6,0.09002439491638582,0.05782034685756603,0.09327981676801253,0.032204048058819795,-0.003255421851626708,4522.757499305799,4514.877098055423,-7.15749930579841,0.722901944577643,0.4693129968792095
2024-09-02,IM2410,2024-10-18,27.0,0.11065573770491803,4532.515,4485.0,0.10923661204642653,0.08260050090078515,0.10050525776935382,0.026636111145641378,0.008731354277072709,4498.238762434965,4489.33538643493,-13.238762434964883,-4.335386434930115,0.7653811547023333
2024-09-02,IM2412,2024-12-20,72.0,0.29508196721311475,4532.515,4418.8,0.10010762391637443,0.09581221657936119,0.10286423361788913,0.004295407337013238,-0.0027566097015147006,4424.404367845088,4415.207095493776,-5.604367845087836,3.592904506223931,0.28536812845528614
2024-09-02,IM2503,2025-03-21,130.0,0.5327868852459017,4532.515,4333.2,0.09840649578535113,0.09722716228877329,0.10129200403163134,0.001179333496577839,-0.0028855082462802134,4335.923549935996,4326.543425617434,-2.723549935995834,6.65657438256585,0.1133733880687015
2024-09-03,IM2409,2024-09-20,11.0,0.045081967213114756,4572.397,4547.4,0.13559926315723114,0.09506539935847559,0.13982096643192687,0.04053386379875555,-0.004221703274695732,4555.717271603502,4546.534608960186,-8.317271603502377,0.865391039813403,0.5561158129882962
2024-09-03,IM2410,2024-10-18,26.0,0.10655737704918032,4572.397,4513.8,0.13504468600655975,0.1015385981346013,0.12451713286991646,0.033506087871958454,0.010527553136643289,4529.944517606299,4518.866369867336,-16.144517606298905,-5.066369867336107,0.930266678225962
2024-09-03,IM2412,2024-12-20,71.0,0.29098360655737704,4572.397,4444.6,0.11142026098598627,0.10327586496077602,0.11311231789715527,0.008144396025210249,-0.0016920569111689987,4455.145685208288,4442.412191728,-10.545685208287978,2.1878082720004386,0.5355065379992431
2024-09-03,IM2503,2025-03-21,129.0,0.5286885245901639,4572.397,4358.2,0.1047499307180974,0.10150637299100121,0.10766092307176464,0.003243557727096197,-0.0029109923536672355,4365.679991359528,4351.497852886442,-7.479991359527958,6.702147113557658,0.3106657999424138
2024-09-04,IM2409,2024-09-20,10.0,0.040983606557377046,4550.77,4536.2,0.09224573089951911,0.13667037011562339,0.09831980834427163,-0.044424639216104275,-0.006074077444752524,4527.9485365306855,4535.070909800329,8.25146346931433,1.1290901996708271,-0.5724608088746695
2024-09-04,IM2410,2024-10-18,25.0,0.10245901639344263,4550.77,4501.6,0.12002834830592461,0.12264474100091464,0.10599736971262458,-0.002616392694990033,0.014030978593300034,4500.393404219155,4508.076155302046,1.2065957808454186,-6.476155302045299,-0.0701005254322426
2024-09-04,IM2412,2024-12-20,70.0,0.28688524590163933,4550.77,4433.0,0.10539505787011365,0.11228068058718661,0.107820704804507,-0.0068856227170729645,-0.002425646934393358,4424.251768051815,4429.916226783726,8.748231948185094,3.0837732162735847,-0.4479832323664153
2024-09-04,IM2503,2025-03-21,128.0,0.5245901639344263,4550.77,4346.6,0.10150167708148551,0.10716353239580215,0.10557225902965253,-0.005661855314316636,-0.004070581948167021,4333.709083806982,4337.32822870693,12.890916193018711,9.271771293070742,-0.5402643267406847
2024-09-05,IM2409,2024-09-20,9.0,0.036885245901639344,4586.781,4577.2,0.07068969636645964,0.10007624031191348,0.07652306491982588,-0.02938654394545384,-0.005833368553366247,4572.241323977524,4576.21525163871,4.958676022475629,0.9847483612902579,-0.35480827434530565
2024-09-05,IM2410,2024-10-18,24.0,0.09836065573770492,4586.781,4543.0,0.11150732142634445,0.10697593009083829,0.09627429462046228,0.00453139133550616,0.015233026805882177,4545.025314679641,4549.812017538901,-2.0253146796412693,-6.812017538901273,0.11700806442077984
2024-09-05,IM2412,2024-12-20,69.0,0.2827868852459016,4586.781,4476.6,0.09998220920838952,0.10818749877797096,0.10455150213980785,-0.008205289569581442,-0.004569292931418334,4466.224770617957,4470.819358955599,10.375229382043472,5.780641044401818,-0.5281170445216076
2024-09-05,IM2503,2025-03-21,127.0,0.5204918032786885,4586.781,4391.6,0.0975456873665022,0.10575383649732305,0.10385153546135246,-0.008208149130820852,-0.006305848094850269,4372.877901444147,4377.209772417185,18.722098555853336,14.390227582814987,-0.7802720692365663
2024-09-06,IM2409,2024-09-20,8.0,0.03278688524590164,4508.228,4497.2,0.08870031810502241,0.08059695398725428,0.09534242977775975,0.00810336411776813,-0.006642111672737344,4498.394993135354,4496.220732711631,-1.1949931353537977,0.9792672883686464,0.09144369138084767
2024-09-06,IM2410,2024-10-18,23.0,0.0942622950819672,4508.228,4461.6,0.12429569722190141,0.09855004863089982,0.10718674820904203,0.02574564859100159,0.01710894901285938,4472.440755944559,4468.801156010892,-10.840755944558623,-7.201156010891282,0.6398196070357018
2024-09-06,IM2412,2024-12-20,68.0,0.2786885245901639,4508.228,4393.2,0.10674253669742818,0.10544296610685797,0.11051809095002882,0.0012995705905702176,-0.0037755542526006353,4394.791397178418,4388.579890024976,-1.5913971784184469,4.6201099750242065,0.08272867736696993
2024-09-06,IM2503,2025-03-21,126.0,0.5163934426229508,4508.228,4304.0,0.10377524686612948,0.1043270877080267,0.10820712100616046,-0.0005518408418972304,-0.004431874140030989,4302.773676804999,4294.16116825991,1.2263231950009867,9.838831740090427,-0.05225702667602817
2024-09-09,IM2409,2024-09-20,7.0,0.028688524590163935,4475.532,4457.4,0.1555057412924763,0.0977527861736964,0.16041264967981472,0.0577529551187799,-0.004906908387338427,4464.791351622337,4456.772567220392,-7.3913516223374245,0.6274327796072612,0.6075733131682275
2024-09-09,IM2410,2024-10-18,22.0,0.09016393442622951,4475.532,4420.8,0.15046866935969022,0.10849205790008018,0.1354261339435328,0.04197661145961004,0.01504253541615741,4437.56344263025,4426.799973241714,-16.76344263025021,-5.999973241713633,1.0025484742720068
2024-09-09,IM2412,2024-12-20,67.0,0.27459016393442626,4475.532,4355.0,0.11342314264559902,0.11099642163575757,0.11973961608241729,0.0024267210098414538,-0.006316473436818265,4357.902937534429,4347.453054129745,-2.902937534428929,7.5469458702546035,0.15275490279250864
2024-09-09,IM2503,2025-03-21,125.0,0.5122950819672131,4475.532,4267.0,0.10713816356251449,0.10844501849416013,0.11298805482761885,-0.0013068549316456457,-0.005849891265104365,4264.144219395681,4254.231495802507,2.8557806043190794,12.768504197492803,-0.12327190555435086
2024-09-10,IM2409,2024-09-20,6.0,0.02459016393442623,4487.576,4473.6,0.14084893013125566,0.15603034974021082,0.14726944679664805,-0.015181419608955166,-0.006420516665392395,4471.930255981188,4472.893756817913,1.6697440188127075,0.7062431820877464,-0.14850511549915807
2024-09-10,IM2410,2024-10-18,21.0,0.0860655737704918,4487.576,4436.0,0.14831177658605615,0.13298421416382306,0.13017390875193746,0.015327562422233099,0.018137867834118693,4441.855723829979,4442.9302078446835,-5.85572382997907,-6.930207844683537,0.3512855984517878
2024-09-10,IM2412,2024-12-20,66.0,0.27049180327868855,4487.576,4369.0,0.11299944955908613,0.11872496709400787,0.11869964337606145,-0.005725517534921745,-0.005700193816975327,4362.238942191734,4362.268823011971,6.761057808265832,6.731176988028892,-0.3562912450238859
2024-09-10,IM2503,2025-03-21,124.0,0.5081967213114754,4487.576,4281.6,0.10645616140765717,0.11239355164624934,0.11285599849200896,-0.0059373902385921745,-0.006399837084351795,4268.700333051243,4267.697246710105,12.89966694875693,13.902753289895372,-0.5578444217633807
2024-09-11,IM2410,2024-10-18,20.0,0.08196721311475409,4486.007,4436.0,0.15076110962988945,0.12861489091711015,0.14795593598979295,0.022146218712779303,0.0028051736400964977,4444.059823484877,4437.020096802211,-8.059823484876688,-1.020096802210901,0.48628421755364676
2024-09-11,IM2412,2024-12-20,65.0,0.26639344262295084,4486.007,4366.6,0.11527247125324144,0.11804341842110111,0.12074670831422867,-0.0027709471678596664,-0.005474237060987222,4363.377930483545,4360.236824320352,3.2220695164551216,6.363175679648521,-0.1704222937096149
2024-09-11,IM2503,2025-03-21,123.0,0.5040983606557377,4486.007,4278.0,0.10818278167973192,0.11246170363870431,0.11207489449946777,-0.004278921958972393,-0.0038921128197358518,4268.782309344891,4269.614759736827,9.217690655109436,8.385240263172818,-0.40041151773197836
2024-09-12,IM2410,2024-10-18,19.0,0.0778688524590164,4468.744,4429.4,0.12756594863117132,0.14341112393628808,0.1265763336003874,-0.015845175305116754,0.0009896150307839302,4423.938174437216,4429.741343543345,5.461825562783815,-0.34134354334491945,-0.33164073387812537
2024-09-12,IM2412,2024-12-20,64.0,0.26229508196721313,4468.744,4359.6,0.10827197255649638,0.11897232305341372,0.11159121463735767,-0.010700350496917338,-0.00331924208086129,4347.381286507968,4355.806093006108,12.218713492032293,3.793906993892051,-0.6501585840384402
2024-09-12,IM2503,2025-03-21,122.0,0.5,4468.744,4270.6,0.10470610442052013,0.11107298900350943,0.10602512482836415,-0.006366884582989299,-0.0013190204078440265,4257.026408186299,4267.784424275645,13.573591813701569,2.8155757243557673,-0.5909876251947392
2024-09-13,IM2410,2024-10-18,18.0,0.07377049180327869,4413.187,4380.0,0.11632248177387886,0.12429341651067878,0.1156371542077164,-0.007970934736799926,0.0006853275661624497,4377.425230464476,4380.221445045763,2.5747695355239557,-0.22144504576317559,-0.1593385245808067
2024-09-13,IM2412,2024-12-20,63.0,0.2581967213114754,4413.187,4312.0,0.10383565115324639,0.11070109358056744,0.10702462869357325,-0.006865442427321053,-0.003188977540326862,4304.363169720422,4308.451031434554,7.636830279578135,3.548968565445648,-0.4115486346643326
2024-09-13,IM2503,2025-03-21,121.0,0.4959016393442623,4413.187,4220.6,0.1039771297676523,0.10551567262682053,0.10301889155079502,-0.0015385428591682265,0.0009582382168572823,4217.381054141613,4222.606071540933,3.2189458583870874,-2.0060715409326804,-0.14170691740181876
2024-09-18,IM2410,2024-10-18,17.0,0.06967213114754098,4399.133,4365.6,0.12382639740952756,0.11450515068980466,0.12445495462159112,0.009321246719722898,-0.000628557212063563,4368.436077333331,4365.408821812367,-2.8360773333306497,0.1911781876333407,0.17764106246853043
2024-09-18,IM2412,2024-12-20,62.0,0.2540983606557377,4399.133,4290.6,0.11231190051336286,0.10657532893036933,0.11184812479226217,0.005736571582993524,0.00046377572110069265,4296.858768277654,4291.105654050922,-6.258768277653871,-0.5056540509212937,0.33946818994823524
2024-09-18,IM2503,2025-03-21,120.0,0.4918032786885246,4399.133,4194.6,0.11080596765593946,0.10275337219694984,0.10674345835398936,0.00805259545898962,0.004062509301950096,4211.244781733509,4202.989001331971,-16.644781733508353,-8.389001331970576,0.7377291814677276
2024-09-19,IM2410,2024-10-18,16.0,0.06557377049180328,4482.275,4454.0,0.11050445827840817,0.12272546013223982,0.11066467834903032,-0.012221001853831653,-0.0001602200706221496,4450.432095890905,4453.9532054789615,3.5679041090952524,0.046794521038464154,-0.2216225530095481
2024-09-19,IM2412,2024-12-20,61.0,0.25,4482.275,4379.0,0.10724136885799479,0.1111878175519515,0.10848674284778904,-0.003946448693956717,-0.0012453739897942545,4374.681755858693,4377.6368390413345,4.318244141307332,1.3631609586655031,-0.2305374430910449
2024-09-19,IM2503,2025-03-21,119.0,0.48770491803278687,4482.275,4281.8,0.10782158434621092,0.10636208517670177,0.10531407456787385,0.0014594991695091458,0.0025075097783370665,4284.848891297779,4287.039522744919,-3.048891297778937,-5.239522744918759,0.13308818489146168
2024-09-20,IM2410,2024-10-18,15.0,0.06147540983606557,4463.356,4422.6,0.16321724022834336,0.11073816082251442,0.16253366424577723,0.05247907940582894,0.0006835759825661314,4436.891112735779,4422.785855327655,-14.29111273577837,-0.1858553276542807,0.9038081819651815
2024-09-20,IM2412,2024-12-20,60.0,0.2459016393442623,4463.356,4347.2,0.12123389164535986,0.10846881454113938,0.12292418416112635,0.01276507710422048,-0.001690292515766495,4360.867097129404,4345.393480472404,-13.667097129404283,1.8065195275958104,0.7359555686950806
2024-09-20,IM2503,2025-03-21,118.0,0.48360655737704916,4463.356,4250.0,0.1152847442932631,0.10527807146042559,0.11293919318903015,0.010006672832837515,0.002345551104232957,4270.616838770425,4254.823611804204,-20.616838770424692,-4.82361180420412,0.9083654801578027
2024-09-23,IM2410,2024-10-18,14.0,0.05737704918032787,4469.133,4437.0,0.13976383393055444,0.156532327348197,0.13951723152922024,-0.016768493417642555,0.00024660240133420053,4432.733096938308,4437.062780968604,4.266903061691664,-0.0627809686038745,-0.2737017121644975
2024-09-23,IM2411,2024-11-15,34.0,0.13934426229508196,4469.133,4401.8,0.12294515247947545,0.1307841807397965,0.12291186168809441,-0.007839028260321054,3.329079138103541e-05,4396.994435027167,4401.820419472719,4.805564972833054,-0.020419472718458564,-0.27761215317360327
2024-09-23,IM2412,2024-12-20,59.0,0.24180327868852458,4469.133,4363.0,0.11339706388679525,0.12082879099755392,0.11608844169364947,-0.007431727110758665,-0.002691377806854217,4355.166659698694,4360.161553212503,7.833340301305725,2.8384467874966504,-0.42275402276939816
2024-09-23,IM2503,2025-03-21,117.0,0.47950819672131145,4469.133,4265.4,0.1113048369537568,0.11179720013242442,0.10922139701089055,-0.000492363178667618,0.00208343994286625,4264.39309128202,4269.663377019765,1.006908717979968,-4.2633770197653575,-0.044492467850324464
2024-09-24,IM2410,2024-10-18,13.0,0.05327868852459016,4642.558,4653.2,-0.02897492277838025,0.13623096688055852,-0.029306845426127395,-0.1652058896589388,0.00033192264774714597,4612.422475856007,4653.282289793351,40.777524143993105,-0.08228979335126496,-2.5511854682952895
2024-09-24,IM2411,2024-11-15,33.0,0.13524590163934427,4642.558,4623.2,0.04489484681841107,0.12111407955858751,0.04599990889198781,-0.07621923274017645,-0.0011050620735767389,4575.787280842972,4622.509090736607,47.41271915702782,0.6909092633932232,-2.630659603252604
2024-09-24,IM2412,2024-12-20,58.0,0.23770491803278687,4642.558,4586.0,0.0655652898607388,0.11494792048212925,0.06986110256780742,-0.04938263062139045,-0.004295812707068622,4532.481990712425,4581.319461326707,53.518009287575296,4.680538673293086,-2.7787552653466085
2024-09-24,IM2503,2025-03-21,116.0,0.47540983606557374,4642.558,4494.0,0.08240904668992442,0.10859193774407216,0.08392610555649666,-0.02618289105414774,-0.0015170588665722323,4438.407184359507,4490.759984696467,55.59281564049343,3.240015303533255,-2.3676528584278858
2024-09-25,IM2410,2024-10-18,12.0,0.04918032786885246,4686.258,4680.0,0.041171153930383675,-0.013791561538636213,0.038283221276583033,0.05496271546901989,0.0028879326538006414,4692.667547851257,4680.664745147542,-12.66754785125704,-0.6647451475419075,0.8008915447199241
2024-09-25,IM2411,2024-11-15,32.0,0.13114754098360656,4686.258,4652.0,0.06994585668156626,0.05417147642223811,0.07265916505210018,0.015774380259328154,-0.0027133083705339206,4661.633885252729,4650.344909505428,-9.63388525272876,1.6550904945715956,0.5294137554160817
2024-09-25,IM2412,2024-12-20,57.0,0.2336065573770492,4686.258,4617.0,0.07773644999846101,0.07486726668436583,0.08292908502139426,0.002869183314095178,-0.0051926350229332535,4620.0956279104175,4611.402819378786,-3.0956279104175337,5.597180621213738,0.15922348393383015
2024-09-25,IM2503,2025-03-21,115.0,0.4713114754098361,4686.258,4526.6,0.08754645957813002,0.086529726057649,0.08832342731783027,0.0010167335204810252,-0.0007769677397002489,4528.76965826846,4524.9426905585115,-2.169658268459898,1.6573094414889056,0.09157945976690773
2024-09-26,IM2410,2024-10-18,11.0,0.045081967213114756,4874.132,4937.4,-0.2720753498592985,0.045138130028401384,-0.2643274308131771,-0.3172134798876999,-0.0077479190461213765,4867.294648855991,4935.675709639088,70.10535114400864,1.7242903609112545,-4.35168132975817
2024-09-26,IM2411,2024-11-15,31.0,0.12704918032786885,4874.132,4901.8,-0.03055319798705921,0.0762004534406653,-0.05096803645584265,-0.1067536514277245,0.02041483846878344,4835.765884928166,4914.53024426726,66.0341150718341,-12.730244267259877,-3.480545206719139
2024-09-26,IM2412,2024-12-20,56.0,0.22950819672131148,4874.132,4882.4,0.0066152313616129055,0.08507283252165877,0.014023601854231196,-0.07845760116004587,-0.007408370492618291,4795.271075492141,4874.105597780663,87.12892450785876,8.294402219336916,-4.291783062313344
2024-09-26,IM2503,2025-03-21,114.0,0.4672131147540984,4874.132,4803.8,0.04510949902305447,0.08942381505740263,0.054147098572969225,-0.044314316034348156,-0.009037599549914753,4705.363563363099,4783.558790561895,98.43643663690091,20.241209438105216,-3.973596890739439
2024-09-27,IM2411,2024-11-15,30.0,0.12295081967213115,5136.441,5320.4,-0.27219623198398724,-0.030416751667347433,-0.2708065174500714,-0.24177948031663982,-0.0013897145339158423,5164.56822735675,5319.490999316082,155.83177264324968,0.9090006839178386,-7.650262555685159
2024-09-27,IM2412,2024-12-20,55.0,0.22540983606557377,5136.441,5297.2,-0.1227196410817213,0.026415059708139052,-0.11110529440677334,-0.14913470078986035,-0.011614346674947956,5122.086884386007,5283.350131377509,175.1131156139927,13.849868622491158,-8.03840321318815
2024-09-27,IM2503,2025-03-21,113.0,0.46311475409836067,5136.441,5206.6,-0.015294303963736685,0.06053341431353268,-0.011790517346080151,-0.07582771827726936,-0.0035037866176565336,5026.933300949189,5198.158333839674,179.66669905081108,8.44166616032635,-6.767693474744971
2024-09-30,IM2410,2024-10-18,9.0,0.036885245901639344,5708.826,5813.4,-0.47812629244651367,-0.7112879808442254,-0.4744306969816069,0.23316168839771173,-0.0036955954649067757,5863.612163549646,5812.6076123187195,-50.21216354964599,0.7923876812801609,2.777536154479026
2024-09-30,IM2411,2024-11-15,29.0,0.11885245901639344,5708.826,5795.6,-0.11292720675661268,-0.22203497596137742,-0.12906732298403895,0.10910776920476474,0.01614011622742627,5871.245169566921,5806.7283263070585,-75.64516956692023,-11.12832630705816,3.329767463839013
2024-09-30,IM2412,2024-12-20,54.0,0.22131147540983606,5708.826,5769.6,-0.033848199836572085,-0.08195574021759884,-0.03034141289417107,0.048107540381026756,-0.003506786942401016,5831.355658270523,5765.123995608748,-61.75565827052287,4.4760043912519905,2.55313414726441
2024-09-30,IM2503,2025-03-21,112.0,0.45901639344262296,5708.826,5683.2,0.02380127074748563,0.003150471076028033,0.029346577159811545,0.020650799671457595,-0.005545306412325916,5737.327502222315,5668.752454254265,-54.12750222231534,14.447545745734715,1.8281742901864388
2024-10-08,IM2410,2024-10-18,8.0,0.03278688524590164,6201.985,6219.8,-0.07348466867464296,-0.41438443104569017,-0.08017083439036667,0.34089976237104724,0.00668616571572371,6289.70892170151,6221.163644987879,-69.90892170150983,-1.3636449878786152,3.8466520705764284
2024-10-08,IM2411,2024-11-15,28.0,0.11475409836065574,6201.985,6207.6,0.006114044486588635,-0.09957684078814956,0.011395961423768794,0.10569088527473819,-0.005281916937180159,6283.347061389038,6203.8385795124095,-75.7470613890373,3.76142048759084,3.139300277234372
2024-10-08,IM2412,2024-12-20,53.0,0.21721311475409835,6201.985,6184.8,0.02677424284298989,-0.012898782487099955,0.037460592847268326,0.039673025330089845,-0.010686350004278436,6238.327829500753,6170.4603962737865,-53.52782950075289,14.339603726213682,2.07174547784982
2024-10-08,IM2503,2025-03-21,111.0,0.45491803278688525,6201.985,6120.0,0.04325209514101279,0.03821276996727778,0.05443659326744331,0.00503932517373501,-0.01118449812643052,6134.046070971105,6088.940340345857,-14.04607097110511,31.059659654142706,0.4440987831362618
2024-10-09,IM2410,2024-10-18,7.0,0.028688524590163935,5727.38,5749.8,-0.12218295381035417,-0.06501052630819523,-0.12498050322237575,-0.05717242750215894,0.00279754941202158,5740.376950553403,5750.261483466329,9.42304944659736,-0.46148346632890025,-0.6014305185332135
2024-10-09,IM2411,2024-11-15,27.0,0.11065573770491803,5727.38,5745.2,-0.014073917028410871,0.018717774475225678,-0.006545716357667375,-0.03279169150363655,-0.007528200670743496,5724.390808378484,5740.416019538951,20.80919162151622,4.783980461048486,-0.942344613458093
2024-10-09,IM2412,2024-12-20,52.0,0.21311475409836064,5727.38,5715.8,0.0234968254672125,0.04176354638213055,0.025994946906240178,-0.018266720914918048,-0.0024981214390276778,5693.592172520592,5712.757794922834,22.20782747940848,3.042205077165818,-0.939660010678783
2024-10-09,IM2503,2025-03-21,110.0,0.45081967213114754,5727.38,5639.2,0.04841724720132133,0.05662504403319795,0.04687459033133708,-0.00820779683187662,0.0015426568699842547,5618.372185270534,5643.123202451999,20.8278147294659,-3.9232024519988045,-0.7215953169623123
2024-10-10,IM2410,2024-10-18,6.0,0.02459016393442623,5654.53,5664.0,-0.05405007773936389,-0.10618765771286029,-0.053390245676339876,0.0521375799734964,-0.0006598320630240156,5671.266310731699,5663.908100201171,-7.266310731699377,0.09189979882921762,0.5099856837070221
2024-10-10,IM2411,2024-11-15,26.0,0.10655737704918032,5654.53,5648.0,0.02484386332616722,0.002346278254709594,0.020022480940200586,0.022497585071457625,0.004821382385966633,5661.55610050119,5650.902427308575,-13.556100501189576,-2.90242730857517,0.624685227642538
2024-10-10,IM2412,2024-12-20,51.0,0.20901639344262296,5654.53,5628.8,0.03581990698354978,0.031166172851058004,0.039913084407806027,0.004653734132491778,-0.004093177424256245,5634.277835342112,5623.986389204222,-5.477835342111575,4.813610795778004,0.23556072226531402
2024-10-10,IM2503,2025-03-21,109.0,0.44672131147540983,5654.53,5559.0,0.052141806569402066,0.049485711125931614,0.0532719022305351,0.002656095443470452,-0.0011300956611330348,5565.599859657547,5556.194314849349,-6.599859657547313,2.8056851506507883,0.23244777511715622
2024-10-11,IM2411,2024-11-15,25.0,0.10245901639344263,5416.758,5399.0,0.046049207413671696,0.025180706271864563,0.043819602076508854,0.020868501141807133,0.002229605337162842,5410.556309028501,5400.233505561298,-11.556309028501346,-1.2335055612984434,0.5591706953120392
2024-10-11,IM2412,2024-12-20,50.0,0.20491803278688525,5416.758,5379.0,0.04813559127865259,0.042890009142990126,0.05200012576183689,0.005245582135662466,-0.003864534483184301,5384.785073079393,5374.741987237592,-5.785073079393442,4.258012762407816,0.2611272653125555
2024-10-11,IM2503,2025-03-21,108.0,0.4426229508196721,5416.758,5308.2,0.0597379960329573,0.05477380088407153,0.05871947418175037,0.004964195148885769,0.0010185218512069258,5319.876354459457,5310.593588313437,-11.676354459456888,-2.393588313437249,0.43226304213331307
2024-10-14,IM2411,2024-11-15,24.0,0.09836065573770492,5615.756,5597.8,0.0465593099448173,0.04568172136496661,0.05100515488866234,0.0008775885798506938,-0.004445844943845041,5598.283224005098,5595.352638347384,-0.4832240050982364,2.4473616526165642,0.022570138909060934
2024-10-14,IM2412,2024-12-20,49.0,0.20081967213114754,5615.756,5557.0,0.06637447146885489,0.05307913365180249,0.05907350245977245,0.013295337817052402,0.0073009690090824406,5571.85682239875,5565.153528074037,-14.85682239875041,-8.15352807403724,0.6505321297404536
2024-10-14,IM2503,2025-03-21,107.0,0.4385245901639344,5615.756,5482.4,0.06880481080374667,0.05927639693902352,0.0649558113050649,0.009528413864723154,0.0038489994986817683,5505.355826622539,5491.661452313609,-22.955826622539462,-9.26145231360897,0.8216548111080019
2024-10-15,IM2411,2024-11-15,23.0,0.0942622950819672,5507.176,5452.0,0.12082378623510118,0.05288906384673767,0.1228932829333158,0.06793472238836351,-0.002069496698214629,5487.024903385063,5450.936552057691,-35.024903385063226,1.0634479423088123,1.6818288027539334
2024-10-15,IM2412,2024-12-20,48.0,0.19672131147540983,5507.176,5411.0,0.10355842303723317,0.06014429940991502,0.09770626272421773,0.043414123627318155,0.005852160313015442,5457.410457104361,5417.232971959973,-46.41045710436083,-6.232971959972929,2.0856333025325906
2024-10-15,IM2503,2025-03-21,106.0,0.4344262295081967,5507.176,5331.0,0.08884154741378217,0.0654961939697077,0.08554401973769771,0.02334535344407447,0.0032975276760844607,5385.341210362831,5338.642303454738,-54.34121036283068,-7.642303454737885,1.9913050823523373
2024-10-16,IM2411,2024-11-15,22.0,0.09016393442622951,5524.255,5501.4,0.05998059531803722,0.11634492375351224,0.0603953021740611,-0.05636432843547502,-0.0004147068560238776,5473.512644490707,5501.194297687801,27.88735550929232,0.20570231219880952,-1.3412986171166021
2024-10-16,IM2412,2024-12-20,47.0,0.19262295081967212,5524.255,5470.4,0.06485923945365732,0.09410517927390333,0.06699815696938528,-0.02924593982024601,-0.0021389175157279644,5439.669474593632,5468.1466342477515,30.730525406367633,2.2533657522481008,-1.379489337352108
2024-10-16,IM2503,2025-03-21,105.0,0.430327868852459,5524.255,5386.6,0.07263902944415028,0.08381627530768536,0.07130843059057278,-0.011177245863535079,0.0013305988535775026,5360.753307858947,5389.68521679953,25.84669214105361,-3.085216799529917,-0.946226670126985
2024-10-17,IM2411,2024-11-15,21.0,0.0860655737704918,5505.615,5469.2,0.0911054768189481,0.06189893725015527,0.09142862133396738,0.029206539568792822,-0.00032314451501928854,5482.965098714539,5469.047894813465,-13.765098714538908,0.15210518653475447,0.6670822450092554
2024-10-17,IM2412,2024-12-20,46.0,0.1885245901639344,5505.615,5434.0,0.08344966457966269,0.06782813939097881,0.08380131099909914,0.015621525188683871,-0.0003516464194364549,5450.026944664605,5433.639770360384,-16.026944664605253,0.36022963961568166,0.7232741923413728
2024-10-17,IM2503,2025-03-21,104.0,0.4262295081967213,5505.615,5340.2,0.08557030312342699,0.07171698313878902,0.08064902949068323,0.013853319984637971,0.004921273632743764,5371.825523266876,5351.4133173841965,-31.62552326687637,-11.213317384196671,1.1654759188239612
2024-10-18,IM2411,2024-11-15,20.0,0.08196721311475409,5749.434,5732.8,0.04934764087953856,0.08951951691542043,0.041167805344785605,-0.04017187603588187,0.008179835534752954,5713.954214105535,5736.645006980221,18.845785894464825,-3.8450069802211146,-0.8792532405664328
2024-10-18,IM2412,2024-12-20,45.0,0.18442622950819673,5749.434,5728.0,0.034251921504033084,0.08278332436119232,0.05317247964587851,-0.048531402857159234,-0.01892055814184543,5676.96049859536,5708.047278677705,51.03950140463985,19.952721322294565,-2.2046629171851273
2024-10-18,IM2503,2025-03-21,103.0,0.42213114754098363,5749.434,5640.2,0.05944059214587511,0.08017367337209853,0.06087176122091809,-0.020733081226223422,-0.0014311690750429817,5591.051909654347,5636.793552774684,49.148090345653145,3.4064472253157874,-1.7341279733448878
2024-10-21,IM2411,2024-11-15,19.0,0.0778688524590164,5860.571,5840.0,0.05915595342410681,0.04372343015674808,0.055659487106531964,0.015432523267358729,0.003496466317574845,5847.02222170593,5841.590248863079,-7.022221705929951,-1.5902488630790685,0.32314932151016607
2024-10-21,IM2412,2024-12-20,44.0,0.18032786885245902,5860.571,5822.6,0.05004624051923141,0.054548878412432604,0.05794551190336105,-0.004502637893201197,-0.007899271384129644,5817.874252348987,5814.311850806283,4.72574765101308,8.2881491937178,-0.20058950638219156
2024-10-21,IM2503,2025-03-21,102.0,0.4180327868852459,5860.571,5746.0,0.061228540863914487,0.06154098501801044,0.06139888397836434,-0.0003124441540959533,-0.00017034311444985573,5745.2495530295455,5745.590847614421,0.7504469704545045,0.4091523855786363,-0.025983219796951836
2024-10-21,IM2506,2025-06-20,162.0,0.6639344262295082,5860.571,5660.2,0.0663964573319047,0.06501924718720241,0.06415355534046673,0.0013772101447022955,0.002242901991437979,5665.377924909058,5668.6351083299105,-5.177924909057765,-8.43510832991069,0.14489312309203098
2024-10-22,IM2411,2024-11-15,18.0,0.07377049180327869,5888.815,5873.8,0.04860740272774093,0.05589537075200806,0.047518032603047086,-0.007287968024267129,0.0010893701246938448,5870.642876644367,5874.272057329656,3.1571233556333027,-0.47205732965539937,-0.14574668705005672
2024-10-22,IM2412,2024-12-20,43.0,0.1762295081967213,5888.815,5850.6,0.050943693181709826,0.0580974172618587,0.05482372321669208,-0.007153724080148874,-0.003880030034982253,5843.228811909243,5846.600868803489,7.3711880907576415,3.999131196511371,-0.31287407459755223
2024-10-22,IM2503,2025-03-21,101.0,0.4139344262295082,5888.815,5777.8,0.05997781766806861,0.061497748359457434,0.06040983923281105,-0.0015199306913888239,-0.000432021564742438,5774.16603094088,5776.766856504024,3.633969059120318,1.0331434959762191,-0.12675114000075438
2024-10-22,IM2506,2025-06-20,161.0,0.6598360655737705,5888.815,5681.0,0.06844915376237207,0.06423268561284251,0.06369760343266367,0.004216468149529556,0.004751550329708393,5696.8275591548045,5698.839273352731,-15.827559154804476,-17.839273352730743,0.44806674566413474
2024-10-23,IM2411,2024-11-15,17.0,0.06967213114754098,5903.578,5891.2,0.044125326835998235,0.04885861536258681,0.04335464653891831,-0.0047332885265885735,0.0007706802970799259,5889.257530394792,5891.516336115799,1.9424696052074069,-0.31633611579945864,-0.09023924242628316
2024-10-23,IM2412,2024-12-20,42.0,0.1721311475409836,5903.578,5866.2,0.05089944040921514,0.055540285062544936,0.053306256520145166,-0.004640844653329798,-0.002406816110930028,5861.515751700807,5863.77020697421,4.684248299192404,2.429793025789877,-0.19885837967069714
2024-10-23,IM2503,2025-03-21,100.0,0.4098360655737705,5903.578,5797.0,0.05845207962774253,0.06076665636823044,0.05990911641711408,-0.002314576740487913,-0.0014570367893715491,5791.503590398345,5793.539376684701,5.496409601654705,3.460623315299017,-0.1921569043950042
2024-10-23,IM2506,2025-06-20,160.0,0.6557377049180327,5903.578,5700.6,0.06735544236327454,0.06394116266854986,0.06344412220737337,0.003414279694724673,0.003911320155901163,5713.377211262298,5715.239665345142,-12.777211262297897,-14.63966534514202,0.36279675976303344
2024-10-24,IM2411,2024-11-15,16.0,0.06557377049180328,5861.632,5859.0,0.020849118831591944,0.04521927889298872,0.021016913061689763,-0.024370160061396775,-0.00016779423009781816,5849.644541611246,5858.935534361597,9.355458388754414,0.06446563840290764,-0.44208899296219634
2024-10-24,IM2412,2024-12-20,41.0,0.1680327868852459,5861.632,5832.0,0.04416118756686207,0.054276640121275734,0.04496556140856732,-0.010115452554413665,-0.0008043738417052512,5822.095607920103,5831.211793276717,9.904392079896752,0.7882067232831105,-0.4243318241613478
2024-10-24,IM2503,2025-03-21,99.0,0.4057377049180328,5861.632,5763.0,0.05582478100694252,0.06037768800846076,0.05706714592743831,-0.004552907001518239,-0.0012423649204957934,5752.363917533802,5760.09575189791,10.636082466197877,2.9042481020896957,-0.37579262989546003
2024-10-24,IM2506,2025-06-20,159.0,0.6516393442622951,5861.632,5666.8,0.06587452059727104,0.06375810707110659,0.06195841353186773,0.0021164135261644568,0.003916107065403317,5674.62069271417,5681.27951428158,-7.820692714170036,-14.479514281580123,0.22444827099506542
2024-10-25,IM2411,2024-11-15,15.0,0.06147540983606557,5974.909,5996.0,-0.0433190593389478,0.02571366123597995,-0.04543665141137507,-0.06903272057492775,0.002117592072427267,5970.6080040954475,5996.78060913243,25.39199590455246,-0.7806091324300723,-1.1892446947319264
2024-10-25,IM2412,2024-12-20,40.0,0.16393442622950818,5974.909,5979.4,0.009416698482729255,0.04732555818259808,0.016388654551983246,-0.037908859699868826,-0.006971956069253991,5942.355843023855,5972.56978694881,37.04415697614422,6.830213051189276,-1.5557746729507154
2024-10-25,IM2503,2025-03-21,98.0,0.4016393442622951,5974.909,5910.8,0.0408591254388787,0.05815389547315364,0.04358070574160024,-0.017294770034274938,-0.0027215803027215366,5869.88431583506,5904.34247157659,40.9156841649401,6.457528423410622,-1.4186833403939427
2024-10-25,IM2506,2025-06-20,158.0,0.6475409836065574,5974.909,5812.8,0.05647836938145694,0.06266343076657994,0.05270285013645622,-0.006185061385123002,0.003775519245000726,5789.565825145945,5827.028539372163,23.2341748540548,-14.22853937216314,-0.6543642045961435
2024-10-28,IM2411,2024-11-15,14.0,0.05737704918032787,6082.088,6069.2,0.05097048622314092,-0.033407863544112806,0.04960941624192575,0.08437834976725372,0.001361069981215171,6098.65455070725,6069.673987700304,-29.454550707249837,-0.473987700303951,1.3776030275359596
2024-10-28,IM2412,2024-12-20,39.0,0.1598360655737705,6082.088,6044.0,0.0533028547227491,0.022291945221343,0.05494241166231116,0.0310109095014061,-0.0016395569395620604,6074.032432522429,6042.416314882021,-30.03243252242919,1.5836851179792575,1.2442843960977503
2024-10-28,IM2503,2025-03-21,97.0,0.3975409836065574,6082.088,5976.6,0.058011094200724284,0.04623452416731824,0.059640260300282154,0.011776570033406042,-0.0016291660995578702,6004.646064319519,5972.730446702087,-28.046064319518337,3.869553297913626,0.95990690065423
2024-10-28,IM2506,2025-06-20,157.0,0.6434426229508197,6082.088,5881.2,0.06619927023142962,0.054400573268236496,0.06280974419780279,0.01179869696319312,0.0033895260336268274,5926.018714879131,5894.040691889146,-44.81871487913122,-12.840691889146001,1.2451385527641907
2024-10-29,IM2411,2024-11-15,13.0,0.05327868852459016,5983.836,5977.8,0.03294240663050181,0.05039087622199856,0.033143472706005594,-0.01744846959149675,-0.00020106607550378353,5972.245430613,5977.735962940459,5.554569386999901,0.06403705954107863,-0.2694044902239246
2024-10-29,IM2412,2024-12-20,38.0,0.1557377049180328,5983.836,5951.0,0.0493322351814689,0.05535009521918832,0.050633855492112904,-0.006017860037719425,-0.001301620310644007,5945.425289651886,5949.79378695818,5.574710348114422,1.2062130418198649,-0.2359121153107232
2024-10-29,IM2503,2025-03-21,96.0,0.39344262295081966,5983.836,5876.6,0.0599621541917408,0.059850570964858234,0.05940052413064631,0.00011158322688256672,0.000561630061094491,5876.857997790861,5877.898691106458,-0.2579977908608271,-1.2986911064572269,0.009036432677226964
2024-10-29,IM2506,2025-06-20,156.0,0.639344262295082,5983.836,5780.0,0.06820890315149025,0.0629594833497055,0.06335228505189734,0.005249419801784755,0.00485661809959291,5799.431346941085,5797.975086632865,-19.431346941085394,-17.975086632864986,0.5525636274859669
2024-10-30,IM2411,2024-11-15,12.0,0.04918032786885246,6019.347,6006.0,0.05913617967790629,0.03618029466864628,0.05944471667253008,0.02295588500926001,-0.0003085369946237912,6012.784470613606,6005.908865944399,-6.784470613605663,0.0911340556012874,0.3344564855570496
2024-10-30,IM2412,2024-12-20,37.0,0.15163934426229508,6019.347,5975.0,0.06276494220444663,0.05209148377151278,0.06300773484662019,0.010673458432933852,-0.000242792642173556,5984.678464784142,5974.780022970083,-9.678464784142307,0.219977029916663,0.4085145244309338
2024-10-30,IM2503,2025-03-21,95.0,0.38934426229508196,6019.347,5894.8,0.06770099766265034,0.06006051270934451,0.06621745091756304,0.007640484953305826,0.0014835467450872997,5912.361835456494,5898.205881404415,-17.56183545649401,-3.4058814044146857,0.6146932307169043
2024-10-30,IM2506,2025-06-20,155.0,0.6352459016393442,6019.347,5800.0,0.07243542481466782,0.06378228941252688,0.0684494940524507,0.008653135402140938,0.003985930762217121,5831.969624961822,5814.704476199537,-31.969624961821864,-14.704476199536657,0.9084843164541682
2024-10-31,IM2411,2024-11-15,11.0,0.045081967213114756,6116.663,6095.4,0.09124370184136005,0.059921838237846914,0.09066220075090656,0.031321863603513134,0.0005815010904534901,6104.013096691067,6095.559794304406,-8.613096691067767,-0.1597943044062049,0.4296370591837437
2024-10-31,IM2412,2024-12-20,36.0,0.14754098360655737,6116.663,6063.6,0.07305479996498762,0.06325249471863616,0.07545503298057743,0.009802305246351464,-0.002400233015589809,6072.375775938918,6061.453060890857,-8.775775938917832,2.1469391091432044,0.3660175956813749
2024-10-31,IM2503,2025-03-21,94.0,0.38524590163934425,6116.663,5979.0,0.07308786149733532,0.06634533465653662,0.07207904658395647,0.006742526840798693,0.0010088149133788415,5994.550824975194,5981.32414098725,-15.550824975193791,-2.324140987249848,0.5388290017727726
2024-10-31,IM2506,2025-06-20,154.0,0.6311475409836066,6116.663,5880.0,0.0765209192849225,0.06854204674464814,0.07253537760944596,0.007978872540274351,0.003985541675476531,5909.685456162686,5894.809551832778,-29.685456162686023,-14.809551832778197,0.8354970333019448
2024-11-01,IM2411,2024-11-15,10.0,0.040983606557377046,5930.232,5917.8,0.0652052822488514,0.0879104737675092,0.06413784860383001,-0.022705191518657797,0.00106743364502139,5912.295807958575,5918.05889331964,5.504192041425085,-0.25889331964026496,-0.29252717357630087
2024-11-01,IM2412,2024-12-20,35.0,0.14344262295081966,5930.232,5890.0,0.06145686842362607,0.07423433476331165,0.06581251738866718,-0.01277746633968558,-0.004355648965041113,5879.214498974861,5886.321161517683,10.785501025138728,3.678838482316678,-0.4651063343988005
2024-11-01,IM2503,2025-03-21,93.0,0.38114754098360654,5930.232,5809.0,0.06819134092670219,0.07158334310007558,0.06815685804081405,-0.00339200217337339,3.448288588814297e-05,5801.494667945559,5809.076348578871,7.505332054441169,-0.07634857887114777,-0.26923126455088225
2024-11-01,IM2506,2025-06-20,153.0,0.6270491803278688,5930.232,5713.0,0.07351535665093058,0.07223705020437778,0.07003695651835254,0.0012783064465528016,0.0034784001325780384,5717.581153839246,5725.474383157201,-4.581153839246326,-12.474383157201373,0.13350085274729687
2024-11-04,IM2411,2024-11-15,9.0,0.036885245901639344,6053.112,6065.4,-0.04098058631429242,0.06428451363922011,-0.039873506043178755,-0.10526509995351252,-0.0011070802711136626,6041.895355549508,6065.1523248844405,23.50464445049147,0.2476751155591046,-1.2707496286218323
2024-11-04,IM2412,2024-12-20,34.0,0.13934426229508196,6053.112,6035.8,0.034554230811311225,0.06590059545053037,0.03349185527887793,-0.031346364639219144,0.0010623755324332962,6009.49350591831,6036.693581435001,26.30649408169029,-0.8935814350006694,-1.1114120038731505
2024-11-04,IM2503,2025-03-21,92.0,0.3770491803278688,6053.112,5956.0,0.0568946831924801,0.0682148905925042,0.057568896358063275,-0.011320207400024096,-0.0006742131655831721,5930.632331173645,5954.486108610717,25.36766882635493,1.5138913892833443,-0.8923061662276894
2024-11-04,IM2506,2025-06-20,152.0,0.6229508196721312,6053.112,5852.2,0.06818543482105208,0.07008445055278038,0.06427093180040987,-0.0018990157317283068,0.00391450302064221,5845.280979370408,5866.4882547368225,6.919020629591614,-14.288254736822637,-0.1977921140901864
2024-11-05,IM2411,2024-11-15,8.0,0.03278688524590164,6266.542,6283.4,-0.06793971083736594,-0.028277003666585795,-0.06904222999059813,-0.039662707170780145,0.001102519153232187,6275.234272730674,6283.6271375101105,8.165727269325544,-0.2271375101108788,-0.4475186726467005
2024-11-05,IM2412,2024-12-20,33.0,0.13524590163934427,6266.542,6261.4,0.020069574475777462,0.03852632134962944,0.02478792536490612,-0.018456746873851976,-0.004718350889128659,6245.78978845613,6257.405639715891,15.61021154386981,3.994360284108552,-0.6368738694890405
2024-11-05,IM2503,2025-03-21,91.0,0.3729508196721312,6266.542,6173.6,0.0540657416566936,0.059659164725249944,0.0539994080445843,-0.005593423068556341,6.63336121093025e-05,6160.734851117626,6173.75273166005,12.865148882374342,-0.15273166004953964,-0.43779925454450885
2024-11-05,IM2506,2025-06-20,151.0,0.6188524590163934,6266.542,6073.0,0.06469378004462714,0.06557501429614718,0.06185630537954562,-0.0008812342515200355,0.002837474665081524,6069.688968182324,6083.673423857066,3.3110318176759392,-10.673423857066155,-0.0915352069484885
2024-11-06,IM2411,2024-11-15,7.0,0.028688524590163935,6293.193,6293.8,0.010638071423302647,-0.054763873871543425,0.009002148954591352,0.06540194529484607,0.0016359224687112952,6305.620049946227,6294.095388824337,-11.82004994622639,-0.29538882433644176,0.6879621354047686
2024-11-06,IM2412,2024-12-20,32.0,0.13114754098360656,6293.193,6268.2,0.0443424749910352,0.03084350812080887,0.049981352424403186,0.01349896687022633,-0.005638877433367988,6279.306776002291,6263.566223571292,-11.106776002291554,4.633776428708188,0.45292006578962846
2024-11-06,IM2503,2025-03-21,90.0,0.36885245901639346,6293.193,6179.8,0.06329522398717743,0.056477076165346154,0.06316059399495588,0.00681814782183128,0.00013462999222155214,6195.3610798733125,6180.106887858821,-15.561079873312337,-0.3068878588210282,0.5298438257522603
2024-11-06,IM2506,2025-06-20,150.0,0.6147540983606558,6293.193,6072.2,0.07214942192307364,0.06339528556756913,0.0673402164626284,0.00875413635550451,0.0048092054604452344,6104.966491375682,6090.178894380923,-32.76649137568256,-17.97889438092352,0.9067986475239143
2024-11-07,IM2411,2024-11-15,6.0,0.02459016393442623,6403.918,6408.0,-0.01191358123746807,0.01493460623297449,-0.01422510234538607,-0.026848187470442562,0.0023115211079179996,6403.770826076152,6408.364245448428,4.229173923848066,-0.36424544842793694,-0.26260400338368894
2024-11-07,IM2412,2024-12-20,31.0,0.12704918032786885,6403.918,6389.0,0.03235689871493673,0.05245147975150353,0.041944443242532575,-0.0200945810365668,-0.009587544527595845,6372.709686116462,6381.2223629667915,16.290313883538147,7.777637033208521,-0.654962650753038
2024-11-07,IM2503,2025-03-21,89.0,0.36475409836065575,6403.918,6297.0,0.06015893590878204,0.06416905678945771,0.05896448980204381,-0.00401012088067567,0.0011944461067382312,6287.796060538403,6299.744069096084,9.203939461596747,-2.7440690960838765,-0.3093626260841309
2024-11-07,IM2506,2025-06-20,149.0,0.610655737704918,6403.918,6194.6,0.06842026285361898,0.06797063801416085,0.06415890744912266,0.0004496248394581237,0.00426135540449632,6196.301059985371,6210.740710741588,-1.7010599853701933,-16.14071074158801,0.046444285159655194
2024-11-08,IM2412,2024-12-20,30.0,0.12295081967213115,6423.122,6381.8,0.06649337194695132,0.04512113563372896,0.06742592094949174,0.02137223631322236,-0.0009325490025404171,6398.591725099527,6381.06831966549,-16.791725099526957,0.7316803345102016,0.6760491341855839
2024-11-08,IM2503,2025-03-21,88.0,0.36065573770491804,6423.122,6289.6,0.07224617343658521,0.060240862737218834,0.07020549904569104,0.012005310699366376,0.0020406743908941705,6316.891651464426,6294.2307294991615,-27.29165146442574,-4.630729499161134,0.9192972548705601
2024-11-08,IM2506,2025-06-20,148.0,0.6065573770491803,6423.122,6184.0,0.07654804983852692,0.06495292931359888,0.07194180433123369,0.011595120524928046,0.00460624550729323,6227.646030503434,6201.301959529911,-43.646030503434304,-17.301959529911073,1.1943308290939076
2024-11-11,IM2412,2024-12-20,29.0,0.11885245901639344,6579.005,6490.4,0.128085615989684,0.06766951087079905,0.1276794739777239,0.06041610511888494,0.0004061420119600978,6537.172710643197,6490.7133055097465,-46.77271064319757,-0.31330550974689686,1.8409869024155279
2024-11-11,IM2503,2025-03-21,87.0,0.35655737704918034,6579.005,6390.0,0.09575191872142397,0.07031864485964634,0.0934719421428777,0.025433273861777628,0.0022799765785462695,6448.210753764618,6395.196814443603,-58.21075376461795,-5.196814443603216,1.9321517858278598
2024-11-11,IM2506,2025-06-20,147.0,0.6024590163934426,6579.005,6280.0,0.09120614407239383,0.07202057978089121,0.08711003441991134,0.019185564291502616,0.004096109652482485,6353.00860443103,6295.516533344162,-73.00860443103011,-15.516533344161871,1.9614661293185578
2024-11-12,IM2412,2024-12-20,28.0,0.11475409836065574,6491.972,6407.8,0.1277243770474693,0.1204252785498865,0.12879590368761024,0.007299098497582812,-0.0010715266401409296,6413.169431087586,6407.012132065621,-5.369431087586236,0.787867934379392,0.21546082465370406
2024-11-12,IM2503,2025-03-21,86.0,0.3524590163934426,6491.972,6302.0,0.09826311124409438,0.09071234907526964,0.09549622427920809,0.007550762168824748,0.002766886964886292,6318.79406557111,6308.148797965054,-16.794065571109968,-6.148797965053745,0.5676831961307558
2024-11-12,IM2506,2025-06-20,146.0,0.5983606557377049,6491.972,6199.0,0.09117477324058516,0.08544094598472465,0.08918410034787531,0.00573382725586051,0.0019906728927098494,6220.3046543862865,6206.388278316411,-21.30465438628653,-7.388278316410833,0.5810659789065624
2024-11-13,IM2412,2024-12-20,27.0,0.11065573770491803,6474.394,6397.4,0.12211327904467165,0.12194541983937168,0.12273839124889095,0.0001678592052999639,-0.0006251122042193052,6397.518830148523,6396.957492739163,-0.118830148523557,0.4425072608364644,0.004794745742680079
2024-11-13,IM2503,2025-03-21,85.0,0.3483606557377049,6474.394,6293.2,0.09548258599376981,0.09292842729908053,0.09425511103981837,0.002554158694689279,0.001227474953951438,6298.8019823445,6295.891572788662,-5.601982344500357,-2.6915727886625973,0.19032794696441976
2024-11-13,IM2506,2025-06-20,145.0,0.5942622950819673,6474.394,6188.0,0.0901331824948858,0.08763530815999825,0.08889720350384683,0.0024978743348875593,0.0012359789910389718,6197.192241766718,6192.546729037245,-9.192241766718325,-4.5467290372453135,0.2518237580090296
2024-11-14,IM2412,2024-12-20,26.0,0.10655737704918032,6272.191,6239.6,0.06289063312407571,0.11701755129545059,0.06509352466656548,-0.05412691817137488,-0.002202891542489774,6203.715925469172,6238.135523471056,35.884074530828,1.464476528944033,-1.4943070589751608
2024-11-14,IM2503,2025-03-21,84.0,0.3442622950819672,6272.191,6136.8,0.0773885907325591,0.09214528819459787,0.07715562664882153,-0.014756697462038768,0.0002329640837375746,6105.703040776602,6137.292195700423,31.09695922339779,-0.49219570042259875,-1.0904622138842708
2024-11-14,IM2506,2025-06-20,144.0,0.5901639344262295,6272.191,6022.0,0.08297457292198873,0.08762926581957951,0.07943625785895164,-0.004654692897590781,0.0035383150630370896,6005.480074823884,6034.588194394713,16.519925176115976,-12.588194394713355,-0.4674682289186071
2024-11-15,IM2412,2024-12-20,25.0,0.10245901639344263,6125.513,6103.0,0.04993685156093794,0.06744998570093153,0.050687992109217386,-0.017513134139993586,-0.000751140548279447,6092.058727354917,6102.530324347575,10.94127264508279,0.4696756524253942,-0.4667180206737068
2024-11-15,IM2503,2025-03-21,83.0,0.3401639344262295,6125.513,6002.6,0.07358832572931234,0.078010730598718,0.07352601722536245,-0.004422404869405663,6.230850394989274e-05,5993.576821546823,6002.727227090677,9.023178453177024,-0.1272270906765698,-0.32410002741159316
2024-11-15,IM2506,2025-06-20,143.0,0.5860655737704918,6125.513,5895.8,0.07921842730079863,0.07994852540476657,0.07762223494092962,-0.0007300981039679438,0.0015961923598690059,5893.277813111596,5901.3179445627975,2.522186888404576,-5.517944562797311,-0.07307419552610522
2024-11-18,IM2412,2024-12-20,24.0,0.09836065573770492,5974.558,5954.2,0.048701550814097605,0.05508831645519075,0.046779327989374474,-0.006386765641093146,0.0019222228247231313,5950.460707763438,5955.325873560537,3.739292236561596,-1.125873560537002,-0.16408415620120062
2024-11-18,IM2501,2025-01-17,43.0,0.1762295081967213,5974.558,5928.8,0.05762656747759285,0.06749263538608978,0.06293920476361715,-0.00986606790849693,-0.0053126372860243035,5918.500597459886,5923.251797436662,10.299402540113988,5.548202563338236,-0.43055921688150345
2024-11-18,IM2503,2025-03-21,82.0,0.3360655737704918,5974.558,5855.0,0.07414934201508992,0.07509242953535641,0.07283828076178728,-0.0009430875202664918,0.001311061253302645,5853.144614737101,5857.580296344782,1.85538526289929,-2.580296344782255,-0.06853865860664377
2024-11-18,IM2506,2025-06-20,142.0,0.5819672131147541,5974.558,5748.8,0.08018754792494955,0.07855562949821886,0.07734715811687523,0.0016319184267306885,0.0028403898080743145,5754.262361145162,5758.310703889384,-5.462361145161594,-9.510703889383876,0.1627988951032489
2024-11-19,IM2412,2024-12-20,23.0,0.0942622950819672,6130.285,6093.0,0.0787201540633129,0.05170568906809884,0.0754742388181366,0.02701446499521406,0.003245915245176298,6108.5352637101905,6094.864544724456,-15.53526371019052,-1.8645447244562092,0.6691095010182583
2024-11-19,IM2501,2025-01-17,42.0,0.1721311475409836,6130.285,6068.0,0.07332790309032469,0.06602173289659102,0.07873821642642548,0.007306170193733669,-0.005410313336100786,6075.6360354876915,6062.351602604993,-7.636035487691515,5.648397395007123,0.3130894208199372
2024-11-19,IM2503,2025-03-21,81.0,0.3319672131147541,6130.285,5995.8,0.08081990430511038,0.07455883949738076,0.08069079892839937,0.006261064807729616,0.00012910537671101396,6008.2750398415055,5996.056978012709,-12.47503984150535,-0.25697801270871423,0.45289031973952915
2024-11-19,IM2506,2025-06-20,141.0,0.5778688524590164,6130.285,5890.0,0.08319432271315255,0.07836754205260688,0.0815697524744141,0.0048267806605456764,0.0016245702387384514,5906.451593232128,5895.532060809587,-16.45159323212829,-5.532060809587165,0.4821223312273053
2024-11-20,IM2412,2024-12-20,22.0,0.09016393442622951,6250.803,6190.8,0.1209786550506643,0.07643897169508913,0.11973460160613728,0.04453968335557516,0.0012440534445270213,6215.711454262081,6191.49445326453,-24.91145426208095,-0.6944532645302388,1.0603853411460582
2024-11-20,IM2501,2025-01-17,41.0,0.1680327868852459,6250.803,6159.2,0.10185807095993175,0.07933548718011436,0.10410434072026092,0.02252258377981739,-0.00224626976032917,6182.553856540138,6156.875667318918,-23.353856540138622,2.3243326810816143,0.9448575823078804
2024-11-20,IM2503,2025-03-21,80.0,0.32786885245901637,6250.803,6084.8,0.09609403577599102,0.0810213074709396,0.09476045192311015,0.015072728305051422,0.0013335838528808625,6114.9447645889595,6087.461103377361,-30.144764588959333,-2.6611033773606323,1.0810417926464793
2024-11-20,IM2506,2025-06-20,140.0,0.5737704918032787,6250.803,5972.6,0.09334808893262074,0.0817648927383372,0.090327207290738,0.011583196194283538,0.0030208816418827444,6012.426673380675,5982.961241188899,-39.82667338067495,-10.36124118889893,1.1537113143669337
2024-11-21,IM2412,2024-12-20,21.0,0.0860655737704918,6262.164,6187.2,0.15393017043300739,0.1152982260817354,0.152445924356266,0.038631944351271985,0.0014842460767413856,6207.805937516765,6187.990418819395,-20.605937516765152,-0.7904188193951995,0.8827234728035239
2024-11-21,IM2501,2025-01-17,40.0,0.16393442622950818,6262.164,6155.0,0.11929242110764919,0.10138448704780303,0.12224208657577024,0.017907934059846156,-0.002949665468121046,6173.095948423666,6152.024458659534,-18.095948423666414,2.975541340466407,0.7349947076856784
2024-11-21,IM2503,2025-03-21,79.0,0.3237704918032787,6262.164,6079.0,0.10568718046259264,0.09326503374974981,0.10469007190735453,0.012422146712842821,0.000997108555238102,6103.498511901805,6080.962826692592,-24.498511901804704,-1.9628266925919888,0.8831249524488733
2024-11-21,IM2506,2025-06-20,139.0,0.569672131147541,6262.164,5963.2,0.0998714335131986,0.08944539951859527,0.09652306133426576,0.010426033994603331,0.003348372178932843,5998.72334495949,5974.585506163638,-35.523344959489805,-11.385506163637729,1.0351923311724687
2024-11-22,IM2412,2024-12-20,20.0,0.08196721311475409,6030.488,5951.2,0.17546768636509139,0.14413439975172482,0.1750391944612475,0.03133328661336657,0.0004284919038438917,5966.504124337657,5951.409023426256,-15.304124337657413,-0.20902342625595338,0.6860568108418433
2024-11-22,IM2501,2025-01-17,39.0,0.1598360655737705,6030.488,5916.6,0.13328457136244515,0.11720530888676206,0.13616587393481272,0.016079262475683087,-0.0028813025723675723,5931.825491194182,5913.875819646411,-15.225491194181814,2.724180353588963,0.6452248896739067
2024-11-22,IM2503,2025-03-21,78.0,0.319672131147541,6030.488,5838.2,0.11537075723598736,0.10194665723376818,0.11389771533445545,0.013424100002219178,0.001473041901531913,5863.30736309181,5840.949799966218,-25.10736309180993,-2.7497999662182337,0.9457940406324459
2024-11-22,IM2506,2025-06-20,138.0,0.5655737704918032,6030.488,5707.4,0.11136016867292302,0.09491325441315834,0.1033386163027701,0.016446914259764675,0.008021552370152923,5760.737598319438,5733.352040830635,-53.33759831943826,-25.95204083063527,1.627689460270345
2024-11-25,IM2412,2024-12-20,19.0,0.0778688524590164,6052.129,5992.8,0.14051223183584513,0.16473009250523457,0.1400925752586056,-0.02421786066938944,0.00041965657723952443,5981.509325185967,5992.995836973492,11.290674814033082,-0.19583697349207796,-0.5072808214835014
2024-11-25,IM2501,2025-01-17,38.0,0.1557377049180328,6052.129,5957.8,0.11486719563988687,0.12998834083768954,0.11845011881893283,-0.015121145197802666,-0.0035829231790459604,5943.786290602134,5954.476497381415,14.013709397866478,3.3235026185848255,-0.5928436523590119
2024-11-25,IM2503,2025-03-21,77.0,0.3155737704918033,6052.129,5876.8,0.1071563952147924,0.11055986577223417,0.10592046455028335,-0.003403470557441779,0.0012359306645090412,5870.491434703514,5879.0925594871815,6.308565296486449,-2.292559487181279,-0.23759594221654176
2024-11-25,IM2506,2025-06-20,137.0,0.5614754098360656,6052.129,5752.6,0.10440143798809769,0.10138552495004949,0.09949334130723975,0.0030159130380481985,0.00490809668085794,5762.349480906481,5768.474738251768,-9.74948090648104,-15.874738251767667,0.29748544336991817
2024-11-26,IM2412,2024-12-20,18.0,0.07377049180327869,5981.57,5914.0,0.1679999748205698,0.13461281707456085,0.16685116882545833,0.03338715774600895,0.0011488059951114682,5928.584058195594,5914.501220811342,-14.58405819559357,-0.5012208113421366,0.6678828153674278
2024-11-26,IM2501,2025-01-17,37.0,0.15163934426229508,5981.57,5877.4,0.12985771585331862,0.11519935925805502,0.13251253285565753,0.0146583565952636,-0.0026548170023389106,5890.478718420632,5875.034383603757,-13.078718420631958,2.3656163962423307,0.5611028191164779
2024-11-26,IM2503,2025-03-21,76.0,0.3114754098360656,5981.57,5798.4,0.11385076478554755,0.10417299405000534,0.11353658146996654,0.009677770735542213,0.0003141833155810153,5815.904995260921,5798.967461375445,-17.504995260921532,-0.5674613754454185,0.6692965351002677
2024-11-26,IM2506,2025-06-20,136.0,0.5573770491803278,5981.57,5674.8,0.10845626606301995,0.09846955541559142,0.10432242855100465,0.009986710647428523,0.004133837512015293,5706.476077008944,5687.890416667558,-31.67607700894405,-13.090416667558202,0.981769566882157
2024-11-27,IM2412,2024-12-20,17.0,0.06967213114754098,6118.664,6086.8,0.0889407243579884,0.15839258153260555,0.08736586939485759,-0.06945185717461715,0.0015748549631308117,6057.4179786965105,6087.467901650694,29.382021303489637,-0.667901650694148,-1.324429472211423
2024-11-27,IM2501,2025-01-17,36.0,0.14754098360655737,6118.664,6053.6,0.08645875268066201,0.12756434896820482,0.09045268921660318,-0.0411055962875428,-0.00399393653594117,6016.997473173185,6050.033850028916,36.60252682681494,3.566149971084087,-1.5351007579230436
2024-11-27,IM2503,2025-03-21,75.0,0.3073770491803279,6118.664,5979.8,0.08868563288510027,0.11090844051884668,0.0912703329617549,-0.022222807633746414,-0.0025847000766546224,5939.09248590755,5975.051070258343,40.707514092449856,4.748929741656866,-1.5222557697095365
2024-11-27,IM2506,2025-06-20,135.0,0.5532786885245902,6118.664,5862.0,0.09145270266085569,0.10279409726024205,0.09068415627031844,-0.011341394599386365,0.0007685463905372503,5825.331398959676,5864.493171663458,36.668601040323665,-2.49317166345827,-1.1111568254841626
2024-11-28,IM2412,2024-12-20,16.0,0.06557377049180328,6086.085,6036.8,0.13799695135424972,0.0882154280819356,0.13533975814862786,0.049781523272314124,0.002657193205621855,6056.538500899082,6037.851956821599,-19.738500899081373,-1.051956821598651,0.9032732906968044
2024-11-28,IM2501,2025-01-17,35.0,0.14344262295081966,6086.085,6004.0,0.10866575420289179,0.09092925375417443,0.11402014416146242,0.017736500448717357,-0.005354389958570627,6019.294645398758,5999.390411787789,-15.294645398757893,4.609588212210838,0.6457207639197643
2024-11-28,IM2503,2025-03-21,74.0,0.30327868852459017,6086.085,5926.0,0.10189133465327932,0.0915067843477028,0.1027493923618687,0.010384550305576515,-0.000858057708589377,5944.692840523241,5924.458074003265,-18.692840523241102,1.5419259967347898,0.7044319428242151
2024-11-28,IM2506,2025-06-20,134.0,0.5491803278688525,6086.085,5797.0,0.10261292553749564,0.09081035944844314,0.09721947902216421,0.011802566089052502,0.0053934465153314265,5834.6966680199175,5814.196022003627,-37.696668019917524,-17.19602200362715,1.1523612474565657
2024-11-29,IM2412,2024-12-20,15.0,0.06147540983606557,6189.128,6156.0,0.10130301165849671,0.1304653035348768,0.09962726267798251,-0.029162291876380073,0.0016757489805142023,6144.973632560718,6156.634207506222,11.026367439281785,-0.6342075062220829,-0.5024884157474303
2024-11-29,IM2501,2025-01-17,34.0,0.13934426229508196,6189.128,6122.4,0.09179314129011004,0.11124260200871443,0.09557985741431434,-0.019449460718604386,-0.003786716124204295,6105.8297148577885,6119.170323929728,16.570285142211105,3.229676070272035,-0.6897179655714388
2024-11-29,IM2503,2025-03-21,73.0,0.29918032786885246,6189.128,6049.0,0.09054659461274263,0.10130134873182726,0.09299874748504292,-0.010754754119084636,-0.0024521528723002867,6029.5679510376585,6044.563863892291,19.43204896234147,4.43613610770899,-0.722319574172078
2024-11-29,IM2506,2025-06-20,133.0,0.5450819672131147,6189.128,5925.4,0.09388891896372843,0.09638310986176775,0.09117161125910031,-0.002494190898039317,0.002717307704628122,5917.349664293429,5934.182941224812,8.050335706570877,-8.78294122481202,-0.2426756722022656
2024-12-02,IM2412,2024-12-20,14.0,0.05737704918032787,6313.608,6266.8,0.1436937803598794,0.09879645110196314,0.1412346322310466,0.04489732925791626,0.0024591481288328,6282.964566400642,6267.684299487372,-16.16456640064189,-0.8842994873721182,0.733147181084406
2024-12-02,IM2501,2025-01-17,33.0,0.13524590163934427,6313.608,6232.4,0.10972055369741396,0.09510474325286164,0.1137869815087349,0.014615810444552318,-0.0040664278113209384,6244.731946904767,6228.973323699742,-12.331946904767392,3.4266763002578955,0.5044330728039338
2024-12-02,IM2503,2025-03-21,72.0,0.29508196721311475,6313.608,6159.6,0.09769018212939484,0.09274513807869278,0.10062697273477572,0.004945044050702063,-0.002936790605380879,6168.594608053565,6154.264440126807,-8.994608053564662,5.335559873193233,0.328767669981105
2024-12-02,IM2506,2025-06-20,132.0,0.5409836065573771,6313.608,6030.8,0.09871168344691705,0.09101943691453097,0.09485830994346478,0.0076922465323860795,0.003853373503452273,6055.948736534865,6043.384990270996,-25.148736534864838,-12.584990270996059,0.7457865338278196
2024-12-03,IM2412,2024-12-20,13.0,0.05327868852459016,6303.276,6265.4,0.12712337697436837,0.13534710211191453,0.12517871714126316,-0.008223725137546156,0.0019446598331052112,6262.655420749345,6266.049184992142,2.744579250655079,-0.6491849921421817,-0.12699422064990298
2024-12-03,IM2501,2025-01-17,32.0,0.13114754098360656,6303.276,6232.2,0.10046824545548966,0.11053743331276526,0.10547838651674266,-0.010069187857275605,-0.005010141061252998,6223.975504726975,6228.106367847652,8.22449527302524,4.093632152347709,-0.33791198164852265
2024-12-03,IM2503,2025-03-21,71.0,0.29098360655737704,6303.276,6156.0,0.09524953342704337,0.09897703539611391,0.09624915403172565,-0.00372750196907054,-0.000999620604682283,6149.3265638534795,6154.209644922786,6.673436146520544,1.7903550772143717,-0.24526570246557505
2024-12-03,IM2506,2025-06-20,131.0,0.5368852459016393,6303.276,6032.0,0.09593718839266169,0.09392003350196633,0.09215424610735065,0.002017154890695358,0.003782942285311036,6038.536078163893,6044.263476964731,-6.536078163892853,-12.263476964731126,0.19487007992000513
2024-12-04,IM2412,2024-12-20,12.0,0.04918032786885246,6204.945,6171.8,0.122905846321074,0.12112101283485492,0.12235553640521615,0.0017848334862190784,0.0005503099158578467,6172.341776334104,6171.9670384606525,-0.5417763341038153,-0.167038460652293,0.02600771991034619
2024-12-04,IM2501,2025-01-17,31.0,0.12704918032786885,6204.945,6135.4,0.10271587409874686,0.10327216773282591,0.10454455518274296,-0.0005562936340790525,-0.0018286810839961004,6134.96638580355,6133.974713168372,0.4336141964495255,1.425286831628,-0.018135722711662416
2024-12-04,IM2503,2025-03-21,70.0,0.28688524590163933,6204.945,6061.8,0.09535576664051888,0.09514026810620513,0.09633446975725062,0.00021549853431375443,-0.0009787031167317328,6062.174772367802,6060.098234087474,-0.3747723678015973,1.7017659125258433,0.014030417093282151
2024-12-04,IM2506,2025-06-20,130.0,0.5327868852459017,6204.945,5937.2,0.09678903676271126,0.09152565439419057,0.09257588295401528,0.005263382368520697,0.0042131538086959824,5953.872825542881,5950.542279779143,-16.672825542881583,-13.34227977914361,0.506634170691266
2024-12-05,IM2412,2024-12-20,11.0,0.045081967213114756,6285.601,6255.6,0.12012667745227323,0.11884133011876677,0.11934490403241688,0.0012853473335064647,0.0007817734198563575,6255.962497414724,6255.820475523946,-0.36249741472329333,-0.22047552394542436,0.017632973760730062
2024-12-05,IM2501,2025-01-17,30.0,0.12295081967213115,6285.601,6218.8,0.1009005990224959,0.10266231350362906,0.10415242585187992,-0.0017617144811331586,-0.003251826829384019,6217.45312742992,6216.314128859917,1.3468725700804498,2.4858711400829634,-0.05573927898952452
2024-12-05,IM2503,2025-03-21,69.0,0.2827868852459016,6285.601,6138.8,0.09756886364765884,0.0953971170645128,0.09713163889919703,0.0021717465831460336,0.00043722474846180637,6142.571249466035,6139.55905690285,-3.771249466034533,-0.7590569028498066,0.13987731743115114
2024-12-05,IM2506,2025-06-20,129.0,0.5286885245901639,6285.601,6010.0,0.09880742694558152,0.09204537192609168,0.09367085284085354,0.006762055019489843,0.005136574104727981,6031.524327593242,6026.343224363707,-21.52432759324165,-16.343224363707122,0.6485003349514451
2024-12-06,IM2412,2024-12-20,10.0,0.040983606557377046,6349.621,6333.6,0.07564248149765658,0.11648749388195892,0.07640233083107309,-0.04084501238430234,-0.0007598493334165096,6323.006575172382,6333.402766114603,10.593424827618037,0.19723388539750886,-0.5262883047337202
2024-12-06,IM2501,2025-01-17,29.0,0.11885245901639344,6349.621,6293.6,0.08856204208521518,0.10264323344894485,0.08700902442801657,-0.014081191363729678,0.0015530176571986049,6283.075939263785,6294.7617797005,10.524060736215688,-1.1617797004992099,-0.43192953719251315
2024-12-06,IM2503,2025-03-21,68.0,0.2786885245901639,6349.621,6220.0,0.08800813995929886,0.09638476586040585,0.09034511495829096,-0.008376625901106993,-0.002336974998992103,6205.496535161445,6215.95030682964,14.503464838555374,4.049693170360115,-0.5336061715238363
2024-12-06,IM2506,2025-06-20,128.0,0.5245901639344263,6349.621,6090.0,0.09358030331544709,0.09324703914791492,0.0904622147392508,0.0003332641675321685,0.00311808857619629,6091.064790139437,6099.969677828686,-1.0647901394368091,-9.969677828686144,0.03184194397353791
2024-12-09,IM2412,2024-12-20,9.0,0.036885245901639344,6303.272,6264.0,0.18344186793964543,0.07844310893822529,0.1802988388532832,0.10499875900142014,0.0031430290863622146,6288.3069160091345,6264.726236390138,-24.30691600913451,-0.7262363901381832,1.2676427710157157
2024-12-09,IM2501,2025-01-17,28.0,0.11475409836065574,6303.272,6226.8,0.12036924212997589,0.08804379930520635,0.12738454365126223,0.03232544282476954,-0.007015301521286335,6249.941065757314,6221.7892277408555,-23.14106575731421,5.010772259144687,0.960276769203775
2024-12-09,IM2503,2025-03-21,67.0,0.27459016393442626,6303.272,6147.4,0.10518912015608584,0.09082735058652362,0.10647091384914126,0.014361769569562213,-0.001281793693055422,6171.69075573973,6145.236693013447,-24.29075573973023,2.163306986552925,0.9046319791732145
2024-12-09,IM2506,2025-06-20,127.0,0.5204918032786885,6303.272,6018.4,0.10285331161469187,0.09071754455714488,0.09839865921284921,0.012135767057546987,0.00445465240184266,6056.535945852721,6032.370512621654,-38.135945852721306,-13.970512621654052,1.1551390973856372
2024-12-10,IM2412,2024-12-20,8.0,0.03278688524590164,6362.02,6358.2,0.03231886610491374,0.17096090308316197,0.03468133919740779,-0.13864203697824823,-0.002362473092494051,6329.363498052673,6357.707524764609,28.836501947326724,0.49247523539088434,-1.5644262693367568
2024-12-10,IM2501,2025-01-17,27.0,0.11065573770491803,6362.02,6317.8,0.07703234554805652,0.12265795915633664,0.07194260914422894,-0.045625613608280116,0.00508973640382758,6285.98348031435,6321.3592410952315,31.816519685649837,-3.5592410952313003,-1.311133284519327
2024-12-10,IM2503,2025-03-21,66.0,0.27049180327868855,6362.02,6246.0,0.08204153731666261,0.10422043792239714,0.08464333573301065,-0.022178900605734533,-0.0026017984163480418,6208.641103216915,6241.605829315246,37.358896783084674,4.39417068475359,-1.3810576080137902
2024-12-10,IM2506,2025-06-20,126.0,0.5163934426229508,6362.02,6117.0,0.09005471620168044,0.09715577297633014,0.08773798629946249,-0.0071010567746497,0.0023167299022179566,6094.610408916685,6124.322416233689,22.38959108331528,-7.322416233689182,-0.6733205909740071
2024-12-11,IM2412,2024-12-20,7.0,0.028688524590163935,6447.374,6430.2,0.1069735564070963,0.041099442048387134,0.10460375010932184,0.06587411435870916,0.00236980629777446,6442.363482101949,6430.637180021567,-12.16348210194883,-0.4371800215667463,0.6929708174156025
2024-12-11,IM2501,2025-01-17,26.0,0.10655737704918032,6447.374,6394.4,0.09142597483991383,0.07510368567898572,0.0965863539020701,0.016322289160928108,-0.005160379062156273,6405.531203417132,6390.884836521919,-11.131203417132383,3.515163478080467,0.4531990280307906
2024-12-11,IM2503,2025-03-21,65.0,0.26639344262295084,6447.374,6317.8,0.09021009598644887,0.08610316214058693,0.09306615490457401,0.004106933845861943,-0.00285605891812514,6324.715836302013,6312.995022445218,-6.915836302012394,4.804977554782454,0.25274905314239393
2024-12-11,IM2506,2025-06-20,125.0,0.5122950819672131,6447.374,6188.4,0.09402486399808253,0.08852185323593377,0.09107103338096482,0.005503010762148763,0.0029538306171177087,6205.870737726817,6197.771579369479,-17.470737726817788,-9.37157936947915,0.5197637250466095
2024-12-12,IM2412,2024-12-20,6.0,0.02459016393442623,6490.146,6477.8,0.09143258930220959,0.10334601734201349,0.08907716668316329,-0.0119134280398039,0.0023554226190462962,6475.9025860347865,6478.175206521041,1.8974139652136728,-0.37520652104103647,-0.1165319408126915
2024-12-12,IM2501,2025-01-17,25.0,0.10245901639344263,6490.146,6444.8,0.08243148368620473,0.09596380218962602,0.08987740027471296,-0.013532318503421292,-0.007445916588508225,6435.8704248564045,6439.88512878663,8.929575143595684,4.914871213370134,-0.36258361040749726
2024-12-12,IM2503,2025-03-21,64.0,0.26229508196721313,6490.146,6364.6,0.0884720034630972,0.09276796753256468,0.08955647376756064,-0.004295964069467473,-0.0010844703044634307,6357.4323425506345,6362.789839181527,7.167657449365834,1.8101608184733777,-0.26122896566497206
2024-12-12,IM2506,2025-06-20,124.0,0.5081967213114754,6490.146,6230.2,0.09443458346717348,0.09090104053151155,0.08873922420800591,0.0035335429356619374,0.005695359259167573,6241.397838955222,6248.258581190118,-11.197838955222323,-18.058581190118275,0.3324271956048172
2024-12-13,IM2501,2025-01-17,24.0,0.09836065573770492,6354.988,6321.0,0.06851969420401108,0.08994495436752949,0.07128827179471763,-0.02142526016351841,-0.0027685775907065474,6307.693134305414,6319.278905276991,13.306865694586122,1.7210947230087186,-0.5532506308459888
2024-12-13,IM2503,2025-03-21,63.0,0.2581967213114754,6354.988,6236.2,0.08707991265218878,0.08957711458852007,0.0851564796108724,-0.002497201936331281,0.001923433041316383,6232.180385365897,6239.297816404644,4.0196146341031636,-3.097816404644618,-0.1499990199997997
2024-12-13,IM2506,2025-06-20,123.0,0.5040983606557377,6354.988,6099.0,0.09556184637237243,0.08874315203045217,0.08820096265560247,0.006818694341920256,0.0073608837167699614,6120.000118909515,6121.673046214312,-21.00011890951464,-22.673046214312308,0.6389117234341631
2024-12-16,IM2501,2025-01-17,23.0,0.0942622950819672,6277.516,6227.0,0.09971491850859954,0.07449652405506763,0.1006163741635093,0.02521839445353191,-0.0009014556549097608,6241.82008181926,6226.47089387226,-14.82008181925994,0.529106127740306,0.6239913761539985
2024-12-16,IM2503,2025-03-21,62.0,0.2540983606557377,6277.516,6142.0,0.09988775919981878,0.08657031847868214,0.09955954155314753,0.013317440721136636,0.00032821764667125,6162.819364463313,6142.512261495006,-20.819364463312922,-0.5122614950059869,0.7899461976737489
2024-12-16,IM2506,2025-06-20,122.0,0.5,6277.516,6000.4,0.10429645431820224,0.08894442571174127,0.09748470575893721,0.015352028606460968,0.0068117485592650295,6046.636384775505,6020.8714498307,-46.23638477550503,-20.471449830700294,1.4261187711937346
2024-12-17,IM2501,2025-01-17,22.0,0.09016393442622951,6143.944,6105.4,0.08379792728329127,0.10071070528592449,0.0845877440404441,-0.016912778002633216,-0.0007898167571528253,6096.096832624387,6104.965231714197,9.303167375612247,0.43476828580242,-0.4022735230495476
2024-12-17,IM2503,2025-03-21,61.0,0.25,6143.944,6022.0,0.09418980464383045,0.09957623748893069,0.09504311643367744,-0.005386432845100236,-0.0008533117898469889,6013.896182909611,6020.715476117679,8.103817090389384,1.284523882321082,-0.31500624603950084
2024-12-17,IM2506,2025-06-20,121.0,0.4959016393442623,6143.944,5887.2,0.10007831715719348,0.09747597531504103,0.09604139118322465,0.002602341842152453,0.004036925973968833,5894.802368878549,5898.99749774924,-7.602368878548987,-11.797497749240392,0.2395675585389119
2024-12-18,IM2501,2025-01-17,21.0,0.0860655737704918,6195.868,6151.0,0.09844663430348256,0.08707949346596147,0.098325079221091,0.011367140837521092,0.00012155508239156121,6157.020587783125,6151.064350301965,-6.020587783124938,-0.06435030196462321,0.2595103931962131
2024-12-18,IM2503,2025-03-21,60.0,0.2459016393442623,6195.868,6066.6,0.099742827796922,0.09608948493916242,0.1011021155280356,0.0036533428577595894,-0.001359287731113587,6072.05245773895,6064.572571243453,-5.452457738949306,2.027428756547124,0.2107717012958155
2024-12-18,IM2506,2025-06-20,120.0,0.4918032786885246,6195.868,5931.0,0.10283589698804739,0.09657289439221337,0.0996799416821893,0.006263002595834025,0.003155955305858091,5949.296623713112,5940.212707182533,-18.29662371311224,-9.21270718253345,0.573160639840024
2024-12-19,IM2501,2025-01-17,20.0,0.08196721311475409,6207.186,6180.6,0.06636604797328656,0.0992462761362699,0.06663557730948214,-0.032880228162983346,-0.00026952933619557584,6163.96508725588,6180.463456179185,16.63491274412081,0.13654382081494987,-0.7193652786250911
2024-12-19,IM2503,2025-03-21,59.0,0.24180327868852458,6207.186,6096.8,0.08820747095457139,0.10146145408075632,0.09009891563477024,-0.013253983126184934,-0.0018914446801988477,6077.291907446738,6094.012220195418,19.50809255326203,2.7877798045819873,-0.7543681523253242
2024-12-19,IM2506,2025-06-20,119.0,0.48770491803278687,6207.186,5963.0,0.09629144616930574,0.0998461500919765,0.0942074779319231,-0.0035547039226707655,0.002083968237382633,5952.671221225213,5969.063644878518,10.32877877478677,-6.063644878518062,-0.3237304401252675
2024-12-20,IM2501,2025-01-17,19.0,0.0778688524590164,6271.753,6226.2,0.10761517227668042,0.07156113788428888,0.10676552564399752,0.03605403439239155,0.0008496466326829016,6243.704531473997,6226.611945296978,-17.504531473997304,-0.4119452969780468,0.7546762949307944
2024-12-20,IM2503,2025-03-21,58.0,0.23770491803278687,6271.753,6141.2,0.10249517404423426,0.0921170016562636,0.10439696504052502,0.01037817238797066,-0.0019017909962907587,6156.368690450018,6138.424405396333,-15.168690450018403,2.775594603666832,0.5826144857472239
2024-12-20,IM2506,2025-06-20,118.0,0.48360655737704916,6271.753,6005.8,0.10359810668556713,0.09523423684331098,0.10149267005585573,0.00836386984225615,0.0021054366297113963,6030.141589288637,6011.918237614033,-24.341589288636897,-6.118237614033205,0.7582250987051284
2024-12-23,IM2501,2025-01-17,18.0,0.07377049180327869,6096.381,6063.0,0.08842798885426256,0.10666884013671799,0.08572899537468613,-0.018240851282455423,0.002698993479576431,6054.8468922662105,6064.207300327412,8.153107733789511,-1.2073003274117582,-0.36466319756914506
2024-12-23,IM2502,2025-02-21,37.0,0.15163934426229508,6096.381,6027.4,0.08904369118314778,0.10545046608608878,0.09332462990560605,-0.016406774902941,-0.004280938722458272,6012.422994134634,6023.488530326024,14.977005865365754,3.9114696739752617,-0.627049024398514
2024-12-23,IM2503,2025-03-21,57.0,0.2336065573770492,6096.381,5987.0,0.09150152517707258,0.10432487908027055,0.09544856341911122,-0.01282335390319797,-0.003947038242038639,5969.092061774915,5981.482206851446,17.907938225084763,5.517793148554119,-0.7098353414574359
2024-12-23,IM2506,2025-06-20,117.0,0.47950819672131145,6096.381,5853.2,0.09889280574034873,0.10143272822064914,0.09591353071881373,-0.0025399224803004106,0.0029792750215349995,5846.0756471374625,5861.567779844214,7.124352862537307,-8.367779844214056,-0.22921328096353139
2024-12-24,IM2501,2025-01-17,17.0,0.06967213114754098,6164.361,6130.2,0.09376081217054415,0.08781518253667685,0.09231348774532064,0.0059456296338673,0.001447324425223509,6132.739928823649,6130.818189361691,-2.5399288236494613,-0.618189361691293,0.11339244946713645
2024-12-24,IM2502,2025-02-21,36.0,0.14754098360655737,6164.361,6091.2,0.09492243030600256,0.09452076369129389,0.09620609690306366,0.0004016666147086678,-0.0012836665970610978,6091.560989141523,6090.046475963236,-0.36098914152353245,1.1535240367638835,0.015001720597340198
2024-12-24,IM2503,2025-03-21,56.0,0.22950819672131148,6164.361,6053.4,0.09314481577789448,0.09625543395122314,0.09699663554173946,-0.0031106181733286664,-0.0038518197638449797,6049.079945127457,6048.051012524275,4.3200548725426415,5.348987475724243,-0.170177662123455
2024-12-24,IM2506,2025-06-20,116.0,0.47540983606557374,6164.361,5919.2,0.09936461364773846,0.09630706276276174,0.09625611088644268,0.003057550884976723,0.0031085027612957894,5927.8103449755035,5927.953936201926,-8.610344975503722,-8.75393620192608,0.2759493343440796
2024-12-25,IM2501,2025-01-17,16.0,0.06557377049180328,6094.687,6080.0,0.050793859037317236,0.09341986007356737,0.05070174750479128,-0.04262600103625013,9.211153252595972e-05,6063.029231488364,6080.036723921909,16.97076851163638,-0.03672392190856044,-0.7735029077912371
2024-12-25,IM2502,2025-02-21,35.0,0.14344262295081966,6094.687,6041.2,0.07545133262844213,0.0968230845147691,0.0762310884041544,-0.02137175188632698,-0.0007797557757122792,6022.708334257771,6040.524328276536,18.491665742229088,0.6756717234638927,-0.7781556203527613
2024-12-25,IM2503,2025-03-21,55.0,0.22540983606557377,6094.687,6001.8,0.08213360089830189,0.09740363745170975,0.08429623371568806,-0.015270036553407862,-0.0021626328173861703,5981.177218090904,5998.874963289785,20.622781909096375,2.925036710214954,-0.8232614635748324
2024-12-25,IM2506,2025-06-20,115.0,0.4713114754098361,6094.687,5871.4,0.0931924316263539,0.09644432462899111,0.09019734729692819,-0.0032518930026372017,0.002995084329425718,5862.408064958588,5879.6940242785895,8.991935041412034,-8.294024278589859,-0.2923037971873932
2024-12-26,IM2501,2025-01-17,15.0,0.06147540983606557,6160.452,6131.0,0.091954465193496,0.05682003990884191,0.08982105880164289,0.03513442528465409,0.00213340639185311,6144.2566778974815,6131.804145841474,-13.256677897481495,-0.8041458414736553,0.6054365960195635
2024-12-26,IM2502,2025-02-21,34.0,0.13934426229508196,6160.452,6094.4,0.0913611669193957,0.07968119802062859,0.09466879146237031,0.011679968898767115,-0.003307624542974605,6104.32693539303,6091.591747379507,-9.926935393030362,2.808252620492567,0.4142426424642182
2024-12-26,IM2503,2025-03-21,54.0,0.22131147540983606,6160.452,6052.8,0.09365776084406811,0.0866178794984965,0.09571781396024145,0.007039881345571611,-0.002060053116173341,6062.237651961044,6050.041076368297,-9.43765196104414,2.75892363170351,0.37385416298655233
2024-12-26,IM2506,2025-06-20,114.0,0.4672131147540984,6160.452,5923.2,0.09805865939893668,0.09134883840090097,0.09524396935472271,0.006709820998035715,0.0028146900442139744,5941.797872787264,5930.994487986646,-18.59787278726435,-7.794487986646345,0.6004265098432852
2024-12-27,IM2501,2025-01-17,14.0,0.05737704918032787,6171.565,6143.6,0.09315295292161825,0.09105279381683398,0.09103313870959555,0.002100159104784269,0.0021198142120227026,6144.340354133106,6144.347283429473,-0.7403541331059387,-0.7472834294721906,0.03429648688026761
2024-12-27,IM2502,2025-02-21,33.0,0.13524590163934427,6171.565,6108.0,0.09054993570977253,0.09533824670095828,0.0944995464407198,-0.0047883109911857485,-0.003949610730947267,6104.045743162222,6104.738169059152,3.9542568377783027,3.2618309408480854,-0.165275928560765
2024-12-27,IM2503,2025-03-21,53.0,0.21721311475409835,6171.565,6067.4,0.09236670092840292,0.09615443745781266,0.09510602459156053,-0.003787736529409738,-0.002739323663157614,6062.410123601765,6063.790867555445,4.989876398234628,3.609132444554234,-0.1980537207859685
2024-12-27,IM2506,2025-06-20,113.0,0.46311475409836067,6171.565,5936.2,0.09796030156224628,0.0954445640517648,0.09434530986476705,0.0025157375104814805,0.003614991697479225,5943.120149620564,5946.146448423997,-6.920149620564189,-9.946448423997026,0.224075822316067
2024-12-30,IM2501,2025-01-17,13.0,0.05327868852459016,6145.928,6133.6,0.05168665288474627,0.0919057217465496,0.05149019178997648,-0.04021906886180333,0.00019646109476979118,6120.470875587298,6133.6642018893735,13.129124412702367,-0.06420188937318017,-0.6211120973053478
2024-12-30,IM2502,2025-02-21,32.0,0.13114754098360656,6145.928,6095.8,0.076446761826547,0.09496235854108002,0.07705553639435184,-0.018515596714533025,-0.0006087745678048373,6081.015678846523,6095.313335098513,14.784321153477322,0.4866649014875293,-0.6214276329357886
2024-12-30,IM2503,2025-03-21,52.0,0.21311475409836064,6145.928,6057.8,0.08177123855301743,0.09540249507929838,0.08445567242845638,-0.013631256526280944,-0.0026844338754389435,6040.22749505307,6054.335369402988,17.572504946930167,3.464630597011819,-0.7015119899417146
2024-12-30,IM2506,2025-06-20,112.0,0.45901639344262296,6145.928,5926.6,0.09316722901796219,0.09447616478115611,0.0895135619492472,-0.001308935763193922,0.0036536670687149914,5923.0402320688845,5936.547799213187,3.559767931115857,-9.947799213186954,-0.11603465703534488
2024-12-31,IM2501,2025-01-17,12.0,0.04918032786885246,5957.717,5926.4,0.1211649621076829,0.05694253182752655,0.12068248170773059,0.06422243028015635,0.00048248039995231473,5945.148008946673,5926.540626513126,-18.748008946673508,-0.14062651312633534,0.9358585713530455
2024-12-31,IM2502,2025-02-21,31.0,0.12704918032786885,5957.717,5886.4,0.10878808602091339,0.07999080817031881,0.10853242466903246,0.028797277850594577,0.0002556613518809314,5907.975843689756,5886.591202590645,-21.575843689756766,-0.1912025906449344,0.9389080818746276
2024-12-31,IM2503,2025-03-21,51.0,0.20901639344262296,5957.717,5848.6,0.1024382192897398,0.08638495794000697,0.10431244705815672,0.016053261349732825,-0.0018742277684169195,5868.257322566545,5846.309292834555,-19.65732256654428,2.290707165445383,0.8128003473840999
2024-12-31,IM2506,2025-06-20,111.0,0.45491803278688525,5957.717,5722.8,0.102431662393523,0.0904455569997866,0.09927139764421095,0.011986105393736401,0.003160264749312053,5754.089915394686,5731.03336576871,-31.289915394685522,-8.233365768709518,1.0574319360716926
2025-01-02,IM2501,2025-01-17,11.0,0.045081967213114756,5797.089,5778.0,0.08716213484609608,0.11836556818363281,0.08701263138739986,-0.031203433337536723,0.00014950345869622905,5769.877731333699,5778.038943331351,8.122268666301352,-0.03894333135121997,-0.4280782094272835
2025-01-02,IM2502,2025-02-21,30.0,0.12295081967213115,5797.089,5740.8,0.09335954873786878,0.10727788780890668,0.09551055922039098,-0.0139183390710379,-0.0021510104825221976,5730.984335338276,5739.2819399723885,9.81566466172444,1.518060027611682,-0.44040417800753917
2025-01-02,IM2503,2025-03-21,50.0,0.20491803278688525,5797.089,5699.4,0.0969355456678467,0.10347532538986373,0.09731015335022818,-0.006539779722017025,-0.0003746076823814698,5691.7672424801785,5698.962508795054,7.632757519821098,0.43749120494521776,-0.32563007674933553
2025-01-02,IM2506,2025-06-20,110.0,0.45081967213114754,5797.089,5570.2,0.10256076506685528,0.09884506007304189,0.09708230051198226,0.003715704993813393,0.005478464554873025,5579.538533279985,5583.974280555224,-9.338533279985313,-13.774280555224323,0.32620179003061456
2025-01-03,IM2501,2025-01-17,10.0,0.040983606557377046,5625.209,5625.0,0.01490657871344228,0.08878389309861887,0.015249592381065435,-0.07387731438517658,-0.00034301366762315606,5607.994613921897,5624.920924659083,17.005386078102674,0.07907534091737034,-0.9519379974111846
2025-01-03,IM2502,2025-02-21,29.0,0.11885245901639344,5625.209,5590.0,0.06682865698146807,0.09641437111505242,0.06641202679222385,-0.02958571413358435,0.0004166301892442187,5570.378206656303,5590.276809804142,19.62179334369739,-0.27680980414243095,-0.9075932825690816
2025-01-03,IM2503,2025-03-21,49.0,0.20081967213114754,5625.209,5553.4,0.07797655179392933,0.0978817888415551,0.0801109646836077,-0.01990523704762577,-0.002134412889678375,5531.245352915356,5551.020144591842,22.15464708464333,2.3798554081577095,-0.9742763486807636
2025-01-03,IM2506,2025-06-20,109.0,0.44672131147540983,5625.209,5433.2,0.09174382617853206,0.09733718387195264,0.0894310524706385,-0.005593357693420578,0.0023127737078935673,5419.641161431386,5438.816294510074,13.558838568614192,-5.616294510074113,-0.48860010860587777
2025-01-06,IM2501,2025-01-17,9.0,0.036885245901639344,5608.034,5597.2,0.06642583408880905,0.024848725074888167,0.06494412011684905,0.04157710901392088,0.0014817139719599942,5605.790349872789,5597.505914281658,-8.590349872789375,-0.30591428165826073,0.5019696707573297
2025-01-06,IM2502,2025-02-21,28.0,0.11475409836065574,5608.034,5562.8,0.08457380934329556,0.0713246921013511,0.08642284844686549,0.013249117241944455,-0.0018490391035699272,5571.264060999586,5561.619783526642,-8.464060999585854,1.1802164733580867,0.39361559317869
2025-01-06,IM2503,2025-03-21,48.0,0.19672131147540983,5608.034,5527.2,0.0878041759687652,0.08326208065333576,0.09161531012357234,0.0045420953154294424,-0.003811134154807133,5532.140909232144,5523.057638131335,-4.940909232143895,4.142361868664921,0.2184388455455334
2025-01-06,IM2506,2025-06-20,108.0,0.4426229508196721,5608.034,5404.6,0.09747910927517517,0.09091784556632346,0.09407191984383177,0.006561263708851711,0.0034071894313433965,5420.31866880748,5412.756827668575,-15.718668807479844,-8.156827668574806,0.5702538824615956
2025-01-07,IM2501,2025-01-17,8.0,0.03278688524590164,5692.041,5672.8,0.11727483872522616,0.06887006161545722,0.11617073452730625,0.04840477710976894,0.0011041041979199112,5681.810118960925,5673.005359857791,-9.010118960924956,-0.20535985779042676,0.5462064502940464
2025-01-07,IM2502,2025-02-21,27.0,0.11065573770491803,5692.041,5635.0,0.10501864946977436,0.08838159882904628,0.10628910174820351,0.016637050640728082,-0.001270452278429146,5645.383506112877,5634.207871411057,-10.383506112876603,0.792128588943342,0.4781297269690556
2025-01-07,IM2503,2025-03-21,47.0,0.19262295081967212,5692.041,5599.0,0.09956027647191203,0.09285102761284017,0.10305821232546095,0.006709248859071856,-0.0034979358535489197,5606.240575087672,5595.228761158217,-7.240575087672369,3.771238841783088,0.3168867826650473
2025-01-07,IM2506,2025-06-20,107.0,0.4385245901639344,5692.041,5474.6,0.10281980735970443,0.09463767060753128,0.09895318225414988,0.00818213675217315,0.0038666251055545497,5494.2785208059795,5483.89066198931,-19.678520805979133,-9.290661989309228,0.707473180791016
2025-01-08,IM2501,2025-01-17,7.0,0.028688524590163935,5661.779,5639.6,0.15081473100543955,0.1145894846260084,0.14868426065242113,0.03622524637943114,0.0021304703530184155,5645.46399448299,5639.9447031742775,-5.863994482989256,-0.3447031742771287,0.3810818120417846
2025-01-08,IM2502,2025-02-21,26.0,0.10655737704918032,5661.779,5602.8,0.11227269862533877,0.10548331782173476,0.11695052543985547,0.006789380803604014,-0.0046778268145167,5606.854860486351,5600.007941287264,-4.0548604863506625,2.7920587127364342,0.1885243209230995
2025-01-08,IM2503,2025-03-21,46.0,0.1885245901639344,5661.779,5565.4,0.10507190641144686,0.10253253251000596,0.10833680557795929,0.0025393739014408917,-0.0032648991665124305,5568.064986423035,5561.9754736535415,-2.6649864230357707,3.4245263464581512,0.11773434658897673
2025-01-08,IM2506,2025-06-20,106.0,0.4344262295081967,5661.779,5442.0,0.10513518184107185,0.09868633035243063,0.10041372771887545,0.006448851488641216,0.004721454122196392,5457.267412614997,5453.173669523593,-15.267412614996829,-11.173669523593162,0.5546889528793221
2025-01-09,IM2501,2025-01-17,6.0,0.02459016393442623,5672.78,5640.2,0.2482307089460402,0.1435920426217384,0.2439589009678224,0.1046386663243018,0.004271807978217801,5654.731384067693,5640.79250287375,-14.53138406769358,-0.5925028737501634,1.023542132874913
2025-01-09,IM2502,2025-02-21,25.0,0.10245901639344263,5672.78,5602.0,0.1365428567406776,0.11445904370398902,0.14785972745591475,0.022083813036688577,-0.011316870715237154,5614.689916871494,5595.508158915496,-12.689916871493551,6.491841084503903,0.5917489722572566
2025-01-09,IM2503,2025-03-21,45.0,0.18442622950819673,5672.78,5561.2,0.12171453250078605,0.10676123306110245,0.12394909156700046,0.014953299439683598,-0.002234559066214406,5576.557736564671,5558.908638801025,-15.35773656467154,2.29136119897521,0.6802069179404028
2025-01-09,IM2506,2025-06-20,105.0,0.430327868852459,5672.78,5438.4,0.11205174263617453,0.09966302447013602,0.10536234935673729,0.01238871816603851,0.006689393279437239,5467.470678297854,5454.077708546598,-29.0706782978541,-15.677708546598296,1.0599307275625562
2025-01-10,IM2502,2025-02-21,24.0,0.09836065573770492,5544.916,5491.4,0.11259877115042573,0.1407409327692579,0.11374409655750135,-0.028142161618832165,-0.0011453254070756258,5476.220376321826,5490.781401407991,15.179623678173812,0.6185985920083112,-0.7267400070537597
2025-01-10,IM2503,2025-03-21,44.0,0.18032786885245902,5544.916,5456.0,0.10364533028982192,0.11952268910407593,0.10571952580993836,-0.015877358814254006,-0.002074195520116437,5440.40110269694,5453.959645239944,15.598897303059857,2.040354760056289,-0.708242433113897
2025-01-10,IM2506,2025-06-20,104.0,0.4262295081967213,5544.916,5333.2,0.10533585989960442,0.10331092194732437,0.09863988131159043,0.002024937952280051,0.00669597858801399,5337.805009540795,5348.442820324284,-4.605009540795436,-15.242820324284367,0.17230802991818708
2025-01-13,IM2502,2025-02-21,23.0,0.0942622950819672,5559.473,5516.0,0.0972820764616835,0.11154795869595846,0.09719362744245498,-0.014265882234274954,8.844901922852588e-05,5508.587427927778,5516.045989331763,7.412572072222247,-0.0459893317629394,-0.35328382409831693
2025-01-13,IM2503,2025-03-21,43.0,0.1762295081967213,5559.473,5480.8,0.09487319789296439,0.1043582294945186,0.09718696706451523,-0.009485031601554214,-0.0023137691715508363,5471.646262677688,5478.565635234028,9.153737322311827,2.2343647659718044,-0.41456364871484475
2025-01-13,IM2506,2025-06-20,103.0,0.42213114754098363,5559.473,5362.8,0.09932204520340367,0.09800283872847006,0.09565898230991869,0.0013192064749336097,0.003663062893484975,5365.787257797944,5371.098874385216,-2.9872577979440393,-8.29887438521564,0.11109047802925683
2025-01-14,IM2502,2025-02-21,22.0,0.09016393442622951,5811.055,5784.0,0.06575742418000446,0.09737454580585846,0.06558887669025218,-0.03161712162585399,0.0001685474897522854,5767.534891806077,5784.087899565342,16.465108193922788,-0.08789956534201337,-0.7525966477934015
2025-01-14,IM2503,2025-03-21,42.0,0.1721311475409836,5811.055,5747.6,0.0777871857606204,0.09728157524587086,0.08056837342897785,-0.019494389485250466,-0.002781187668357457,5728.345724341917,5744.849115573241,19.254275658083316,2.7508844267595123,-0.8341913302948131
2025-01-14,IM2506,2025-06-20,102.0,0.4180327868852459,5811.055,5624.6,0.09201374540125405,0.09568295837719654,0.08904567954395343,-0.0036692129759424846,0.0029680658573006252,5615.979312948022,5631.583047144623,8.620687051978166,-6.983047144623015,-0.3054842221107593
2025-01-15,IM2502,2025-02-21,21.0,0.0860655737704918,5775.571,5737.0,0.09185575655498575,0.06993369595513228,0.09004173005240458,0.021922060599853466,0.0018140265025811675,5747.834414729439,5737.895760378297,-10.834414729439231,-0.895760378297382,0.5008282819480881
2025-01-15,IM2503,2025-03-21,41.0,0.1680327868852459,5775.571,5702.4,0.08987797215660943,0.08315912224120245,0.09394456402072877,0.006718849915406985,-0.00406659186411934,5708.841571443139,5698.504762674904,-6.441571443139765,3.895237325095877,0.2814086278706462
2025-01-15,IM2506,2025-06-20,101.0,0.4139344262295082,5775.571,5578.0,0.09808780369086394,0.09018130337975722,0.09482832330122053,0.00790650031110672,0.00325948038964341,5596.2854316610965,5585.530979064227,-18.28543166109648,-7.530979064226813,0.6530177341754172
2025-01-16,IM2502,2025-02-21,20.0,0.08196721311475409,5801.305,5753.0,0.11600949922266492,0.0912742072521067,0.1132246482194162,0.02473529197055821,0.0027848510032487117,5764.675941788945,5754.313366927682,-11.675941788945238,-1.313366927682182,0.5415116071925782
2025-01-16,IM2503,2025-03-21,40.0,0.16393442622950818,5801.305,5720.4,0.09966937128486292,0.09465837346978795,0.10551677836041637,0.005010997815074969,-0.005847407075553451,5725.101096537862,5714.919101581519,-4.701096537862213,5.480898418481047,0.20532701049992128
2025-01-16,IM2506,2025-06-20,100.0,0.4098360655737705,5801.305,5595.8,0.1020024451795799,0.09512268467364911,0.09905760550902887,0.006879760505930796,0.002944839670551036,5611.600036283258,5602.557656530541,-15.800036283258123,-6.757656530540771,0.5644455876170119
2025-01-17,IM2502,2025-02-21,19.0,0.0778688524590164,5841.572,5811.8,0.0796180871477023,0.11137846570504081,0.07823956027409362,-0.031760378557338514,0.0013785268736086764,5797.444339479541,5812.4238971213545,14.355660520459423,-0.6238971213542754,-0.66518456874955
2025-01-17,IM2503,2025-03-21,39.0,0.1598360655737705,5841.572,5778.0,0.08245974728596936,0.10441971842113093,0.087245923581901,-0.02195997113516157,-0.004786176295931643,5757.754797726097,5773.581499566724,20.245202273902578,4.418500433275767,-0.8797788697617915
2025-01-17,IM2506,2025-06-20,99.0,0.4057377049180328,5841.572,5655.4,0.09382767531193942,0.09856018621121553,0.09127402975669321,-0.004732510899276107,0.0025536455552462034,5644.5511569006885,5661.262654769723,10.848843099311125,-5.862654769723122,-0.3858659599095031
2025-01-20,IM2502,2025-02-21,18.0,0.07377049180327869,5879.15,5848.6,0.08462278082762292,0.080659834713752,0.08217094949058802,0.0039629461138709215,0.0024518313370349015,5850.3100792997775,5849.657948353011,-1.710079299777135,-1.0579483530109428,0.07926648770338147
2025-01-20,IM2503,2025-03-21,38.0,0.1557377049180328,5879.15,5816.4,0.08290226092885655,0.08862937892983937,0.08878523798870805,-0.005727118000982814,-0.005882977059851496,5811.2145016302675,5811.073446964824,5.185498369732159,5.326553035175493,-0.22418692282969588
2025-01-20,IM2506,2025-06-20,98.0,0.4016393442622951,5879.15,5695.6,0.09297196120432989,0.09185157475053454,0.09133086562376695,0.0011203864537953495,0.0016410955805629401,5698.1635470815745,5699.355370085473,-2.563547081574143,-3.75537008547235,0.09079185506443928
2025-01-20,IM2509,2025-09-19,163.0,0.6680327868852459,5879.15,5579.8,0.09222858579234937,0.0914448594255757,0.09085590669255303,0.0007837263667736655,0.0013726790997963395,5582.722096553216,5584.918993403646,-2.9220965532158516,-5.118993403645618,0.08246343614347358
2025-01-21,IM2502,2025-02-21,17.0,0.06967213114754098,5908.023,5881.6,0.07833596726490247,0.0839139893322713,0.07755302787551424,-0.005578022067368835,0.0007829393893882264,5879.314662107042,5881.920844477502,2.2853378929585233,-0.32084447750185063,-0.10636125092634391
2025-01-21,IM2503,2025-03-21,37.0,0.15163934426229508,5908.023,5845.6,0.08404789057064345,0.08976485868618739,0.08733102289405723,-0.005716968115543938,-0.003283132323413776,5840.534544236129,5842.690480473148,5.065455763871796,2.909519526851909,-0.21875839732537358
2025-01-21,IM2506,2025-06-20,97.0,0.3975409836065574,5908.023,5721.0,0.09491654377301843,0.09173077895821845,0.0914124770125293,0.003185764814799985,0.00350406676048913,5728.250076799172,5728.9749643621635,-7.250076799172348,-7.974964362163519,0.2588494261801569
2025-01-21,IM2509,2025-09-19,162.0,0.6639344262295082,5908.023,5610.8,0.09174554803208514,0.09109242912780352,0.09119081247264903,0.000653118904281616,0.0005547355594361092,5613.233528268622,5612.866883326321,-2.433528268621558,-2.066883326320749,0.0694838618965874
2025-01-22,IM2502,2025-02-21,16.0,0.06557377049180328,5855.739,5843.0,0.047212096925158015,0.07999353989812365,0.04699973507567665,-0.03278144297296563,0.00021236184948136144,5830.453360711883,5843.081366486956,12.546639288117149,-0.08136648695563053,-0.5947644226723384
2025-01-22,IM2503,2025-03-21,36.0,0.14754098360655737,5855.739,5806.6,0.07111636288132527,0.08868730587684316,0.07335654588233646,-0.017570942995517896,-0.002240183001011198,5791.566266903764,5804.681126645347,15.033733096236574,1.9188733546534422,-0.6560580605262858
2025-01-22,IM2506,2025-06-20,96.0,0.39344262295081966,5855.739,5685.0,0.08921065859410313,0.09196359827814145,0.08635957474284975,-0.002752939684038322,0.0028510838512533776,5678.845774635174,5691.38065805485,6.154225364825834,-6.380658054849846,-0.222609707409978
2025-01-22,IM2509,2025-09-19,161.0,0.6598360655737705,5855.739,5577.8,0.08769674850080224,0.09151805456556136,0.08824872665842118,-0.003821306064759125,-0.0005519781576189403,5563.753652659946,5575.768850948641,14.046347340054126,2.0311490513595345,-0.40663335525212
2025-01-23,IM2502,2025-02-21,15.0,0.06147540983606557,5829.033,5809.0,0.07000095053620162,0.053131237767971844,0.06773246424675933,0.016869712768229773,0.0022684862894422897,5815.027479114982,5809.810157115728,-6.02747911498227,-0.8101571157276339,0.29065849476429434
2025-01-23,IM2503,2025-03-21,35.0,0.14344262295081966,5829.033,5776.2,0.07747550803711008,0.07673738448779611,0.08291043425125189,0.0007381235493139626,-0.005434926214141808,5776.811607064271,5771.698628928433,-0.6116070642710838,4.501371071566609,0.02686792957459511
2025-01-23,IM2506,2025-06-20,95.0,0.38934426229508196,5829.033,5657.0,0.09094322720516808,0.08774202084865607,0.08953020416586213,0.0032012063565120125,0.0014130230393059467,5664.055118334,5660.113068452003,-7.055118334000326,-3.1130684520030627,0.25725303418634166
2025-01-23,IM2509,2025-09-19,160.0,0.6557377049180327,5829.033,5540.8,0.09133614423794066,0.089081361233216,0.08991326457657646,0.0022547830047246614,0.0014228796613642014,5548.998388320167,5545.972177540057,-8.198388320166487,-5.172177540056509,0.23949518265644815
2025-01-24,IM2502,2025-02-21,14.0,0.05737704918032787,5938.13,5945.0,-0.006151980000905563,0.07118184328098365,-0.009642082598018506,-0.07733382328188922,0.0034901025971129426,5918.6793637432675,5946.190616089316,26.32063625673254,-1.1906160893158813,-1.262743551421501
2025-01-24,IM2503,2025-03-21,34.0,0.13934426229508196,5938.13,5920.0,0.03594435600629567,0.08477717767724108,0.04675675837559704,-0.04883282167094541,-0.010812402369301373,5879.853669047101,5911.087370083915,40.14633095289901,8.91262991608528,-1.7314477901453142
2025-01-24,IM2506,2025-06-20,94.0,0.38524590163934425,5938.13,5795.4,0.07715386993204391,0.09027583231903492,0.07462332890314892,-0.01312196238699101,0.0025305410288949948,5766.1771226156,5801.0525776455825,29.222877384399908,-5.652577645582824,-1.0475373355492392
2025-01-24,IM2509,2025-09-19,159.0,0.6516393442622951,5938.13,5681.0,0.08193174139949441,0.09035648537411708,0.0802285130278954,-0.008424743974622673,0.0017032283715990165,5649.897361774811,5687.308788992897,31.102638225189366,-6.308788992896552,-0.8927689171004831
2025-01-27,IM2502,2025-02-21,13.0,0.05327868852459016,5846.069,5825.8,0.07918817524132926,0.0023737364751751505,0.07796678228096063,0.07681443876615411,0.0012213929603686335,5849.691364428359,5826.179121697729,-23.89136442835843,-0.3791216977288059,1.1861423966551008
2025-01-27,IM2503,2025-03-21,33.0,0.13524590163934427,5846.069,5790.6,0.0844905382493377,0.053199318646055614,0.08664807747949115,0.03129121960328208,-0.002157539230153452,5815.157800289735,5788.910559041077,-24.557800289734587,1.6894409589231145,1.079789987404801
2025-01-27,IM2506,2025-06-20,93.0,0.38114754098360654,5846.069,5676.2,0.09136498765469751,0.07720903921984446,0.08971942197366439,0.014155948434853058,0.0016455656810331204,5706.908735187193,5679.761248140986,-30.70873518719327,-3.5612481409862085,1.1224212812655732
2025-01-27,IM2509,2025-09-19,158.0,0.6475409836065574,5846.069,5563.2,0.09059127151132897,0.0817859576074994,0.08943426008692992,0.008805313903829562,0.0011570114243990431,5595.010866249284,5567.369579710452,-31.810866249284118,-4.169579710452126,0.9308119178563065
2025-02-05,IM2502,2025-02-21,12.0,0.04918032786885246,5881.437,5866.0,0.06743903480195781,0.07982168485981235,0.0663031507970289,-0.012382650057854536,0.0011358840049289082,5862.428794467163,5866.327702378056,3.571205532836757,-0.3277023780556192,-0.18042634236708632
2025-02-05,IM2503,2025-03-21,32.0,0.13114754098360656,5881.437,5832.2,0.07810209504200233,0.08761495642151461,0.08242162351887485,-0.00951286137951228,-0.004319528476872517,5824.928352018855,5828.897020373507,7.271647981145179,3.3029796264927427,-0.31919665921582213
2025-02-05,IM2506,2025-06-20,92.0,0.3770491803278688,5881.437,5712.0,0.09152806873923539,0.09008911187191358,0.0887457474210623,0.0014389568673218028,0.0027823213181730894,5715.099929350916,5717.995443382446,-3.0999293509157724,-5.995443382445956,0.11330636938852921
2025-02-05,IM2509,2025-09-19,157.0,0.6434426229508197,5881.437,5597.0,0.09103931653029607,0.08964907734012859,0.08907885935230264,0.0013902391901674804,0.0019604571779934243,5602.0089756568295,5604.064744188788,-5.008975656829534,-7.064744188787699,0.14659541183673064
2025-02-06,IM2502,2025-02-21,11.0,0.045081967213114756,6041.834,6024.0,0.07957206630410835,0.06955143473115066,0.07825370860174022,0.010020631572957683,0.001318357702368128,6026.721955474085,6024.358042011947,-2.721955474085007,-0.3580420119469636,0.13746265653062759
2025-02-06,IM2503,2025-03-21,31.0,0.12704918032786885,6041.834,5988.6,0.08365764186367221,0.08409419113168726,0.08798733244681271,-0.000436549268015049,-0.004329690583140505,5988.2678621315445,5985.30667500067,0.3321378684559022,3.2933249993302525,-0.014229961348910625
2025-02-06,IM2506,2025-06-20,91.0,0.3729508196721312,6041.834,5864.6,0.09383178500820559,0.08938501906830813,0.0910225612784317,0.004446765939897457,0.0028092237297738937,5874.334068648138,5870.747574717267,-9.734068648137509,-6.147574717266252,0.3476862478852875
2025-02-06,IM2509,2025-09-19,156.0,0.639344262295082,6041.834,5748.0,0.09197933439656295,0.08945390314608861,0.09055053020659125,0.0025254312504743304,0.001428804189971697,5757.288332189434,5753.25318414976,-9.288332189434186,-5.253184149760273,0.26562343426549984
2025-02-07,IM2502,2025-02-21,10.0,0.040983606557377046,6134.055,6127.8,0.03889378862145947,0.08017578090592882,0.03723169226781958,-0.04128199228446935,0.00166209635363989,6117.441232919769,6128.217432005656,10.358767080230791,-0.41743200565542793,-0.5319029223577787
2025-02-07,IM2503,2025-03-21,30.0,0.12295081967213115,6134.055,6095.4,0.06541603563112586,0.08895247734304468,0.07115263510276554,-0.02353644171191882,-0.005736599471639681,6077.786477825418,6091.102310666905,17.613522174581703,4.29768933309424,-0.7445740207544774
2025-02-07,IM2506,2025-06-20,90.0,0.36885245901639346,6134.055,5971.8,0.08667849763590235,0.09137800100863812,0.08470983973248063,-0.004699503372735767,0.001968657903421725,5961.45730900898,5976.137963385431,10.34269099102039,-4.337963385431067,-0.36482002886451065
2025-02-07,IM2509,2025-09-19,155.0,0.6352459016393442,6134.055,5853.0,0.08783232483426527,0.09075386920431215,0.08655625579107207,-0.00292154437004688,0.0012760690431932037,5842.147496331511,5857.746468513408,10.85250366848868,-4.746468513408217,-0.30650010169513836
2025-02-10,IM2502,2025-02-21,9.0,0.036885245901639344,6210.547,6181.8,0.13978158263020118,0.04344740134598452,0.1377272516412331,0.09633418128421667,0.002054330988968095,6203.804923548321,6182.268440574621,-22.00492354832113,-0.46844057462112687,1.1630069660199756
2025-02-10,IM2503,2025-03-21,29.0,0.11885245901639344,6210.547,6143.6,0.10518941528438733,0.07425133594891832,0.11044432364136952,0.030938079335469007,-0.005254908356982196,6166.232011840442,6139.764158657258,-22.63201184044192,3.835841342742242,0.9488763750202098
2025-02-10,IM2506,2025-06-20,89.0,0.36475409836065575,6210.547,6017.2,0.1007075684763094,0.08587185691414517,0.09775886499584019,0.014835711562164233,0.002948703480469217,6049.849655696806,6023.675291195929,-32.649655696805894,-6.475291195929458,1.1433103192471605
2025-02-10,IM2509,2025-09-19,154.0,0.6311475409836066,6210.547,5900.0,0.09527517190439515,0.08723980088994698,0.09412453652823526,0.008035371014448164,0.001150635376159892,5929.9978803734675,5904.2862582569,-29.997880373467524,-4.2862582568996,0.840811045172974
2025-02-11,IM2502,2025-02-21,8.0,0.03278688524590164,6190.174,6179.8,0.06515727392455628,0.13305518125127255,0.068216294924784,-0.06789790732671627,-0.0030590210002277157,6166.05807244122,6179.18022327848,13.741927558779935,0.6197767215198837,-0.7661390529348119
2025-02-11,IM2503,2025-03-21,28.0,0.11475409836065574,6190.174,6133.2,0.09457716201888205,0.10813505610138567,0.08830074981924307,-0.013557894082503616,0.006276412199638981,6123.665239915572,6137.618991826503,9.534760084427944,-4.418991826502861,-0.4027063508403811
2025-02-11,IM2506,2025-06-20,88.0,0.36065573770491804,6190.174,6005.6,0.09793275280191366,0.09687994511214613,0.09427273923147682,0.0010528076897675237,0.0036600135704368403,6007.880766107775,6013.532655813363,-2.28076610777498,-7.932655813362544,0.0805337553174405
2025-02-11,IM2509,2025-09-19,153.0,0.6270491803278688,6190.174,5888.8,0.09359655471932513,0.09359526019991708,0.09380015551563216,1.2945194080432598e-06,-0.00020360079630703243,5888.804780101863,5888.048238363858,-0.0047801018627069425,0.7517616361419641,0.00013510201326015066
2025-02-12,IM2502,2025-02-21,7.0,0.028688524590163935,6284.611,6268.0,0.10625368936858708,0.07167065224897333,0.10628945370708658,0.034583037119613746,-3.576433849949989e-05,6274.221796320812,6267.993568871676,-6.2217963208122455,0.006431128324038582,0.3637943242824774
2025-02-12,IM2503,2025-03-21,27.0,0.11065573770491803,6284.611,6223.0,0.10303145328938285,0.08994019264012398,0.10262514322347854,0.013091260649258862,0.00040631006590430285,6232.0213142446355,6223.279795730751,-9.021314244635505,-0.27979573075117514,0.37615378164693286
2025-02-12,IM2506,2025-06-20,87.0,0.35655737704918034,6284.611,6096.0,0.09945925650897541,0.09485017538752301,0.09908685338677681,0.004609081121452405,0.0003724031221986057,6106.026414289094,6096.809499401183,-10.026414289093736,-0.8094994011826202,0.34991212487066153
2025-02-12,IM2509,2025-09-19,152.0,0.6229508196721312,6284.611,5970.0,0.0964415310221083,0.0941275526331333,0.09667518690747859,0.0023139783889749993,-0.00023365588537029025,5978.611929096659,5969.131093170773,-8.611929096658969,0.868906829226944,0.24085689720051928
2025-02-13,IM2502,2025-02-21,6.0,0.02459016393442623,6212.497,6215.6,-0.006306997811297179,0.10580618856822065,-0.004380240734700044,-0.11211318637951782,-0.0019267570765971343,6198.4879253467425,6215.30551637089,17.112074653257878,0.2944836291108004,-1.0966269452694883
2025-02-13,IM2503,2025-03-21,26.0,0.10655737704918032,6212.497,6175.0,0.07081470564361944,0.10237268548052457,0.06667333597803665,-0.03155797983690513,0.004141369665582789,6154.269982257722,6177.72558864233,20.730017742277596,-2.725588642329967,-0.8761218452102875
2025-02-13,IM2506,2025-06-20,86.0,0.3524590163934426,6212.497,6045.8,0.09116951807779715,0.09896938604778256,0.09006871404421087,-0.007799867969985413,0.0011008040335862834,6029.202112276646,6048.146154816862,16.59788772335378,-2.346154816861599,-0.5876091881826729
2025-02-13,IM2509,2025-09-19,151.0,0.6188524590163934,6212.497,5918.2,0.09242024251519754,0.09659231367812227,0.09242097968852925,-0.004172071162924729,-7.371733317107498e-07,5902.939529098985,5918.197300108726,15.260470901014742,0.0026998912735507474,-0.4330948775649625
2025-02-14,IM2503,2025-03-21,25.0,0.10245901639344263,6248.835,6205.2,0.08239218657656788,0.07171343995441382,0.0823831781921279,0.010678746622154067,9.00838443998464e-06,6211.993035089745,6205.2057273414885,-6.79303508974499,-0.005727341488636739,0.28609171760713553
2025-02-14,IM2506,2025-06-20,85.0,0.3483606557377049,6248.835,6071.8,0.09650054771072754,0.09182633730862973,0.0953782666898471,0.0046742104020978115,0.001122281020880439,6081.694832480266,6074.174286231707,-9.894832480265904,-2.3742862317067193,0.3493860175820255
2025-02-14,IM2509,2025-09-19,150.0,0.6147540983606558,6248.835,5944.6,0.09518986446631361,0.0934326479759954,0.09561622104771733,0.0017572164903182086,-0.00042635658140371957,5951.0251598342475,5943.042098027608,-6.425159834247097,1.5579019723927559,0.18191663376708708
2025-02-17,IM2503,2025-03-21,24.0,0.09836065573770492,6281.566,6219.2,0.11544331858074498,0.08536926403312933,0.11533689653754674,0.03007405454761565,0.00010642204319824544,6237.624275717086,6219.265101321491,-18.424275717085948,-0.0651013214910563,0.7726220390007489
2025-02-17,IM2506,2025-06-20,84.0,0.3442622950819672,6281.566,6081.6,0.10797338500599542,0.09638613750748704,0.10632414877502977,0.011587247498508382,0.0016492362309656478,6105.908272434994,6085.053929545533,-24.30827243499334,-3.4539295455324464,0.8587353986074602
2025-02-17,IM2509,2025-09-19,149.0,0.610655737704918,6281.566,5949.0,0.10307829876503899,0.09618601368556715,0.1023548794192276,0.006892285079471844,0.0007234193458113825,5974.090995714303,5951.628611842095,-25.090995714303062,-2.6286118420948696,0.7080347974107097
2025-02-18,IM2503,2025-03-21,23.0,0.0942622950819672,6142.138,6110.2,0.06930720571854926,0.11422072736364752,0.07080661574796022,-0.044913521645098264,-0.0014994100294109663,6084.386223632389,6109.336458614187,25.813776367610444,0.8635413858128231,-1.110824054312249
2025-02-18,IM2506,2025-06-20,83.0,0.3401639344262295,6142.138,5973.4,0.09589172239530366,0.10590626156102736,0.09426897584436371,-0.010014539165723702,0.0016227465509399547,5953.085725694509,5976.69822613844,20.31427430549047,-3.298226138440441,-0.7344520821645514
2025-02-18,IM2509,2025-09-19,148.0,0.6065573770491803,6142.138,5843.4,0.09620173835342377,0.10209370436437624,0.09582601735667165,-0.0058919660109524735,0.00037572099675212134,5822.554038800172,5844.73184124166,20.845961199827798,-1.331841241660186,-0.6006208929283027
2025-02-19,IM2503,2025-03-21,22.0,0.09016393442622951,6288.529,6240.0,0.09992124728132565,0.07564982167978396,0.09965237954847328,0.02427142560154169,0.0002688677328523681,6253.670614071993,6240.151272990823,-13.670614071993441,-0.1512729908226902,0.5770793674085107
2025-02-19,IM2506,2025-06-20,82.0,0.3360655737704918,6288.529,6101.6,0.10379244104231222,0.09585449890041889,0.10296773839385287,0.007937942141893334,0.0008247026484593523,6117.898779871169,6103.291318243137,-16.298779871168335,-1.6913182431362657,0.5768868660545367
2025-02-19,IM2509,2025-09-19,147.0,0.6024590163934426,6288.529,5967.8,0.10089193519724456,0.09672105090843243,0.1009344030672264,0.004170884288812127,-4.246786998184093e-05,5982.814665767308,5967.647314888047,-15.014665767307633,0.15268511195336032,0.42325331294344276
2025-02-20,IM2503,2025-03-21,21.0,0.0860655737704918,6334.414,6254.4,0.1617023960673476,0.10081854369108444,0.16074954806598357,0.06088385237626316,0.0009528480013640261,6287.259094769814,6254.912928176482,-32.859094769813964,-0.5129281764820917,1.3894987671832715
2025-02-20,IM2506,2025-06-20,81.0,0.3319672131147541,6334.414,6113.4,0.1209811200991465,0.10331100760175675,0.1197180786296403,0.017670112497389742,0.0012630414695061903,6149.365964050122,6115.963814891035,-35.96596405012224,-2.5638148910356904,1.2730053283344507
2025-02-20,IM2509,2025-09-19,146.0,0.5983606557377049,6334.414,5983.0,0.10938593917593828,0.10111091998855233,0.11044300268461661,0.008275019187385949,-0.0010570635086783325,6012.697964119325,5979.216917839105,-29.69796411932475,3.783082160894992,0.8367955871620805
2025-02-21,IM2503,2025-03-21,20.0,0.08196721311475409,6449.228,6399.0,0.10938820788649625,0.1541608234475383,0.11042708968288778,-0.044772615561042034,-0.0010388817963915276,6375.559434565406,6398.45512118207,23.440565434593736,0.5448788179301118,-0.979255997041137
2025-02-21,IM2506,2025-06-20,80.0,0.32786885245901637,6449.228,6253.6,0.10794956418330957,0.11755800410707469,0.10639033621717851,-0.009608439923765116,0.0015592279661310604,6233.930232000345,6256.797796997979,19.66976799965505,-3.1977969979789123,-0.6861971287265736
2025-02-21,IM2509,2025-09-19,145.0,0.5942622950819673,6449.228,6120.0,0.10217375362898988,0.10918727138978714,0.10305329440710008,-0.007013517760797255,-0.0008795407781101994,6094.545722630181,6116.802046943455,25.454277369818556,3.197953056544975,-0.7069462385496852
2025-02-24,IM2503,2025-03-21,19.0,0.0778688524590164,6464.024,6366.6,0.20902610450974657,0.11030279523467175,0.2075611356177029,0.09872330927507482,0.001464968892043672,6415.731658756441,6367.326314164279,-49.13165875644063,-0.7263141642788469,2.0659073710790867
2025-02-24,IM2504,2025-04-18,38.0,0.1557377049180328,6464.024,6319.8,0.15888766228223625,0.10886638390720833,0.16015030211896952,0.050021278375027914,-0.0012626398367332758,6369.224764640845,6318.557392722104,-49.42476464084484,1.2426072778962407,1.9572136626379808
2025-02-24,IM2506,2025-06-20,79.0,0.3237704918032787,6464.024,6215.6,0.1350418310034202,0.10630934447057329,0.13203111664281547,0.02873248653284692,0.003010714360604738,6273.691844105886,6221.6617994663075,-58.091844105885684,-6.061799466307093,2.033859075206376
2025-02-24,IM2509,2025-09-19,144.0,0.5901639344262295,6464.024,6080.8,0.11755727323953337,0.10298568753354527,0.11778297123995998,0.0145715857059881,-0.00022569800042661348,6133.318090019097,6079.9900985559625,-52.518090019097144,0.8099014440376777,1.4641336054957432
2025-02-25,IM2503,2025-03-21,18.0,0.07377049180327869,6435.428,6355.4,0.18362751055893325,0.19554698643447072,0.1829304223730207,-0.01191947587553746,0.0006970881859125477,6349.814117415256,6355.726831914261,5.585882584743558,-0.3268319142616747,-0.23843698646339656
2025-02-25,IM2504,2025-04-18,37.0,0.15163934426229508,6435.428,6310.6,0.14317222111622094,0.15302420701635025,0.14811184068663463,-0.009851985900129312,-0.004939619570413695,6301.179326203793,6305.8748738085005,9.420673796207666,4.7251261914998395,-0.3770926610523681
2025-02-25,IM2506,2025-06-20,78.0,0.319672131147541,6435.428,6195.8,0.13270508330696407,0.12829028710085305,0.12729374607716434,0.004414796206111016,0.005411337229799723,6204.550227016226,6206.527103067525,-8.750227016225836,-10.727103067524695,0.3108810331927594
2025-02-25,IM2509,2025-09-19,143.0,0.5860655737704918,6435.428,6054.0,0.11825307719443881,0.11564288138208642,0.11598556819816902,0.0026101958123523894,0.0022675089962697903,6063.26816888178,6062.050562897275,-9.268168881780184,-8.050562897275086,0.26276429928227485
2025-02-26,IM2503,2025-03-21,17.0,0.06967213114754098,6524.406,6420.8,0.2437503146228665,0.1745010714149635,0.2441217979300983,0.06924924320790302,-0.00037148330723180134,6451.853558180375,6420.633818788579,-31.05355818037515,0.16618121142073505,1.3205556329433872
2025-02-26,IM2504,2025-04-18,36.0,0.14754098360655737,6524.406,6366.6,0.17994941187282162,0.14316413102070802,0.1809532770240669,0.036785280852113605,-0.0010038651512452867,6401.2476177752815,6365.657104732566,-34.647617775281105,0.9428952674343236,1.373698359626329
2025-02-26,IM2506,2025-06-20,77.0,0.3155737704918033,6524.406,6248.2,0.15107252109815733,0.12471016630336137,0.14548105799813804,0.026362354794795956,0.005591463100019289,6300.397268931796,6259.23480089246,-52.197268931796316,-11.034800892460225,1.8398600311129583
2025-02-26,IM2509,2025-09-19,142.0,0.5819672131147541,6524.406,6093.6,0.13137924915058283,0.11450497791322659,0.12779743191575385,0.016874271237356242,0.0035818172348289767,6153.735603881873,6106.315358361719,-60.13560388187307,-12.715358361718245,1.694384753282532
2025-02-27,IM2503,2025-03-21,16.0,0.06557377049180328,6499.53,6415.0,0.2136357450421903,0.22918111539104535,0.2137227829557826,-0.015545370348855059,-8.703791359229718e-05,6408.464082588288,6414.963387106732,6.535917411712035,0.0366128932682841,-0.2820651453004304
2025-02-27,IM2504,2025-04-18,35.0,0.14344262295081966,6499.53,6361.8,0.1633176154805082,0.17231843583747042,0.16636419350878573,-0.00900082035696223,-0.003046578028277541,6353.591571968588,6359.020442621746,8.20842803141204,2.7795573782541396,-0.32767544734141474
2025-02-27,IM2506,2025-06-20,76.0,0.3114754098360656,6499.53,6238.6,0.1455483247354397,0.14103774667502217,0.1396468084792808,0.004510578060417519,0.005901516256158895,6247.37098207139,6250.078198495251,-8.77098207138988,-11.478198495250581,0.31187909707290623
2025-02-27,IM2509,2025-09-19,141.0,0.5778688524590164,6499.53,6093.0,0.12577154652608646,0.1252770398119298,0.12541622839354777,0.0004945067141566561,0.0003553181325386956,6094.7413846444215,6094.251187573304,-1.7413846444214869,-1.251187573304378,0.04950639204217957
2025-02-28,IM2503,2025-03-21,15.0,0.06147540983606557,6270.419,6230.4,0.1181496492612455,0.20302093335672375,0.1188323625981493,-0.08487128409547824,-0.000682713336903798,6197.977562394946,6230.138515087254,32.42243760505335,0.2614849127458001,-1.462389296614405
2025-02-28,IM2504,2025-04-18,34.0,0.13934426229508196,6270.419,6179.6,0.11870208010221232,0.16024988958428926,0.12154591629215634,-0.04154780948207694,-0.002843836189944021,6143.926885287553,6177.151681099438,35.673114712447386,2.448318900562299,-1.4733247192277439
2025-02-28,IM2506,2025-06-20,75.0,0.3073770491803279,6270.419,6060.0,0.12504725801148872,0.13651875889978235,0.1197924420775293,-0.011471500888293629,0.00525481593395942,6038.669607272518,6069.796080716656,21.33039272748192,-9.796080716656434,-0.7856476060334205
2025-02-28,IM2509,2025-09-19,140.0,0.5737704918032787,6270.419,5917.0,0.11510944306577274,0.1236388405467755,0.11523620464860039,-0.00852939748100276,-0.00012676158282765027,5888.11343741963,5916.569660076244,28.886562580370082,0.430339923756037,-0.8512398576720149
2025-03-03,IM2503,2025-03-21,14.0,0.05737704918032787,6273.67,6215.4,0.1766334428992841,0.11979799616594637,0.17349256153903578,0.05683544673333772,0.0031408813602483154,6235.701816181872,6216.520206165547,-20.30181618187271,-1.1202061655476427,0.9280858277853697
2025-03-03,IM2504,2025-04-18,33.0,0.13524590163934427,6273.67,6168.8,0.13864097337242123,0.12203780791770681,0.14607417446711438,0.016603165454714422,-0.007433201094693143,6182.667666759447,6162.601559968833,-13.867666759446365,6.198440031167593,0.5730054421624722
2025-03-03,IM2506,2025-06-20,74.0,0.30327868852459017,6273.67,6049.0,0.13424762245646005,0.11998810355629333,0.13018179873885488,0.014259518900166718,0.004065823717605166,6075.216201488962,6056.463487499912,-26.216201488961815,-7.463487499911935,0.9671164022823978
2025-03-03,IM2509,2025-09-19,139.0,0.569672131147541,6273.67,5906.0,0.12001313235770746,0.11530759106586377,0.12037682158255243,0.004705541291843682,-0.00036368922484497634,5921.852954883666,5904.7765003140485,-15.852954883665916,1.2234996859515377,0.4681244585682687
2025-03-04,IM2503,2025-03-21,13.0,0.05327868852459016,6357.628,6279.2,0.24697810672677273,0.16787495614821862,0.24475487457500888,0.0791031505785541,0.002223232151763843,6305.719608862932,6279.9438209016635,-26.51960886293182,-0.7438209016636392,1.2215399485128124
2025-03-04,IM2504,2025-04-18,32.0,0.13114754098360656,6357.628,6227.0,0.1723001539014102,0.14293519768109736,0.17773452509868842,0.02936495622031285,-0.005434371197278215,6251.027296551494,6222.563570700097,-24.027296551494146,4.4364292999025565,0.9854313819105771
2025-03-04,IM2506,2025-06-20,73.0,0.29918032786885246,6357.628,6107.2,0.14832350010860115,0.128588105137748,0.1442563216156118,0.019735394970853165,0.004067178492989348,6143.366273564647,6114.6358850007655,-36.16627356464687,-7.435885000765666,1.3252570405944437
2025-03-04,IM2509,2025-09-19,138.0,0.5655737704918032,6357.628,5958.6,0.12860891759569287,0.11946273020547195,0.12798805012975747,0.009146187390220925,0.0006208674659353985,5989.502765076637,5960.692708064967,-30.90276507663657,-2.0927080649662457,0.9069650948548229
2025-03-05,IM2503,2025-03-21,12.0,0.04918032786885246,6398.237,6313.0,0.2867001803935963,0.23108487118161591,0.2841511267074877,0.05561530921198038,0.002549053686108582,6330.290821888753,6313.791468097376,-17.29082188875327,-0.7914680973763097,0.810396818616445
2025-03-05,IM2504,2025-04-18,31.0,0.12704918032786885,6398.237,6259.8,0.18617149997229063,0.17028096412459048,0.19473028431093203,0.015890535847700143,-0.008558784338641406,6272.4505479041845,6252.996877251663,-12.65054790418435,6.803122748337046,0.5180334846775044
2025-03-05,IM2506,2025-06-20,72.0,0.29508196721311475,6398.237,6129.6,0.1593595728264719,0.14058217448116578,0.15234043707290743,0.018777398345306118,0.0070191357535644705,6163.657594066569,6142.308909412596,-34.05759406656853,-12.708909412595858,1.248195533382164
2025-03-05,IM2509,2025-09-19,137.0,0.5614754098360656,6398.237,5976.6,0.13541340132777432,0.1259383649825606,0.13288203239031254,0.009475036345213711,0.002531368937461781,6008.480237733282,5985.100589535566,-31.88023773328132,-8.500589535565268,0.9365086157315127
2025-03-06,IM2503,2025-03-21,11.0,0.045081967213114756,6534.971,6475.8,0.21576043566740985,0.2665227567095535,0.2145385303657858,-0.05076232104214365,0.0012219053016240544,6460.997300648433,6476.156735062637,14.802699351566844,-0.356735062637199,-0.6963788342074371
2025-03-06,IM2504,2025-04-18,30.0,0.12295081967213115,6534.971,6420.6,0.1576048835712568,0.18528585389847096,0.16452601805558015,-0.02768097032721417,-0.006921134484323355,6398.785285992436,6415.138655650788,21.814714007564362,5.461344349212595,-0.8757824636305399
2025-03-06,IM2506,2025-06-20,71.0,0.29098360655737704,6534.971,6287.8,0.14650458289989474,0.14775279257133198,0.13997422163087045,-0.0012482096714372393,0.006530361269024287,6285.516631961646,6299.759613482784,2.2833680383537285,-11.959613482783425,-0.08211788971317292
2025-03-06,IM2509,2025-09-19,136.0,0.5573770491803278,6534.971,6130.0,0.12877537435177625,0.13034393559402982,0.1269390168333651,-0.0015685612422535744,0.001836357518411158,6124.643005473148,6136.277533985255,5.3569945268518495,-6.277533985255104,-0.15452336437047692
2025-03-07,IM2503,2025-03-21,10.0,0.040983606557377046,6507.765,6452.8,0.22095919360291333,0.20520855671003213,0.21967894701655533,0.015750636892881198,0.0012802465863580026,6456.966742649068,6453.138581635432,-4.166742649067601,-0.3385816354320923,0.2029467188600293
2025-03-07,IM2504,2025-04-18,29.0,0.11885245901639344,6507.765,6395.0,0.16107011041145988,0.1595842163704856,0.16829159835533541,0.001485894040974295,-0.007221487943875532,6396.12947054762,6389.513580029615,-1.129470547620258,5.486419970385214,0.04557755573398518
2025-03-07,IM2506,2025-06-20,70.0,0.28688524590163933,6507.765,6254.8,0.15219780166525368,0.1375761638409783,0.14358274401882073,0.01462163782427539,0.008615057646432944,6281.092316791905,6270.278063572001,-26.29231679190525,-15.478063572000792,0.9518243241496536
2025-03-07,IM2509,2025-09-19,135.0,0.5532786885245902,6507.765,6091.8,0.1333837321369912,0.12559902238825427,0.13021878725069425,0.007784709748736934,0.0031649448862969554,6118.094663473924,6102.476675215901,-26.29466347392372,-10.676675215901014,0.7643241568539233
2025-03-10,IM2503,2025-03-21,9.0,0.036885245901639344,6520.973,6427.4,0.4058503372184388,0.21049191935473122,0.4015363567367727,0.19535841786370756,0.004313980481666091,6473.882107371788,6428.422823601593,-46.482107371788516,-1.0228236015937,2.3585453902751605
2025-03-10,IM2504,2025-04-18,28.0,0.11475409836065574,6520.973,6362.8,0.22797985990878356,0.16350336272613408,0.24006641161981795,0.06447649718264947,-0.012086551711034399,6410.052584068259,6353.981032390642,-47.25258406825924,8.81896760935797,1.9153300056949731
2025-03-10,IM2506,2025-06-20,69.0,0.2827868852459016,6520.973,6220.8,0.1806452178230743,0.14128159254122435,0.17318865162077635,0.039363625281849945,0.007456566202297954,6290.433786673309,6233.93113730827,-69.63378667330926,-13.1311373082699,2.534960197050758
2025-03-10,IM2509,2025-09-19,134.0,0.5491803278688525,6520.973,6055.0,0.14899977542147064,0.12893413494679667,0.1457692421469458,0.020065640474673963,0.003230533274524827,6122.093003048702,6065.751984901753,-67.09300304870158,-10.751984901752621,1.9634081955293605
2025-03-11,IM2503,2025-03-21,8.0,0.03278688524590164,6551.734,6490.0,0.30275010996117546,0.3731698164208402,0.3046527472245356,-0.07041970645966472,-0.0019026372633601518,6475.032894997918,6489.595156370495,14.967105002081553,0.40484362950519426,-0.7946097792138895
2025-03-11,IM2504,2025-04-18,27.0,0.11065573770491803,6551.734,6415.0,0.20459788318143396,0.22568114244780257,0.20463173498774292,-0.021083259266368615,-3.385180630896545e-05,6400.051354411666,6414.975970118319,14.94864558833433,0.02402988168068987,-0.6058521318478064
2025-03-11,IM2506,2025-06-20,68.0,0.2786885245901639,6551.734,6269.4,0.17205850353842947,0.1664933570966079,0.16250806522915082,0.005565146441821572,0.009550438309278653,6279.131022779854,6286.108846000666,-9.731022779854356,-16.7088460006662,0.3544620699904896
2025-03-11,IM2509,2025-09-19,133.0,0.5450819672131147,6551.734,6102.4,0.14434298561613648,0.142139923070876,0.1428714095764736,0.0022030625452604813,0.0014715760396628863,6109.732466716151,6107.296879146033,-7.33246671615143,-4.896879146032916,0.21482553670104507
2025-03-12,IM2503,2025-03-21,7.0,0.028688524590163935,6566.968,6513.8,0.29736176859292723,0.2879657728114604,0.29917818559803355,0.009395995781466826,-0.0018164170051063189,6515.556078725548,6513.460572615982,-1.7560787255479227,0.3394273840185633,0.09884224588505543
2025-03-12,IM2504,2025-04-18,26.0,0.10655737704918032,6566.968,6433.4,0.2068450665132907,0.19629212602126908,0.20497163742433983,0.010552940492021629,0.0018734290889508842,6440.638386502845,6434.684412977531,-7.23838650284506,-1.2844129775312467,0.2930034052449716
2025-03-12,IM2506,2025-06-20,67.0,0.27459016393442626,6566.968,6284.0,0.17440455828203968,0.15864308757412227,0.16583867286811338,0.01576147070791742,0.008565885413926305,6311.25574341633,6298.7980423919125,-27.255743416330006,-14.798042391912531,0.9926721354633712
2025-03-12,IM2509,2025-09-19,132.0,0.5409836065573771,6566.968,6116.0,0.14550850676194707,0.14076087807238577,0.14676910169816623,0.004747628689561301,-0.0012605949362191615,6131.728458660378,6111.830547195456,-15.728458660378237,4.169452804543653,0.4613340945137783
2025-03-13,IM2503,2025-03-21,6.0,0.02459016393442623,6466.851,6426.0,0.2717055392058256,0.2841722506612402,0.2699246168606433,-0.012466711455414614,0.0017809223451822898,6424.03035713851,6426.281421088103,1.969642861489774,-0.2814210881033432,-0.12194383934518661
2025-03-13,IM2504,2025-04-18,25.0,0.10245901639344263,6466.851,6355.0,0.1842864044793514,0.19760195111256168,0.1906199816715255,-0.013315546633210273,-0.006333577192174089,6346.335799031597,6350.877374368811,8.664200968402838,4.122625631189294,-0.3567686831307649
2025-03-13,IM2506,2025-06-20,66.0,0.27049180327868855,6466.851,6210.8,0.16335598615181038,0.1624542013173455,0.15820651665491742,0.0009017848344648749,0.005149469496892961,6212.31515669695,6219.456984514081,-1.5151566969498163,-8.65698451408116,0.05614661348548756
2025-03-13,IM2509,2025-09-19,131.0,0.5368852459016393,6466.851,6050.4,0.1379834715108937,0.14491837884686373,0.1418076650101045,-0.00693490733597002,-0.0038241934992107873,6027.914736743569,6037.990346500633,22.4852632564307,12.409653499366868,-0.6714853096869684
2025-03-14,IM2504,2025-04-18,24.0,0.09836065573770492,6571.171,6501.0,0.1231497378762491,0.18480272004147422,0.12391537734854968,-0.06165298216522512,-0.000765639472300586,6461.695750781617,6500.51043592207,39.30424921838312,0.4895640779295718,-1.5919966278708684
2025-03-14,IM2506,2025-06-20,65.0,0.26639344262295084,6571.171,6368.2,0.13177765856563894,0.15555993597587373,0.13041004035390372,-0.02378227741023478,0.0013676182117352276,6327.9821668731,6370.520514115737,40.21783312689968,-2.3205141157368416,-1.463450144842456
2025-03-14,IM2509,2025-09-19,130.0,0.5327868852459017,6571.171,6210.0,0.12010462951234145,0.14035822965793024,0.12632683263720165,-0.020253600145588788,-0.006222203124860201,6143.349062714532,6189.447264034528,66.65093728546799,20.552735965471584,-1.9540313319257865
2025-03-17,IM2504,2025-04-18,23.0,0.0942622950819672,6589.566,6471.6,0.20563670714081728,0.12635655807644436,0.20434639763827955,0.07928014906437292,0.0012903095025377231,6520.144263218548,6472.387172625956,-48.54426321854771,-0.7871726259554634,1.9615352284517282
2025-03-17,IM2506,2025-06-20,64.0,0.26229508196721313,6589.566,6337.6,0.16263923794593718,0.13138881878744957,0.1604213157237056,0.03125041915848761,0.0022179222222315775,6389.761726139892,6341.287972012227,-52.16172613989147,-3.6879720122269646,1.899980618121567
2025-03-17,IM2509,2025-09-19,129.0,0.5286885245901639,6589.566,6166.4,0.13954138526012097,0.12678077536611815,0.14153096223558145,0.012760609894002822,-0.001989576975460483,6208.1415711724985,6159.917180445633,-41.74157117249888,6.48281955436687,1.2206174243667842
2025-03-18,IM2504,2025-04-18,22.0,0.09016393442622951,6611.926,6505.2,0.19448381711618046,0.19634863342214157,0.19498997095449022,-0.001864816305961109,-0.0005061538383097641,6504.106312986352,6504.903130123013,1.0936870136474681,0.2968698769864204,-0.04435234997747762
2025-03-18,IM2506,2025-06-20,63.0,0.2581967213114754,6611.926,6369.4,0.15873349742317155,0.1569312221575213,0.15657901935437726,0.0018022752656502439,0.002154478068794291,6372.364636291621,6372.944150244783,-2.964636291620991,-3.5441502447829407,0.10808464208397627
2025-03-18,IM2509,2025-09-19,128.0,0.5245901639344263,6611.926,6195.8,0.13791262636731133,0.1396656009218491,0.139571537667949,-0.0017529745545377673,-0.0016589113006376666,6190.105003337523,6190.41045948681,5.694996662477024,5.389540513189786,-0.1662240444226844
2025-03-19,IM2504,2025-04-18,21.0,0.0860655737704918,6564.677,6479.4,0.165923611059338,0.18829051797712593,0.16752464261526473,-0.02236690691778792,-0.001601031555926724,6466.93901869457,6478.507241013248,12.460981305429414,0.8927589867516872,-0.5106065766581985
2025-03-19,IM2506,2025-06-20,62.0,0.2540983606557377,6564.677,6339.2,0.15154802914685808,0.15369031832010685,0.14760460704928896,-0.002142289173248768,0.003943422097569121,6335.750181786321,6345.555170202088,3.4498182136785545,-6.35517020208863,-0.12681350118929885
2025-03-19,IM2509,2025-09-19,127.0,0.5204918032786885,6564.677,6165.0,0.1346842628985609,0.1380273884883333,0.13572101996750924,-0.0033431255897724,-0.0010367570689483463,6154.281799648134,6161.674118217709,10.718200351865562,3.3258817822907076,-0.31526681964213316
2025-03-20,IM2504,2025-04-18,20.0,0.08196721311475409,6535.062,6452.4,0.16930209338132224,0.16464640483479978,0.1708370018562977,0.004655688546522457,-0.0015349084749754494,6454.862794870154,6451.588260618193,-2.4627948701545392,0.8117393818065466,0.10185400030196477
2025-03-20,IM2506,2025-06-20,61.0,0.25,6535.062,6307.2,0.15595998572234368,0.1463343645710058,0.15000485182295073,0.009625621151337888,0.00595513389939295,6322.395955912716,6316.597048482115,-15.195955912716272,-9.39704848211477,0.5624538002580742
2025-03-20,IM2509,2025-09-19,126.0,0.5163934426229508,6535.062,6138.0,0.13538589113548044,0.1350117471241993,0.1377354121024915,0.0003741440112811356,-0.0023495209670110484,6139.186010013216,6130.557420288725,-1.1860100132162188,7.442579711275357,0.035126739430704296
2025-03-21,IM2504,2025-04-18,19.0,0.0778688524590164,6405.611,6318.2,0.1904501096683752,0.1678945561282053,0.19107922620635187,0.022555553540169887,-0.0006291165379766761,6329.30688004037,6317.890487917019,-11.106880040370015,0.30951208298120036,0.47210890951361506
2025-03-21,IM2506,2025-06-20,60.0,0.2459016393442623,6405.611,6177.4,0.16152587314009856,0.14872587484183236,0.15696556605711873,0.012799998298266196,0.004560307082979831,6196.874249003868,6184.331141496923,-19.474249003867953,-6.931141496923374,0.7381717946366474
2025-03-21,IM2509,2025-09-19,125.0,0.5122950819672131,6405.611,6010.8,0.13817935696063968,0.137023347633791,0.14136867654184013,0.0011560093268486726,-0.003189319581200445,6014.360757578465,6000.987136424939,-3.5607575784652,9.812863575060874,0.10808425801802618
2025-03-24,IM2504,2025-04-18,18.0,0.07377049180327869,6360.341,6280.0,0.186318381999109,0.18574628161591605,0.18623971052294502,0.0005721003831929417,7.867147616397174e-05,6280.26504750824,6280.036446924064,-0.26504750824005896,-0.036446924063966435,0.011436762419271416
2025-03-24,IM2505,2025-05-16,35.0,0.14344262295081966,6360.341,6224.2,0.16484130355339205,0.16620820129550978,0.16605589706900964,-0.0013668977421177342,-0.0012145935156175902,6222.9797320418165,6223.11568645318,1.2202679581832854,1.0843135468194305,-0.04968442641314797
2025-03-24,IM2506,2025-06-20,59.0,0.24180327868852458,6360.341,6142.8,0.15792413612536155,0.15476036838293095,0.15434277972126476,0.003163767742430601,0.0035813564040967916,6147.501097785725,6148.121868792571,-4.701097785724414,-5.321868792570967,0.18002102195753425
2025-03-24,IM2509,2025-09-19,124.0,0.5081967213114754,6360.341,5978.0,0.13599198815212982,0.14019364789432112,0.13965652719411523,-0.004201659742191305,-0.0036645390419854096,5965.248975985593,5966.8774903672775,12.751024014407449,11.12250963272254,-0.39124190604549774
2025-03-25,IM2504,2025-04-18,17.0,0.06967213114754098,6310.764,6250.8,0.15103171072955926,0.181429520670432,0.15263874917911388,-0.03039780994087274,-0.0016070384495546208,6237.5755632702985,6250.100163396873,13.224436729701665,0.6998366031275509,-0.579772759632029
2025-03-25,IM2505,2025-05-16,34.0,0.13934426229508196,6310.764,6192.6,0.1496476093755341,0.16305716057057854,0.1477926804644783,-0.013409551195044445,0.001854928911055792,6181.039658175378,6194.200831116544,11.56034182462281,-1.6008311165433042,-0.4755342486772692
2025-03-25,IM2506,2025-06-20,58.0,0.23770491803278687,6310.764,6115.6,0.1461548726630732,0.15238294940584401,0.14324971990592,-0.006228076742770816,0.0029051527571531954,6106.552892311896,6119.824702932557,9.047107688104006,-4.2247029325562835,-0.35046952939973475
2025-03-25,IM2509,2025-09-19,123.0,0.5040983606557377,6310.764,5953.0,0.12977393870347145,0.13861297913865547,0.13413511930778665,-0.00883904043518402,-0.004361180604315201,5926.533952071595,5939.926919462594,26.466047928404805,13.073080537405986,-0.8231920116286232
2025-03-26,IM2504,2025-04-18,16.0,0.06557377049180328,6334.908,6261.8,0.19101601372145713,0.15192310910305634,0.1906896841260935,0.03909290461840079,0.0003263295953636336,6277.872523063703,6261.933995575314,-16.072523063702647,-0.1339955753137474,0.7094340636754619
2025-03-26,IM2505,2025-05-16,33.0,0.13524590163934427,6334.908,6205.4,0.16672485304569482,0.14729885289079475,0.16629787604114046,0.019426000154900064,0.00042697700455435195,6221.724801746296,6205.758352897742,-16.324801746296544,-0.35835289774240664,0.6704667133670763
2025-03-26,IM2506,2025-06-20,57.0,0.2336065573770492,6334.908,6129.4,0.1551708030307098,0.14288411866925133,0.15326215863076592,0.012286684361458466,0.0019086443999438707,6147.018182765594,6132.133536260382,-17.61818276559461,-2.733536260382607,0.6818113284180641
2025-03-26,IM2509,2025-09-19,122.0,0.5,6334.908,5967.6,0.13346090929402657,0.13388959577427642,0.13807897127429622,-0.00042868648024985134,-0.00461806198026965,5966.321022355234,5953.83652292596,1.2789776447662007,13.763477074040566,-0.039779292982352804
2025-03-27,IM2504,2025-04-18,15.0,0.06147540983606557,6328.767,6281.4,0.13620406340737481,0.18514518536582922,0.13849539753276488,-0.0489411219584544,-0.0022913341253900654,6262.529707053404,6280.5152598852155,18.870292946595328,0.8847401147841083,-0.8434011882749848
2025-03-27,IM2505,2025-05-16,32.0,0.13114754098360656,6328.767,6223.2,0.14226154738580615,0.1629366482446118,0.1405423515255815,-0.02067510085880564,0.0017191958602246482,6206.348720264069,6224.603292576972,16.851279735930802,-1.4032925769724898,-0.6938613970729103
2025-03-27,IM2506,2025-06-20,56.0,0.22950819672131148,6328.767,6143.4,0.14352520237103444,0.15110867636470712,0.1389982711807417,-0.007583473993672679,0.004526931190292738,6132.716899536858,6149.786111777382,10.683100463141272,-6.386111777382212,-0.414804868173458
2025-03-27,IM2509,2025-09-19,121.0,0.4959016393442623,6328.767,5977.2,0.12925108012004485,0.13695683743747172,0.1320818183283011,-0.00770575731742687,-0.002830738208256245,5954.402924417558,5968.815286068054,22.79707558244172,8.384713931945953,-0.7121809199212517
2025-03-28,IM2504,2025-04-18,14.0,0.05737704918032787,6268.321,6212.6,0.16962054768096366,0.13946090352640297,0.1676351504377374,0.030159644154560683,0.0019853972432262446,6223.360033812358,6213.307756314923,-10.760033812357506,-0.7077563149223352,0.4925450399748336
2025-03-28,IM2505,2025-05-16,31.0,0.12704918032786885,6268.321,6162.0,0.14864971180303593,0.1410444172644121,0.15401267062213062,0.007605294538623825,-0.005362958819094682,6167.956887993984,6157.802892656735,-5.95688799398431,4.197107343265088,0.24795000563854458
2025-03-28,IM2506,2025-06-20,55.0,0.22540983606557377,6268.321,6078.4,0.15049374302486623,0.13925317949999463,0.14597975774917463,0.0112405635248716,0.004513985275691607,6093.820573764378,6084.587899375444,-15.420573764378787,-6.187899375444431,0.6058281392845519
2025-03-28,IM2509,2025-09-19,120.0,0.4918032786885246,6268.321,5915.0,0.13196797779550745,0.13214101420085503,0.13461602678901888,-0.00017303640534757636,-0.002648048993511426,5914.496655677754,5907.3017959146755,0.5033443222464484,7.698204085324505,-0.01592615154317162
2025-03-31,IM2504,2025-04-18,13.0,0.05327868852459016,6226.649,6184.0,0.14300084019839016,0.1649547297810719,0.14490544746229772,-0.02195388958268174,-0.001904607263907565,6176.770961867027,6183.372510578923,7.2290381329730735,0.6274894210773709,-0.33905460049073605
2025-03-31,IM2505,2025-05-16,30.0,0.12295081967213115,6226.649,6126.2,0.1462776969213411,0.15239707234372202,0.14420262592325805,-0.006119375422380918,0.002075070998083045,6121.592489540778,6127.763187099377,4.607510459221885,-1.563187099377501,-0.19362048533352386
2025-03-31,IM2506,2025-06-20,54.0,0.22131147540983606,6226.649,6049.0,0.14479004462412823,0.14493344550426324,0.1413996323583423,-0.0001434008801350084,0.0033904122657859304,6048.80803040731,6053.540492601722,0.1919695926899294,-4.54049260172178,-0.007612732603121338
2025-03-31,IM2509,2025-09-19,119.0,0.48770491803278687,6226.649,5878.2,0.132079010778143,0.13404573609838552,0.13346965463409344,-0.0019667253202425294,-0.0013906438559504464,5872.564441847568,5874.214616221913,5.635558152432168,3.9853837780865433,-0.18025232380186693
2025-04-01,IM2504,2025-04-18,12.0,0.04918032786885246,6259.484,6204.0,0.1950380018014061,0.14518675781328946,0.19645805339233846,0.049851243988116634,-0.001420051590932364,6219.229010909689,6203.566736437463,-15.22901090968935,0.4332635625369221,0.7264699262791309
2025-04-01,IM2505,2025-05-16,29.0,0.11885245901639344,6259.484,6143.0,0.1720491608947374,0.14429479498094294,0.16960610997667191,0.02775436591379446,0.002443050918065487,6163.297216849191,6144.783956492386,-20.29721684919059,-1.7839564923860962,0.8513815390712337
2025-04-01,IM2506,2025-06-20,53.0,0.21721311475409835,6259.484,6064.2,0.1599171758986745,0.14139717781320918,0.15647172821430302,0.01851999808546531,0.0034454476843714665,6088.644115471592,6068.740124284318,-24.44411547159234,-4.5401242843181535,0.9680438152145007
2025-04-01,IM2509,2025-09-19,118.0,0.48360655737704916,6259.484,5891.0,0.1394573374462199,0.1334013489678536,0.14130454527782946,0.006055988478366303,-0.0018472078316095486,5908.2783537646865,5885.739791036712,-17.27835376468647,5.260208963288278,0.5526585031856703
2025-04-02,IM2504,2025-04-18,11.0,0.045081967213114756,6277.253,6239.0,0.14958750096671722,0.19120586407045792,0.15305408738723988,-0.0416183631037407,-0.003466586420522666,6227.305127719605,6238.025041925412,11.69487228039543,0.9749580745883577,-0.5709813711433271
2025-04-02,IM2505,2025-05-16,28.0,0.11475409836065574,6277.253,6174.6,0.15768429144861065,0.16658375190680225,0.1504518859340499,-0.008899460458191594,0.007232405514560752,6168.297411267794,6179.72672515777,6.302588732206459,-5.126725157769215,-0.2643845365276355
2025-04-02,IM2506,2025-06-20,52.0,0.21311475409836064,6277.253,6100.0,0.14840502204391345,0.15459172037355837,0.14668573956652795,-0.006186698329644913,0.0017192824773855087,6091.962591903426,6102.235476739918,8.037408096573927,-2.23547673991834,-0.31828106290756103
2025-04-02,IM2509,2025-09-19,117.0,0.47950819672131145,6277.253,5928.6,0.13317286783757712,0.14033935219530644,0.1376352927958016,-0.007166484357729319,-0.004462424958224492,5908.261994807624,5915.927726169534,20.33800519237593,12.67227383046611,-0.6511544139330951
2025-04-03,IM2504,2025-04-18,10.0,0.040983606557377046,6203.257,6168.4,0.1514937974000682,0.15294440176958768,0.1534726837424705,-0.0014506043695194926,-0.001978886342402314,6168.033293359951,6167.899751330322,0.3667066400485055,0.5002486696776032,-0.018692220760884466
2025-04-03,IM2505,2025-05-16,27.0,0.11065573770491803,6203.257,6106.8,0.15562457928055165,0.1503148837996161,0.15065640116814114,0.0053096954809355446,0.004968178112410515,6110.389094057624,6110.158181584326,-3.589094057623697,-3.3581815843253935,0.15259108185500606
2025-04-03,IM2506,2025-06-20,51.0,0.20901639344262296,6203.257,6031.8,0.14809954395988695,0.14653936301756254,0.1468042993858591,0.0015601809423244073,0.001295244574027854,6033.76731120601,6033.433194291856,-1.967311206009981,-1.6331942918559434,0.0789679706875771
2025-04-03,IM2509,2025-09-19,116.0,0.47540983606557374,6203.257,5862.6,0.13280546260738776,0.13749291649607778,0.13768908732041119,-0.0046874538886900186,-0.004883624713023421,5849.549966676974,5849.004454080135,13.050033323026582,13.595545919865799,-0.4240250469533775
2025-04-07,IM2504,2025-04-18,9.0,0.036885245901639344,5496.443,5554.0,-0.26842276505303353,0.15331912223167757,-0.2538189868948566,-0.42174188728471107,-0.014603778158176928,5468.270217757512,5551.009066056732,85.729782242488,2.990933943267919,-5.091931450247893
2025-04-07,IM2505,2025-05-16,26.0,0.10655737704918032,5496.443,5496.8,0.013390478734348248,0.15049492670000783,-0.014948959012099833,-0.13710444796565957,0.02833943774644808,5417.078317937724,5513.424193598147,79.72168206227616,-16.62419359814703,-3.8069903074780753
2025-04-07,IM2506,2025-06-20,50.0,0.20491803278688525,5496.443,5432.6,0.07101457738119964,0.14664329062678413,0.06591716265655771,-0.0756287132455845,0.005097414724641924,5349.056303980908,5438.277599027116,83.54369601909275,-5.6775990271153205,-3.7644950454421298
2025-04-07,IM2509,2025-09-19,115.0,0.4713114754098361,5496.443,5277.6,0.10020563881995738,0.13753982079850513,0.10821836460327643,-0.03733418197854775,-0.008012725783319047,5185.547455254763,5257.706785331171,92.05254474523736,19.893214668829387,-3.3620753227438955
2025-04-08,IM2504,2025-04-18,8.0,0.03278688524590164,5530.019,5462.4,0.38924143030927977,-0.20876688345750788,0.38746095472884257,0.5980083137667876,0.0017804755804372019,5570.557192953097,5462.718883727546,-108.15719295309736,-0.318883727546563,6.748182662004425
2025-04-08,IM2505,2025-05-16,25.0,0.10245901639344263,5530.019,5394.0,0.25706329976732384,0.009022515203161996,0.2559934737925236,0.24804078456416184,0.0010698259748002648,5532.839963683802,5394.591286638238,-138.83996368380213,-0.5912866382377615,6.646334360735077
2025-04-08,IM2506,2025-06-20,49.0,0.20081967213114754,5530.019,5313.6,0.21279367030649415,0.07979783565758228,0.2076097454949631,0.13299583464891188,0.005183924811531043,5457.428737016332,5319.134519004439,-143.82873701633162,-5.534519004439062,6.507513108425778
2025-04-08,IM2509,2025-09-19,114.0,0.4672131147540984,5530.019,5157.4,0.16330804079297756,0.11455568196289857,0.16994049395937338,0.04875235883007899,-0.006632453166395824,5276.222035117376,5141.443144305962,-118.8220351173768,15.956855694037586,4.370299669652271
2025-04-09,IM2504,2025-04-18,7.0,0.028688524590163935,5652.33,5594.2,0.37433581178212627,0.3643796314140275,0.3799657048962684,0.009956180368098755,-0.005629893114142137,5595.7980890773615,5593.296535108619,-1.598089077361692,0.9034648913811907,0.10473917585901375
2025-04-09,IM2505,2025-05-16,24.0,0.09836065573770492,5652.33,5514.0,0.26590495876947784,0.24378360945335592,0.2543211798888725,0.02212134931612192,0.011583778880605355,5526.010811767267,5520.28616642111,-12.010811767267114,-6.286166421109556,0.5712565994002436
2025-04-09,IM2506,2025-06-20,48.0,0.19672131147540983,5652.33,5429.6,0.21836211420522236,0.20049681898584676,0.20905399971366842,0.017865295219375604,0.009308114491553943,5448.715815425621,5439.551273069569,-19.115815425620895,-9.951273069568742,0.8589144922559503
2025-04-09,IM2509,2025-09-19,113.0,0.46311475409836067,5652.33,5274.4,0.16342931552143908,0.1665857176410267,0.173230977365429,-0.00315640211958762,-0.009801661843989923,5266.695638999339,5250.512204478041,7.704361000660356,23.88779552195865,-0.2816371833970155
2025-04-10,IM2504,2025-04-18,6.0,0.02459016393442623,5784.585,5744.8,0.2946619356146211,0.35889932213311726,0.2995804636030504,-0.06423738651849614,-0.004918527988429289,5735.7326320641805,5744.105223338174,9.067367935819675,0.6947766618259266,-0.6283614922443945
2025-04-10,IM2505,2025-05-16,23.0,0.0942622950819672,5784.585,5666.2,0.2333657787259114,0.24336279634164187,0.22279751215266996,-0.009997017615730464,0.010568266573241447,5660.863017780116,5671.847418945871,5.336982219883794,-5.647418945871323,-0.24845892889711327
2025-04-10,IM2506,2025-06-20,47.0,0.19262295081967212,5784.585,5578.2,0.20260928543851975,0.20272825499533847,0.1942958178833023,-0.00011896955681872656,0.008313467555217446,5578.072169943606,5587.139888402161,0.12783005639357725,-8.93988840216116,-0.005617413135400244
2025-04-10,IM2509,2025-09-19,112.0,0.45901639344262296,5784.585,5419.0,0.15622874208755502,0.1702565753644491,0.16836948377736788,-0.01402783327689408,-0.012140741689812856,5384.219126814293,5388.884990096995,34.780873185706696,30.115009903004648,-1.2457658226188701
2025-04-11,IM2505,2025-05-16,22.0,0.09016393442622951,5862.188,5763.2,0.20287858930349614,0.21654749425734343,0.20385829983207604,-0.013668904953847288,-0.0009797105285798968,5756.101563929917,5762.690932772138,7.098436070083153,0.5090672278620332,-0.32648079586085366
2025-04-11,IM2506,2025-06-20,46.0,0.1885245901639344,5862.188,5672.2,0.18875631784833766,0.19068707684055125,0.18238291199325754,-0.0019307589922135937,0.0063734058550801165,5670.135720171391,5679.019492465777,2.06427982860896,-6.81949246577733,-0.08949099841830412
2025-04-11,IM2509,2025-09-19,111.0,0.45491803278688525,5862.188,5511.0,0.14979768966384605,0.166640398893832,0.16125368212478502,-0.016842709229985958,-0.01145599246093898,5468.93578549416,5482.353926420168,42.06421450584003,28.646073579831864,-1.4885750281137013
2025-04-14,IM2505,2025-05-16,21.0,0.0860655737704918,5938.526,5794.0,0.30027073527798825,0.19949819566645596,0.30283528610167587,0.10077253961153229,-0.002564550823687617,5844.470179820761,5792.721292119321,-50.47017982076068,1.2787078806786667,2.3017842192771747
2025-04-14,IM2506,2025-06-20,45.0,0.18442622950819673,5938.526,5693.0,0.24294576642493135,0.1798709658751055,0.23059411449225867,0.06307480054982584,0.01235165193267268,5759.6113450371395,5705.983257318324,-66.61134503713947,-12.983257318323922,2.8681182215492074
2025-04-14,IM2509,2025-09-19,110.0,0.45081967213114754,5938.526,5522.8,0.17498671122671405,0.16003398389582765,0.18208357154003754,0.0149527273308864,-0.007096860313323489,5560.154867228393,5505.158566352684,-37.35486722839323,17.641433647316262,1.3082990106341985
2025-04-15,IM2505,2025-05-16,20.0,0.08196721311475409,5914.029,5793.0,0.26625980165215896,0.2861683384742133,0.2739471013471947,-0.019908536822054346,-0.007687299695035732,5783.554417674074,5789.3509426261,9.445582325925898,3.6490573739001775,-0.43575842842130635
2025-04-15,IM2506,2025-06-20,44.0,0.18032786885245902,5914.029,5680.4,0.23751327337568437,0.22137638439774351,0.21883622115240198,0.016136888977940855,0.018677052223282392,5696.953644210978,5699.563801232043,-16.553644210978746,-19.163801232043625,0.7191270707542979
2025-04-15,IM2509,2025-09-19,109.0,0.44672131147540983,5914.029,5508.8,0.1728921540372494,0.1779176021170019,0.17973111600468572,-0.005025448079752498,-0.00683896196743633,5496.446754609282,5491.995692281049,12.353245390718257,16.80430771895135,-0.4352549497625055
2025-04-16,IM2505,2025-05-16,19.0,0.0778688524590164,5835.348,5713.8,0.28432121255552395,0.261923101582808,0.2901424854747409,0.022398110972715934,-0.005821272919216969,5723.774220989102,5711.210545156476,-9.974220989101923,2.589454843524436,0.4690182347682887
2025-04-16,IM2506,2025-06-20,43.0,0.1762295081967213,5835.348,5603.0,0.24456147574583814,0.21224164264732895,0.2270627417597266,0.03231983309850919,0.017498733986111542,5635.004110076722,5620.305162831143,-32.0041100767221,-17.305162831143207,1.4113673327517848
2025-04-16,IM2509,2025-09-19,108.0,0.4426229508196721,5835.348,5434.4,0.17482488500916663,0.17674341247815,0.18437841157914828,-0.0019185274689833831,-0.009553526569981652,5429.7871517531985,5411.4685593886325,4.61284824680115,22.93144061136718,-0.16501633907750754
2025-04-17,IM2505,2025-05-16,18.0,0.07377049180327869,5839.564,5749.8,0.22398999118172802,0.2766811853498967,0.22596675494243046,-0.0526911941681687,-0.001976763760702438,5727.4935906025175,5748.961585998349,22.30640939748264,0.8384140016514721,-1.0537515238604114
2025-04-17,IM2506,2025-06-20,42.0,0.1721311475409836,5839.564,5653.8,0.2018117442547755,0.21979171447491208,0.19400134776212846,-0.017979970220136587,0.0078103964926470315,5636.329030917151,5661.406151211641,17.47096908284948,-7.6061512116411905,-0.7690710776720853
2025-04-17,IM2509,2025-09-19,107.0,0.4385245901639344,5839.564,5488.0,0.15559353315188243,0.18112544451239324,0.16817611667927346,-0.025531911360510806,-0.012582583527391028,5426.8970202702,5457.801855561799,61.1029797297997,30.19814443820087,-2.183377464957473
2025-04-18,IM2505,2025-05-16,17.0,0.06967213114754098,5831.687,5738.2,0.24595431642091295,0.21980844444219474,0.2478426061737676,0.026145871978718205,-0.001888289752854655,5748.662453248977,5737.445125344001,-10.462453248976999,0.7548746559987194,0.4984717897890491
2025-04-18,IM2506,2025-06-20,41.0,0.1680327868852459,5831.687,5642.0,0.2107932085702424,0.19066825786738922,0.20130651546102918,0.020124950702853167,0.009486693109213212,5661.111574188993,5651.000946054131,-19.111574188992563,-9.000946054131418,0.8427187271635503
2025-04-18,IM2509,2025-09-19,106.0,0.4344262295081967,5831.687,5477.0,0.15844067552137428,0.16664326840788515,0.16942545695304373,-0.008202592886510873,-0.01098478143166945,5457.517872576322,5450.925597301912,19.48212742367832,26.074402698088306,-0.6976298705102656
2025-04-21,IM2505,2025-05-16,16.0,0.06557377049180328,5952.637,5867.4,0.23394631361592952,0.2386902108424431,0.23676921152170605,-0.004743897226513583,-0.002822897905776528,5865.575081065673,5866.313997489314,1.8249189343268881,1.0860025106858302,-0.0860579568256417
2025-04-21,IM2506,2025-06-20,40.0,0.16393442622950818,5952.637,5770.0,0.2040896282156204,0.19648215506068092,0.19213009649404605,0.007607473154939481,0.011959531721574351,5777.200410307418,5781.323637476767,-7.200410307417769,-11.323637476766635,0.3116700012229425
2025-04-21,IM2509,2025-09-19,105.0,0.430327868852459,5952.637,5601.2,0.15541183632030947,0.1672839762433112,0.16257411214560905,-0.011872139923001734,-0.007162275825299574,5572.6569324460625,5583.96296785776,28.543067553937362,17.237032142239514,-1.0042733325289044
2025-04-21,IM2512,2025-12-19,164.0,0.6721311475409836,5952.637,5470.6,0.13963919308055195,0.1543135587717591,0.15000493716595556,-0.014674365691207142,-0.010365744085403611,5416.908153946347,5432.618033300342,53.691846053653535,37.98196669965819,-1.553814134225126
2025-04-22,IM2505,2025-05-16,15.0,0.06147540983606557,5949.312,5870.0,0.23231410015042933,0.22824137079034437,0.23675819547609556,0.004072729360084959,-0.004444095325666225,5871.469871787733,5868.396519894045,-1.4698717877326999,1.6034801059549864,0.07016284359092614
2025-04-22,IM2506,2025-06-20,39.0,0.1598360655737705,5949.312,5769.6,0.2059017994016298,0.18770556505819772,0.19087382760050425,0.018196234343432094,0.015027971801125556,5786.40481416899,5783.475305431852,-16.80481416898965,-13.875305431851302,0.729894638856889
2025-04-22,IM2509,2025-09-19,104.0,0.4262295081967213,5949.312,5599.6,0.15613097600284218,0.16063072069996942,0.16153459938495066,-0.004499744697127245,-0.00540362338210848,5588.870685235593,5586.717932926596,10.729314764407718,12.88206707340396,-0.38188112644401423
2025-04-22,IM2512,2025-12-19,163.0,0.6680327868852459,5949.312,5465.6,0.14094238832659672,0.14868787038481338,0.149144087154758,-0.007745482058216652,-0.008201698828161269,5437.392734365271,5435.735844856096,28.207265634729083,29.8641551439041,-0.8282019415154235
2025-04-23,IM2505,2025-05-16,14.0,0.05737704918032787,5984.583,5915.8,0.21547297414659466,0.22825202548341467,0.2187408592988403,-0.012779051336820002,-0.003267885152245631,5911.4639817713905,5914.690881976697,4.336018228609646,1.109118023303381,-0.20864032054571408
2025-04-23,IM2506,2025-06-20,38.0,0.1557377049180328,5984.583,5820.0,0.19306004630313842,0.18653249213279044,0.18044667773825943,0.006527554170347977,0.01261336856487899,5825.919540648553,5831.443910954779,-5.919540648553266,-11.443910954779312,0.2558694306692584
2025-04-23,IM2509,2025-09-19,103.0,0.42213114754098363,5984.583,5652.2,0.14936507038057173,0.15964809476370134,0.15546825910688167,-0.010283024383129613,-0.006103188726309938,5627.718189262402,5637.65671910228,24.481810737597698,14.543280897720251,-0.8690534772884293
2025-04-23,IM2512,2025-12-19,162.0,0.6639344262295082,5984.583,5525.0,0.13434835344669482,0.14786815821513533,0.1443970543382212,-0.013519804768440502,-0.010048700891526374,5475.628061661837,5488.261665952697,49.37193833816309,36.7383340473034,-1.4454120641436876
2025-04-24,IM2505,2025-05-16,13.0,0.05327868852459016,5920.478,5866.0,0.18750686701065278,0.211964820138537,0.1927004023018487,-0.024457953127884235,-0.005193535291195928,5858.361065928754,5864.377074487609,7.638934071245785,1.6229255123907933,-0.3776363611646669
2025-04-24,IM2506,2025-06-20,37.0,0.15163934426229508,5920.478,5767.4,0.18675078988551932,0.17703092934246153,0.1695862389834696,0.00971986054305779,0.017164550902049713,5775.906915133249,5782.431064339762,-8.506915133249095,-15.031064339762452,0.37199905166809744
2025-04-24,IM2509,2025-09-19,102.0,0.4180327868852459,5920.478,5604.0,0.14541686998804088,0.15398432666300033,0.15129661715106651,-0.00856745667495945,-0.005879747163025639,5583.965296800537,5590.242690729996,20.034703199463365,13.757309270004043,-0.7200780000580249
2025-04-24,IM2512,2025-12-19,161.0,0.6598360655737705,5920.478,5474.2,0.13277350551720113,0.14338815797769597,0.14169212840944298,-0.010614652460494839,-0.008918622892241851,5435.993039200258,5442.079872298333,38.206960799741864,32.120127701667116,-1.1326133002737477
2025-04-25,IM2505,2025-05-16,12.0,0.04918032786885246,5939.502,5885.0,0.20144386553144328,0.1890147293332244,0.20606247881229142,0.012429136198218865,-0.004618613280848144,5888.5984177144355,5883.66340397881,-3.598417714435527,1.3365960211904166,0.18108901386838047
2025-04-25,IM2506,2025-06-20,36.0,0.14754098360655737,5939.502,5786.6,0.19076709940626502,0.16771562123508432,0.17343410258978764,0.023051478171180695,0.017332996816477375,5806.313950060761,5801.417168828585,-19.713950060760908,-14.817168828584727,0.8607120627853615
2025-04-25,IM2509,2025-09-19,101.0,0.4139344262295082,5939.502,5624.8,0.14551817322650626,0.15044877694538064,0.15192699314572117,-0.004930603718874382,-0.006408819919214909,5613.331790426959,5609.8981299006355,11.46820957304135,14.901870099364714,-0.4119802643413072
2025-04-25,IM2512,2025-12-19,160.0,0.6557377049180327,5939.502,5500.0,0.1312377288374258,0.14109690122496862,0.14179462204512688,-0.00985917238754283,-0.01055689320770109,5464.557022519145,5462.057440135063,35.442977480855006,37.94255986493681,-1.0495432696016223
2025-04-28,IM2505,2025-05-16,11.0,0.045081967213114756,5877.057,5828.2,0.19917207858072114,0.20076475893251935,0.20453687136408213,-0.0015926803517982147,-0.005364792783360994,5827.78154348248,5826.790588729398,0.4184565175200987,1.4094112706015949,-0.021846792763038452
2025-04-28,IM2506,2025-06-20,35.0,0.14344262295081966,5877.057,5729.0,0.19187691313842603,0.17083686559264488,0.17226132593279334,0.02104004754578115,0.019615587205632695,5746.31646665547,5745.142451369041,-17.31646665547032,-16.142451369040828,0.765847933306982
2025-04-28,IM2509,2025-09-19,100.0,0.4098360655737705,5877.057,5571.4,0.144319808430189,0.1508028891022805,0.15134786020304528,-0.0064830806720915235,-0.007028051772856286,5556.61643732765,5555.375512233537,14.783562672349944,16.0244877664627,-0.5384454504679735
2025-04-28,IM2512,2025-12-19,159.0,0.6516393442622951,5877.057,5445.8,0.13095343091924483,0.14102391276560072,0.1413856385641966,-0.010070481846355894,-0.010432207644951758,5410.179908921065,5408.904799937285,35.62009107893482,36.89520006271505,-1.0694236667550938
2025-04-29,IM2505,2025-05-16,10.0,0.040983606557377046,5903.381,5868.0,0.16067760727802202,0.19948860544734115,0.16507987910658753,-0.03881099816931913,-0.004402271828565507,5858.67369231051,5866.9413852104535,9.326307689490022,1.058614789546482,-0.5000347250043969
2025-04-29,IM2506,2025-06-20,34.0,0.13934426229508196,5903.381,5773.6,0.17352888541039888,0.16982726109165508,0.15757065891475713,0.003701624318743796,0.015958226495641742,5776.578791679527,5786.4529661796005,-2.9787916795266938,-12.852966179600116,0.13124137822443332
2025-04-29,IM2509,2025-09-19,99.0,0.4057377049180328,5903.381,5610.0,0.1396341658064242,0.1503006716138691,0.14592197838050616,-0.010666505807444882,-0.006287812574081952,5585.77348349942,5595.70599437943,24.226516500580146,14.294005620569806,-0.8804794159064254
2025-04-29,IM2512,2025-12-19,158.0,0.6475409836065574,5903.381,5478.2,0.12943463606331945,0.14066643671630233,0.13785614859832376,-0.011231800652982876,-0.00842151253500431,5438.501310978945,5448.407179623299,39.69868902105463,29.792820376700547,-1.1897889293717878
2025-04-30,IM2505,2025-05-16,9.0,0.036885245901639344,5950.117,5905.4,0.21851799862406443,0.16437862408768353,0.22413325388302519,0.0541393745363809,-0.005615255258960755,5917.204536517707,5904.176999790872,-11.804536517707675,1.223000209127349,0.6535706651744153
2025-04-30,IM2506,2025-06-20,33.0,0.13524590163934427,5950.117,5801.4,0.20115255092780035,0.15715185541894,0.18056344648592193,0.04400069550886035,0.02058910444187842,5836.026558597714,5817.57704477677,-34.62655859771439,-16.177044776770344,1.5182744722962593
2025-04-30,IM2509,2025-09-19,98.0,0.4016393442622951,5950.117,5627.6,0.15275089805056177,0.14566208862646313,0.15616538750554446,0.0070888094240986466,-0.003414489454982683,5643.645422882227,5619.887636583413,-16.045422882226376,7.712363416587323,0.5815170927927271
2025-04-30,IM2512,2025-12-19,157.0,0.6434426229508197,5950.117,5500.6,0.13608346669975238,0.13764254970865245,0.1452744154770671,-0.001559083008900064,-0.009190948777314717,5495.08467245513,5468.166285212986,5.515327544870161,32.43371478701465,-0.16473915444138423
2025-05-06,IM2505,2025-05-16,8.0,0.03278688524590164,6102.922,6059.6,0.23127838815793497,0.21765120318142192,0.23603286129967344,0.013627184976513051,-0.004754473141738463,6062.307991470821,6058.65547672013,-2.707991470821071,0.9445232798707366,0.1537581568900008
2025-05-06,IM2506,2025-06-20,32.0,0.13114754098360656,6102.922,5953.2,0.2033957186068678,0.17758137732936163,0.18488327187428216,0.025814341277506175,0.018512446732585647,5973.388638382051,5967.671107080236,-20.188638382051067,-14.471107080235925,0.8661164281245348
2025-05-06,IM2509,2025-09-19,97.0,0.3975409836065574,6102.922,5774.0,0.153363220208431,0.1549300857324485,0.1584056453017357,-0.0015668655240175244,-0.005042425093304714,5770.404534219493,5762.437202268834,3.5954657805068564,11.562797731166029,-0.1277226809021525
2025-05-06,IM2512,2025-12-19,156.0,0.639344262295082,6102.922,5640.0,0.1373820525546609,0.14443649724617746,0.1470343062424427,-0.007054444691516559,-0.009652253687781803,5614.619644823008,5605.302095065771,25.380355176992452,34.69790493422897,-0.7435051185979449
2025-05-07,IM2505,2025-05-16,7.0,0.028688524590163935,6111.495,6065.2,0.2790504433068794,0.22863006260378088,0.28336326287955343,0.05042038070309851,-0.004312819572674043,6073.9795771370555,6064.449608747482,-8.77957713705564,0.7503912525180567,0.530374602303677
2025-05-07,IM2506,2025-06-20,31.0,0.12704918032786885,6111.495,5955.2,0.21791030128994146,0.18156168541310025,0.1996623819682447,0.03634861587684121,0.018247919321696754,5982.765081585218,5969.022452267355,-27.56508158521774,-13.822452267355402,1.1847348981122994
2025-05-07,IM2509,2025-09-19,96.0,0.39344262295081966,6111.495,5774.0,0.15838278811354872,0.15705724106351499,0.1637093334739266,0.0013255470500337374,-0.005326545360377882,5777.012080585169,5761.912156677991,-3.012080585169315,12.087843322008666,0.1073575141066512
2025-05-07,IM2512,2025-12-19,155.0,0.6352459016393442,6111.495,5640.0,0.14038784191748377,0.14612580207516224,0.1505686575230705,-0.005737960157678468,-0.01018081560558673,5619.479533030685,5603.642003517802,20.52046696931484,36.35799648219836,-0.6031956718655922
2025-05-08,IM2505,2025-05-16,6.0,0.02459016393442623,6158.077,6127.6,0.21576349131789094,0.27139354141192507,0.22060185862991735,-0.05563005009403413,-0.004838367312026415,6119.223467662818,6126.871004526257,8.376532337182653,0.7289954737434527,-0.5441243023303356
2025-05-08,IM2506,2025-06-20,30.0,0.12295081967213115,6158.077,6018.8,0.20006341659463256,0.1944784083110087,0.18123801751401108,0.005585008283623849,0.018825399080621474,6022.934417038465,6032.747238833337,-4.134417038464562,-13.947238833336996,0.17666445020557356
2025-05-08,IM2509,2025-09-19,95.0,0.38934426229508196,6158.077,5830.0,0.15461476801730634,0.16169383601906978,0.15907115802088612,-0.007079068001763444,-0.00445639000357978,5813.953509795545,5819.8933130482155,16.04649020445504,10.106686951784468,-0.5695961021891154
2025-05-08,IM2512,2025-12-19,154.0,0.6311475409836066,6158.077,5692.2,0.13864238823864392,0.1492400021064325,0.1482672606207718,-0.010597613867788597,-0.009624872382127891,5654.253867135236,5657.726324797312,37.94613286476397,34.473675202687446,-1.1111526232772322
2025-05-09,IM2506,2025-06-20,29.0,0.11885245901639344,6082.082,5945.2,0.20552233338013282,0.1789972634105429,0.20119199636627233,0.02652506996958992,0.004330337013860486,5963.972232763574,5948.26061076946,-18.77223276357381,-3.0606107694602542,0.8134431102779724
2025-05-09,IM2509,2025-09-19,94.0,0.38524590163934425,6082.082,5759.6,0.1554136879525127,0.15814404388797437,0.16114364425902244,-0.00273035593546167,-0.0057299563065097425,5753.5449012742665,5746.900038371565,6.055098725733842,12.69996162843563,-0.21823033267248537
2025-05-09,IM2512,2025-12-19,153.0,0.6270491803278688,6082.082,5620.8,0.13978450226300065,0.14762704737963572,0.14788670317425984,-0.007842545116635069,-0.008102200911259183,5593.226662052575,5592.316064061386,27.57333794742499,28.483935938614195,-0.8201103015752503
2025-05-12,IM2506,2025-06-20,28.0,0.11475409836065574,6167.461,6037.0,0.20031183045067893,0.19523679338340336,0.19871131735591785,0.0050750370672755785,0.0016005130947610857,6040.516859902342,6038.108890073068,-3.516859902341821,-1.1088900730683235,0.14979075731713695
2025-05-12,IM2509,2025-09-19,93.0,0.38114754098360654,6167.461,5843.4,0.1556103238636143,0.1589200524780807,0.15746615015991014,-0.0033097286144663784,-0.001855826296295826,5836.033228118138,5839.268169720584,7.366771881861496,4.131830279415226,-0.26257715217081884
2025-05-12,IM2512,2025-12-19,152.0,0.6229508196721312,6167.461,5702.2,0.1399091057707788,0.1464389993800997,0.144531249776051,-0.00652989360932088,-0.004622144005272194,5679.0516894477,5685.804880649777,23.148310552300245,16.395119350222558,-0.6778362588923685
2025-05-13,IM2506,2025-06-20,27.0,0.11065573770491803,6151.01,5996.6,0.2437545031009929,0.1924992137275292,0.24171336623249484,0.051255289373463686,0.00204113686849805,6030.707499571836,5997.954566067485,-34.10749957183543,-1.354566067484484,1.463868471721226
2025-05-13,IM2509,2025-09-19,92.0,0.3770491803278688,6151.01,5802.2,0.16883163217285627,0.1551947157559699,0.1689889500536343,0.013636916416886358,-0.000157317880778024,5832.110514111463,5801.85584355833,-29.91051411146327,0.3441564416698384,1.071278256326018
2025-05-13,IM2512,2025-12-19,151.0,0.6188524590163934,6151.01,5660.0,0.14843010938981274,0.1430616678850155,0.15115979343850203,0.005368441504797233,-0.002729684048689285,5678.835337204695,5650.44679351038,-18.83533720469495,9.553206489619697,0.5526511608606567
2025-05-14,IM2506,2025-06-20,26.0,0.10655737704918032,6160.37,6043.0,0.1945249324818455,0.22951967528373232,0.19522505705203752,-0.03499474280188683,-0.0007001245701920289,6020.507929159081,6042.549188241593,22.49207084091904,0.4508117584073261,-0.9659989917763658
2025-05-14,IM2509,2025-09-19,91.0,0.3729508196721312,6160.37,5847.0,0.153986638262469,0.16470586894542893,0.15382099741373087,-0.010719230682959935,0.00016564084873813,5823.671840996048,5847.361214787699,23.32815900395235,-0.36121478769928217,-0.8352588931652664
2025-05-14,IM2512,2025-12-19,150.0,0.6147540983606558,6160.37,5702.0,0.13977362296953105,0.14844252985542322,0.14143636984396601,-0.00866890688589217,-0.0016627468744349616,5671.693466315262,5696.174504903044,30.306533684737587,5.8254950969558195,-0.8881210445322781
2025-05-15,IM2506,2025-06-20,25.0,0.10245901639344263,6057.036,5949.0,0.18965494912300168,0.1891103673696165,0.19016441394984362,0.000544581753385176,-0.0005094648268419433,5949.331947462737,5948.689474676913,-0.33194746273693454,0.31052532308694936,0.014511283585018157
2025-05-15,IM2509,2025-09-19,90.0,0.36885245901639346,6057.036,5750.8,0.1546567712456141,0.15166242739485494,0.1528234856357685,0.002994343850759168,0.0018332856098456085,5757.155101225481,5754.690074533956,-6.355101225481121,-3.890074533956067,0.23156895159370341
2025-05-15,IM2512,2025-12-19,149.0,0.610655737704918,6057.036,5604.6,0.141130357743964,0.14004941729853917,0.14109829662757237,0.0010809404454248384,3.2061116391646216e-05,5608.300719551791,5604.709729640576,-3.700719551790826,-0.1097296405760062,0.11034660000423607
2025-05-16,IM2506,2025-06-20,24.0,0.09836065573770492,6068.117,5933.8,0.24156584313800278,0.184945540326803,0.2411228972731384,0.056620302811199785,0.0004429458648643747,5966.938771704344,5934.058532075119,-33.138771704343526,-0.2585320751186373,1.4545026894616802
2025-05-16,IM2509,2025-09-19,89.0,0.36475409836065575,6068.117,5730.0,0.17118209146388358,0.15099658793613874,0.16849558329736564,0.02018550352774484,0.0026865081665179424,5772.344223219651,5735.617664137588,-42.34422321965121,-5.617664137587781,1.5494643577000067
2025-05-16,IM2512,2025-12-19,148.0,0.6065573770491803,6068.117,5580.2,0.15219587050442535,0.13992046497706395,0.15130575382545167,0.012275405527361394,0.0008901166789736792,5621.903770957432,5583.213601596625,-41.703770957432425,-3.013601596625449,1.249130131139194
2025-05-19,IM2506,2025-06-20,23.0,0.0942622950819672,6095.337,5975.4,0.2248267300966136,0.2296709802608333,0.23133797127258005,-0.004844250164219688,-0.006511241175966437,5972.672075144575,5971.733636642139,2.7279248554250444,3.6663633578609733,-0.11980390122835548
2025-05-19,IM2507,2025-07-18,43.0,0.1762295081967213,6095.337,5892.0,0.20652481819779853,0.19233624022724688,0.1976677317640306,0.014188577970551647,0.008857086433767924,5906.751062959316,5901.203886091298,-14.751062959316187,-9.203886091298045,0.6191937529357465
2025-05-19,IM2509,2025-09-19,88.0,0.36065573770491804,6095.337,5749.0,0.1761993493245164,0.16467715823760665,0.17149552829375528,0.011522191086909744,0.004703821030761113,5772.939931605459,5758.761226216351,-23.939931605458696,-9.761226216351133,0.8778351791843823
2025-05-19,IM2512,2025-12-19,147.0,0.6024590163934426,6095.337,5589.0,0.15794949694444946,0.14890295631027683,0.15552771424299433,0.009046540634172623,0.0024217827014551274,5619.544159798219,5597.16044143835,-30.54415979821897,-8.160441438350063,0.9177182621014233
2025-05-20,IM2506,2025-06-20,22.0,0.09016393442622951,6146.017,6019.4,0.24487549677307638,0.2226340468985163,0.25241046720053006,0.022241449874560087,-0.0075349704274536855,6031.48327578477,6015.31191334548,-12.083275784770194,4.088086654519429,0.5294644881640252
2025-05-20,IM2507,2025-07-18,42.0,0.1721311475409836,6146.017,5926.0,0.22578491574918638,0.192306860913127,0.21330207284918037,0.033478054836059395,0.012482842900006008,5960.247846213288,5938.746803203397,-34.24784621328763,-12.746803203396667,1.4345960322324836
2025-05-20,IM2509,2025-09-19,87.0,0.35655737704918034,6146.017,5776.4,0.1879511855684409,0.16860669175113197,0.18356880163114986,0.019344493817308933,0.00438238393729104,5816.3799892274355,5785.433092571585,-39.97998922743591,-9.033092571585257,1.4687259535932446
2025-05-20,IM2512,2025-12-19,146.0,0.5983606557377049,6146.017,5607.6,0.16722098526995527,0.15369691565902865,0.16551049829301742,0.013524069610926615,0.0017104869769378472,5653.162322457844,5613.342249981902,-45.56232245784395,-5.7422499819012955,1.3745042716124334
2025-05-21,IM2506,2025-06-20,21.0,0.0860655737704918,6132.181,6000.6,0.2660289202946824,0.2425809507428563,0.2707753934947429,0.023447969551826098,-0.004746473200060497,6012.72181573687,5998.149207877242,-12.121815736869394,2.450792122758685,0.5357281181995275
2025-05-21,IM2507,2025-07-18,41.0,0.1680327868852459,6132.181,5909.4,0.23423186739148474,0.2073135791915584,0.22456571592544097,0.026918288199926338,0.00966615146604377,5936.1896733130925,5919.006026032088,-26.789673313092862,-9.606026032088266,1.1292477832379337
2025-05-21,IM2509,2025-09-19,86.0,0.3524590163934426,6132.181,5758.0,0.19263150818091798,0.18036808638486465,0.19092775618044414,0.012263421796053331,0.001703752000473846,5782.941977125917,5761.458733244544,-24.94197712591722,-3.458733244544419,0.924125561917825
2025-05-21,IM2512,2025-12-19,145.0,0.5942622950819673,6132.181,5591.0,0.1694739659245176,0.1634876030204749,0.1711445275838328,0.005986362904042697,-0.0016705616593152006,5610.925234115155,5585.452278864825,-19.925234115155035,5.5477211351753795,0.6068710288379556
2025-05-22,IM2506,2025-06-20,20.0,0.08196721311475409,6066.103,5950.0,0.24976706732164772,0.2593870600840457,0.25420919215812054,-0.009619992762398,-0.004442124836472827,5945.310131498269,5947.833948233698,4.6898685017313255,2.166051766302189,-0.21061714718408123
2025-05-22,IM2507,2025-07-18,40.0,0.16393442622950818,6066.103,5859.4,0.22548199642515737,0.21771630728085983,0.21649176973504056,0.007765689144297538,0.008990226690116815,5866.864140150627,5868.041995323683,-7.464140150626918,-8.641995323683659,0.3187224808410394
2025-05-22,IM2509,2025-09-19,85.0,0.3483606557377049,6066.103,5708.2,0.18856808185815796,0.18730876435070015,0.18805811519438112,0.0012593175074578078,0.0005099666637768396,5710.704717712484,5709.214165062724,-2.5047177124843074,-1.014165062723805,0.09415593460070425
2025-05-22,IM2512,2025-12-19,144.0,0.5901639344262295,6066.103,5541.6,0.16723389995323124,0.16887093359685468,0.17010285531488806,-0.0016370336436234423,-0.002868955361656822,5536.24874468357,5532.225156648973,5.35125531643007,9.374843351027266,-0.1654712922214474
2025-05-23,IM2506,2025-06-20,19.0,0.0778688524590164,5989.675,5872.0,0.2688112836060941,0.2454182051608726,0.2729689606898528,0.023393078445221482,-0.0041576770837587484,5882.706137393427,5870.099226900727,-10.706137393426616,1.9007730992725556,0.48996870277293003
2025-05-23,IM2507,2025-07-18,39.0,0.1598360655737705,5989.675,5780.0,0.2369376126597512,0.21124186780245618,0.2261308905230185,0.025695744857295005,0.0108067221367327,5803.787893342962,5789.992444329761,-23.78789334296198,-9.992444329761383,1.0310977200194553
2025-05-23,IM2509,2025-09-19,84.0,0.3442622950819672,5989.675,5633.8,0.1919253330054757,0.18528216483829243,0.1931536005315994,0.006643168167183272,-0.0012282675261237053,5646.699201897146,5631.418272680081,-12.899201897145758,2.381727319919264,0.49271728013308663
2025-05-23,IM2512,2025-12-19,143.0,0.5860655737704918,5989.675,5468.2,0.16942229914076118,0.16834666587579059,0.17353517940291646,0.0010756332649705935,-0.004112880262155283,5471.648194234777,5455.035227531923,-3.4481942347774748,13.16477246807699,0.10839480248284676
2025-05-26,IM2506,2025-06-20,18.0,0.07377049180327869,6028.786,5925.0,0.24939190704368736,0.26217157204203406,0.25364448702094905,-0.012779664998346707,-0.0042525799772616946,5919.416766375107,5923.141530650615,5.583233624893182,1.8584693493849045,-0.2556299933715734
2025-05-26,IM2507,2025-07-18,38.0,0.1557377049180328,6028.786,5833.4,0.22554570770243262,0.21978375721176657,0.2183274520385165,0.005761950490666051,0.007218255663916123,5838.636968023845,5839.961330556086,-5.236968023845293,-6.561330556086432,0.22590096628903977
2025-05-26,IM2509,2025-09-19,83.0,0.3401639344262295,6028.786,5669.8,0.19447715765322884,0.18985036732896093,0.19167037730688904,0.00462679032426791,0.002806780346339799,5678.730538150298,5675.2159141763605,-8.930538150298162,-5.415914176360275,0.34036323136490276
2025-05-26,IM2512,2025-12-19,142.0,0.5819672131147541,6028.786,5495.0,0.17329948255771316,0.1714662584384962,0.17399717748546428,0.001833224119216964,-0.0006976949277511246,5500.865613828473,5492.769287432946,-5.865613828473215,2.23071256705407,0.18416793178765636
2025-05-27,IM2506,2025-06-20,17.0,0.06967213114754098,6008.46,5915.0,0.2390107528349685,0.24606119057613926,0.24211490580954945,-0.007050437741170756,-0.0031041529745809426,5912.095152995713,5913.72088380624,2.9048470042871486,1.2791161937602737,-0.13444219603038823
2025-05-27,IM2507,2025-07-18,37.0,0.15163934426229508,6008.46,5823.4,0.22030656677153315,0.21388872029407874,0.21282020029470405,0.006417846477454414,0.007486366476829098,5829.070080023996,5830.014638858551,-5.670080023995979,-6.614638858551189,0.24566252572240196
2025-05-27,IM2509,2025-09-19,82.0,0.3360655737704918,6008.46,5666.8,0.18820377497040905,0.1893424486571839,0.18960583794357366,-0.0011386736867748382,-0.001402062973164614,5664.6319060217875,5664.1305172489,2.1680939782127098,2.6694827511000767,-0.0830681955980111
2025-05-27,IM2512,2025-12-19,141.0,0.5778688524590164,6008.46,5487.0,0.17110626666986764,0.1725180047968313,0.17310910139067426,-0.0014117381269636575,-0.0020028347208066177,5482.525533572557,5480.653152527964,4.474466427443076,6.3468474720357335,-0.14138024661284168
2025-05-28,IM2506,2025-06-20,16.0,0.06557377049180328,5984.456,5899.0,0.2333345883362755,0.23621325160534426,0.23556277052994343,-0.002878663269068771,-0.002228182193667938,5897.886581508501,5898.1381582579115,1.1134184914990328,0.8618417420884725,-0.05222990337030153
2025-05-28,IM2507,2025-07-18,36.0,0.14754098360655737,5984.456,5809.2,0.21545299630890086,0.20938350105075604,0.20857734773723893,0.006069495258144819,0.006875648571661924,5814.404464485135,5815.096074677334,-5.204464485134849,-5.896074677334582,0.22666277646371114
2025-05-28,IM2509,2025-09-19,81.0,0.3319672131147541,5984.456,5655.0,0.1845750723935417,0.18779181899131117,0.18698634865887517,-0.0032167465977694654,-0.0024112762653334674,5648.96450643673,5650.47518355666,6.035493563270393,4.52481644333966,-0.2326787247854299
2025-05-28,IM2512,2025-12-19,140.0,0.5737704918032787,5984.456,5481.2,0.1670949868325114,0.17194172802148744,0.17121483730657655,-0.004846741188976045,-0.0041198504740651565,5465.9784121214925,5468.258574686081,15.221587878507307,12.941425313918444,-0.4838423666405551
2025-05-29,IM2506,2025-06-20,15.0,0.06147540983606557,6089.578,6031.0,0.17123280175489153,0.2303712981485453,0.17386262397272795,-0.05913849639365376,-0.0026298222178364195,6009.113726293527,6030.025050668677,21.88627370647282,0.9749493313229323,-1.0189542287207076
2025-05-29,IM2507,2025-07-18,35.0,0.14344262295081966,6089.578,5941.8,0.18526476857337135,0.2055814189225625,0.17835919927229466,-0.02031665034919114,0.006905569301076692,5924.50917636358,5947.6885836535685,17.2908236364201,-5.888583653568276,-0.7396390612037521
2025-05-29,IM2509,2025-09-19,80.0,0.32786885245901637,6089.578,5785.2,0.17039135219584212,0.18540574231397466,0.17228143368112184,-0.015014390118132548,-0.001890081485279721,5756.790884603508,5781.616028832772,28.40911539649187,3.583971167227901,-1.0766683765342862
2025-05-29,IM2512,2025-12-19,139.0,0.569672131147541,6089.578,5618.0,0.15549025782951093,0.17019167170266042,0.16194429645528635,-0.014701413873149494,-0.006454038625775427,5571.145805403418,5597.382304020075,46.85419459658169,20.617695979924974,-1.462904339233504
2025-05-30,IM2506,2025-06-20,14.0,0.05737704918032787,6026.56,5966.0,0.19002301052371584,0.17573475911014066,0.19243436839264408,0.014288251413575176,-0.0024113578689282378,5970.8930378478835,5965.174621629735,-4.893037847883534,0.8253783702648434,0.23330936311322828
2025-05-30,IM2507,2025-07-18,34.0,0.13934426229508196,6026.56,5877.2,0.19410005285647847,0.17926233066121655,0.1868663224911208,0.014837722195261915,0.007233730365357655,5889.363983900258,5883.127079812771,-12.163983900258245,-5.927079812770899,0.5261642145665565
2025-05-30,IM2509,2025-09-19,79.0,0.3237704918032787,6026.56,5719.8,0.17535666653197435,0.1725931893979848,0.17600987510573315,0.002763477133989556,-0.0006532085737588067,5724.919980264295,5718.590449344243,-5.119980264295009,1.2095506557570843,0.19642323627016664
2025-05-30,IM2512,2025-12-19,138.0,0.5655737704918032,6026.56,5551.2,0.15927237772996078,0.16204785851620185,0.16408315515298144,-0.002775480786241069,-0.004810777423020662,5542.492899849607,5536.116549315604,8.707100150392762,15.083450684395757,-0.27528380067326425
2025-06-03,IM2506,2025-06-20,13.0,0.05327868852459016,6070.037,5998.0,0.23807871906224326,0.1920999345561924,0.2392915868114716,0.04597878450605086,-0.0012128677492283524,6012.711248289168,5997.612421744599,-14.711248289167997,0.3875782554014222,0.7099986260705281
2025-06-03,IM2507,2025-07-18,33.0,0.13524590163934427,6070.037,5909.8,0.2118079215902728,0.18656584716459368,0.2078218326574609,0.025242074425679134,0.00398608893281191,5930.00986754693,5912.986845073101,-20.209867546929672,-3.1868450731008124,0.8711540377147823
2025-06-03,IM2509,2025-09-19,78.0,0.319672131147541,6070.037,5745.0,0.1861601101304763,0.1757435657062359,0.18543824107541157,0.010416544424240393,0.0007218690550647167,5764.162040530019,5746.325877328329,-19.162040530019112,-1.3258773283287155,0.7337527360067875
2025-06-03,IM2512,2025-12-19,137.0,0.5614754098360656,6070.037,5569.2,0.1673696436979724,0.1638444773930286,0.16975481258993178,0.0035251663049437887,-0.0023851688919593883,5580.234001400523,5561.7466430997165,-11.034001400523266,7.453356900283325,0.3484896819690872
2025-06-04,IM2506,2025-06-20,12.0,0.04918032786885246,6123.172,6054.0,0.24500806357387758,0.23369114641468397,0.24688107502979723,0.011316917159193612,-0.0018730114559196431,6057.370410788976,6053.442359551837,-3.370410788976187,0.5576404481626014,0.1648995209241373
2025-06-04,IM2507,2025-07-18,32.0,0.13114754098360656,6123.172,5962.8,0.2163682128787933,0.2047382376913527,0.21128992679717662,0.011629975187440605,0.005078286081616673,5971.901656211338,5966.772575746343,-9.101656211338195,-3.9725757463429545,0.3902800535497155
2025-06-04,IM2509,2025-09-19,77.0,0.3155737704918033,6123.172,5796.6,0.18767959336937565,0.18386605106895038,0.18745143433986824,0.003813542300425271,0.00022815902950740208,5803.580140304349,5797.017376052388,-6.980140304348424,-0.4173760523872261,0.2661754700056302
2025-06-04,IM2512,2025-12-19,136.0,0.5573770491803278,6123.172,5616.0,0.1691204813870196,0.16874935627388035,0.17126823071817418,0.0003711251131392479,-0.0021477493311545803,5617.161826942036,5609.281074103669,-1.1618269420359866,6.718925896330802,0.036566229667380275
2025-06-05,IM2506,2025-06-20,11.0,0.045081967213114756,6167.015,6101.6,0.25054461192989913,0.2406860305971002,0.25230193581200344,0.009858581332798932,-0.0017573238821043113,6104.3124236932,6101.116628322113,-2.7124236931995256,0.4833716778875896,0.13524088569773535
2025-06-05,IM2507,2025-07-18,31.0,0.12704918032786885,6167.015,6008.8,0.2185654041263303,0.20794358366839313,0.21343160449133852,0.010621820457937164,0.005133799634991776,6016.9143109139695,6012.720488390429,-8.114310913969348,-3.9204883904285452,0.3462719637917926
2025-06-05,IM2509,2025-09-19,76.0,0.3114754098360656,6167.015,5841.0,0.18837303727369026,0.18577281421553143,0.18864925754070586,0.0026002230581588237,-0.00027622026701559776,5845.732574485401,5840.497486387672,-4.732574485400619,0.5025136123276752,0.1797983364844113
2025-06-05,IM2512,2025-12-19,135.0,0.5532786885245902,6167.015,5657.6,0.16982590848768989,0.17020335417690532,0.17218119578940858,-0.00037744568921543875,-0.0023552873017186893,5656.4186317243075,5650.232211824407,1.1813682756928756,7.3677881755929775,-0.037063360542797616
2025-06-06,IM2506,2025-06-20,10.0,0.040983606557377046,6152.845,6100.2,0.22366966238646152,0.24572516617371157,0.2262325240012508,-0.022055503787250047,-0.0025628616147892747,6094.688434636438,6099.559297238037,5.511565363562113,0.6407027619625296,-0.28417891014224195
2025-06-06,IM2507,2025-07-18,30.0,0.12295081967213115,6152.845,6006.2,0.21019476715665258,0.2099436702345524,0.20266521848879032,0.0002510969221001802,0.0075295486678622625,6006.385429706616,6011.762899389963,-0.18542970661656,-5.562899389963604,0.007944270476119784
2025-06-06,IM2509,2025-09-19,75.0,0.3073770491803279,6152.845,5840.8,0.18332559817445918,0.1869236525453163,0.18437872424501947,-0.003598054370857112,-0.0010531260705602952,5834.343883473589,5838.909599400365,6.456116526411279,1.8904005996355409,-0.24643272731695645
2025-06-06,IM2512,2025-12-19,134.0,0.5491803278688525,6152.845,5661.0,0.16570612856087444,0.1710924761147406,0.16988265094009655,-0.005386347553866161,-0.004176522379222114,5644.279074187595,5648.030448077355,16.720925812404857,12.969551922645223,-0.5271029095251527
2025-06-09,IM2506,2025-06-20,9.0,0.036885245901639344,6218.964,6167.8,0.23796822570284956,0.22267852752174794,0.2385995317499445,0.015289698181101624,-0.0006313060470949372,6171.2793999051455,6167.656379028998,-3.4793999051453284,0.14362097100183746,0.18458792130439497
2025-06-09,IM2507,2025-07-18,29.0,0.11885245901639344,6218.964,6076.6,0.2088466573548484,0.2007495883567908,0.20472908130800618,0.008097068998057594,0.0041175760468422085,6082.45067064416,6079.574518829116,-5.850670644159436,-2.974518829115368,0.24836330091312633
2025-06-09,IM2509,2025-09-19,74.0,0.30327868852459017,6218.964,5912.6,0.1805717648822799,0.1833808895413471,0.18315855030592257,-0.002809124659067186,-0.002586785423642657,5907.5649194859625,5907.963284460235,5.0350805140378725,4.636715539765646,-0.1905350864790949
2025-06-09,IM2512,2025-12-19,133.0,0.5450819672131147,6218.964,5735.2,0.16256611428643905,0.1692184716816253,0.1680868200287077,-0.0066523573951862425,-0.00552070574226865,5714.441364647424,5717.96736466534,20.758635352575766,17.23263533465979,-0.6487341958991965
2025-06-10,IM2506,2025-06-20,8.0,0.03278688524590164,6161.692,6113.8,0.2519885728877404,0.23336281001001233,0.2539503336730303,0.018625762877728075,-0.0019617607852899233,6117.534720214701,6113.406772872912,-3.734720214701156,0.3932271270878118,0.21016829018492736
2025-06-10,IM2507,2025-07-18,28.0,0.11475409836065574,6161.692,6020.0,0.21673050083054507,0.20202321615224209,0.20987911896037897,0.014707284678302984,0.006851381870166096,6030.168660097275,6024.734930491634,-10.168660097275279,-4.734930491634259,0.43688774495708715
2025-06-10,IM2509,2025-09-19,73.0,0.29918032786885246,6161.692,5855.6,0.18430847984416587,0.18182519749272422,0.18504658699111626,0.002483282351441657,-0.0007381071469503842,5859.952029968504,5854.3070673719585,-4.352029968503302,1.2929326280418536,0.16677026644374046
2025-06-10,IM2512,2025-12-19,132.0,0.5409836065573771,6161.692,5680.4,0.16433683346261674,0.16723525574355091,0.1691228865836136,-0.0028984222809341764,-0.004786053120996864,5671.500118153764,5665.711466873757,8.899881846235985,14.688533126242874,-0.2816577498720746
2025-06-11,IM2506,2025-06-20,7.0,0.028688524590163935,6186.512,6144.0,0.2543554254035334,0.24721693118622484,0.25565422462418086,0.007138494217308555,-0.001298799220647462,6145.2583762230115,6143.771074933491,-1.2583762230115099,0.22892506650896394,0.07509324363937045
2025-06-11,IM2507,2025-07-18,27.0,0.11065573770491803,6186.512,6051.2,0.2138526181661833,0.20650115480777567,0.2084383468063517,0.007351463358407639,0.005414271359831607,6056.124542605622,6054.826482343466,-4.924542605622264,-3.6264823434657956,0.21125003125260278
2025-06-11,IM2509,2025-09-19,72.0,0.29508196721311475,6186.512,5887.4,0.18194304574147588,0.18343495415653915,0.18326982226966726,-0.0014919084150632755,-0.0013267765281913813,5884.808729297521,5885.095487960174,2.5912707024790507,2.3045120398255676,-0.09918272273700121
2025-06-11,IM2512,2025-12-19,131.0,0.5368852459016393,6186.512,5714.4,0.16185679830985192,0.16811554868668954,0.1675251485057101,-0.006258750376837624,-0.0056683501958581795,5695.230522458237,5697.0360665200105,19.169477541762717,17.3639334799891,-0.6060302628783957
2025-06-12,IM2506,2025-06-20,6.0,0.02459016393442623,6192.22,6156.8,0.24728446846164207,0.24867597426121357,0.25022533385265217,-0.0013915057995715074,-0.0029408653910101,6156.589334188493,6156.354778720569,0.21066581150716956,0.44522127943128,-0.01361094705246257
2025-06-12,IM2507,2025-07-18,26.0,0.10655737704918032,6192.22,6059.8,0.21686600265858327,0.2050119860372889,0.2068415159968794,0.011854016621294372,0.010024486661703885,6067.459169116479,6066.276433765741,-7.659169116478552,-6.476433765740694,0.32912270140108674
2025-06-12,IM2509,2025-09-19,71.0,0.29098360655737704,6192.22,5896.6,0.18211171025609912,0.18166061234667683,0.18340650525349173,0.0004510979094222989,-0.001294794997392601,5897.374050879437,5894.378791163419,-0.7740508794367997,2.2212088365813543,0.02968083849173127
2025-06-12,IM2512,2025-12-19,130.0,0.5327868852459017,6192.22,5719.4,0.16308355064038027,0.16652515944189258,0.16807138304987151,-0.0034416088015123136,-0.004987832409491244,5708.922265467705,5704.221148249192,10.477734532294562,15.178851750807553,-0.3320410296645368
2025-06-13,IM2507,2025-07-18,25.0,0.10245901639344263,6106.008,5989.0,0.20284381187015102,0.2038863208156373,0.2014321716957336,-0.0010425089454862702,0.0014116401744174167,5988.3603224760445,5989.8662832407745,0.63967752395547,-0.8662832407744645,-0.027931857507138128
2025-06-13,IM2509,2025-09-19,70.0,0.28688524590163933,6106.008,5826.2,0.17750864448432263,0.18201629253528542,0.17928015629300284,-0.0045076480509627925,-0.0017715118086802095,5818.670557473379,5823.239757427168,7.5294425266210965,2.960242572831703,-0.29347711788372055
2025-06-13,IM2512,2025-12-19,129.0,0.5286885245901639,6106.008,5650.0,0.16081169673646406,0.16719812713918886,0.16469408408702288,-0.0063864304027247965,-0.003882387350558819,5630.955326181778,5638.414852683971,19.04467381822178,11.585147316029179,-0.6138864259852703
2025-06-16,IM2507,2025-07-18,24.0,0.09836065573770492,6147.46,6037.2,0.19800304408425387,0.19873228730725492,0.19689727831042295,-0.0007292432230010526,0.0011057657738309246,6036.766974167858,6037.856664804779,0.43302583214153856,-0.6566648047792114,-0.018740587849093923
2025-06-16,IM2509,2025-09-19,69.0,0.2827868852459016,6147.46,5875.8,0.17382624995154491,0.17802002236943448,0.17560541371074787,-0.0041937724178895686,-0.0017791637592029508,5868.835761602011,5872.844486513531,6.964238397988993,2.955513486469499,-0.2700849675774507
2025-06-16,IM2512,2025-12-19,128.0,0.5245901639344263,6147.46,5697.0,0.1590642293938454,0.1639008394547401,0.16163050965423248,-0.004836610060894697,-0.002566280260387077,5682.563676684317,5689.335600294829,14.436323315682785,7.664399705170581,-0.46109576166717353
2025-06-17,IM2507,2025-07-18,23.0,0.0942622950819672,6141.468,6038.6,0.19319789153268557,0.19436238959147115,0.1925506959312036,-0.0011644980587855736,0.0006471956014819646,6037.937189765769,6038.968402930994,0.662810234231074,-0.3684029309933976,-0.028808897781531808
2025-06-17,IM2509,2025-09-19,68.0,0.2786885245901639,6141.468,5877.6,0.17157837991577116,0.1744349092234601,0.1725735339909814,-0.002856529307688954,-0.0009951540752102528,5872.922810759937,5875.9701440689605,4.677189240062944,1.629855931039856,-0.18164315861469874
2025-06-17,IM2512,2025-12-19,127.0,0.5204918032786885,6141.468,5699.6,0.15745625448877426,0.16089374422752317,0.1592219760609174,-0.003437489738748911,-0.0017657215721431363,5689.41147714198,5694.364225389073,10.188522858020406,5.235774610927365,-0.3248524900647154
2025-06-18,IM2507,2025-07-18,22.0,0.09016393442622951,6135.386,6035.8,0.1954981582461371,0.1902855012051107,0.19576250848823318,0.005212657041026386,-0.0002643502420960897,6038.6374545196995,6035.656139279181,-2.8374545196993495,0.14386072081924794,0.12396700078613064
2025-06-18,IM2509,2025-09-19,67.0,0.27459016393442626,6135.386,5870.0,0.1750340275684687,0.171531572111664,0.1738597490145388,0.003502455456804693,0.0011742785539299028,5875.648128311593,5871.893059337168,-5.6481283115927,-1.8930593371678697,0.22009922351096284
2025-06-18,IM2512,2025-12-19,126.0,0.5163934426229508,6135.386,5690.0,0.15994055522474754,0.15856195222088304,0.1600687846916271,0.001378603003864498,-0.00012822946687957026,5694.052162025269,5689.623238564343,-4.052162025269354,0.37676143565659004,0.129555261868098
2025-06-19,IM2507,2025-07-18,21.0,0.0860655737704918,6048.224,5971.2,0.16291857959095132,0.19318156121338312,0.16388355343942562,-0.030262981622431795,-0.0009649738484742987,5955.667643816384,5970.704106294476,15.532356183615775,0.49589370552348555,-0.690816548277314
2025-06-19,IM2509,2025-09-19,66.0,0.27049180327868855,6048.224,5806.0,0.16510553861724706,0.1727066785259699,0.16329669281681403,-0.007601139908722854,0.0018088458004330288,5794.074860205811,5808.841442920781,11.925139794188908,-2.8414429207814464,-0.4721290414939323
2025-06-19,IM2512,2025-12-19,125.0,0.5122950819672131,6048.224,5631.4,0.15338567566282454,0.15934963575907943,0.15444691406363467,-0.005963960096254883,-0.0010612384008101272,5614.220599298469,5628.3392245507475,17.17940070153054,3.0607754492521053,-0.557938017891521
2025-06-20,IM2507,2025-07-18,20.0,0.08196721311475409,5999.591,5934.8,0.14646724794989516,0.16541463039465054,0.14477467748522585,-0.018947382444755384,0.0016925704646693074,5925.590028661988,5935.62342328103,9.20997133801211,-0.8234232810300455,-0.4144930078328444
2025-06-20,IM2509,2025-09-19,65.0,0.26639344262295084,5999.591,5787.8,0.14890965078577512,0.1637587647934584,0.15312874599845766,-0.014849114007683295,-0.004219095212682544,5764.950384321099,5781.2985184480885,22.8496156789015,6.501481551911638,-0.9115169717907771
2025-06-20,IM2512,2025-12-19,124.0,0.5081967213114754,5999.591,5619.4,0.14282098772429758,0.15461776002918873,0.14684418916987044,-0.011796772304891151,-0.00402320144557286,5585.812023705094,5607.922436985105,33.587976294905275,11.477563014894258,-1.0989509804110915
2025-06-23,IM2507,2025-07-18,19.0,0.0778688524590164,6078.222,6001.4,0.17734443433107208,0.14780126143572664,0.17634282597567166,0.029543172895345443,0.0010016083554004185,6015.222071211307,6001.868092005189,-13.822071211307048,-0.46809200518964644,0.6183331797919754
2025-06-23,IM2508,2025-08-15,39.0,0.1598360655737705,6078.222,5929.6,0.16888032567967826,0.15468615328331062,0.16811557675207045,0.014194172396367638,0.0007647489276078057,5943.06799659526,5930.3248457521395,-13.467996595260047,-0.7248457521391174,0.5685904785734912
2025-06-23,IM2509,2025-09-19,64.0,0.26229508196721313,6078.222,5851.2,0.1591245303642638,0.15415779542928187,0.16170345094667762,0.004966734934981926,-0.002578920582413824,5858.827619021555,5847.243363249665,-7.627619021554892,3.9566367503348374,0.30124602608392476
2025-06-23,IM2512,2025-12-19,123.0,0.5040983606557377,6078.222,5676.0,0.1498176598977045,0.14732853556616446,0.15061243196645271,0.0024891243315400546,-0.0007947720687482007,5683.126507703447,5673.726404127392,-7.126507703446805,2.2735958726079843,0.2309120481028929
2025-06-24,IM2507,2025-07-18,18.0,0.07377049180327869,6194.666,6134.2,0.14696548021605682,0.17508997182606795,0.1450369284531509,-0.028124491610011126,0.0019285517629059334,6121.4862156372255,6135.072776018102,12.713784362774277,-0.8727760181018311,-0.5626194755246315
2025-06-24,IM2508,2025-08-15,38.0,0.1557377049180328,6194.666,6065.6,0.14919611973017843,0.167305612964795,0.1491532898785649,-0.018109493234616553,4.282985161352393e-05,6048.517101846912,6065.6404590383045,17.082898153088536,-0.0404590383041068,-0.7100738279751448
2025-06-24,IM2509,2025-09-19,63.0,0.2581967213114754,6194.666,5995.0,0.1408908858898095,0.16111312158601315,0.14780141606740227,-0.020222235696203655,-0.006910530177592772,5963.7797930428305,5984.312801267607,31.220206957169466,10.687198732392972,-1.215334218228753
2025-06-24,IM2512,2025-12-19,122.0,0.5,6194.666,5819.0,0.1391203470120041,0.1502166797639766,0.14101642664383346,-0.011096332751972499,-0.0018960796318293616,5786.804615120949,5813.485970483948,32.195384879050835,5.514029516051778,-1.0301000954320516
2025-06-25,IM2507,2025-07-18,17.0,0.06967213114754098,6276.163,6239.0,0.09924058707139606,0.14676251781409913,0.0950702850925019,-0.04752193074270307,0.004170301978894161,6218.37711635303,6240.813028701357,20.622883646969967,-1.8130287013573252,-0.9062476486197142
2025-06-25,IM2508,2025-08-15,37.0,0.15163934426229508,6276.163,6179.0,0.11689124163152896,0.15005738124509288,0.11887246015797141,-0.03316613961356392,-0.001981218526442452,6148.002021092503,6177.143917665462,30.997978907496872,1.8560823345378594,-1.2697111859236274
2025-06-25,IM2509,2025-09-19,62.0,0.2540983606557377,6276.163,6119.6,0.11341847524675727,0.14831915004724697,0.1252918292180329,-0.034900674800489695,-0.011873353971275619,6065.57006560132,6101.164991340768,54.02993439868078,18.435008659232153,-2.0716535242496104
2025-06-25,IM2512,2025-12-19,121.0,0.4959016393442623,6276.163,5948.0,0.12229522153483009,0.1412256375308318,0.12511200195467673,-0.018930415996001718,-0.0028167804198466345,5892.423683449734,5939.697359931096,55.5763165502658,8.302640068904111,-1.7509634776718679
2025-06-26,IM2507,2025-07-18,16.0,0.06557377049180328,6247.791,6211.8,0.1021030968992239,0.10125323717343293,0.09821009001063419,0.0008498597257909635,0.0038930068885897062,6212.146183983424,6213.385945384089,-0.3461839834235434,-1.585945384088518,0.01542071160622687
2025-06-26,IM2508,2025-08-15,36.0,0.14754098360655737,6247.791,6156.6,0.11365559263722616,0.1222816103902038,0.11619140769320205,-0.008626017752977638,-0.0025358150559758874,6148.769533643114,6154.297021156624,7.830466356886063,2.3029788433759677,-0.32217973990948306
2025-06-26,IM2509,2025-09-19,61.0,0.25,6247.791,6097.8,0.11119964353613414,0.12740902229049889,0.12059045138537289,-0.016209378754364748,-0.00939080784923875,6073.13961249976,6083.500974467045,24.660387500240176,14.299025532955056,-0.9499125294833048
2025-06-26,IM2512,2025-12-19,120.0,0.4918032786885246,6247.791,5933.4,0.11898213206201197,0.12618674320598564,0.11958427740758848,-0.007204611143973666,-0.0006021453455765102,5912.413674118753,5931.643160542138,20.986325881246557,1.7568394578620428,-0.6636662895174951
2025-06-27,IM2507,2025-07-18,15.0,0.06147540983606557,6276.937,6230.2,0.1355719854562522,0.1027651940933899,0.13329981401705393,0.03280679136286231,0.0022721714391982784,6242.7778148199495,6231.0703117557105,-12.577814819949708,-0.8703117557106452,0.5652918736916995
2025-06-27,IM2508,2025-08-15,35.0,0.14344262295081966,6276.937,6174.0,0.12927394175593898,0.11865734709102786,0.13129315381347018,0.01061659466491112,-0.0020192120575311945,6183.409375693319,6172.21201495965,-9.409375693318907,1.7879850403496675,0.38655435097858853
2025-06-27,IM2509,2025-09-19,60.0,0.2459016393442623,6276.937,6110.8,0.12308599554448081,0.12210223342897411,0.12856231342620708,0.0009837621155067006,-0.00547631788172627,6112.278434603302,6102.576517772985,-1.4784346033020483,8.223482227014756,0.05689838862278112
2025-06-27,IM2512,2025-12-19,119.0,0.48770491803278687,6276.937,5943.0,0.12609250560627044,0.12033806521127159,0.12270259864033987,0.005754440394998853,0.0033899069659305697,5959.702270799773,5952.833535684768,-16.702270799773032,-9.833535684768322,0.5278337089510657
2025-06-30,IM2507,2025-07-18,14.0,0.05737704918032787,6356.181,6283.0,0.21582550415550558,0.13327677705018717,0.21512148131394265,0.08254872710531841,0.000704022841562929,6312.829402382788,6283.253805360551,-29.82940238278843,-0.2538053605512687,1.347982478572847
2025-06-30,IM2508,2025-08-15,34.0,0.13934426229508196,6356.181,6220.6,0.1687344671543601,0.13122464858583135,0.16990651448796187,0.03750981856852875,-0.0011720473336017667,6253.198814378134,6219.584146562937,-32.598814378133284,1.015853437063015,1.3303120505826598
2025-06-30,IM2509,2025-09-19,59.0,0.24180327868852458,6356.181,6148.6,0.15131539063946045,0.12847655040710568,0.15230623233566642,0.022838840232354773,-0.000990841696205974,6182.6496162315225,6147.127040943106,-34.04961623152212,1.4729590568940694,1.3032917767542445
2025-06-30,IM2512,2025-12-19,118.0,0.48360655737704916,6356.181,5973.2,0.1425030716594617,0.12261005853090895,0.13595663821068846,0.01989301312855274,0.006546433448773231,6030.941827227193,5992.140508830267,-57.741827227193426,-18.94050883026739,1.8168210423906743
2025-07-01,IM2507,2025-07-18,13.0,0.05327868852459016,6373.768,6286.8,0.271863333854699,0.20598355327307755,0.2749805520647298,0.06587978058162147,-0.0031172182100308032,6308.905366599576,6285.755966794855,-22.105366599575973,1.0440332051448422,1.0173480900867649
2025-07-01,IM2508,2025-08-15,33.0,0.13524590163934427,6373.768,6210.4,0.20598741730675274,0.16493657414380353,0.20070934164423185,0.04105084316294921,0.0052780756625208924,6244.975774620475,6214.834802825326,-34.575774620475386,-4.434802825326187,1.4169137467437596
2025-07-01,IM2509,2025-09-19,58.0,0.23770491803278687,6373.768,6133.4,0.17571971674611192,0.14917505451653673,0.17355372664245294,0.02654466222957519,0.002165990103658977,6172.2228608191535,6136.55869527482,-38.8228608191539,-3.158695274820275,1.4940524643350561
2025-07-01,IM2512,2025-12-19,117.0,0.47950819672131145,6373.768,5951.4,0.1569888622078712,0.1342646902821885,0.15013183985374695,0.022724171925682712,0.006857022354124248,6016.603591808702,5971.0003992026495,-65.20359180870219,-19.600399202649896,2.0662679943056874
2025-07-02,IM2507,2025-07-18,12.0,0.04918032786885246,6309.484,6262.2,0.16695418926695027,0.2603374146299291,0.16947870571091084,-0.09338322536297883,-0.002524516443960567,6233.506050414003,6261.422555138415,28.69394958599696,0.7774448615846268,-1.3607382022792691
2025-07-02,IM2508,2025-08-15,32.0,0.13114754098360656,6309.484,6188.8,0.16125927201805265,0.19289718978054102,0.15628096364439722,-0.031637917762488366,0.004978308373655427,6163.1744137673,6192.841942922916,25.62558623269979,-4.0419429229159505,-1.061827492200754
2025-07-02,IM2509,2025-09-19,57.0,0.2336065573770492,6309.484,6117.0,0.146625206828219,0.1686915428768409,0.14921512176667515,-0.022066336048621904,-0.002589914938456145,6085.548971004886,6113.300205193629,31.45102899511403,3.6997948063708463,-1.22461396319781
2025-07-02,IM2512,2025-12-19,116.0,0.47540983606557374,6309.484,5937.2,0.14192384983832335,0.14754075053108667,0.13904676590348286,-0.005616900692763327,0.0028770839348404853,5921.366866940744,5945.3264229168535,15.833133059255488,-8.126422916853699,-0.5084551230740539
2025-07-03,IM2507,2025-07-18,11.0,0.045081967213114756,6342.638,6279.4,0.23626926510626528,0.16737928490123763,0.23540752721255248,0.06888998020502765,0.0008617378937127995,6298.93222125755,6279.64395214117,-19.53222125755019,-0.24395214117066644,0.9450646675059055
2025-07-03,IM2508,2025-08-15,31.0,0.12704918032786885,6342.638,6207.6,0.18338655066957166,0.155110274258174,0.18235110047070524,0.028276276411397655,0.0010354501988664166,6229.940770156191,6208.416682734973,-22.340770156190956,-0.8166827349723462,0.9219053910894108
2025-07-03,IM2509,2025-09-19,56.0,0.22950819672131148,6342.638,6135.8,0.15845802677410892,0.14844088582291368,0.1631803396880026,0.010017140951195241,-0.004722312913893689,6149.922529843268,6129.153563925638,-14.12252984326824,6.6464360743621,0.5479585320943544
2025-07-03,IM2512,2025-12-19,115.0,0.4713114754098361,6342.638,5955.4,0.14766192534406908,0.1385813261755365,0.14539046538885944,0.009080599168532572,0.002271459955209637,5980.942484144005,5961.779057640693,-25.542484144005357,-6.379057640693645,0.8182714602032337
2025-07-04,IM2507,2025-07-18,10.0,0.040983606557377046,6312.197,6262.0,0.20881376130354953,0.22586164274704124,0.21050867297023992,-0.017047881443491703,-0.0016949116666903907,6257.626370954787,6261.5650340885995,4.37362904521342,0.43496591140046803,-0.21966201235996108
2025-07-04,IM2508,2025-08-15,30.0,0.12295081967213115,6312.197,6186.4,0.17772773431225564,0.17740059142413994,0.17315678353654293,0.0003271428881156946,0.004570950775712707,6186.648837393293,6189.877747226237,-0.2488373932937975,-3.477747226237625,0.010351262154109019
2025-07-04,IM2509,2025-09-19,55.0,0.22540983606557377,6312.197,6112.2,0.15683768698601228,0.16013150273928148,0.1590463155446515,-0.0032938157532692025,-0.0022086285586392362,6107.663629587636,6109.157819335821,4.5363704123637945,3.042180664178886,-0.17753651136816148
2025-07-04,IM2512,2025-12-19,114.0,0.4672131147540984,6312.197,5932.2,0.1468915056956703,0.14376348375308043,0.1443899817395095,0.003128021942589876,0.002501523956160795,5940.875968959666,5939.137281063663,-8.675968959666534,-6.937281063663249,0.28057467739582737
2025-07-07,IM2507,2025-07-18,9.0,0.036885245901639344,6327.139,6267.2,0.2720564423275508,0.20419572306508227,0.2727240350797018,0.0678607192624685,-0.0006675927521510028,6282.906822705655,6267.045676344055,-15.706822705655213,0.15432365594460862,0.8192767491712202
2025-07-07,IM2508,2025-08-15,29.0,0.11885245901639344,6327.139,6188.0,0.20109100959616583,0.16990959599929753,0.19783857888097134,0.031181413596868296,0.0032524307151944876,6210.975198379029,6190.3924918849925,-22.97519837902928,-2.3924918849925234,0.9565246493543254
2025-07-07,IM2509,2025-09-19,54.0,0.22131147540983606,6327.139,6111.6,0.17060983914447753,0.15704115060813284,0.17322347594635287,0.013568688536344686,-0.0026136368018753464,6129.98014635769,6108.065902763405,-18.380146357689227,3.5340972365956986,0.7203688564877688
2025-07-07,IM2512,2025-12-19,113.0,0.46311475409836067,6327.139,5926.6,0.15521222855024128,0.1433020592582958,0.15205359364506102,0.011910169291945466,0.0031586349051802576,5959.380113603144,5935.275836283859,-32.780113603143946,-8.675836283858189,1.063310495421278
2025-07-08,IM2507,2025-07-18,8.0,0.03278688524590164,6407.698,6379.8,0.14708160047910843,0.26015018714020355,0.146857992779331,-0.11306858666109512,0.00022360769977741723,6356.192802349624,6379.8467730371285,23.607197650376293,-0.04677303712833236,-1.2758549802885495
2025-07-08,IM2508,2025-08-15,28.0,0.11475409836065574,6407.698,6309.6,0.14844223069119838,0.1915715703197315,0.14789306155803716,-0.0431293396285331,0.0005491691331612203,6278.449245896068,6309.997639790662,31.15075410393274,-0.39763979066174215,-1.2812937237603954
2025-07-08,IM2509,2025-09-19,53.0,0.21721311475409835,6407.698,6235.8,0.13919134149288667,0.16944816759447867,0.1450954770076018,-0.030256826101592,-0.005904135514715136,6194.951582045962,6227.807988759097,40.84841795403827,7.992011240903594,-1.5816401858525955
2025-07-08,IM2512,2025-12-19,112.0,0.45901639344262296,6407.698,6047.8,0.13993343363030608,0.15007804699371616,0.1375179159565835,-0.010144613363410077,0.0024155176737225836,6019.703620949961,6054.509290915788,28.096379050039104,-6.709290915788188,-0.9013796163886412
2025-07-09,IM2507,2025-07-18,7.0,0.028688524590163935,6390.466,6358.8,0.18715327101684437,0.1474296699379741,0.18576272665618296,0.03972360107887027,0.001390544360661411,6366.050692348149,6359.053674544942,-7.250692348148732,-0.2536745449415321,0.41787633885331343
2025-07-09,IM2508,2025-08-15,27.0,0.11065573770491803,6390.466,6289.0,0.15863883164673986,0.14807961003541523,0.16026523195678974,0.010559221611324637,-0.0016264003100498747,6296.352604152229,6287.868267203609,-7.352604152229105,1.1317327963906791,0.30345290457343477
2025-07-09,IM2509,2025-09-19,52.0,0.21311475409836064,6390.466,6214.0,0.14539578874128034,0.14513853901411666,0.15049473269540758,0.00025724972716367756,-0.005098943954127244,6214.340683887212,6207.251161109691,-0.34068388721243537,6.748838890309344,0.013235464651318718
2025-07-09,IM2512,2025-12-19,111.0,0.45491803278688525,6390.466,6027.6,0.14250286513820676,0.13746982283304976,0.13905941344096914,0.005033042305156998,0.003443451697237615,6041.41673529789,6037.049564092252,-13.816735297889863,-9.449564092251421,0.44503924182044674
2025-07-10,IM2507,2025-07-18,6.0,0.02459016393442623,6406.568,6375.2,0.21360220854093198,0.1820495561148777,0.2122263672819284,0.03155265242605429,0.0013758412590035851,6380.148340810417,6375.415690448478,-4.948340810416994,-0.21569044847819896,0.3086334807515219
2025-07-10,IM2508,2025-08-15,26.0,0.10655737704918032,6406.568,6304.0,0.16546170093947948,0.15842767357420418,0.16692310049787323,0.007034027365275308,-0.00146139955839375,6308.726792607929,6303.01839924552,-4.726792607929383,0.9816007544795866,0.195312832411677
2025-07-10,IM2509,2025-09-19,51.0,0.20901639344262296,6406.568,6231.6,0.1464804816449056,0.14936635980896432,0.15246498709950312,-0.0028858781640587194,-0.005984505454597527,6227.842258208578,6223.810015507459,3.7577417914226316,7.789984492541407,-0.14607929683639437
2025-07-10,IM2512,2025-12-19,110.0,0.45081967213114754,6406.568,6046.4,0.14234546514903795,0.13843230129130507,0.13873074731756566,0.003913163857732882,0.003614717831472297,6057.076057388327,6056.261160854046,-10.676057388327536,-9.86116085404592,0.34431464272464773
2025-07-11,IM2508,2025-08-15,25.0,0.10245901639344263,6461.1,6388.8,0.12383049619067074,0.16378868959245996,0.1221754722883506,-0.039958193401789216,0.0016550239023201407,6362.6972294694015,6389.883454226754,26.10277053059872,-1.083454226753929,-1.070676843022838
2025-07-11,IM2509,2025-09-19,50.0,0.20491803278688525,6461.1,6319.8,0.12190665685875453,0.1506086193788291,0.1285766320389094,-0.028701962520074578,-0.006669975180154872,6282.738877480259,6311.168009220572,37.06112251974082,8.631990779428634,-1.4287905959028884
2025-07-11,IM2512,2025-12-19,109.0,0.44672131147540983,6461.1,6136.0,0.12956761798772268,0.13775320029173407,0.1267546394682649,-0.008185582304011396,0.002812978519457776,6113.603621040003,6143.715451363985,22.396378959996582,-7.715451363985267,-0.7166379463433545
2025-07-14,IM2508,2025-08-15,24.0,0.09836065573770492,6462.305,6373.4,0.1548386924902243,0.12470500437133653,0.15247904422024763,0.03013368811888778,0.002359648269976672,6392.318585287342,6374.879415836084,-18.918585287342466,-1.4794158360846268,0.7749859137990248
2025-07-14,IM2509,2025-09-19,49.0,0.20081967213114754,6462.305,6302.2,0.13892444710960503,0.12994622244181186,0.14371224715741526,0.008978224667793161,-0.004787800047810237,6313.573142484415,6296.143444896824,-11.373142484415439,6.056555103175924,0.4392946220677058
2025-07-14,IM2512,2025-12-19,108.0,0.4426229508196721,6462.305,6120.8,0.13666254667096397,0.12735915740503875,0.1335953744964729,0.009303389265925222,0.0030671721744910674,6146.056769860668,6129.115246082959,-25.2567698606681,-8.315246082958765,0.8065878750557363
2025-07-15,IM2508,2025-08-15,23.0,0.0942622950819672,6442.834,6352.8,0.16329452776455555,0.15095879077779073,0.16241866798779117,0.012335736986764823,0.0008758597767643816,6360.19129976298,6353.324512331085,-7.391299762979543,-0.5245123310851341,0.30538918242156154
2025-07-15,IM2509,2025-09-19,48.0,0.19672131147540983,6442.834,6277.4,0.14623083569196124,0.14280115077742894,0.14881633139612238,0.0034296849145322994,-0.0025854957041611393,6281.6367413658,6274.207987426341,-4.236741365800299,3.192012573658758,0.16476229147134097
2025-07-15,IM2512,2025-12-19,107.0,0.4385245901639344,6442.834,6099.0,0.13906409753283855,0.13309210815161046,0.13617394339023614,0.005971989381228088,0.002890154142602408,6114.993385842548,6106.7347954464585,-15.993385842548378,-7.73479544645852,0.5121678413651328
2025-07-16,IM2508,2025-08-15,22.0,0.09016393442622951,6462.063,6372.8,0.16827103200051097,0.15971398532572298,0.1671489826261527,0.008557046674787988,0.0011220493743582804,6377.718748217554,6373.444758505695,-4.918748217553912,-0.644758505694881,0.20363096513099083
2025-07-16,IM2509,2025-09-19,47.0,0.19262295081967212,6462.063,6298.0,0.14750690491521773,0.14726089830767197,0.15125876977690855,0.00024600660754575676,-0.0037518648616908234,6298.298447365698,6293.450109412185,-0.29844736569793895,4.5498905878148435,0.011603703801841872
2025-07-16,IM2512,2025-12-19,106.0,0.4344262295081967,6462.063,6114.2,0.1413741734665983,0.13536500241699975,0.13752931943089516,0.006009171049598555,0.0038448540357031435,6130.182225025586,6124.421115347838,-15.982225025586558,-10.22111534783835,0.5115191203085596
2025-07-17,IM2508,2025-08-15,21.0,0.0860655737704918,6535.671,6466.0,0.1385252883435574,0.16395978559113855,0.13786277841053923,-0.02543449724758115,0.0006625099330181683,6451.861183107356,6466.3686972890555,14.138816892644172,-0.3686972890554898,-0.5809267593377465
2025-07-17,IM2509,2025-09-19,46.0,0.1885245901639344,6535.671,6390.4,0.1332319550174352,0.1494573925902881,0.13743840069513347,-0.016225437572852885,-0.004206445677698262,6370.8823104727535,6385.334303774264,19.517689527246148,5.065696225735337,-0.7512305609900237
2025-07-17,IM2512,2025-12-19,105.0,0.430327868852459,6535.671,6203.0,0.13540039603244158,0.13660938799346128,0.13147990187100045,-0.0012089919610197009,0.003920494161441135,6199.773648368474,6213.473901021082,3.226351631526086,-10.473901021082384,-0.10228150402097708
2025-07-18,IM2508,2025-08-15,20.0,0.08196721311475409,6552.074,6490.0,0.1301331423938668,0.13848650646978639,0.12922906189072286,-0.008353364075919578,0.0009040805031439447,6485.557805155736,6490.480959006193,4.442194844264122,-0.48095900619318854,-0.18283206515931202
2025-07-18,IM2509,2025-09-19,45.0,0.18442622950819673,6552.074,6413.6,0.12982357378687592,0.13770618255001205,0.1336151084237002,-0.007882608763136123,-0.003791534636824273,6404.282940088695,6409.116803726778,9.317059911305478,4.483196273222347,-0.358085472714433
2025-07-18,IM2512,2025-12-19,104.0,0.4262295081967213,6552.074,6227.4,0.1332379447076315,0.13153847576182165,0.12988120697232775,0.0016994689458098566,0.003356737735303761,6231.912537370954,6236.316171317181,-4.5125373709543055,-8.916171317181579,0.14295349511469196
2025-07-21,IM2508,2025-08-15,19.0,0.0778688524590164,6612.259,6535.6,0.16375428367952297,0.13095560931428207,0.16082260298257747,0.03279867436524089,0.0029316806969454934,6552.31322426615,6537.092160292712,-16.713224266150064,-1.49216029271156,0.6867866063314811
2025-07-21,IM2509,2025-09-19,44.0,0.18032786885245902,6612.259,6463.2,0.14044079563082623,0.1344603458687139,0.1476542090796314,0.005980449762112344,-0.0072134134488051616,6470.173944606329,6454.798267686356,-6.973944606329496,8.401732313644061,0.2664234505336627
2025-07-21,IM2512,2025-12-19,103.0,0.42213114754098363,6612.259,6276.8,0.13733857434026941,0.13020602780853385,0.135742739252943,0.007132546531735562,0.0015958350873264138,6295.727108377982,6281.029801516366,-18.927108377982222,-4.229801516366024,0.596583090206794
2025-07-21,IM2603,2026-03-20,160.0,0.6557377049180327,6612.259,6118.8,0.1322780110809695,0.12503123496665658,0.1285485328563556,0.0072467761143129306,0.003729478224613919,6147.945636721749,6133.7822018828265,-29.145636721748815,-14.982201882826303,0.7583457077133793
2025-07-22,IM2508,2025-08-15,18.0,0.07377049180327869,6637.104,6590.0,0.11054775348246246,0.15851192024802604,0.10938684611723115,-0.04796416676556359,0.0011609073652313062,6566.72354256859,6590.564396428226,23.276457431409654,-0.5643964282262459,-0.9591989372370259
2025-07-22,IM2509,2025-09-19,43.0,0.1762295081967213,6637.104,6515.4,0.1190171364144479,0.14638070482091345,0.12473302213254327,-0.027363568406465547,-0.005715885718095365,6484.056627564662,6508.840291599564,31.343372435337187,6.559708400435738,-1.1967746969445474
2025-07-22,IM2512,2025-12-19,102.0,0.4180327868852459,6637.104,6331.0,0.1269517197948663,0.13508909069459438,0.12572642792544042,-0.008137370899728075,0.0012252918694258819,6309.500502337355,6334.243645925993,21.4994976626449,-3.2436459259934054,-0.6826798893669734
2025-07-22,IM2603,2026-03-20,159.0,0.6516393442622951,6637.104,6172.8,0.12529343352364272,0.1280839645585685,0.12197020412255609,-0.0027905310349257695,0.003323229401086633,6161.585457636962,6186.181973109318,11.214542363038163,-13.381973109318096,-0.29492770892644404
2025-07-23,IM2508,2025-08-15,17.0,0.06967213114754098,6607.22,6568.4,0.09857784738366263,0.11339524072824206,0.0955778133867965,-0.014817393344579433,0.0030000339968661305,6561.622549682645,6569.77306232972,6.777450317355033,-1.3730623297205966,-0.2824905231113852
2025-07-23,IM2509,2025-09-19,42.0,0.1721311475409836,6607.22,6500.0,0.1090485362049282,0.1267208527135551,0.11767830688804085,-0.017672316508626898,-0.008629770683112645,6480.257328611898,6490.351727648908,19.74267138810228,9.648272351091691,-0.757255734577572
2025-07-23,IM2512,2025-12-19,101.0,0.4139344262295082,6607.22,6318.8,0.12182788521456274,0.1265628862442067,0.12157271756472848,-0.0047350010296439565,0.00025516764983425644,6306.427407767556,6319.4674438050415,12.372592232443822,-0.66744380504133,-0.39551432266118786
2025-07-23,IM2603,2026-03-20,158.0,0.6475409836065574,6607.22,6160.0,0.1222344048323466,0.12248112859339479,0.1187264112101075,-0.00024672376104818705,0.0035079936222390945,6159.01593393018,6174.00877391524,0.9840660698200736,-14.008773915240454,-0.026071969579753027
2025-07-24,IM2508,2025-08-15,16.0,0.06557377049180328,6701.12,6675.8,0.07173084703134841,0.10085910941024442,0.06645876265863913,-0.029128262378896014,0.0052720843727092764,6663.061058143857,6678.108292804062,12.738941856143356,-2.308292804062148,-0.5284033512489605
2025-07-24,IM2509,2025-09-19,41.0,0.1680327868852459,6701.12,6618.6,0.08774042658030966,0.12027833688502645,0.10268929779611712,-0.0325379103047168,-0.014948871215807458,6582.511974137922,6601.99559844194,36.08802586207821,16.60440155806009,-1.3649353468108325
2025-07-24,IM2512,2025-12-19,100.0,0.4098360655737705,6701.12,6435.4,0.11272405292250699,0.12267767397025946,0.1126879520514738,-0.009953621047752464,3.6100871033187265e-05,6409.201205816634,6435.49521527218,26.198794183365862,-0.0952152721802122,-0.8266944741674983
2025-07-24,IM2603,2026-03-20,157.0,0.6434426229508197,6701.12,6273.2,0.11655473133703398,0.1194120757591424,0.11177790014365013,-0.0028573444221084154,0.004776831193383846,6261.67708440224,6292.511075081978,11.522915597759493,-19.311075081977833,-0.30133150194389835
2025-07-25,IM2508,2025-08-15,15.0,0.06147540983606557,6706.61,6668.2,0.10743002021358362,0.07440478997494354,0.10353720378764786,0.03302523023864008,0.003892816425935766,6681.751795500465,6669.795974474509,-13.551795500465232,-1.5959744745096032,0.5689338863439022
2025-07-25,IM2509,2025-09-19,40.0,0.16393442622950818,6706.61,6605.8,0.10638789294436293,0.10657482141816821,0.11754204280667754,-0.00018692847380527566,-0.01115414986231461,6605.597574886449,6593.732006795634,0.2024251135508166,12.067993204365848,-0.007671556755957312
2025-07-25,IM2512,2025-12-19,99.0,0.4057377049180328,6706.61,6424.2,0.12003278248963106,0.11435885709326571,0.11821413766082874,0.0056739253963653535,0.0018186448288023266,6439.006350932379,6428.942120163149,-14.806350932379246,-4.742120163149593,0.46838733113061304
2025-07-25,IM2603,2026-03-20,156.0,0.639344262295082,6706.61,6263.6,0.12088843486150891,0.11283244852332691,0.11501466015575867,0.008055986338181997,0.005873774705750234,6295.944200162311,6287.166321291665,-32.3442001623107,-23.56632129166428,0.8474788420032696
2025-07-28,IM2508,2025-08-15,14.0,0.05737704918032787,6729.979,6674.6,0.15800785708040158,0.10678345477058736,0.15625356039979196,0.05122440230981422,0.0017542966806096127,6694.246207561876,6675.271874800317,-19.6462075618756,-0.6718748003168002,0.836314678279907
2025-07-28,IM2509,2025-09-19,39.0,0.1598360655737705,6729.979,6602.0,0.13411925966291693,0.1190664621087335,0.14022801700308776,0.015052797554183428,-0.006108757340170828,6617.903403506834,6595.556954930095,-15.903403506834366,6.443045069904656,0.6039825290506022
2025-07-28,IM2512,2025-12-19,98.0,0.4016393442622951,6729.979,6419.4,0.1316363037626658,0.11882765243260766,0.12878390851400232,0.012808651330058138,0.0028523952486634863,6452.509427760675,6426.758498177658,-33.10942776067532,-7.3584981776584755,1.0507798792928884
2025-07-28,IM2603,2026-03-20,155.0,0.6352459016393442,6729.979,6256.2,0.12891463552193871,0.11538191802756037,0.12237197749337478,0.013532717494378343,0.006542658028563936,6310.213905146242,6282.256107431134,-54.013905146241996,-26.05610743113448,1.4199449747288517
2025-07-29,IM2508,2025-08-15,13.0,0.05327868852459016,6773.884,6731.0,0.13320167514372522,0.15365019554456957,0.13078872437378222,-0.020448520400844356,0.0024129507699429953,6723.670768294628,6731.865385261433,7.329231705371967,-0.8653852614334028,-0.3157251481382443
2025-07-29,IM2509,2025-09-19,38.0,0.1557377049180328,6773.884,6662.0,0.12094192641047222,0.13891566735796682,0.1308759695070119,-0.0179737409474946,-0.009934043096539696,6643.37787737108,6651.701154759667,18.622122628919897,10.298845240333321,-0.7046096441083363
2025-07-29,IM2512,2025-12-19,97.0,0.3975409836065574,6773.884,6471.8,0.12875635192670684,0.12815181165829426,0.12546548936940752,0.0006045402684125845,0.0032908625572993233,6473.355551586252,6480.272290809865,-1.5555515862515676,-8.472290809864717,0.049279882384233885
2025-07-29,IM2603,2026-03-20,154.0,0.6311475409836066,6773.884,6306.0,0.12740148567442178,0.12193220264906109,0.12045161168231683,0.005469283025360691,0.006949873992104949,6327.805449832508,6333.721366417001,-21.805449832508202,-27.721366417001263,0.5723636723046786
2025-07-30,IM2508,2025-08-15,12.0,0.04918032786885246,6718.482,6675.6,0.14419734822112557,0.13126525777924927,0.1419620493493873,0.012932090441876293,0.0022352988717382616,6679.847061724721,6676.3339072811905,-4.247061724720879,-0.7339072811901133,0.18841442379790974
2025-07-30,IM2509,2025-09-19,37.0,0.15163934426229508,6718.482,6604.2,0.12713967340389565,0.13103287885833176,0.13595807310171837,-0.0038932054544361105,-0.00881839969782272,6600.302274518337,6595.3746578080545,3.8977254816627465,8.82534219194531,-0.14900867158568887
2025-07-30,IM2512,2025-12-19,96.0,0.39344262295081966,6718.482,6415.2,0.13140482335939763,0.12546960568046198,0.1281734114677186,0.00593521767893565,0.0032314118916790258,6430.1980719510975,6423.36131293976,-14.9980719510977,-8.161312939760137,0.4806953302225754
2025-07-30,IM2603,2026-03-20,153.0,0.6270491803278688,6718.482,6249.8,0.1293223306761539,0.12042142402332427,0.12248073044582708,0.008900906652829624,0.006841600230326816,6284.779572668273,6276.669359683036,-34.97957266827325,-26.869359683036237,0.9290009572334342
2025-07-31,IM2508,2025-08-15,11.0,0.045081967213114756,6661.186,6612.2,0.17772664498582041,0.14134240891939423,0.17552769392183648,0.036384236066426184,0.002198951063983934,6623.054712628785,6612.8555199768725,-10.85471262878491,-0.6555199768727107,0.49907666448168414
2025-07-31,IM2509,2025-09-19,36.0,0.14754098360655737,6661.186,6538.0,0.14051561632606938,0.13560196140789632,0.14871884279379438,0.004913654918173055,-0.008203226467725006,6542.741542826243,6530.091766159389,-4.741542826242949,7.908233840610592,0.1834764002104676
2025-07-31,IM2512,2025-12-19,95.0,0.38934426229508196,6661.186,6351.8,0.1361523316998883,0.1279565200718071,0.13375641739324792,0.008195811628081195,0.0023959143066403787,6372.100917269374,6357.7279489249095,-20.300917269373713,-5.927948924909288,0.6594267962592838
2025-07-31,IM2603,2026-03-20,152.0,0.6229508196721312,6661.186,6183.4,0.13347855661729235,0.12230772147455415,0.1263025740490767,0.0111708351427382,0.007175982568215666,6226.579610843688,6211.103430433254,-43.17961084368835,-27.703430433254653,1.1627699292582996
2025-08-01,IM2508,2025-08-15,10.0,0.040983606557377046,6670.472,6616.8,0.21112156456158068,0.17135718009883336,0.2081494934784334,0.039764384462747326,0.0029720710831472874,6627.592110313293,6617.606016298669,-10.792110313293051,-0.80601629866851,0.5123127886779119
2025-08-01,IM2509,2025-09-19,35.0,0.14344262295081966,6670.472,6542.8,0.14872574079963882,0.14676130024070658,0.15893149214350322,0.0019644405589322456,-0.010205751343864394,6544.643919450267,6533.228742637763,-1.8439194502670944,9.571257362236793,0.07150693288824228
2025-08-01,IM2512,2025-12-19,94.0,0.38524590163934425,6670.472,6359.0,0.13812718617581154,0.1328683704277307,0.1371278712828162,0.005258815748080847,0.0009993148929953455,6371.8959935722905,6361.448571625704,-12.895993572290536,-2.448571625704062,0.4202962161516048
2025-08-01,IM2603,2026-03-20,151.0,0.6188524590163934,6670.472,6186.2,0.13578931526089486,0.1257003869093231,0.12822656814178118,0.010088928351571769,0.007562747119113672,6224.944725848665,6215.220664380457,-38.74472584866544,-29.020664380456765,1.0472855716757543
2025-08-04,IM2508,2025-08-15,9.0,0.036885245901639344,6739.694,6711.8,0.12643931972262595,0.2004090620212335,0.12386320151883333,-0.07396974229860756,0.002576118203792624,6693.512536705266,6712.437790593986,18.287463294734152,-0.6377905939862103,-0.8929550533602671
2025-08-04,IM2509,2025-09-19,34.0,0.13934426229508196,6739.694,6642.6,0.11813826841350149,0.15543496613027585,0.12972865164067005,-0.037296697716774366,-0.011590383227168558,6608.167422827034,6631.880504890365,34.432577172966376,10.719495109635318,-1.3223912385894323
2025-08-04,IM2512,2025-12-19,93.0,0.38114754098360654,6739.694,6454.0,0.1276421595651818,0.135615123913887,0.12574279463946503,-0.007972964348705203,0.0018993649257167677,6434.416866297272,6458.67398923589,19.583133702728446,-4.673989235890076,-0.632893374766488
2025-08-04,IM2603,2026-03-20,150.0,0.6147540983606558,6739.694,6279.8,0.12896692848304311,0.12722932275210483,0.12090540649605318,0.0017376057309382853,0.008061521986989936,6286.511667959448,6310.99901496432,-6.711667959447368,-31.19901496431976,0.17987400299922218
2025-08-05,IM2508,2025-08-15,8.0,0.03278688524590164,6787.481,6754.4,0.16301511939874816,0.1251880745667247,0.16006716432654144,0.037827044832023454,0.002947955072206715,6762.782212984135,6755.052873116213,-8.382212984135549,-0.6528731162134136,0.42680662226130234
2025-08-05,IM2509,2025-09-19,33.0,0.13524590163934427,6787.481,6682.0,0.12980788673349997,0.13022757389839631,0.14157678713899396,-0.0004196871648963485,-0.011768900405493998,6681.620733968844,6671.372750274025,0.37926603115556645,10.627249725975162,-0.014481900922569416
2025-08-05,IM2512,2025-12-19,92.0,0.3770491803278688,6787.481,6490.8,0.1325365162992137,0.12587843135146246,0.1302207091086997,0.006658084947751247,0.0023158071905139965,6507.115140057428,6496.470067741259,-16.315140057427925,-5.670067741259118,0.5248705939724776
2025-08-05,IM2603,2026-03-20,149.0,0.610655737704918,6787.481,6311.0,0.13319276098876723,0.12095668964612265,0.12375401366403863,0.01223607134264458,0.009438747324728602,6358.3325784214585,6347.4805336184,-47.33257842145849,-36.48053361839993,1.2631087537766559
2025-08-06,IM2508,2025-08-15,7.0,0.028688524590163935,6861.309,6834.4,0.15097312992109746,0.15760453633072488,0.14806100267076686,-0.006631406409627422,0.002912127250330604,6833.099911426843,6834.971001299901,1.3000885731562448,-0.5710012999015817,-0.06975566086013668
2025-08-06,IM2509,2025-09-19,32.0,0.13114754098360656,6861.309,6762.6,0.12449241380031113,0.1404602629777982,0.1362932100155566,-0.015967849177487073,-0.011800796215245477,6748.452958883101,6752.141987916865,14.147041116899345,10.458012083135145,-0.5357584012653551
2025-08-06,IM2512,2025-12-19,91.0,0.3729508196721312,6861.309,6574.8,0.128369182908539,0.1297032931615727,0.12726486715659546,-0.0013341102530337046,0.0011043157519435298,6571.529472572678,6577.508425011926,3.270527427322122,-2.7084250119260105,-0.10443219693480421
2025-08-06,IM2603,2026-03-20,148.0,0.6065573770491803,6861.309,6398.0,0.12926164049639452,0.12339217888948986,0.12146366863776101,0.005869461606904658,0.007797971858633512,6420.818531956636,6428.333692626527,-22.818531956636434,-30.33369262652741,0.6041745543159022
2025-08-07,IM2508,2025-08-15,6.0,0.02459016393442623,6862.15,6828.0,0.2168859504405115,0.1466666576509362,0.2140310059788228,0.07021929278957531,0.002854944461688713,6839.800119097077,6828.4793666817795,-11.800119097077186,-0.47936668177953834,0.6868197539700945
2025-08-07,IM2509,2025-09-19,31.0,0.12704918032786885,6862.15,6750.0,0.14370015852566026,0.13564373057122772,0.15573777039094422,0.008056427954432538,-0.01203761186528396,6756.912584461709,6739.684651132578,-6.91258446170923,10.315348867421562,0.26259204864087504
2025-08-07,IM2512,2025-12-19,90.0,0.36885245901639346,6862.15,6558.2,0.13682588212676147,0.12694084264956038,0.13428178424361534,0.009885039477201096,0.0025440978831461347,6582.155637559024,6564.357082073706,-23.95563755902458,-6.1570820737060785,0.7682579132113034
2025-08-07,IM2603,2026-03-20,147.0,0.6024590163934426,6862.15,6376.2,0.13591450885512923,0.12122582235101277,0.12589450826264265,0.014688686504116463,0.010020000592486589,6432.875508624772,6414.8072338025195,-56.67550862477219,-38.60723380251966,1.5076331615398535
2025-08-08,IM2509,2025-09-19,30.0,0.12295081967213115,6838.13,6735.0,0.13759813965808323,0.15247491634718732,0.1410635448226434,-0.014876776689104088,-0.0034654051645601758,6722.692191045594,6732.131000126212,12.307808954406028,2.868999873788198,-0.4705854849829375
2025-08-08,IM2512,2025-12-19,89.0,0.36475409836065575,6838.13,6542.0,0.13537320327864583,0.13294086730586213,0.1323232921378807,0.0024323359727836946,0.003049911140765138,6547.806667404809,6549.281812601464,-5.80666740480865,-7.281812601463571,0.1876647911169607
2025-08-08,IM2603,2026-03-20,146.0,0.5983606557377049,6838.13,6361.4,0.13477302014464176,0.12501965289660835,0.12606987177634235,0.009753367248033412,0.008703148368299413,6398.6338723578165,6394.614172178815,-37.233872357816836,-33.214172178815716,0.9981556511604756
2025-08-11,IM2509,2025-09-19,29.0,0.11885245901639344,6943.937,6851.2,0.12712416616610953,0.14066043334696304,0.128289197742453,-0.013536267180853517,-0.0011650315763434838,6840.186523449949,6850.251401472398,11.013476550050655,0.9485985276014617,-0.4124688966648537
2025-08-11,IM2512,2025-12-19,88.0,0.36065573770491804,6943.937,6663.8,0.12817817054270542,0.1320911275301592,0.12953001918620324,-0.003912956987453781,-0.0013518486434978272,6654.402475530039,6660.551843070736,9.397524469961354,3.2481569292640415,-0.29954635395295437
2025-08-11,IM2603,2026-03-20,145.0,0.5942622950819673,6943.937,6478.8,0.13067170756068225,0.12588584483950763,0.1250044107026172,0.004785862721174622,0.005667296858065052,6497.252308723575,6500.656480930027,-18.452308723574788,-21.85648093002692,0.4861813347287606
2025-08-12,IM2509,2025-09-19,28.0,0.11475409836065574,6963.611,6883.6,0.11470569069309165,0.130007317303315,0.11547461344811637,-0.015301626610223343,-0.0007689227550247146,6871.523524831761,6882.99263832522,12.076475168239085,0.6073616747808046,-0.4516804810396619
2025-08-12,IM2512,2025-12-19,87.0,0.35655737704918034,6963.611,6694.2,0.12466011906801049,0.1300972395212364,0.12632705135366434,-0.005437120453225905,-0.0016669322856538576,6681.234891347882,6690.222437510382,12.965108652118033,3.977562489617412,-0.4119488661068417
2025-08-12,IM2603,2026-03-20,144.0,0.5901639344262295,6963.611,6512.0,0.12761509748785568,0.12531567848500813,0.12344605618463145,0.0022994190028475525,0.004169041303224236,6520.843005259553,6528.041967711633,-8.843005259553138,-16.041967711633333,0.2315465243262684
2025-08-13,IM2509,2025-09-19,27.0,0.11065573770491803,7064.334,7001.8,0.0943526821529855,0.11913693897224951,0.09375011288135049,-0.02478425681926401,0.0006025692716350173,6982.623729585063,7002.2668798159175,19.17627041493688,-0.4668798159173093,-0.7079316638721141
2025-08-13,IM2512,2025-12-19,86.0,0.3524590163934426,7064.334,6822.0,0.11303579865208153,0.12760304236595668,0.11768058537923472,-0.014567243713875147,-0.004644786727153183,6787.063186476,6810.840861318928,34.93681352400017,11.159138681072363,-1.09407360697325
2025-08-13,IM2603,2026-03-20,143.0,0.5860655737704918,7064.334,6646.0,0.11815826654340938,0.1241932885754574,0.11740388499585099,-0.006035022032048018,0.0007543815475583998,6622.5351597298395,6648.938959578488,23.464840270160494,-2.938959578487811,-0.60453969535809
2025-08-14,IM2509,2025-09-19,26.0,0.10655737704918032,6976.488,6929.2,0.07782732058668415,0.09984832933600764,0.07724567845075106,-0.022021008749323487,0.0005816421359330914,6912.9596871461845,6929.629473070729,16.24031285381534,-0.42947307072881813,-0.6079378176857331
2025-08-14,IM2512,2025-12-19,85.0,0.3483606557377049,6976.488,6755.0,0.10661283197426497,0.1198274571476932,0.11120007769538132,-0.013214625173428238,-0.004587245721116351,6723.975123767849,6744.2140227871505,31.024876232150746,10.785977212849502,-0.9843564695029572
2025-08-14,IM2603,2026-03-20,142.0,0.5819672131147541,6976.488,6581.8,0.11406985413869725,0.11868703569962272,0.1128082765128415,-0.004617181560925471,0.001261577625855742,6564.13812537664,6586.634110974568,17.661874623359836,-4.8341109745679205,-0.4607088461080132
2025-08-15,IM2509,2025-09-19,25.0,0.10245901639344263,7117.501,7086.2,0.0570167115655282,0.08510439243119022,0.055555202728102465,-0.028087680865662025,0.0014615088374257332,7065.8363930599435,7087.261200756307,20.363606940056343,-1.0612007563067891,-0.7485181859652414
2025-08-15,IM2512,2025-12-19,84.0,0.3442622950819672,7117.501,6922.6,0.09465146679892587,0.11394319970437666,0.10141998824580417,-0.01929173290545079,-0.006768521446878298,6876.7764669065255,6906.48810509309,45.82353309347491,16.111894906910493,-1.4253860715153446
2025-08-15,IM2603,2026-03-20,141.0,0.5778688524590164,7117.501,6754.0,0.10471566754700325,0.11445388252399805,0.10542749273719183,-0.0097382149769948,-0.0007118251901885864,6716.0992070288585,6751.222370110923,37.90079297114153,2.7776298890767066,-0.968309892521042
2025-08-18,IM2509,2025-09-19,24.0,0.09836065573770492,7237.602,7184.4,0.08900892782331694,0.06538273767978206,0.08797610812957907,0.023626190143534884,0.001032819693737877,7201.115152295624,7185.129891808979,-16.715152295624648,-0.7298918089791187,0.6069815696986128
2025-08-18,IM2510,2025-10-17,38.0,0.1557377049180328,7237.602,7138.0,0.10297852323801704,0.08712446020662643,0.09936795207061618,0.015854063031390614,0.003610571167400864,7155.646035866551,7142.014840825495,-17.646035866550847,-4.014840825495412,0.6198631105698187
2025-08-18,IM2512,2025-12-19,83.0,0.3401639344262295,7237.602,7028.0,0.10039294988392032,0.1048142728766236,0.1075770429047954,-0.004421322992703272,-0.007184093020875082,7017.438010811286,7010.8461575814745,10.561989188713596,17.153842418525528,-0.32399865733637045
2025-08-18,IM2603,2026-03-20,140.0,0.5737704918032787,7237.602,6873.8,0.10388411557852711,0.10746844365754471,0.10745218432856105,-0.0035843280790175958,-0.0035680687500339314,6859.67799532137,6859.741990400922,14.12200467863022,14.058009599078105,-0.35520107947279317
2025-08-19,IM2509,2025-09-19,23.0,0.0942622950819672,7242.849,7177.4,0.1102997642338811,0.09254951572630855,0.11222998867730874,0.01775024850757255,-0.001930224443427636,7189.419128395239,7176.094209627462,-12.019128395239022,1.3057903725375581,0.4398101192025875
2025-08-19,IM2510,2025-10-17,37.0,0.15163934426229508,7242.849,7126.6,0.12070301307004053,0.10251876879131389,0.11462219815454758,0.01818424427872664,0.006080814915492949,7146.278339442243,7133.174402830427,-19.67833944224276,-6.574402830427061,0.6958286435000878
2025-08-19,IM2512,2025-12-19,82.0,0.3360655737704918,7242.849,7015.6,0.10885766727407191,0.1090988637523563,0.11417464062167614,-0.00024119647828439728,-0.005316973347604226,7015.031353714674,7003.0753563947865,0.5686462853263947,12.524643605213896,-0.01758352076651399
2025-08-19,IM2603,2026-03-20,139.0,0.569672131147541,7242.849,6851.6,0.11148139781259855,0.10834905088196939,0.11111676034213736,0.003132346930629165,0.00036463747046119876,6863.836983360071,6853.023388252304,-12.236983360070553,-1.4233882523039938,0.31037363103192234
2025-08-20,IM2509,2025-09-19,22.0,0.09016393442622951,7305.461,7276.0,0.05881714381646177,0.11345526136323014,0.06096312527604828,-0.054638117546768374,-0.002145981459586513,7240.243750363783,7274.592301994691,35.756249636217035,1.4076980053087027,-1.301255483763759
2025-08-20,IM2510,2025-10-17,36.0,0.14754098360655737,7305.461,7228.2,0.08606206637297184,0.11543742617031175,0.08126083373543097,-0.029375359797339906,0.00480123263754087,7196.940268852609,7233.3221160788435,31.259731147390994,-5.122116078843646,-1.096684678500529
2025-08-20,IM2512,2025-12-19,81.0,0.3319672131147541,7305.461,7119.6,0.0916299754420173,0.11453143878259758,0.09736115985037963,-0.022901463340580283,-0.00573118440836233,7065.678222902847,7106.06737341204,53.92177709715361,13.532626587960294,-1.6555019427875806
2025-08-20,IM2603,2026-03-20,138.0,0.5655737704918032,7305.461,6965.6,0.09823021827624837,0.11130402679688445,0.10009916838967,-0.013073808520636082,-0.0018689501134216413,6914.2848893097835,6958.241047664426,51.3151106902169,7.358952335574031,-1.2913396144887996
2025-08-21,IM2509,2025-09-19,21.0,0.0860655737704918,7253.343,7202.2,0.09621558079921695,0.06824060691591695,0.09822471867382651,0.027974973883300003,-0.0020091378746095595,7219.5615006867965,7200.954720501219,-17.361500686796717,1.2452794987812013,0.6394233555343859
2025-08-21,IM2510,2025-10-17,35.0,0.14344262295081966,7253.343,7153.4,0.1107264652472396,0.08620725724676312,0.10418152644450734,0.02451920800047648,0.006544938802732256,7178.603515277422,7160.1189312503275,-25.20351527742241,-6.7189312503278416,0.8923935870131361
2025-08-21,IM2512,2025-12-19,80.0,0.32786885245901637,7253.343,7046.4,0.10228413469614792,0.09972647421302427,0.10711547451596527,0.0025576604831236416,-0.004831339819817357,7052.311428683766,7035.247015126713,-5.911428683766644,11.152984873286186,0.1832922813909625
2025-08-21,IM2603,2026-03-20,137.0,0.5614754098360656,7253.343,6893.0,0.1047538624900693,0.1015003593206982,0.10553557167884096,0.0032535031693710914,-0.0007817091887716704,6905.60337882332,6889.975253857116,-12.603378823319872,3.0247461428843962,0.3202916723869333
2025-08-22,IM2509,2025-09-19,20.0,0.08196721311475409,7362.94,7348.6,0.03778378543751033,0.10049439368631322,0.04059904896551028,-0.0627106082488029,-0.0028152635279999547,7310.923540421471,7346.904437807962,37.67645957852892,1.6955621920387784,-1.37349293424044
2025-08-22,IM2510,2025-10-17,34.0,0.13934426229508196,7362.94,7301.8,0.07384040003916406,0.10569182962157836,0.06882893993494649,-0.0318514295824143,0.005011460104217574,7269.464130591263,7306.900760684614,32.33586940873738,-5.100760684614215,-1.129214423288176
2025-08-22,IM2512,2025-12-19,79.0,0.3237704918032787,7362.94,7192.6,0.08629377097387488,0.1078026169981409,0.09097620282941646,-0.021508846024266018,-0.004682431855541583,7142.685242713168,7181.704040545682,49.914757286832355,10.895959454318472,-1.5278289712442925
2025-08-22,IM2603,2026-03-20,136.0,0.5573770491803278,7362.94,7036.0,0.09548789529904284,0.10592310368806707,0.09562019960204159,-0.010435208389024231,-0.00013230430299875084,6995.194975040652,7035.481160694971,40.805024959347975,0.5188393050293598,-1.0238148817488328
2025-08-25,IM2509,2025-09-19,19.0,0.0778688524590164,7477.728,7412.2,0.12703250175315514,0.049893468234149904,0.1276254813945849,0.07713903351900524,-0.0005929796414297639,7456.857056554004,7411.857752203834,-44.65705655400416,0.34224779616579326,1.6162511339974246
2025-08-25,IM2510,2025-10-17,33.0,0.13524590163934427,7477.728,7365.0,0.12631358904646664,0.07503572348263102,0.12018227150899248,0.05127786556383562,0.00613131753747416,7416.254690677261,7371.109852866233,-51.25469067726135,-6.109852866233268,1.7693120220562646
2025-08-25,IM2512,2025-12-19,78.0,0.319672131147541,7477.728,7262.0,0.10557423086680891,0.09388608898285311,0.1118614578333248,0.011688141883955797,-0.006287226966515888,7289.184296073904,7247.41911788079,-27.18429607390408,14.5808821192104,0.8227800446632988
2025-08-25,IM2603,2026-03-20,135.0,0.5532786885245902,7477.728,7108.0,0.10565018152849964,0.09733586713345406,0.10705708681238812,0.008314314395045583,-0.0014069052838884821,7140.773067552501,7102.469209563371,-32.773067552500834,5.530790436629104,0.8129271656190451
2025-08-26,IM2509,2025-09-19,18.0,0.07377049180327869,7476.467,7415.4,0.12517501266336226,0.1255615970575092,0.12958329242442607,-0.0003865843941469327,-0.00440827976106381,7415.188526775734,7412.9888968246605,0.211473224265319,2.4111031753391217,-0.007735313911089107
2025-08-26,IM2510,2025-10-17,32.0,0.13114754098360656,7476.467,7362.6,0.13102257517369637,0.11878873626046263,0.12184694540522914,0.012233838913233736,0.009175629768467225,7374.422315960564,7371.4652007181585,-11.822315960564083,-8.865200718158121,0.4104649477203464
2025-08-26,IM2512,2025-12-19,77.0,0.3155737704918033,7476.467,7255.0,0.10928506700353126,0.11117426378619982,0.11331287607189966,-0.0018891967826685646,-0.0040278090683684015,7250.6759962663145,7245.784238843866,4.324003733685458,9.21576115613425,-0.1317709728143711
2025-08-26,IM2603,2026-03-20,134.0,0.5491803278688525,7476.467,7096.6,0.10894979234406735,0.10662635313589888,0.10834227814273409,0.002323439208168465,0.0006075142013332591,7105.6609496954425,7098.968068077306,-9.060949695442105,-2.3680680773059066,0.22638239404243926
2025-08-27,IM2509,2025-09-19,17.0,0.06967213114754098,7336.504,7287.2,0.11078260625619984,0.1275179493433149,0.11555156534584607,-0.01673534308711505,-0.004768959089646224,7278.708171043008,7284.7791313139705,8.491828956991412,2.42086868602928,-0.31921507266060184
2025-08-27,IM2510,2025-10-17,31.0,0.12704918032786885,7336.504,7235.0,0.12365891133610568,0.12046477832787149,0.11504723857109193,0.003194133008234193,0.008611672765013748,7237.936645501973,7242.920188637085,-2.9366455019726345,-7.9201886370847205,0.10411138737707391
2025-08-27,IM2512,2025-12-19,76.0,0.3114754098360656,7336.504,7120.6,0.10989984443314435,0.11263680700964418,0.1121339910484548,-0.0027369625764998295,-0.0022341466153104478,7114.532299849869,7115.64662821494,6.067700150131714,4.953371785059971,-0.18912007807022124
2025-08-27,IM2603,2026-03-20,133.0,0.5450819672131147,7336.504,6962.6,0.10996624035177806,0.10791858004754175,0.1085930878008464,0.0020476603042363095,0.0013731525509316639,6970.375593739389,6967.813322470497,-7.775593739388569,-5.213322470496678,0.1988094132062375
2025-08-28,IM2509,2025-09-19,16.0,0.06557377049180328,7447.11,7363.2,0.1868041063410979,0.11565712171841125,0.1913349469264786,0.07114698462268665,-0.0045308405853806966,7397.632354350598,7361.012686559433,-34.43235435059796,2.187313440566868,1.2912266784777138
2025-08-28,IM2510,2025-10-17,30.0,0.12295081967213115,7447.11,7305.8,0.16981420669926633,0.1150867244106349,0.16001812451033876,0.05472748228863143,0.00979608218892758,7355.12494773145,7314.604672243278,-49.324947731450266,-8.804672243278219,1.7312346245465016
2025-08-28,IM2512,2025-12-19,75.0,0.3073770491803279,7447.11,7183.0,0.13147433541895195,0.11211094208397014,0.13302308170966848,0.019363393334981813,-0.001548746290716524,7225.8797103041325,7179.581353354092,-42.87971030413246,3.4186466459077565,1.3252456259116205
2025-08-28,IM2603,2026-03-20,132.0,0.5409836065573771,7447.11,7017.0,0.12396684682662527,0.10855316677369521,0.12203195609027062,0.015413680052930062,0.0019348907363546525,7075.756223248123,7024.348849344408,-58.756223248123206,-7.348849344408336,1.4911946880047604
2025-08-29,IM2509,2025-09-19,15.0,0.06147540983606557,7438.677,7366.6,0.17238431068809262,0.1829822990296095,0.1787060157696982,-0.010597988341516873,-0.0063217050816055664,7361.802107736509,7363.737678809862,4.797892263491121,2.862321190138573,-0.18264774570852718
2025-08-29,IM2510,2025-10-17,29.0,0.11885245901639344,7438.677,7305.0,0.16657543175342823,0.15461789896312575,0.1550794703486642,0.011957532790302483,0.011495961404764027,7315.389116459867,7314.987813310045,-10.389116459867182,-9.987813310044658,0.3667327615829305
2025-08-29,IM2512,2025-12-19,74.0,0.30327868852459017,7438.677,7177.0,0.13208130066220308,0.13054197922764352,0.13401633796221954,0.0015393214345595652,-0.0019350373000164567,7180.351317189806,7172.789373176887,-3.351317189805741,4.2106268231127615,0.10432972809183529
2025-08-29,IM2603,2026-03-20,131.0,0.5368852459016393,7438.677,7000.6,0.12705423504857788,0.1205465155613451,0.12433652417005317,0.006507719487232777,0.0027177108785247095,7025.102165494368,7010.8220232302265,-24.502165494367546,-10.222023230226114,0.6273163692460924
2025-09-01,IM2509,2025-09-19,14.0,0.05737704918032787,7501.148,7380.6,0.29636271481737153,0.17275355896967803,0.3007443990476584,0.1236091558476935,-0.004381684230286842,7433.13170643225,7378.7446905214165,-52.53170643224985,1.8553094785838766,2.0188291194293444
2025-09-01,IM2510,2025-10-17,28.0,0.11475409836065574,7501.148,7314.2,0.23393472725148473,0.1512594367550458,0.2230414317892554,0.08267529049643893,0.010893295462229335,7383.922434356502,7323.348834957124,-69.72243435650216,-9.148834957124564,2.4556813322346858
2025-09-01,IM2512,2025-12-19,73.0,0.29918032786885246,7501.148,7180.0,0.16025524594809812,0.13226258353745568,0.16315315877586567,0.027992662410642438,-0.0028979128277675514,7240.383951582927,7173.777648473105,-60.383951582926784,6.2223515268951815,1.878461165733322
2025-09-01,IM2603,2026-03-20,130.0,0.5327868852459017,7501.148,6995.2,0.14506905944797557,0.12327726350236139,0.14238281214504409,0.021791795945614187,0.002686247302931488,7076.89026171945,7005.218679230877,-81.69026171945006,-10.018679230876842,2.0929597222308334
2025-09-02,IM2509,2025-09-19,13.0,0.05327868852459016,7313.882,7251.4,0.17503310196127236,0.28129956216275265,0.1751620319850763,-0.10626646020148028,-0.00012893002380393037,7210.460479495633,7251.350188690468,40.939520504366556,0.0498113095318331,-1.6412773484436485
2025-09-02,IM2510,2025-10-17,27.0,0.11065573770491803,7313.882,7202.2,0.15305877425345615,0.21080121524250806,0.1546045875003433,-0.0577424409890519,-0.0015458132468871566,7156.328016044597,7200.968146684983,45.871983955403266,1.2318533150164512,-1.65915500752277
2025-09-02,IM2512,2025-12-19,72.0,0.29508196721311475,7313.882,7057.0,0.1351668556818853,0.15773129600120503,0.13627896674855633,-0.02256444031931973,-0.0011121110666710288,7010.168042465393,7054.684527155399,46.83195753460677,2.315472844600663,-1.49890751659177
2025-09-02,IM2603,2026-03-20,129.0,0.5286885245901639,7313.882,6881.0,0.12939913029374597,0.139195645738793,0.12710066357887917,-0.009796515445047033,0.0022984667148668037,6845.453333234856,6889.366687706786,35.54666676514444,-8.366687706786252,-0.93740914433838
2025-09-03,IM2509,2025-09-19,12.0,0.04918032786885246,7206.876,7142.6,0.1961605296878551,0.17044946823613263,0.20327529126500915,0.025711061451722472,-0.007114761577154044,7151.637376228277,7140.1011964101635,-9.037376228277026,2.4988035898368253,0.3747032793399314
2025-09-03,IM2510,2025-10-17,26.0,0.10655737704918032,7206.876,7075.4,0.18678570265031197,0.1516388871360334,0.17206634508655744,0.03514681551427856,0.014719357563754532,7101.948134180763,7086.506162016545,-26.548134180763554,-11.106162016545568,0.9757903179146828
2025-09-03,IM2512,2025-12-19,71.0,0.29098360655737704,7206.876,6938.2,0.14456816452935795,0.13493482829469935,0.14643641826243028,0.00963333623465859,-0.0018682537330723392,6957.676050536343,6934.429202998567,-19.476050536342882,3.770797001432584,0.6333295252133988
2025-09-03,IM2603,2026-03-20,128.0,0.5245901639344263,7206.876,6760.8,0.13579859334816102,0.12628338128674227,0.13482282989777025,0.009515212061418754,0.0009757634503907708,6794.631485208087,6764.261576514751,-33.83148520808663,-3.461576514750959,0.9070782332626242
2025-09-04,IM2509,2025-09-19,11.0,0.045081967213114756,7041.154,7003.0,0.134523767118254,0.1962986552850755,0.13911026220520575,-0.0617748881668215,-0.004586495086951747,6983.524242750866,7001.552151837058,19.475757249134404,1.4478481629421367,-0.8475647550997268
2025-09-04,IM2510,2025-10-17,25.0,0.10245901639344263,7041.154,6944.0,0.14960641436966787,0.16774826740824855,0.13997009389681278,-0.01814185303858068,0.009636320472855092,6931.104506435773,6950.859390734499,12.895493564226854,-6.859390734499357,-0.48605859810276336
2025-09-04,IM2512,2025-12-19,70.0,0.28688524590163933,7041.154,6806.6,0.1320937255360709,0.14452810585126102,0.13564116779047217,-0.012434380315190119,-0.003547442254401262,6782.362478717757,6799.676386694827,24.237521282243506,6.923613305173603,-0.8088868375705718
2025-09-04,IM2603,2026-03-20,127.0,0.5204918032786885,7041.154,6631.2,0.12924925756363695,0.13367955858165603,0.12940086831685524,-0.004430301018019084,-0.00015161075321828976,6615.926498023453,6630.67673836827,15.273501976546868,0.523261631729838,-0.42073294827974267
2025-09-05,IM2509,2025-09-19,10.0,0.040983606557377046,7245.667,7226.0,0.0803192561609336,0.13962655500523583,0.08153268407851068,-0.05930729884430222,-0.001213427917577073,7208.457617415895,7225.640655241346,17.542382584105326,0.3593447586536058,-0.7642616920968984
2025-09-05,IM2510,2025-10-17,24.0,0.09836065573770492,7245.667,7174.8,0.11392560806644071,0.14022104221730894,0.10951106053257156,-0.026295434150868227,0.004414547533869148,7156.266815720345,7177.916102285811,18.53318427965496,-3.1161022858104843,-0.6789769124304402
2025-09-05,IM2512,2025-12-19,69.0,0.2827868852459016,7245.667,7040.0,0.1158274409442129,0.1356657161033065,0.12243906927440297,-0.019838275159093588,-0.006611628330190064,7000.61614663154,7026.849737489351,39.38385336846022,13.150262510648645,-1.2766835249422377
2025-09-05,IM2603,2026-03-20,126.0,0.5163934426229508,7245.667,6862.2,0.1192986744328973,0.12936478525425169,0.12082120005842788,-0.01006611082135439,-0.0015225256255305825,6826.622326989628,6856.80690604424,35.577673010371655,5.393093955759468,-0.9522687913856678
2025-09-08,IM2509,2025-09-19,9.0,0.036885245901639344,7311.034,7236.0,0.29368218841294685,0.08782341696120008,0.2913375015523141,0.20585877145174677,0.002344686860632772,7291.153171773653,7236.62582782862,-55.15317177365341,-0.6258278286195491,2.4855655874082365
2025-09-08,IM2510,2025-10-17,23.0,0.0942622950819672,7311.034,7178.8,0.20763495911183544,0.11318910281075704,0.2083573786809601,0.09444585630107839,-0.000722419569124666,7242.995915932148,7178.311162427697,-64.19591593214773,0.4888375723030549,2.3470847268000647
2025-09-08,IM2512,2025-12-19,68.0,0.2786885245901639,7311.034,7042.4,0.14832807367099926,0.12387323076175734,0.15411577468876642,0.024454842909241922,-0.005787701017767155,7090.559881898952,7031.050005283486,-48.159881898952335,11.34999471651372,1.5565468189479144
2025-09-08,IM2603,2026-03-20,125.0,0.5122950819672131,7311.034,6864.4,0.13704642480442997,0.12158844095382083,0.1367252052962166,0.015457983850609133,0.00032121950821337175,6918.975327811134,6865.529692944114,-54.57532781113423,-1.1296929441141401,1.4566391644680567
2025-09-09,IM2509,2025-09-19,8.0,0.03278688524590164,7226.028,7165.8,0.26927886016242714,0.2745251670769592,0.2728874342408308,-0.00524630691453204,-0.003608574078403648,7164.56751629503,7164.952236377314,1.2324837049700363,0.847763622686216,-0.05920404180652428
2025-09-09,IM2510,2025-10-17,22.0,0.09016393442622951,7226.028,7100.6,0.2082042592370613,0.19847197874122408,0.200492076470345,0.009732280495837214,0.007712182766716286,7106.83351603093,7105.539195541718,-6.233516030929422,-4.939195541717709,0.23243760354152643
2025-09-09,IM2512,2025-12-19,67.0,0.27459016393442626,7226.028,6956.4,0.15248787559513613,0.15006024629076062,0.15375431967424916,0.0024276293043755115,-0.0012664440791130271,6961.038703919715,6953.981311001182,-4.638703919715226,2.4186889988177427,0.152790687780976
2025-09-09,IM2603,2026-03-20,124.0,0.5081967213114754,7226.028,6776.8,0.1402985194263113,0.13439366519896712,0.13800305490512899,0.005904854227344186,0.0022954645211823166,6797.1665511667925,6784.710072233784,-20.366551166792306,-7.910072233783467,0.554224191295877
2025-09-10,IM2509,2025-09-19,7.0,0.028688524590163935,7230.168,7151.0,0.39777942073565015,0.2589129541444619,0.3935557805446165,0.13886646659118823,0.004223640191033662,7179.545506367637,7151.866539207411,-28.545506367637245,-0.866539207410824,1.4609316252947782
2025-09-10,IM2510,2025-10-17,21.0,0.0860655737704918,7230.168,7088.6,0.24375984143132776,0.1923865184491513,0.25211010959471836,0.05137332298217645,-0.0083502681633906,7120.011455577298,7083.5074615867325,-31.411455577297602,5.092538413267903,1.177389569493298
2025-09-10,IM2512,2025-12-19,66.0,0.27049180327868855,7230.168,6938.2,0.16638871208774933,0.15046713065544365,0.16853730009007578,0.01592158143230568,-0.0021485880023264514,6968.144884383272,6934.168860052865,-29.944884383272438,4.031139947134761,0.990635775479052
2025-09-10,IM2603,2026-03-20,123.0,0.5040983606557377,7230.168,6750.0,0.15032214046759132,0.13611113831967953,0.14508388774487113,0.014211002147911794,0.005238252722720188,6798.528881155843,6767.847567343541,-48.52888115584301,-17.847567343541414,1.3284742346976044
2025-09-11,IM2509,2025-09-19,6.0,0.02459016393442623,7399.885,7387.8,0.08046838583276358,0.3672320357935527,0.08873724173811598,-0.28676364996078907,-0.008268855905352396,7335.887693504602,7386.297972702701,51.9123064953983,1.5020272972988096,-2.805175458685297
2025-09-11,IM2510,2025-10-17,20.0,0.08196721311475409,7399.885,7326.0,0.13642450134490644,0.2371407026219043,0.1186154985063666,-0.10071620127699785,0.01780900283853984,7265.769702137213,7336.701969451852,60.230297862786756,-10.701969451852165,-2.211498149791469
2025-09-11,IM2512,2025-12-19,65.0,0.26639344262295084,7399.885,7183.6,0.12535337677350228,0.16264559318298466,0.12945870992239616,-0.03729221640948238,-0.004105333148893886,7112.588542624288,7175.748066366885,71.01145737571278,7.85193363311555,-2.293253569362421
2025-09-11,IM2603,2026-03-20,122.0,0.5,7399.885,6994.0,0.1268236418152881,0.1417526224882635,0.12633023047520678,-0.014928980672975406,0.0004934113400813234,6941.987718676401,6995.7256723140845,52.01228132359938,-1.725672314084477,-1.3899037845562396
2025-09-12,IM2510,2025-10-17,19.0,0.0778688524590164,7422.884,7326.0,0.18271953466443333,0.12165744563931732,0.18091485134095336,0.061062089025116006,0.0018046833234799664,7360.916865933094,7327.029585007486,-34.916865933094414,-1.0295850074862756,1.2824657846412728
2025-09-12,IM2512,2025-12-19,64.0,0.26229508196721313,7422.884,7173.6,0.14423515346326835,0.13053121315586635,0.14881459819759815,0.01370394030740199,-0.004579444734329807,7199.431732042012,7164.988489749213,-25.831732042011936,8.611510250787433,0.8326734985054678
2025-09-12,IM2603,2026-03-20,121.0,0.4959016393442623,7422.884,6973.2,0.14001981131595811,0.12687164971070186,0.13660323695760734,0.013148161605256253,0.0034165743583507713,7018.815171338522,6985.024601235994,-45.61517133852249,-11.824601235994123,1.2190423475637173
2025-09-15,IM2510,2025-10-17,18.0,0.07377049180327869,7415.571,7301.0,0.2250688601810178,0.17610403194255836,0.22420445654392337,0.048964828238459435,0.0008644036370944186,7327.420064234765,7301.465581226197,-26.42006423476505,-0.46558122619717324,0.9788123147207258
2025-09-15,IM2512,2025-12-19,63.0,0.2581967213114754,7415.571,7143.2,0.15893260519697777,0.14693055054181303,0.16260489694728042,0.01200205465516474,-0.0036722917503026475,7165.37033332395,7136.430215673135,-22.170333323950217,6.769784326865192,0.7202633264121076
2025-09-15,IM2603,2026-03-20,120.0,0.4918032786885246,7415.571,6934.8,0.15029385461400402,0.13551235059465352,0.1444683449575915,0.014781504019350494,0.005825509656412514,6985.396853999159,6954.696723427529,-50.596853999159066,-19.89672342752874,1.3595404240519355
2025-09-16,IM2510,2025-10-17,17.0,0.06967213114754098,7483.628,7392.0,0.19081914697621205,0.21434349546780704,0.18965408762358416,-0.023524348491594987,0.0011650593526278952,7379.894497999082,7392.600049019247,12.105502000918023,-0.600049019247308,-0.4483197399730624
2025-09-16,IM2512,2025-12-19,62.0,0.2540983606557377,7483.628,7242.4,0.1429463571242942,0.1589075437554962,0.15018760642138843,-0.015961186631201996,-0.0072412492970942155,7213.086399998602,7229.086311778425,29.31360000139739,13.313688221574921,-0.9448322281418031
2025-09-16,IM2603,2026-03-20,119.0,0.48770491803278687,7483.628,7034.0,0.14104847704847168,0.14238958487456368,0.136998940155255,-0.0013411078260920084,0.0040495368932166875,7029.400811864902,7047.905729940754,4.599188135098302,-13.9057299407541,-0.12241721255737319
2025-09-17,IM2510,2025-10-17,16.0,0.06557377049180328,7554.813,7480.2,0.1653610385234485,0.18380731194218483,0.16418736575543372,-0.018446273418736336,0.0011736727680147774,7471.157482148518,7480.775714418697,9.042517851481534,-0.5757144186973164,-0.33451552571119275
2025-09-17,IM2512,2025-12-19,61.0,0.25,7554.813,7331.6,0.13396428193131593,0.14800703441967392,0.14084592823931003,-0.014042752488357985,-0.006881646307994094,7305.906166871032,7318.997474356016,25.693833128968436,12.602525643984336,-0.8204067092255626
2025-09-17,IM2603,2026-03-20,118.0,0.48360655737704916,7554.813,7126.2,0.1347731981324952,0.13575992694872346,0.13116781480971254,-0.0009867288162282717,0.0036053833227826515,7122.80027034737,7138.635988262091,3.399729652629503,-12.435988262091087,-0.08958776824723183
2025-09-18,IM2510,2025-10-17,15.0,0.06147540983606557,7476.402,7370.2,0.24672422878225883,0.1611466604286293,0.24561058436985755,0.08557756835362954,0.0011136444124012768,7409.076176231802,7370.704594037761,-38.876176231801765,-0.5045940377613078,1.4738400660320956
2025-09-18,IM2512,2025-12-19,60.0,0.2459016393442623,7476.402,7213.4,0.1596324280803211,0.13969672794900687,0.16419519350573375,0.019935700131314238,-0.004562765425412646,7248.848500648527,7205.311165178461,-35.44850064852744,8.088834821538512,1.1494094171024014
2025-09-18,IM2603,2026-03-20,117.0,0.47950819672131145,7476.402,7000.0,0.1513105019125043,0.1304957624093041,0.144040435814525,0.020814739503200202,0.007270066097979311,7070.215690263286,7024.444977520758,-70.21569026328598,-24.444977520757675,1.880850018360161
2025-09-19,IM2510,2025-10-17,14.0,0.05737704918032787,7438.189,7343.8,0.23658003133770103,0.2332536528656663,0.235681825872729,0.0033263784720347356,0.0008982054649720184,7345.20175513713,7344.17848261384,-1.4017551371298396,-0.37848261383987847,0.05429444713873009
2025-09-19,IM2512,2025-12-19,59.0,0.24180327868852458,7438.189,7190.8,0.15388633334439747,0.15988311838839814,0.16036637008121357,-0.005996785044000669,-0.006480036736816103,7180.380592052099,7179.541600360877,10.419407947901163,11.258399639123127,-0.3411337785775665
2025-09-19,IM2603,2026-03-20,116.0,0.47540983606557374,7438.189,6979.4,0.14791488188225507,0.14167347728336974,0.1418463286305366,0.006241404598885336,0.006068553251718484,7000.140206336064,6999.564991834749,-20.740206336064148,-20.164991834749344,0.5613656523907006
2025-09-22,IM2510,2025-10-17,13.0,0.05327868852459016,7489.478,7395.6,0.2507527007854619,0.2246307128749444,0.24757725402123987,0.026121987910517508,0.003175446764222045,7405.899957022195,7396.851320369644,-10.299957022194576,-1.2513203696435085,0.4032361243515018
2025-09-22,IM2511,2025-11-21,38.0,0.1557377049180328,7489.478,7312.4,0.1676401537339039,0.16992911997487986,0.1785372709576981,-0.002288966240975965,-0.010897117223794217,7309.79375228378,7300.000708609509,2.6062477162195137,12.399291390490362,-0.08959723294778751
2025-09-22,IM2512,2025-12-19,58.0,0.23770491803278687,7489.478,7230.2,0.16221907835471583,0.15659085413702883,0.16221135305843798,0.0056282242176869945,7.72529627784957e-06,7239.879444028407,7230.2132771243,-9.679444028407488,-0.013277124299747811,0.3157997082973738
2025-09-22,IM2603,2026-03-20,115.0,0.4713114754098361,7489.478,7019.0,0.15165492209130826,0.13978111153302886,0.14258636186590196,0.011873810558279407,0.009068560225406308,7058.390287616421,7049.06422694753,-39.39028761642112,-30.064226947530187,1.0629766778519105
2025-09-23,IM2510,2025-10-17,12.0,0.04918032786885246,7408.069,7305.6,0.2972155621077633,0.235300962131627,0.296664929296416,0.0619145999761363,0.0005506328113472625,7327.879311092387,7305.797840534512,-22.279311092386706,-0.19784053451166983,0.9021115410468207
2025-09-23,IM2511,2025-11-21,37.0,0.15163934426229508,7408.069,7208.6,0.1939998147112151,0.1726898253971874,0.199090677749119,0.021309989314027694,-0.005090863037903903,7231.9317837669005,7203.037287471848,-23.331783766900116,5.562712528152588,0.8157469808203445
2025-09-23,IM2512,2025-12-19,57.0,0.2336065573770492,7408.069,7127.0,0.17957507404724457,0.15812922317004927,0.17726077703006904,0.021445850877195305,0.0023142970171755317,7162.795085838897,7130.854147101751,-35.79508583889674,-3.854147101750641,1.1902381500554446
2025-09-23,IM2603,2026-03-20,114.0,0.4672131147540984,7408.069,6911.8,0.1624113212316745,0.14037314787615907,0.15226487888548423,0.022038173355515445,0.010146442346190276,6983.335161673753,6944.643526631621,-71.53516167375255,-32.84352663162099,1.9760679371092986
2025-09-24,IM2510,2025-10-17,11.0,0.045081967213114756,7534.222,7472.0,0.19795103055019192,0.2797792018365465,0.19554456379791874,-0.08182817128635456,0.002406466752273184,7444.486758316091,7472.810668216239,27.513241683908745,-0.8106682162388097,-1.1224719393383904
2025-09-24,IM2511,2025-11-21,36.0,0.14754098360655737,7534.222,7384.4,0.15013782319568247,0.1912207540378451,0.16007219645390047,-0.041082930842162635,-0.009934373258217999,7339.775460077339,7373.584412336147,44.624539922660915,10.815587663852966,-1.5344017149627762
2025-09-24,IM2512,2025-12-19,56.0,0.22950819672131148,7534.222,7303.2,0.14969435615280638,0.17181172070283848,0.1510589684225908,-0.022117364550032104,-0.001364612269784432,7266.222037933982,7300.913071113724,36.977962066017426,2.2869288862757458,-1.2102461998489444
2025-09-24,IM2603,2026-03-20,113.0,0.46311475409836067,7534.222,7088.2,0.14576895165960949,0.14934325895212586,0.13824003080929903,-0.003574307292516371,0.0075289208503104554,7076.47650587772,7112.957949390067,11.72349412227959,-24.75794939006755,-0.31923456031389735
2025-09-25,IM2510,2025-10-17,10.0,0.040983606557377046,7506.512,7444.6,0.2160801442415183,0.18993980264391513,0.21231939233453512,0.026140341597603173,0.0037607519069831896,7452.57986338574,7445.747518498259,-7.979863385739918,-1.1475184982582505,0.3367964706513652
2025-09-25,IM2511,2025-11-21,35.0,0.14344262295081966,7506.512,7360.0,0.15141367340620945,0.15745733991435606,0.16291270965742027,-0.006043666508146611,-0.01149903625121082,7353.622238293433,7347.870040502034,6.377761706567071,12.12995949796641,-0.22004691115202377
2025-09-25,IM2512,2025-12-19,55.0,0.22540983606557377,7506.512,7281.8,0.14883362847002293,0.14923109193322057,0.15163858294032373,-0.0003974634631976337,-0.0028049544703007967,7281.147636930524,7277.197432794163,0.6523630694764506,4.602567205836749,-0.021430906826657027
2025-09-25,IM2603,2026-03-20,112.0,0.45901639344262296,7506.512,7066.2,0.14569041074262673,0.13722795809029315,0.13717114066884353,0.008462452652333585,0.008519270073783197,7093.701357669671,7093.886364720705,-27.50135766967105,-27.68636472070557,0.75230965728755
2025-09-26,IM2510,2025-10-17,9.0,0.036885245901639344,7397.589,7357.0,0.16316249646224404,0.2045795861717674,0.16162938668026738,-0.041417089709523375,0.0015331097819766548,7345.76944216637,7357.416043722336,11.230557833629973,-0.416043722336326,-0.49999709335493436
2025-09-26,IM2511,2025-11-21,34.0,0.13934426229508196,7397.589,7271.2,0.13767065715646853,0.15941079971206662,0.14695835968609322,-0.021740142555598085,-0.009287702529624686,7249.206217969641,7261.795786519982,21.99378203035849,9.40421348001746,-0.7710015872616617
2025-09-26,IM2512,2025-12-19,54.0,0.22131147540983606,7397.589,7189.2,0.1431132163968541,0.14922489655404372,0.14217846079293464,-0.006111680157189631,0.0009347556039194516,7179.482569563767,7190.687399047603,9.717430436232462,-1.4873990476035033,-0.3245880304506106
2025-09-26,IM2603,2026-03-20,111.0,0.45491803278688525,7397.589,6972.2,0.14418460167215533,0.13586657754154086,0.13336804783688672,0.008318024130614471,0.01081655383526861,6998.632918280336,7006.5922704934155,-26.432918280335798,-34.39227049341571,0.7358936296939373
2025-09-29,IM2510,2025-10-17,8.0,0.03278688524590164,7497.831,7484.2,0.06949923300987865,0.15973526762967066,0.0671676900410573,-0.09023603461979202,0.0023315429688213485,7462.090278962569,7484.772144290761,22.109721037430973,-0.572144290761571,-1.0181661641926
2025-09-29,IM2511,2025-11-21,33.0,0.13524590163934427,7497.831,7403.8,0.10731444903108206,0.14605460273460996,0.11437037488052629,-0.0387401537035279,-0.007055925849444228,7365.109628758562,7396.738034421595,38.69037124143779,7.061965578404852,-1.337092184227041
2025-09-29,IM2512,2025-12-19,53.0,0.21721311475409835,7497.831,7337.4,0.11357604217003299,0.14152555742893264,0.12052951103160292,-0.027949515258899646,-0.006953468861569931,7292.989579578649,7326.326068870441,44.410420421350864,11.073931129558332,-1.4615362809377306
2025-09-29,IM2603,2026-03-20,110.0,0.45081967213114754,7497.831,7114.4,0.13043875114064804,0.1329733724619035,0.12146834838827697,-0.0025346213212554536,0.00897040275237107,7106.275322694847,7143.229129387047,8.124677305152545,-28.829129387047033,-0.22312937398017166
2025-09-30,IM2510,2025-10-17,7.0,0.028688524590163935,7574.963,7556.6,0.09860223553984208,0.07479977015326988,0.09539442355600813,0.0238024653865722,0.0032078119838339497,7561.761844044221,7557.295446197344,-5.161844044220743,-0.6954461973436992,0.2503822921574315
2025-09-30,IM2511,2025-11-21,32.0,0.13114754098360656,7574.963,7479.2,0.11101007281315518,0.11751497630630618,0.12155380445571273,-0.006504903493150999,-0.01054373164255755,7472.822199636897,7468.865025502236,6.377800363103233,10.334974497764051,-0.21830329913503896
2025-09-30,IM2512,2025-12-19,52.0,0.21311475409836064,7574.963,7406.2,0.11972228906728832,0.12258309529652667,0.12398668644477776,-0.002860806229238344,-0.004264397377489432,7401.68596406358,7399.472258582979,4.514035936419532,6.727741417021207,-0.14723770845222117
2025-09-30,IM2603,2026-03-20,109.0,0.44672131147540983,7574.963,7187.0,0.13168999386912675,0.12245665315096235,0.12189869262119075,0.009233340718164396,0.009791301247935993,7216.705656840347,7218.504665557006,-29.70565684034682,-31.504665557005865,0.8087471844457949
2025-10-09,IM2510,2025-10-17,6.0,0.02459016393442623,7648.052,7607.4,0.2307336957800542,0.09959865619562927,0.22585263832867275,0.13113503958442493,0.004881057451381454,7631.9706607767475,7608.313140613695,-24.5706607767479,-0.9131406136957594,1.2826590640777487
2025-10-09,IM2511,2025-11-21,31.0,0.12704918032786885,7648.052,7526.8,0.1397858583547897,0.12321137789885564,0.15632630189805016,0.01657448045593407,-0.016540443543260452,7542.666440626825,7510.999415569466,-15.866440626824442,15.8005844305344,0.5403468801122084
2025-10-09,IM2512,2025-12-19,51.0,0.20901639344262296,7648.052,7449.6,0.13978264690760026,0.12504193465510124,0.14347496696763493,0.01474071225249901,-0.0036923200600346706,7472.587989285561,7443.852948749638,-22.987989285560616,5.747051250362347,0.746398112412935
2025-10-09,IM2603,2026-03-20,108.0,0.4426229508196721,7648.052,7229.0,0.14130984863449456,0.12237767099992142,0.1291108165857972,0.01893217763457314,0.01219903204869735,7289.832217679389,7268.139074850546,-60.83221767938903,-39.13907485054642,1.649782083700265
2025-10-10,IM2511,2025-11-21,30.0,0.12295081967213115,7533.82,7421.8,0.13584222905250046,0.15241986876899644,0.14225314870334146,-0.01657763971649598,-0.006410919650841007,7406.688038086119,7415.952235709601,15.111961913880805,5.847764290399027,-0.5244969060466219
2025-10-10,IM2512,2025-12-19,50.0,0.20491803278688525,7533.82,7340.4,0.14092333556658887,0.14087408039159438,0.13763277460148102,4.925517499448917e-05,0.0032905609651078527,7340.474089039172,7345.351266191478,-0.07408903917257703,-4.95126619147868,0.002452703874961476
2025-10-10,IM2603,2026-03-20,107.0,0.4385245901639344,7533.82,7120.0,0.14282856089879392,0.12776120463080778,0.12943675670189578,0.015067356267986137,0.013391804196898144,7167.200497080638,7161.936181812573,-47.20049708063834,-41.93618181257261,1.306159147234532
2025-10-13,IM2511,2025-11-21,29.0,0.11885245901639344,7519.764,7395.0,0.15476829765464287,0.14141515022000184,0.16061870698138703,0.013353147434641027,-0.00585040932674416,7406.745585324897,7389.85978101619,-11.745585324896638,5.140218983809973,0.4076924319134471
2025-10-13,IM2512,2025-12-19,49.0,0.20081967213114754,7519.764,7305.8,0.15774190011521058,0.1370425229664053,0.1528066336982491,0.020699377148805292,0.004935266416961487,7336.232264489305,7313.044357376216,-30.432264489304544,-7.244357376215703,1.012748615175361
2025-10-13,IM2603,2026-03-20,106.0,0.4344262295081967,7519.764,7077.6,0.15349408020812544,0.12908658360738356,0.14113045344142663,0.024407496600741874,0.012363626766698804,7153.044883647785,7115.71665465312,-75.44488364778499,-38.11665465311944,2.095616462201784
2025-10-14,IM2511,2025-11-21,28.0,0.11475409836065574,7373.152,7230.0,0.18485453735103036,0.15888207439581678,0.18724886447921124,0.025972462955213577,-0.0023943271281808842,7251.5807728861755,7228.0137663890255,-21.58077288617551,1.986233610974523,0.7680798198087108
2025-10-14,IM2512,2025-12-19,48.0,0.19672131147540983,7373.152,7145.8,0.17321265874132696,0.15163084649660105,0.17134892578909247,0.021581812244725912,0.0018637329522344925,7176.2027189534465,7148.420387796539,-30.40271895344631,-2.6203877965390348,1.0368801834430472
2025-10-14,IM2603,2026-03-20,105.0,0.430327868852459,7373.152,6922.0,0.16072660989965665,0.14048174900394164,0.15282783653143717,0.020244860895715006,0.00789877336821948,6982.567410919518,6945.568341749908,-60.5674109195179,-23.56834174990763,1.7169490813623118
2025-10-15,IM2511,2025-11-21,27.0,0.11065573770491803,7483.449,7362.6,0.16112884374647485,0.1829941829665149,0.163564405733345,-0.021865339220040053,-0.002435561986870144,7344.807536793303,7360.615981078535,17.792463206696993,1.9840189214655766,-0.6256249921560674
2025-10-15,IM2512,2025-12-19,47.0,0.19262295081967212,7483.449,7275.2,0.1605166936865689,0.16856645047988142,0.1585029827385729,-0.008049756793312518,0.002013710947995989,7263.928049584332,7278.022502472084,11.271950415667561,-2.8225024720841247,-0.379725404217137
2025-10-15,IM2603,2026-03-20,104.0,0.4262295081967213,7483.449,7060.2,0.1505940206753256,0.1513922843315278,0.1481099963505846,-0.0007982636562021972,0.0024840243247409854,7057.798221278598,7067.679047461042,2.40177872140157,-7.479047461041773,-0.06711538322343615
2025-10-16,IM2511,2025-11-21,26.0,0.10655737704918032,7401.838,7293.2,0.15276036530031145,0.16293801239596717,0.1550037015086092,-0.010177647095655717,-0.0022433362082977526,7285.294787345672,7291.456812494899,7.905212654327443,1.74318750510065,-0.2814213716742961
2025-10-16,IM2512,2025-12-19,46.0,0.1885245901639344,7401.838,7205.0,0.15696871444078875,0.15803890339582086,0.15531056724371642,-0.0010701889550321086,0.0016581471970723294,7203.546487922484,7207.2526460290155,1.4535120775162795,-2.252646029015523,-0.049552910304245745
2025-10-16,IM2603,2026-03-20,103.0,0.42213114754098363,7401.838,6981.4,0.15253248773576142,0.1478018348345207,0.14849157759542578,0.004730652901240723,0.004040910140335641,6995.355477783724,6993.318993257212,-13.955477783724746,-11.918993257212605,0.39499751976181846
2025-10-17,IM2511,2025-11-21,25.0,0.10245901639344263,7185.478,7100.0,0.13080046500476794,0.15612352677660016,0.130771858138453,-0.025323061771832217,2.8606866314950796e-05,7081.602387713841,7100.020810353329,18.39761228615862,-0.020810353328670317,-0.6758305169675177
2025-10-17,IM2512,2025-12-19,45.0,0.18442622950819673,7185.478,7020.8,0.13971353439834372,0.1559395116311582,0.14170710040493079,-0.016225977232814492,-0.0019935660065870664,6999.82168988698,7018.219165988333,20.978310113020598,2.5808340116673207,-0.7371546391214445
2025-10-17,IM2603,2026-03-20,102.0,0.4180327868852459,7185.478,6805.0,0.14414387964133568,0.1487022002207845,0.14242089134533178,-0.004558320579448827,0.0017229882960038967,6792.045232418975,6809.90317298365,12.954767581025408,-4.903172983649711,-0.3782515321213754
2025-10-20,IM2511,2025-11-21,24.0,0.09836065573770492,7239.185,7137.6,0.1576757970209291,0.13508199232153426,0.1561303268808021,0.022593804699394843,0.0015454701401269866,7153.479822962597,7138.685093718777,-15.879822962596336,-1.0850937187769887,0.5812400606241395
2025-10-20,IM2512,2025-12-19,44.0,0.18032786885245902,7239.185,7059.2,0.15361735656115919,0.14430661091994054,0.15666990394196284,0.009310745641218643,-0.003052547380803655,7071.06225996097,7055.315266551449,-11.862259960969823,3.8847334485508327,0.4148174567699937
2025-10-20,IM2603,2026-03-20,101.0,0.4139344262295082,7239.185,6841.6,0.1504636643211344,0.1435604186087063,0.14971636766849802,0.006903245712428091,0.00074729665263637,6861.177769117448,6843.716651876044,-19.577769117448042,-2.116651876043761,0.5694182296466318
2025-10-20,IM2606,2026-06-22,162.0,0.6639344262295082,7239.185,6637.4,0.14471819600040478,0.13746093098588813,0.14167887611402744,0.007257265014516651,0.003039319886377345,6669.458475993277,6650.807192591337,-32.05847599327717,-13.407192591337662,0.7591874186015455
2025-10-21,IM2511,2025-11-21,23.0,0.0942622950819672,7344.047,7261.0,0.1346473136671138,0.1572635733751067,0.1332544662382597,-0.022616259707992914,0.0013928474288540937,7245.53704885782,7261.95338102394,15.462951142179918,-0.9533810239399827,-0.5600720585725434
2025-10-21,IM2512,2025-12-19,43.0,0.1762295081967213,7344.047,7182.8,0.1399764844231299,0.1572886073473155,0.14390419462966383,-0.017312122924185602,-0.00392771020653393,7160.919340755069,7177.8299409975425,21.88065924493094,4.970059002457674,-0.7570961775930832
2025-10-21,IM2603,2026-03-20,100.0,0.4098360655737705,7344.047,6966.8,0.14267106785862113,0.14991287477006507,0.14379689670696458,-0.007241806911443938,-0.0011258288483434464,6946.153514557381,6963.586223278588,20.64648544261945,3.2137767214126143,-0.5994715999392174
2025-10-21,IM2606,2026-06-22,161.0,0.6598360655737705,7344.047,6753.6,0.14102300072195423,0.1417510079065879,0.13777565347337686,-0.0007280071846336722,0.0032473472485773647,6750.356583333686,6768.086567159998,3.2434166663142605,-14.486567159997321,-0.07706691174639158
2025-10-22,IM2511,2025-11-21,22.0,0.09016393442622951,7312.21,7237.2,0.12836016467920194,0.13723383562333513,0.12571992210284813,-0.008873670944133188,0.002640242576353813,7231.411940000921,7238.923054257078,5.788059999078541,-1.7230542570778198,-0.21122930435706008
2025-10-22,IM2512,2025-12-19,42.0,0.1721311475409836,7312.21,7163.2,0.13361080514174054,0.14624219117402248,0.13943538536956207,-0.01263138603228195,-0.005824580227821535,7147.642296115509,7156.02183427404,15.557703884490365,7.178165725959843,-0.5411923555268581
2025-10-22,IM2603,2026-03-20,99.0,0.4057377049180328,7312.21,6947.2,0.14020678908907908,0.1447876902114127,0.14121980737502937,-0.004580901122333614,-0.0010130182859502956,6934.299618588629,6944.345150580136,12.9003814113712,2.8548494198639673,-0.377590868868771
2025-10-22,IM2606,2026-06-22,160.0,0.6557377049180327,7312.21,6736.0,0.13917089698562796,0.13835107418404421,0.13581018554713734,0.0008198228015837417,0.003360711438490621,6739.6221711657,6750.860796394828,-3.6221711656999105,-14.860796394827958,0.08683888818305607
2025-10-23,IM2511,2025-11-21,21.0,0.0860655737704918,7308.099,7248.8,0.10866325430008786,0.1304070695641715,0.1052244265675783,-0.021743815264083644,0.0034388277325095584,7235.247324784282,7250.945706297109,13.55267521571841,-2.145706297108518,-0.49677048890372727
2025-10-23,IM2512,2025-12-19,41.0,0.1680327868852459,7308.099,7179.0,0.1200691068574533,0.14217064292942805,0.12782653339625583,-0.02210153607197475,-0.007757426538802528,7152.388199800092,7169.648255472317,26.61180019990843,9.351744527682968,-0.9270531461369023
2025-10-23,IM2603,2026-03-20,98.0,0.4016393442622951,7308.099,6967.0,0.1330084334537596,0.14238235821135564,0.1352049944949064,-0.009373924757596047,-0.002196561041146794,6940.818999804955,6960.856246568659,26.18100019504527,6.143753431340883,-0.7682041866588367
2025-10-23,IM2606,2026-06-22,159.0,0.6516393442622951,7308.099,6748.4,0.13627276663681406,0.13649270353538942,0.13149528528863547,-0.00021993689857535692,0.004777481348178597,6747.432891745191,6769.441820524241,0.9671082548084087,-21.041820524241302,-0.023256736241583795
2025-10-24,IM2511,2025-11-21,20.0,0.08196721311475409,7419.235,7369.2,0.09655495990815237,0.11212530096899326,0.09362778717949209,-0.01557034106084089,0.0029271727286602767,7359.801002542379,7370.968320431001,9.39899745762068,-1.7683204310014844,-0.34087922021967243
2025-10-24,IM2512,2025-12-19,40.0,0.16393442622950818,7419.235,7298.0,0.1145012461285378,0.13184202326768021,0.12209855963097213,-0.017340777139142408,-0.007597313502434325,7277.283068424516,7288.916281827742,20.716931575483613,9.083718172258159,-0.7116172948754229
2025-10-24,IM2603,2026-03-20,97.0,0.3975409836065574,7419.235,7077.8,0.1325106168221401,0.13693693321609846,0.1326664104821942,-0.004426316393958352,-0.00015579366005410988,7065.356555843204,7077.361654526876,12.443444156796431,0.4383454731241727,-0.3604760448690725
2025-10-24,IM2606,2026-06-22,158.0,0.6475409836065574,7419.235,6859.8,0.1350698122969774,0.13253508495160612,0.12979159724669817,0.0025347273453712738,0.005278215050279228,6871.068508219384,6883.285952899157,-11.268508219383875,-23.485952899156473,0.2674046229662787
2025-10-27,IM2511,2025-11-21,19.0,0.0778688524590164,7495.383,7399.4,0.17951309970535959,0.10182912418737414,0.1763808088883589,0.07768397551798545,0.003132290817000699,7444.295823662537,7401.204992169243,-44.89582366253762,-1.8049921692436328,1.6270395125059214
2025-10-27,IM2512,2025-12-19,39.0,0.1598360655737705,7495.383,7322.6,0.1599105911703774,0.12682410259510646,0.164566195167546,0.03308648857527094,-0.004655603997168606,7361.427519018741,7317.1530354619445,-38.82751901874053,5.446964538055909,1.3275095294844832
2025-10-27,IM2603,2026-03-20,96.0,0.39344262295081966,7495.383,7105.2,0.14987831495794593,0.13469624409107397,0.1503033687627627,0.015182070866871955,-0.00042505380481677735,7147.768314416403,7104.0118663174135,-42.568314416403155,1.18813368258634,1.2284444755578445
2025-10-27,IM2606,2026-06-22,157.0,0.6434426229508197,7495.383,6891.6,0.1445228303364829,0.1310144584773795,0.14068461256836942,0.01350837185910339,0.0038382177681134666,6951.761918472874,6908.6410320400255,-60.16191847287337,-17.04103204002513,1.4215081304198045
2025-10-28,IM2511,2025-11-21,18.0,0.07377049180327869,7479.221,7410.0,0.14004230557057656,0.1741457112669691,0.13781600568854918,-0.03410340569639253,0.0022262998820273827,7391.381167355892,7411.2170830488685,18.618832644107897,-1.217083048868517,-0.6821467643182985
2025-10-28,IM2512,2025-12-19,38.0,0.1557377049180328,7479.221,7335.6,0.13850057837707308,0.16319655382791898,0.14436005414938252,-0.024695975450845897,-0.0058594757723094415,7307.440775143671,7328.909015339416,28.159224856329274,6.690984660584036,-0.9681121984840361
2025-10-28,IM2603,2026-03-20,95.0,0.38934426229508196,7479.221,7122.6,0.13948230346212775,0.1496053772121247,0.14111990359879575,-0.010123073749996936,-0.0016376001366679993,7094.582514188874,7118.060147355974,28.01748581112679,4.539852644026723,-0.8137097593963277
2025-10-28,IM2606,2026-06-22,156.0,0.639344262295082,7479.221,6907.2,0.13844671994594066,0.1401978949176963,0.13457443991204704,-0.0017511749717556424,0.003872280033893616,6899.471001042519,6924.321478582275,7.728998957481053,-17.121478582274904,-0.18380461170740575
2025-10-29,IM2511,2025-11-21,17.0,0.06967213114754098,7569.117,7519.6,0.1082051122900019,0.14010922565606507,0.10577562033942364,-0.031904113366063164,0.002429491950578261,7502.903789073817,7520.872934494427,16.696210926183085,-1.2729344944264085,-0.6083531407856257
2025-10-29,IM2512,2025-12-19,37.0,0.15163934426229508,7569.117,7446.4,0.12179340908912177,0.14559056193069617,0.1275091988830767,-0.023797152841574395,-0.005715789793954942,7419.5774600554605,7439.948713760934,26.82253994453913,6.4512862390656665,-0.9108102612321667
2025-10-29,IM2603,2026-03-20,94.0,0.38524590163934425,7569.117,7237.0,0.13047018156710266,0.14156978271962573,0.13292408051208837,-0.011099601152523064,-0.0024538989449857107,7206.120108477777,7230.161702216712,30.87989152222326,6.838297783287999,-0.8862294076689905
2025-10-29,IM2606,2026-06-22,155.0,0.6352459016393442,7569.117,7023.0,0.1318849617538182,0.13480504103250684,0.1288299750865816,-0.0029200792786886476,0.003054986667236609,7009.984632247157,7036.642543218144,13.015367752843304,-13.642543218144056,-0.3056937964877879
2025-10-30,IM2511,2025-11-21,16.0,0.06557377049180328,7485.085,7438.4,0.10941317894988686,0.11153639193584422,0.10764065346077785,-0.0021232129859573567,0.0017725254891090142,7437.364445370641,7439.264624253614,1.0355546293585576,-0.8646242536142381,-0.03852237924075108
2025-10-30,IM2512,2025-12-19,36.0,0.14754098360655737,7485.085,7364.4,0.12417137919432623,0.13067325232992066,0.1282972959556085,-0.00650187313559443,-0.004125916761282253,7357.338771849132,7359.91834598463,7.061228150867464,4.481654015369713,-0.24278491990546947
2025-10-30,IM2603,2026-03-20,93.0,0.38114754098360654,7485.085,7157.0,0.13159612820905964,0.13420709992838292,0.13276307417826258,-0.002610971719323285,-0.0011669459692029427,7149.881143678947,7153.817427478064,7.11885632105259,3.182572521935981,-0.20704872871212865
2025-10-30,IM2606,2026-06-22,154.0,0.6311475409836066,7485.085,6950.0,0.1315172356058696,0.12957820041313933,0.12845537203030577,0.001939035192730254,0.003061863575563817,6958.510736923001,6963.44377506341,-8.510736923000877,-13.443775063409703,0.20245586120317774
2025-10-31,IM2511,2025-11-21,15.0,0.06147540983606557,7506.675,7439.6,0.1600021298304113,0.11293979534834159,0.15673353324446274,0.0470623344820697,0.003268596585948552,7461.155240922897,7441.0950508875885,-21.5552409228967,-1.4950508875881496,0.8108686027151754
2025-10-31,IM2512,2025-12-19,35.0,0.14344262295081966,7506.675,7368.2,0.14380229551872198,0.131158546550131,0.149733171158686,0.012643748968590968,-0.005930875639964028,7381.575480038433,7361.934240537906,-13.375480038433125,6.265759462094138,0.4602580007087427
2025-10-31,IM2603,2026-03-20,92.0,0.3770491803278688,7506.675,7165.0,0.1375503639245529,0.13390013449381627,0.13958302947522047,0.003650229430736618,-0.002032665550667584,7174.86809349637,7159.5107411800345,-9.86809349637042,5.489258819965471,0.287456044676134
2025-10-31,IM2606,2026-06-22,153.0,0.6270491803278688,7506.675,6960.0,0.13458567773142316,0.1291109396569919,0.13186150605023056,0.005474738074431246,0.0027241716811925998,6983.934251753949,6971.899159870855,-23.934251753948956,-11.899159870855328,0.5700968969296833
2025-11-03,IM2511,2025-11-21,14.0,0.05737704918032787,7538.118,7471.4,0.16894262867441076,0.15574037843191013,0.16685623535220184,0.01320225024250063,0.002086393322208918,7477.06177567894,7472.294462992198,-5.661775678940103,-0.8944629921979868,0.21557327695205494
2025-11-03,IM2512,2025-12-19,34.0,0.13934426229508196,7538.118,7398.0,0.14865107943992265,0.14911833205687677,0.15356030912459884,-0.000467252616954128,-0.004909229684676192,7397.518339511331,7392.940958602569,0.48166048866914934,5.059041397431429,-0.01656783000132424
2025-11-03,IM2603,2026-03-20,91.0,0.3729508196721312,7538.118,7193.0,0.1396579028249216,0.13924176935274815,0.14042254772189788,0.0004161334721734522,-0.0007646448969762798,7194.116420949981,7190.949029105424,-1.1164209499811477,2.0509708945755847,0.032539655851860576
2025-11-03,IM2606,2026-06-22,152.0,0.6229508196721312,7538.118,6988.6,0.13550605840626515,0.13160639950700706,0.132083925268831,0.003899658899258085,0.0034221331374341413,7005.598014225123,7003.514333439184,-16.99801422512246,-14.914333439183793,0.4049863412676201
2025-11-04,IM2511,2025-11-21,13.0,0.05327868852459016,7435.731,7365.2,0.19288369805552097,0.16455208911195596,0.19293878188834498,0.028331608943565012,-5.508383282401552e-05,7376.325950612938,7365.178384684211,-11.12595061293814,0.021615315788949374,0.4374880859943757
2025-11-04,IM2512,2025-12-19,33.0,0.13524590163934427,7435.731,7284.4,0.1660328405740448,0.15224970829578674,0.16706894728120653,0.013783132278258059,-0.001036106707161727,7297.991602762987,7283.3793144745105,-13.59160276298735,1.0206855254891707,0.47564137356938596
2025-11-04,IM2603,2026-03-20,90.0,0.36885245901639346,7435.731,7074.8,0.14889870555815327,0.1397960189579701,0.1475632443976936,0.00910268660018318,0.0013354611604596556,7098.593905209252,7078.285820989583,-23.793905209251534,-3.4858209895828622,0.7066848543497342
2025-11-04,IM2606,2026-06-22,151.0,0.6188524590163934,7435.731,6866.0,0.14281131462732521,0.13165527486348952,0.1373834839526412,0.011156039763835696,0.0054278306746840255,6913.566479358251,6889.101853134007,-47.566479358250945,-23.101853134006888,1.155419155483018
2025-11-05,IM2511,2025-11-21,12.0,0.04918032786885246,7464.863,7391.8,0.21399461658519311,0.18818646240021755,0.21303257885467636,0.025808154184975562,0.0009620377305167571,7401.1880245378625,7392.149738953744,-9.388024537862293,-0.3497389537442359,0.3760487148735924
2025-11-05,IM2512,2025-12-19,32.0,0.13114754098360656,7464.863,7310.8,0.17301458355533433,0.16447839514168566,0.1764491615916687,0.008536188413648671,-0.0034345780363343736,7318.989024427652,7307.507690644343,-8.18902442765193,3.2923093556573804,0.28643444071792407
2025-11-05,IM2603,2026-03-20,89.0,0.36475409836065575,7464.863,7093.8,0.15378161075126734,0.14641264471962415,0.1521034405457824,0.007368966031643193,0.0016781702054849412,7112.892793133676,7098.143582286746,-19.092793133675514,-4.343582286745914,0.5679160575036953
2025-11-05,IM2606,2026-06-22,150.0,0.6147540983606558,7464.863,6886.4,0.14520469895497276,0.1366329297406863,0.14065736111127444,0.008571769214286457,0.004547337843698318,6922.783871910679,6905.677826824286,-36.38387191067977,-19.27782682428642,0.8853246542789802
2025-11-06,IM2511,2025-11-21,11.0,0.045081967213114756,7551.83,7487.8,0.20287571031407475,0.20637190964906127,0.20197581172146617,-0.003496199334986516,0.0008998985926085834,7486.619899334753,7488.103780209145,1.180100665246755,-0.30378020914486115,-0.04796080598648651
2025-11-06,IM2512,2025-12-19,31.0,0.12704918032786885,7551.83,7405.0,0.1685422821790771,0.17290558809086956,0.17184597102865284,-0.004363305911792459,-0.003303688849575742,7400.896142975443,7401.892544431536,4.103857024557328,3.1074555684635925,-0.1422327199187997
2025-11-06,IM2603,2026-03-20,88.0,0.36065573770491804,7551.83,7186.8,0.15137174468819345,0.15057848032338852,0.15087469150660332,0.0007932643648049242,0.0004970531815901291,7188.856404172977,7188.088457774785,-2.056404172976727,-1.288457774784547,0.06068216025111899
2025-11-06,IM2606,2026-06-22,149.0,0.610655737704918,7551.83,6974.6,0.14421238431775352,0.1396798941380854,0.14016985225604014,0.004532490179668114,0.004042532061713372,6993.930975756305,6991.838734441179,-19.330975756304724,-17.238734441179076,0.466828975113576
2025-11-07,IM2511,2025-11-21,10.0,0.040983606557377046,7541.878,7493.4,0.17134558403810987,0.1967900792268318,0.17034985544137712,-0.02544449518872194,0.0009957285967327478,7485.589901599493,7493.705801021029,7.810098400506831,-0.30580102102976525,-0.32784312150265676
2025-11-07,IM2512,2025-12-19,30.0,0.12295081967213115,7541.878,7412.0,0.15528343550636725,0.16911306550734767,0.1593768657633318,-0.01382963000098042,-0.004093430256964542,7399.407608340297,7408.270548610685,12.592391659703026,3.729451389314818,-0.43751243110272553
2025-11-07,IM2603,2026-03-20,87.0,0.35655737704918034,7541.878,7191.0,0.14761377879383414,0.1496912611024515,0.14698782784786155,-0.0020774823086173733,0.000625950945972592,7185.675299203713,7192.6051199054755,5.3247007962872885,-1.6051199054754761,-0.15772063778973694
2025-11-07,IM2606,2026-06-22,148.0,0.6065573770491803,7541.878,6975.0,0.1428235835122834,0.13940185709109576,0.13812518252618833,0.0034217264211876264,0.004698400986095058,6989.491460104102,6994.906053363091,-14.491460104101861,-19.906053363090905,0.3514315235222805
2025-11-10,IM2511,2025-11-21,9.0,0.036885245901639344,7563.254,7508.8,0.20990095258113847,0.1688374241490379,0.20940536189262332,0.041063528432100566,0.0004955906885151518,7520.181733825283,7508.937262001526,-11.381733825282936,-0.13726200152541423,0.49574525195269636
2025-11-10,IM2512,2025-12-19,29.0,0.11885245901639344,7563.254,7421.0,0.17375859511431194,0.15852911158025945,0.17542836257588462,0.015229483534052485,-0.0016697674615726854,7434.4446310271605,7419.527404383111,-13.44463102716054,1.4725956168886114,0.46710402906514853
2025-11-10,IM2603,2026-03-20,86.0,0.3524590163934426,7563.254,7199.2,0.1539641088303647,0.14655789867083166,0.15348215581376018,0.00740621015953305,0.0004819530166045305,7218.017237074018,7200.423022519222,-18.81723707401852,-1.223022519222468,0.5579514112166446
2025-11-10,IM2606,2026-06-22,147.0,0.6024590163934426,7563.254,6984.2,0.1462099324391878,0.1378133692299554,0.14242117359661066,0.008396563209232405,0.00378875884257715,7019.61968204807,7000.16014700533,-35.41968204807017,-15.960147005330327,0.8599169267571226
2025-11-11,IM2511,2025-11-21,8.0,0.03278688524590164,7540.791,7476.6,0.2747426847789924,0.20396116360942376,0.27198252695351394,0.07078152116956862,0.0027601578254784487,7493.971136430182,7477.276640321342,-17.37113643018165,-0.6766403213414378,0.7986774167695967
2025-11-11,IM2512,2025-12-19,28.0,0.11475409836065574,7540.791,7390.4,0.1895512288700974,0.17265941309080124,0.1971205414547027,0.01689181577929616,-0.007569312584605303,7404.739482345736,7383.983414467676,-14.339482345736542,6.416585532323552,0.5017462535347024
2025-11-11,IM2603,2026-03-20,85.0,0.3483606557377049,7540.791,7167.0,0.15994049537498364,0.1523118406097077,0.15976004404831332,0.0076286547652759384,0.00018045132667032782,7186.071799255294,7167.45054713624,-19.071799255293627,-0.4505471362399476,0.5702127192337452
2025-11-11,IM2606,2026-06-22,146.0,0.5983606557377049,7540.791,6949.8,0.15039633674519984,0.1416640655516681,0.14569458128059126,0.008732271193531732,0.004701755464608576,6986.208069351179,6969.379717778181,-36.40806935117871,-19.579717778180566,0.8917147797797689
2025-11-12,IM2511,2025-11-21,7.0,0.028688524590163935,7486.377,7458.2,0.14544177692186677,0.2599288633525613,0.1468986293472154,-0.11448708643069455,-0.001456852425348626,7433.743983162729,7457.888291443019,24.45601683727091,0.31170855698110245,-1.2043411309740613
2025-11-12,IM2512,2025-12-19,27.0,0.11065573770491803,7486.377,7369.8,0.155830874945888,0.19122285142857381,0.15412309838072297,-0.03539197648268583,0.00170777656516502,7340.993909878062,7371.192841588678,28.806090121937814,-1.3928415886775838,-1.0169503780362612
2025-11-12,IM2603,2026-03-20,84.0,0.3442622950819672,7486.377,7148.6,0.14810831278655578,0.15741959014221962,0.14831499522781616,-0.009311277355663838,-0.00020668244126037516,7125.721695526386,7148.091373962694,22.878304473614662,0.5086260373063851,-0.6904377476994721
2025-11-12,IM2606,2026-06-22,145.0,0.5942622950819673,7486.377,6919.8,0.14642990857895835,0.14424172892969753,0.14030999613300846,0.002188179649260824,0.006119912445949893,6928.804033280144,6945.011976574867,-9.00403328014363,-25.21197657486664,0.2227968857296966
2025-11-13,IM2511,2025-11-21,6.0,0.02459016393442623,7590.576,7566.0,0.14588003357613835,0.14848292557364678,0.1455752656886769,-0.002602891997508433,0.000304767887461449,7565.515749574903,7566.056702028123,0.4842504250973434,-0.05670202812325442,-0.02546000788692788
2025-11-13,IM2512,2025-12-19,26.0,0.10655737704918032,7590.576,7478.4,0.15372390186443013,0.15476656939580355,0.15577179718138087,-0.0010426675313734146,-0.0020478953169507375,7477.569166620307,7476.76825391054,0.8308333796921943,1.6317460894597389,-0.028947534767663433
2025-11-13,IM2603,2026-03-20,83.0,0.3401639344262295,7590.576,7246.0,0.15057498835562805,0.14844658731503532,0.1505104639185599,0.0021284010405927256,6.452443706814193e-05,7251.24804177666,7246.159043376114,-5.248041776660102,-0.15904337611391384,0.1565420485393865
2025-11-13,IM2606,2026-06-22,144.0,0.5901639344262295,7590.576,7012.0,0.14834319885075076,0.14033025407845556,0.14232218503559646,0.008012944772295194,0.006021013815154297,7045.2379328407815,7036.960658191958,-33.23793284078147,-24.96065819195792,0.8134455601608307
2025-11-14,IM2512,2025-12-19,25.0,0.10245901639344263,7502.757,7372.0,0.18559556869888558,0.1565755909405781,0.18562725211518197,0.029019977758307475,-3.168341629639082e-05,7393.952217686465,7371.976068671534,-21.95221768646479,0.023931328465550905,0.7774848716355376
2025-11-14,IM2603,2026-03-20,82.0,0.3360655737704918,7502.757,7140.0,0.1614646036677633,0.1506913603907198,0.16147942334450013,0.010773243277043515,-1.4819676736832488e-05,7165.897338125616,7139.9644401527485,-25.897338125616443,0.03555984725153394,0.7858151804309481
2025-11-14,IM2606,2026-06-22,143.0,0.5860655737704918,7502.757,6913.4,0.15359017449070653,0.1423686551882828,0.14939450791029357,0.011221519302423738,0.0041956665804129545,6959.016128017252,6930.420523968696,-45.61612801725278,-17.02052396869658,1.1357434054556097
2025-11-17,IM2512,2025-12-19,24.0,0.09836065573770492,7523.076,7394.4,0.1893967557660033,0.18284380189746877,0.18956315332800278,0.006552953868534522,-0.0001663975619994873,7399.167617842356,7394.278977042938,-4.7676178423562305,0.12102295706154109,0.1683593986583139
2025-11-17,IM2603,2026-03-20,81.0,0.3319672131147541,7523.076,7162.0,0.1621647083219555,0.16035657601121867,0.16370155108435672,0.001808132310736843,-0.0015368427624012082,7166.300213945801,7158.347012672306,-4.300213945801261,3.6529873276940634,0.13071592599210474
2025-11-17,IM2606,2026-06-22,142.0,0.5819672131147541,7523.076,6927.8,0.1556450833295119,0.14866890544951888,0.15118196563870145,0.006976177879993023,0.004463117690810453,6955.983394587989,6945.8175749132015,-28.183394587988914,-18.017574913201315,0.7006078276046208
2025-11-18,IM2512,2025-12-19,23.0,0.0942622950819672,7448.101,7351.8,0.15206070982695946,0.1865550979982627,0.15313551914137324,-0.034494388171303236,-0.0010748093144137827,7327.934294757299,7351.055197518179,23.86570524270155,0.7448024818213526,-0.853175879217959
2025-11-18,IM2603,2026-03-20,80.0,0.32786885245901637,7448.101,7116.8,0.15277778884752186,0.16251346514901088,0.1536993873768644,-0.009735676301489027,-0.0009215985293425377,7094.119214435238,7114.649888002065,22.680785564762118,2.1501119979348005,-0.6962431848925292
2025-11-18,IM2606,2026-06-22,141.0,0.5778688524590164,7448.101,6887.8,0.1493375762307056,0.1504190829417275,0.14584607808530975,-0.0010815067110219179,0.003491498145395844,6883.496683092331,6901.711047262211,4.303316907668886,-13.911047262210559,-0.1077549714725411
2025-11-19,IM2512,2025-12-19,22.0,0.09016393442622951,7387.208,7298.2,0.14844525678985954,0.155102925496956,0.14837660228915855,-0.00665766870709647,6.8654500700982e-05,7293.820339438648,7298.245177164804,4.379660561351557,-0.04517716480404488,-0.1583003592204051
2025-11-19,IM2603,2026-03-20,79.0,0.3237704918032787,7387.208,7068.8,0.1500813372313416,0.15425441026367848,0.15262419706894337,-0.0041730730323368825,-0.002542859837601774,7059.255666943458,7062.982630950748,9.5443330565422,5.817369049252193,-0.295600060865826
2025-11-19,IM2606,2026-06-22,140.0,0.5737704918032787,7387.208,6838.6,0.14849074935757797,0.14610317450507235,0.14530879641906558,0.002387574852505625,0.0031819529385123946,6847.974754759694,6851.096709426488,-9.374754759694042,-12.496709426487541,0.23674304313196332
2025-11-20,IM2512,2025-12-19,21.0,0.0860655737704918,7340.412,7263.6,0.13622538788724034,0.15097190755427325,0.13625297420237142,-0.014746519667032915,-2.7586315131084005e-05,7254.387121247335,7263.582754548627,9.212878752665347,0.017245451373128162,-0.3365602420545175
2025-11-20,IM2603,2026-03-20,78.0,0.319672131147541,7340.412,7035.2,0.14685128185707103,0.15337738944518944,0.14941870490862355,-0.006526107588118418,-0.0025674230515525254,7020.5383611772995,7029.428343808266,14.661638822700297,5.77165619173411,-0.4580352630679187
2025-11-20,IM2606,2026-06-22,139.0,0.569672131147541,7340.412,6807.0,0.14643315452970174,0.14567882235213975,0.14349938570685628,0.0007543321775619893,0.0029337688228454617,6809.925746368387,6818.3859580478675,-2.925746368387081,-11.385958047867462,0.07451368505193252
2025-11-21,IM2512,2025-12-19,20.0,0.08196721311475409,7067.703,7018.2,0.09975085124140338,0.14036744676607932,0.0998911863586831,-0.04061659552467593,-0.00014033511727971903,6994.873654959205,7018.119270962662,23.326345040794877,0.08072903733773273,-0.8883876169848479
2025-11-21,IM2603,2026-03-20,77.0,0.3155737704918033,7067.703,6802.8,0.13505328337459485,0.15065838259668085,0.13948608946629887,-0.015605099222086,-0.004432806091704017,6769.381556331352,6793.290370237893,33.41844366864825,9.50962976210758,-1.0851649227014981
2025-11-21,IM2606,2026-06-22,138.0,0.5655737704918032,7067.703,6574.4,0.14192710311005363,0.14414819630670153,0.13774707173241066,-0.0022210931966478997,0.004180031377642973,6566.146476052173,6589.961031729311,8.25352394782658,-15.561031729311253,-0.21863158836322905
2025-11-24,IM2512,2025-12-19,19.0,0.0778688524590164,7156.409,7095.2,0.12431136965471758,0.10847162834638244,0.1202650433839241,0.01583974130833514,0.004046326270793474,7103.956778466026,7097.435927597296,-8.756778466025935,-2.235927597295813,0.33147636381685147
2025-11-24,IM2601,2026-01-16,37.0,0.15163934426229508,7156.409,7029.8,0.1317139285282046,0.1331629966116067,0.13750185520155025,-0.0014490680834020886,-0.005787926673345656,7028.255471437693,7023.632810173103,1.5445285623072778,6.167189826896902,-0.05536163849505806
2025-11-24,IM2603,2026-03-20,76.0,0.3114754098360656,7156.409,6886.0,0.13766290472895212,0.1421521855304292,0.1424603586593673,-0.0044892808014770635,-0.004797453930415169,6876.3780309934555,6875.718010478679,9.621969006544532,10.281989521320611,-0.3092645552205695
2025-11-24,IM2606,2026-06-22,137.0,0.5614754098360656,7156.409,6662.0,0.14150082696892208,0.13921338036846914,0.13816410482027022,0.002287446600452936,0.003336722148651855,6670.56180348427,6674.492872263615,-8.561803484270058,-12.492872263615027,0.22438345357617787
2025-11-25,IM2512,2025-12-19,18.0,0.07377049180327869,7249.947,7172.0,0.16053017064023734,0.1256102550739817,0.15769274931653754,0.03491991556625562,0.002837421323699796,7190.499315059182,7173.501385583762,-18.499315059181754,-1.501385583762385,0.6985776313391097
2025-11-25,IM2601,2026-01-16,36.0,0.14754098360655737,7249.947,7103.4,0.1524063961914587,0.14065326137484646,0.15724998161873452,0.011753134816612248,-0.004843585427275809,7115.728472363102,7098.325529418023,-12.328472363102264,5.074470581977039,0.4388945448724837
2025-11-25,IM2603,2026-03-20,75.0,0.3073770491803279,7249.947,6954.0,0.14958957970513573,0.14403914700198706,0.15196634118563473,0.005550432703148672,-0.0023767614804990067,6965.874176144054,6948.921527630596,-11.874176144054218,5.078472369404153,0.3800610783101203
2025-11-25,IM2606,2026-06-22,136.0,0.5573770491803278,7249.947,6725.6,0.14868982579474094,0.13900317005451568,0.14334071430035494,0.009686655740225258,0.005349111494385994,6762.010522668577,6745.68211020022,-36.41052266857696,-20.082110200220086,0.9513315089413071
2025-11-26,IM2512,2025-12-19,17.0,0.06967213114754098,7248.449,7176.2,0.15778087382198364,0.15828833355155666,0.15535539519469688,-0.0005074597295730288,0.002425478627286759,7175.946284187266,7177.412796058672,0.2537158127333896,-1.212796058672211,-0.009677558158147054
2025-11-26,IM2601,2026-01-16,35.0,0.14344262295081966,7248.449,7107.6,0.15079951225890353,0.15752661488437802,0.1559676498699433,-0.00672710262547449,-0.005168137611039764,7100.744806315211,7102.332866844742,6.8551936847898105,5.267133155258307,-0.2448995395409879
2025-11-26,IM2603,2026-03-20,74.0,0.30327868852459017,7248.449,6959.0,0.14837056616517091,0.15202578069731615,0.15122301214899234,-0.0036552145321452345,-0.0028524459838214222,6951.289884117277,6952.982469206069,7.7101158827226755,6.017530793930746,-0.24790982358110558
2025-11-26,IM2606,2026-06-22,135.0,0.5532786885245902,7248.449,6725.8,0.14926029282732928,0.14330940242612636,0.14282653874113638,0.0059508904012029185,0.0064337540861929,6747.9811978959515,6749.784217149377,-22.1811978959513,-23.98421714937649,0.5827229615277171
2025-11-27,IM2512,2025-12-19,16.0,0.06557377049180328,7257.454,7179.0,0.17975196072977434,0.15618339446389926,0.179153397694067,0.023568566265875085,0.0005985630357073501,7190.103577128894,7179.281781532118,-11.103577128894358,-0.2817815321177477,0.42766305709383456
2025-11-27,IM2601,2026-01-16,34.0,0.13934426229508196,7257.454,7103.6,0.16777296829149538,0.15637530407531045,0.16911944171679286,0.011397664216184933,-0.0013464734252974786,7114.890894933983,7102.267323822794,-11.2908949339826,1.33267617720594,0.4041727936809791
2025-11-27,IM2603,2026-03-20,73.0,0.29918032786885246,7257.454,6954.8,0.15637904697056662,0.15134788345394484,0.15852527401632316,0.005031163516621778,-0.002146227045756538,6965.276422585796,6950.335694382771,-10.476422585796172,4.464305617229002,0.33786828923255535
2025-11-27,IM2606,2026-06-22,134.0,0.5491803278688525,7257.454,6720.0,0.15410138416524338,0.14283190539676086,0.14755805165324365,0.011269478768482527,0.006543332511999733,6761.718884445944,6744.191554776547,-41.71888444594424,-24.19155477654658,1.0998568214014248
2025-11-28,IM2512,2025-12-19,15.0,0.06147540983606557,7334.21,7260.8,0.17763758164774365,0.17741154902682438,0.17660923914240567,0.00022603262091927534,0.0010283425053379813,7260.900892769865,7261.259026144159,-0.10089276986491313,-0.45902614415899734,0.0038948559608734455
2025-11-28,IM2601,2026-01-16,33.0,0.13524590163934427,7334.21,7185.6,0.16535896467321476,0.16802363305055307,0.16916038736485353,-0.0026646683773383084,-0.0038014226916387728,7183.010880683103,7181.906639691684,2.5891193168972677,3.693360308316187,-0.09196306832978982
2025-11-28,IM2603,2026-03-20,72.0,0.29508196721311475,7334.21,7026.0,0.15949228325132245,0.15787588715956782,0.1597927974208688,0.0016163960917546238,-0.0003005141695463509,7029.351985906359,7025.376987853221,-3.3519859063590047,0.6230121467788194,0.10745357611901125
2025-11-28,IM2606,2026-06-22,133.0,0.5450819672131147,7334.21,6787.2,0.15620103080612793,0.1471240435626462,0.14908198769661618,0.009076987243481743,0.007119043109511752,6820.864255120189,6813.588638783212,-33.66425512018941,-26.388638783212627,0.8828182175715789
2025-12-01,IM2512,2025-12-19,14.0,0.05737704918032787,7386.681,7290.0,0.24362086426455642,0.17554463378031165,0.24028583450860133,0.06807623048424477,0.0033350297559550934,7318.530520427668,7291.395105347865,-28.530520427668307,-1.3951053478649555,1.1116815309500276
2025-12-01,IM2601,2026-01-16,32.0,0.13114754098360656,7386.681,7215.4,0.19288923209551537,0.16846184590088886,0.19915497305646893,0.024427386194626505,-0.006265740960953559,7238.552260455089,7209.473277752979,-23.152260455089163,5.926722247020734,0.8197430234998127
2025-12-01,IM2603,2026-03-20,71.0,0.29098360655737704,7386.681,7057.6,0.17061866251829222,0.1593460239449413,0.17326149457096204,0.011272638573350924,-0.0026428320526698246,7080.788017338695,7052.174645159056,-23.188017338694408,5.425354840944237,0.7416495896613597
2025-12-01,IM2606,2026-06-22,132.0,0.5409836065573771,7386.681,6813.2,0.1633882728763374,0.1487605352230169,0.15627198482085597,0.014627737653320483,0.007116288055481423,6867.329236849093,6839.479978312822,-54.129236849093104,-26.279978312822095,1.4176726624809428
2025-12-02,IM2512,2025-12-19,13.0,0.05327868852459016,7313.178,7239.6,0.2037938976370082,0.23175329755253193,0.20173155029993506,-0.027959399915523736,0.0020623473370731393,7228.823629551616,7240.395524881886,10.776370448384114,-0.7955248818852851,-0.43177339947133087
2025-12-02,IM2601,2026-01-16,31.0,0.12704918032786885,7313.178,7165.4,0.17467824678287194,0.19425001041514525,0.18039481777504018,-0.01957176363227331,-0.005716570992168241,7147.604818262729,7160.197762124199,17.795181737270468,5.2022378758010746,-0.6380491474185671
2025-12-02,IM2603,2026-03-20,70.0,0.28688524590163933,7313.178,7008.0,0.16258056725989206,0.1707193899942972,0.1645568381194665,-0.008138822734405138,-0.0019762708595744416,6991.6560518384385,7004.027849773178,16.343948161561457,3.972150226822123,-0.5298357744470596
2025-12-02,IM2606,2026-06-22,131.0,0.5368852459016393,7313.178,6768.8,0.15807940648580826,0.15478391741538539,0.1514879122765856,0.0032954890704228745,0.00659149420922267,6780.786635030952,6792.796378857884,-11.98663503095213,-23.99637885788343,0.3182481471130294
2025-12-03,IM2512,2025-12-19,12.0,0.04918032786885246,7248.274,7195.4,0.16286925156394919,0.19775392819832804,0.16147179992659053,-0.03488467663437886,0.0013974516373586598,7183.065868623933,7195.894536182919,12.33413137606658,-0.49453618291954626,-0.5083355424377105
2025-12-03,IM2601,2026-01-16,30.0,0.12295081967213115,7248.274,7121.2,0.15785525087792604,0.1780925445169009,0.16176141383712203,-0.020237293638974863,-0.003906162959195991,7103.503114016804,7117.780751345173,17.696885983195898,3.4192486548272427,-0.6402850770309393
2025-12-03,IM2603,2026-03-20,69.0,0.2827868852459016,7248.274,6968.2,0.15335027342216886,0.1633263138093252,0.15616027588413925,-0.009976040387156326,-0.0028100024619703845,6948.5697594425155,6962.665045803033,19.630240557484285,5.534954196967192,-0.6424639727104874
2025-12-03,IM2606,2026-06-22,130.0,0.5327868852459017,7248.274,6731.0,0.1529667286862802,0.15073425763625764,0.14690809185617879,0.0022324710500225553,0.00605863683010141,6739.010825279782,6752.762519273413,-8.010825279781784,-21.76251927341309,0.21481166136819144
2025-12-04,IM2512,2025-12-19,11.0,0.045081967213114756,7248.657,7213.4,0.12215417378039965,0.1620908515253873,0.12201574002040202,-0.039936677744987645,0.00013843375999762764,7200.424505742852,7213.445018004935,12.975494257148057,-0.04501800493562769,-0.5478817470428602
2025-12-04,IM2601,2026-01-16,29.0,0.11885245901639344,7248.657,7137.2,0.14437734247211265,0.16200621319909778,0.14500004435812006,-0.01762887072698513,-0.0006227018860074096,7122.261546606378,7136.671797869532,14.938453393621785,0.5282021304674345,-0.5407478118844791
2025-12-04,IM2603,2026-03-20,68.0,0.2786885245901639,7248.657,6987.8,0.1455103986140218,0.15618230593626145,0.14932343668538575,-0.01067190732223966,-0.003813038071363961,6967.048192409044,6980.378358651053,20.75180759095656,7.42164134894756,-0.6797437036293769
2025-12-04,IM2606,2026-06-22,129.0,0.5286885245901639,7248.657,6748.2,0.14931674009291834,0.14684798224002651,0.14351010416594498,0.0024687578528918286,0.005806635926973364,6757.013527748308,6768.948142283732,-8.813527748307934,-20.748142283731795,0.2366763797116588
2025-12-05,IM2512,2025-12-19,10.0,0.040983606557377046,7342.492,7319.8,0.08952506007418451,0.12709337684315009,0.08993065642289014,-0.037568316768965576,-0.000405596348705628,7308.538484724786,7319.678325431238,11.261515275214151,0.12167456876250071,-0.4840776196255066
2025-12-05,IM2601,2026-01-16,28.0,0.11475409836065574,7342.492,7242.6,0.13336860456902536,0.14763435409259149,0.13314194660366446,-0.014265749523566129,0.00022665796536089355,7230.753177904631,7242.7883819721765,11.846822095369134,-0.18838197217610286,-0.4237843014144261
2025-12-05,IM2603,2026-03-20,67.0,0.27459016393442626,7342.492,7086.6,0.14318386139876138,0.1504888704897509,0.1454993937831846,-0.007305009090989523,-0.0023155323844232245,7072.399352154646,7082.095613006307,14.20064784535407,4.504386993693515,-0.46008195188402334
2025-12-05,IM2606,2026-06-22,128.0,0.5245901639344263,7342.492,6846.0,0.14746371939151662,0.14407471926260923,0.142169751295149,0.003389000128907388,0.005293968096367618,6858.181891662844,6865.038886762565,-12.181891662843555,-19.0388867625652,0.3236905924107679
2025-12-08,IM2512,2025-12-19,9.0,0.036885245901639344,7423.046,7380.4,0.17020466246563715,0.09864475236081992,0.16778496463014464,0.07155991010481723,0.002419697835492507,7399.90633403002,7381.058738581173,-19.506334030020298,-0.6587385811735658,0.8639526353115298
2025-12-08,IM2601,2026-01-16,27.0,0.11065573770491803,7423.046,7303.6,0.16059978892767263,0.13764706340448452,0.16536747371438903,0.02295272552318811,-0.0047676847867164085,7322.173631262322,7299.747843731886,-18.573631262321214,3.8521562681144133,0.6595871188735439
2025-12-08,IM2603,2026-03-20,66.0,0.27049180327868855,7423.046,7145.8,0.154724092508868,0.14752963015896736,0.1583487962810399,0.007194462349900649,-0.003624703772171889,7159.719574398653,7138.797314846025,-13.919574398652912,7.002685153975108,0.4479398154707586
2025-12-08,IM2606,2026-06-22,127.0,0.5204918032786885,7423.046,6900.2,0.15432706744110217,0.14319861710864212,0.14843625835068458,0.011128450332460044,0.005890809090417587,6940.283777910936,6921.3892941990025,-40.08377791093608,-21.18929419900269,1.0588930061227135
2025-12-09,IM2512,2025-12-19,8.0,0.03278688524590164,7380.584,7347.8,0.14978049722389464,0.16782354038698763,0.14873859603551126,-0.018043043163092992,0.0010419011883833762,7343.454509319654,7348.051010239843,4.345490680346302,-0.2510102398427989,-0.20359932910520587
2025-12-09,IM2601,2026-01-16,26.0,0.10655737704918032,7380.584,7270.6,0.15490013849442644,0.16528636275819628,0.1580546304568703,-0.010386224263769839,-0.003154491962443856,7262.557868527903,7268.156512001313,8.042131472097026,2.4434879986874876,-0.2883810378780416
2025-12-09,IM2603,2026-03-20,65.0,0.26639344262295084,7380.584,7111.6,0.15336347023805014,0.15820837224574205,0.1556050638653376,-0.004844902007691915,-0.002241593627287458,7102.427333196131,7107.35460530659,9.172666803869106,4.245394693410162,-0.29812989887297486
2025-12-09,IM2606,2026-06-22,126.0,0.5163934426229508,7380.584,6869.4,0.15299479771201926,0.1482851464441392,0.1471413062638874,0.004709651267880061,0.005853491448131853,6886.126939698716,6890.195580595971,-16.726939698716706,-20.795580595970932,0.44641725070991367
2025-12-10,IM2512,2025-12-19,7.0,0.028688524590163935,7408.244,7371.4,0.18779027963241537,0.15081433839741337,0.18679105751787417,0.036975941235002,0.000999222114541204,7379.223620875576,7371.611313115914,-7.823620875576125,-0.21131311591398116,0.3889778222692129
2025-12-10,IM2601,2026-01-16,25.0,0.10245901639344263,7408.244,7290.0,0.1710373083039754,0.15900847969505727,0.17466058577979157,0.01202882860891813,-0.0036232774758161723,7298.9901864916565,7287.294181298214,-8.990186491656459,2.7058187017855744,0.3223009502730797
2025-12-10,IM2603,2026-03-20,64.0,0.26229508196721313,7408.244,7123.0,0.16369571246157494,0.15593938674601174,0.16367184460969328,0.0077563257155632,2.3867851881659297e-05,7137.506110440749,7123.044593112426,-14.506110440748671,-0.04459311242590047,0.47159010771444393
2025-12-10,IM2606,2026-06-22,125.0,0.5122950819672131,7408.244,6878.0,0.15896629924927605,0.14724476951798093,0.1521781678099294,0.011721529731295116,0.006788131439346645,6919.425832772861,6901.960062978988,-41.42583277286121,-23.96006297898839,1.1067418733155112
2025-12-11,IM2512,2025-12-19,6.0,0.02459016393442623,7311.995,7304.6,0.05514912202998851,0.18520452875643154,0.05861154399544827,-0.13005540672644303,-0.003462421965459761,7281.276592264031,7303.9781017007435,23.32340773596934,0.6218982992568272,-1.2721585893439613
2025-12-11,IM2601,2026-01-16,24.0,0.09836065573770492,7311.995,7222.8,0.1387801866766334,0.1737585172670108,0.13069360494448956,-0.034978330590377416,0.008086581732143827,7197.992716846087,7228.547311230033,24.807283153912977,-5.7473112300331195,-0.9032297332935695
2025-12-11,IM2603,2026-03-20,63.0,0.2581967213114754,7311.995,7063.0,0.14818551460068527,0.16315377499894984,0.1499624597241937,-0.014968260398264571,-0.0017769451235084277,7035.755909864917,7059.7602289402,27.244090135082843,3.23977105979975,-0.8989869817811038
2025-12-11,IM2606,2026-06-22,124.0,0.5081967213114754,7311.995,6820.6,0.1508932598372373,0.1518222640818923,0.1472565933591993,-0.0009290042446550018,0.0036366664780380087,6817.380639412432,6833.217092691231,3.2193605875681897,-12.617092691230937,-0.0873702560357066
2025-12-12,IM2601,2026-01-16,23.0,0.0942622950819672,7370.942,7286.2,0.13667222411726204,0.13642569597959456,0.1363179106460885,0.0002465281376674844,0.0003543134711735396,7286.369320927536,7286.44335149291,-0.16932092753631878,-0.24335149290982372,0.006126755632578314
2025-12-12,IM2603,2026-03-20,62.0,0.2540983606557377,7370.942,7119.8,0.15042700515848356,0.15239966857237303,0.15247412381352476,-0.001972663413889464,-0.0020471186550412024,7116.232090691129,7116.097460291974,3.5679093088710943,3.702539708026052,-0.11700112557239487
2025-12-12,IM2606,2026-06-22,123.0,0.5040983606557377,7370.942,6880.0,0.15073296113628487,0.1484631062227938,0.1485719142201406,0.002269854913491076,0.0021610469161442714,6887.876808950529,6887.499019729386,-7.876808950529266,-7.4990197293864185,0.21261842944303008
2025-12-15,IM2601,2026-01-16,22.0,0.09016393442622951,7309.078,7235.2,0.12667403290430607,0.14125679538217323,0.12626732675677887,-0.014582762477867162,0.0004067061475271916,7225.693126506927,7235.465321286833,9.506873493072817,-0.2653212868335686,-0.34685883051979777
2025-12-15,IM2603,2026-03-20,61.0,0.25,7309.078,7073.0,0.14532967664793373,0.15452021688502152,0.14895967521092854,-0.009190540237087791,-0.003629998562994813,7056.767482567472,7066.584166664524,16.232517432527857,6.415833335476236,-0.5381387629664889
2025-12-15,IM2606,2026-06-22,122.0,0.5,7309.078,6828.2,0.15011208311709634,0.14956297543135297,0.1467497904474759,0.0005491076857433719,0.0033622926696204314,6830.074965927669,6839.688857923176,-1.874965927669109,-11.48885792317651,0.05099225608969688
2025-12-16,IM2601,2026-01-16,21.0,0.0860655737704918,7181.62,7117.4,0.11836802734687685,0.13241710740591678,0.11767672990649716,-0.014049080059039931,0.0006912974403796845,7108.7992525705395,7117.823475910929,8.60074742946017,-0.4234759109294828,-0.3207390453976239
2025-12-16,IM2603,2026-03-20,60.0,0.2459016393442623,7181.62,6960.2,0.14135488412787475,0.15149030424569598,0.1459835568277743,-0.010135420117821231,-0.004628672699899555,6942.874578421344,6952.282419596968,17.32542157865555,7.917580403031934,-0.5849784305250245
2025-12-16,IM2606,2026-06-22,121.0,0.4959016393442623,7181.62,6716.6,0.14899231485240377,0.14798638430964609,0.14511416709853311,0.0010059305427576881,0.003878147753870659,6719.951362073817,6729.529658682101,-3.3513620738167447,-12.929658682101035,0.09259593258414794
2025-12-17,IM2601,2026-01-16,20.0,0.08196721311475409,7288.738,7228.0,0.11609014229069028,0.12478167595587847,0.11457395096904335,-0.008691533665188184,0.0015161913216469314,7222.852456340054,7228.898337039685,5.147543659945768,-0.8983370396854298,-0.19015628069893756
2025-12-17,IM2603,2026-03-20,59.0,0.24180327868852458,7288.738,7074.0,0.13767212950520247,0.14887178984317945,0.14390653464678047,-0.01119966033797698,-0.006234405141577998,7054.86871394057,7063.343981791614,19.13128605942984,10.65601820838583,-0.637516409413082
2025-12-17,IM2606,2026-06-22,120.0,0.4918032786885246,7288.738,6830.2,0.14611880494670562,0.14652697008336366,0.14322830008980345,-0.0004081651366580341,0.0028905048569021763,6828.829064070697,6839.916442126934,1.3709359293025045,-9.716442126934453,-0.03735465665753815
2025-12-18,IM2601,2026-01-16,19.0,0.0778688524590164,7272.402,7213.0,0.11932686812226441,0.12165134159015517,0.117200823682616,-0.0023244734678907614,0.0021260444396484085,7211.694535710771,7214.194230049276,1.3054642892293487,-1.1942300492755749,-0.04865538226716115
2025-12-18,IM2603,2026-03-20,58.0,0.23770491803278687,7272.402,7066.0,0.1351253312579493,0.146730724396416,0.14319636776935132,-0.011605393138466702,-0.008071036511402035,7046.534177459756,7052.4566975752905,19.465822540243607,13.543302424709509,-0.6515251764574739
2025-12-18,IM2606,2026-06-22,119.0,0.48770491803278687,7272.402,6822.2,0.14503135324224936,0.144599096484105,0.14165169848703246,0.0004322567581443726,0.0033796547552168987,6823.638365151665,6833.45412895429,-1.4383651516654936,-11.254128954290536,0.03936953510955811
2025-12-19,IM2601,2026-01-16,18.0,0.07377049180327869,7329.806,7285.6,0.09600096750415311,0.1233995139284044,0.09415614045761651,-0.027398546424251283,0.0018448270465366012,7270.889186144746,7286.591592451722,14.710813855253946,-0.9915924517217718,-0.5477392143899789
2025-12-19,IM2603,2026-03-20,57.0,0.2336065573770492,7329.806,7141.8,0.12523062573498894,0.14560991107656057,0.1334762525266506,-0.02037928534157163,-0.008245626791661659,7107.880589708495,7128.056473678576,33.9194102915053,13.743526321423815,-1.128092087315797
2025-12-19,IM2606,2026-06-22,118.0,0.48360655737704916,7329.806,6902.0,0.1383527892238629,0.14280447220930878,0.13542274349934233,-0.004451682985445876,0.0029300457245205747,6887.1569222902035,6911.786992721155,14.84307770979649,-9.786992721155002,-0.40361120965175123
2025-12-22,IM2601,2026-01-16,17.0,0.06967213114754098,7408.349,7350.0,0.12749292909944845,0.102578321417285,0.12332057762797097,0.024914607682163456,0.004172351471477487,7362.7696054100115,7352.136930733242,-12.769605410011536,-2.13693073324157,0.47484785200174723
2025-12-22,IM2602,2026-02-24,38.0,0.1557377049180328,7408.349,7273.2,0.13221959050872195,0.13088124760194164,0.13879457805767761,0.0013383429067803099,-0.006574987548955663,7274.7161143652565,7265.756247905366,-1.5161143652567262,7.443752094633965,0.052389367064251555
2025-12-22,IM2603,2026-03-20,56.0,0.22950819672131148,7408.349,7203.6,0.13611636360705812,0.13673513089063985,0.14112360240110658,-0.0006187672835817337,-0.005007238794048463,7202.577073815108,7195.326360932368,1.0229261848926399,8.273639067632757,-0.03376236547816822
2025-12-22,IM2606,2026-06-22,117.0,0.47950819672131145,7408.349,6964.0,0.14299380236306383,0.13699918520324056,0.13778299829771046,0.005994617159823273,0.005210804065353375,6984.046593443376,6981.422169042888,-20.04659344337597,-17.422169042887617,0.5410450158217817
2025-12-23,IM2601,2026-01-16,16.0,0.06557377049180328,7392.42,7343.0,0.11629200467395003,0.12758807405772185,0.11365548659156625,-0.011296069383771826,0.002636518082383771,7337.56286396322,7344.269614813897,5.43713603678043,-1.2696148138966237,-0.20496773358987785
2025-12-23,IM2602,2026-02-24,37.0,0.15163934426229508,7392.42,7264.8,0.12884079938716825,0.1410581981470214,0.13371676287345424,-0.012217398759853143,-0.004875963486285995,7251.353412690338,7259.43048006629,13.446587309662391,5.369519933709853,-0.4677168415691616
2025-12-23,IM2603,2026-03-20,55.0,0.22540983606557377,7392.42,7197.4,0.13260751810649243,0.1426887472674547,0.13721084966015806,-0.010081229160962268,-0.004603331553665629,7181.063138170835,7189.935590476448,16.336861829164263,7.464409523551694,-0.5434970563618726
2025-12-23,IM2606,2026-06-22,116.0,0.47540983606557374,7392.42,6959.2,0.14102855749830503,0.13849629453517384,0.13519336042868513,0.0025322629631311933,0.005835197069619907,6967.582966400181,6978.53238957501,-8.38296640018143,-19.332389575009984,0.22870125862773327
2025-12-24,IM2601,2026-01-16,15.0,0.06147540983606557,7506.381,7464.2,0.10566592564478272,0.11877218381458135,0.10147416324533423,-0.013106258169798629,0.00419176239944849,7458.188422194948,7466.123699871426,6.011577805052184,-1.9236998714259244,-0.2258337687384515
2025-12-24,IM2602,2026-02-24,36.0,0.14754098360655737,7506.381,7390.6,0.11935741306876954,0.13640597772420743,0.1258405127346267,-0.017048564655437887,-0.006483099665857167,7372.033326357052,7383.534101729521,18.566673642948444,7.0658982704790105,-0.6367733451048405
2025-12-24,IM2603,2026-03-20,54.0,0.22131147540983606,7506.381,7327.6,0.12292077802695975,0.13906836487152507,0.1304542092738612,-0.016147586844565326,-0.007533431246901451,7301.460484110735,7315.393348899856,26.139515889265567,12.206651100143972,-0.8576075679656382
2025-12-24,IM2606,2026-06-22,115.0,0.4713114754098361,7506.381,7088.6,0.1355026621922934,0.13604804157809686,0.12995748565957826,-0.0005453793858034572,0.005545176532715135,7086.778155156228,7107.150324030335,1.8218448437719417,-18.550324030334195,-0.04906281494546161
2025-12-25,IM2601,2026-01-16,14.0,0.05737704918032787,7579.379,7547.0,0.0886140998048522,0.10728062260494121,0.08496256754335109,-0.018666522800089014,0.0036515322615011114,7538.921263671441,7548.581368914801,8.078736328558989,-1.5813689148008052,-0.3048162281711938
2025-12-25,IM2602,2026-02-24,35.0,0.14344262295081966,7579.379,7473.6,0.11197965989434228,0.12885927789244928,0.11595025143932008,-0.016879617998107,-0.003970591544977808,7455.52638533574,7469.344607629247,18.073614664260276,4.255392370753725,-0.6146086230228003
2025-12-25,IM2603,2026-03-20,53.0,0.21721311475409835,7579.379,7419.0,0.11246087329304748,0.13253478431278623,0.12223580686832927,-0.020073911019738752,-0.009774933575281794,7386.721234084496,7403.264365687545,32.278765915503755,15.73563431245475,-1.0497634610138484
2025-12-25,IM2606,2026-06-22,114.0,0.4672131147540984,7579.379,7183.0,0.12896712182915981,0.13092041332140936,0.12384715895108633,-0.0019532914922495426,0.005119962878073481,7176.447760015598,7200.2031211603835,6.552239984402149,-17.20312116038349,-0.17493710333154935
2025-12-26,IM2601,2026-01-16,13.0,0.05327868852459016,7605.53,7595.0,0.0400043605867673,0.09187413932002333,0.0359456100375848,-0.05186977873325604,0.004058750549182498,7574.039784684178,7596.642557654378,20.960215315822097,-1.6425576543779243,-0.800999299430605
2025-12-26,IM2602,2026-02-24,34.0,0.13934426229508196,7605.53,7530.0,0.08562528474105431,0.1195043137038115,0.09297325488340859,-0.033879028962757185,-0.0073479701423542765,7494.535788760161,7522.293997735611,35.46421123983873,7.706002264389099,-1.201569685276669
2025-12-26,IM2603,2026-03-20,52.0,0.21311475409836064,7605.53,7472.4,0.09686325208295817,0.12468049287643924,0.10568698398600757,-0.02781724079348108,-0.0088237319030494,7428.232683979567,7458.361598506535,44.167316020432736,14.038401493464335,-1.4317633415210524
2025-12-26,IM2606,2026-06-22,113.0,0.46311475409836067,7605.53,7234.0,0.12214486107945556,0.1249864069555507,0.11417322790004303,-0.0028415458760951418,0.007971633179412532,7224.486593209493,7260.7557010226,9.51340679050736,-26.75570102260008,-0.2533100225493733
2025-12-29,IM2601,2026-01-16,12.0,0.04918032786885246,7594.158,7572.2,0.07287763499934691,0.047745989561139165,0.07123475824295754,0.025131645438207742,0.0016428767563893693,7581.564893390299,7572.811837407608,-9.364893390299585,-0.6118374076086184,0.3662069034195207
2025-12-29,IM2602,2026-02-24,33.0,0.13524590163934427,7594.158,7500.2,0.10605144472608058,0.09899241243275636,0.10937453752255824,0.007059032293324219,-0.0033230927964776613,7507.363899006762,7496.829907376861,-7.163899006762222,3.3700926231385893,0.24365433312037554
2025-12-29,IM2603,2026-03-20,51.0,0.20901639344262296,7594.158,7439.0,0.1127618049635305,0.10983102179446003,0.11698546352408926,0.002930783169070472,-0.004223658560558757,7443.5583915254365,7432.435645528641,-4.558391525436491,6.564354471359366,0.1484094671049954
2025-12-29,IM2606,2026-06-22,112.0,0.45901639344262296,7594.158,7206.0,0.12829930589880306,0.11613601515133865,0.11992947907238517,0.012163290747464417,0.00836982682641789,7246.344698275971,7233.73789175134,-40.344698275970586,-27.737891751339703,1.079166879021288
2025-12-30,IM2601,2026-01-16,11.0,0.045081967213114756,7597.299,7593.8,0.024218376325600484,0.07897404342887003,0.024179752657809472,-0.05475566710326955,3.862366779101151e-05,7575.077873648317,7593.8132225709105,18.722126351683073,-0.013222570910329523,-0.7511628723651396
2025-12-30,IM2602,2026-02-24,32.0,0.13114754098360656,7597.299,7520.0,0.09197821712339138,0.11322678490770319,0.09276520773567215,-0.021248567784311806,-0.000786990612280769,7499.073207306305,7519.223886688243,20.92679269369455,0.7761133117573991,-0.7131510790854078
2025-12-30,IM2603,2026-03-20,50.0,0.20491803278688525,7597.299,7459.2,0.10352174329891445,0.11960312037061265,0.10715277157535633,-0.016081377071698197,-0.0036310282764418778,7434.659676561118,7453.651948298314,24.540323438881387,5.548051701685836,-0.8008306122473609
2025-12-30,IM2606,2026-06-22,111.0,0.45491803278688525,7597.299,7228.0,0.12353713211260842,0.1211351264406236,0.11638686590398792,0.0024020056719848137,0.007150266208620498,7235.902465831674,7251.549410071691,-7.902465831673908,-23.549410071691455,0.2120878102005782
2025-12-31,IM2601,2026-01-16,10.0,0.040983606557377046,7595.285,7581.4,0.058646653011023474,0.03725278963609453,0.058597714327551315,0.02139386337492894,4.8938683472159183e-05,7588.050268970001,7581.415205906022,-6.65026897000098,-0.015205906021947158,0.27565958481223546
2025-12-31,IM2602,2026-02-24,31.0,0.12704918032786885,7595.285,7504.4,0.10875184973733848,0.09919475047311449,0.11046952277129986,0.00955709926422399,-0.0017176730339613783,7513.517539020243,7502.762501341151,-9.117539020243385,1.6374986588489264,0.31159775298613407
2025-12-31,IM2603,2026-03-20,49.0,0.20081967213114754,7595.285,7436.2,0.11940647800146337,0.11151406522230321,0.12033788743690516,0.007892412779160154,-0.0009314094354417879,7447.995363249883,7434.80922353487,-11.79536324988294,1.39077646512942,0.38634844790326367
2025-12-31,IM2606,2026-06-22,110.0,0.45081967213114754,7595.285,7198.0,0.13317059901176864,0.11841357029516092,0.12442343848343228,0.014757028716607723,0.008747160528336365,7246.046200872295,7226.440575228413,-48.04620087229523,-28.440575228412854,1.2966114606367591
2026-01-05,IM2601,2026-01-16,9.0,0.036885245901639344,7753.88,7759.2,-0.004594775088532807,0.06822633917779176,-0.008869998248017985,-0.07282111426632457,0.004275223159485178,7738.38656231451,7760.423665347228,20.81343768548959,-1.2236653472282342,-0.8791615227776886
2026-01-05,IM2602,2026-02-24,30.0,0.12295081967213115,7753.88,7697.8,0.07303815456542126,0.11508717050783028,0.0812438154075247,-0.04204901594240902,-0.008205660842103446,7658.105372646867,7690.037661911676,39.694627353133,7.7623380883242135,-1.3304978067311728
2026-01-05,IM2603,2026-03-20,48.0,0.19672131147540983,7753.88,7639.0,0.08987718165559751,0.1234295082027701,0.09935894191693372,-0.03355232654717259,-0.009481760261336208,7588.745138764451,7624.7645264953135,50.25486123554856,14.235473504686524,-1.6137983960802922
2026-01-05,IM2606,2026-06-22,109.0,0.44672131147540983,7753.88,7403.4,0.1175410845799995,0.1258223682798364,0.11172575791870144,-0.008281283699836897,0.005815326661298054,7376.062268314854,7422.657780626937,27.337731685145627,-19.257780626937347,-0.7240059992381013
2026-01-06,IM2601,2026-01-16,8.0,0.03278688524590164,7864.903,7875.0,-0.02513093266746435,0.006829010496272742,-0.027869220662635003,-0.03195994316373709,0.002738287995170653,7866.7523694264055,7875.707048721279,8.247630573594506,-0.7070487212786247,-0.360632146930528
2026-01-06,IM2602,2026-02-24,29.0,0.11885245901639344,7864.903,7813.6,0.06906321211857032,0.08868194932510638,0.07222164036615,-0.019618737206536063,-0.0031584282475796838,7795.40197888348,7810.667426878546,18.198021116520067,2.93257312145397,-0.6018281434174351
2026-01-06,IM2603,2026-03-20,47.0,0.19262295081967212,7864.903,7762.4,0.0821052726478698,0.1043338570258545,0.09194664007501466,-0.022228584377984695,-0.009841367427144851,7729.23450983286,7747.698964671074,33.16549016713998,14.701035328926082,-1.0500099136600758
2026-01-06,IM2606,2026-06-22,108.0,0.4426229508196721,7864.903,7536.2,0.1104525834769096,0.11400527482722964,0.10595000792153136,-0.0035526913503200336,0.004502575555378238,7524.3586176780755,7551.234195309409,11.841382321924357,-15.03419530940937,-0.30902863073489983
2026-01-07,IM2601,2026-01-16,7.0,0.028688524590163935,7906.42,7882.0,0.12182739594641696,-0.011218312044569245,0.11807652082096942,0.1330457079909862,0.003750875125447542,7912.1421761015845,7882.848204587111,-30.142176101584482,-0.8482045871105584,1.3995843872587546
2026-01-07,IM2602,2026-02-24,28.0,0.11475409836065574,7906.42,7815.2,0.11512521018506026,0.07995904112883737,0.12151235100691295,0.0351661690562229,-0.006387140821852683,7846.801663571584,7809.473943294054,-31.60166357158414,5.726056705945666,1.044722061200974
2026-01-07,IM2603,2026-03-20,46.0,0.1885245901639344,7906.42,7760.2,0.11301615803965646,0.0970851666198866,0.12086017243077499,0.015930991419769863,-0.007844014391118523,7783.5418924153055,7748.732777853217,-23.341892415305665,11.46722214678266,0.7387015172232816
2026-01-07,IM2606,2026-06-22,107.0,0.4385245901639344,7906.42,7535.8,0.12348095296368443,0.10828996669639705,0.1164957804030946,0.015190986267287376,0.006985172560589822,7586.168224480706,7558.918826361229,-50.368224480705976,-23.118826361228457,1.3145765110117797
2026-01-08,IM2601,2026-01-16,6.0,0.02459016393442623,7971.589,7954.0,0.10382855087335038,0.11885725796893801,0.10371269110293518,-0.015028707095587623,0.00011585977041519979,7951.06107580092,7954.022661063769,2.9389241990802475,-0.02266106376919197,-0.14700355539923957
2026-01-08,IM2602,2026-02-24,27.0,0.11065573770491803,7971.589,7880.4,0.11797275200818592,0.12181310112075572,0.11878178397267702,-0.0038403491125697936,-0.0008090319644910998,7877.05188295697,7879.694546420985,3.3481170430295606,0.7054535790148293,-0.11036435373946861
2026-01-08,IM2603,2026-03-20,45.0,0.18442622950819673,7971.589,7820.6,0.11768681109972585,0.12102612964183314,0.12027924588461675,-0.0033393185421072835,-0.002592434784890893,7815.785104287506,7816.861763407218,4.814895712494035,3.738236592782414,-0.1519181824107094
2026-01-08,IM2606,2026-06-22,106.0,0.4344262295081967,7971.589,7597.2,0.12473016303822153,0.1165250604263959,0.11750473213573631,0.008205102611825624,0.0072254309024852165,7624.328630411264,7621.084444009538,-27.128630411264567,-23.88444400953813,0.7063227629828153
2026-01-09,IM2602,2026-02-24,26.0,0.10655737704918032,8129.183,8098.8,0.049140917068435847,0.11984365993071332,0.04764106083541453,-0.07070274286227747,0.0014998562330213183,8038.01372649329,8100.094459696853,60.78627350671013,-1.2944596968527549,-1.963183024294341
2026-01-09,IM2603,2026-03-20,44.0,0.18032786885245902,8129.183,8048.4,0.06938307892806,0.12094075126690955,0.07714246446732231,-0.051557672338849544,-0.007759385539262309,7973.918504354529,8037.146284561118,74.4814956454702,11.253715438881954,-2.3000806073473115
2026-01-09,IM2606,2026-06-22,105.0,0.430327868852459,8129.183,7824.2,0.1028599937278462,0.11775551045070776,0.09849119635762864,-0.01489551672286156,0.004368797370217559,7774.207618179458,7838.923451231064,49.992381820541596,-14.723451231064246,-1.2754204205907664
2026-01-12,IM2602,2026-02-24,25.0,0.10245901639344263,8357.011,8354.4,0.01704981550718431,0.057955122572714624,0.012314404303371412,-0.04090530706553031,0.004735411203812899,8319.458999796128,8358.454417853762,34.941000203871226,-4.054417853762061,-1.0918890878422236
2026-01-12,IM2603,2026-03-20,43.0,0.1762295081967213,8357.011,8311.4,0.04505473616672502,0.08382509114323881,0.05469964308498894,-0.03877035497651379,-0.009644906918263918,8254.806079418539,8297.284969618791,56.593920581461134,14.115030381208271,-1.6944372263377496
2026-01-12,IM2606,2026-06-22,104.0,0.4262295081967213,8357.011,8104.8,0.08589635614992466,0.10145948173219321,0.08670645566992395,-0.01556312558226855,-0.0008100995199992883,8051.215029595827,8102.001990311898,53.584970404172964,2.7980096881019563,-1.3186767008312703
2026-01-13,IM2602,2026-02-24,24.0,0.09836065573770492,8203.133,8200.4,0.017387745829767046,0.026418352342329754,0.012398276331994862,-0.009030606512562708,0.004989469497772184,8193.119176493186,8204.425477443925,7.280823506813249,-4.025477443925411,-0.23235191913668066
2026-01-13,IM2603,2026-03-20,42.0,0.1721311475409836,8203.133,8160.4,0.04434295164906731,0.06376821431633697,0.05376540792790296,-0.019425262667269662,-0.009422456278835645,8133.159696630624,8147.175389216655,27.240303369375397,13.22461078334436,-0.8312242489775065
2026-01-13,IM2606,2026-06-22,103.0,0.42213114754098363,8203.133,7960.4,0.08515538570068294,0.09071506542042447,0.08444874910511417,-0.005559679719741528,0.0007066365955687715,7941.73953177521,7962.774888309548,18.660468224789838,-2.3748883095486235,-0.465450706411635
2026-01-14,IM2602,2026-02-24,23.0,0.0942622950819672,8257.172,8215.0,0.06832081337369271,0.025710278823115523,0.06788055470773893,0.042610534550577187,0.00044025866595377716,8248.062450430141,8215.34092786777,-33.062450430141325,-0.34092786777000583,1.0553320023398982
2026-01-14,IM2603,2026-03-20,41.0,0.1680327868852459,8257.172,8156.0,0.0873684392484991,0.06224207107160255,0.08699529957922839,0.02512636817689655,0.00037313966927071673,8190.507865494322,8156.511394773151,-34.50786549432178,-0.5113947731506414,1.052374347407834
2026-01-14,IM2606,2026-06-22,102.0,0.4180327868852459,8257.172,7965.0,0.10017795971212257,0.08815685234108372,0.09896063722278872,0.012021107371038842,0.0012173224893338441,8005.1265915033655,7969.054266358575,-40.12659150336549,-4.0542663585747505,0.9979957103643714
2026-01-15,IM2602,2026-02-24,22.0,0.09016393442622951,8240.775,8240.8,0.013966353612773326,0.07404371534660414,0.01164507689113213,-0.06007736173383082,0.0023212767216411953,8196.281823541534,8242.524942384374,44.51817645846495,-1.7249423843750264,-1.4302202972810485
2026-01-15,IM2603,2026-03-20,40.0,0.16393442622950818,8240.775,8195.4,0.04768036701577891,0.09086290655239147,0.05395235710087302,-0.043182539536612566,-0.0062719900850941104,8137.588771478994,8186.97786045419,57.81122852100543,8.422139545809841,-1.7694098628614803
2026-01-15,IM2606,2026-06-22,101.0,0.4139344262295082,8240.775,8007.2,0.08346331146199613,0.10061083144625489,0.08375511520704045,-0.017147519984258758,-0.00029180374504431117,7950.566532498528,8006.232887811718,56.63346750147139,0.9671121882820444,-1.4139341219892874
2026-01-16,IM2602,2026-02-24,21.0,0.0860655737704918,8232.729,8225.0,0.024913246371923197,0.024397882797654494,0.022481024721764567,0.0005153635742687034,0.00243222165015863,8225.364828473581,8226.721924008394,-0.3648284735809284,-1.7219240083941258,0.01177529158740679
2026-01-16,IM2603,2026-03-20,39.0,0.1598360655737705,8232.729,8179.2,0.0548118475498505,0.06190405464566047,0.06076648008095316,-0.007092207095809967,-0.005954632531102656,8169.933390021577,8171.4190268364,9.26660997842282,7.7809731635998105,-0.28413364401935665
2026-01-16,IM2606,2026-06-22,100.0,0.4098360655737705,8232.729,7979.0,0.09038288517181567,0.08715430483056923,0.08661763621716428,0.0032285803412464426,0.0037652489546513845,7989.564710364692,7991.322177654158,-10.564710364691564,-12.322177654157713,0.2645624874226969
2026-01-19,IM2602,2026-02-24,20.0,0.08196721311475409,8265.646,8230.0,0.06672686827955478,0.033678271753434755,0.06291887787999961,0.03304859652612002,0.003807990399555164,8252.324481906306,8232.569233814977,-22.324481906305664,-2.569233814976542,0.7235876587346617
2026-01-19,IM2603,2026-03-20,38.0,0.1557377049180328,8265.646,8186.6,0.07570129377455743,0.06766727997549506,0.08169140008762699,0.008034013799062378,-0.0059901063130695514,8196.849475400866,8178.966401497247,-10.249475400865776,7.633598502753557,0.3144909556851699
2026-01-19,IM2606,2026-06-22,99.0,0.4057377049180328,8265.646,8003.0,0.09358692860387892,0.089527550885132,0.09296765327355652,0.004059377718746912,0.0006192753303223969,8016.192142948252,8005.011113248899,-13.192142948251785,-2.0111132488991643,0.3306214521298198
2026-01-19,IM2609,2026-09-18,163.0,0.6680327868852459,8265.646,7843.0,0.0925687109046175,0.09268951295152397,0.09387434343517743,-0.00012080204690646801,-0.0013056325305599303,7842.367097570724,7836.1622759169695,0.6329024292763279,6.83772408303048,-0.012678484289285563
2026-01-20,IM2602,2026-02-24,19.0,0.0778688524590164,8182.752,8162.2,0.0462951191857955,0.0683229395083812,0.04343138758465268,-0.022027820322585698,0.0028637316011428174,8148.211533187576,8164.020336773209,13.988466812424122,-1.8203367732094193,-0.4613966511216981
2026-01-20,IM2603,2026-03-20,37.0,0.15163934426229508,8182.752,8120.8,0.0641179486194861,0.08497382422673178,0.07035016873251013,-0.02085587560724568,-0.006232220113024031,8095.157959740683,8113.1290650962965,25.642040259317582,7.67093490370371,-0.7979969731496869
2026-01-20,IM2606,2026-06-22,98.0,0.4016393442622951,8182.752,7946.0,0.08710007692108374,0.09432199966470761,0.08722660295541682,-0.007221922743623876,-0.00012652603433307985,7922.985160981561,7945.596211755223,23.01483901843858,0.40378824477738817,-0.5901624869699161
2026-01-20,IM2609,2026-09-18,162.0,0.6639344262295082,8182.752,7778.0,0.09040707668534564,0.09469923625304426,0.08968197913991946,-0.004292159567698614,0.0007250975454261843,7755.866488227225,7781.745364627988,22.13351177277491,-3.7453646279882378,-0.45586349956895783
2026-01-21,IM2602,2026-02-24,18.0,0.07377049180327869,8247.68,8260.0,-0.0062335489240384016,0.05079759225582567,-0.011388249480038803,-0.05703114117986407,0.005154700556000402,8225.32140266595,8263.14158448678,34.67859733405021,-3.14158448678063,-1.1408504714784098
2026-01-21,IM2603,2026-03-20,36.0,0.14754098360655737,8247.68,8231.0,0.027721168436331996,0.07478101498887044,0.03998383228646613,-0.04705984655253844,-0.012262663850134137,8174.048004405595,8216.12156383432,56.95199559440516,14.878436165679886,-1.7569876762993848
2026-01-21,IM2606,2026-06-22,97.0,0.3975409836065574,8247.68,8051.6,0.07452487724613562,0.08904502459925061,0.07339667063418238,-0.014520147353114993,0.0011282066119532308,8005.257199460015,8055.212019911542,46.34280053998555,-3.6120199115412106,-1.1812116951509668
2026-01-21,IM2609,2026-09-18,161.0,0.6598360655737705,8247.68,7890.0,0.08119216504405358,0.09079280072772307,0.08011403585287576,-0.009600635683669492,0.0010781291911778207,7840.176047757095,7895.614852385871,49.82395224290485,-5.614852385871018,-1.020198777095881
2026-01-22,IM2602,2026-02-24,17.0,0.06967213114754098,8309.346,8318.0,-0.0009404919049424126,0.00198067194381768,-0.0070530915592308535,-0.0029211638487600926,0.006112599654288441,8316.307262035778,8321.543206345752,1.692737964222033,-3.543206345751969,-0.05570565401469297
2026-01-22,IM2603,2026-03-20,35.0,0.14344262295081966,8309.346,8292.6,0.028063843172351072,0.04794508217138229,0.04122325971528198,-0.019881238999031218,-0.013159416542930905,8268.984711016288,8276.961476673849,23.615288983712162,15.638523326151699,-0.7236408886304984
2026-01-22,IM2606,2026-06-22,96.0,0.39344262295081966,8309.346,8119.2,0.07283774890279832,0.07664726005418013,0.07192443296315432,-0.0038095111513818114,0.0009133159396439994,8107.039862925079,8122.118056623409,12.160137074920385,-2.9180566234090293,-0.3080346544299705
2026-01-22,IM2609,2026-09-18,160.0,0.6557377049180327,8309.346,7952.0,0.08103508998393162,0.08210637303749121,0.07823201205276396,-0.0010712830535595935,0.002803077931167658,7946.415835159918,7966.629884446103,5.5841648400819395,-14.629884446102551,-0.11363966548759974
2026-01-23,IM2602,2026-02-24,16.0,0.06557377049180328,8470.744,8531.8,-0.09552572771412812,0.005038967242137621,-0.10198965830117236,-0.10056469495626574,0.006463930587044239,8475.722945608528,8535.417091965403,56.07705439147139,-3.617091965403233,-1.8247210816126036
2026-01-23,IM2603,2026-03-20,34.0,0.13934426229508196,8470.744,8516.6,-0.024744730739497303,0.04833353301223514,-0.010291189912566723,-0.07307826375173244,-0.01445354082693058,8430.315215363624,8499.464675654599,86.28478463637657,17.135324345401386,-2.590983173986038
2026-01-23,IM2606,2026-06-22,95.0,0.38934426229508196,8470.744,8366.2,0.04589610434936466,0.07479233259835728,0.04803175795099141,-0.02889622824899262,-0.0021356536016267497,8272.602890166874,8359.246358645129,93.59710983312652,6.953641354872161,-2.3214018105982706
2026-01-23,IM2609,2026-09-18,159.0,0.6516393442622951,8470.744,8219.0,0.060298304942577576,0.07998520730077584,0.06137489000956173,-0.019686902358198262,-0.0010765850669841523,8114.233867016341,8213.236022189138,104.76613298365919,5.763977810862343,-2.0835318039091484
2026-01-26,IM2602,2026-02-24,15.0,0.06147540983606557,8365.435,8327.2,0.08851874287164262,-0.08000198135845611,0.08595638985105564,0.16852072423009873,0.00256235302058698,8413.917212021384,8328.511818034798,-86.7172120213836,-1.3118180347973976,2.903747326881723
2026-01-26,IM2603,2026-03-20,33.0,0.13524590163934427,8365.435,8289.2,0.08169057461601825,0.002481950164080246,0.08442400567637845,0.079208624451938,-0.0027334310603601975,8378.476570849209,8286.136170571965,-89.27657084920793,3.063829428036115,2.7332055051121475
2026-01-26,IM2606,2026-06-22,94.0,0.38524590163934425,8365.435,8141.6,0.08440078678742162,0.053136402316873416,0.08344689929284041,0.031264384470548204,0.0009538874945812098,8240.254232302072,8144.5924351262265,-98.65423230207125,-2.9924351262261553,2.4949081786720972
2026-01-26,IM2609,2026-09-18,158.0,0.6475409836065574,8365.435,7980.2,0.08680598891324144,0.06449628053140653,0.08319905998118145,0.02230970838183491,0.003606928932059994,8096.32232249575,7998.860612608832,-116.12232249575027,-18.660612608831798,2.355306685517253
2026-01-27,IM2602,2026-02-24,14.0,0.05737704918032787,8382.153,8385.6,0.006834306831623194,0.08560500395778743,0.004260602268879837,-0.07877069712616423,0.0025737045627433567,8347.785706984532,8386.838406181274,37.81429301546814,-1.2384061812736036,-1.2862852984532036
2026-01-27,IM2603,2026-03-20,32.0,0.13114754098360656,8382.153,8357.2,0.03673286977485483,0.08422238734261493,0.04361110779042461,-0.047489517567760105,-0.006878238015569783,8305.31199355971,8349.664669908116,51.888006440291065,7.535330091885044,-1.5934264064084944
2026-01-27,IM2606,2026-06-22,93.0,0.38114754098360654,8382.153,8220.2,0.06518821707137937,0.0833670187222601,0.06719268073253974,-0.018178801650880733,-0.0020044636611603744,8163.440696804328,8213.922195245645,56.759303195673056,6.2778047543561115,-1.4408148888726788
2026-01-27,IM2609,2026-09-18,157.0,0.6434426229508197,8382.153,8058.8,0.07514009124294721,0.0831501635966233,0.07259054556381021,-0.008010072353676095,0.002549545679136997,8017.371620882601,8072.0312013061675,41.428379117399345,-13.23120130616735,-0.8435235987412684
2026-01-28,IM2602,2026-02-24,13.0,0.05327868852459016,8399.794,8407.4,-0.0029878183087878093,0.012993375471164498,-0.0050013405608725775,-0.01598119377995231,0.0020135222520847682,8400.24450676424,8408.301975965262,7.1554932357594225,-0.9019759652619541,-0.24678977166025726
2026-01-28,IM2603,2026-03-20,31.0,0.12704918032786885,8399.794,8377.8,0.0346363515151983,0.04854260963401316,0.03968772909590203,-0.013906258118814858,-0.005051377580703724,8363.01134942877,8372.42507589345,14.788650571228573,5.37492410654886,-0.45328540761457015
2026-01-28,IM2606,2026-06-22,92.0,0.3770491803278688,8399.794,8242.6,0.06410315521974522,0.06911070388572844,0.06555480206208748,-0.0050075486659832275,-0.0014516468423422663,8227.05189463856,8238.089711201827,15.54810536144032,4.51028879817386,-0.39414346381398685
2026-01-28,IM2609,2026-09-18,156.0,0.639344262295082,8399.794,8075.0,0.07567930949869058,0.07375628912101938,0.07140572234336129,0.0019230203776711974,0.0042735871553292865,8084.934092354334,8097.093438558193,-9.934092354334098,-22.093438558193156,0.20199381515481932
2026-01-29,IM2602,2026-02-24,12.0,0.04918032786885246,8332.207,8351.4,-0.032783389087058516,0.004535243900270977,-0.03587353680402072,-0.03731863298732949,0.0030901477169622063,8336.086376931875,8352.669296102458,15.313623068124798,-1.2692961024586111,-0.5437925792989176
2026-01-29,IM2603,2026-03-20,30.0,0.12295081967213115,8332.207,8329.0,0.017131057710540933,0.04499199853558527,0.024595642463047525,-0.027860940825044336,-0.0074645847525065916,8300.517609445875,8321.359343662521,28.48239055412523,7.640656337478504,-0.8813685982945968
2026-01-29,IM2606,2026-06-22,91.0,0.3729508196721312,8332.207,8199.6,0.05701638078356539,0.06758771586600708,0.058575860808979564,-0.010571335082441687,-0.0015594800254141727,8167.335998373033,8194.832422511294,32.264001626967,4.767577488706593,-0.8262155926080956
2026-01-29,IM2609,2026-09-18,155.0,0.6352459016393442,8332.207,8048.0,0.06863199938513755,0.07263698735263843,0.06633054981008751,-0.0040049879675008865,0.0023014495750500324,8027.55068726712,8059.774671738504,20.449312732879662,-11.774671738504367,-0.4196013059086437
2026-01-30,IM2602,2026-02-24,11.0,0.045081967213114756,8254.86,8282.4,-0.0598801757313885,-0.02348730482581292,-0.06182037765903446,-0.03639287090557558,0.0019402019276459626,8268.82252036193,8283.124477638397,13.577479638070145,-0.7244776383977296,-0.499257488216441
2026-01-30,IM2603,2026-03-20,29.0,0.11885245901639344,8254.86,8260.6,0.008151519320883215,0.031379012498473524,0.012732888694442071,-0.02322749317759031,-0.004581369373558856,8237.8268672756,8256.103269707724,22.773132724400057,4.49673029227597,-0.7123884279209047
2026-01-30,IM2606,2026-06-22,90.0,0.36885245901639346,8254.86,8143.8,0.05072258630463739,0.06113917135757163,0.05320202856896562,-0.01041658505293424,-0.0024794422643282313,8112.5700639761435,8136.355505628011,31.22993602385668,7.444494371989094,-0.8082961380189185
2026-01-30,IM2609,2026-09-18,154.0,0.6311475409836066,8254.86,7996.6,0.06436170531294347,0.0678789435657654,0.062390573397761426,-0.003517238252821936,0.0019711319151820422,7978.868066261402,8006.554561461486,17.731933738597945,-9.954561461485355,-0.3675419254982094
2026-02-02,IM2602,2026-02-24,10.0,0.040983606557377046,7975.428,7910.0,0.21499580917437808,-0.047162173660249274,0.21194086813445495,0.2621579828346273,0.003054941039923126,7995.444655233191,7910.99041378779,-85.44465523319104,-0.9904137877902031,3.3779333255119828
2026-02-02,IM2603,2026-03-20,28.0,0.11475409836065574,7975.428,7871.8,0.12797032616827514,0.02063057820663238,0.13678545487375104,0.10733974796164275,-0.008815128705475905,7969.361916393459,7863.841132539944,-97.56191639345889,7.958867460056354,3.1882935333578057
2026-02-02,IM2606,2026-06-22,89.0,0.36475409836065575,7975.428,7701.6,0.109782927780245,0.05614140436914374,0.09913379807856333,0.053641523411101254,0.010649129701681664,7853.773092046798,7731.573606170472,-152.17309204679805,-29.973606170471612,4.132127497902611
2026-02-02,IM2609,2026-09-18,153.0,0.6270491803278688,7975.428,7548.6,0.1017175205151913,0.06416046222811861,0.09194355027769388,0.03755705828707269,0.009773970237497417,7728.480242943513,7595.005617121586,-179.8802429435127,-46.40561712158524,3.9142967830878215
2026-02-03,IM2602,2026-02-24,9.0,0.036885245901639344,8209.101,8213.0,0.001126345866654277,0.1976759409910679,0.0004510447862850764,-0.1965495951244136,0.0006753010803692006,8153.672869818732,8213.204577260802,59.32713018126833,-0.2045772608016705,-2.3729475688773527
2026-02-03,IM2603,2026-03-20,27.0,0.11065573770491803,8209.101,8183.0,0.042779215434284444,0.12924694533481818,0.048379281310633376,-0.08646772990053372,-0.005600065876348932,8105.077207931442,8177.930734122145,77.92279206855801,5.069265877855287,-2.4845198816243736
2026-02-03,IM2606,2026-06-22,88.0,0.36065573770491804,8209.101,8031.0,0.07481800831161413,0.09639298655189997,0.0715779630564026,-0.02157497824028584,0.0032400452552115294,7968.752160761979,8040.390037314873,62.24783923802079,-9.390037314872643,-1.6496616784243672
2026-02-03,IM2609,2026-09-18,152.0,0.6229508196721312,8209.101,7885.8,0.07849906133354308,0.09030946039514622,0.07602358984989871,-0.011810399061603138,0.0024754714836443675,7827.994727248612,7897.970049729018,57.80527275138775,-12.170049729017592,-1.2276394876812147
2026-02-04,IM2602,2026-02-24,8.0,0.03278688524590164,8207.12,8230.0,-0.07091030675792333,0.009165055887218956,-0.07154626838152724,-0.08007536264514228,0.000635961623603909,8208.421118421678,8230.17160717147,21.57888157832167,-0.171607171470896,-0.9035708970530825
2026-02-04,IM2603,2026-03-20,26.0,0.10655737704918032,8207.12,8203.4,0.018254681732053694,0.052903909208011045,0.022728342940085883,-0.03464922747595735,-0.004473661208032189,8173.167819149325,8199.490358000985,30.232180850674922,3.9096419990146387,-0.961957727869253
2026-02-04,IM2606,2026-06-22,87.0,0.35655737704918034,8207.12,8045.2,0.06988561951260552,0.07319680221821395,0.06597041093332008,-0.0033111827056084286,0.003915208579285442,8035.707227525808,8056.438913972005,9.492772474191952,-11.23891397200532,-0.25127107025001855
2026-02-04,IM2609,2026-09-18,151.0,0.6188524590163934,8207.12,7888.6,0.07796256540978774,0.0769857397430847,0.07365012218420397,0.0009768256667030406,0.004312443225583773,7893.3701868752305,7909.68094575779,-4.770186875230138,-21.080945757789777,0.10126369853168106
2026-02-05,IM2602,2026-02-24,7.0,0.028688524590163935,8068.077,8077.8,-0.027981744437706277,-0.05510032795394808,-0.026676709540679855,0.0271185835162418,-0.001305034897026422,8084.08691025603,8077.497576660352,-6.2869102560298415,0.3024233396481577,0.2852792085134628
2026-02-05,IM2603,2026-03-20,25.0,0.10245901639344263,8068.077,8039.8,0.04826693703953634,0.03110419071267257,0.046267881674960154,0.01716274632686377,0.0019990553645761883,8053.9502500929175,8041.446890509896,-14.150250092917304,-1.6468905098954565,0.45981298412165966
2026-02-05,IM2606,2026-06-22,86.0,0.3524590163934426,8068.077,7880.2,0.08084998416611211,0.06890806514620267,0.07738442380187781,0.011941919019909444,0.003465560364234302,7913.4379544367475,7889.831293072424,-33.237954436747714,-9.631293072424342,0.8992689689986151
2026-02-05,IM2609,2026-09-18,150.0,0.6147540983606558,8068.077,7720.0,0.08573730114916724,0.07538557534126253,0.08201583458864516,0.010351725807904708,0.00372146656052208,7769.284925017225,7737.681932784513,-49.28492501722485,-17.681932784513265,1.0702015454437117
2026-02-06,IM2602,2026-02-24,6.0,0.02459016393442623,8051.574,8026.8,0.13932073172331708,-0.014454201731710178,0.13397449796356975,0.15377493345502724,0.005346233759747326,8057.20960524167,8027.855310738932,-30.40960524166985,-1.0553107389314391,1.504168572350271
2026-02-06,IM2603,2026-03-20,24.0,0.09836065573770492,8051.574,7990.8,0.09102999017664982,0.05236286659452091,0.10544332781229489,0.03866712358212891,-0.014413337635645063,8021.249466353322,7979.479426674177,-30.44946635332144,11.320573325822807,0.9983891550501371
2026-02-06,IM2606,2026-06-22,85.0,0.3483606557377049,8051.574,7830.8,0.09381074753851561,0.07947143768654104,0.09266592819614691,0.014339309851974569,0.0011448193423686942,7870.01467657048,7833.923624304556,-39.21467657048015,-3.1236243045559604,1.0713700871228882
2026-02-06,IM2609,2026-09-18,149.0,0.610655737704918,8051.574,7655.6,0.09658367353664672,0.08323749627309579,0.0898933347337265,0.013346177263550932,0.00669033880292022,7718.247464570895,7686.940884060858,-62.647464570894954,-31.340884060857206,1.3759754670727298
2026-02-09,IM2603,2026-03-20,23.0,0.0942622950819672,8233.778,8232.6,0.01551788614345945,0.10321856827897273,0.019435829509302213,-0.08770068213551328,-0.0039179433658427625,8164.8227248510875,8229.56014418238,67.77727514891285,3.039855817620264,-2.179357116151327
2026-02-09,IM2606,2026-06-22,84.0,0.3442622950819672,8233.778,8063.2,0.07480962639573294,0.09190465594754503,0.07106833759236558,-0.017095029551812094,0.003741288803367354,8015.886026180162,8073.591968902951,47.313973819837884,-10.391968902950794,-1.2671113818323556
2026-02-09,IM2609,2026-09-18,148.0,0.6065573770491803,8233.778,7890.2,0.08427114027198507,0.08944252755571988,0.07869119980870724,-0.005171387283734813,0.005579940463277824,7865.489245446456,7916.9500513388275,24.710754553543666,-26.75005133882769,-0.5316746683715279
2026-02-10,IM2603,2026-03-20,22.0,0.09016393442622951,8250.3,8229.0,0.04267069538043861,0.029030454562133573,0.043299770443918556,0.01364024081830504,-0.0006290750634799433,8239.126725600614,8228.533265321355,-10.126725600614009,0.4667346786445705,0.3243117483277313
2026-02-10,IM2606,2026-06-22,83.0,0.3401639344262295,8250.3,8063.0,0.08150823733756922,0.07423356963146621,0.0804362968611958,0.007274667706103008,0.0010719404763734203,8082.977242666666,8065.940592044704,-19.977242666665916,-2.9405920447043172,0.5344932854012642
2026-02-10,IM2609,2026-09-18,147.0,0.6024590163934426,8250.3,7886.0,0.08896033196867977,0.08053022784586164,0.08505428393113987,0.008430104122818124,0.003906048037539897,7926.153234245725,7904.579454536342,-40.15323424572489,-18.579454536342382,0.8601182842627321
2026-02-11,IM2603,2026-03-20,21.0,0.0860655737704918,8239.513,8241.0,0.011903278392316932,0.050208782982380455,0.012171455767073597,-0.03830550459006352,-0.0002681773747566646,8213.875928596566,8240.80979299568,27.124071403433845,0.19020700431974547,-0.8742061242111007
2026-02-11,IM2606,2026-06-22,82.0,0.3360655737704918,8239.513,8086.6,0.06974170907225509,0.08265856258954919,0.07172675053590308,-0.012916853517294102,-0.001985041463647988,8051.572878693164,8081.207194978725,35.02712130683631,5.392805021275308,-0.9391949370661865
2026-02-11,IM2609,2026-09-18,146.0,0.5983606557377049,8239.513,7919.0,0.08030834535043553,0.08633403582699549,0.07977365989462795,-0.006025690476559958,0.0005346854558075792,7890.499170845775,7921.533968536336,28.500829154225357,-2.533968536336033,-0.6103492578761603
2026-02-12,IM2603,2026-03-20,20.0,0.08196721311475409,8314.832,8338.0,-0.019946151904917456,0.02279789961299082,-0.019347340587148376,-0.04274405151790828,-0.0005988113177690796,8308.838009278566,8337.590756865831,29.16199072143354,0.4092431341687188,-0.9348804116090317
2026-02-12,IM2606,2026-06-22,81.0,0.3319672131147541,8314.832,8182.0,0.06251168382768917,0.07508581438389289,0.06436703317079068,-0.012574130556203725,-0.0018553493431015117,8147.917885395836,8176.962133844594,34.08211460416442,5.037866155405936,-0.90594235510209
2026-02-12,IM2609,2026-09-18,145.0,0.5942622950819673,8314.832,8004.2,0.07807019996142596,0.08170559838459968,0.07570486090801844,-0.0036353984231737163,0.0023653390534075225,7986.926550047179,8015.458869228439,17.273449952820556,-11.258869228438925,-0.36662758764638337
2026-02-13,IM2603,2026-03-20,19.0,0.0778688524590164,8204.829,8189.0,0.038799300685775896,-0.004843004248014995,0.038746039432460785,0.04364230493379089,5.3261253315110835e-05,8216.876643565634,8189.033963069054,-27.876643565634367,-0.033963069054152584,0.9132627247169769
2026-02-13,IM2606,2026-06-22,80.0,0.32786885245901637,8204.829,8021.6,0.08288418944731325,0.0688582427233091,0.08160912634192058,0.01402594672400416,0.0012750631053926736,8058.573649417783,8024.954158832563,-36.973649417782326,-3.3541588325624616,1.0016298071596017
2026-02-13,IM2609,2026-09-18,144.0,0.5901639344262295,8204.829,7852.0,0.08847863957115189,0.07827871224092607,0.0862475748363773,0.010199927330225816,0.002231064734774593,7899.408676995588,7862.345490258807,-47.408676995588394,-10.345490258807331,1.0250652514822405
2026-02-24,IM2603,2026-03-20,18.0,0.07377049180327869,8299.771,8271.0,0.061071712087485554,0.04619845747703764,0.06064195129191174,0.014873254610447917,0.0004297607955738164,8280.079982039311,8271.262225171988,-9.07998203931129,-0.2622251719876658,0.2972681562232419
2026-02-24,IM2606,2026-06-22,79.0,0.3237704918032787,8299.771,8110.6,0.08521117123421836,0.08384971636358948,0.08735400787152003,0.0013614548706288726,-0.002142836637301679,8114.175931739544,8104.974920482338,-3.5759317395431935,5.625079517662016,0.09636401074051006
2026-02-24,IM2609,2026-09-18,143.0,0.5860655737704918,8299.771,7930.4,0.0916780796576232,0.08751782001264512,0.08948944902459105,0.004160259644978084,0.0021886306330321514,7949.759373249779,7940.578700557133,-19.35937324977931,-10.178700557133197,0.4167275738365912
2026-02-25,IM2603,2026-03-20,17.0,0.06967213114754098,8426.331,8405.6,0.04935553632991823,0.06529951942300335,0.043910253439814334,-0.015943983093085125,0.005445282890103896,8396.267812767515,8408.789559044013,9.332187232485012,-3.18955904401264,-0.3038130523646383
2026-02-25,IM2604,2026-04-17,36.0,0.14754098360655737,8426.331,8374.2,0.05606217854986394,0.08135724188752598,0.06867843198822815,-0.025295063337662037,-0.012616253438364207,8343.005242036614,8358.626641915553,31.19475796338702,15.573358084448046,-0.9429442406187004
2026-02-25,IM2606,2026-06-22,78.0,0.319672131147541,8426.331,8247.4,0.08114206433506341,0.08871158113829139,0.08091918819012671,-0.0075695168032279825,0.00022287614493669838,8227.46736780175,8247.987625851096,19.93263219824985,-0.5876258510961634,-0.5309542668437176
2026-02-25,IM2609,2026-09-18,142.0,0.5819672131147541,8426.331,8068.4,0.08858538476599481,0.09025019660178285,0.08472972844592615,-0.0016648118357880382,0.003855656320068665,8060.5865880221,8086.524732037378,7.813411977899705,-18.124732037378635,-0.16622185417889251
2026-02-26,IM2603,2026-03-20,16.0,0.06557377049180328,8490.617,8443.4,0.0990431549774473,0.05000110408065451,0.09695358764643776,0.04904205089679279,0.0020895673310095397,8470.596602208447,8444.557000760034,-27.196602208447075,-1.1570007600348617,0.8898468901658575
2026-02-26,IM2604,2026-04-17,35.0,0.14344262295081966,8490.617,8398.2,0.09029722615771357,0.07217048309685262,0.09730520817560269,0.018126743060860956,-0.007007982017889117,8420.064973083754,8389.762007359617,-21.864973083753284,8.437992640383527,0.6598760260154536
2026-02-26,IM2606,2026-06-22,77.0,0.3155737704918033,8490.617,8260.4,0.10110691913055245,0.0826654550083573,0.09634960500708503,0.018441464122195148,0.0047573141234674154,8308.61272814806,8272.810516201655,-48.212728148060705,-12.4105162016549,1.2866190481264064
2026-02-26,IM2609,2026-09-18,141.0,0.5778688524590164,8490.617,8073.8,0.10110872708878896,0.08571038862507192,0.09461265358327717,0.015398338463717035,0.00649607350551179,8145.963035214527,8104.165022218385,-72.16303521452664,-30.365022218385093,1.540554141753381
2026-02-27,IM2603,2026-03-20,15.0,0.06147540983606557,8560.843,8531.4,0.07004178929488822,0.09717101956933753,0.06814748378717551,-0.027129230274449315,0.0018943055077127041,8517.183355435574,8532.393566744859,14.216644564425224,-0.9935667448589811,-0.4674537636504049
2026-02-27,IM2604,2026-04-17,34.0,0.13934426229508196,8560.843,8486.2,0.07684687820240936,0.09741147580421038,0.08687920771784652,-0.020564597601801016,-0.010032329515437158,8461.917104558324,8474.345025701921,24.282895441676374,11.854974298079469,-0.7292313353068541
2026-02-27,IM2606,2026-06-22,76.0,0.3114754098360656,8560.843,8330.6,0.10152917038015835,0.09638457206240271,0.094487154852682,0.0051445983177556415,0.007042015527476353,8343.959786750615,8348.89251447161,-13.359786750614148,-18.292514471610048,0.3556805696875511
2026-02-27,IM2609,2026-09-18,140.0,0.5737704918032787,8560.843,8129.4,0.10412583821149639,0.09461922890313672,0.09538156571098433,0.00950660930835967,0.00874427250051206,8173.863878321761,8170.289360048958,-44.46387832176151,-40.889360048958224,0.9486646345402658
2026-03-02,IM2603,2026-03-20,14.0,0.05737704918032787,8476.965,8423.8,0.12365101951106755,0.07254390800324792,0.11904329038864926,0.05110711150781963,0.004607729122418289,8448.53799545106,8426.027360977487,-24.73799545106158,-2.2273609774874785,0.8345444064384142
2026-03-02,IM2604,2026-04-17,33.0,0.13524590163934427,8476.965,8380.2,0.09888763135727896,0.0893119853831703,0.11140464178204167,0.009575645974108662,-0.012517010424762706,8391.059950076644,8366.025375596522,-10.859950076643145,14.174624403478447,0.33047124100115044
2026-03-02,IM2606,2026-06-22,75.0,0.3073770491803279,8476.965,8230.6,0.10995241035694082,0.0956590163205556,0.10606023237652042,0.014293394036385229,0.003892177980420408,8266.840374471858,8240.452704047526,-36.24037447185765,-9.852704047525549,0.9788599326772236
2026-03-02,IM2609,2026-09-18,139.0,0.569672131147541,8476.965,8029.0,0.1093048159239844,0.09602029967464491,0.10204653778955101,0.01328451624933949,0.007258278134433388,8089.992515258204,8062.267350679253,-60.99251525820364,-33.26735067925256,1.3216084859371704
2026-03-03,IM2603,2026-03-20,13.0,0.05327868852459016,8142.454,8129.4,0.04411501836542843,0.11756886406698136,0.04078576472289898,-0.07345384570155293,0.0033292536425294506,8097.647565883911,8130.842106785996,31.752434116088807,-1.442106785996657,-1.134299738943307
2026-03-03,IM2604,2026-04-17,32.0,0.13114754098360656,8142.454,8089.0,0.06422202243742484,0.11056694831990758,0.07558682295357468,-0.04634492588248275,-0.01136480051614984,8039.983982554174,8076.952603771547,49.01601744582604,12.04739622845318,-1.555240986377462
2026-03-03,IM2606,2026-06-22,74.0,0.30327868852459017,8142.454,7949.4,0.09311915861429333,0.10562576480633377,0.08988488246538132,-0.012506606192040443,0.003234276148912016,7919.305138948769,7957.201288812499,30.09486105123051,-7.801288812499479,-0.8481981150493499
2026-03-03,IM2609,2026-09-18,138.0,0.5655737704918032,8142.454,7766.8,0.09751407386250104,0.10178447768244389,0.09298670650685488,-0.004270403819942856,0.004527367355646156,7748.064039060936,7786.712842297391,18.73596093906417,-19.912842297390853,-0.4234817798841436
2026-03-04,IM2603,2026-03-20,12.0,0.04918032786885246,8094.518,8064.2,0.09030143968054528,0.04821199696359424,0.08727980304427721,0.042089442716951045,0.003021636636268074,8080.909961596256,8065.398470137115,-16.709961596256107,-1.1984701371147821,0.6133043657649279
2026-03-04,IM2604,2026-04-17,31.0,0.12704918032786885,8094.518,8018.4,0.08836601854662164,0.07958410827999463,0.098168513551816,0.008781910266627016,-0.009802495005194353,8027.351398286868,8008.420108777562,-8.951398286868425,9.9798912224378,0.2862905303714209
2026-03-04,IM2606,2026-06-22,73.0,0.29918032786885246,8094.518,7875.0,0.10589727784999987,0.0917782236247077,0.10109669317361637,0.01411905422529218,0.004800584676383501,7908.335485635068,7886.318520030139,-33.335485635067926,-11.318520030138643,0.9480834269996132
2026-03-04,IM2609,2026-09-18,137.0,0.5614754098360656,8094.518,7685.6,0.10632567162800309,0.09401820817599575,0.09985548085238982,0.012307463452007339,0.006470190775613269,7738.894022169534,7713.571432439298,-53.29402216953349,-27.97143243929804,1.2165093262028879
2026-03-05,IM2603,2026-03-20,11.0,0.045081967213114756,8171.119,8130.0,0.12590595152705092,0.08964057632136713,0.12428899074101489,0.03626537520568379,0.0016169607860360286,8143.302725973608,8130.592664236732,-13.302725973608176,-0.592664236732162,0.4975031853738329
2026-03-05,IM2604,2026-04-17,30.0,0.12295081967213115,8171.119,8075.4,0.10983881216285343,0.09939708743700025,0.11668678781201483,0.010441724725853183,-0.0068479756491613974,8085.77400658067,8068.603663682098,-10.374006580670539,6.796336317901478,0.330358880815593
2026-03-05,IM2606,2026-06-22,72.0,0.29508196721311475,8171.119,7928.0,0.11636161584185356,0.10164926812052372,0.11119397259928258,0.014712347721329844,0.005167643242570977,7962.493029927858,7940.098457424416,-34.493029927857606,-12.098457424415756,0.9779526189641395
2026-03-05,IM2609,2026-09-18,136.0,0.5573770491803278,8171.119,7733.2,0.11282558961157223,0.1001388939689788,0.1066238348579648,0.01268669564259342,0.00620175475360743,7788.077365966425,7759.977729184172,-54.877365966424804,-26.77772918417213,1.2498442440855264
2026-03-06,IM2603,2026-03-20,10.0,0.040983606557377046,8248.857,8211.8,0.12386102529419069,0.12302071858207535,0.12062033131380692,0.0008403067121153379,0.003240693980383763,8212.082809404967,8212.89072533371,-0.2828094049673382,-1.0907253337099974,0.010827331231274245
2026-03-06,IM2604,2026-04-17,29.0,0.11885245901639344,8248.857,8160.6,0.10450674843527427,0.11598730765620809,0.11645010295055233,-0.011480559220933814,-0.01194335451527806,8149.472514331883,8149.024270149854,11.127485668117515,11.575729850146672,-0.35214792117150145
2026-03-06,IM2606,2026-06-22,71.0,0.29098360655737704,8248.857,8002.0,0.11841528035945134,0.11083090584250611,0.11226871407459864,0.007584374516945228,0.006146566284852703,8019.679344410879,8016.324783781692,-17.67934441087891,-14.324783781691622,0.498953996228652
2026-03-06,IM2609,2026-09-18,135.0,0.5532786885245902,8248.857,7802.0,0.11466271368194227,0.1063990357655763,0.10792415349216422,0.008263677916365966,0.006738560189778045,7837.753327811193,7831.142502473486,-35.75332781119323,-29.142502473486275,0.8113748654361534
2026-03-09,IM2603,2026-03-20,9.0,0.036885245901639344,8203.869,8191.0,0.056561237975565136,0.12005074505791018,0.057219126481917765,-0.06348950708234505,-0.0006578885063526288,8171.840545382665,8190.801236498531,19.15945461733463,0.19876350146932964,-0.766502904439417
2026-03-09,IM2604,2026-04-17,28.0,0.11475409836065574,8203.869,8130.2,0.09260589632782999,0.11611808492675502,0.09578558814530941,-0.023512188598925024,-0.003179691817479416,8108.293311477384,8127.2339720950395,21.906688522615696,2.966027904960356,-0.698448201319366
2026-03-09,IM2606,2026-06-22,70.0,0.28688524590163933,8203.869,7970.8,0.11446179961328971,0.11207617273828037,0.107832155978139,0.0023856268750093446,0.006629643635150714,7976.257091914663,7985.974464644291,-5.457091914662669,-15.17446464429122,0.15529435564894659
2026-03-09,IM2609,2026-09-18,134.0,0.5491803278688525,8203.869,7765.0,0.11411177180139433,0.10779115010317383,0.10798705340548533,0.006320621698220494,0.006124718395909001,7792.0004001736,7791.1621332438735,-27.0004001735997,-26.16213324387354,0.6184842358438855
2026-03-10,IM2603,2026-03-20,8.0,0.03278688524590164,8350.09,8313.6,0.1475774704079184,0.06430747957561447,0.14245424033208873,0.08326999083230394,0.005123230075829682,8336.32850053135,8314.996592229178,-22.72850053134971,-1.3965922291772586,0.939610813518762
2026-03-10,IM2604,2026-04-17,27.0,0.11065573770491803,8350.09,8259.6,0.11246897471024521,0.09931422838282664,0.12648016545417604,0.013154746327418573,-0.014011190743930826,8271.631826464067,8246.804084212316,-12.031826464066398,12.795915787684862,0.37801619395175845
2026-03-10,IM2606,2026-06-22,69.0,0.2827868852459016,8350.09,8102.6,0.12039573824093543,0.1093875161845998,0.11768969922647826,0.011008222056335629,0.002706039014457165,8127.8625389509825,8108.802744560235,-25.26253895098216,-6.2027445602343505,0.7089041349834225
2026-03-10,IM2609,2026-09-18,133.0,0.5450819672131147,8350.09,7905.6,0.11435361914120258,0.10879513424513301,0.11163687179235644,0.005558484896069568,0.002716747348846138,7929.58894597554,7917.315680117077,-23.988945975539536,-11.715680117076772,0.5420321567052386
2026-03-11,IM2603,2026-03-20,7.0,0.028688524590163935,8363.526,8313.0,0.22521873812077933,0.13993052794439642,0.22260406836893848,0.08528821017638291,0.0026146697518408535,8333.365093925158,8313.623589976001,-20.365093925158362,-0.6235899760013126,0.8971986906309897
2026-03-11,IM2604,2026-04-17,26.0,0.10655737704918032,8363.526,8245.0,0.14794804653724364,0.12518631693141608,0.15652822124012838,0.022761729605827563,-0.008580174702884746,8265.02194312868,8237.465198876394,-20.021943128680505,7.534801123605575,0.6319802930578795
2026-03-11,IM2606,2026-06-22,68.0,0.2786885245901639,8363.526,8089.2,0.13366861533039623,0.11706572087619213,0.1297382858907515,0.016602894454204098,0.00393032943964472,8126.715747327432,8098.0652601660195,-37.51574732743211,-8.865260166019652,1.0574824200961566
2026-03-11,IM2609,2026-09-18,132.0,0.5409836065573771,8363.526,7886.2,0.12262752820109703,0.11126957364649599,0.11814973311462837,0.011357954554601035,0.004477795086468658,7934.805672432139,7905.3267963533,-48.60567243213882,-19.12679635330005,1.1036892184951947
2026-03-12,IM2603,2026-03-20,6.0,0.02459016393442623,8335.908,8277.2,0.30141986206716964,0.21201424817159178,0.2956599325862439,0.08940561389557786,0.005759929480925741,8295.417431621312,8278.372445856292,-18.217431621311334,-1.1724458562912332,0.8745257901034962
2026-03-12,IM2604,2026-04-17,25.0,0.10245901639344263,8335.908,8211.4,0.16087839424158967,0.15134363050761276,0.1801477002477197,0.009534763733976909,-0.019269306006130027,8219.425821193621,8195.204110019182,-8.025821193621596,16.19588998081781,0.2554681805466662
2026-03-12,IM2606,2026-06-22,67.0,0.27459016393442626,8335.908,8043.0,0.14426796024780003,0.12740388732862812,0.13732916547537055,0.016864072919171913,0.00693879477242948,8080.331156992168,8058.339135696051,-37.33115699216796,-15.339135696051017,1.0621103363786615
2026-03-12,IM2609,2026-09-18,131.0,0.5368852459016393,8335.908,7839.2,0.12842977919635815,0.11686734184410631,0.12137955974422886,0.011562437352251834,0.007050219452129289,7888.0147747128785,7868.928845604041,-48.814774712878716,-29.728845604041453,1.1195706076082979
2026-03-13,IM2604,2026-04-17,24.0,0.09836065573770492,8214.293,8117.6,0.13438494083406793,0.17161109573967606,0.1395631020776126,-0.03722615490560813,-0.005178161243544671,8087.93103600033,8113.466537154074,29.668963999670268,4.13346284592626,-0.9612479806936781
2026-03-13,IM2606,2026-06-22,66.0,0.27049180327868855,8214.293,7951.2,0.13434680769576518,0.13357617997589485,0.12600359703610287,0.000770627719870326,0.008343210659662315,7952.857588321815,7969.16429340674,-1.6575883218147283,-17.96429340674058,0.047980548197051345
2026-03-13,IM2609,2026-09-18,130.0,0.5327868852459017,8214.293,7746.0,0.1241737040401576,0.11935150860040933,0.1180356998600913,0.004822195439748267,0.006138004180066298,7765.926629286871,7771.372807080031,-19.926629286870593,-25.372807080030725,0.4652418509595054
2026-03-16,IM2604,2026-04-17,23.0,0.0942622950819672,8211.352,8121.0,0.13137766218757374,0.13747523449198176,0.13443043512992872,-0.006097572304408022,-0.003052772942354981,8116.333624588396,8118.663426005271,4.666375411604349,2.336573994729406,-0.15086151418433816
2026-03-16,IM2606,2026-06-22,65.0,0.26639344262295084,8211.352,7952.8,0.1340987490480955,0.12505620535131795,0.12793137796483195,0.009042543696777539,0.00616737108326354,7971.980388192249,7965.876769889744,-19.180388192248756,-13.076769889743446,0.5563984209213887
2026-03-16,IM2609,2026-09-18,129.0,0.5286885245901639,8211.352,7742.8,0.12513199002328018,0.11749656531212982,0.12130238945933813,0.007635424711150363,0.0038296005639420483,7774.119007513665,7758.492463550163,-31.319007513664474,-15.692463550162756,0.7304304312208286
2026-03-17,IM2604,2026-04-17,22.0,0.09016393442622951,8019.857,7951.0,0.10963562671755114,0.13395681386272817,0.1137006890308099,-0.02432118714517703,-0.0040650623132587604,7933.583403772216,7948.086317480779,17.416596227783884,2.913682519220856,-0.5784372194370145
2026-03-17,IM2606,2026-06-22,64.0,0.26229508196721313,8019.857,7770.8,0.13427473743092874,0.12766702288602713,0.12541110005497752,0.006607714544901611,0.008863637375951222,7784.2798034538055,7788.887260779299,-13.479803453805289,-18.08726077929896,0.401137561503021
2026-03-17,IM2609,2026-09-18,128.0,0.5245901639344263,8019.857,7564.2,0.12550418714234451,0.12111842294723654,0.12284518096041377,0.004385764195107972,0.00265900618193074,7581.623207823991,7574.758577814927,-17.423207823991106,-10.558577814927048,0.4159356303936202
2026-03-18,IM2604,2026-04-17,21.0,0.0860655737704918,8096.595,8021.2,0.12270277042288914,0.11701625337636595,0.12441371443638972,0.00568651704652319,-0.0017109440135005816,8025.126643179411,8020.0189381625,-3.9266431794112577,1.1810618375002377,0.1298131324002652
2026-03-18,IM2606,2026-06-22,63.0,0.2581967213114754,8096.595,7844.6,0.1364578134545464,0.12670216771022902,0.13214858460856702,0.009755645744317393,0.004309228845979396,7864.3844795350415,7853.332984950283,-19.7844795350411,-8.732984950283026,0.5847315948293083
2026-03-18,IM2609,2026-09-18,127.0,0.5204918032786885,8096.595,7622.6,0.12990208279549412,0.12346542775715613,0.12788274697410093,0.006436655038337985,0.0020193358213931867,7648.180260043,7630.615928350338,-25.580260042999726,-8.015928350338072,0.6070975257153977
2026-03-19,IM2604,2026-04-17,20.0,0.08196721311475409,7909.234,7863.4,0.08490462810041134,0.12695582578341108,0.0879461051369849,-0.04205119768299974,-0.0030414770365735644,7836.342936877476,7861.439887738744,27.057063122523687,1.9601122612557447,-0.9199520815301744
2026-03-19,IM2606,2026-06-22,62.0,0.2540983606557377,7909.234,7681.0,0.12923565344723015,0.13309337649747993,0.12415881139797144,-0.003857723050249784,0.005076842049258706,7673.474457114197,7690.915016332002,7.525542885802679,-9.91501633200187,-0.2283094248740883
2026-03-19,IM2609,2026-09-18,126.0,0.5163934426229508,7909.234,7449.0,0.1300958631618671,0.12831378871599092,0.1262433934584665,0.0017820744458761917,0.003852469703400613,7455.85810896515,7463.833716933321,-6.858108965149768,-14.83371693332083,0.16734007228288034
2026-03-20,IM2604,2026-04-17,19.0,0.0778688524590164,7783.435,7727.8,0.10612336608688416,0.09593995568058261,0.10589411573257564,0.010183410406301552,0.00022925035430852725,7733.93034756544,7727.9379537595005,-6.130347565439479,-0.13795375950030575,0.21314513093215298
2026-03-20,IM2606,2026-06-22,61.0,0.25,7783.435,7560.0,0.13050626907419058,0.12724235019451802,0.13001323682294305,0.0032639188796725616,0.0004930322512475271,7566.171324177852,7560.9318883850565,-6.171324177851602,-0.9318883850564816,0.19069889305960033
2026-03-20,IM2609,2026-09-18,125.0,0.5122950819672131,7783.435,7344.0,0.1274387312847935,0.12776483704766517,0.12886735969170743,-0.0003261057628716757,-0.0014286284069139343,7342.773196371366,7338.6270447879115,1.2268036286341157,5.372955212088527,-0.03049537009870119
2026-03-23,IM2604,2026-04-17,18.0,0.07377049180327869,7409.107,7364.0,0.09677911269294824,0.11142835990117053,0.0976627018298937,-0.01464924720822229,-0.000883589136945459,7356.046155055335,7363.520009466356,7.953844944665434,0.47999053364401334,-0.29284672683810353
2026-03-23,IM2605,2026-05-15,35.0,0.14344262295081966,7409.107,7298.0,0.11933536615649978,0.12714237183981925,0.12203481430020666,-0.007807005683319462,-0.002699448143706873,7289.831855326855,7295.174645245874,8.168144673145434,2.825354754126238,-0.28376893214126475
2026-03-23,IM2606,2026-06-22,60.0,0.2459016393442623,7409.107,7190.0,0.1360762398019142,0.13207549542502764,0.13089133337006514,0.00400074437688655,0.005184906431849046,7197.076927763473,7199.172930963802,-7.076927763472668,-9.172930963802173,0.23070222395842416
2026-03-23,IM2609,2026-09-18,124.0,0.5081967213114754,7409.107,6970.0,0.1342185923103419,0.1298559858126255,0.13107307540198176,0.004362606497716387,0.003145516908360124,6985.470067074662,6981.150743504182,-15.470067074662438,-11.150743504182174,0.40629633347634125
2026-03-24,IM2604,2026-04-17,17.0,0.06967213114754098,7600.857,7552.6,0.10541573751462166,0.10476738681959423,0.10833557349043998,0.0006483506950274304,-0.0029198359758183245,7552.941173561452,7551.063721825119,-0.34117356145179656,1.5362781748817724,0.012365812971387872
2026-03-24,IM2605,2026-05-15,34.0,0.13934426229508196,7600.857,7472.6,0.13612922386643692,0.12630398363241907,0.12799315662126862,0.009825240234017846,0.0081360672451683,7482.837674857122,7481.076597502393,-10.23767485712142,-8.476597502392906,0.34842500251533115
2026-03-24,IM2606,2026-06-22,59.0,0.24180327868852458,7600.857,7387.2,0.13191499055326456,0.13350164313896482,0.13433624949064304,-0.00158665258570026,-0.00242125893737849,7384.366386723,7382.87629402775,2.8336132770000404,4.323705972249627,-0.0905159793512802
2026-03-24,IM2609,2026-09-18,123.0,0.5040983606557377,7600.857,7173.6,0.12876606145264172,0.13232665278732322,0.13258813734663732,-0.0035605913346815066,-0.003822075893995608,7160.735738025539,7159.7919154570245,12.864261974461442,13.808084542975848,-0.33165437198796693
2026-03-25,IM2604,2026-04-17,16.0,0.06557377049180328,7751.181,7650.0,0.2143784579612285,0.11396903398569855,0.21029943645364255,0.10040942397552996,0.0040790215075859615,7700.535503583979,7652.046471353922,-50.535503583979335,-2.046471353922243,1.8221583028438753
2026-03-25,IM2605,2026-05-15,33.0,0.13524590163934427,7751.181,7586.2,0.17307625530200663,0.13132021574414637,0.1799826337333172,0.04175603955786025,-0.006906378431310561,7629.162998266194,7579.11734707072,-42.96299826619452,7.082652929279902,1.4411586707077033
2026-03-25,IM2606,2026-06-22,58.0,0.23770491803278687,7751.181,7477.4,0.1652803402262354,0.13633859507554544,0.16360172200462014,0.02894174515068995,0.0016786182216152468,7529.018839611626,7480.384196124715,-51.618839611626754,-2.9841961247157087,1.6287122048158853
2026-03-25,IM2609,2026-09-18,122.0,0.5,7751.181,7253.0,0.1468600849420404,0.1335257433448368,0.14600565745529956,0.013334341597203592,0.000854427486740833,7301.518550809451,7256.099243253185,-48.51855080945097,-3.0992432531847953,1.2375193167096796
2026-03-26,IM2604,2026-04-17,15.0,0.06147540983606557,7639.376,7558.2,0.18777448762773424,0.20335240793973253,0.1896910075566819,-0.015577920311998283,-0.0019165199289476464,7550.965286224755,7557.309554039047,7.234713775244927,0.8904459609530022,-0.26845260562905665
2026-03-26,IM2605,2026-05-15,32.0,0.13114754098360656,7639.376,7482.8,0.17190514105116625,0.17577881403241172,0.17111692688623928,-0.0038736729812454684,0.0007882141649269703,7478.999533288104,7483.573554598218,3.8004667118957514,-0.7735545982177428,-0.13000104061749057
2026-03-26,IM2606,2026-06-22,57.0,0.2336065573770492,7639.376,7375.6,0.16441816460894493,0.16095429845799428,0.16004310647172926,0.0034638661509506508,0.0043750581372156705,7381.570616960449,7383.142028444257,-5.970616960448751,-7.542028444257085,0.1922088604042679
2026-03-26,IM2609,2026-09-18,121.0,0.4959016393442623,7639.376,7152.6,0.1467682593816987,0.14461310202796904,0.145845384110776,0.0021551573537296753,0.0009228752709227184,7160.2483994732065,7155.874174890922,-7.648399473206155,-3.2741748909220405,0.1992111840490317
2026-03-27,IM2604,2026-04-17,14.0,0.05737704918032787,7746.313,7698.2,0.1225878939295804,0.1858245981207169,0.12090075685531104,-0.06323670419113649,0.0016871370742693598,7670.318959230982,7698.945244516056,27.881040769018,-0.7452445160561183,-1.0327307834196615
2026-03-27,IM2605,2026-05-15,31.0,0.12704918032786885,7746.313,7632.8,0.13019309731143117,0.16877164260320854,0.13574633436233954,-0.03857854529177737,-0.005553237050908377,7595.480337040818,7627.416697715336,37.3196629591821,5.383302284663841,-1.257745703224719
2026-03-27,IM2606,2026-06-22,56.0,0.22950819672131148,7746.313,7523.8,0.14099179883368654,0.15854707730764955,0.13916547059427756,-0.017555278473963015,0.0018263282394089808,7493.546992421964,7526.9543167313805,30.253007578035977,-3.154316731380277,-0.960189909823038
2026-03-27,IM2609,2026-09-18,120.0,0.4918032786885246,7746.313,7301.2,0.13432914904510063,0.14502892281453086,0.13498932567189043,-0.010699773769430238,-0.000660176626789799,7262.880653631831,7298.8298528587,38.319346368169136,2.3701471412996398,-0.9849283381506233
2026-03-30,IM2604,2026-04-17,13.0,0.05327868852459016,7767.93,7695.8,0.18909804348604242,0.12481160375135222,0.18837582771922382,0.0642864397346902,0.0007222157668186069,7722.20405543927,7696.096130145175,-26.40405543926954,-0.2961301451750842,0.9928324674581119
2026-03-30,IM2605,2026-05-15,30.0,0.12295081967213115,7767.93,7623.8,0.16632746402675455,0.13793588726752504,0.1697632856412186,0.028391576759229514,-0.0034358216144640408,7650.459418136175,7620.580104310496,-26.65941813617519,3.219895689504483,0.8983234770696105
2026-03-30,IM2606,2026-06-22,55.0,0.22540983606557377,7767.93,7509.4,0.1641627040845908,0.1404219382922321,0.15906474242147112,0.023740765792358703,0.005097961663119682,7549.693536419328,7518.034242085459,-40.29353641932812,-8.634242085458936,1.2794646639220397
2026-03-30,IM2609,2026-09-18,119.0,0.48770491803278687,7767.93,7282.6,0.14628445301457718,0.1355349523816813,0.14530288156444646,0.01074950063289587,0.0009815714501307249,7320.879899730936,7286.087140663356,-38.27989973093554,-3.4871406633556035,0.9853242737105169
2026-03-31,IM2604,2026-04-17,12.0,0.04918032786885246,7619.85,7573.6,0.13779276220204623,0.1847775041292446,0.14007046186075037,-0.04698474192719837,-0.002277699658704141,7556.119696907686,7572.751667869136,17.48030309231399,0.848332130864037,-0.6846950051859227
2026-03-31,IM2605,2026-05-15,29.0,0.11885245901639344,7619.85,7498.0,0.14963342555233297,0.16763251235991664,0.14987330470199534,-0.017999086807583664,-0.00023987914966236423,7481.977154949748,7497.786233366704,16.022845050251817,0.21376663329556322,-0.5521315102277957
2026-03-31,IM2606,2026-06-22,54.0,0.22131147540983606,7619.85,7379.4,0.15888335912889634,0.15772231708114698,0.15045942199489057,0.001161042047749361,0.008423937134005771,7381.296394692616,7393.170350545991,-1.8963946926160133,-13.770350545991278,0.06163242747761617
2026-03-31,IM2609,2026-09-18,118.0,0.48360655737704916,7619.85,7160.0,0.14271352247679797,0.14457192538449282,0.14344155090383232,-0.001858402907694845,-0.000728028427034344,7153.567942233287,7157.4795557838825,6.432057766713115,2.5204442161175393,-0.16961430808735234
2026-04-01,IM2604,2026-04-17,11.0,0.045081967213114756,7764.153,7706.8,0.1784629967015128,0.14265745172522923,0.1743192822022133,0.035805544976283576,0.004143714499299511,7719.250242159911,7708.2398171351015,-12.450242159910886,-1.4398171351012934,0.4912314025390563
2026-04-01,IM2605,2026-05-15,28.0,0.11475409836065574,7764.153,7642.0,0.15219133827350162,0.15123972367879937,0.163429325770274,0.0009516145947022492,-0.011237987496772378,7642.834564765943,7632.151189556388,-0.8345647659425595,9.84881044361191,0.028270449254559328
2026-04-01,IM2606,2026-06-22,53.0,0.21721311475409835,7764.153,7518.6,0.1619534100358578,0.15119236253533225,0.15603962272682553,0.010761047500525561,0.005913787309032276,7536.194836670276,7528.264239661693,-17.59483667027598,-9.66423966169259,0.5624475972627505
2026-04-01,IM2609,2026-09-18,117.0,0.47950819672131145,7764.153,7302.0,0.14198339764723286,0.14371358490000624,0.14438254657593713,-0.0017301872527733797,-0.00239914892870427,7295.944488535697,7293.604524720514,6.055511464302981,8.395475279486163,-0.15722398184022507
2026-04-02,IM2604,2026-04-17,10.0,0.040983606557377046,7623.417,7574.6,0.17074925175809247,0.17256517601997776,0.17280699738621738,-0.0018159242618852878,-0.002057745628124913,7574.0362955702685,7573.96123185187,0.5637044297318425,0.6387681481301115,-0.02339961596907015
2026-04-02,IM2605,2026-05-15,27.0,0.11065573770491803,7623.417,7496.6,0.1655972900139815,0.162376325094189,0.16641473049131153,0.003220964919792485,-0.0008174404773300392,7499.272401265863,7495.921929620076,-2.6724012658623906,0.6780703799240655,0.09256458675548417
2026-04-02,IM2606,2026-06-22,52.0,0.21311475409836064,7623.417,7371.6,0.1716142184488351,0.15535076270186896,0.16049131094061295,0.016263455746966138,0.011122907508222146,7397.194164495208,7389.094778333348,-25.594164495207224,-17.494778333347313,0.8366410917997033
2026-04-02,IM2609,2026-09-18,116.0,0.47540983606557374,7623.417,7154.4,0.14756295456260052,0.14397325521862134,0.14908480816520076,0.0035896993439791802,-0.0015218536026002372,7166.619968539115,7149.225633817262,-12.219968539115143,5.1743661827376854,0.32475622720984504
2026-04-03,IM2604,2026-04-17,9.0,0.036885245901639344,7536.6,7507.6,0.11852176866187714,0.17203449193425985,0.1200984081335093,-0.05351272327238271,-0.0015766394716321686,7492.795889421445,7507.163410209451,14.804110578555083,0.4365897905490783,-0.6460886429898371
2026-04-03,IM2605,2026-05-15,26.0,0.10655737704918032,7536.6,7432.0,0.1451607963204402,0.16590146833890673,0.14595463993685576,-0.02074067201846652,-0.000793843616415546,7415.5928849332995,7431.371354500021,16.4071150667005,0.6286454999790294,-0.5759071425283158
2026-04-03,IM2606,2026-06-22,51.0,0.20901639344262296,7536.6,7309.4,0.1604476560203393,0.16011350240113797,0.15153120416873062,0.0003341536192013328,0.008916451851608692,7309.910532523887,7323.035118109396,-0.5105325238873775,-13.63511810939599,0.016912111698245934
2026-04-03,IM2609,2026-09-18,115.0,0.4713114754098361,7536.6,7091.2,0.143249077153142,0.14881807131051697,0.14655150648091989,-0.005568994157374968,-0.0033024293277778838,7072.611913609551,7080.171324947806,18.588086390448552,11.028675052193648,-0.5015561243823554
2026-04-07,IM2604,2026-04-17,8.0,0.03278688524590164,7606.017,7566.4,0.17327867604681865,0.12539156250802683,0.1712137742275971,0.047887113538791826,0.0020649018192215596,7578.289103239574,7566.912275476009,-11.88910323957407,-0.5122754760095631,0.5403779909669955
2026-04-07,IM2605,2026-05-15,25.0,0.10245901639344263,7606.017,7493.0,0.1601110376219154,0.14868269860883523,0.16548093503349387,0.011428339013080158,-0.005369897411578478,7501.7789650542545,7488.878527218524,-8.778965054254513,4.121472781475859,0.30622573739406245
2026-04-07,IM2606,2026-06-22,50.0,0.20491803278688525,7606.017,7376.6,0.16345886565596016,0.15300676478935785,0.15986308781849104,0.01045210086660231,0.0035957778374691163,7392.416310365196,7382.037374875283,-15.816310365195932,-5.43737487528233,0.5202361293904758
2026-04-07,IM2609,2026-09-18,114.0,0.4672131147540984,7606.017,7156.0,0.14453674438648184,0.14715500063305625,0.14867770421972845,-0.002618256246574413,-0.00414095983324661,7147.25153417491,7142.168594131068,8.748465825089625,13.831405868932052,-0.23472902648675573
2026-04-08,IM2604,2026-04-17,7.0,0.028688524590163935,7955.768,7947.4,0.050682577754089166,0.1706049814118691,0.04838546273898585,-0.11992240365777995,0.0022971150151033168,7920.104770396669,7947.923757598405,27.29522960333088,-0.5237575984056093,-1.2615841546086246
2026-04-08,IM2605,2026-05-15,24.0,0.09836065573770492,7955.768,7884.6,0.10535472127090727,0.16506450216248553,0.11006913702663981,-0.05970978089157826,-0.0047144157557325456,7838.428726149524,7880.944655862715,46.17127385047661,3.655344137285283,-1.5419299355155553
2026-04-08,IM2606,2026-06-22,49.0,0.20081967213114754,7955.768,7778.0,0.12652863930650474,0.15954447075483388,0.12761539607505532,-0.03301583144832915,-0.0010867567685505786,7726.600666097757,7776.3026978692105,51.39933390224269,1.697302130789467,-1.6153902431201892
2026-04-08,IM2609,2026-09-18,113.0,0.46311475409836067,7955.768,7565.0,0.12275242582626897,0.14844055714257828,0.13040575230773954,-0.025688131316309315,-0.007653326481470574,7475.535792410955,7538.234314712147,89.46420758904515,26.765685287852648,-2.292273144910975
2026-04-09,IM2604,2026-04-17,6.0,0.02459016393442623,7921.447,7901.0,0.11910533499699012,0.0592794083783984,0.12016406691806718,0.05982592661859172,-0.0010587319210770552,7912.631946891028,7900.794304950328,-11.631946891027837,0.2056950496717036,0.5852086518798815
2026-04-09,IM2605,2026-05-15,23.0,0.0942622950819672,7921.447,7826.6,0.1417891948221258,0.11559293477116718,0.14128921696812866,0.02619626005095861,0.0004999778539971356,7845.950257895054,7826.968868993215,-19.3502578950538,-0.3688689932150737,0.651063041775022
2026-04-09,IM2606,2026-06-22,48.0,0.19672131147540983,7921.447,7709.4,0.15192876541794392,0.13062776289115,0.1447553867428076,0.021301002526793927,0.007173378675136316,7741.772950077645,7720.286849335236,-32.37295007764533,-10.886849335236548,1.0240457108972505
2026-04-09,IM2609,2026-09-18,112.0,0.45901639344262296,7921.447,7491.0,0.13572025224147707,0.1317216805524291,0.13922769168878685,0.003998571689047964,-0.0035074394473097736,7504.761681277743,7478.949401377289,-13.761681277743264,12.050598622710822,0.35512730016965666
2026-04-10,IM2605,2026-05-15,22.0,0.09016393442622951,7998.232,7904.2,0.14516390230568152,0.14311049258709205,0.14708405390175516,0.0020534097185894717,-0.0019201515960736437,7905.663546725412,7902.831676773349,-1.4635467254120158,1.3683232266512277,0.049045500783010385
2026-04-10,IM2606,2026-06-22,47.0,0.19262295081967212,7998.232,7785.8,0.15374947125247612,0.14568164702774108,0.14767492176285882,0.008067824224735037,0.0060745494896173036,7797.908914246643,7794.9154782243995,-12.108914246642598,-9.11547822439934,0.38092363577518235
2026-04-10,IM2609,2026-09-18,111.0,0.45491803278688525,7998.232,7566.2,0.13606497290740385,0.13957009293507383,0.14050163096963608,-0.003505120027669978,-0.004436658062232229,7554.14498765953,7550.944419780925,12.055012340470057,15.255580219074545,-0.3098077346259796
2026-04-13,IM2605,2026-05-15,21.0,0.0860655737704918,8025.572,7916.0,0.17372607155193764,0.1481375631629572,0.17554601884565485,0.02558850838898044,-0.0018199472937172056,7933.452535635795,7914.760175961686,-17.452535635795357,1.2398240383135999,0.5844518321861731
2026-04-13,IM2606,2026-06-22,46.0,0.1885245901639344,8025.572,7795.6,0.16821580677369513,0.14816871659647507,0.16157921771173223,0.02004709017722006,0.006636589061962905,7825.118197511072,7805.359648881456,-29.518197511071776,-9.759648881456087,0.9290788141171279
2026-04-13,IM2609,2026-09-18,110.0,0.45081967213114754,8025.572,7572.6,0.14286854282423547,0.14064291525648265,0.14679402525209206,0.0022256275677528248,-0.003925482427856591,7580.201831910282,7559.210736514311,-7.601831910281362,13.389263485689298,0.19477142772944503
2026-04-14,IM2605,2026-05-15,20.0,0.08196721311475409,8144.762,8037.0,0.17649353259400188,0.1730738999839068,0.1788330449313797,0.0034196326100950913,-0.002339512337377808,8039.253068806652,8035.4589460704465,-2.253068806651754,1.5410539295535273,0.0748460251239884
2026-04-14,IM2606,2026-06-22,45.0,0.18442622950819673,8144.762,7913.0,0.17052895304755908,0.1601701248590904,0.1632486616803268,0.010358828188468672,0.007280291367232267,7928.131758305044,7923.63173651606,-15.131758305044059,-10.6317365160603,0.47072472099606394
2026-04-14,IM2609,2026-09-18,109.0,0.44672131147540983,8144.762,7688.6,0.14302072822295026,0.1460766457032065,0.14773810930821507,-0.0030559174802562428,-0.004717381085264816,7678.111119001143,7672.414453255259,10.488880998856985,16.18554674474126,-0.26475324668438693
2026-04-15,IM2605,2026-05-15,19.0,0.0778688524590164,8106.165,8019.2,0.15251773425640597,0.17605976065476156,0.15335174488157632,-0.023542026398355592,-0.0008340106251703561,8004.512744481644,8018.679222393918,14.687255518355414,0.5207776060815377,-0.4929541646652772
2026-04-15,IM2606,2026-06-22,44.0,0.18032786885245902,8106.165,7904.6,0.1536346275032872,0.16169691657789959,0.14981347899729225,-0.008062289074612372,0.0038211485059949646,7893.116204462528,7910.048617245915,11.48379553747236,-5.448617245914647,-0.3591964523872878
2026-04-15,IM2609,2026-09-18,108.0,0.4426229508196721,8106.165,7687.0,0.13395377290311974,0.14696230063341037,0.14060861959891494,-0.013008527730290625,-0.006654846695795191,7642.866410519083,7664.390581315396,44.13358948091718,22.609418684603952,-1.1192802128039205
2026-04-16,IM2605,2026-05-15,18.0,0.07377049180327869,8232.983,8172.6,0.11378661622112872,0.15334488887891642,0.11626317998625163,-0.039558272657787705,-0.0024765637651229105,8148.785212566615,8171.107024211385,23.81478743338539,1.492975788615695,-0.7910853132443499
2026-04-16,IM2606,2026-06-22,43.0,0.1762295081967213,8232.983,8052.2,0.13998944218776768,0.14972832378956755,0.133521292739109,-0.009738881601799865,0.006468149448658672,8038.392036295131,8061.383765238648,13.807963704868598,-9.183765238648448,-0.42524138248043536
2026-04-16,IM2609,2026-09-18,107.0,0.4385245901639344,8232.983,7828.4,0.12890862253748905,0.14048837162386316,0.13390646104557288,-0.011579749086374103,-0.0049978385080838295,7788.748109281782,7811.26147867202,39.651890718218056,17.138521327980015,-0.9906127980326956
2026-04-17,IM2605,2026-05-15,17.0,0.06967213114754098,8307.436,8251.0,0.11183843411164811,0.1208129848801538,0.11345786722300293,-0.008974550768505687,-0.0016194331113548177,8245.842459690646,8250.069097500214,5.1575403093538625,0.9309024997855886,-0.17109503197304513
2026-04-17,IM2606,2026-06-22,42.0,0.1721311475409836,8307.436,8132.0,0.13799918244732987,0.1357737878807565,0.13226952575644663,0.002225394566573363,0.005729656690883239,8135.115638346589,8140.024160637408,-3.1156383465886393,-8.024160637408386,0.09518352073933262
2026-04-17,IM2609,2026-09-18,106.0,0.4344262295081967,8307.436,7907.0,0.1277191331702976,0.13480259278383383,0.13308807773812323,-0.007083459613536236,-0.005368944567825634,7882.705657107225,7888.57912227567,24.294342892774694,18.42087772433024,-0.6026706040743481
2026-04-20,IM2605,2026-05-15,16.0,0.06557377049180328,8357.814,8277.0,0.16217396764261013,0.1181787742596387,0.1628303786942779,0.043995193382971434,-0.0006564110516677768,8300.913048675728,8276.64373787891,-23.913048675727623,0.35626212108945765,0.7980857246329052
2026-04-20,IM2606,2026-06-22,41.0,0.1680327868852459,8357.814,8159.2,0.1571314991672949,0.13457065188131526,0.15089681132424623,0.02256084728597965,0.006234687843048675,8190.189921202535,8167.752317857831,-30.989921202534788,-8.55231785783144,0.9446838803651968
2026-04-20,IM2609,2026-09-18,105.0,0.430327868852459,8357.814,7941.4,0.13276369441837826,0.133994408434326,0.13862634623557613,-0.001230714015947737,-0.0058626518171978614,7937.195264394853,7921.39019165218,4.2047356051461975,20.00980834781967,-0.10414527114123404
2026-04-20,IM2612,2026-12-18,164.0,0.6721311475409836,8357.814,7746.2,0.1270650013634366,0.1289255762994863,0.13113720304133192,-0.0018605749360497137,-0.004072201677895321,7736.519041273178,7725.027224234912,9.6809587268217,21.172775765087863,-0.19711176354213247
2026-04-21,IM2605,2026-05-15,15.0,0.06147540983606557,8351.156,8280.2,0.15280102177609722,0.16103033414514764,0.1531346001182669,-0.008229312369050418,-0.0003335783421696825,8276.012103335837,8280.030200794996,4.187896664163418,0.16979920500489243,-0.14176697449707065
2026-04-21,IM2606,2026-06-22,40.0,0.16393442622950818,8351.156,8170.0,0.14777948748579614,0.14992345543407154,0.14457058115907265,-0.0021439679482753993,0.003208906326723493,8167.128993396057,8174.298960912464,2.8710066039429876,-4.298960912464281,-0.08796113586754345
2026-04-21,IM2609,2026-09-18,104.0,0.4262295081967213,8351.156,7950.0,0.12949656413091898,0.1381339933442717,0.1342682644412685,-0.008637429213352726,-0.004771700310349514,7920.7856683897735,7933.847407619441,29.21433161022651,16.152592380559327,-0.7332028075864033
2026-04-21,IM2612,2026-12-18,163.0,0.6680327868852459,8351.156,7756.0,0.12467306345619232,0.13077711810949202,0.1275339668150495,-0.006104054653299704,-0.002860903358857178,7724.437686471112,7741.191065054208,31.5623135288879,14.808934945792316,-0.652904269327018
2026-04-22,IM2605,2026-05-15,14.0,0.05737704918032787,8481.24,8438.8,0.1014312498812627,0.15201962350065787,0.10383082811595976,-0.050588373619395166,-0.002399578234697053,8414.34095594564,8437.638219932891,24.459044054359765,1.1617800671083387,-0.8259264352163087
2026-04-22,IM2606,2026-06-22,39.0,0.1598360655737705,8481.24,8322.8,0.1319829394754007,0.14395074291277216,0.12520381241576162,-0.011967803437371444,0.006779127059639095,8306.894644701379,8331.823049169332,15.905355298620634,-9.023049169332808,-0.48014793664780014
2026-04-22,IM2609,2026-09-18,103.0,0.42213114754098363,8481.24,8099.0,0.12324583161098224,0.1339335459138556,0.12683854108099865,-0.010687714302873352,-0.003592709470016414,8062.542715574359,8086.72640994908,36.457284425640864,12.273590050919665,-0.9034279122261426
2026-04-22,IM2612,2026-12-18,162.0,0.6639344262295082,8481.24,7900.0,0.12092909307183448,0.12727958221042143,0.12277254545559424,-0.006350489138586948,-0.0018434523837597555,7866.7612855122225,7890.336855864066,33.23871448777754,9.66314413593409,-0.6791241682910492
2026-04-23,IM2605,2026-05-15,13.0,0.05327868852459016,8362.74,8331.8,0.08357013069807798,0.10849510032030812,0.08554983822400906,-0.024924969622230148,-0.0019797075259310876,8320.742965440286,8330.921239569818,11.05703455971343,0.8787604301815009,-0.38484019853977425
2026-04-23,IM2606,2026-06-22,38.0,0.1557377049180328,8362.74,8219.2,0.12516925006913293,0.12736193144092822,0.11821790687735617,-0.002192681371795291,0.00695134319177676,8216.393760743673,8228.102810941731,2.806239256327899,-8.902810941730422,-0.0859523735207863
2026-04-23,IM2609,2026-09-18,102.0,0.4180327868852459,8362.74,8001.2,0.11972040172356897,0.1276585729596415,0.12385441916564306,-0.00793817123607253,-0.004134017442074089,7974.692696596698,7987.384628544255,26.507303403302103,13.815371455744753,-0.6673076165718619
2026-04-23,IM2612,2026-12-18,161.0,0.6598360655737705,8362.74,7809.0,0.11782762247768434,0.12326681412637785,0.12068834434032026,-0.005439191648693512,-0.0028607218626359177,7781.023928388734,7794.273576582178,27.97607161126598,14.726423417821934,-0.5805292093963431
2026-04-24,IM2605,2026-05-15,12.0,0.04918032786885246,8304.141,8268.0,0.10268717264906208,0.09213043083327832,0.10305659578423917,0.010556741815783754,-0.00036942313517709935,8272.293728029224,8267.849785439254,-4.2937280292244395,0.15021456074646267,0.15380630982550034
2026-04-24,IM2606,2026-06-22,37.0,0.15163934426229508,8304.141,8163.0,0.12704821754763929,0.12123507390342589,0.12272889137226153,0.005813143644213398,0.004319326175377752,8170.198867472139,8168.348351356522,-7.198867472138772,-5.348351356521562,0.2224804948189411
2026-04-24,IM2609,2026-09-18,101.0,0.4139344262295082,8304.141,7957.8,0.11691902195715968,0.12501552502953278,0.12355771018957433,-0.008096503072373099,-0.006638688232414647,7931.174700371495,7935.96213076218,26.625299628504763,21.837869237820087,-0.6766275973229138
2026-04-24,IM2612,2026-12-18,160.0,0.6557377049180327,8304.141,7761.6,0.11703785649750754,0.12140150444924239,0.11962734975535515,-0.004363647951734842,-0.0025894932578476026,7739.422636221445,7748.431766217237,22.177363778555446,13.16823378276331,-0.4646443344668747
2026-04-27,IM2605,2026-05-15,11.0,0.045081967213114756,8338.726,8301.8,0.11244486437712471,0.10703858834515274,0.11284891495867425,0.005406276031971968,-0.00040405058154953377,8303.823607436609,8301.64878081047,-2.0236074366093817,0.1512191895290016,0.07415685383646194
2026-04-27,IM2606,2026-06-22,36.0,0.14754098360655737,8338.726,8199.2,0.12836726230598478,0.12449206397665241,0.1252190495269064,0.0038751983293323633,0.0031482127790783687,8203.889237709052,8203.009334401062,-4.6892377090516675,-3.809334401061278,0.14469304089385487
2026-04-27,IM2609,2026-09-18,100.0,0.4098360655737705,8338.726,7988.0,0.11884687650537418,0.12420074051532816,0.12340846771045769,-0.005353864009953982,-0.0045615912050835095,7970.49189321294,7973.080347841648,17.50810678705966,14.91965215835171,-0.44473582407684115
2026-04-27,IM2612,2026-12-18,159.0,0.6516393442622951,8338.726,7792.0,0.1180650494251014,0.12000705209586561,0.11906146674468007,-0.0019420026707642063,-0.0009964173195786685,7782.145574807161,7786.942259738672,9.85442519283879,5.057740261328036,-0.20628068236033628
2026-04-28,IM2605,2026-05-15,10.0,0.040983606557377046,8226.692,8203.0,0.08437078975021345,0.11540517269820458,0.08533281121864869,-0.03103438294799113,-0.0009620214684352424,8192.573228900776,8202.676585797588,10.426771099224425,0.3234142024120956,-0.39983730950924096
2026-04-28,IM2606,2026-06-22,35.0,0.14344262295081966,8226.692,8103.6,0.11909834583390683,0.12630284129729316,0.11445936555708627,-0.0072044954633863345,0.0046389802768205535,8095.229808418413,8108.994152788419,8.370191581587278,-5.394152788418978,-0.26223573392964
2026-04-28,IM2609,2026-09-18,99.0,0.4057377049180328,8226.692,7902.6,0.11305949100310579,0.12377333771194343,0.11831409824114668,-0.01071384670883764,-0.005254607238040887,7868.321864036426,7885.769665247031,34.27813596357464,16.830334752969065,-0.8845361871228073
2026-04-28,IM2612,2026-12-18,158.0,0.6475409836065574,8226.692,7714.6,0.11325140491199662,0.11926257515722,0.115307212568287,-0.0060111702452233795,-0.00205580765629039,7684.62944850131,7704.337005077083,29.97055149868993,10.262994922917642,-0.6369230866029193
2026-04-29,IM2605,2026-05-15,9.0,0.036885245901639344,8343.065,8332.4,0.048678497951728114,0.09054600776762928,0.04787810417205664,-0.04186750981590116,0.0008003937796714766,8319.542260333288,8332.645998754897,12.857739666711495,-0.2459987548973004,-0.5054195654994904
2026-04-29,IM2606,2026-06-22,34.0,0.13934426229508196,8343.065,8246.0,0.09798207701284335,0.11669599271235868,0.09866617510179919,-0.018713915699515332,-0.0006840980889558368,8224.525109246277,8245.213986330373,21.47489075372323,0.7860136696272093,-0.6634895020594269
2026-04-29,IM2609,2026-09-18,98.0,0.4016393442622951,8343.065,8048.6,0.10346457089681613,0.11912940493464999,0.10970357307044545,-0.015664834037833864,-0.006239002173629327,7998.120284160606,8028.456834989332,50.479715839393975,20.14316501066878,-1.2852472995077449
2026-04-29,IM2612,2026-12-18,157.0,0.6434426229508197,8343.065,7855.4,0.10760502290913262,0.11579697798414984,0.10858335780731096,-0.008191955075017215,-0.0009783348981783346,7814.102705520232,7850.456563174923,41.297294479767515,4.9434368250767875,-0.8658062051710168
2026-04-30,IM2605,2026-05-15,8.0,0.03278688524590164,8381.947,8369.4,0.059689886498648315,0.056296020562211585,0.06010116147502173,0.0033938659364367296,-0.0004112749763734158,8370.331350884562,8369.287144210497,-0.931350884562562,0.11285578950264608,0.038293315645580375
2026-04-30,IM2606,2026-06-22,33.0,0.13524590163934427,8381.947,8279.2,0.10519596888562922,0.10224591455788958,0.10237815852981375,0.0029500543277396485,0.0028178103558154782,8282.50391710455,8282.355782076373,-3.3039171045493276,-3.1557820763719064,0.10179124707891544
2026-04-30,IM2609,2026-09-18,97.0,0.3975409836065574,8381.947,8078.6,0.10672411584201462,0.11103521018404987,0.1102493028916105,-0.004311094342035249,-0.003525187049595882,8064.766456558471,8067.286528083088,13.8335434415294,11.313471916912022,-0.3514746552424997
2026-04-30,IM2612,2026-12-18,156.0,0.639344262295082,8381.947,7896.0,0.10741434310220109,0.10940418206857053,0.10856675609074568,-0.0019898389663694366,-0.001152412988544585,7885.961157994635,7890.184459636665,10.03884200536504,5.815540363334549,-0.20976960017221705
2026-05-06,IM2605,2026-05-15,7.0,0.028688524590163935,8574.556,8543.6,0.1400695241373961,0.06687275652268698,0.13747284494356127,0.07319676761470911,0.0025966791938348277,8561.559617898267,8544.23647829101,-17.959617898266515,-0.6364782910095528,0.7699550514535685
2026-05-06,IM2606,2026-06-22,32.0,0.13114754098360656,8574.556,8461.6,0.11511460843745651,0.10518060110445276,0.12073204169832512,0.009934007333003744,-0.0056174332608686095,8472.631131307713,8455.368528695864,-11.031131307712712,6.231471304135994,0.33329461866183485
2026-05-06,IM2609,2026-09-18,96.0,0.39344262295081966,8574.556,8268.2,0.10647188786802657,0.11126544150359222,0.11195253203049986,-0.004793553635565648,-0.0054806441624732916,8252.620966963648,8250.390331686333,15.579033036352484,17.809668313668226,-0.38829646233922027
2026-05-06,IM2612,2026-12-18,155.0,0.6352459016393442,8574.556,8082.2,0.10709009382537155,0.10918525131622553,0.10772406556539188,-0.0020951574908539827,-0.0006339717400203337,8071.450230277189,8078.945727502947,10.749769722810925,3.254272497052625,-0.2203021009768681
2026-05-07,IM2605,2026-05-15,6.0,0.02459016393442623,8714.51,8706.0,0.05373171403844717,0.13522230470956623,0.05344770650454589,-0.08149059067111905,0.00028400753390128014,8688.571801767166,8706.060801103871,17.428198232833893,-0.0608011038711993,-0.7970646186087377
2026-05-07,IM2606,2026-06-22,31.0,0.12704918032786885,8714.51,8627.6,0.09289138442104809,0.11975642735480233,0.09412618314382704,-0.026865042933754232,-0.001234798722778943,8598.20263152064,8626.246606846325,29.39736847936001,1.353393153674915,-0.8756056477602602
2026-05-07,IM2609,2026-09-18,95.0,0.38934426229508196,8714.51,8429.0,0.09955747368665566,0.11154175777453111,0.10171218883503617,-0.011984284087875455,-0.0021547151483805177,8389.761796925399,8421.931658237729,39.23820307460119,7.068341762271302,-0.9644280125649151
2026-05-07,IM2612,2026-12-18,154.0,0.6311475409836066,8714.51,8249.6,0.10086516956651578,0.10744320828758577,0.10078130083793736,-0.00657803872106999,8.386872857842065e-05,8215.421028471992,8250.036692104224,34.17897152800833,-0.43669210422376636,-0.6898599894427788
2026-05-08,IM2606,2026-06-22,30.0,0.12295081967213115,8741.151,8642.2,0.10659551386372264,0.096471758171029,0.10613501829798762,0.010123755692693637,0.0004604955657350196,8652.963851899305,8642.689320587146,-10.763851899304427,-0.4893205871449027,0.3202241058345853
2026-05-08,IM2609,2026-09-18,94.0,0.38524590163934425,8741.151,8440.2,0.10494417150661829,0.10254147879787946,0.10582769707627188,0.0024026927087388295,-0.0008835255696535843,8448.016098225105,8437.327659125065,-7.816098225104724,2.8723408749356167,0.19206977623777388
2026-05-08,IM2612,2026-12-18,153.0,0.6270491803278688,8741.151,8260.0,0.10429162082308793,0.10128471501120645,0.10338210042622356,0.003006905811881483,0.0009095203968643717,8275.588738323733,8264.712137371072,-15.588738323733196,-4.712137371072458,0.31450782784994963
2026-05-11,IM2606,2026-06-22,29.0,0.11885245901639344,8866.779,8723.0,0.15155189330063762,0.10684498197645453,0.1503577495505002,0.044706911324183085,0.0011941437501374053,8769.473249390792,8724.2381163919,-46.47324939079226,-1.2381163918998936,1.362105653943374
2026-05-11,IM2609,2026-09-18,93.0,0.38114754098360654,8866.779,8514.6,0.120334830394606,0.10604577907039903,0.120854848813588,0.014289051324206978,-0.000520018418981999,8561.099035087806,8512.912541657055,-46.49903508780517,1.6874583429453196,1.1338756165932051
2026-05-11,IM2612,2026-12-18,152.0,0.6229508196721312,8866.779,8324.4,0.11532522989266696,0.10349944272098524,0.1130441888551066,0.011825787171681715,0.002281041037560355,8385.951329981075,8336.2371839991,-61.55132998107547,-11.83718399909958,1.2279157421642504
2026-05-12,IM2606,2026-06-22,28.0,0.11475409836065574,8821.887,8701.8,0.13343705800068198,0.14527330857167997,0.133987184695245,-0.011836250570997991,-0.0005501266945630301,8689.98873144599,8701.25067885906,11.811268554009075,0.5493211409393552,-0.34934749502044204
2026-05-12,IM2609,2026-09-18,92.0,0.3770491803278688,8821.887,8492.0,0.11507766005402797,0.11898672655115454,0.11608523520052168,-0.003909066497126565,-0.0010075751464937027,8479.49277310417,8488.774456226194,12.507226895830172,3.225543773805839,-0.3071389852487833
2026-05-12,IM2612,2026-12-18,151.0,0.6188524590163934,8821.887,8298.2,0.11288814047468469,0.11185426893389891,0.11031501097772486,0.001033871540785783,0.002573129496959828,8303.511002926765,8311.424476541168,-5.311002926764559,-13.22447654116695,0.10643859191733471
2026-05-13,IM2606,2026-06-22,27.0,0.11065573770491803,8955.447,8870.6,0.10002818918875338,0.13129189519942722,0.10039259387514757,-0.03126370601067384,-0.0003644046863941902,8839.965105717232,8870.242313843997,30.634894282768073,0.357686156003183,-0.8929154856485062
2026-05-13,IM2609,2026-09-18,91.0,0.3729508196721312,8955.447,8664.6,0.10252693007993574,0.11508880920182053,0.10491668367936782,-0.012561879121884792,-0.0023897535994320818,8624.10160940024,8656.881024039963,40.49839059975966,7.718975960036914,-0.9789670801177941
2026-05-13,IM2612,2026-12-18,150.0,0.6147540983606558,8955.447,8473.2,0.10404203361027155,0.10967204437702753,0.10311689515471403,-0.005630010766755983,0.0009251384555575143,8443.924334916652,8478.020356167237,29.27566508334894,-4.820356167236241,-0.5767572049279813
2026-05-14,IM2606,2026-06-22,26.0,0.10655737704918032,8778.709,8689.8,0.10953007347367484,0.10202906642096443,0.10913569711985542,0.0075010070527104095,0.00039437635381942004,8696.748426231621,8690.165185306874,-6.948426231621852,-0.3651853068749915,0.20706190992253476
2026-05-14,IM2609,2026-09-18,90.0,0.36885245901639346,8778.709,8485.2,0.10619374268514473,0.10543971007931735,0.10746425954818967,0.0007540326058273761,-0.0012705168630449404,8487.560289575424,8481.22448458671,-2.3602895754229394,3.97551541329085,0.05831980790410352
2026-05-14,IM2612,2026-12-18,149.0,0.610655737704918,8778.709,8301.0,0.10562833522009443,0.10342073802364558,0.10462445342067449,0.002207597196448849,0.001003881799419945,8312.197974003824,8306.090290407998,-11.197974003824129,-5.0902904079976,0.22533562955350706
2026-05-15,IM2606,2026-06-22,25.0,0.10245901639344263,8682.654,8582.6,0.127121761414807,0.1095635307308398,0.12657356326956012,0.017558230683967196,0.0005481981452468698,8598.053985892808,8583.082079665754,-15.453985892807395,-0.48207966575319006,0.46787501270193677
2026-05-15,IM2609,2026-09-18,89.0,0.36475409836065575,8682.654,8379.8,0.11133460050092656,0.1075656573313688,0.11266495226466022,0.0037689431695577535,-0.001330351763733667,8391.327947165753,8375.734677938608,-11.527947165754085,4.065322061391271,0.28933853842421914
2026-05-15,IM2612,2026-12-18,148.0,0.6065573770491803,8682.654,8194.4,0.10941759832700343,0.10466624123537334,0.10784259174622346,0.00475135709163009,0.0015750065807799696,8218.050083717266,8202.232111934823,-23.65008371726617,-7.832111934823843,0.48343008153563094
2026-05-18,IM2606,2026-06-22,24.0,0.09836065573770492,8720.213,8632.6,0.11666228714801176,0.12472511274123012,0.1170024058182181,-0.008062825593218359,-0.00034011867020633524,8625.75650272719,8632.311207279976,6.843497272810055,0.28879272002450307,-0.20712637166991582
2026-05-18,IM2607,2026-07-17,43.0,0.1762295081967213,8720.213,8567.8,0.11405517353985613,0.11831807067678332,0.11467317647074411,-0.004262897136927193,-0.0006180029308879842,8561.365872223403,8566.866928692696,6.434127776596142,0.9330713073031802,-0.18601137423968797
2026-05-18,IM2609,2026-09-18,88.0,0.36065573770491804,8720.213,8420.2,0.11107341274978827,0.11200277699551454,0.11094227150319695,-0.0009293642457262746,0.0001311412465913181,8417.378185687821,8420.598258295813,2.821814312179413,-0.39825829581241123,-0.07081227724277146
2026-05-18,IM2612,2026-12-18,147.0,0.6024590163934426,8720.213,8230.6,0.10991482011948228,0.10741338232987477,0.10721395944208925,0.0025014377896075135,0.00270086067739303,8243.012978288421,8244.003387297364,-12.412978288421073,-13.403387297363224,0.2537218758394646
2026-05-19,IM2606,2026-06-22,23.0,0.0942622950819672,8808.645,8718.6,0.12300382852556303,0.11666281733124761,0.12551967837935574,0.0063410111943154185,-0.0025158498537927038,8723.812824239087,8716.532631064492,-5.212824239086331,2.067368935508057,0.15705187397789133
2026-05-19,IM2607,2026-07-17,42.0,0.1721311475409836,8808.645,8641.2,0.12549733116637035,0.11443175350532042,0.12084092164438193,0.01106557766104993,0.004656409521988425,8657.674842984274,8648.12881152022,-16.474842984272982,-6.928811520219824,0.47416113118204706
2026-05-19,IM2609,2026-09-18,87.0,0.35655737704918034,8808.645,8499.6,0.11416486645778347,0.11078283852026198,0.11535393331286628,0.0033820279375214868,-0.0011890668550828126,8509.855739623332,8495.997183634858,-10.255739623331465,3.602816365142644,0.2567682828379466
2026-05-19,IM2612,2026-12-18,146.0,0.5983606557377049,8808.645,8300.6,0.11328096659768723,0.10709341847238751,0.11070408512668724,0.006187548125299716,0.002576881470999992,8331.388981032438,8313.408604667515,-30.788981032437732,-12.808604667514373,0.6285698346978245
2026-05-20,IM2606,2026-06-22,22.0,0.09016393442622951,8808.91,8705.0,0.14560623598696013,0.12453538457500835,0.14743942532883916,0.02107085141195178,-0.001833189341879038,8721.55374736098,8703.561290662414,-16.553747360980196,1.4387093375862605,0.5016308493595879
2026-05-20,IM2607,2026-07-17,41.0,0.1680327868852459,8808.91,8626.6,0.13845937891030138,0.12019864797534249,0.13413032793282673,0.01826073093495889,0.004329050977474658,8653.110524128617,8632.87746584935,-26.510524128616453,-6.277465849349028,0.7660218357780202
2026-05-20,IM2609,2026-09-18,86.0,0.3524590163934426,8808.91,8484.0,0.1206270709539059,0.11498393088539963,0.12302527339392971,0.005643140068506275,-0.002398202440023811,8500.89126155773,8476.831775630018,-16.891261557730104,7.168224369981544,0.4252084031545552
2026-05-20,IM2612,2026-12-18,145.0,0.5942622950819673,8808.91,8273.4,0.11953952467992152,0.11045256749256097,0.11605685626307159,0.00908695718736055,0.003482668416849924,8318.197503326082,8290.540512959768,-44.79750332608273,-17.140512959767875,0.9206890018391749
2026-05-21,IM2606,2026-06-22,21.0,0.0860655737704918,8510.496,8438.2,0.11312452986739495,0.14405157548046713,0.1133834213886136,-0.030927045613072177,-0.0002588915212186488,8415.76945356479,8438.01198509825,22.430546435211,0.18801490175064828,-0.7066490605480376
2026-05-21,IM2607,2026-07-17,40.0,0.16393442622950818,8510.496,8369.8,0.11568843901958534,0.1320189793275311,0.11491763825554485,-0.016330540307945757,0.0007708007640404857,8347.422859124063,8370.85768128804,22.377140875936675,-1.0576812880408397,-0.6702170640264472
2026-05-21,IM2609,2026-09-18,85.0,0.3483606557377049,8510.496,8233.0,0.10915930228014431,0.12190104987921534,0.11321521253182648,-0.012741747599071027,-0.004055910251682171,8196.53697353638,8221.375647376013,36.463026463619826,11.624352623986852,-0.9525724459713659
2026-05-21,IM2612,2026-12-18,144.0,0.5901639344262295,8510.496,8033.0,0.11184089589040262,0.1153448603194495,0.10984115195465358,-0.0035039644290468797,0.001999743935749046,8016.405615177554,8042.485956275951,16.594384822446045,-9.485956275951139,-0.3539773646292243
2026-05-22,IM2606,2026-06-22,20.0,0.08196721311475409,8692.666,8589.8,0.1592315913860418,0.11419215068570922,0.15883962730923806,0.04503944070033257,0.0003919640768037247,8621.570065615395,8590.075979271607,-31.77006561539565,-0.2759792716078664,0.9861339822556027
2026-05-22,IM2607,2026-07-17,39.0,0.1598360655737705,8692.666,8518.8,0.14040573775661103,0.11537171012243828,0.1398824150184347,0.025034027634172742,0.0005233227381763184,8552.954906436926,8519.512592047911,-34.15490643692647,-0.7125920479120396,1.004507543534305
2026-05-22,IM2609,2026-09-18,84.0,0.3442622950819672,8692.666,8370.4,0.12373612008969698,0.11340576463998274,0.12577247089697735,0.010330355449714237,-0.0020363508072803738,8400.22108344648,8364.534081166094,-29.82108344648077,5.8659188339061075,0.7661122274707381
2026-05-22,IM2612,2026-12-18,143.0,0.5860655737704918,8692.666,8160.0,0.12189835727310236,0.10992948983233157,0.11777299527368172,0.011968867440770789,0.0041253619994206375,8217.439877570117,8179.75256699235,-57.43987757011746,-19.752566992349784,1.205433741663788
2026-05-25,IM2606,2026-06-22,19.0,0.0778688524590164,8799.312,8661.4,0.2168688465913256,0.15414875577679468,0.21606705679800592,0.06272009081453092,0.0008017897933196849,8703.80523895205,8661.940786636605,-42.40523895205115,-0.5407866366058443,1.313740516139035
2026-05-25,IM2607,2026-07-17,38.0,0.1557377049180328,8799.312,8588.0,0.17008074233455675,0.13703810524456028,0.16990824076223263,0.03304263708999647,0.0001725015723241241,8632.307619969652,8588.230719710271,-44.30761996965157,-0.2307197102709324,1.2954149836418463
2026-05-25,IM2609,2026-09-18,83.0,0.3401639344262295,8799.312,8434.6,0.1384436546917723,0.12430025745687272,0.14025300646562283,0.014143397234899588,-0.001809351773850526,8475.277253976019,8429.41030152218,-40.67725397601862,5.189698477819547,1.0403268438258193
2026-05-25,IM2612,2026-12-18,142.0,0.5819672131147541,8799.312,8223.0,0.13039561317951084,0.11685614181486494,0.1267047754380175,0.013539471364645908,0.0036908377414933413,8288.049304536706,8240.681547228603,-65.04930453670568,-17.68154722860345,1.3593860994296538
2026-05-26,IM2606,2026-06-22,18.0,0.07377049180327869,8687.253,8596.0,0.15714395625750543,0.20449231899999087,0.1580256606376485,-0.04734836274248544,-0.0008817043801430668,8566.027304866575,8595.440901972745,29.972695133425077,0.5590980272554589,-0.9471469184191522
2026-05-26,IM2607,2026-07-17,37.0,0.15163934426229508,8687.253,8522.8,0.14003492567149728,0.16302975167033956,0.14031803515513339,-0.022994825998842283,-0.000283109483636107,8493.133427906732,8522.434119477697,29.66657209326695,0.36588052230217727,-0.880171309526105
2026-05-26,IM2609,2026-09-18,82.0,0.3360655737704918,8687.253,8363.8,0.12690626745747982,0.13678764877420024,0.12724494920027019,-0.009881381316720422,-0.00033868174279036434,8336.071624751903,8362.848092528044,27.7283752480962,0.9519074719555647,-0.7207840406308752
2026-05-26,IM2612,2026-12-18,141.0,0.5778688524590164,8687.253,8158.8,0.12260540281191386,0.12459337429103695,0.11946491680735069,-0.0019879714791230935,0.003140486004563167,8149.432659846212,8173.619944317972,9.367340153788064,-14.819944317971931,-0.1989685502630642
2026-05-27,IM2606,2026-06-22,17.0,0.06967213114754098,8546.514,8441.2,0.1919621451227483,0.15398013157690538,0.19119524112209746,0.037982013545842935,0.0007669040006508532,8463.567427094358,8441.651040864845,-22.36742709435748,-0.4510408648438897,0.7242953793559144
2026-05-27,IM2607,2026-07-17,36.0,0.14754098360655737,8546.514,8369.4,0.15593536368204475,0.13791576794637928,0.15738362351870472,0.018019595735665472,-0.0014482598366599708,8391.680733517042,8367.611837070213,-22.28073351704188,1.7881629297862673,0.6729178123919005
2026-05-27,IM2609,2026-09-18,81.0,0.3319672131147541,8546.514,8209.4,0.13522775905115902,0.1260158787623688,0.13569460232524666,0.00921188028879022,-0.00046684327408763604,8234.543116620565,8208.127833182605,-25.143116620565706,1.2721668173944636,0.6662525504407693
2026-05-27,IM2612,2026-12-18,140.0,0.5737704918032787,8546.514,8000.6,0.12904066972036807,0.11869824010832977,0.12489019574439954,0.010342429612038295,0.00415047397596853,8048.218155545844,8019.675489162832,-47.618155545843365,-19.075489162831218,1.0318430188515173
2026-05-28,IM2606,2026-06-22,16.0,0.06557377049180328,8637.743,8524.4,0.21543240625537197,0.18340723237176032,0.21427586356218248,0.032025173883611646,0.0011565426931894884,8542.320146867598,8525.046505336695,-17.920146867598305,-0.6465053366955544,0.5810805164961649
2026-05-28,IM2607,2026-07-17,35.0,0.14344262295081966,8637.743,8451.4,0.1660413756443318,0.15285734472988224,0.16840438129387947,0.013184030914449557,-0.002363005649547667,8467.398004365945,8448.535834996832,-15.998004365945235,2.8641650031677273,0.4799623371257624
2026-05-28,IM2609,2026-09-18,80.0,0.32786885245901637,8637.743,8287.4,0.1402853499309962,0.1334432425902186,0.14085648738833065,0.006842107340777587,-0.0005711374573344474,8306.01210806234,8285.84826182879,-18.612108062339757,1.5517381712088536,0.49058432708779903
2026-05-28,IM2612,2026-12-18,139.0,0.569672131147541,8637.743,8076.4,0.13195397645483595,0.12351671959056434,0.12813178588820948,0.008437256864271603,0.003822190566626471,8115.312415875157,8094.00467579305,-38.91241587515742,-17.604675793050774,0.8390593169672134
2026-05-29,IM2606,2026-06-22,15.0,0.06147540983606557,8408.736,8344.8,0.138156554054048,0.20395214938885237,0.13926744516480863,-0.06579559533480436,-0.0011108911107606256,8311.11503018986,8344.230132319242,33.68496981013959,0.5698676807569427,-1.1336944233272437
2026-05-29,IM2607,2026-07-17,34.0,0.13934426229508196,8408.736,8270.0,0.1333924752574308,0.16250064026834252,0.13280387130502752,-0.029108165010911707,0.0005886039524032882,8236.524354135076,8270.67832150291,33.475645864924445,-0.6783215029099665,-1.0321954957348443
2026-05-29,IM2609,2026-09-18,79.0,0.3237704918032787,8408.736,8113.0,0.12458281380613422,0.13796692930258628,0.12587560824796437,-0.013384115496452062,-0.0012927944418301557,8077.919338463244,8109.604862798561,35.08066153675645,3.3951372014389563,-0.9512067702240697
2026-05-29,IM2612,2026-12-18,138.0,0.5655737704918032,8408.736,7904.8,0.12327132542157043,0.12638541059636946,0.11987761765082167,-0.003114085174799025,0.003393707770748766,7890.889964447625,7919.98698089398,13.91003555237512,-15.186980893980035,-0.3086777898645244
2026-06-01,IM2606,2026-06-22,14.0,0.05737704918032787,8345.129,8305.8,0.09633168976961295,0.13819368549056316,0.09629957050845864,-0.0418619957209502,3.211926115431751e-05,8285.874091019841,8305.815306842916,19.925908980158056,-0.015306842917198082,-0.683575085047957
2026-06-01,IM2607,2026-07-17,33.0,0.13524590163934427,8345.129,8235.2,0.11204633837722887,0.13215247102323308,0.11239861856009493,-0.020106132646004207,-0.000352280182866066,8212.836670679513,8234.80764776422,22.363329320487537,0.39235223577998113,-0.6938943087170937
2026-06-01,IM2609,2026-09-18,78.0,0.319672131147541,8345.129,8081.8,0.11430087776918721,0.12551119193570437,0.11666565444223317,-0.01121031416651716,-0.002364776673045965,8052.889692100872,8075.692846090359,28.910307899128384,6.107153909641056,-0.7895704184810401
2026-06-01,IM2612,2026-12-18,137.0,0.5614754098360656,8345.129,7880.4,0.11605139948436427,0.11962635879714703,0.11432143457914082,-0.0035749593127827606,0.0017299649052234523,7864.597918030335,7888.058209368581,15.802081969664869,-7.658209368581083,-0.353193040852428
2026-06-02,IM2606,2026-06-22,13.0,0.05327868852459016,8384.781,8324.6,0.14920021609900105,0.1001448891967239,0.1473057765214742,0.04905532690227715,0.0018944395775268574,8346.385660688382,8325.440271389345,-21.78566068838154,-0.8402713893447071,0.7575266605529092
2026-06-02,IM2607,2026-07-17,32.0,0.13114754098360656,8384.781,8256.0,0.13202026946764414,0.11446387452881632,0.13435417332636246,0.017556394938827824,-0.002333903858718317,8275.031159578155,8253.473342738414,-19.031159578154984,2.5266572615855694,0.5891549646980275
2026-06-02,IM2609,2026-09-18,77.0,0.3155737704918033,8384.781,8106.4,0.12099369488636681,0.11757935868744387,0.12478689170343481,0.0034143361989229376,-0.0037931968170679953,8115.139150180851,8096.702173738754,-8.739150180851539,9.69782626124561,0.2382821647156161
2026-06-02,IM2612,2026-12-18,136.0,0.5573770491803278,8384.781,7900.0,0.12084960473474277,0.11482151551309767,0.11828238449364992,0.0060280892216450915,0.002567220241092849,7926.587998544614,7911.312277669791,-26.587998544613583,-11.312277669791001,0.5935658286579187
2026-06-03,IM2606,2026-06-22,12.0,0.04918032786885246,8432.679,8368.4,0.16958675849885002,0.14492228720216804,0.1689017891369354,0.024664471296681978,0.0006849693619146169,8378.557085041406,8368.681911188098,-10.15708504140639,-0.2819111880980927,0.3593961383360085
2026-06-03,IM2607,2026-07-17,31.0,0.12704918032786885,8432.679,8295.8,0.14280958733761798,0.13301373864807908,0.14448272598916378,0.009795848689538894,-0.001673138651545808,8306.131003022767,8294.036741790775,-10.331003022767618,1.7632582092246594,0.3193440041286247
2026-06-03,IM2609,2026-09-18,76.0,0.3114754098360656,8432.679,8139.4,0.12764636430527296,0.12411425016857018,0.12974159867739504,0.003532114136702777,-0.0020952343721220845,8148.359624460812,8134.089846661083,-8.959624460811938,5.31015333891628,0.24420490911550283
2026-06-03,IM2612,2026-12-18,135.0,0.5532786885245902,8432.679,7919.6,0.12745785934638457,0.11785553068728327,0.12155422930878985,0.009602328659101295,0.005903630037594712,7961.7869296158715,7945.510500101092,-42.18692961587112,-25.910500101091202,0.9423134127895461
2026-06-04,IM2606,2026-06-22,11.0,0.045081967213114756,8420.095,8354.8,0.18668294471474398,0.16431701883820476,0.18495710201808413,0.02236592587653921,0.0017258426966598461,8363.228392774003,8355.45006535496,-8.428392774003441,-0.6500653549610433,0.30682413452996415
2026-06-04,IM2607,2026-07-17,30.0,0.12295081967213115,8420.095,8284.0,0.14653402751632857,0.1419876747747035,0.15073264479112106,0.00454635274162507,-0.004198617274792482,8288.631866497562,8279.72470865867,-4.6318664975624415,4.275291341329648,0.14383868097996166
2026-06-04,IM2609,2026-09-18,75.0,0.3073770491803279,8420.095,8124.8,0.13014399454317369,0.12854702982745403,0.132084875541039,0.0015969647157196565,-0.001940880997865324,8128.789202039693,8119.954333903709,-3.9892020396928274,4.845666096291097,0.10936275256518532
2026-06-04,IM2612,2026-12-18,134.0,0.5491803278688525,8420.095,7908.0,0.12825428471926772,0.12082452756913176,0.12281869344766005,0.007429757150135968,0.00543559127160767,7940.332744717205,7931.641596295151,-32.33274471720506,-23.64159629515143,0.7266139390941212
2026-06-05,IM2606,2026-06-22,10.0,0.040983606557377046,8340.963,8291.8,0.15824310542647615,0.1786561035445648,0.1591668289144868,-0.020412998118088638,-0.0009237234880106471,8284.865995245302,8291.486098957455,6.934004754697526,0.3139010425438755,-0.26302045853037065
2026-06-05,IM2607,2026-07-17,29.0,0.11885245901639344,8340.963,8214.0,0.14305632683795763,0.14737973299932258,0.141877682286206,-0.004323406161364951,0.001178644551751623,8209.78034123939,8215.150737172671,4.2196587606104,-1.1507371726711426,-0.1326132910335045
2026-06-05,IM2609,2026-09-18,74.0,0.30327868852459017,8340.963,8055.6,0.12878279515604601,0.1305188997138466,0.13053714159338434,-0.0017361045578005718,-0.0017543464373383222,8051.359653604206,8051.315110600224,4.240346395794404,4.284889399776148,-0.11773950202200885
2026-06-05,IM2612,2026-12-18,133.0,0.5450819672131147,8340.963,7831.0,0.12974123775262342,0.12187772808445992,0.12311862891000716,0.007863509668163501,0.006622608842616257,7864.637719527467,7859.31993493398,-33.6377195274672,-28.31993493398022,0.7663652588327688
2026-06-08,IM2606,2026-06-22,9.0,0.036885245901639344,8081.261,8072.8,0.04239993387264938,0.15627511813763745,0.044407632160106764,-0.11387518426498808,-0.0020076982874573865,8038.9628168864865,8072.202195411485,33.837183113513674,0.5978045885149186,-1.374802317529532
2026-06-08,IM2607,2026-07-17,28.0,0.11475409836065574,8081.261,8000.6,0.10141636236521218,0.14033073429978013,0.09819262258792139,-0.038914371934567954,0.0032237397772907905,7964.952304455112,8003.560268297498,35.64769554488794,-2.9602682974973504,-1.1559796909304958
2026-06-08,IM2609,2026-09-18,73.0,0.29918032786885246,8081.261,7843.2,0.11394310312446687,0.12978844180827823,0.11549176205876502,-0.015845338683811355,-0.0015486589342981472,7806.10641188794,7839.566865305785,37.09358811205948,3.6331346942151868,-1.063984777760314
2026-06-08,IM2612,2026-12-18,132.0,0.5409836065573771,8081.261,7630.0,0.12021408619376524,0.12264837438730924,0.11584312539111523,-0.002434288193544007,0.004370960802650009,7619.9585899195,7648.063384488274,10.0414100805001,-18.063384488274096,-0.23640728337250427
2026-06-09,IM2606,2026-06-22,8.0,0.03278688524590164,8318.698,8233.4,0.3283543531589533,0.05427588610159406,0.32347612347561117,0.2740784670573592,0.004878229683342117,8307.720235576648,8234.716971424057,-74.32023557664797,-1.3169714240575559,3.0926719890513947
2026-06-09,IM2607,2026-07-17,27.0,0.11065573770491803,8318.698,8153.8,0.1949366270626046,0.10310858636420706,0.20414128809824983,0.09182804069839753,-0.00920466103564524,8237.075582099309,8145.499186882361,-83.27558209930885,8.300813117639336,2.638775030083261
2026-06-09,IM2609,2026-09-18,72.0,0.29508196721311475,8318.698,7993.0,0.1493508448378914,0.1175755143008561,0.15375515890082622,0.03177533053703531,-0.0044043140629348165,8068.297437108124,7982.61877552785,-75.29743710812363,10.38122447215028,2.1121482876843265
2026-06-09,IM2612,2026-12-18,131.0,0.5368852459016393,8318.698,7764.4,0.14243818844751438,0.11699107596182444,0.13576750639199445,0.02544711248568994,0.006670682055519933,7871.206568438436,7792.257204531053,-106.80656843843644,-27.857204531052957,2.4624942394130613
2026-06-10,IM2606,2026-06-22,7.0,0.028688524590163935,8198.723,8162.2,0.16962563839515818,0.30342750061034696,0.17129802451723097,-0.13380186221518878,-0.0016723861220727942,8130.928815369579,8161.8084009924005,31.271184630420976,0.391599007599325,-1.4075419932710302
2026-06-10,IM2607,2026-07-17,26.0,0.10655737704918032,8198.723,8080.2,0.15065675842240436,0.1941537805815494,0.14855641114397616,-0.04349702215914503,0.0021003472784281996,8042.835507768254,8082.008611719184,37.364492231746226,-1.8086117191842277,-1.207694246188049
2026-06-10,IM2609,2026-09-18,71.0,0.29098360655737704,8198.723,7917.0,0.13416506586001614,0.14938809799052147,0.1354657263302997,-0.015223032130505326,-0.0013006604702835711,7882.0079972736685,7914.004213031006,34.99200272633152,2.9957869689942527,-1.001489025905962
2026-06-10,IM2612,2026-12-18,130.0,0.5327868852459017,8198.723,7689.2,0.1344265069498993,0.13324405272168316,0.1272605393265839,0.0011824542282161399,0.007165967623315395,7694.045692275442,7718.612967454361,-4.845692275442161,-29.412967454361024,0.11401091379751425
2026-06-11,IM2606,2026-06-22,6.0,0.02459016393442623,8159.455,8126.4,0.17908049624280264,0.16787353499639665,0.17789019594561137,0.011206961246405994,0.0011903002971912768,8128.639790161895,8126.637860604028,-2.2397901618951437,-0.23786060402835574,0.10962140662013868
2026-06-11,IM2607,2026-07-17,25.0,0.10245901639344263,8159.455,8049.0,0.14702409000195943,0.14682486912404574,0.1502691821702858,0.00019922087791368615,-0.003245092168326358,8049.164297665167,8046.324241282742,-0.1642976651673962,2.6757587172578496,0.005337783892464686
2026-06-11,IM2609,2026-09-18,70.0,0.28688524590163933,8159.455,7886.6,0.13255702325125604,0.13466030868298634,0.13578495351267153,-0.0021032854317303007,-0.0032279302614154903,7881.8426487113775,7879.3000296071705,4.7573512886228855,7.299970392829891,-0.13691829540025918
2026-06-11,IM2612,2026-12-18,129.0,0.5286885245901639,8159.455,7660.6,0.13332747719853844,0.12675988489002843,0.12730476105571242,0.006567592308510006,0.006022716142826012,7687.245449731493,7685.031305585126,-26.64544973149259,-24.4313055851253,0.6309141642462827
2026-06-12,IM2607,2026-07-17,24.0,0.09836065573770492,8202.799,8122.8,0.11363857088944113,0.1482749380252352,0.11452961251207733,-0.03463636713579407,-0.0008910416226362017,8095.173877666876,8122.088121075655,27.62612233312393,0.711878924345001,-0.8943734638207556
2026-06-12,IM2609,2026-09-18,69.0,0.2827868852459016,8202.799,7958.6,0.12087317579415449,0.1348813870179059,0.12349358584050554,-0.014008211223751399,-0.0026204100463510516,7927.135653659333,7952.704721890004,31.464346340667362,5.89527810999607,-0.9021294904364668
2026-06-12,IM2612,2026-12-18,128.0,0.5245901639344263,8202.799,7735.0,0.12593491129236845,0.12675143073855782,0.1208874586009829,-0.0008165194461893788,0.00504745269138554,7731.687514509995,7755.508212901916,3.3124854900052014,-20.508212901915613,-0.07814628557066944
2026-06-15,IM2607,2026-07-17,23.0,0.0942622950819672,8521.233,8403.4,0.16172250992046228,0.11737455645910591,0.1593599539154481,0.044347953461356365,0.0023625560050141714,8438.60259625335,8405.271645170598,-35.20259625334984,-1.87164517059864,1.0971582327441245
2026-06-15,IM2609,2026-09-18,68.0,0.2786885245901639,8521.233,8244.6,0.13242112317070004,0.12458766943035973,0.13847865918340846,0.007833453740340307,-0.00605753601270842,8262.618394798888,8230.69349000919,-18.01839479888804,13.906509990811173,0.4988914551488838
2026-06-15,IM2612,2026-12-18,127.0,0.5204918032786885,8521.233,8012.6,0.13224537029129316,0.12145274645035745,0.12860124213751045,0.010792623840935711,0.0036441281537827053,8057.737217949678,8027.812231837229,-45.137217949677506,-15.2122318372285,1.0244272853632677
2026-06-16,IM2607,2026-07-17,22.0,0.09016393442622951,8646.403,8523.8,0.17239088657174045,0.1561670535601494,0.17221435929506854,0.016223833011591055,0.00017652727667191725,8536.277778034808,8523.935669237137,-12.47777803480858,-0.13566923713733559,0.3858350247478843
2026-06-16,IM2609,2026-09-18,67.0,0.27459016393442626,8646.403,8349.0,0.14146860483077572,0.1371185830259665,0.14410233981913276,0.004350021804809229,-0.002633734988357034,8358.978615158745,8342.964205016904,-9.978615158745015,6.0357949830959114,0.27350289529939187
2026-06-16,IM2612,2026-12-18,126.0,0.5163934426229508,8646.403,8109.8,0.1380724302629027,0.12779963483914134,0.1323888528798229,0.01027279542376136,0.005683577383079785,8152.935211825301,8133.636918683137,-43.13521182530076,-23.8369186831369,0.966769698489417
2026-06-17,IM2607,2026-07-17,21.0,0.0860655737704918,8704.468,8612.0,0.13809000579994127,0.16773213832809306,0.13753756277738363,-0.029642132528151788,0.000552443022557636,8590.057350142195,8612.409478691558,21.94264985780501,-0.40947869155752414,-0.6766448655480096
2026-06-17,IM2609,2026-09-18,66.0,0.27049180327868855,8704.468,8445.0,0.1258773523777718,0.14225023891333846,0.13184471206499718,-0.01637288653556665,-0.005967359687225365,8407.682058174498,8431.379736041583,37.3179418255022,13.620263958417127,-1.0171254254056281
2026-06-17,IM2612,2026-12-18,125.0,0.5122950819672131,8704.468,8201.0,0.13030086076057862,0.13131723570604906,0.1255095513275136,-0.0010163749454704385,0.004791309433065022,8196.730982951562,8221.154606755543,4.2690170484384,-20.154606755542773,-0.09512396599906678
2026-06-18,IM2607,2026-07-17,20.0,0.08196721311475409,8771.024,8679.0,0.14267640843996687,0.13740414422732414,0.1416186550770535,0.0052722642126427355,0.0010577533629133606,8682.751464733268,8679.7525114276,-3.7514647332682216,-0.7525114275995293,0.11533609376920126
2026-06-18,IM2609,2026-09-18,65.0,0.26639344262295084,8771.024,8510.0,0.12740976854684014,0.13171607788478834,0.13264565930230646,-0.004306309337948205,-0.005235890755466321,8500.2431588935,8498.138466937715,9.75684110650036,11.861533062285162,-0.2643558174300327
2026-06-18,IM2612,2026-12-18,124.0,0.5081967213114754,8771.024,8270.0,0.12974071565860673,0.1253910321141986,0.12566264272102945,0.004349683544408123,0.004078072937577282,8288.30101265112,8287.157043990155,-18.30101265111989,-17.157043990155216,0.40525288326581993
2026-06-22,IM2607,2026-07-17,19.0,0.0778688524590164,8865.676,8706.2,0.24710701842990707,0.14086295605594762,0.245496695436899,0.10624406237395945,0.001610322993008062,8778.52605918525,8707.291773723251,-72.3260591852486,-1.0917737232502986,2.223668810470652
2026-06-22,IM2609,2026-09-18,64.0,0.26229508196721313,8865.676,8524.2,0.16374743001475658,0.1322811080964352,0.16632414351594835,0.03146632191832138,-0.002576713501191763,8594.84528946636,8518.440786762021,-70.64528946635983,5.759213237979566,1.9085422881046576
2026-06-22,IM2612,2026-12-18,123.0,0.5040983606557377,8865.676,8281.0,0.14933759049273762,0.125416185048208,0.1441767288470091,0.023921405444529614,0.005160861645728515,8381.46294741102,8302.57174784145,-100.46294741102065,-21.571747841449906,2.219226771119876
2026-06-23,IM2607,2026-07-17,18.0,0.07377049180327869,8680.039,8598.8,0.14146781104502837,0.23209984580133752,0.1395627583960727,-0.09063203475630915,0.0019050526489556574,8541.500448067998,8600.008531644604,57.29955193200112,-1.2085316446045908,-1.8117236822729148
2026-06-23,IM2608,2026-08-21,43.0,0.1762295081967213,8680.039,8515.0,0.1229301549524961,0.1765210530624879,0.13723730520317637,-0.05359089810999179,-0.014307150250680273,8434.960359802002,8493.557815324286,80.03964019799787,21.44218467571409,-2.3401926875470775
2026-06-23,IM2609,2026-09-18,63.0,0.2581967213114754,8680.039,8403.0,0.13962993301727813,0.16123976501815382,0.13490178670913927,-0.021609832000875684,0.004728146308138864,8356.245281287514,8413.264578304712,46.754718712485555,-10.264578304711904,-1.294725999331726
2026-06-23,IM2612,2026-12-18,122.0,0.5,8680.039,8156.0,0.13854433807502772,0.1413696529451239,0.12837610702525026,-0.002825314870096185,0.01016823104977746,8144.486500189999,8197.571634170272,11.513499810001122,-41.571634170271864,-0.26100186257288155
2026-06-24,IM2607,2026-07-17,17.0,0.06967213114754098,8793.487,8667.6,0.22096077080358167,0.1396791299585042,0.21834430846640707,0.08128164084507747,0.0026164623371746076,8716.824432445037,8669.18019989623,-49.224432445036655,-1.5801998962288053,1.5498047690788463
2026-06-24,IM2608,2026-08-21,42.0,0.1721311475409836,8793.487,8568.0,0.16491400396813757,0.13722904004528202,0.17215061897216755,0.02768496392285555,-0.007236615004029973,8608.927771475706,8557.333942282143,-40.92777147570632,10.666057717857257,1.186613966020792
2026-06-24,IM2609,2026-09-18,62.0,0.2540983606557377,8793.487,8472.4,0.160390209660495,0.13485851807808122,0.15931555924719099,0.02553169158241378,0.0010746504133040125,8527.543892885707,8474.713847977147,-55.14389288570783,-2.313847977147816,1.515737096372472
2026-06-24,IM2612,2026-12-18,121.0,0.4959016393442623,8793.487,8221.2,0.14970261655669526,0.12830000508467598,0.14181219210232388,0.021402611472019273,0.00789042445437138,8308.921141708326,8253.431541061178,-87.72114170832538,-32.23154106117727,1.9806456663096281
2026-06-25,IM2607,2026-07-17,16.0,0.06557377049180328,8825.92,8725.8,0.18798255678174158,0.20915929482733653,0.1869430138170354,-0.021176738045594945,0.0010395429647061805,8713.691426811534,8726.39482971629,12.108573188465016,-0.5948297162904055,-0.3841984141537542
2026-06-25,IM2608,2026-08-21,41.0,0.1680327868852459,8825.92,8622.6,0.15270021311592344,0.16743954805218295,0.15970114251431602,-0.014739334936259507,-0.007000929398392586,8601.270903345603,8612.462460853365,21.32909665439729,10.13753914663539,-0.6184796595976169
2026-06-25,IM2609,2026-09-18,61.0,0.25,8825.92,8523.8,0.1533223835171736,0.15593869092843124,0.1514467780440185,-0.002616307411257651,0.0018756054731551008,8518.226602635783,8527.797758687031,5.573397364216362,-3.997758687031819,-0.15337527187682873
2026-06-25,IM2612,2026-12-18,120.0,0.4918032786885246,8825.92,8271.2,0.14599026562067866,0.1399497559807471,0.1385441174997947,0.006040509639931552,0.007446148120883955,8295.808139041977,8301.544994119886,-24.608139041976756,-30.344994119885087,0.5570493322909166
2026-06-26,IM2607,2026-07-17,15.0,0.06147540983606557,8601.408,8532.6,0.14465043707289071,0.18197419112734975,0.14539067369019698,-0.037323754054459035,-0.0007402366173062669,8513.044451984455,8532.211721357538,19.555548015545355,0.3882786424619553,-0.6430432471423099
2026-06-26,IM2608,2026-08-21,40.0,0.16393442622950818,8601.408,8424.6,0.14069647187646372,0.1571567872231159,0.14635373710834254,-0.016460315346652182,-0.005657265231878816,8401.89759929483,8416.790474921207,22.702400705169566,7.80952507879374,-0.6757242068482914
2026-06-26,IM2609,2026-09-18,60.0,0.2459016393442623,8601.408,8319.2,0.149663245328332,0.14961296844204677,0.14433105892513223,5.027688628522764e-05,0.005332186403199768,8319.302852309327,8330.115234376595,-0.10285230932640843,-10.915234376594526,0.00290900600038908
2026-06-26,IM2612,2026-12-18,119.0,0.48770491803278687,8601.408,8066.0,0.14577684284370657,0.13751108189758862,0.13720151678788833,0.008265760946117945,0.008575326055818233,8098.5817091878325,8099.804496417317,-32.58170918783253,-33.80449641731684,0.7591196934224963
2026-06-29,IM2607,2026-07-17,14.0,0.05737704918032787,8597.893,8514.2,0.18448306824028407,0.14625451048131807,0.1826812175793921,0.038228557758966,0.0018018506608919738,8532.895899190416,8515.080284997382,-18.69589919041573,-0.8802849973817501,0.6241854181441651
2026-06-29,IM2608,2026-08-21,39.0,0.1598360655737705,8597.893,8405.6,0.1555138865464069,0.1466885263004923,0.1618513091346946,0.008825360245914599,-0.006337422588287678,8417.465397397931,8397.089869361758,-11.865397397930792,8.510130638242117,0.35420856224339636
2026-06-29,IM2609,2026-09-18,59.0,0.24180327868852458,8597.893,8308.6,0.15554502153199837,0.14451807757446497,0.15503725692212447,0.011026943957533397,0.0005077646098738953,8330.783206571237,8309.620185452133,-22.18320657123695,-1.0201854521328642,0.629492147863431
2026-06-29,IM2612,2026-12-18,118.0,0.48360655737704916,8597.893,8051.0,0.14989738377549627,0.13723460626393397,0.14308632589829323,0.012662777511562306,0.006811057877203042,8100.45400053982,8077.5626885367365,-49.4540005398203,-26.56268853673646,1.1579229394400115
2026-06-30,IM2607,2026-07-17,13.0,0.05327868852459016,8809.786,8705.2,0.238153430707901,0.17934082581480346,0.23301215410294607,0.05881260489309753,0.00514127660495492,8732.520163508505,8707.584859133662,-27.320163508504265,-2.384859133660939,0.9081241777004878
2026-06-30,IM2608,2026-08-21,38.0,0.1557377049180328,8809.786,8606.2,0.1641259784188643,0.16016038804563273,0.1778470609384415,0.003965590373231576,-0.013721082519577182,8611.516761408562,8587.82913338778,-5.316761408561433,18.370866612220198,0.15550103736517132
2026-06-30,IM2609,2026-09-18,58.0,0.23770491803278687,8809.786,8504.2,0.16251602675678242,0.15381192841183275,0.16414009512716105,0.008704098344949673,-0.001624068370378623,8521.813464097051,8500.917595389063,-17.613464097050382,3.2824046109381015,0.4900917627568821
2026-06-30,IM2612,2026-12-18,117.0,0.47950819672131145,8809.786,8240.0,0.15344037997677804,0.14237675338016717,0.14596811789584277,0.011063626596610865,0.007472262080935266,8283.83017996086,8269.576965599637,-43.83017996085982,-29.576965599637333,1.0072326514794958
2026-07-01,IM2607,2026-07-17,12.0,0.04918032786885246,8876.63,8727.6,0.3582751042308564,0.22338013127695178,0.35352944255038266,0.13489497295390462,0.004745661680473745,8785.692947058249,8729.637200194718,-58.09294705824868,-2.037200194718025,1.9654592087083134
2026-07-01,IM2608,2026-08-21,37.0,0.15163934426229508,8876.63,8620.6,0.20700592989375297,0.1732322131796189,0.22015980415260716,0.03377371671413407,-0.013153874258854198,8664.862997987833,8603.422102056817,-44.26299798783293,17.17789794318378,1.29298770577451
2026-07-01,IM2609,2026-09-18,57.0,0.2336065573770492,8876.63,8517.6,0.19073891484397223,0.16090401911158708,0.19110245291103975,0.029834895732385153,-0.0003635380670675148,8577.17185299573,8516.876674588026,-59.571852995730296,0.7233254119746562,1.656360650033035
2026-07-01,IM2612,2026-12-18,116.0,0.47540983606557374,8876.63,8248.0,0.1685008710015947,0.14422132211895455,0.1587039763037488,0.02427954888264014,0.009796894697845893,8343.756069814815,8286.504990425574,-95.75606981481542,-38.50499042557385,2.2005020987949746
2026-07-02,IM2607,2026-07-17,11.0,0.045081967213114756,8625.334,8570.0,0.1567611657941261,0.33025241470106487,0.15495636443861127,-0.17349124890693876,0.0018048013555148346,8503.232674267507,8570.697317809636,66.76732573249319,-0.6973178096359334,-2.379854355837741
2026-07-02,IM2608,2026-08-21,36.0,0.14754098360655737,8625.334,8473.0,0.1347735583254328,0.20934266679871077,0.14717862323248637,-0.07456910847327797,-0.012405064907053565,8380.290984726487,8457.5064282565,92.7090152735127,15.49357174350007,-2.7851077661958663
2026-07-02,IM2609,2026-09-18,56.0,0.22950819672131148,8625.334,8370.2,0.1448271693811198,0.1836296976256498,0.14346634481595646,-0.03880252824452998,0.0013608245651633433,8295.990126651348,8372.81459241917,74.20987334865276,-2.6145924191696395,-2.1233489723011836
2026-07-02,IM2612,2026-12-18,115.0,0.4713114754098361,8625.334,8109.6,0.1448161267782822,0.15478334349862594,0.13505394048867608,-0.00996721672034373,0.009762186289606123,8071.593168670952,8146.998486132162,38.00683132904851,-37.39848613216145,-0.8992334412132589
2026-07-03,IM2607,2026-07-17,10.0,0.040983606557377046,8620.789,8567.2,0.16614995039817948,0.15413872378111707,0.16317965876307386,0.012011226617062415,0.0029702916351056208,8571.418357066252,8568.242976698253,-4.218357066250974,-1.0429766982524598,0.1547546194489504
2026-07-03,IM2608,2026-08-21,35.0,0.14344262295081966,8620.789,8468.4,0.13833558889144645,0.14672279043874162,0.14907385023426736,-0.008387201547295164,-0.01073826134282091,8458.217944941984,8455.365957983491,10.182055058015976,13.034042016508465,-0.3053726956141788
2026-07-03,IM2609,2026-09-18,55.0,0.22540983606557377,8620.789,8373.0,0.14338374427721412,0.1431087734305456,0.144247869236227,0.00027497084666852634,-0.0008641249590128908,8373.518984113993,8371.369246918259,-0.5189841139927012,1.6307530817412044,0.014826145713350728
2026-07-03,IM2612,2026-12-18,114.0,0.4672131147540984,8620.789,8113.4,0.14383281956225866,0.1348076349577561,0.13493581473996819,0.00902518460450255,0.008897004822290472,8147.683880273884,8147.195952296807,-34.28388027388428,-33.79595229680763,0.8104756113912202
2026-07-06,IM2607,2026-07-17,9.0,0.036885245901639344,8472.603,8458.0,0.06076781491268343,0.16132748581535677,0.059920255840038406,-0.10055967090267334,0.0008475590726450266,8426.68596586814,8458.264421722259,31.314034131859444,-0.2644217222587031,-1.2139805102846375
2026-07-06,IM2608,2026-08-21,34.0,0.13934426229508196,8472.603,8362.0,0.10829988901469076,0.14816869243843617,0.11624322918859144,-0.03986880342374541,-0.007943340173900679,8315.673802457337,8352.749566479757,46.32619754266307,9.25043352024295,-1.413914644879969
2026-07-06,IM2609,2026-09-18,54.0,0.22131147540983606,8472.603,8265.0,0.12609563392365966,0.14358858504999922,0.12411219158095907,-0.017492951126339557,0.001983442342700592,8233.064811531494,8268.628788811782,31.935188468505658,-3.628788811782215,-0.9290283059601866
2026-07-06,IM2612,2026-12-18,113.0,0.46311475409836067,8472.603,8013.8,0.13421367346828134,0.13453835101826414,0.12600358275065993,-0.00032467754998280474,0.00821009071762141,8012.5951118688745,8044.328184274338,1.2048881311256991,-30.528184274337946,-0.029019398418866083
2026-07-07,IM2607,2026-07-17,8.0,0.03278688524590164,8301.804,8296.6,0.03312497191906514,0.06937890932599693,0.032379373853960294,-0.03625393740693179,0.0007455980651048452,8286.744074634558,8296.802819820252,9.85592536544209,-0.2028198202515341,-0.40906640531535904
2026-07-07,IM2608,2026-08-21,33.0,0.13524590163934427,8301.804,8200.0,0.10523149879898087,0.12024299286241631,0.109037747890568,-0.015011494063435438,-0.0038062490915871244,8183.368895298574,8195.779893665402,16.63110470142601,4.220106334598313,-0.5181087249565962
2026-07-07,IM2609,2026-09-18,53.0,0.21721311475409835,8301.804,8115.2,0.11866216198897836,0.12675108146074376,0.11999027395958678,-0.008088919471765404,-0.00132811197060842,8100.953955171671,8112.859237668151,14.246044828329104,2.340762331848964,-0.4229792083428788
2026-07-07,IM2612,2026-12-18,112.0,0.45901639344262296,8301.804,7870.6,0.1302018240308139,0.12726923056135894,0.12433787234707096,0.0029325934694549582,0.005863951683742943,7881.201815381138,7891.8134368872325,-10.601815381137385,-21.213436887232092,0.26085923313043713
2026-07-08,IM2607,2026-07-17,7.0,0.028688524590163935,8117.861,8131.2,-0.04322909564011398,0.04458843961647324,-0.04445950277846389,-0.08781753525658723,0.0012304071383499107,8110.740399723695,8131.487024761092,20.459600276304627,-0.28702476109174313,-0.9237679598731153
2026-07-08,IM2608,2026-08-21,32.0,0.13114754098360656,8117.861,8046.0,0.08179862002657394,0.11410405521476173,0.0844370525822942,-0.03230543518818779,-0.0026384325557202576,8011.982993255622,8043.216372993378,34.017006744377795,2.7836270066218276,-1.084156764701258
2026-07-08,IM2609,2026-09-18,52.0,0.21311475409836064,8117.861,7974.0,0.09790055837592433,0.12331862704503326,0.10368330793809495,-0.025418068669108923,-0.005782749562170619,7930.921899099951,7964.178981015005,43.07810090004932,9.821018984995135,-1.308176080935454
2026-07-08,IM2612,2026-12-18,111.0,0.45491803278688525,8117.861,7740.2,0.11872033494307614,0.12593626837257277,0.11522572221499272,-0.0072159334294966265,0.003494612728083421,7714.833226689882,7752.514864783499,25.366773310117424,-12.314864783499615,-0.6387484899320806
2026-07-09,IM2607,2026-07-17,6.0,0.02459016393442623,8300.077,8282.6,0.09971976605305558,-0.025070226196483497,0.09399428267511509,0.12478999224953907,0.005725483377940488,8308.055074921598,8283.76619410804,-25.45507492159777,-1.1661941080401448,1.220596805067693
2026-07-09,IM2608,2026-08-21,31.0,0.12704918032786885,8300.077,8207.0,0.10276360470233942,0.09234776919044388,0.118782611696064,0.010415835511895538,-0.016019006993724577,8217.86770400749,8190.314084941546,-10.867704007490829,16.685915058454157,0.33956583684045244
2026-07-09,IM2609,2026-09-18,51.0,0.20901639344262296,8300.077,8127.4,0.11458408485545729,0.10886916029512324,0.12095335182340144,0.005714924560334053,-0.006369266967944154,8137.11408495418,8116.58734402949,-9.71408495418018,10.812655970509695,0.2893713997435451
2026-07-09,IM2612,2026-12-18,110.0,0.45081967213114754,8300.077,7896.0,0.12470610450702446,0.11773500298304125,0.11877518049502522,0.006971101523983211,0.005930924011999239,7920.853869610895,7917.140394675767,-24.853869610895345,-21.14039467576731,0.6140241887835598
2026-07-10,IM2608,2026-08-21,30.0,0.12295081967213115,8198.308,8099.2,0.11292166786061035,0.12024395407100916,0.1162150819550899,-0.007322286210398807,-0.0032934140944795437,8091.91172462471,8095.921071356388,7.288275375290141,3.2789286436118346,-0.2316670132554088
2026-07-10,IM2609,2026-09-18,50.0,0.20491803278688525,8198.308,8019.4,0.12167322476786915,0.12187357205091527,0.12139646064902501,-0.00020034728304611782,0.00027676411884414165,8019.070772126745,8019.8548248183715,0.32922787325423997,-0.4548248183718897,-0.009976306297622113
2026-07-10,IM2612,2026-12-18,109.0,0.44672131147540983,8198.308,7780.0,0.13123517992055064,0.1191773166422483,0.12113987298535801,0.012057863278302342,0.01009530693519263,7822.02007404872,7815.165391147578,-42.020074048719835,-35.16539114757779,1.0567291133258576
2026-07-13,IM2608,2026-08-21,29.0,0.11885245901639344,7787.853,7750.0,0.05499510278775876,0.11876099277571514,0.05572508100279237,-0.06376588998795638,-0.0007299782150336151,7691.486828510965,7749.327641446627,58.5131714890349,0.6723585533727601,-1.9468435543057725
2026-07-13,IM2609,2026-09-18,49.0,0.20081967213114754,7787.853,7684.4,0.08059164525638085,0.12300896661825086,0.0857855851531351,-0.042417321361870014,-0.005193939896754249,7619.220494861618,7676.389001285451,65.1795051383815,8.010998714548805,-2.0752847528925416
2026-07-13,IM2612,2026-12-18,108.0,0.4426229508196721,7787.853,7459.6,0.11129142735212724,0.1218690971041395,0.1052792348595555,-0.010577669752012256,0.006012192492571747,7424.756385202195,7479.477434567535,34.84361479780546,-19.877434567534692,-0.9181119972626576
2026-07-14,IM2608,2026-08-21,28.0,0.11475409836065574,7925.123,7854.4,0.09211447219785479,0.06663952110800345,0.0899860789804128,0.025474951089851344,0.0021283932174419873,7877.394794448532,7856.3186074369905,-22.994794448532048,-1.9186074369908965,0.7533574879553191
2026-07-14,IM2609,2026-09-18,48.0,0.19672131147540983,7925.123,7788.0,0.10272324257487911,0.09277860238430702,0.10719901096252013,0.00994464019057209,-0.0044757683876410215,7803.250753713077,7781.1458472488,-15.250753713076847,6.854152751199763,0.47777316885009674
2026-07-14,IM2612,2026-12-18,107.0,0.4385245901639344,7925.123,7563.4,0.12053225988916418,0.10859847296051506,0.11585702538212353,0.011933786928649118,0.004675234507040646,7603.084981609932,7578.922429382968,-39.68498160993204,-15.522429382968767,1.023182544170247
2026-07-15,IM2608,2026-08-21,27.0,0.11065573770491803,7817.831,7780.4,0.05737235198530675,0.09640065712007487,0.05450425189300055,-0.03902830513476812,0.002868100092306196,7746.87119328666,7782.869670901097,33.52880671333969,-2.469670901097743,-1.1166903428900012
2026-07-15,IM2609,2026-09-18,47.0,0.19262295081967212,7817.831,7723.2,0.0772238493877146,0.11125021397854105,0.086150394161125,-0.03402636459082646,-0.0089265447734104,7672.745674768296,7709.931697057697,50.45432523170348,13.268302942302398,-1.6050772889622555
2026-07-15,IM2612,2026-12-18,106.0,0.4344262295081967,7817.831,7499.2,0.10978335593625044,0.11773499289318567,0.1056737457383294,-0.007951636956935237,0.00410961019792104,7473.339458097066,7512.600448716463,25.86054190293362,-13.40044871646296,-0.6759589712199057
2026-07-16,IM2608,2026-08-21,26.0,0.10655737704918032,7631.762,7599.6,0.05363249623879991,0.06535070702819444,0.0479079558617245,-0.011718210789394529,0.005724540377075413,7590.1165917604785,7604.237109415441,9.48340823952185,-4.637109415441046,-0.32401621335414665
2026-07-16,IM2609,2026-09-18,46.0,0.1885245901639344,7631.762,7552.6,0.06930776820399899,0.09296895885206341,0.080710364451283,-0.02366119064806442,-0.011402596247284014,7518.985023476863,7536.38184207439,33.61497652313756,16.218157925610285,-1.0955688814527984
2026-07-16,IM2612,2026-12-18,105.0,0.430327868852459,7631.762,7347.0,0.10236676703423865,0.1088468631417615,0.10099002280200575,-0.0064800961075228425,0.0013767442322328988,7326.540944950464,7351.354030167946,20.45905504953589,-4.3540301679458935,-0.5471610850975418
2026-07-17,IM2608,2026-08-21,25.0,0.10245901639344263,7167.996,7118.8,0.08121659045232228,0.058741121543814515,0.07832081282807718,0.022475468908507767,0.002895777624245102,7135.212165249383,7120.912450839567,-16.41216524938318,-2.112450839566918,0.5998277763772722
2026-07-17,IM2609,2026-09-18,45.0,0.18442622950819673,7167.996,7065.2,0.09232287943058565,0.0874577322433232,0.09892906974884298,0.004865147187262442,-0.006606190318257335,7071.542171528561,7056.597321487561,-6.342171528561266,8.602678512438615,0.2210235737303954
2026-07-17,IM2612,2026-12-18,104.0,0.4262295081967213,7167.996,6866.0,0.11498883764141542,0.10410455365770317,0.10957940589133447,0.010884283983712245,0.005409431750080948,6897.926767980758,6881.848921763845,-31.926767980758086,-15.848921763845283,0.9135143319242864
2026-07-20,IM2608,2026-08-21,24.0,0.09836065573770492,6965.376,6910.0,0.09514984738541078,0.08515855590524946,0.09466122421173478,0.009991291480161327,0.0004886231736759977,6916.79414029705,6910.3321115345725,-6.794140297050035,-0.33211153457250475,0.2570303791260152
2026-07-20,IM2609,2026-09-18,44.0,0.18032786885245902,6965.376,6849.8,0.10678729527665662,0.10312711726640894,0.11062199331360131,0.0036601780102476777,-0.003834698036944695,6854.32258023989,6845.06498059499,-4.522580239889976,4.735019405010462,0.1630684360820934
2026-07-20,IM2612,2026-12-18,103.0,0.42213114754098363,6965.376,6650.6,0.12355011040814327,0.11147614790022177,0.11704140702359644,0.012073962507921504,0.0065087033845468295,6684.583278488922,6668.897824634544,-33.983278488921314,-18.29782463454376,1.0075119945030921
2026-07-20,IM2703,2027-03-19,168.0,0.6885245901639344,6965.376,6489.8,0.11671220141086625,0.11022377769694568,0.1148013037933189,0.006488423713920569,0.0019108976175473413,6518.857645735425,6498.34424945524,-29.057645735424558,-8.544249455239878,0.689322371894615
2026-07-21,IM2608,2026-08-21,23.0,0.0942622950819672,7259.863,7220.0,0.07241153374968765,0.09999336372840573,0.06961569758353274,-0.02758182997871808,0.0027958361661549053,7201.25291106215,7221.9030235135115,18.747088937850094,-1.9030235135114708,-0.6830343737321781
2026-07-21,IM2609,2026-09-18,43.0,0.1762295081967213,7259.863,7164.4,0.08911024062721659,0.11384524861558498,0.0960416864953223,-0.02473500798836839,-0.006931445868105707,7133.238073411898,7155.653847077317,31.161926588101778,8.746152922682995,-1.0816702045371787
2026-07-21,IM2612,2026-12-18,102.0,0.4180327868852459,7259.863,6971.4,0.11098974332277456,0.11846316576570717,0.10959275618592172,-0.007473422442932615,0.001396987136852837,6949.6543868078725,6975.472391965722,21.745613192127166,-4.07239196572209,-0.6260196700723899
2026-07-21,IM2703,2027-03-19,167.0,0.6844262295081968,7259.863,6800.4,0.10952457421273992,0.11565626959251062,0.10956902249833025,-0.0061316953797706936,-4.444828559033165e-05,6771.9206093383455,6800.193124285029,28.47939066165418,0.20687571497091994,-0.6593308049855506
2026-07-22,IM2608,2026-08-21,22.0,0.09016393442622951,7158.762,7091.2,0.11916934919098748,0.07774920033035979,0.11786693834244587,0.0414201488606277,0.0013024108485416158,7117.732333984622,7092.032771960213,-26.5323339846218,-0.8327719602129946,0.9859595632017556
2026-07-22,IM2609,2026-09-18,42.0,0.1721311475409836,7158.762,7028.8,0.12043667353163563,0.1009312829082267,0.12390341866880694,0.019505390623408933,-0.0034667451371713093,7052.43875365206,7024.606921508762,-23.638753652059677,4.193078491238339,0.8356762038944989
2026-07-22,IM2612,2026-12-18,101.0,0.4139344262295082,7158.762,6828.0,0.1282820047453621,0.11176022271099682,0.12293899320990712,0.016521782034365287,0.0053430115354549945,6874.856284757558,6843.117901636333,-46.85628475755766,-15.117901636333045,1.3784117779230325
2026-07-22,IM2703,2027-03-19,166.0,0.680327868852459,7158.762,6662.2,0.11966567084853189,0.11088763927751696,0.1184830658165166,0.008778031571014921,0.0011826050320152826,6702.105292811801,6667.562290894121,-39.90529281180079,-5.362290894121543,0.9446554147296247
2026-07-23,IM2608,2026-08-21,21.0,0.0860655737704918,7195.5,7136.4,0.10982673708390184,0.12012649127226555,0.10931345149111735,-0.010299754188363708,0.0005132855927844904,7130.076710929668,7136.7152661332175,6.323289070332066,-0.3152661332178468,-0.23531190073082303
2026-07-23,IM2609,2026-09-18,41.0,0.1680327868852459,7195.5,7071.6,0.11736713626146106,0.12520798188472337,0.12020021368958923,-0.007840845623262316,-0.002833077428128175,7062.289166585644,7068.234366725743,9.310833414356239,3.3656332742575614,-0.3288732253445146
2026-07-23,IM2612,2026-12-18,100.0,0.4098360655737705,7195.5,6876.4,0.12467979432065143,0.12346421987384387,0.12207378556928464,0.0012155744468075602,0.002606008751366795,6879.826581387496,6883.748168676017,-3.4265813874962987,-7.34816867601694,0.10085154305779263
2026-07-23,IM2703,2027-03-19,165.0,0.6762295081967213,7195.5,6699.0,0.11972973855077834,0.11877437938621528,0.11825554365635742,0.0009553591645630605,0.0014741948944209243,6703.329234029623,6705.681523330677,-4.329234029622967,-6.68152333067701,0.10265566543628568
2026-07-24,IM2608,2026-08-21,20.0,0.08196721311475409,6995.693,6944.4,0.10378095399112153,0.11282086705421418,0.10341938296174571,-0.009039913063092653,0.0003615710293758123,6939.256268855495,6944.605814021673,5.143731144504272,-0.2058140216731772,-0.19790832061830385
2026-07-24,IM2609,2026-09-18,40.0,0.16393442622950818,6995.693,6880.2,0.11554641137798653,0.12222609052609945,0.11842067753218387,-0.006679679148112919,-0.0028742661541973358,6872.670102420463,6876.958874147681,7.529897579536737,3.2411258523188735,-0.27410544408899135
2026-07-24,IM2612,2026-12-18,99.0,0.4057377049180328,6995.693,6685.0,0.12596510176534723,0.1229112466333261,0.12239940345036032,0.0030538551320211244,0.0035656983149869037,6693.288277786242,6694.678444606168,-8.288277786242361,-9.678444606168341,0.2518379691029698
2026-07-24,IM2703,2027-03-19,164.0,0.6721311475409836,6995.693,6512.6,0.12046123481840224,0.11873780221384021,0.11892770822336568,0.0017234326045620224,0.001533526595036555,6520.148389348993,6519.31619934896,-7.548389348992714,-6.71619934895989,0.1847906221431907
2026-07-27,IM2608,2026-08-21,19.0,0.0778688524590164,7228.785,7207.8,0.051334559212572656,0.10790778138951049,0.049265384286162894,-0.05657322217693783,0.0020691749264097614,7176.11737395474,7208.961445130159,31.682626045259894,-1.1614451301584268,-1.1848826641480035
2026-07-27,IM2609,2026-09-18,39.0,0.1598360655737705,7228.785,7148.8,0.08361170974499829,0.12099198175520874,0.0903377515442383,-0.03738027201021045,-0.0067260417992400096,7106.21529548911,7141.118711739909,42.58470451089033,7.6812882600916055,-1.499733893018986
2026-07-27,IM2612,2026-12-18,98.0,0.4016393442622951,7228.785,6951.0,0.11156374393504226,0.12346327682399444,0.1100837838856661,-0.01189953288895218,0.0014799600493761583,6917.858203323605,6955.1329734064075,33.14179667639473,-4.132973406407473,-0.9751864826226447
2026-07-27,IM2703,2027-03-19,163.0,0.6680327868852459,7228.785,6771.8,0.11175574354459397,0.11954603886992489,0.1109356156508261,-0.007790295325330918,0.0008201278937678691,6736.649926190707,6775.51109830454,35.150073809292735,-3.7110983045395187,-0.8333576079237925
2026-07-28,IM2608,2026-08-21,18.0,0.07377049180327869,7026.276,7001.4,0.06207757941968682,0.06015979139239379,0.059815873760538096,0.0019177880272930325,0.0022617056591487245,7002.390601299851,7002.568261015315,-0.9906012998517326,-1.168261015315693,0.03836001660627854
2026-07-28,IM2609,2026-09-18,38.0,0.1557377049180328,7026.276,6943.2,0.09037246481090214,0.09657911194345489,0.09560481560038095,-0.006206647132552756,-0.005232350789478812,6936.491883117734,6937.544469323729,6.70811688226604,5.655530676271155,-0.2432999279827912
2026-07-28,IM2612,2026-12-18,97.0,0.3975409836065574,7026.276,6754.6,0.11319249360375153,0.1127324202517657,0.11155709765701834,0.0004600733519858208,0.0016353959467331897,6755.835515901054,6758.9928426140805,-1.2355159010539865,-4.392842614080109,0.03746398706871783
2026-07-28,IM2703,2027-03-19,162.0,0.6639344262295082,7026.276,6586.0,0.11146542614125483,0.11252678576981882,0.11144065905708725,-0.0010613596285639904,2.4767084167584552e-05,6581.360657133313,6586.108299229128,4.639342866687002,-0.10829922912762413,-0.1132674470572541
2026-07-29,IM2608,2026-08-21,17.0,0.06967213114754098,7095.186,7090.2,0.0240897878496886,0.06903884449835607,0.018040666431411834,-0.04494905664866747,0.006049121418276765,7068.030377365583,7093.188831307757,22.169622634416555,-2.9888313077572093,-0.8570932372789142
2026-07-29,IM2609,2026-09-18,37.0,0.15163934426229508,7095.186,7047.2,0.05875191536053574,0.10080966544856335,0.0702331191970837,-0.042057750088027604,-0.011481203836547951,7002.398723692707,7034.941483296145,44.80127630729294,12.258516703855094,-1.60966308988101
2026-07-29,IM2612,2026-12-18,96.0,0.39344262295081966,7095.186,6883.0,0.0911698863464784,0.11372930314076192,0.09602873815189675,-0.022559416794283527,-0.004858851805418354,6822.177942620471,6869.854479711234,60.822057379528815,13.14552028876642,-1.8251366234135327
2026-07-29,IM2703,2027-03-19,161.0,0.6598360655737705,7095.186,6715.6,0.09732880029115204,0.11273516395050001,0.09934739015328205,-0.015406363659347971,-0.0020185898621300075,6647.677222474024,6706.661188824814,67.92277752597602,8.938811175185947,-1.6401890163166177
2026-07-30,IM2608,2026-08-21,16.0,0.06557377049180328,6900.658,6885.2,0.04819948164219152,0.03070068328964895,0.042720332449309575,0.017498798352542567,0.005479149192881942,6893.105041150833,6887.6742174373885,-7.905041150833313,-2.4742174373886883,0.3174873631180154
2026-07-30,IM2609,2026-09-18,36.0,0.14754098360655737,6900.658,6845.2,0.06869051687845171,0.07730958371090216,0.07923968761850697,-0.00861906683245045,-0.010549170740055264,6836.500727102353,6834.554177866013,8.699272897646551,10.645822133987167,-0.3218326469043088
2026-07-30,IM2612,2026-12-18,95.0,0.38934426229508196,6900.658,6690.0,0.09362848881467115,0.09898187858823651,0.09613534249726118,-0.005353389773565365,-0.0025068536825900295,6676.070477224201,6683.473550856432,13.929522775799342,6.526449143568243,-0.4302584806737906
2026-07-30,IM2703,2027-03-19,160.0,0.6557377049180327,6900.658,6527.8,0.0987088538926202,0.10112155886236746,0.09772013952689418,-0.0024127049697472563,0.0009887143657260206,6517.480522431783,6532.033588403457,10.319477568216826,-4.2335884034564515,-0.2562349412681489
2026-07-31,IM2608,2026-08-21,15.0,0.06147540983606557,7075.507,7043.4,0.08798232270284137,0.05130415950711205,0.08762775468572387,0.03667816319572932,0.0003545680171175014,7059.299412645641,7043.5535281715,-15.89941264564095,-0.15352817150051123,0.6319511437606619
2026-07-31,IM2609,2026-09-18,35.0,0.14344262295081966,7075.507,6987.8,0.10095693171679208,0.08396188079097082,0.10137795760425226,0.016995050925821265,-0.0004210258874601802,7004.855742357552,6987.37799813503,-17.055742357551935,0.4220018649702979,0.6186359626081613
2026-07-31,IM2612,2026-12-18,94.0,0.38524590163934425,7075.507,6830.6,0.10543921878042598,0.09807334692188871,0.10531883025202624,0.007365871858537265,0.00012038852839973968,6850.010529323119,6830.916805022409,-19.41052932311868,-0.3168050224085164,0.5880437812762545
2026-07-31,IM2703,2027-03-19,159.0,0.6516393442622951,7075.507,6666.0,0.10549097944833431,0.09887584526868425,0.10351624546813555,0.006615134179650067,0.001974733980198762,6694.797027022321,6674.58342595019,-28.797027022321345,-8.583425950189849,0.7008140684212303
2026-08-03,IM2608,2026-08-21,14.0,0.05737704918032787,7079.776,7067.8,0.043506767983990675,0.09091705060204305,0.04075205281970509,-0.04741028261805238,0.002754715164285583,7048.599857955768,7068.917206574868,19.200142044232052,-1.1172065748678506,-0.774138405801112
2026-08-03,IM2609,2026-09-18,34.0,0.13934426229508196,7079.776,7023.4,0.07137471628516362,0.10313679130269333,0.07877490362726507,-0.031762075017529715,-0.007400187342101447,6992.384081153338,7016.161387788955,31.015918846661407,7.23861221104471,-1.126187039777105
2026-08-03,IM2612,2026-12-18,93.0,0.38114754098360654,7079.776,6866.2,0.0943663721798718,0.1060042196971313,0.09520104854052693,-0.011637847517259492,-0.0008346763606551233,6835.810791955165,6864.01596997169,30.38920804483496,2.1840300283101897,-0.9227709494953804
2026-08-03,IM2703,2027-03-19,158.0,0.6475409836065574,7079.776,6701.0,0.09891431614067413,0.10390826213655885,0.0966588314338031,-0.0049939459958847215,0.002255484706871022,6679.3654083693245,6710.794086865219,21.63459163067546,-9.79408686521856,-0.5277490480493268
2026-08-04,IM2608,2026-08-21,13.0,0.05327868852459016,7279.193,7256.0,0.07389808854691593,0.04902484692303907,0.07055784280646069,0.024873241623876857,0.0033402457404552444,7265.622124834558,7257.291421058147,-9.622124834558235,-1.291421058146625,0.38408439036574754
2026-08-04,IM2609,2026-09-18,33.0,0.13524590163934427,7279.193,7211.4,0.08318433089407495,0.08318609072274694,0.09121683337867749,-1.759828671982211e-06,-0.008032502484602536,7211.398283617663,7203.570055417758,0.0017163823367809528,7.829944582241296,-6.072819918533602e-05
2026-08-04,IM2612,2026-12-18,92.0,0.3770491803278688,7279.193,7048.8,0.09930084806813373,0.09696186722600698,0.09862518378329192,0.0023389808421267477,0.0006756642848418093,7055.019154879649,7050.59597163623,-6.219154879649068,-1.795971636230206,0.1841761089887448
2026-08-04,IM2703,2027-03-19,157.0,0.6434426229508197,7279.193,6884.4,0.10066199597771822,0.09769993399404157,0.09809642594608595,0.002962061983676642,0.0025655700316322694,6897.533606333157,6895.774133237787,-13.133606333157331,-11.374133237787646,0.3122383679485091
2026-08-05,IM2608,2026-08-21,12.0,0.04918032786885246,7493.048,7479.2,0.051613066560539565,0.07496400287424296,0.049171460130738635,-0.023350936313703392,0.00244160642980093,7470.615766618813,7480.098148815611,8.584233381187005,-0.898148815611421,-0.34024432052536974
2026-08-05,IM2609,2026-09-18,32.0,0.13114754098360656,7493.048,7433.8,0.07453098048661323,0.0935147368594776,0.08171176027870829,-0.01898375637286437,-0.0071807797920950545,7415.315289089021,7426.8025766036835,18.48471091097963,6.9974233963166625,-0.6369894429085465
2026-08-05,IM2612,2026-12-18,91.0,0.3729508196721312,7493.048,7269.0,0.0953965950383436,0.09951464819856905,0.09449139175300343,-0.0041180531602254405,0.0009052032853401754,7257.844610859632,7271.454401832496,11.155389140368243,-2.4544018324959325,-0.32198253449219183
2026-08-05,IM2703,2027-03-19,156.0,0.639344262295082,7493.048,7100.0,0.09827521207413485,0.09861189071501551,0.0952771384154117,-0.000336678640880661,0.0029980736587231493,7098.471864217513,7113.622339948536,1.5281357824869701,-13.622339948536137,-0.03540012269229077
2026-08-06,IM2608,2026-08-21,11.0,0.045081967213114756,7530.425,7508.6,0.07838163666567526,0.055725271116373286,0.07862296707369168,0.02265636554930197,-0.00024133040801642414,7516.2731534383665,7508.518309507835,-7.673153438366171,0.08169049216576241,0.3107993285677394
2026-08-06,IM2609,2026-09-18,31.0,0.12704918032786885,7530.425,7451.8,0.09661263196262614,0.08508699321386798,0.09880943282209788,0.011525638748758157,-0.0021968008594717425,7462.71983493317,7449.720479802594,-10.919834933170023,2.0795201974060546,0.37569741377440596
2026-08-06,IM2612,2026-12-18,90.0,0.36885245901639346,7530.425,7269.0,0.10979101279099811,0.09579596789149505,0.10452670763414405,0.013995044899503054,0.005264305156854054,7306.620370429056,7283.128306970851,-37.62037042905558,-14.128306970850645,1.0864141771877802
2026-08-06,IM2703,2027-03-19,155.0,0.6352459016393442,7530.425,7087.8,0.10935911174776605,0.09603970357106753,0.10297585395286846,0.013319408176698522,0.0063832577948975955,7148.025006319018,7116.598941566381,-60.225006319017666,-28.798941566380563,1.3968804491620501
2026-08-07,IM2608,2026-08-21,10.0,0.040983606557377046,7679.529,7655.6,0.09014778772054442,0.08264561819008966,0.09122354413637865,0.007502169530454766,-0.0010757564158342253,7657.954198336161,7655.262484456006,-2.354198336161062,0.33751554399441375,0.09666266236298537
2026-08-07,IM2609,2026-09-18,30.0,0.12295081967213115,7679.529,7590.6,0.10873363023079351,0.10082319871917743,0.10816334527092425,0.007910431511616078,0.0005702849598692578,7597.9861635943225,7591.132248784593,-7.38616359432217,-0.5322487845924115,0.25024756264905296
2026-08-07,IM2612,2026-12-18,89.0,0.36475409836065575,7679.529,7400.0,0.11565263971112077,0.10526974417037363,0.11132576343698146,0.010382895540747145,0.004326876274139316,7428.078443221405,7411.6882403525715,-28.078443221404996,-11.688240352571484,0.8001400386656504
2026-08-07,IM2703,2027-03-19,154.0,0.6311475409836066,7679.529,7217.0,0.11242209472445973,0.10339520069340843,0.10855982230592262,0.009026894031051294,0.0038622724185371077,7258.2347802805325,7234.61407908721,-41.234780280532505,-17.614079087209575,0.9442461317339327
2026-08-10,IM2608,2026-08-21,9.0,0.036885245901639344,7733.9,7682.8,0.19372495427566483,0.09454090923642505,0.194338090876863,0.09918404503923978,-0.0006131366011981609,7710.9584462156035,7682.6262501085275,-28.158446215603362,0.17374989147265296,1.1974126420763436
2026-08-10,IM2609,2026-09-18,29.0,0.11885245901639344,7733.9,7607.2,0.15297984169013204,0.10977700344454366,0.1515726779145064,0.043202838245588376,0.001407163775625636,7646.361630180573,7608.472371608736,-39.16163018057341,-1.2723716087357388,1.3250462718844127
2026-08-10,IM2612,2026-12-18,88.0,0.36065573770491804,7733.9,7413.2,0.1314279619400136,0.1118934737233567,0.12890154754283034,0.019534488216656903,0.002526414397183263,7465.612074531599,7419.957732905794,-52.4120745315995,-6.7577329057940005,1.4942391476544366
2026-08-10,IM2703,2027-03-19,153.0,0.6270491803278688,7733.9,7220.0,0.12365377586649864,0.10886827043709883,0.12011883565577534,0.014785505429399812,0.0035349402107233002,7287.249607903166,7236.021467314207,-67.24960790316618,-16.021467314207257,1.5425612835635825
2026-08-11,IM2608,2026-08-21,8.0,0.03278688524590164,7698.048,7684.4,0.0681219589012424,0.18717774758791583,0.07014487498983837,-0.11905578868667344,-0.0020229160885959774,7654.4626545558085,7683.890348167407,29.937345444191124,0.5096518325926809,-1.3433890942733577
2026-08-11,IM2609,2026-09-18,28.0,0.11475409836065574,7698.048,7613.2,0.11058223588323743,0.14799952936900876,0.10788789314584031,-0.03741729348577133,0.002694342737397118,7580.58061536913,7615.554265425364,32.61938463086972,-2.3542654253642468,-1.1114014782879698
2026-08-11,IM2612,2026-12-18,87.0,0.35655737704918034,7698.048,7412.2,0.12012457162333745,0.12749098099517966,0.11740061490816751,-0.007366409371842214,0.0027239567151699368,7392.757048946338,7419.402573159323,19.442951053662,-7.2025731593230375,-0.5592256854623008
2026-08-11,IM2703,2027-03-19,152.0,0.6229508196721312,7698.048,7219.6,0.11700530715048241,0.11925369090884991,0.11481809628853996,-0.0022483837583675004,0.002187210861942443,7209.495071862737,7229.44358858453,10.104928137263414,-9.843588584529243,-0.23394955539756268
2026-08-12,IM2608,2026-08-21,7.0,0.028688524590163935,7793.717,7754.4,0.19028902675355902,0.0767247416872255,0.18939352786790656,0.11356428506633352,0.0008954988856524626,7779.704970805377,7754.599217296334,-25.304970805377707,-0.19921729633460927,1.1946333331994257
2026-08-12,IM2609,2026-09-18,27.0,0.11065573770491803,7793.717,7677.4,0.14988945690830652,0.11099167407316299,0.15169316919004566,0.03889778283514353,-0.0018037122817391449,7710.516768149618,7675.867812098585,-33.11676814961811,1.5321879014145452,1.117663451163552
2026-08-12,IM2612,2026-12-18,86.0,0.3524590163934426,7793.717,7473.6,0.1329956379573279,0.1184856708011912,0.1317236931387918,0.014509967156136713,0.0012719448185361248,7511.919153372624,7476.9512289410295,-38.31915337262399,-3.3512289410291487,1.0930799002714284
2026-08-12,IM2703,2027-03-19,151.0,0.6188524590163934,7793.717,7281.2,0.12391668772515628,0.11541897236920494,0.12312611367121314,0.00849771535595134,0.0007905740539431438,7319.591466539077,7284.763189186665,-38.391466539077555,-3.563189186665113,0.8818301403276856
2026-08-13,IM2608,2026-08-21,6.0,0.02459016393442623,7715.895,7709.4,0.04824634869018499,0.1836429692530084,0.051272245627273214,-0.13539662056282342,-0.0030258969370882266,7683.774812409124,7708.826385688842,25.625187590875612,0.5736143111580532,-1.3243723141045676
2026-08-13,IM2609,2026-09-18,26.0,0.10655737704918032,7715.895,7634.2,0.11389298341821853,0.14891610340668987,0.10660717002119768,-0.03502311998847134,0.007285813397020849,7605.762477889667,7640.1291671488925,28.437522110332793,-5.929167148892702,-0.972326833790304
2026-08-13,IM2612,2026-12-18,85.0,0.3483606557377049,7715.895,7433.6,0.12099320562167855,0.1306393027103388,0.12047027988309489,-0.009646097088660252,0.00052292573858366,7408.662642216999,7434.954278125032,24.93735778300106,-1.3542781250316693,-0.7209923935768061
2026-08-13,IM2703,2027-03-19,150.0,0.6147540983606558,7715.895,7238.2,0.11796015306267237,0.12245430856530592,0.11801498725358195,-0.0044941555026335595,-5.4834190909583413e-05,7218.229896728737,7237.956007694031,19.970103271262815,0.24399230596918642,-0.4651001994606553
2026-08-14,IM2609,2026-09-18,25.0,0.10245901639344263,7769.82,7650.2,0.16542841837290354,0.11057114370750712,0.16409865666076368,0.054857274665396416,0.0013297617121398597,7693.319952484197,7651.2423807472815,-43.1199524841968,-1.0423807472816407,1.4696747874040748
2026-08-14,IM2612,2026-12-18,84.0,0.3442622950819672,7769.82,7442.4,0.13906051702696887,0.1218150709785667,0.13868632211602797,0.01724544604840217,0.0003741949109409004,7486.716630348866,7443.358800645909,-44.316630348866056,-0.9588006459089229,1.2787471198414304
2026-08-14,IM2703,2027-03-19,149.0,0.610655737704918,7769.82,7245.6,0.1283895090087668,0.1187566460414351,0.1286186253904625,0.009632862967331707,-0.00022911638169570425,7288.346852645582,7244.58633008312,-42.746852645581384,1.0136699168806445,0.9941534157148304
2026-08-17,IM2609,2026-09-18,24.0,0.09836065573770492,7968.383,7875.0,0.13384875045890568,0.1605282500728593,0.1347864262793584,-0.026679499613953633,-0.0009376758204527325,7854.361413888077,7874.273719025628,20.63858611192336,0.7262809743715479,-0.685424484725517
2026-08-17,IM2612,2026-12-18,83.0,0.3401639344262295,7968.383,7657.8,0.13087555951125734,0.1373477426864564,0.13013825609710075,-0.006472183175199042,0.0007373034141565926,7640.959107585806,7659.720847970797,16.84089241419406,-1.9208479707967854,-0.4757657860115699
2026-08-17,IM2703,2027-03-19,148.0,0.6065573770491803,7968.383,7452.0,0.12445803116397482,0.12779991059735438,0.12390670318167979,-0.0033418794333795604,0.0005513279822950273,7436.90978523522,7454.49245536296,15.090214764780285,-2.492455362959845,-0.34223137278415805
2026-08-18,IM2609,2026-09-18,23.0,0.0942622950819672,7945.964,7807.0,0.20117303294199965,0.1351737424624729,0.20019355956923054,0.06599929047952674,0.0009794733727691018,7855.720650951754,7807.720833350776,-48.72065095175367,-0.7208333507760472,1.6323505734874866
2026-08-18,IM2612,2026-12-18,82.0,0.3360655737704918,7945.964,7586.8,0.1516345430260506,0.1301902085608736,0.14992032793874419,0.02144433446517699,0.0017142150873064033,7641.67330131568,7591.171928762183,-54.87330131567978,-4.371928762182506,1.5597598223129001
2026-08-18,IM2703,2027-03-19,147.0,0.6024590163934426,7945.964,7386.2,0.13525427704295578,0.12389329195116248,0.13544582939574915,0.0113609850917933,-0.00019155235279336158,7436.928460140599,7385.34766366431,-50.728460140599054,0.8523363356898699,1.154443331787746
2026-08-19,IM2609,2026-09-18,22.0,0.09016393442622951,7517.768,7468.8,0.08647844458305093,0.1922606111144538,0.08834947963399412,-0.10578216653140288,-0.0018710350509431872,7397.903189911106,7467.54012059773,70.8968100888942,1.2598794022705988,-2.5151162097262953
2026-08-19,IM2612,2026-12-18,81.0,0.3319672131147541,7517.768,7265.6,0.11677642696419757,0.14714504278274942,0.11686825268271536,-0.030368615818551853,-9.182571851779064e-05,7192.7206704254295,7265.378525161798,72.87932957457087,0.22147483820208436,-2.188550214735799
2026-08-19,IM2703,2027-03-19,146.0,0.5983606557377049,7517.768,7077.6,0.11483286330603124,0.1338069759972658,0.11632277033780833,-0.018974112691234557,-0.0014899070317770935,6997.699867321846,7071.293118940118,79.90013267815448,6.306881059882471,-1.9192484480787766
2026-08-20,IM2609,2026-09-18,21.0,0.0860655737704918,7589.779,7516.2,0.12719023624922118,0.09464686113607879,0.1263760541262103,0.0325433751131424,0.0008141821230108759,7537.281365126751,7516.726701523791,-21.081365126750825,-0.5267015237914165,0.7427170128583295
2026-08-20,IM2612,2026-12-18,80.0,0.32786885245901637,7589.779,7313.4,0.1271372850399049,0.1188777999901216,0.12681075890561944,0.0082594850497833,0.0003265261342854653,7333.231731456811,7314.1829980533985,-19.831731456811212,-0.7829980533988419,0.5899616057566525
2026-08-20,IM2703,2027-03-19,145.0,0.5942622950819673,7589.779,7128.2,0.11958254512705582,0.11742772414641242,0.12154296924435039,0.0021548209806434016,-0.0019604241172945652,7137.333712573367,7119.900438725125,-9.13371257336712,8.299561274874577,0.21719101094407864
2026-08-21,IM2609,2026-09-18,20.0,0.08196721311475409,7601.804,7527.0,0.13464618422090385,0.12758618423001256,0.13525592717192114,0.007059999990891297,-0.0006097429510172891,7531.357049084531,7526.62381799146,-4.357049084531354,0.37618200854012684,0.15441612961584697
2026-08-21,IM2612,2026-12-18,79.0,0.3237704918032787,7601.804,7314.6,0.13295227546645466,0.12712262354935938,0.13082943800919636,0.00582965191709528,0.002122837457258303,7328.419120189205,7319.629141385167,-13.819120189205023,-5.02914138516644,0.41271175637014357
2026-08-21,IM2703,2027-03-19,144.0,0.5901639344262295,7601.804,7117.0,0.12566270147098438,0.12167747978042114,0.12447533658217862,0.003985221690563243,0.0011873648888057614,7133.758414696939,7121.988913874407,-16.758414696939326,-4.988913874407444,0.40037470222555605
